date,price,target,weight,cost,daily_return,equity,strategy,path
2021-01-04,405.4847567784479,0.0,0.0,0.0,0.0,1.0,策略1 价格通道突破,招商银行积存金代理
2021-01-05,404.31768755250744,0.0,0.0,0.0,-0.0,1.0,策略1 价格通道突破,招商银行积存金代理
2021-01-06,406.19632022184817,0.0,0.0,0.0,0.0,1.0,策略1 价格通道突破,招商银行积存金代理
2021-01-07,396.9562914609183,0.0,0.0,0.0,-0.0,1.0,策略1 价格通道突破,招商银行积存金代理
2021-01-08,393.8572043869013,0.0,0.0,0.0,-0.0,1.0,策略1 价格通道突破,招商银行积存金代理
2021-01-11,384.6261768851223,0.0,0.0,0.0,-0.0,1.0,策略1 价格通道突破,招商银行积存金代理
2021-01-12,387.8739887296311,0.0,0.0,0.0,0.0,1.0,策略1 价格通道突破,招商银行积存金代理
2021-01-13,384.90475957379266,0.0,0.0,0.0,-0.0,1.0,策略1 价格通道突破,招商银行积存金代理
2021-01-14,382.62271580005466,0.0,0.0,0.0,-0.0,1.0,策略1 价格通道突破,招商银行积存金代理
2021-01-15,385.8139993755682,0.0,0.0,0.0,0.0,1.0,策略1 价格通道突破,招商银行积存金代理
2021-01-18,382.06165997835865,0.0,0.0,0.0,-0.0,1.0,策略1 价格通道突破,招商银行积存金代理
2021-01-19,384.66114202700635,0.0,0.0,0.0,0.0,1.0,策略1 价格通道突破,招商银行积存金代理
2021-01-20,386.2562847749888,0.0,0.0,0.0,0.0,1.0,策略1 价格通道突破,招商银行积存金代理
2021-01-21,388.22363160852206,0.0,0.0,0.0,0.0,1.0,策略1 价格通道突破,招商银行积存金代理
2021-01-22,385.06470438686625,0.0,0.0,0.0,-0.0,1.0,策略1 价格通道突破,招商银行积存金代理
2021-01-25,386.6375723541742,0.0,0.0,0.0,0.0,1.0,策略1 价格通道突破,招商银行积存金代理
2021-01-26,386.0123810444417,0.0,0.0,0.0,-0.0,1.0,策略1 价格通道突破,招商银行积存金代理
2021-01-27,383.70550726736616,0.0,0.0,0.0,-0.0,1.0,策略1 价格通道突破,招商银行积存金代理
2021-01-28,383.3910710344138,0.0,0.0,0.0,-0.0,1.0,策略1 价格通道突破,招商银行积存金代理
2021-01-29,384.1033848075931,0.0,0.0,0.0,0.0,1.0,策略1 价格通道突破,招商银行积存金代理
2021-02-01,383.87054595944335,0.0,0.0,0.0,-0.0,1.0,策略1 价格通道突破,招商银行积存金代理
2021-02-02,384.0766649449621,0.0,0.0,0.0,0.0,1.0,策略1 价格通道突破,招商银行积存金代理
2021-02-03,380.84349878292,0.0,0.0,0.0,-0.0,1.0,策略1 价格通道突破,招商银行积存金代理
2021-02-04,376.20114509575444,0.0,0.0,0.0,-0.0,1.0,策略1 价格通道突破,招商银行积存金代理
2021-02-05,376.24681559817947,0.0,0.0,0.0,0.0,1.0,策略1 价格通道突破,招商银行积存金代理
2021-02-08,376.6005244760012,0.0,0.0,0.0,0.0,1.0,策略1 价格通道突破,招商银行积存金代理
2021-02-09,382.8046103023328,0.0,0.0,0.0,0.0,1.0,策略1 价格通道突破,招商银行积存金代理
2021-02-10,381.34404446374486,0.0,0.0,0.0,-0.0,1.0,策略1 价格通道突破,招商银行积存金代理
2021-02-11,382.34392280984383,0.0,0.0,0.0,0.0,1.0,策略1 价格通道突破,招商银行积存金代理
2021-02-12,377.40618173472996,0.0,0.0,0.0,-0.0,1.0,策略1 价格通道突破,招商银行积存金代理
2021-02-15,377.30953060256866,0.0,0.0,0.0,-0.0,1.0,策略1 价格通道突破,招商银行积存金代理
2021-02-16,378.55515341673987,0.0,0.0,0.0,0.0,1.0,策略1 价格通道突破,招商银行积存金代理
2021-02-17,371.3663027582873,0.0,0.0,0.0,-0.0,1.0,策略1 价格通道突破,招商银行积存金代理
2021-02-18,370.13898999567067,0.0,0.0,0.0,-0.0,1.0,策略1 价格通道突破,招商银行积存金代理
2021-02-19,369.9480508131832,0.0,0.0,0.0,-0.0,1.0,策略1 价格通道突破,招商银行积存金代理
2021-02-22,375.09172161822,0.0,0.0,0.0,0.0,1.0,策略1 价格通道突破,招商银行积存金代理
2021-02-23,376.0023178922969,0.0,0.0,0.0,0.0,1.0,策略1 价格通道突破,招商银行积存金代理
2021-02-24,375.52896420816705,0.0,0.0,0.0,-0.0,1.0,策略1 价格通道突破,招商银行积存金代理
2021-02-25,371.97762191600265,0.0,0.0,0.0,-0.0,1.0,策略1 价格通道突破,招商银行积存金代理
2021-02-26,366.24853256017377,0.0,0.0,0.0,-0.0,1.0,策略1 价格通道突破,招商银行积存金代理
2021-03-01,363.8360922504404,0.0,0.0,0.0,-0.0,1.0,策略1 价格通道突破,招商银行积存金代理
2021-03-02,359.17661010706183,0.0,0.0,0.0,-0.0,1.0,策略1 价格通道突破,招商银行积存金代理
2021-03-03,359.22511682034656,0.0,0.0,0.0,0.0,1.0,策略1 价格通道突破,招商银行积存金代理
2021-03-04,355.54069325141893,0.0,0.0,0.0,-0.0,1.0,策略1 价格通道突破,招商银行积存金代理
2021-03-05,352.7498641914841,0.0,0.0,0.0,-0.0,1.0,策略1 价格通道突破,招商银行积存金代理
2021-03-08,353.8716503202798,0.0,0.0,0.0,0.0,1.0,策略1 价格通道突破,招商银行积存金代理
2021-03-09,357.2081420610996,0.0,0.0,0.0,0.0,1.0,策略1 价格通道突破,招商银行积存金代理
2021-03-10,357.97716216134825,0.0,0.0,0.0,0.0,1.0,策略1 价格通道突破,招商银行积存金代理
2021-03-11,363.1357082854339,0.0,0.0,0.0,0.0,1.0,策略1 价格通道突破,招商银行积存金代理
2021-03-12,355.68686334118684,0.0,0.0,0.0,-0.0,1.0,策略1 价格通道突破,招商银行积存金代理
2021-03-15,361.0129503558225,0.0,0.0,0.0,0.0,1.0,策略1 价格通道突破,招商银行积存金代理
2021-03-16,361.9545310865015,0.0,0.0,0.0,0.0,1.0,策略1 价格通道突破,招商银行积存金代理
2021-03-17,363.2667827275873,0.0,0.0,0.0,0.0,1.0,策略1 价格通道突破,招商银行积存金代理
2021-03-18,362.5369301068736,0.0,0.0,0.0,-0.0,1.0,策略1 价格通道突破,招商银行积存金代理
2021-03-19,363.30788225488817,0.0,0.0,0.0,0.0,1.0,策略1 价格通道突破,招商银行积存金代理
2021-03-22,362.18995059856235,0.0,0.0,0.0,-0.0,1.0,策略1 价格通道突破,招商银行积存金代理
2021-03-23,363.8204918374293,0.0,0.0,0.0,0.0,1.0,策略1 价格通道突破,招商银行积存金代理
2021-03-24,363.2122150681638,0.0,0.0,0.0,-0.0,1.0,策略1 价格通道突破,招商银行积存金代理
2021-03-25,362.17963820526893,0.0,0.0,0.0,-0.0,1.0,策略1 价格通道突破,招商银行积存金代理
2021-03-26,363.57454233313547,0.0,0.0,0.0,0.0,1.0,策略1 价格通道突破,招商银行积存金代理
2021-03-29,364.0785934108927,0.0,0.0,0.0,0.0,1.0,策略1 价格通道突破,招商银行积存金代理
2021-03-30,358.44918367075667,0.0,0.0,0.0,-0.0,1.0,策略1 价格通道突破,招商银行积存金代理
2021-03-31,354.9784753779204,0.0,0.0,0.0,-0.0,1.0,策略1 价格通道突破,招商银行积存金代理
2021-04-01,361.49762125139074,0.0,0.0,0.0,0.0,1.0,策略1 价格通道突破,招商银行积存金代理
2021-04-06,363.8972648372546,0.0,0.0,0.0,0.0,1.0,策略1 价格通道突破,招商银行积存金代理
2021-04-07,365.0773796437085,0.0,0.0,0.0,0.0,1.0,策略1 价格通道突破,招商银行积存金代理
2021-04-08,367.20124267857994,0.0,0.0,0.0,0.0,1.0,策略1 价格通道突破,招商银行积存金代理
2021-04-09,368.0962391122463,0.0,0.0,0.0,0.0,1.0,策略1 价格通道突破,招商银行积存金代理
2021-04-12,366.6308968108243,0.0,0.0,0.0,-0.0,1.0,策略1 价格通道突破,招商银行积存金代理
2021-04-13,363.5049354881908,0.0,0.0,0.0,-0.0,1.0,策略1 价格通道突破,招商银行积存金代理
2021-04-14,365.8895379162429,0.0,0.0,0.0,0.0,1.0,策略1 价格通道突破,招商银行积存金代理
2021-04-15,366.493822922284,0.0,0.0,0.0,0.0,1.0,策略1 价格通道突破,招商银行积存金代理
2021-04-16,370.36213587017653,0.0,0.0,0.0,0.0,1.0,策略1 价格通道突破,招商银行积存金代理
2021-04-19,374.2743169725013,0.0,0.0,0.0,0.0,1.0,策略1 价格通道突破,招商银行积存金代理
2021-04-20,368.86877935829887,0.0,0.0,0.0,-0.0,1.0,策略1 价格通道突破,招商银行积存金代理
2021-04-21,371.63093266634445,0.0,0.0,0.0,0.0,1.0,策略1 价格通道突破,招商银行积存金代理
2021-04-22,372.6080074041184,0.0,0.0,0.0,0.0,1.0,策略1 价格通道突破,招商银行积存金代理
2021-04-23,372.5349736054504,0.0,0.0,0.0,-0.0,1.0,策略1 价格通道突破,招商银行积存金代理
2021-04-26,371.024126241769,0.0,0.0,0.0,-0.0,1.0,策略1 价格通道突破,招商银行积存金代理
2021-04-27,371.1473151986452,0.0,0.0,0.0,0.0,1.0,策略1 价格通道突破,招商银行积存金代理
2021-04-28,367.41832459063767,0.0,0.0,0.0,-0.0,1.0,策略1 价格通道突破,招商银行积存金代理
2021-04-29,369.2228728926116,0.0,0.0,0.0,0.0,1.0,策略1 价格通道突破,招商银行积存金代理
2021-04-30,368.0057575141303,0.0,0.0,0.0,-0.0,1.0,策略1 价格通道突破,招商银行积存金代理
2021-05-04,371.4576360065845,0.0,0.0,0.0,0.0,1.0,策略1 价格通道突破,招商银行积存金代理
2021-05-05,370.03315777789163,0.0,0.0,0.0,-0.0,1.0,策略1 价格通道突破,招商银行积存金代理
2021-05-06,372.6106672915695,0.0,0.0,0.0,0.0,1.0,策略1 价格通道突破,招商银行积存金代理
2021-05-07,378.29390726057625,0.0,0.0,0.0,0.0,1.0,策略1 价格通道突破,招商银行积存金代理
2021-05-10,378.2939097058182,0.0,0.0,0.0,0.0,1.0,策略1 价格通道突破,招商银行积存金代理
2021-05-11,379.6923168535966,0.0,0.0,0.0,0.0,1.0,策略1 价格通道突破,招商银行积存金代理
2021-05-12,380.54443733843283,0.0,0.0,0.0,0.0,1.0,策略1 价格通道突破,招商银行积存金代理
2021-05-13,376.28809430039365,0.0,0.0,0.0,-0.0,1.0,策略1 价格通道突破,招商银行积存金代理
2021-05-14,380.270198368391,0.0,0.0,0.0,0.0,1.0,策略1 价格通道突破,招商银行积存金代理
2021-05-17,382.6160933995321,0.0,0.0,0.0,0.0,1.0,策略1 价格通道突破,招商银行积存金代理
2021-05-18,385.69807695190525,0.0,0.0,0.0,0.0,1.0,策略1 价格通道突破,招商银行积存金代理
2021-05-19,384.75570127842906,0.0,0.0,0.0,-0.0,1.0,策略1 价格通道突破,招商银行积存金代理
2021-05-20,386.68380441829777,0.0,0.0,0.0,0.0,1.0,策略1 价格通道突破,招商银行积存金代理
2021-05-21,388.4006982994179,0.0,0.0,0.0,0.0,1.0,策略1 价格通道突破,招商银行积存金代理
2021-05-25,388.01924911196807,0.0,0.0,0.0,-0.0,1.0,策略1 价格通道突破,招商银行积存金代理
2021-05-26,391.2684690586442,0.0,0.0,0.0,0.0,1.0,策略1 价格通道突破,招商银行积存金代理
2021-05-27,388.8378498627415,0.0,0.0,0.0,-0.0,1.0,策略1 价格通道突破,招商银行积存金代理
2021-05-28,388.30436609733,0.0,0.0,0.0,-0.0,1.0,策略1 价格通道突破,招商银行积存金代理
2021-06-01,391.35372809823957,0.55,0.55,0.0035134455130445075,-0.0035134455130445075,0.9964865544869553,策略1 价格通道突破,招商银行积存金代理
2021-06-02,388.8964323243214,0.55,0.55,0.0,-0.0034534299244384174,0.9930452580003895,策略1 价格通道突破,招商银行积存金代理
2021-06-04,383.49138934117565,0.55,0.55,0.0,-0.007644126799936774,0.9854542941301586,策略1 价格通道突破,招商银行积存金代理
2021-06-07,387.0357063113654,0.55,0.55,0.0,0.005083228431682152,0.9904635834162043,策略1 价格通道突破,招商银行积存金代理
2021-06-08,389.28682638164935,0.55,0.55,0.0,0.00319897109870303,0.9936320477938707,策略1 价格通道突破,招商银行积存金代理
2021-06-09,388.16749584225494,0.55,0.55,0.0,-0.0015814349598960665,0.9920606833362163,策略1 价格通道突破,招商银行积存金代理
2021-06-10,386.7834107426536,0.55,0.55,0.0,-0.001961129700283049,0.9901151236656426,策略1 价格通道突破,招商银行积存金代理
2021-06-11,388.8283070959423,0.55,0.55,0.0,0.0029078108395323436,0.9929941911546226,策略1 价格通道突破,招商银行积存金代理
2021-06-14,382.5036338079609,0.55,0.55,0.0,-0.008946288747263043,0.9841105783961984,策略1 价格通道突破,招商银行积存金代理
2021-06-15,383.8143149659491,0.55,0.55,0.0,0.0018846216693864106,0.9859652545173163,策略1 价格通道突破,招商银行积存金代理
2021-06-16,382.13438872580934,0.55,0.55,0.0,-0.0024073084198509677,0.9835917320584364,策略1 价格通道突破,招商银行积存金代理
2021-06-17,374.5189064577432,0.55,0.55,0.0,-0.010960843543556998,0.9728107369726077,策略1 价格通道突破,招商银行积存金代理
2021-06-18,371.53394879730786,0.55,0.55,0.0,-0.00438356164383561,0.968546361139303,策略1 价格通道突破,招商银行积存金代理
2021-06-21,370.5419631970917,0.55,0.55,0.0,-0.00146848513274499,0.9671240652075958,策略1 价格通道突破,招商银行积存金代理
2021-06-22,370.6692250049419,0.55,0.55,0.0,0.0001888962688967322,0.9673067513350737,策略1 价格通道突破,招商银行积存金代理
2021-06-23,371.04249993093725,0.55,0.55,0.0,0.0005538663461869709,0.9678425099910777,策略1 价格通道突破,招商银行积存金代理
2021-06-24,370.3661368923595,0.55,0.55,0.0,-0.0010025796809987775,0.9668721707561537,策略1 价格通道突破,招商银行积存金代理
2021-06-25,371.00068172862603,0.55,0.55,0.0,0.0009423098528255181,0.9677832639290802,策略1 价格通道突破,招商银行积存金代理
2021-06-28,368.22125559237594,0.55,0.55,0.0,-0.0041204354876515584,0.9637955754240316,策略1 价格通道突破,招商银行积存金代理
2021-06-29,367.71135769119013,0.55,0.55,0.0,-0.0007616177539806091,0.9630615316025807,策略1 价格通道突破,招商银行积存金代理
2021-06-30,364.8694533054996,0.55,0.55,0.0,-0.004250745535694012,0.9589678020965223,策略1 价格通道突破,招商银行积存金代理
2021-07-01,368.8823034473693,0.55,0.55,0.0,0.006048923959058883,0.96476852541059,策略1 价格通道突破,招商银行积存金代理
2021-07-02,370.85771600810773,0.55,0.55,0.0,0.00294532130777897,0.9676100787055564,策略1 价格通道突破,招商银行积存金代理
2021-07-05,372.13047855978397,0.55,0.55,0.0,0.0018875686636829815,0.9694365091687848,策略1 价格通道突破,招商银行积存金代理
2021-07-06,376.52089299598396,0.55,0.55,0.0,0.006488928155671292,0.9757271130282659,策略1 价格通道突破,招商银行积存金代理
2021-07-07,375.3986670218161,0.55,0.55,0.0,-0.0016392829648338215,0.9741276201935521,策略1 价格通道突破,招商银行积存金代理
2021-07-08,377.67138745434397,0.55,0.55,0.0,0.003329783368190986,0.977371254141768,策略1 价格通道突破,招商银行积存金代理
2021-07-09,376.24227600340504,0.55,0.55,0.0,-0.0020812042535560795,0.9753371449303445,策略1 价格通道突破,招商银行积存金代理
2021-07-12,375.307874854208,0.55,0.55,0.0,-0.001365930053149339,0.9740049026121314,策略1 价格通道突破,招商银行积存金代理
2021-07-13,375.9152177579718,0.55,0.55,0.0,0.0008900388706200802,0.9748718048356306,策略1 价格通道突破,招商银行积存金代理
2021-07-14,377.04309222268233,0.55,0.55,0.0,0.0016501884634800958,0.9764805270413424,策略1 价格通道突破,招商银行积存金代理
2021-07-15,380.50098369314,0.55,0.55,0.0,0.005044092699166847,0.9814059853386701,策略1 价格通道突破,招商银行积存金代理
2021-07-16,378.42401325813375,0.55,0.55,0.0,-0.003002183406113529,0.9784596245748257,策略1 价格通道突破,招商银行积存金代理
2021-07-19,376.22837031707894,0.55,0.55,0.0,-0.0031911389744614387,0.975337223931908,策略1 价格通道突破,招商银行积存金代理
2021-07-20,378.421482366778,0.55,0.55,0.0,0.0032060623878998776,0.9784642159210748,策略1 价格通道突破,招商银行积存金代理
2021-07-21,375.4807023302914,0.55,0.55,0.0,-0.004274146937831453,0.9742821160888181,策略1 价格通道突破,招商银行积存金代理
2021-07-22,373.86941024160507,0.55,0.55,0.0,-0.002360202916628024,0.9719826125968068,策略1 价格通道突破,招商银行积存金代理
2021-07-23,375.0446423367786,0.55,0.55,0.0,0.001728886168910593,0.9736630598921471,策略1 价格通道突破,招商银行积存金代理
2021-07-26,376.8030766552869,0.55,0.55,0.0,0.002578730012389008,0.9761738740466455,策略1 价格通道突破,招商银行积存金代理
2021-07-27,376.1285951851758,0.55,0.55,0.0,-0.0009845057844378115,0.9752128252210295,策略1 价格通道突破,招商银行积存金代理
2021-07-28,375.4042460621212,0.55,0.55,0.0,-0.0010591909862208038,0.9741798885869084,策略1 价格通道突破,招商银行积存金代理
2021-07-29,377.61358305342685,0.55,0.55,0.0,0.003236871606979641,0.9773331838083661,策略1 价格通道突破,招商银行积存金代理
2021-07-30,379.4399588982536,0.55,0.55,0.0,0.0026601445491768573,0.9799330313500038,策略1 价格通道突破,招商银行积存金代理
2021-08-02,375.4750815491693,0.55,0.55,0.0,-0.005747108312809801,0.9743012500795353,策略1 价格通道突破,招商银行积存金代理
2021-08-03,376.39880448997616,0.55,0.55,0.0,0.0013530794516312785,0.9756195570807163,策略1 价格通道突破,招商银行积存金代理
2021-08-04,376.7376785539139,0.55,0.55,0.0,0.0004951682442729367,0.9761026529038742,策略1 价格通道突破,招商银行积存金代理
2021-08-05,376.1925195238857,0.55,0.55,0.0,-0.0007958786274481323,0.9753257936642327,策略1 价格通道突破,招商银行积存金代理
2021-08-06,373.75200378602926,0.55,0.55,0.0,-0.003568076413427557,0.9718457567044518,策略1 价格通道突破,招商银行积存金代理
2021-08-09,363.1097496825837,0.55,0.55,0.0,-0.015660758196887142,0.9566259153040325,策略1 价格通道突破,招商银行积存金代理
2021-08-10,360.60144861494626,0.55,0.55,0.0,-0.0037993074777159133,0.952991399310641,策略1 价格通道突破,招商银行积存金代理
2021-08-11,361.16613942526646,0.55,0.55,0.0,0.0008612831336896166,0.9538121947294187,策略1 价格通道突破,招商银行积存金代理
2021-08-12,365.6393749549628,0.55,0.55,0.0,0.006812043745983843,0.9603096051253682,策略1 价格通道突破,招商银行积存金代理
2021-08-13,366.0871816517177,0.55,0.55,0.0,0.0006735972657362477,0.9609564670496411,策略1 价格通道突破,招商银行积存金代理
2021-08-16,369.58874775985174,0.55,0.55,0.0,0.005260663186251469,0.9660117353594395,策略1 价格通道突破,招商银行积存金代理
2021-08-17,374.0608600611358,0.55,0.55,0.0,0.0066551316310756396,0.9724406706154204,策略1 价格通道突破,招商银行积存金代理
2021-08-18,372.71106781748455,0.55,0.55,0.0,-0.001984665634054472,0.970510701035293,策略1 价格通道突破,招商银行积存金代理
2021-08-19,373.33557479060926,0.55,0.55,0.0,0.0009215686489535857,0.9714050932708412,策略1 价格通道突破,招商银行积存金代理
2021-08-20,372.2394939452616,0.55,0.55,0.0,-0.0016147522648473523,0.9698365146963979,策略1 价格通道突破,招商银行积存金代理
2021-08-23,372.2770964975341,0.55,0.55,0.0,5.555940217598643e-05,0.9698903982333629,策略1 价格通道突破,招商银行积存金代理
2021-08-24,375.035450750418,0.55,0.55,0.0,0.004075176403166703,0.9738428726979016,策略1 价格通道突破,招商银行积存金代理
2021-08-25,373.6078345787384,0.55,0.55,0.0,-0.0020936391289215375,0.9718039971541999,策略1 价格通道突破,招商银行积存金代理
2021-08-26,371.6599391444916,0.55,0.55,0.0,-0.0028675589473216357,0.9690172919071175,策略1 价格通道突破,招商银行积存金代理
2021-08-27,374.0976683114332,0.55,0.55,0.0,0.003607467204843462,0.9725129900085986,策略1 价格通道突破,招商银行积存金代理
2021-08-30,373.83222736950705,0.55,0.55,0.0,-0.00039025241381039914,0.9721334644667857,策略1 价格通道突破,招商银行积存金代理
2021-08-31,376.7955686801085,0.55,0.55,0.0,0.004359810635640538,0.9763717822844301,策略1 价格通道突破,招商银行积存金代理
2021-09-01,376.2414239308638,0.0,0.0,0.003654568350380959,-0.004463440952445279,0.9720138044865697,策略1 价格通道突破,招商银行积存金代理
2021-09-02,376.7269931700033,0.0,0.0,0.0,0.0,0.9720138044865697,策略1 价格通道突破,招商银行积存金代理
2021-09-03,376.08360078985453,0.0,0.0,0.0,-0.0,0.9720138044865697,策略1 价格通道突破,招商银行积存金代理
2021-09-06,378.6088640127223,0.0,0.0,0.0,0.0,0.9720138044865697,策略1 价格通道突破,招商银行积存金代理
2021-09-07,376.40177589282183,0.0,0.0,0.0,-0.0,0.9720138044865697,策略1 价格通道突破,招商银行积存金代理
2021-09-08,373.4635745962471,0.0,0.0,0.0,-0.0,0.9720138044865697,策略1 价格通道突破,招商银行积存金代理
2021-09-09,372.5540860919008,0.0,0.0,0.0,-0.0,0.9720138044865697,策略1 价格通道突破,招商银行积存金代理
2021-09-10,373.4982591454659,0.0,0.0,0.0,0.0,0.9720138044865697,策略1 价格通道突破,招商银行积存金代理
2021-09-13,370.79657526692904,0.0,0.0,0.0,-0.0,0.9720138044865697,策略1 价格通道突破,招商银行积存金代理
2021-09-14,370.2436742520665,0.0,0.0,0.0,-0.0,0.9720138044865697,策略1 价格通道突破,招商银行积存金代理
2021-09-15,372.48323440723266,0.0,0.0,0.0,0.0,0.9720138044865697,策略1 价格通道突破,招商银行积存金代理
2021-09-16,369.8014367019685,0.0,0.0,0.0,-0.0,0.9720138044865697,策略1 价格通道突破,招商银行积存金代理
2021-09-17,366.61501437556285,0.0,0.0,0.0,-0.0,0.9720138044865697,策略1 价格通道突破,招商银行积存金代理
2021-09-20,365.23167783351516,0.0,0.0,0.0,-0.0,0.9720138044865697,策略1 价格通道突破,招商银行积存金代理
2021-09-21,367.22151401118964,0.0,0.0,0.0,0.0,0.9720138044865697,策略1 价格通道突破,招商银行积存金代理
2021-09-22,368.7749011841834,0.0,0.0,0.0,0.0,0.9720138044865697,策略1 价格通道突破,招商银行积存金代理
2021-09-23,367.71657240500656,0.0,0.0,0.0,-0.0,0.9720138044865697,策略1 价格通道突破,招商银行积存金代理
2021-09-24,364.4153141112037,0.0,0.0,0.0,-0.0,0.9720138044865697,策略1 价格通道突破,招商银行积存金代理
2021-09-27,363.0626959290085,0.0,0.0,0.0,-0.0,0.9720138044865697,策略1 价格通道突破,招商银行积存金代理
2021-09-28,361.25863403318647,0.0,0.0,0.0,-0.0,0.9720138044865697,策略1 价格通道突破,招商银行积存金代理
2021-09-29,362.2675131118278,0.0,0.0,0.0,0.0,0.9720138044865697,策略1 价格通道突破,招商银行积存金代理
2021-09-30,358.7006725472454,0.0,0.0,0.0,-0.0,0.9720138044865697,策略1 价格通道突破,招商银行积存金代理
2021-10-01,363.8088337178682,0.0,0.0,0.0,0.0,0.9720138044865697,策略1 价格通道突破,招商银行积存金代理
2021-10-04,363.01483701627717,0.0,0.0,0.0,-0.0,0.9720138044865697,策略1 价格通道突破,招商银行积存金代理
2021-10-05,364.289227659112,0.0,0.0,0.0,0.0,0.9720138044865697,策略1 价格通道突破,招商银行积存金代理
2021-10-06,362.2688522497398,0.0,0.0,0.0,-0.0,0.9720138044865697,策略1 价格通道突破,招商银行积存金代理
2021-10-07,364.40319755399963,0.0,0.0,0.0,0.0,0.9720138044865697,策略1 价格通道突破,招商银行积存金代理
2021-10-08,364.18561866375956,0.0,0.0,0.0,-0.0,0.9720138044865697,策略1 价格通道突破,招商银行积存金代理
2021-10-11,363.4078253618832,0.0,0.0,0.0,-0.0,0.9720138044865697,策略1 价格通道突破,招商银行积存金代理
2021-10-12,364.67552461771066,0.0,0.0,0.0,0.0,0.9720138044865697,策略1 价格通道突破,招商银行积存金代理
2021-10-13,365.1904964396666,0.0,0.0,0.0,0.0,0.9720138044865697,策略1 价格通道突破,招商银行积存金代理
2021-10-14,372.0435872008312,0.0,0.0,0.0,0.0,0.9720138044865697,策略1 价格通道突破,招商银行积存金代理
2021-10-15,368.79339421802337,0.0,0.0,0.0,-0.0,0.9720138044865697,策略1 价格通道突破,招商银行积存金代理
2021-10-18,364.28771174706964,0.0,0.0,0.0,-0.0,0.9720138044865697,策略1 价格通道突破,招商银行积存金代理
2021-10-19,365.09665153847214,0.0,0.0,0.0,0.0,0.9720138044865697,策略1 价格通道突破,招商银行积存金代理
2021-10-20,365.47474066834644,0.0,0.0,0.0,0.0,0.9720138044865697,策略1 价格通道突破,招商银行积存金代理
2021-10-21,366.88118446104784,0.0,0.0,0.0,0.0,0.9720138044865697,策略1 价格通道突破,招商银行积存金代理
2021-10-22,368.3196924379858,0.0,0.0,0.0,0.0,0.9720138044865697,策略1 价格通道突破,招商银行积存金代理
2021-10-25,369.32694028574724,0.0,0.0,0.0,0.0,0.9720138044865697,策略1 价格通道突破,招商银行积存金代理
2021-10-26,369.695790108716,0.0,0.0,0.0,0.0,0.9720138044865697,策略1 价格通道突破,招商银行积存金代理
2021-10-27,366.57174915724306,0.0,0.0,0.0,-0.0,0.9720138044865697,策略1 价格通道突破,招商银行积存金代理
2021-10-28,369.4512106527988,0.0,0.0,0.0,0.0,0.9720138044865697,策略1 价格通道突破,招商银行积存金代理
2021-10-29,369.06084400824295,0.0,0.0,0.0,-0.0,0.9720138044865697,策略1 价格通道突破,招商银行积存金代理
2021-11-02,368.40873759059065,0.0,0.0,0.0,-0.0,0.9720138044865697,策略1 价格通道突破,招商银行积存金代理
2021-11-03,366.5789549963313,0.0,0.0,0.0,-0.0,0.9720138044865697,策略1 价格通道突破,招商银行积存金代理
2021-11-04,366.2247848531244,0.0,0.0,0.0,-0.0,0.9720138044865697,策略1 价格通道突破,招商银行积存金代理
2021-11-05,368.76984874091636,0.0,0.0,0.0,0.0,0.9720138044865697,策略1 价格通道突破,招商银行积存金代理
2021-11-08,373.9576274644087,0.0,0.0,0.0,0.0,0.9720138044865697,策略1 价格通道突破,招商银行积存金代理
2021-11-09,374.9045598915124,0.0,0.0,0.0,0.0,0.9720138044865697,策略1 价格通道突破,招商银行积存金代理
2021-11-10,375.0234293261575,0.0,0.0,0.0,0.0,0.9720138044865697,策略1 价格通道突破,招商银行积存金代理
2021-11-11,381.85683469217724,0.0,0.0,0.0,0.0,0.9720138044865697,策略1 价格通道突破,招商银行积存金代理
2021-11-12,380.0403195155349,0.0,0.0,0.0,-0.0,0.9720138044865697,策略1 价格通道突破,招商银行积存金代理
2021-11-15,382.22205771769916,0.0,0.0,0.0,0.0,0.9720138044865697,策略1 价格通道突破,招商银行积存金代理
2021-11-16,384.165635210307,0.0,0.0,0.0,0.0,0.9720138044865697,策略1 价格通道突破,招商银行积存金代理
2021-11-17,381.87176761392146,0.0,0.0,0.0,-0.0,0.9720138044865697,策略1 价格通道突破,招商银行积存金代理
2021-11-18,381.4436209523161,0.0,0.0,0.0,-0.0,0.9720138044865697,策略1 价格通道突破,招商银行积存金代理
2021-11-19,382.1128905447847,0.0,0.0,0.0,0.0,0.9720138044865697,策略1 价格通道突破,招商银行积存金代理
2021-11-22,378.0166701525322,0.0,0.0,0.0,-0.0,0.9720138044865697,策略1 价格通道突破,招商银行积存金代理
2021-11-23,368.9138317441813,0.0,0.0,0.0,-0.0,0.9720138044865697,策略1 价格通道突破,招商银行积存金代理
2021-11-24,367.95386934472,0.0,0.0,0.0,-0.0,0.9720138044865697,策略1 价格通道突破,招商银行积存金代理
2021-11-25,367.9806155577076,0.0,0.0,0.0,0.0,0.9720138044865697,策略1 价格通道突破,招商银行积存金代理
2021-11-26,371.5784944999269,0.0,0.0,0.0,0.0,0.9720138044865697,策略1 价格通道突破,招商银行积存金代理
2021-11-29,368.8861033073911,0.0,0.0,0.0,-0.0,0.9720138044865697,策略1 价格通道突破,招商银行积存金代理
2021-11-30,369.13144548716804,0.0,0.0,0.0,0.0,0.9720138044865697,策略1 价格通道突破,招商银行积存金代理
2021-12-01,365.54646827624657,0.55,0.55,0.0037614916825318657,-0.0037614916825318657,0.9683575826456875,策略1 价格通道突破,招商银行积存金代理
2021-12-02,363.5096726424189,0.55,0.55,0.0,-0.003064555934264063,0.965389996669301,策略1 价格通道突破,招商银行积存金代理
2021-12-03,363.5325538185716,0.55,0.55,0.0,3.461984049148992e-05,0.9654234183169977,策略1 价格通道突破,招商银行积存金代理
2021-12-06,365.10397452841295,0.55,0.55,0.0,0.002377452531648905,0.9677186666669886,策略1 价格通道突破,招商银行积存金代理
2021-12-07,364.7474286616999,0.55,0.55,0.0,-0.0005371078935677454,0.9671988973323689,策略1 价格通道突破,招商银行积存金代理
2021-12-08,366.3385930477636,0.55,0.55,0.0,0.002399305227581794,0.9695195027028497,策略1 价格通道突破,招商银行积存金代理
2021-12-09,363.73279204928843,0.55,0.55,0.0,-0.003912201925649889,0.9657265466374204,策略1 价格通道突破,招商银行积存金代理
2021-12-10,363.25587176205687,0.55,0.55,0.0,-0.0007211507010393803,0.9650301122613004,策略1 价格通道突破,招商银行积存金代理
2021-12-13,364.88210984341725,0.55,0.55,0.0,0.00246226149190536,0.9674062687452506,策略1 价格通道突破,招商银行积存金代理
2021-12-14,364.76786663946586,0.55,0.55,0.0,-0.00017220291288114754,0.9672396785678331,策略1 价格通道突破,招商银行积存金代理
2021-12-15,362.17446033258705,0.55,0.55,0.0,-0.003910359434684441,0.9634574237651443,策略1 价格通道突破,招商银行积存金代理
2021-12-16,365.3982919988232,0.55,0.55,0.0,0.0048957273652085916,0.9681742486398847,策略1 价格通道突破,招商银行积存金代理
2021-12-17,370.0137412037567,0.55,0.55,0.0,0.006947205606318463,0.9749003542079289,策略1 价格通道突破,招商银行积存金代理
2021-12-20,368.33913468716145,0.55,0.55,0.0,-0.002489187512688068,0.9724736444201193,策略1 价格通道突破,招商银行积存金代理
2021-12-21,368.0561296864131,0.55,0.55,0.0,-0.0004225799969470534,0.9720626965104292,策略1 价格通道突破,招商银行积存金代理
2021-12-22,366.6065184107168,0.55,0.55,0.0,-0.0021662081876269003,0.9699570063383617,策略1 价格通道突破,招商银行积存金代理
2021-12-23,369.7248622197637,0.55,0.55,0.0,0.004678283142402684,0.9744947398499697,策略1 价格通道突破,招商银行积存金代理
2021-12-24,365.71459855596186,0.55,0.55,0.0,-0.005965638885761421,0.9686812561359508,策略1 价格通道突破,招商银行积存金代理
2021-12-29,367.73122213630336,0.55,0.55,0.0,0.0030328102120268266,0.9716190825417588,策略1 价格通道突破,招商银行积存金代理
2021-12-30,368.3306743829882,0.55,0.55,0.0,0.0008965753132445631,0.9724902122250431,策略1 价格通道突破,招商银行积存金代理
2021-12-31,372.87982496678865,0.55,0.55,0.0,0.006792898325075814,0.9790962393588193,策略1 价格通道突破,招商银行积存金代理
2022-01-04,369.6272930870452,0.55,0.55,0.0,-0.004797504220074778,0.9743990210186361,策略1 价格通道突破,招商银行积存金代理
2022-01-05,371.51134789647557,0.55,0.55,0.0,0.002803445969945462,0.9771306960272296,策略1 价格通道突破,招商银行积存金代理
2022-01-06,368.72573889386246,0.55,0.55,0.0,-0.004123925043237525,0.9731010822793668,策略1 价格通道突破,招商银行积存金代理
2022-01-07,367.72869333758405,0.55,0.55,0.0,-0.0014872166439972025,0.9716538701535091,策略1 价格通道突破,招商银行积存金代理
2022-01-10,369.11202378952294,0.55,0.55,0.0,0.0020690029425251668,0.9736642248699728,策略1 价格通道突破,招商银行积存金代理
2022-01-11,369.9317680680496,0.55,0.55,0.0,0.0012214702424507618,0.9748535267467902,策略1 价格通道突破,招商银行积存金代理
2022-01-12,372.1685408696702,0.55,0.55,0.0,0.003325545808936914,0.9780954468069903,策略1 价格通道突破,招商银行积存金代理
2022-01-13,372.5014634545898,0.55,0.55,0.0,0.0004920013423969083,0.9785766710798116,策略1 价格通道突破,招商银行积存金代理
2022-01-14,372.5000804732593,0.55,0.55,0.0,-2.0419778347047225e-06,0.9785746728479395,策略1 价格通道突破,招商银行积存金代理
2022-01-17,371.6641619140937,0.55,0.55,0.0,-0.0012342419012552732,0.9773668749832035,策略1 价格通道突破,招商银行积存金代理
2022-01-18,369.49582134059756,0.55,0.55,0.0,-0.003208776733492358,0.9742307228946712,策略1 价格通道突破,招商银行积存金代理
2022-01-19,371.1843415798565,0.55,0.55,0.0,0.002513387372617604,0.9766793420916108,策略1 价格通道突破,招商银行积存金代理
2022-01-20,374.59177882751555,0.55,0.55,0.0,0.005048948127056985,0.9816105454265994,策略1 价格通道突破,招商银行积存金代理
2022-01-21,373.8562045268712,0.55,0.55,0.0,-0.001080018004187694,0.9805503883644382,策略1 价格通道突破,招商银行积存金代理
2022-01-24,374.5650975920423,0.55,0.55,0.0,0.0010428907722357052,0.9815729953161757,策略1 价格通道突破,招商银行积存金代理
2022-01-25,373.56909265792365,0.55,0.55,0.0,-0.00146250335999516,0.9801374415124453,策略1 价格通道突破,招商银行积存金代理
2022-01-26,375.31680983580367,0.55,0.55,0.0,0.0025731369824918086,0.9826594694111258,策略1 价格通道突破,招商银行积存金代理
2022-01-27,368.873038371906,0.55,0.55,0.0,-0.009442887214921758,0.9733803268708018,策略1 价格通道突破,招商银行积存金代理
2022-01-28,366.45499133620945,0.55,0.55,0.0,-0.0036053756476834955,0.9698709251443676,策略1 价格通道突破,招商银行积存金代理
2022-01-31,365.62151468075535,0.55,0.55,0.0,-0.001250937144636083,0.9686576775786019,策略1 价格通道突破,招商银行积存金代理
2022-02-01,369.36181443090277,0.55,0.55,0.0,0.0056264874466626985,0.9741078178416114,策略1 价格通道突破,招商银行积存金代理
2022-02-02,368.44173241322267,0.55,0.55,0.0,-0.0013700525878771743,0.9727732389049061,策略1 价格通道突破,招商银行积存金代理
2022-02-03,368.7995420867649,0.55,0.55,0.0,0.000534128745837903,0.9732928250549869,策略1 价格通道突破,招商银行积存金代理
2022-02-04,371.0077389291971,0.55,0.55,0.0,0.003293139293139269,0.9764980139009061,策略1 价格通道突破,招商银行积存金代理
2022-02-07,370.3125658491722,0.55,0.55,0.0,-0.0010305585406849783,0.9754916755327185,策略1 价格通道突破,招商银行积存金代理
2022-02-08,371.90500208836755,0.55,0.55,0.0,0.0023651369473488785,0.9777988469363523,策略1 价格通道突破,招商银行积存金代理
2022-02-09,374.1426021544382,0.55,0.55,0.0,0.003309124721173873,0.9810345052730846,策略1 价格通道突破,招商银行积存金代理
2022-02-10,374.7488915276176,0.55,0.55,0.0,0.0008912621907489427,0.9819088642354544,策略1 价格通道突破,招商银行积存金代理
2022-02-11,372.9948263643866,0.55,0.55,0.0,-0.002574352750836534,0.979381084449739,策略1 价格通道突破,招商银行积存金代理
2022-02-14,379.0599593521897,0.55,0.55,0.0,0.008943349632503728,0.9881400319114337,策略1 价格通道突破,招商银行积存金代理
2022-02-15,379.08397877237996,0.55,0.55,0.0,3.485116477932593e-05,0.988174469742511,策略1 价格通道突破,招商银行积存金代理
2022-02-16,377.8737323514648,0.55,0.55,0.0,-0.001755905205118219,0.9864393290475252,策略1 价格通道突破,招商银行积存金代理
2022-02-17,384.27941888507166,0.55,0.55,0.0,0.009323557823296504,0.9956364531710735,策略1 价格通道突破,招商银行积存金代理
2022-02-18,384.373046439516,0.55,0.55,0.0,0.00013400445720928024,0.9957698728935587,策略1 价格通道突破,招商银行积存金代理
2022-02-21,385.39759582982794,0.55,0.55,0.0,0.001466029342825559,0.9972297007459221,策略1 价格通道突破,招商银行积存金代理
2022-02-22,385.9153398800898,0.55,0.55,0.0,0.0007388713129642066,0.997966525164239,策略1 价格通道突破,招商银行积存金代理
2022-02-23,385.51547461570044,0.55,0.55,0.0,-0.0005698811959184647,0.9973978028073919,策略1 价格通道突破,招商银行积存金代理
2022-02-24,399.46711388116825,0.55,0.55,0.0,0.019904263515378964,1.0172502715041303,策略1 价格通道突破,招商银行积存金代理
2022-02-25,388.95299224348616,0.55,0.55,0.0,-0.014476202670454082,1.002524350407262,策略1 价格通道突破,招商银行积存金代理
2022-02-28,386.4919297690201,0.55,0.55,0.0,-0.0034800718543103186,0.9990354936321489,策略1 价格通道突破,招商银行积存金代理
2022-03-01,389.5052361467123,0.55,0.55,0.0,0.004288106374488065,1.003319464100733,策略1 价格通道突破,招商银行积存金代理
2022-03-02,390.8228400882512,0.55,0.55,0.0,0.0018605197070403758,1.0051861597361496,策略1 价格通道突破,招商银行积存金代理
2022-03-03,393.23430375377967,0.55,0.55,0.0,0.0033936220711695444,1.0085973816734644,策略1 价格通道突破,招商银行积存金代理
2022-03-04,394.91601259294225,0.55,0.55,0.0,0.002352134217971347,1.0109697380870548,策略1 价格通道突破,招商银行积存金代理
2022-03-07,406.02092555751324,0.55,0.55,0.0,0.015465825481251196,1.0266052196231354,策略1 价格通道突破,招商银行积存金代理
2022-03-08,407.7626283454351,0.55,0.55,0.0,0.0023593279879396524,1.029027318050357,策略1 价格通道突破,招商银行积存金代理
2022-03-09,409.7145301430706,0.55,0.55,0.0,0.0026327718973550907,1.0317365122549307,策略1 价格通道突破,招商银行积存金代理
2022-03-10,405.6895556491173,0.55,0.55,0.0,-0.0054031180463657855,1.0261619180864716,策略1 价格通道突破,招商银行积存金代理
2022-03-11,404.69934912953516,0.55,0.55,0.0,-0.0013424392572759126,1.0247843580433107,策略1 价格通道突破,招商银行积存金代理
2022-03-14,399.76217585800225,0.55,0.55,0.0,-0.006709784201985315,1.01790827614727,策略1 价格通道突破,招商银行积存金代理
2022-03-15,394.6674367700002,0.55,0.55,0.0,-0.007009433777437813,1.0107733154941096,策略1 价格通道突破,招商银行积存金代理
2022-03-16,392.90497598192877,0.55,0.55,0.0,-0.0024561272178231786,1.0082907276428754,策略1 价格通道突破,招商银行积存金代理
2022-03-17,396.4257745436102,0.55,0.55,0.0,0.004928517904578201,1.0132601065470834,策略1 价格通道突破,招商银行积存金代理
2022-03-18,394.3358812945678,0.55,0.55,0.0,-0.002899511991359888,1.0103221467177836,策略1 价格通道突破,招商银行积存金代理
2022-03-21,393.6441880974065,0.55,0.55,0.0,-0.0009647391385987359,1.0093474494002517,策略1 价格通道突破,招商银行积存金代理
2022-03-22,394.1698962003329,0.55,0.55,0.0,0.0007345198159967371,1.010088835103062,策略1 价格通道突破,招商银行积存金代理
2022-03-23,395.41286072374237,0.55,0.55,0.0,0.0017343548923070774,1.0118406876158876,策略1 价格通道突破,招商银行积存金代理
2022-03-24,398.60216202744647,0.55,0.55,0.0,0.0044361625310482605,1.0163293773616795,策略1 价格通道突破,招商银行积存金代理
2022-03-25,400.4896681678996,0.55,0.55,0.0,0.0026044223442464377,1.0189763283011943,策略1 价格通道突破,招商银行积存金代理
2022-03-28,394.69345348529055,0.55,0.55,0.0,-0.007960050729944157,1.0108652250353045,策略1 价格通道突破,招商银行积存金代理
2022-03-29,390.9595841113508,0.55,0.55,0.0,-0.005203096574145233,1.0056055956460008,策略1 价格通道突破,招商银行积存金代理
2022-03-30,391.2984525098392,0.55,0.55,0.0,0.00047671837894001093,1.0060849863154102,策略1 价格通道突破,招商银行积存金代理
2022-03-31,392.1322924822571,0.55,0.55,0.0,0.0011720260631962077,1.0072641441411623,策略1 价格通道突破,招商银行积存金代理
2022-04-01,394.0174459074746,0.55,0.55,0.0,0.0026440933423419358,1.009927444558666,策略1 价格通道突破,招商银行积存金代理
2022-04-04,394.19969750323105,0.55,0.55,0.0,0.00025440086145218644,1.0101843709705658,策略1 价格通道突破,招商银行积存金代理
2022-04-05,394.7238269870731,0.55,0.55,0.0,0.0007312821849914665,1.0109231008046136,策略1 价格通道突破,招商银行积存金代理
2022-04-06,394.34647728380486,0.55,0.55,0.0,-0.0005257912560832911,1.0103915662776377,策略1 价格通道突破,招商银行积存金代理
2022-04-07,393.88929249694905,0.55,0.55,0.0,-0.0006376413820218364,1.0097472988029332,策略1 价格通道突破,招商银行积存金代理
2022-04-08,394.8707442224398,0.55,0.55,0.0,0.0013704318936876405,1.0111310887057776,策略1 价格通道突破,招商银行积存金代理
2022-04-11,400.68159353640135,0.55,0.55,0.0,0.008093704508223788,1.019314884956841,策略1 价格通道突破,招商银行积存金代理
2022-04-12,399.33350966603155,0.55,0.55,0.0,-0.0018504621641324327,1.0174286813288913,策略1 价格通道突破,招商银行积存金代理
2022-04-13,404.35388233068903,0.55,0.55,0.0,0.006914533588405447,1.0244637261197473,策略1 价格通道突破,招商银行积存金代理
2022-04-14,404.04821512252306,0.55,0.55,0.0,-0.00041576691071262275,1.0240377880012013,策略1 价格通道突破,招商银行积存金代理
2022-04-19,406.09808485804393,0.55,0.55,0.0,0.0027903312335994302,1.0268951926254473,策略1 价格通道突破,招商银行积存金代理
2022-04-20,401.8454706147029,0.55,0.55,0.0,-0.0057595391878175976,1.0209807495217396,策略1 价格通道突破,招商银行积存金代理
2022-04-21,403.4923507258219,0.55,0.55,0.0,0.002254060646073375,1.0232821020496352,策略1 价格通道突破,招商银行积存金代理
2022-04-22,402.6733190007688,0.55,0.55,0.0,-0.0011164212852334656,1.0221396881301086,策略1 价格通道突破,招商银行积存金代理
2022-04-25,404.54135461079164,0.55,0.55,0.0,0.0025514965532410063,1.0247476740213033,策略1 价格通道突破,招商银行积存金代理
2022-04-26,401.217581269445,0.55,0.55,0.0,-0.004518883710911137,1.0201169584493741,策略1 价格通道突破,招商银行积存金代理
2022-04-27,399.88443791256736,0.55,0.55,0.0,-0.0018275092630856194,1.0182526852583773,策略1 价格通道突破,招商银行积存金代理
2022-04-28,402.58576072698224,0.55,0.55,0.0,0.0037153922660352447,1.022035893410056,策略1 价格通道突破,招商银行积存金代理
2022-04-29,408.00682295476093,0.55,0.55,0.0,0.007406084656084622,1.029605177758208,策略1 价格通道突破,招商银行积存金代理
2022-05-03,394.6789752275448,0.55,0.55,0.0,-0.01796616095016051,1.0111071254194854,策略1 价格通道突破,招商银行积存金代理
2022-05-04,396.97926607904157,0.55,0.55,0.0,0.0032055418396528816,1.0143482716143886,策略1 价格通道突破,招商银行积存金代理
2022-05-05,405.4787274403194,0.55,0.55,0.0,0.011775687417821047,1.0262929197937265,策略1 价格通道突破,招商银行积存金代理
2022-05-06,403.14666848659436,0.55,0.55,0.0,-0.0031632545377797976,1.0230464940580979,策略1 价格通道突破,招商银行积存金代理
2022-05-09,403.61305648045925,0.55,0.55,0.0,0.000636278100941834,1.0236974361385123,策略1 价格通道突破,招商银行积存金代理
2022-05-10,403.15900825606326,0.55,0.55,0.0,-0.000618727564453514,1.0230640463171132,策略1 价格通道突破,招商银行积存金代理
2022-05-11,400.1178360496437,0.55,0.55,0.0,-0.004148846185444505,1.018819510951085,策略1 价格通道突破,招商银行积存金代理
2022-05-12,403.78137532282403,0.55,0.55,0.0,0.005035882979231155,1.023950166785192,策略1 价格通道突破,招商银行积存金代理
2022-05-13,397.9889152310661,0.55,0.55,0.0,-0.007890044576523092,1.0158711543251187,策略1 价格通道突破,招商银行积存金代理
2022-05-16,393.9281009797029,0.55,0.55,0.0,-0.005611834281748918,1.010170253755437,策略1 价格通道突破,招商银行积存金代理
2022-05-17,395.9078345351833,0.55,0.55,0.0,0.002764091855356965,1.0129624571263662,策略1 价格通道突破,招商银行积存金代理
2022-05-18,394.84517130553496,0.55,0.55,0.0,-0.0014762647397285945,1.0114670563682417,策略1 价格通道突破,招商银行积存金代理
2022-05-19,393.95191369492807,0.55,0.55,0.0,-0.0012442641357607366,1.0102085241854992,策略1 价格通道突破,招商银行积存金代理
2022-05-20,398.42974350466744,0.55,0.55,0.0,0.006251540631590447,1.016523883820824,策略1 价格通道突破,招商银行积存金代理
2022-05-23,398.5799366145976,0.55,0.55,0.0,0.00020732942710288696,1.0167346391352932,策略1 价格通道突破,招商银行积存金代理
2022-05-24,397.5525196951653,0.55,0.55,0.0,-0.001417731435474029,1.0152931824758555,策略1 价格通道突破,招商银行积存金代理
2022-05-25,399.96187342502424,0.55,0.55,0.0,0.003333256578120847,1.0186774151550644,策略1 价格通道突破,招商银行积存金代理
2022-05-26,399.70617991588324,0.55,0.55,0.0,-0.0003516120894805741,1.018319235860615,策略1 价格通道突破,招商银行积存金代理
2022-05-27,402.69560911288033,0.55,0.55,0.0,0.004113486708397707,1.0225080785022334,策略1 价格通道突破,招商银行积存金代理
2022-05-30,397.69964760537425,0.55,0.55,0.0,-0.006823463596192592,1.0155310318517605,策略1 价格通道突破,招商银行积存金代理
2022-05-31,397.76905202491054,0.55,0.55,0.0,9.598306404041691e-05,1.0156285056318257,策略1 价格通道突破,招商银行积存金代理
2022-06-01,393.2650652181122,0.0,0.0,0.003496369552269788,-0.009724085688375638,1.0057524470155048,策略1 价格通道突破,招商银行积存金代理
2022-06-06,396.0279050029271,0.0,0.0,0.0,0.0,1.0057524470155048,策略1 价格通道突破,招商银行积存金代理
2022-06-07,396.02010760155116,0.0,0.0,0.0,-0.0,1.0057524470155048,策略1 价格通道突破,招商银行积存金代理
2022-06-08,397.1250196536518,0.0,0.0,0.0,0.0,1.0057524470155048,策略1 价格通道突破,招商银行积存金代理
2022-06-09,397.7999736449264,0.0,0.0,0.0,0.0,1.0057524470155048,策略1 价格通道突破,招商银行积存金代理
2022-06-10,396.53079973955664,0.0,0.0,0.0,-0.0,1.0057524470155048,策略1 价格通道突破,招商银行积存金代理
2022-06-13,402.98254684763896,0.0,0.0,0.0,0.0,1.0057524470155048,策略1 价格通道突破,招商银行积存金代理
2022-06-14,395.14840535383723,0.0,0.0,0.0,-0.0,1.0057524470155048,策略1 价格通道突破,招商银行积存金代理
2022-06-15,393.4457071271802,0.0,0.0,0.0,-0.0,1.0057524470155048,策略1 价格通道突破,招商银行积存金代理
2022-06-16,394.7344085125889,0.0,0.0,0.0,0.0,1.0057524470155048,策略1 价格通道突破,招商银行积存金代理
2022-06-17,398.6784120482719,0.0,0.0,0.0,0.0,1.0057524470155048,策略1 价格通道突破,招商银行积存金代理
2022-06-20,396.10381351696725,0.0,0.0,0.0,-0.0,1.0057524470155048,策略1 价格通道突破,招商银行积存金代理
2022-06-21,394.9155361785549,0.0,0.0,0.0,-0.0,1.0057524470155048,策略1 价格通道突破,招商银行积存金代理
2022-06-22,393.6833131523767,0.0,0.0,0.0,-0.0,1.0057524470155048,策略1 价格通道突破,招商银行积存金代理
2022-06-23,394.34289679648134,0.0,0.0,0.0,0.0,1.0057524470155048,策略1 价格通道突破,招商银行积存金代理
2022-06-24,393.28781314774113,0.0,0.0,0.0,-0.0,1.0057524470155048,策略1 价格通道突破,招商银行积存金代理
2022-06-27,395.38477687371534,0.0,0.0,0.0,0.0,1.0057524470155048,策略1 价格通道突破,招商银行积存金代理
2022-06-28,393.9828823287451,0.0,0.0,0.0,-0.0,1.0057524470155048,策略1 价格通道突破,招商银行积存金代理
2022-06-29,390.2789625198526,0.0,0.0,0.0,-0.0,1.0057524470155048,策略1 价格通道突破,招商银行积存金代理
2022-06-30,390.5626373436628,0.0,0.0,0.0,0.0,1.0057524470155048,策略1 价格通道突破,招商银行积存金代理
2022-07-01,386.6970664678806,0.0,0.0,0.0,-0.0,1.0057524470155048,策略1 价格通道突破,招商银行积存金代理
2022-07-04,389.17529619588777,0.0,0.0,0.0,0.0,1.0057524470155048,策略1 价格通道突破,招商银行积存金代理
2022-07-05,389.7764523392982,0.0,0.0,0.0,0.0,1.0057524470155048,策略1 价格通道突破,招商银行积存金代理
2022-07-06,380.92327734079197,0.0,0.0,0.0,-0.0,1.0057524470155048,策略1 价格通道突破,招商银行积存金代理
2022-07-07,375.58459525502957,0.0,0.0,0.0,-0.0,1.0057524470155048,策略1 价格通道突破,招商银行积存金代理
2022-07-08,374.20586835742296,0.0,0.0,0.0,-0.0,1.0057524470155048,策略1 价格通道突破,招商银行积存金代理
2022-07-11,375.21409621600475,0.0,0.0,0.0,0.0,1.0057524470155048,策略1 价格通道突破,招商银行积存金代理
2022-07-12,374.8955589619709,0.0,0.0,0.0,-0.0,1.0057524470155048,策略1 价格通道突破,招商银行积存金代理
2022-07-13,373.4006486735941,0.0,0.0,0.0,-0.0,1.0057524470155048,策略1 价格通道突破,招商银行积存金代理
2022-07-14,372.7215577453095,0.0,0.0,0.0,-0.0,1.0057524470155048,策略1 价格通道突破,招商银行积存金代理
2022-07-15,369.76784554920994,0.0,0.0,0.0,-0.0,1.0057524470155048,策略1 价格通道突破,招商银行积存金代理
2022-07-18,373.63557545636786,0.0,0.0,0.0,0.0,1.0057524470155048,策略1 价格通道突破,招商银行积存金代理
2022-07-19,371.3932380076422,0.0,0.0,0.0,-0.0,1.0057524470155048,策略1 价格通道突破,招商银行积存金代理
2022-07-21,366.8568339872899,0.0,0.0,0.0,-0.0,1.0057524470155048,策略1 价格通道突破,招商银行积存金代理
2022-07-22,375.2204432884143,0.0,0.0,0.0,0.0,1.0057524470155048,策略1 价格通道突破,招商银行积存金代理
2022-07-25,375.8356742560741,0.0,0.0,0.0,0.0,1.0057524470155048,策略1 价格通道突破,招商银行积存金代理
2022-07-26,373.9177377086888,0.0,0.0,0.0,-0.0,1.0057524470155048,策略1 价格通道突破,招商银行积存金代理
2022-07-27,374.5375433982887,0.0,0.0,0.0,0.0,1.0057524470155048,策略1 价格通道突破,招商银行积存金代理
2022-07-28,378.8069863617691,0.0,0.0,0.0,0.0,1.0057524470155048,策略1 价格通道突破,招商银行积存金代理
2022-07-29,381.4746411953027,0.0,0.0,0.0,0.0,1.0057524470155048,策略1 价格通道突破,招商银行积存金代理
2022-08-01,384.4211499875911,0.0,0.0,0.0,0.0,1.0057524470155048,策略1 价格通道突破,招商银行积存金代理
2022-08-02,384.85299903374835,0.0,0.0,0.0,0.0,1.0057524470155048,策略1 价格通道突破,招商银行积存金代理
2022-08-03,383.7807658238273,0.0,0.0,0.0,-0.0,1.0057524470155048,策略1 价格通道突破,招商银行积存金代理
2022-08-04,385.7097221630417,0.0,0.0,0.0,0.0,1.0057524470155048,策略1 价格通道突破,招商银行积存金代理
2022-08-05,387.6297013751137,0.0,0.0,0.0,0.0,1.0057524470155048,策略1 价格通道突破,招商银行积存金代理
2022-08-08,385.3523278418256,0.0,0.0,0.0,-0.0,1.0057524470155048,策略1 价格通道突破,招商银行积存金代理
2022-08-09,388.6894691063663,0.0,0.0,0.0,0.0,1.0057524470155048,策略1 价格通道突破,招商银行积存金代理
2022-08-10,387.65252770119304,0.0,0.0,0.0,-0.0,1.0057524470155048,策略1 价格通道突破,招商银行积存金代理
2022-08-11,388.02802669663447,0.0,0.0,0.0,0.0,1.0057524470155048,策略1 价格通道突破,招商银行积存金代理
2022-08-12,387.75701198278813,0.0,0.0,0.0,-0.0,1.0057524470155048,策略1 价格通道突破,招商银行积存金代理
2022-08-15,387.8659349036255,0.0,0.0,0.0,0.0,1.0057524470155048,策略1 价格通道突破,招商银行积存金代理
2022-08-16,387.59139940928543,0.0,0.0,0.0,-0.0,1.0057524470155048,策略1 价格通道突破,招商银行积存金代理
2022-08-17,386.61818559972676,0.0,0.0,0.0,-0.0,1.0057524470155048,策略1 价格通道突破,招商银行积存金代理
2022-08-18,385.13023641774436,0.0,0.0,0.0,-0.0,1.0057524470155048,策略1 价格通道突破,招商银行积存金代理
2022-08-19,382.35998607649765,0.0,0.0,0.0,-0.0,1.0057524470155048,策略1 价格通道突破,招商银行积存金代理
2022-08-22,381.50207601908903,0.0,0.0,0.0,-0.0,1.0057524470155048,策略1 价格通道突破,招商银行积存金代理
2022-08-23,382.1664591841229,0.0,0.0,0.0,0.0,1.0057524470155048,策略1 价格通道突破,招商银行积存金代理
2022-08-24,386.32632885219283,0.0,0.0,0.0,0.0,1.0057524470155048,策略1 价格通道突破,招商银行积存金代理
2022-08-25,388.0416315722069,0.0,0.0,0.0,0.0,1.0057524470155048,策略1 价格通道突破,招商银行积存金代理
2022-08-26,385.7737986141986,0.0,0.0,0.0,-0.0,1.0057524470155048,策略1 价格通道突破,招商银行积存金代理
2022-08-30,385.2729147502776,0.0,0.0,0.0,-0.0,1.0057524470155048,策略1 价格通道突破,招商银行积存金代理
2022-08-31,379.2679544729855,0.0,0.0,0.0,-0.0,1.0057524470155048,策略1 价格通道突破,招商银行积存金代理
2022-09-01,378.76096505604,0.0,0.0,0.0,-0.0,1.0057524470155048,策略1 价格通道突破,招商银行积存金代理
2022-09-02,378.9607803365502,0.0,0.0,0.0,0.0,1.0057524470155048,策略1 价格通道突破,招商银行积存金代理
2022-09-05,381.60109893860675,0.0,0.0,0.0,0.0,1.0057524470155048,策略1 价格通道突破,招商银行积存金代理
2022-09-06,382.8248583499534,0.0,0.0,0.0,0.0,1.0057524470155048,策略1 价格通道突破,招商银行积存金代理
2022-09-07,381.82821114045487,0.0,0.0,0.0,-0.0,1.0057524470155048,策略1 价格通道突破,招商银行积存金代理
2022-09-08,384.74538694887195,0.0,0.0,0.0,0.0,1.0057524470155048,策略1 价格通道突破,招商银行积存金代理
2022-09-09,386.24388663935736,0.0,0.0,0.0,0.0,1.0057524470155048,策略1 价格通道突破,招商银行积存金代理
2022-09-12,384.3947384462094,0.0,0.0,0.0,-0.0,1.0057524470155048,策略1 价格通道突破,招商银行积存金代理
2022-09-13,384.4672043416469,0.0,0.0,0.0,0.0,1.0057524470155048,策略1 价格通道突破,招商银行积存金代理
2022-09-14,381.3127329065884,0.0,0.0,0.0,-0.0,1.0057524470155048,策略1 价格通道突破,招商银行积存金代理
2022-09-15,379.7381600613919,0.0,0.0,0.0,-0.0,1.0057524470155048,策略1 价格通道突破,招商银行积存金代理
2022-09-16,374.18485481952314,0.0,0.0,0.0,-0.0,1.0057524470155048,策略1 价格通道突破,招商银行积存金代理
2022-09-20,376.2919478039651,0.0,0.0,0.0,0.0,1.0057524470155048,策略1 价格通道突破,招商银行积存金代理
2022-09-21,379.42242166657206,0.0,0.0,0.0,0.0,1.0057524470155048,策略1 价格通道突破,招商银行积存金代理
2022-09-22,380.3759274590483,0.0,0.0,0.0,0.0,1.0057524470155048,策略1 价格通道突破,招商银行积存金代理
2022-09-23,378.0097405131057,0.0,0.0,0.0,-0.0,1.0057524470155048,策略1 价格通道突破,招商银行积存金代理
2022-09-26,377.66406266611546,0.0,0.0,0.0,-0.0,1.0057524470155048,策略1 价格通道突破,招商银行积存金代理
2022-09-27,376.70525988624576,0.0,0.0,0.0,-0.0,1.0057524470155048,策略1 价格通道突破,招商银行积存金代理
2022-09-28,374.5376018104434,0.0,0.0,0.0,-0.0,1.0057524470155048,策略1 价格通道突破,招商银行积存金代理
2022-09-29,377.13512579824334,0.0,0.0,0.0,0.0,1.0057524470155048,策略1 价格通道突破,招商银行积存金代理
2022-09-30,383.12448784101275,0.0,0.0,0.0,0.0,1.0057524470155048,策略1 价格通道突破,招商银行积存金代理
2022-10-04,390.9724284844777,0.0,0.0,0.0,0.0,1.0057524470155048,策略1 价格通道突破,招商银行积存金代理
2022-10-05,391.6586861479089,0.0,0.0,0.0,0.0,1.0057524470155048,策略1 价格通道突破,招商银行积存金代理
2022-10-06,392.5393834826456,0.0,0.0,0.0,0.0,1.0057524470155048,策略1 价格通道突破,招商银行积存金代理
2022-10-07,391.50999698749877,0.0,0.0,0.0,-0.0,1.0057524470155048,策略1 价格通道突破,招商银行积存金代理
2022-10-10,386.4007268390886,0.0,0.0,0.0,-0.0,1.0057524470155048,策略1 价格通道突破,招商银行积存金代理
2022-10-11,383.3216622134421,0.0,0.0,0.0,-0.0,1.0057524470155048,策略1 价格通道突破,招商银行积存金代理
2022-10-12,385.72045745901653,0.0,0.0,0.0,0.0,1.0057524470155048,策略1 价格通道突破,招商银行积存金代理
2022-10-13,386.4182022559732,0.0,0.0,0.0,0.0,1.0057524470155048,策略1 价格通道突破,招商银行积存金代理
2022-10-14,381.519975819598,0.0,0.0,0.0,-0.0,1.0057524470155048,策略1 价格通道突破,招商银行积存金代理
2022-10-17,383.56287002716243,0.0,0.0,0.0,0.0,1.0057524470155048,策略1 价格通道突破,招商银行积存金代理
2022-10-18,382.50359179425806,0.0,0.0,0.0,-0.0,1.0057524470155048,策略1 价格通道突破,招商银行积存金代理
2022-10-19,381.2381316848248,0.0,0.0,0.0,-0.0,1.0057524470155048,策略1 价格通道突破,招商银行积存金代理
2022-10-20,378.8915407439527,0.0,0.0,0.0,-0.0,1.0057524470155048,策略1 价格通道突破,招商银行积存金代理
2022-10-21,376.88479825838135,0.0,0.0,0.0,-0.0,1.0057524470155048,策略1 价格通道突破,招商银行积存金代理
2022-10-24,384.38239739126385,0.0,0.0,0.0,0.0,1.0057524470155048,策略1 价格通道突破,招商银行积存金代理
2022-10-25,385.77835144854015,0.0,0.0,0.0,0.0,1.0057524470155048,策略1 价格通道突破,招商银行积存金代理
2022-10-26,385.25629322491835,0.0,0.0,0.0,-0.0,1.0057524470155048,策略1 价格通道突破,招商银行积存金代理
2022-10-27,386.5216160320989,0.0,0.0,0.0,0.0,1.0057524470155048,策略1 价格通道突破,招商银行积存金代理
2022-10-28,383.2566435645639,0.0,0.0,0.0,-0.0,1.0057524470155048,策略1 价格通道突破,招商银行积存金代理
2022-10-31,382.07808588129456,0.0,0.0,0.0,-0.0,1.0057524470155048,策略1 价格通道突破,招商银行积存金代理
2022-11-01,387.94985185722084,0.0,0.0,0.0,0.0,1.0057524470155048,策略1 价格通道突破,招商银行积存金代理
2022-11-02,387.5233613081738,0.0,0.0,0.0,-0.0,1.0057524470155048,策略1 价格通道突破,招商银行积存金代理
2022-11-03,379.77850190555756,0.0,0.0,0.0,-0.0,1.0057524470155048,策略1 价格通道突破,招商银行积存金代理
2022-11-04,387.01650187078604,0.0,0.0,0.0,0.0,1.0057524470155048,策略1 价格通道突破,招商银行积存金代理
2022-11-07,387.52742386383596,0.0,0.0,0.0,0.0,1.0057524470155048,策略1 价格通道突破,招商银行积存金代理
2022-11-08,388.31281842955445,0.0,0.0,0.0,0.0,1.0057524470155048,策略1 价格通道突破,招商银行积存金代理
2022-11-09,397.3596973321912,0.0,0.0,0.0,0.0,1.0057524470155048,策略1 价格通道突破,招商银行积存金代理
2022-11-10,397.07041227092765,0.0,0.0,0.0,-0.0,1.0057524470155048,策略1 价格通道突破,招商银行积存金代理
2022-11-11,407.71382181789016,0.0,0.0,0.0,0.0,1.0057524470155048,策略1 价格通道突破,招商银行积存金代理
2022-11-14,401.5519641980915,0.0,0.0,0.0,-0.0,1.0057524470155048,策略1 价格通道突破,招商银行积存金代理
2022-11-15,403.6559818829665,0.0,0.0,0.0,0.0,1.0057524470155048,策略1 价格通道突破,招商银行积存金代理
2022-11-16,403.78373373800304,0.0,0.0,0.0,0.0,1.0057524470155048,策略1 价格通道突破,招商银行积存金代理
2022-11-17,402.0682038603761,0.0,0.0,0.0,-0.0,1.0057524470155048,策略1 价格通道突破,招商银行积存金代理
2022-11-18,406.0286864833912,0.0,0.0,0.0,0.0,1.0057524470155048,策略1 价格通道突破,招商银行积存金代理
2022-11-21,398.16751533549797,0.0,0.0,0.0,-0.0,1.0057524470155048,策略1 价格通道突破,招商银行积存金代理
2022-11-22,402.39414975757404,0.0,0.0,0.0,0.0,1.0057524470155048,策略1 价格通道突破,招商银行积存金代理
2022-11-23,398.41332942397815,0.0,0.0,0.0,-0.0,1.0057524470155048,策略1 价格通道突破,招商银行积存金代理
2022-11-24,404.38471547510517,0.0,0.0,0.0,0.0,1.0057524470155048,策略1 价格通道突破,招商银行积存金代理
2022-11-25,403.1191976096699,0.0,0.0,0.0,-0.0,1.0057524470155048,策略1 价格通道突破,招商银行积存金代理
2022-11-28,406.4135396047959,0.0,0.0,0.0,0.0,1.0057524470155048,策略1 价格通道突破,招商银行积存金代理
2022-11-29,406.7385429723636,0.0,0.0,0.0,0.0,1.0057524470155048,策略1 价格通道突破,招商银行积存金代理
2022-11-30,405.0363329746752,0.0,0.0,0.0,-0.0,1.0057524470155048,策略1 价格通道突破,招商银行积存金代理
2022-12-01,404.8680993417108,0.55,0.55,0.0033961677944882806,-0.0033961677944882806,1.0023367429457228,策略1 价格通道突破,招商银行积存金代理
2022-12-02,407.7982422828332,0.55,0.55,0.0,0.00398050283595488,1.0063265471936003,策略1 价格通道突破,招商银行积存金代理
2022-12-05,405.20663022781997,0.55,0.55,0.0,-0.003495323134003831,1.0028091107328323,策略1 价格通道突破,招商银行积存金代理
2022-12-06,396.8724073088258,0.55,0.55,0.0,-0.011312308988798177,0.9914650242154406,策略1 价格通道突破,招商银行积存金代理
2022-12-07,398.4735869299614,0.55,0.55,0.0,0.0022189720812193616,0.9936650574236803,策略1 价格通道突破,招商银行积存金代理
2022-12-08,399.57947209561377,0.55,0.55,0.0,0.0015264169597662858,0.9951818046196589,策略1 价格通道突破,招商银行积存金代理
2022-12-09,401.58134087284117,0.55,0.55,0.0,0.0027554664450119564,0.9979239946889749,策略1 价格通道突破,招商银行积存金代理
2022-12-12,400.4853984297218,0.55,0.55,0.0,-0.001500986929336723,0.9964261238164751,策略1 价格通道突破,招商银行积存金代理
2022-12-13,400.4085818562979,0.55,0.55,0.0,-0.00010549477096747362,0.9963210060707572,策略1 价格通道突破,招商银行积存金代理
2022-12-14,403.65441429736575,0.55,0.55,0.0,0.004458465486206898,1.0007630688895066,策略1 价格通道突破,招商银行积存金代理
2022-12-15,396.82622143141367,0.55,0.55,0.0,-0.009303765655110647,0.9914522038202693,策略1 价格通道突破,招商银行积存金代理
2022-12-16,399.0409741576548,0.55,0.55,0.0,0.0030696408998344363,0.9944956060553473,策略1 价格通道突破,招商银行积存金代理
2022-12-19,402.70022985442745,0.55,0.55,0.0,0.005043568865261028,0.9995114131306869,策略1 价格通道突破,招商银行积存金代理
2022-12-20,405.28569318908035,0.55,0.55,0.0,0.003531174627273315,1.003040862472404,策略1 价格通道突破,招商银行积存金代理
2022-12-21,405.85209142677957,0.55,0.55,0.0,0.000768640581125113,1.003811840383827,策略1 价格通道突破,招商银行积存金代理
2022-12-22,407.3880545268377,0.55,0.55,0.0,0.0020814964931242354,1.0059012712093425,策略1 价格通道突破,招商银行积存金代理
2022-12-23,403.53185993213737,0.55,0.55,0.0,-0.005206110006216392,1.0006644385360337,策略1 价格通道突破,招商银行积存金代理
2022-12-28,403.31959124969455,0.55,0.55,0.0,-0.00028931488919656245,1.0003749314148758,策略1 价格通道突破,招商银行积存金代理
2022-12-29,405.0145035975076,0.55,0.55,0.0,0.0023113228603865443,1.0026871208628128,策略1 价格通道突破,招商银行积存金代理
2022-12-30,405.7287321070595,0.55,0.55,0.0,0.0009699052176263213,1.0036596323329845,策略1 价格通道突破,招商银行积存金代理
2023-01-03,406.91667316107936,0.55,0.55,0.0,0.0016103557081545317,1.0052758813509561,策略1 价格通道突破,招商银行积存金代理
2023-01-04,412.92125808376494,0.55,0.55,0.0,0.00811596556568166,1.013434665788011,策略1 价格通道突破,招商银行积存金代理
2023-01-05,409.73401246585263,0.55,0.55,0.0,-0.004245325362968278,1.0091323058976298,策略1 价格通道突破,招商银行积存金代理
2023-01-06,405.87460380372045,0.55,0.55,0.0,-0.005180616447724368,1.0039043784757666,策略1 价格通道突破,招商银行积存金代理
2023-01-09,411.9127943996092,0.55,0.55,0.0,0.00818234202538295,1.0121186674612348,策略1 价格通道突破,招商银行积存金代理
2023-01-10,408.21735492671075,0.55,0.55,0.0,-0.004934276715188324,1.0071245938873734,策略1 价格通道突破,招商银行积存金代理
2023-01-11,410.5751927265736,0.55,0.55,0.0,0.003176765451722108,1.0103239925028145,策略1 价格通道突破,招商银行积存金代理
2023-01-12,409.8160499075907,0.55,0.55,0.0,-0.0010169356498814675,1.0092965580169078,策略1 价格通道突破,招商银行积存金代理
2023-01-13,412.4654103291534,0.55,0.55,0.0,0.003555615335680673,1.0128852283368424,策略1 价格通道突破,招商银行积存金代理
2023-01-16,412.6425162267064,0.55,0.55,0.0,0.0002361609997221348,1.0131244323249702,策略1 价格通道突破,招商银行积存金代理
2023-01-17,412.33576885321554,0.55,0.55,0.0,-0.00040885524100301443,1.012710211091026,策略1 价格通道突破,招商银行积存金代理
2023-01-18,416.2165251353892,0.55,0.55,0.0,0.0051764026223864,1.0179524068834351,策略1 价格通道突破,招商银行积存金代理
2023-01-19,413.78309881550814,0.55,0.55,0.0,-0.003215596678914246,1.0146790825045677,策略1 价格通道突破,招商银行积存金代理
2023-01-20,422.3509409168531,0.55,0.55,0.0,0.011388365472705742,1.0262346187336395,策略1 价格通道突破,招商银行积存金代理
2023-01-23,420.2561231796865,0.55,0.55,0.0,-0.0027279440953547176,1.0234351080650166,策略1 价格通道突破,招商银行积存金代理
2023-01-24,422.30904183758895,0.55,0.55,0.0,0.0026867074614010614,1.0261847788061147,策略1 价格通道突破,招商银行积存金代理
2023-01-25,420.0065722126455,0.55,0.55,0.0,-0.002998653043772393,1.0231076066956748,策略1 价格通道突破,招商银行积存金代理
2023-01-26,422.29190362570364,0.55,0.55,0.0,0.0029926490687046006,1.0261694087220372,策略1 价格通道突破,招商银行积存金代理
2023-01-27,420.4788842267643,0.55,0.55,0.0,-0.0023613066242929026,1.0237463080995752,策略1 价格通道突破,招商银行积存金代理
2023-01-30,420.1456170597268,0.55,0.55,0.0,-0.0004359242491039306,1.0233000322589438,策略1 价格通道突破,招商银行积存金代理
2023-01-31,413.327050264372,0.55,0.55,0.0,-0.00892598086275413,1.0141660757541449,策略1 价格通道突破,招商银行积存金代理
2023-02-01,418.1118553318888,0.55,0.55,0.0,0.006366974495017908,1.020623245292184,策略1 价格通道突破,招商银行积存金代理
2023-02-02,423.6693478612892,0.55,0.55,0.0,0.0073105338970691274,1.0280845461230292,策略1 价格通道突破,招商银行积存金代理
2023-02-03,413.367462641887,0.55,0.55,0.0,-0.013373723870451689,1.0143352272877013,策略1 价格通道突破,招商银行积存金代理
2023-02-06,408.0400307518359,0.55,0.55,0.0,-0.00708833617624749,1.0071452782012755,策略1 价格通道突破,招商银行积存金代理
2023-02-07,409.2982132071875,0.55,0.55,0.0,0.0016959128965074678,1.0088533088672338,策略1 价格通道突破,招商银行积存金代理
2023-02-08,410.6470085287558,0.55,0.55,0.0,0.0018124619236660534,1.0106818170761203,策略1 价格通道突破,招商银行积存金代理
2023-02-09,410.76022198152594,0.55,0.55,0.0,0.00015163241842830466,1.010835069204305,策略1 价格通道突破,招商银行积存金代理
2023-02-10,406.3223697760818,0.55,0.55,0.0,-0.005942198349245338,1.00482848672472,策略1 价格通道突破,招商银行积存金代理
2023-02-13,406.81064902783316,0.55,0.55,0.0,0.0006609372469726816,1.0054926152984154,策略1 价格通道突破,招商银行积存金代理
2023-02-14,408.0619291737448,0.55,0.55,0.0,0.0016917061583712758,1.0071936133479125,策略1 价格通道突破,招商银行积存金代理
2023-02-15,402.8037887338176,0.55,0.55,0.0,-0.007087103783035293,1.0000555276805054,策略1 价格通道突破,招商银行积存金代理
2023-02-16,404.7456217187534,0.55,0.55,0.0,0.0026514351939734616,1.0027071101025253,策略1 价格通道突破,招商银行积存金代理
2023-02-17,402.38340879844947,0.55,0.55,0.0,-0.0032099596300758596,0.9994884607583061,策略1 价格通道突破,招商银行积存金代理
2023-02-20,406.6036215973642,0.55,0.55,0.0,0.005768421333111529,1.005253931317543,策略1 价格通道突破,招商银行积存金代理
2023-02-21,403.9720902451954,0.55,0.55,0.0,-0.0035595901433609803,1.00167563933205,策略1 价格通道突破,招商银行积存金代理
2023-02-22,405.11178544802266,0.55,0.55,0.0,0.0015516724464171739,1.0032299118218488,策略1 价格通道突破,招商银行积存金代理
2023-02-23,404.77985737520476,0.55,0.55,0.0,-0.0004506421353502488,1.0027778141521382,策略1 价格通道突破,招商银行积存金代理
2023-02-24,405.06914707016347,0.55,0.55,0.0,0.00039307621001462013,1.003171982254812,策略1 价格通道突破,招商银行积存金代理
2023-02-27,404.5188482588042,0.55,0.55,0.0,-0.0007471918027742386,1.0024224203728984,策略1 价格通道突破,招商银行积存金代理
2023-02-28,404.12999668617,0.55,0.55,0.0,-0.0005286981456349761,1.0018924414981043,策略1 价格通道突破,招商银行积存金代理
2023-03-01,408.6479559244351,0.55,0.55,0.0,0.006148708587389185,1.0080527861567838,策略1 价格通道突破,招商银行积存金代理
2023-03-02,404.4711508232602,0.55,0.55,0.0,-0.005621569305172287,1.0023859475561314,策略1 价格通道突破,招商银行积存金代理
2023-03-03,410.23591137884165,0.55,0.55,0.0,0.007838923243638808,1.0102435740595261,策略1 价格通道突破,招商银行积存金代理
2023-03-06,411.18622395129853,0.55,0.55,0.0,0.0012740764529720174,1.0115307016090016,策略1 价格通道突破,招商银行积存金代理
2023-03-07,410.60459869670177,0.55,0.55,0.0,-0.0007779781310623458,1.0107437528442518,策略1 价格通道突破,招商银行积存金代理
2023-03-08,405.85349442689966,0.55,0.55,0.0,-0.006364047934887768,1.0043113311512626,策略1 价格通道突破,招商银行积存金代理
2023-03-09,406.1337169806836,0.55,0.55,0.0,0.0003797488667647731,1.0046927172411462,策略1 价格通道突破,招商银行积存金代理
2023-03-10,410.81767782278274,0.55,0.55,0.0,0.006343178011189565,1.0110656619931524,策略1 价格通道突破,招商银行积存金代理
2023-03-13,417.840005867626,0.55,0.55,0.0,0.009401446513043976,1.0205711417355565,策略1 价格通道突破,招商银行积存金代理
2023-03-14,418.4311977473783,0.55,0.55,0.0,0.000778181910055642,1.0213653317359799,策略1 价格通道突破,招商银行积存金代理
2023-03-15,421.0195937718673,0.55,0.55,0.0,0.003402274546288564,1.0248402970066066,策略1 价格通道突破,招商银行积存金代理
2023-03-16,426.1640763880382,0.55,0.55,0.0,0.006720507740614002,1.0317277441555328,策略1 价格通道突破,招商银行积存金代理
2023-03-17,428.195950867396,0.55,0.55,0.0,0.002622302126257159,1.0344332460127503,策略1 价格通道突破,招商银行积存金代理
2023-03-20,438.790351857703,0.55,0.55,0.0,0.013608070167093467,1.0485098862076663,策略1 价格通道突破,招商银行积存金代理
2023-03-21,434.7171253864212,0.55,0.55,0.0,-0.005105569321933318,1.0431566462989006,策略1 价格通道突破,招商银行积存金代理
2023-03-22,429.71894865449934,0.55,0.55,0.0,-0.006323645980391085,1.0365600929656142,策略1 价格通道突破,招商银行积存金代理
2023-03-23,437.37753214103634,0.55,0.55,0.0,0.009802269438627964,1.0467207342861926,策略1 价格通道突破,招商银行积存金代理
2023-03-24,437.5893106804763,0.55,0.55,0.0,0.0002663104255076654,1.046999486930328,策略1 价格通道突破,招商银行积存金代理
2023-03-27,433.8789831410762,0.55,0.55,0.0,-0.004663459771210249,1.0421168469425506,策略1 价格通道突破,招商银行积存金代理
2023-03-28,430.8812239368086,0.55,0.55,0.0,-0.0038000632121216907,1.038156737049752,策略1 价格通道突破,招商银行积存金代理
2023-03-29,435.19433611934005,0.55,0.55,0.0,0.005505488679033755,1.043872297212642,策略1 价格通道突破,招商银行积存金代理
2023-03-30,434.73063260255554,0.55,0.55,0.0,-0.0005860299941071179,1.0432605567364577,策略1 价格通道突破,招商银行积存金代理
2023-03-31,437.09413942072905,0.55,0.55,0.0,0.0029901935877242104,1.0463801077635366,策略1 价格通道突破,招商银行积存金代理
2023-04-03,434.0616740678608,0.55,0.55,0.0,-0.00381578198757806,1.0423873493961724,策略1 价格通道突破,招商银行积存金代理
2023-04-04,438.39154123537156,0.55,0.55,0.0,0.0054863792046257135,1.0481062816730646,策略1 价格通道突破,招商银行积存金代理
2023-04-05,447.2294402515847,0.55,0.55,0.0,0.011087906589665355,1.0597275862202973,策略1 价格通道突破,招商银行积存金代理
2023-04-06,445.8791485024899,0.55,0.55,0.0,-0.0016605804429699002,1.0579678233157441,策略1 价格通道突破,招商银行积存金代理
2023-04-11,443.079988999127,0.55,0.55,0.0,-0.0034528139116175587,1.054314857297356,策略1 价格通道突破,招商银行积存金代理
2023-04-12,443.95603436450705,0.55,0.55,0.0,0.0010874446215623835,1.0554613663183572,策略1 价格通道突破,招商银行积存金代理
2023-04-13,447.59362264881463,0.55,0.55,0.0,0.004506467761459721,1.060217768939137,策略1 价格通道突破,招商银行积存金代理
2023-04-14,449.48150458539766,0.55,0.55,0.0,0.0023198164866065187,1.0626772795989152,策略1 价格通道突破,招商银行积存金代理
2023-04-17,444.48445936428294,0.55,0.55,0.0,-0.006114544966979691,1.0561794915874199,策略1 价格通道突破,招商银行积存金代理
2023-04-18,441.9116032227181,0.55,0.55,0.0,-0.003183622842257633,1.0528170144324782,策略1 价格通道突破,招商银行积存金代理
2023-04-19,437.4316728596796,0.55,0.55,0.0,-0.005575689078318552,1.0469468341036392,策略1 价格通道突破,招商银行积存金代理
2023-04-20,440.5716713490697,0.55,0.55,0.0,0.003948043263247059,1.051080225499,策略1 价格通道突破,招商银行积存金代理
2023-04-21,438.8151733739813,0.55,0.55,0.0,-0.0021927735011658847,1.0487754446329263,策略1 价格通道突破,招商银行积存金代理
2023-04-24,440.28214001438016,0.55,0.55,0.0,0.001838659420128519,1.0507037854838,策略1 价格通道突破,招商银行积存金代理
2023-04-25,443.52824590862,0.55,0.55,0.0,0.0040550321704478035,1.0549644231355482,策略1 价格通道突破,招商银行积存金代理
2023-04-26,445.1277351554481,0.55,0.55,0.0,0.0019834567332982726,1.0570568994240066,策略1 价格通道突破,招商银行积存金代理
2023-04-27,444.59120785945174,0.55,0.55,0.0,-0.0006629333323724285,1.0563561411711642,策略1 价格通道突破,招商银行积存金代理
2023-04-28,441.26397908689455,0.55,0.55,0.0,-0.004116086401521835,1.0520080880233253,策略1 价格通道突破,招商银行积存金代理
2023-05-02,440.118254151174,0.55,0.55,0.0,-0.00142805382834611,1.0505057638457727,策略1 价格通道突破,招商银行积存金代理
2023-05-03,448.11676853829215,0.55,0.55,0.0,0.009995456610631526,1.0610060486275115,策略1 价格通道突破,招商银行积存金代理
2023-05-04,452.05077864371606,0.55,0.55,0.0,0.004828441401648298,1.0661290541601038,策略1 价格通道突破,招商银行积存金代理
2023-05-05,452.6835453828112,0.55,0.55,0.0,0.0007698730384814501,1.0669498381744436,策略1 价格通道突破,招商银行积存金代理
2023-05-09,450.6228408460646,0.55,0.55,0.0,-0.002503708179302561,1.0642785071377006,策略1 价格通道突破,招商银行积存金代理
2023-05-10,452.3479197875636,0.55,0.55,0.0,0.002105515592691787,1.066519362129446,策略1 价格通道突破,招商银行积存金代理
2023-05-11,452.49935926491867,0.55,0.55,0.0,0.00018413196767742558,1.0667157424381608,策略1 价格通道突破,招商银行积存金代理
2023-05-12,448.23292077943927,0.55,0.55,0.0,-0.005185733678884314,1.0611840386868032,策略1 价格通道突破,招商银行积存金代理
2023-05-15,450.4178012240768,0.55,0.55,0.0,0.002680937050453669,1.0640290062934685,策略1 价格通道突破,招商银行积存金代理
2023-05-16,450.8264067107552,0.55,0.55,0.0,0.0004989434632964862,1.0645598966109167,策略1 价格通道突破,招商银行积存金代理
2023-05-17,446.7182613992807,0.55,0.55,0.0,-0.005011862410181783,1.0592244688817054,策略1 价格通道突破,招商银行积存金代理
2023-05-19,442.1740293054796,0.55,0.55,0.0,-0.0055948634017374,1.0532982526665344,策略1 价格通道突破,招商银行积存金代理
2023-05-22,447.84765293579886,0.55,0.55,0.0,0.007057160280482645,1.0607315472587546,策略1 价格通道突破,招商银行积存金代理
2023-05-23,444.5828998654912,0.55,0.55,0.0,-0.004009430834120354,1.0564786174864513,策略1 价格通道突破,招商银行积存金代理
2023-05-24,448.6898047547749,0.55,0.55,0.0,0.005080712033210134,1.061846281111144,策略1 价格通道突破,招商银行积存金代理
2023-05-25,446.5090033669669,0.55,0.55,0.0,-0.002673207081114615,1.0590077461134224,策略1 价格通道突破,招商银行积存金代理
2023-05-26,444.5066188031238,0.55,0.55,0.0,-0.0024664934006013496,1.0563957104964479,策略1 价格通道突破,招商银行积存金代理
2023-05-30,443.6967153640923,0.55,0.55,0.0,-0.0010021153175777731,1.055337080173536,策略1 价格通道突破,招商银行积存金代理
2023-05-31,447.8617254612142,0.55,0.55,0.0,0.005162885985165001,1.0607856651943888,策略1 价格通道突破,招商银行积存金代理
2023-06-01,446.68362036540395,0.55,0.55,0.0,-0.0014467809278150168,1.059250940725486,策略1 价格通道突破,招商银行积存金代理
2023-06-02,451.7576270294143,0.55,0.55,0.0,0.0062476068921506036,1.0658687242032794,策略1 价格通道突破,招商银行积存金代理
2023-06-05,443.72732430511587,0.55,0.55,0.0,-0.009776628515176295,1.0554481216407992,策略1 价格通道突破,招商银行积存金代理
2023-06-06,449.02935225291395,0.55,0.55,0.0,0.006571863420526592,1.0623843825436738,策略1 价格通道突破,招商银行积存金代理
2023-06-07,449.9236777850057,0.55,0.55,0.0,0.001095427370577351,1.0635481474743862,策略1 价格通道突破,招商银行积存金代理
2023-06-08,445.2005159505256,0.55,0.55,0.0,-0.005773732606723059,1.0574075048564933,策略1 价格通道突破,招商银行积存金代理
2023-06-09,448.9271912156397,0.55,0.55,0.0,0.004603928617280717,1.0622757335282296,策略1 价格通道突破,招商银行积存金代理
2023-06-12,451.173546044374,0.55,0.55,0.0,0.002752105864780197,1.0651992288044863,策略1 价格通道突破,招商银行积存金代理
2023-06-13,452.5219566389302,0.55,0.55,0.0,0.0016437706366165263,1.0669501720189416,策略1 价格通道突破,招商银行积存金代理
2023-06-14,449.4892679948443,0.55,0.55,0.0,-0.0036859620395793104,1.0630174341867573,策略1 价格通道突破,招商银行积存金代理
2023-06-15,442.8609400148533,0.55,0.55,0.0,-0.008110494840639538,1.0543958367712756,策略1 价格通道突破,招商银行积存金代理
2023-06-16,449.60234268894806,0.55,0.55,0.0,0.008372315405887377,1.0632235712793794,策略1 价格通道突破,招商银行积存金代理
2023-06-19,449.9152188513944,0.55,0.55,0.0,0.0003827424214836062,1.0636305120436291,策略1 价格通道突破,招商银行积存金代理
2023-06-20,451.0815975394708,0.55,0.55,0.0,0.0014258425844757563,1.0651470817218487,策略1 价格通道突破,招商银行积存金代理
2023-06-21,446.63812878876894,0.55,0.55,0.0,-0.00541788409506594,1.059376238288882,策略1 价格通道突破,招商银行积存金代理
2023-06-22,444.95956199048135,0.55,0.55,0.0,-0.002067024016874286,1.057186482161433,策略1 价格通道突破,招商银行积存金代理
2023-06-23,442.97473238747386,0.55,0.55,0.0,-0.0024533831271558617,1.0545927986838408,策略1 价格通道突破,招商银行积存金代理
2023-06-26,449.159582783042,0.55,0.55,0.0,0.007679146165355156,1.062691170929865,策略1 价格通道突破,招商银行积存金代理
2023-06-27,446.52299881666914,0.55,0.55,0.0,-0.003228521080458702,1.0592602500825006,策略1 价格通道突破,招商银行积存金代理
2023-06-28,444.7672446397275,0.55,0.55,0.0,-0.0021626317118648153,1.0569694602745543,策略1 价格通道突破,招商银行积存金代理
2023-06-29,443.9307539008409,0.55,0.55,0.0,-0.0010344059998399768,1.0558761247231987,策略1 价格通道突破,招商银行积存金代理
2023-06-30,443.8141785078888,0.55,0.55,0.0,-0.0001444289803314125,1.0557236256111486,策略1 价格通道突破,招商银行积存金代理
2023-07-03,445.45396946548635,0.0,0.0,0.003086738685143841,-0.0010546156247431483,1.0546102429801685,策略1 价格通道突破,招商银行积存金代理
2023-07-04,447.5464835869562,0.0,0.0,0.0,0.0,1.0546102429801685,策略1 价格通道突破,招商银行积存金代理
2023-07-05,449.2498693121718,0.0,0.0,0.0,0.0,1.0546102429801685,策略1 价格通道突破,招商银行积存金代理
2023-07-06,447.2908933843058,0.0,0.0,0.0,-0.0,1.0546102429801685,策略1 价格通道突破,招商银行积存金代理
2023-07-07,446.4751582271554,0.0,0.0,0.0,-0.0,1.0546102429801685,策略1 价格通道突破,招商银行积存金代理
2023-07-10,447.5148032137241,0.0,0.0,0.0,0.0,1.0546102429801685,策略1 价格通道突破,招商银行积存金代理
2023-07-11,448.77468028997913,0.0,0.0,0.0,0.0,1.0546102429801685,策略1 价格通道突破,招商银行积存金代理
2023-07-12,445.9382260044554,0.0,0.0,0.0,-0.0,1.0546102429801685,策略1 价格通道突破,招商银行积存金代理
2023-07-13,450.46861728596264,0.0,0.0,0.0,0.0,1.0546102429801685,策略1 价格通道突破,招商银行积存金代理
2023-07-14,449.755995978764,0.0,0.0,0.0,-0.0,1.0546102429801685,策略1 价格通道突破,招商银行积存金代理
2023-07-17,450.71750331429337,0.0,0.0,0.0,0.0,1.0546102429801685,策略1 价格通道突破,招商银行积存金代理
2023-07-18,452.85700356804995,0.0,0.0,0.0,0.0,1.0546102429801685,策略1 价格通道突破,招商银行积存金代理
2023-07-19,459.5600202351131,0.0,0.0,0.0,0.0,1.0546102429801685,策略1 价格通道突破,招商银行积存金代理
2023-07-20,457.19115362975344,0.0,0.0,0.0,-0.0,1.0546102429801685,策略1 价格通道突破,招商银行积存金代理
2023-07-21,453.10723567908644,0.0,0.0,0.0,-0.0,1.0546102429801685,策略1 价格通道突破,招商银行积存金代理
2023-07-24,453.88231087299033,0.0,0.0,0.0,0.0,1.0546102429801685,策略1 价格通道突破,招商银行积存金代理
2023-07-25,450.3516913434291,0.0,0.0,0.0,-0.0,1.0546102429801685,策略1 价格通道突破,招商银行积存金代理
2023-07-26,453.31910251475733,0.0,0.0,0.0,0.0,1.0546102429801685,策略1 价格通道突破,招商银行积存金代理
2023-07-27,455.52165118245864,0.0,0.0,0.0,0.0,1.0546102429801685,策略1 价格通道突破,招商银行积存金代理
2023-07-28,449.7446071554636,0.0,0.0,0.0,-0.0,1.0546102429801685,策略1 价格通道突破,招商银行积存金代理
2023-07-31,446.1236217406222,0.0,0.0,0.0,-0.0,1.0546102429801685,策略1 价格通道突破,招商银行积存金代理
2023-08-01,451.4805903936513,0.0,0.0,0.0,0.0,1.0546102429801685,策略1 价格通道突破,招商银行积存金代理
2023-08-02,450.7252745768761,0.0,0.0,0.0,-0.0,1.0546102429801685,策略1 价格通道突破,招商银行积存金代理
2023-08-03,446.0474656906753,0.0,0.0,0.0,-0.0,1.0546102429801685,策略1 价格通道突破,招商银行积存金代理
2023-08-04,445.3796265402272,0.0,0.0,0.0,-0.0,1.0546102429801685,策略1 价格通道突破,招商银行积存金代理
2023-08-07,447.88451320612785,0.0,0.0,0.0,0.0,1.0546102429801685,策略1 价格通道突破,招商银行积存金代理
2023-08-08,448.85453607303833,0.0,0.0,0.0,0.0,1.0546102429801685,策略1 价格通道突破,招商银行积存金代理
2023-08-09,446.92959615796525,0.0,0.0,0.0,-0.0,1.0546102429801685,策略1 价格通道突破,招商银行积存金代理
2023-08-10,445.3825527405905,0.0,0.0,0.0,-0.0,1.0546102429801685,策略1 价格通道突破,招商银行积存金代理
2023-08-11,444.90703884385687,0.0,0.0,0.0,-0.0,1.0546102429801685,策略1 价格通道突破,招商银行积存金代理
2023-08-14,446.47238146557015,0.0,0.0,0.0,0.0,1.0546102429801685,策略1 价格通道突破,招商银行积存金代理
2023-08-15,445.76058096860913,0.0,0.0,0.0,-0.0,1.0546102429801685,策略1 价格通道突破,招商银行积存金代理
2023-08-16,447.3428986263823,0.0,0.0,0.0,0.0,1.0546102429801685,策略1 价格通道突破,招商银行积存金代理
2023-08-17,443.3174235998307,0.0,0.0,0.0,-0.0,1.0546102429801685,策略1 价格通道突破,招商银行积存金代理
2023-08-18,442.8024689643231,0.0,0.0,0.0,-0.0,1.0546102429801685,策略1 价格通道突破,招商银行积存金代理
2023-08-21,437.4089688094962,0.0,0.0,0.0,-0.0,1.0546102429801685,策略1 价格通道突破,招商银行积存金代理
2023-08-22,445.9003347817872,0.0,0.0,0.0,0.0,1.0546102429801685,策略1 价格通道突破,招商银行积存金代理
2023-08-23,439.0690945909093,0.0,0.0,0.0,-0.0,1.0546102429801685,策略1 价格通道突破,招商银行积存金代理
2023-08-24,449.3379975542301,0.0,0.0,0.0,0.0,1.0546102429801685,策略1 价格通道突破,招商银行积存金代理
2023-08-25,448.6712545474984,0.0,0.0,0.0,-0.0,1.0546102429801685,策略1 价格通道突破,招商银行积存金代理
2023-08-29,450.1723631570874,0.0,0.0,0.0,0.0,1.0546102429801685,策略1 价格通道突破,招商银行积存金代理
2023-08-30,453.9095698800467,0.0,0.0,0.0,0.0,1.0546102429801685,策略1 价格通道突破,招商银行积存金代理
2023-08-31,453.61053194667613,0.0,0.0,0.0,-0.0,1.0546102429801685,策略1 价格通道突破,招商银行积存金代理
2023-09-01,453.63386342141877,0.0,0.0,0.0,0.0,1.0546102429801685,策略1 价格通道突破,招商银行积存金代理
2023-09-04,454.0455020368219,0.0,0.0,0.0,0.0,1.0546102429801685,策略1 价格通道突破,招商银行积存金代理
2023-09-05,453.60550164089744,0.0,0.0,0.0,-0.0,1.0546102429801685,策略1 价格通道突破,招商银行积存金代理
2023-09-06,452.41783273694256,0.0,0.0,0.0,-0.0,1.0546102429801685,策略1 价格通道突破,招商银行积存金代理
2023-09-07,452.30559049212155,0.0,0.0,0.0,-0.0,1.0546102429801685,策略1 价格通道突破,招商银行积存金代理
2023-09-08,453.64847762695246,0.0,0.0,0.0,0.0,1.0546102429801685,策略1 价格通道突破,招商银行积存金代理
2023-09-11,451.4305939515765,0.0,0.0,0.0,-0.0,1.0546102429801685,策略1 价格通道突破,招商银行积存金代理
2023-09-12,449.80529161065897,0.0,0.0,0.0,-0.0,1.0546102429801685,策略1 价格通道突破,招商银行积存金代理
2023-09-13,446.86436799784275,0.0,0.0,0.0,-0.0,1.0546102429801685,策略1 价格通道突破,招商银行积存金代理
2023-09-14,445.9674855298854,0.0,0.0,0.0,-0.0,1.0546102429801685,策略1 价格通道突破,招商银行积存金代理
2023-09-15,448.833074293158,0.0,0.0,0.0,0.0,1.0546102429801685,策略1 价格通道突破,招商银行积存金代理
2023-09-18,451.5447449599409,0.0,0.0,0.0,0.0,1.0546102429801685,策略1 价格通道突破,招商银行积存金代理
2023-09-19,453.87163530684126,0.0,0.0,0.0,0.0,1.0546102429801685,策略1 价格通道突破,招商银行积存金代理
2023-09-20,452.13827881732703,0.0,0.0,0.0,-0.0,1.0546102429801685,策略1 价格通道突破,招商银行积存金代理
2023-09-21,451.82479468954176,0.0,0.0,0.0,-0.0,1.0546102429801685,策略1 价格通道突破,招商银行积存金代理
2023-09-22,452.4825410892146,0.0,0.0,0.0,0.0,1.0546102429801685,策略1 价格通道突破,招商银行积存金代理
2023-09-25,451.83527115857095,0.0,0.0,0.0,-0.0,1.0546102429801685,策略1 价格通道突破,招商银行积存金代理
2023-09-26,449.47552277311456,0.0,0.0,0.0,-0.0,1.0546102429801685,策略1 价格通道突破,招商银行积存金代理
2023-09-27,445.38009264397203,0.0,0.0,0.0,-0.0,1.0546102429801685,策略1 价格通道突破,招商银行积存金代理
2023-09-28,439.84609119156056,0.0,0.0,0.0,-0.0,1.0546102429801685,策略1 价格通道突破,招商银行积存金代理
2023-09-29,439.2593480999545,0.0,0.0,0.0,-0.0,1.0546102429801685,策略1 价格通道突破,招商银行积存金代理
2023-10-02,422.86269827124664,0.0,0.0,0.0,-0.0,1.0546102429801685,策略1 价格通道突破,招商银行积存金代理
2023-10-04,422.07330886083895,0.0,0.0,0.0,-0.0,1.0546102429801685,策略1 价格通道突破,招商银行积存金代理
2023-10-05,421.805182824773,0.0,0.0,0.0,-0.0,1.0546102429801685,策略1 价格通道突破,招商银行积存金代理
2023-10-06,421.6084831098362,0.0,0.0,0.0,-0.0,1.0546102429801685,策略1 价格通道突破,招商银行积存金代理
2023-10-09,434.16393797776755,0.0,0.0,0.0,0.0,1.0546102429801685,策略1 价格通道突破,招商银行积存金代理
2023-10-10,436.17347761854876,0.0,0.0,0.0,0.0,1.0546102429801685,策略1 价格通道突破,招商银行积存金代理
2023-10-11,438.81167427412197,0.0,0.0,0.0,0.0,1.0546102429801685,策略1 价格通道突破,招商银行积存金代理
2023-10-12,441.59746253136797,0.0,0.0,0.0,0.0,1.0546102429801685,策略1 价格通道突破,招商银行积存金代理
2023-10-13,442.9707422569659,0.0,0.0,0.0,0.0,1.0546102429801685,策略1 价格通道突破,招商银行积存金代理
2023-10-16,449.94169723450005,0.0,0.0,0.0,0.0,1.0546102429801685,策略1 价格通道突破,招商银行积存金代理
2023-10-17,452.1581043846261,0.0,0.0,0.0,0.0,1.0546102429801685,策略1 价格通道突破,招商银行积存金代理
2023-10-18,457.06616419522635,0.0,0.0,0.0,0.0,1.0546102429801685,策略1 价格通道突破,招商银行积存金代理
2023-10-19,458.05072687329175,0.0,0.0,0.0,0.0,1.0546102429801685,策略1 价格通道突破,招商银行积存金代理
2023-10-20,466.40712917249664,0.0,0.0,0.0,0.0,1.0546102429801685,策略1 价格通道突破,招商银行积存金代理
2023-10-23,465.8278580726853,0.0,0.0,0.0,-0.0,1.0546102429801685,策略1 价格通道突破,招商银行积存金代理
2023-10-24,462.3189466079285,0.0,0.0,0.0,-0.0,1.0546102429801685,策略1 价格通道突破,招商银行积存金代理
2023-10-25,463.3895610577036,0.0,0.0,0.0,0.0,1.0546102429801685,策略1 价格通道突破,招商银行积存金代理
2023-10-26,468.34820242688613,0.0,0.0,0.0,0.0,1.0546102429801685,策略1 价格通道突破,招商银行积存金代理
2023-10-27,467.4427613767249,0.0,0.0,0.0,-0.0,1.0546102429801685,策略1 价格通道突破,招商银行积存金代理
2023-10-30,459.42899167075814,0.0,0.0,0.0,-0.0,1.0546102429801685,策略1 价格通道突破,招商银行积存金代理
2023-10-31,469.6147289684296,0.0,0.0,0.0,0.0,1.0546102429801685,策略1 价格通道突破,招商银行积存金代理
2023-11-01,466.2815804222142,0.55,0.55,0.0029488619274965757,-0.0029488619274965757,1.0515003429862966,策略1 价格通道突破,招商银行积存金代理
2023-11-02,467.29496909120786,0.55,0.55,0.0,0.0011953373055008211,1.052757240573015,策略1 价格通道突破,招商银行积存金代理
2023-11-03,467.60326902624234,0.55,0.55,0.0,0.00036286494716329947,1.0531392492734912,策略1 价格通道突破,招商银行积存金代理
2023-11-06,466.2774378741787,0.55,0.55,0.0,-0.001559456877094867,1.0514969240286731,策略1 价格通道突破,招商银行积存金代理
2023-11-07,459.8569846853164,0.55,0.55,0.0,-0.007573279269041467,1.0435336441724659,策略1 价格通道突破,招商银行积存金代理
2023-11-08,458.6562437585073,0.55,0.55,0.0,-0.0014361149917010041,1.0420350098617255,策略1 价格通道突破,招商银行积存金代理
2023-11-09,455.60751232111176,0.55,0.55,0.0,-0.0036559020255056422,1.038225431958524,策略1 价格通道突破,招商银行积存金代理
2023-11-10,457.3639473660969,0.55,0.55,0.0,0.0021203321907935836,1.0404268147632065,策略1 价格通道突破,招商银行积存金代理
2023-11-13,447.35764698141634,0.55,0.55,0.0,-0.012033010566897784,1.027907347907077,策略1 价格通道突破,招商银行积存金代理
2023-11-14,456.1677496076416,0.55,0.55,0.0,0.010831504674435955,1.0390411311508196,策略1 价格通道突破,招商银行积存金代理
2023-11-15,460.1187903833627,0.55,0.55,0.0,0.0047637572549039005,1.043990870877483,策略1 价格通道突破,招商银行积存金代理
2023-11-16,458.11167116879005,0.55,0.55,0.0,-0.0023991968836899248,1.0414861312334731,策略1 价格通道突破,招商银行积存金代理
2023-11-17,463.7796151321148,0.55,0.55,0.0,0.006804823749360579,1.0485732607939202,策略1 价格通道突破,招商银行积存金代理
2023-11-20,458.0429380670561,0.55,0.55,0.0,-0.006803171771323947,1.0414396367859218,策略1 价格通道突破,招商银行积存金代理
2023-11-21,458.24240983016347,0.55,0.55,0.0,0.00023951787177862728,1.0416890801913108,策略1 价格通道突破,招商银行积存金代理
2023-11-22,455.6754818619314,0.55,0.55,0.0,-0.0030809247512705866,1.038479714521021,策略1 价格通道突破,招商银行积存金代理
2023-11-23,458.3236518929469,0.55,0.55,0.0,0.003196339445579044,1.0417990481959782,策略1 价格通道突破,招商银行积存金代理
2023-11-24,454.53402498644664,0.55,0.55,0.0,-0.004547648348425132,1.0370613124750587,策略1 价格通道突破,招商银行积存金代理
2023-11-27,458.04070594977446,0.55,0.55,0.0,0.004243190660782404,1.0414617613508117,策略1 价格通道突破,招商银行积存金代理
2023-11-28,461.69836198688387,0.55,0.55,0.0,0.004391991354215552,1.0460358524024107,策略1 价格通道突破,招商银行积存金代理
2023-11-29,462.75208020637837,0.55,0.55,0.0,0.0012552459970357366,1.0473488847188945,策略1 价格通道突破,招商银行积存金代理
2023-11-30,463.798184789413,0.55,0.55,0.0,0.0012433385937724807,1.0486510940084102,策略1 价格通道突破,招商银行积存金代理
2023-12-01,465.0929832944444,0.55,0.55,0.0,0.0015354505496622984,1.0502612459071092,策略1 价格通道突破,招商银行积存金代理
2023-12-04,469.2847558542983,0.55,0.55,0.0,0.004957019328885559,1.0554674112034501,策略1 价格通道突破,招商银行积存金代理
2023-12-05,464.183492433774,0.55,0.55,0.0,-0.005978661881272469,1.0491571284251626,策略1 价格通道突破,招商银行积存金代理
2023-12-06,464.38909751605,0.55,0.55,0.0,0.00024361658071662132,1.049412720497424,策略1 价格通道突破,招商银行积存金代理
2023-12-07,467.05759293945243,0.55,0.55,0.0,0.0031604369928615486,1.0527293232800634,策略1 价格通道突破,招商银行积存金代理
2023-12-08,466.5736850797232,0.55,0.55,0.0,-0.0005698426208555264,1.052129433243434,策略1 价格通道突破,招商银行积存金代理
2023-12-11,456.40654709806546,0.55,0.55,0.0,-0.011985086319122885,1.0395195711671217,策略1 价格通道突破,招商银行积存金代理
2023-12-12,458.29018366227194,0.55,0.55,0.0,0.002269906330004823,1.041879183221878,策略1 价格通道突破,招商银行积存金代理
2023-12-13,457.1708534632184,0.55,0.55,0.0,-0.001343322705626865,1.040479603258536,策略1 价格通道突破,招商银行积存金代理
2023-12-14,469.01364324492164,0.55,0.55,0.0,0.014247483912403049,1.0553038196671456,策略1 价格通道突破,招商银行积存金代理
2023-12-15,464.33633331609286,0.55,0.55,0.0,-0.005484958695567072,1.0495155218049974,策略1 价格通道突破,招商银行积存金代理
2023-12-18,459.40609336794677,0.55,0.55,0.0,-0.005839801404544476,1.0433865595866691,策略1 价格通道突破,招商银行积存金代理
2023-12-19,464.56002430478725,0.55,0.55,0.0,0.006170275179593555,1.0498245417780083,策略1 价格通道突破,招商银行积存金代理
2023-12-20,462.7169782696868,0.55,0.55,0.0,-0.0021820115082484604,1.047533812546207,策略1 价格通道突破,招商银行积存金代理
2023-12-21,466.6005553852911,0.55,0.55,0.0,0.004616142294085902,1.0523693776827865,策略1 价格通道突破,招商银行积存金代理
2023-12-22,471.7768734819876,0.55,0.55,0.0,0.006101524998898012,1.058790435748793,策略1 价格通道突破,招商银行积存金代理
2023-12-27,473.43535699903714,0.55,0.55,0.0,0.001933468946124728,1.060837574176767,策略1 价格通道突破,招商银行积存金代理
2023-12-28,476.9855133020899,0.55,0.55,0.0,0.004124292657514717,1.06521277879476,策略1 价格通道突破,招商银行积存金代理
2023-12-29,471.24881358519883,0.55,0.55,0.0,-0.006614844175134921,1.0581665622496703,策略1 价格通道突破,招商银行积存金代理
2024-01-02,471.54337771153536,0.55,0.55,0.0,0.00034378923578083366,1.058530348523435,策略1 价格通道突破,招商银行积存金代理
2024-01-03,468.1918086110581,0.55,0.55,0.0,-0.0039092119461174085,1.0543923290396593,策略1 价格通道突破,招商银行积存金代理
2024-01-04,467.66478273044305,0.55,0.55,0.0,-0.0006191142796756422,1.0537395396923706,策略1 价格通道突破,招商银行积存金代理
2024-01-05,465.80153611837704,0.55,0.55,0.0,-0.002191282462308014,1.051430498719202,策略1 价格通道突破,招商银行积存金代理
2024-01-08,462.44317051691576,0.55,0.55,0.0,-0.003965425052471922,1.0472611298786478,策略1 价格通道突破,招商银行积存金代理
2024-01-09,464.5938428014263,0.55,0.55,0.0,0.002557870527439299,1.0499398882572972,策略1 价格通道突破,招商银行积存金代理
2024-01-10,464.920157943192,0.55,0.55,0.0,0.00038630156372491123,1.050345481677948,策略1 价格通道突破,招商银行积存金代理
2024-01-11,468.4099344766301,0.55,0.55,0.0,0.004128401534324289,1.054681729576078,策略1 价格通道突破,招商银行积存金代理
2024-01-12,465.7719565291706,0.55,0.55,0.0,-0.0030974745928987525,1.0514148797151217,策略1 价格通道突破,招商银行积存金代理
2024-01-15,468.8725611839734,0.55,0.55,0.0,0.0036613036406255685,1.0552644288420305,策略1 价格通道突破,招商银行积存金代理
2024-01-16,465.41761527421653,0.55,0.55,0.0,-0.004052743554811423,1.0509877127294192,策略1 价格通道突破,招商银行积存金代理
2024-01-17,463.9050311540501,0.55,0.55,0.0,-0.001787472667104312,1.0491091009194529,策略1 价格通道突破,招商银行积存金代理
2024-01-18,460.26356102129415,0.55,0.55,0.0,-0.004317281422952929,1.0445798016874024,策略1 价格通道突破,招商银行积存金代理
2024-01-19,464.25330931120584,0.55,0.55,0.0,0.004767619566889692,1.049559960789105,策略1 价格通道突破,招商银行积存金代理
2024-01-22,462.4582583665847,0.55,0.55,0.0,-0.0021265933914534855,1.047327973512557,策略1 价格通道突破,招商银行积存金代理
2024-01-23,468.7104243916135,0.55,0.55,0.0,0.0074356793322524544,1.0551155684792939,策略1 价格通道突破,招商银行积存金代理
2024-01-24,462.04052675704236,0.55,0.55,0.0,-0.007826674014719794,1.0468575228769508,策略1 价格通道突破,招商银行积存金代理
2024-01-25,459.5157623497379,0.55,0.55,0.0,-0.00300540827828214,1.0437112886115143,策略1 价格通道突破,招商银行积存金代理
2024-01-26,460.12898415865817,0.55,0.55,0.0,0.0007339726349788079,1.0444773441361737,策略1 价格通道突破,招商银行积存金代理
2024-01-29,461.91035977331046,0.55,0.55,0.0,0.0021293085673580237,1.0467013586934542,策略1 价格通道突破,招商银行积存金代理
2024-01-30,463.9259256669228,0.55,0.55,0.0,0.002399948860274126,1.049213388426298,策略1 价格通道突破,招商银行积存金代理
2024-01-31,464.8054775307439,0.55,0.55,0.0,0.001042738718268721,1.050307443850136,策略1 价格通道突破,招商银行积存金代理
2024-02-01,465.1580007436976,0.55,0.55,0.0,0.0004171374402783479,1.050745566408769,策略1 价格通道突破,招商银行积存金代理
2024-02-02,468.1533463492707,0.55,0.55,0.0,0.003541678484367239,1.054466969373863,策略1 价格通道突破,招商银行积存金代理
2024-02-05,462.953337606281,0.55,0.55,0.0,-0.006109119652667328,1.0480251044881725,策略1 价格通道突破,招商银行积存金代理
2024-02-06,462.81218094322344,0.55,0.55,0.0,-0.00016769760227475783,1.0478493531910262,策略1 价格通道突破,招商银行积存金代理
2024-02-07,464.12571478870973,0.55,0.55,0.0,0.0015609866048579058,1.0494850319952664,策略1 价格通道突破,招商银行积存金代理
2024-02-08,465.0700557606433,0.55,0.55,0.0,0.0011190664899916492,1.05065947552632,策略1 价格通道突破,招商银行积存金代理
2024-02-09,464.2225815168586,0.55,0.55,0.0,-0.0010022378957923739,1.0496064647843744,策略1 价格通道突破,招商银行积存金代理
2024-02-12,466.46742718977697,0.55,0.55,0.0,0.002659640373526884,1.0523980405144298,策略1 价格通道突破,招商银行积存金代理
2024-02-13,468.5275574258042,0.55,0.55,0.0,0.002429047697158893,1.0549543655512357,策略1 价格通道突破,招商银行积存金代理
2024-02-14,460.1178333999762,0.55,0.55,0.0,-0.009872094268303312,1.0445397566057557,策略1 价格通道突破,招商银行积存金代理
2024-02-15,460.705880795911,0.55,0.55,0.0,0.0007029200876093711,1.0452739845829806,策略1 价格通道突破,招商银行积存金代理
2024-02-16,461.89321370369,0.55,0.55,0.0,0.0014174620435715715,1.0467556207812598,策略1 价格通道突破,招商银行积存金代理
2024-02-19,462.3940720067838,0.55,0.55,0.0,0.000596397735512766,1.0473799034631293,策略1 价格通道突破,招商银行积存金代理
2024-02-20,468.99209023988567,0.55,0.55,0.0,0.007848089428258875,1.055599834610869,策略1 价格通道突破,招商银行积存金代理
2024-02-21,468.9656950808586,0.55,0.55,0.0,-3.0954333275540204e-05,1.0555671592217828,策略1 价格通道突破,招商银行积存金代理
2024-02-22,469.3466296989481,0.55,0.55,0.0,0.00044675770988555913,1.0560387419884674,策略1 价格通道突破,招商银行积存金代理
2024-02-23,467.00342600536237,0.55,0.55,0.0,-0.0027458640372016786,1.0531390031849495,策略1 价格通道突破,招商银行积存金代理
2024-02-26,470.7410337326733,0.55,0.55,0.0,0.0044018611760621275,1.057774774876066,策略1 价格通道突破,招商银行积存金代理
2024-02-27,471.06202804248704,0.55,0.55,0.0,0.0003750403252455792,1.058171483071672,策略1 价格通道突破,招商银行积存金代理
2024-02-28,468.646467796406,0.55,0.55,0.0,-0.0028203464857174624,1.0551870728481043,策略1 价格通道突破,招商银行积存金代理
2024-02-29,470.3020532295422,0.55,0.55,0.0,0.0019429827189489713,1.0572372830959065,策略1 价格通道突破,招商银行积存金代理
2024-03-01,473.7707104932779,0.55,0.55,0.0,0.004056460059985157,1.0615259239087123,策略1 价格通道突破,招商银行积存金代理
2024-03-04,481.93745371945965,0.55,0.55,0.0,0.009480765009139781,1.0715900017444009,策略1 价格通道突破,招商银行积存金代理
2024-03-05,492.120597870988,0.55,0.55,0.0,0.011621278321731744,1.0840432474014576,策略1 价格通道突破,招商银行积存金代理
2024-03-06,492.17683635274824,0.55,0.55,0.0,6.285281514730735e-05,1.0841113825712982,策略1 价格通道突破,招商银行积存金代理
2024-03-07,498.99491737894056,0.55,0.55,0.0,0.007619100062072294,1.0923713356735403,策略1 价格通道突破,招商银行积存金代理
2024-03-08,501.4738755560272,0.55,0.55,0.0,0.002732346462684077,1.0953560726285054,策略1 价格通道突破,招商银行积存金代理
2024-03-11,503.24275667565087,0.55,0.55,0.0,0.0019400504457271262,1.0974811186654383,策略1 价格通道突破,招商银行积存金代理
2024-03-12,502.6712254841347,0.55,0.55,0.0,-0.000624633243427869,1.0967955954746855,策略1 价格通道突破,招商银行积存金代理
2024-03-13,498.88520349668124,0.55,0.55,0.0,-0.004142493119819801,1.0922521272665828,策略1 价格通道突破,招商银行积存金代理
2024-03-14,501.3421885983919,0.55,0.55,0.0,0.002708722961653898,1.0952107356836251,策略1 价格通道突破,招商银行积存金代理
2024-03-15,501.8600257916761,0.55,0.55,0.0,0.0005680959288556276,1.095832920443806,策略1 价格通道突破,招商银行积存金代理
2024-03-18,498.5739687462132,0.55,0.55,0.0,-0.003601265855262215,1.0918865347643394,策略1 价格通道突破,招商银行积存金代理
2024-03-19,498.4949970415363,0.55,0.55,0.0,-8.711733924160471e-05,1.091791412514677,策略1 价格通道突破,招商银行积存金代理
2024-03-20,498.3421371537851,0.55,0.55,0.0,-0.00016865352463339424,1.091607278044792,策略1 价格通道突破,招商银行积存金代理
2024-03-21,511.5625592078813,0.55,0.55,0.0,0.014590843494153684,1.107534748995823,策略1 价格通道突破,招商银行积存金代理
2024-03-22,501.3298461606198,0.55,0.55,0.0,-0.011001571703582786,1.0953501260405358,策略1 价格通道突破,招商银行积存金代理
2024-03-25,503.90026658363206,0.55,0.55,0.0,0.0028199622334150413,1.0984389720283365,策略1 价格通道突破,招商银行积存金代理
2024-03-26,508.34395726802074,0.55,0.55,0.0,0.004850225408658648,1.1037666486403293,策略1 价格通道突破,招商银行积存金代理
2024-03-27,508.6749432151717,0.55,0.55,0.0,0.00035810845851572685,1.1041619168134351,策略1 价格通道突破,招商银行积存金代理
2024-03-28,512.7189087268392,0.55,0.55,0.0,0.004372499689799481,1.1089898644521905,策略1 价格通道突破,招商银行积存金代理
2024-04-02,526.5691482194128,0.55,0.55,0.0,0.01485732550771577,1.1254664878531142,策略1 价格通道突破,招商银行积存金代理
2024-04-03,528.1568180090017,0.55,0.55,0.0,0.0016583166469715251,1.1273328676655296,策略1 价格通道突破,招商银行积存金代理
2024-04-04,533.1788474178411,0.55,0.55,0.0,0.00522972738527564,1.1332285112358815,策略1 价格通道突破,招商银行积存金代理
2024-04-05,532.2369175020102,0.55,0.55,0.0,-0.0009716466739367769,1.1321274135221289,策略1 价格通道突破,招商银行积存金代理
2024-04-08,543.1896326399733,0.55,0.55,0.0,0.01131825532537756,1.1449411206492317,策略1 价格通道突破,招商银行积存金代理
2024-04-09,549.611256895839,0.55,0.55,0.0,0.006502136875405196,1.152385684529973,策略1 价格通道突破,招商银行积存金代理
2024-04-10,545.6382330913041,0.55,0.55,0.0,-0.003975833946407593,1.1478039904060644,策略1 价格通道突破,招商银行积存金代理
2024-04-11,542.4573516057717,0.55,0.55,0.0,-0.0032063090724620603,1.1441237760582172,策略1 价格通道突破,招商银行积存金代理
2024-04-12,557.1252774206077,0.55,0.55,0.0,0.014871877345341523,1.161139044523644,策略1 价格通道突破,招商银行积存金代理
2024-04-15,546.1230148759125,0.55,0.55,0.0,-0.010861550614968603,1.1485272740205341,策略1 价格通道突破,招商银行积存金代理
2024-04-16,551.1460203831851,0.55,0.55,0.0,0.005058664355369869,1.154337288002792,策略1 价格通道突破,招商银行积存金代理
2024-04-17,556.9964571128786,0.55,0.55,0.0,0.005838271678155705,1.1610766226983777,策略1 价格通道突破,招商银行积存金代理
2024-04-18,553.7085369501776,0.55,0.55,0.0,-0.0032466204522357827,1.1573070475885123,策略1 价格通道突破,招商银行积存金代理
2024-04-19,554.1622343038146,0.55,0.55,0.0,0.0004506586549571812,1.157828598025951,策略1 价格通道突破,招商银行积存金代理
2024-04-22,549.8678276259534,0.55,0.55,0.0,-0.0042621519955990395,1.152893756556313,策略1 价格通道突破,招商银行积存金代理
2024-04-23,535.2761091712858,0.55,0.55,0.0,-0.014595225883130676,1.1360670117601226,策略1 价格通道突破,招商银行积存金代理
2024-04-24,538.5495743359346,0.55,0.55,0.0,0.00336350868217189,1.139888183017707,策略1 价格通道突破,招商银行积存金代理
2024-04-25,541.2401218083633,0.55,0.55,0.0,0.002747752816740179,1.1430203139833626,策略1 价格通道突破,招商银行积存金代理
2024-04-26,546.860464053186,0.55,0.55,0.0,0.005711306516457704,1.1495484533510596,策略1 价格通道突破,招商银行积存金代理
2024-04-29,543.9535777593359,0.55,0.55,0.0,-0.002923574781339589,1.1461876624829144,策略1 价格通道突破,招商银行积存金代理
2024-04-30,538.8713271797357,0.55,0.55,0.0,-0.0051387433286022854,1.140297698279004,策略1 价格通道突破,招商银行积存金代理
2024-05-01,532.6900112549502,0.55,0.55,0.0,-0.006308971339085701,1.1331035927825364,策略1 价格通道突破,招商银行积存金代理
2024-05-02,535.3839117957016,0.55,0.55,0.0,0.002781439985936152,1.1362552524237095,策略1 价格通道突破,招商银行积存金代理
2024-05-03,535.5119077755706,0.55,0.55,0.0,0.00013149029579894169,1.1364046589629537,策略1 价格通道突破,招商银行积存金代理
2024-05-07,537.2581371202981,0.55,0.55,0.0,0.001793472984736344,1.1384427700185324,策略1 价格通道突破,招商银行积存金代理
2024-05-08,536.1620508915855,0.55,0.55,0.0,-0.0011220815175050913,1.1371653444275573,策略1 价格通道突破,招商银行积存金代理
2024-05-09,535.81831511632,0.55,0.55,0.0,-0.0003526073433985977,1.136764371576454,策略1 价格通道突破,招商银行积存金代理
2024-05-10,550.2889141320011,0.55,0.55,0.0,0.014853597262528863,1.1536494117342422,策略1 价格通道突破,招商银行积存金代理
2024-05-13,544.1755383729371,0.55,0.55,0.0,-0.0061101660984554,1.1466004222091606,策略1 价格通道突破,招商银行积存金代理
2024-05-14,545.8264576236519,0.55,0.55,0.0,0.0016685894970730254,1.1485136276309982,策略1 价格通道突破,招商银行积存金代理
2024-05-15,550.3867294622587,0.55,0.55,0.0,0.004595140957720123,1.153791209641825,策略1 价格通道突破,招商银行积存金代理
2024-05-16,553.082929564511,0.55,0.55,0.0,0.0026943056161393922,1.1568998757778155,策略1 价格通道突破,招商银行积存金代理
2024-05-17,657.0564410858575,0.55,0.55,0.0,0.10339395464938231,1.276516329067863,策略1 价格通道突破,招商银行积存金代理
2024-05-20,568.3225020361087,0.55,0.55,0.0,-0.07427621650996746,1.1817015258315093,策略1 价格通道突破,招商银行积存金代理
2024-05-21,562.4336092458844,0.55,0.55,0.0,-0.005699037118923689,1.1749669649723067,策略1 价格通道突破,招商银行积存金代理
2024-05-22,561.9916647392557,0.55,0.55,0.0,-0.00043217452629067956,1.1744591741808128,策略1 价格通道突破,招商银行积存金代理
2024-05-23,549.8733976180969,0.55,0.55,0.0,-0.011859689982643619,1.1605304524777567,策略1 价格通道突破,招商银行积存金代理
2024-05-24,544.7397248187577,0.55,0.55,0.0,-0.005134854771784276,1.1545712971460502,策略1 价格通道突破,招商银行积存金代理
2024-05-28,546.1560243217048,0.55,0.55,0.0,0.0014299759887715926,1.156222306378294,策略1 价格通道突破,招商银行积存金代理
2024-05-29,545.602052599008,0.55,0.55,0.0,-0.0005578707071145772,1.1555772838226532,策略1 价格通道突破,招商银行积存金代理
2024-05-31,546.0681998522857,0.55,0.55,0.0,0.0004699047374940535,1.156120295062862,策略1 价格通道突破,招商银行积存金代理
2024-06-03,541.2731749473332,0.55,0.55,0.0,-0.0048295500423523215,1.1505367542428766,策略1 价格通道突破,招商银行积存金代理
2024-06-04,542.6236220651095,0.55,0.55,0.0,0.0013722200714071154,1.1521155438699402,策略1 价格通道突破,招商银行积存金代理
2024-06-05,543.3834854095147,0.55,0.55,0.0,0.0007701928600754804,1.1530028950358107,策略1 价格通道突破,招商银行积存金代理
2024-06-06,549.8495816566021,0.55,0.55,0.0,0.006544830734445107,1.1605491038201452,策略1 价格通道突破,招商银行积存金代理
2024-06-07,544.5277429371353,0.55,0.55,0.0,-0.005323294576106064,1.1543711590704748,策略1 价格通道突破,招商银行积存金代理
2024-06-10,535.3295389645727,0.55,0.55,0.0,-0.009290641754305324,1.1436463101800487,策略1 价格通道突破,招商银行积存金代理
2024-06-11,536.4521278402434,0.55,0.55,0.0,0.001153352910084249,1.144965337980002,策略1 价格通道突破,招商银行积存金代理
2024-06-12,538.70112070869,0.55,0.55,0.0,0.002305790234490424,1.1476053878751464,策略1 价格通道突破,招商银行积存金代理
2024-06-13,540.0439082255897,0.55,0.55,0.0,0.0013709515460506806,1.1491786992559099,策略1 价格通道突破,招商银行积存金代理
2024-06-14,540.1721376164522,0.55,0.55,0.0,0.0001305933904636625,1.1493287743984943,策略1 价格通道突破,招商银行积存金代理
2024-06-17,541.3117920496604,0.55,0.55,0.0,0.0011603892437517362,1.1506624431458408,策略1 价格通道突破,招商银行积存金代理
2024-06-18,539.1231597874902,0.55,0.55,0.0,-0.002223760431369265,1.1481036455349105,策略1 价格通道突破,招商银行积存金代理
2024-06-19,543.2518115159104,0.55,0.55,0.0,0.004211947510335424,1.1529393978263283,策略1 价格通道突破,招商银行积存金代理
2024-06-20,544.4766628933656,0.55,0.55,0.0,0.0012400662884502036,1.1543691191061987,策略1 价格通道突破,招商银行积存金代理
2024-06-21,551.723282144888,0.55,0.55,0.0,0.007320131164405575,1.1628192524701955,策略1 价格通道突破,招商银行积存金代理
2024-06-24,543.0299471175982,0.55,0.55,0.0,-0.008666181797551437,1.1527420494305958,策略1 价格通道突破,招商银行积存金代理
2024-06-25,544.5207938814144,0.55,0.55,0.0,0.0015099825054792461,1.1544826697585662,策略1 价格通道突破,招商银行积存金代理
2024-06-26,540.8717794781173,0.55,0.55,0.0,-0.003685732380406537,1.150227555600019,策略1 价格通道突破,招商银行积存金代理
2024-06-27,539.850546358686,0.55,0.55,0.0,-0.0010384683338983403,1.149033080706751,策略1 价格通道突破,招商银行积存金代理
2024-06-28,543.8342090430751,0.55,0.55,0.0,0.004058557486312653,1.153696497518474,策略1 价格通道突破,招商银行积存金代理
2024-07-01,543.8584912677537,0.55,0.55,0.0,2.4557527553725757e-05,1.1537248294520006,策略1 价格通道突破,招商银行积存金代理
2024-07-02,544.3260567889664,0.55,0.55,0.0,0.00047284549344356336,1.154270363038281,策略1 价格通道突破,招商银行积存金代理
2024-07-03,547.4326554906942,0.55,0.55,0.0,0.0031389812496385398,1.1578935960648713,策略1 价格通道突破,招商银行积存金代理
2024-07-04,550.6440282650843,0.55,0.55,0.0,0.0032264334401669982,1.1616294626833703,策略1 价格通道突破,招商银行积存金代理
2024-07-05,552.5478755543938,0.55,0.55,0.0,0.0019016205667741317,1.1638384411605798,策略1 价格通道突破,招商银行积存金代理
2024-07-08,554.1186757821705,0.55,0.55,0.0,0.001563557048174935,1.1656581689581933,策略1 价格通道突破,招商银行积存金代理
2024-07-09,552.306868038185,0.55,0.55,0.0,-0.0017983408658540701,1.1635619182373391,策略1 价格通道突破,招商银行积存金代理
2024-07-10,554.9752816234015,0.55,0.55,0.0,0.002657268190566187,1.1666538143104255,策略1 价格通道突破,招商银行积存金代理
2024-07-11,555.9564378149554,0.55,0.55,0.0,0.0009723602531919174,1.1677882221086957,策略1 价格通道突破,招商银行积存金代理
2024-07-12,560.7613307767092,0.55,0.55,0.0,0.004753414025298475,1.1733392030222456,策略1 价格通道突破,招商银行积存金代理
2024-07-15,562.0934650220875,0.55,0.55,0.0,0.0013065698270300465,1.1748722526217859,策略1 价格通道突破,招商银行积存金代理
2024-07-16,569.4265288569608,0.55,0.55,0.0,0.0071752926517688834,1.1833023048627902,策略1 价格通道突破,招商银行积存金代理
2024-07-17,576.5676498417686,0.55,0.55,0.0,0.006897494834897078,1.191464126398703,策略1 价格通道突破,招商银行积存金代理
2024-07-18,575.7344710551125,0.55,0.55,0.0,-0.0007947867570901713,1.1905171664894934,策略1 价格通道突破,招商银行积存金代理
2024-07-19,563.7971321570933,0.55,0.55,0.0,-0.011403757676482896,1.176940797213154,策略1 价格通道突破,招商银行积存金代理
2024-07-22,561.5019018955819,0.55,0.55,0.0,-0.002239061839497858,1.1743055539867657,策略1 价格通道突破,招商银行积存金代理
2024-07-23,562.3387695244415,0.55,0.55,0.0,0.0008197250878740015,1.1752681617101988,策略1 价格通道突破,招商银行积存金代理
2024-07-24,562.9252174876071,0.55,0.55,0.0,0.000573580192619172,1.1759422722487716,策略1 价格通道突破,招商银行积存金代理
2024-07-25,551.2044554533979,0.55,0.55,0.0,-0.01145164387480468,1.16247580012965,策略1 价格通道突破,招商银行积存金代理
2024-07-26,551.9715507419573,0.55,0.55,0.0,0.0007654190827624308,1.1633655812903188,策略1 价格通道突破,招商银行积存金代理
2024-07-29,558.2198777708282,0.55,0.55,0.0,0.006226009042059489,1.170608705918653,策略1 价格通道突破,招商银行积存金代理
2024-07-30,556.9477010270728,0.55,0.55,0.0,-0.0012534437359337125,1.1691414137689897,策略1 价格通道突破,招商银行积存金代理
2024-07-31,561.4400201679014,0.55,0.55,0.0,0.004436279246506136,1.174328051559124,策略1 价格通道突破,招商银行积存金代理
2024-08-01,566.7847323682907,0.55,0.55,0.0,0.005235807218258271,1.1804766068480805,策略1 价格通道突破,招商银行积存金代理
2024-08-02,573.2466371847329,0.55,0.55,0.0,0.006270542317173367,1.1878788353657548,策略1 价格通道突破,招商银行积存金代理
2024-08-05,554.3864064295094,0.55,0.55,0.0,-0.018095399506076994,1.1663836932749978,策略1 价格通道突破,招商银行积存金代理
2024-08-06,555.4485731615919,0.55,0.55,0.0,0.001053762675040737,1.1676127848757472,策略1 价格通道突破,招商银行积存金代理
2024-08-07,552.394239704749,0.55,0.55,0.0,-0.0030243725205769405,1.1640814888544946,策略1 价格通道突破,招商银行积存金代理
2024-08-08,552.6821671738059,0.55,0.55,0.0,0.00028667950640821617,1.1644152071611382,策略1 价格通道突破,招商银行积存金代理
2024-08-09,558.9440379073402,0.55,0.55,0.0,0.0062314818678793965,1.171671239411246,策略1 价格通道突破,招商银行积存金代理
2024-08-12,563.2690194400118,0.55,0.55,0.0,0.004255774606479823,1.176657608119075,策略1 价格通道突破,招商银行积存金代理
2024-08-13,565.8553462348282,0.55,0.55,0.0,0.0025254002759874552,1.1796291395673615,策略1 价格通道突破,招商银行积存金代理
2024-08-14,567.2486632051932,0.55,0.55,0.0,0.001354276033265145,1.1812266830392186,策略1 价格通道突破,招商银行积存金代理
2024-08-15,566.4853379462369,0.55,0.55,0.0,-0.000740114379562884,1.180352440185578,策略1 价格通道突破,招商银行积存金代理
2024-08-16,567.8460559081229,0.55,0.55,0.0,0.001321119592875264,1.1819118269208055,策略1 价格通道突破,招商银行积存金代理
2024-08-19,573.9424988226658,0.55,0.55,0.0,0.005904846160525401,1.1888908344340783,策略1 价格通道突破,招商银行积存金代理
2024-08-20,578.1892049781522,0.55,0.55,0.0,0.004069551201224453,1.1937290865574743,策略1 价格通道突破,招商银行积存金代理
2024-08-21,574.9858391432109,0.55,0.55,0.0,-0.0030471880035953082,1.1900915696053738,策略1 价格通道突破,招商银行积存金代理
2024-08-22,575.4159528578689,0.55,0.55,0.0,0.00041142325072628387,1.1905812009476027,策略1 价格通道突破,招商银行积存金代理
2024-08-23,574.3134034292164,0.55,0.55,0.0,-0.0010538501457026507,1.189326506775513,策略1 价格通道突破,招商银行积存金代理
2024-08-27,574.8912751063194,0.55,0.55,0.0,0.0005534076351151884,1.1899846891450077,策略1 价格通道突破,招商银行积存金代理
2024-08-28,574.8163521275068,0.55,0.55,0.0,-7.167901154757074e-05,1.1898993922187329,策略1 价格通道突破,招商银行积存金代理
2024-08-29,574.2035969366755,0.55,0.55,0.0,-0.000586300918040772,1.1892017531126988,策略1 价格通道突破,招商银行积存金代理
2024-08-30,575.8232888531055,0.55,0.55,0.0,0.0015514193202359806,1.1910467036881365,策略1 价格通道突破,招商银行积存金代理
2024-09-02,572.4676185276488,0.55,0.55,0.0,-0.0032051824139957886,1.1872291817392275,策略1 价格通道突破,招商银行积存金代理
2024-09-03,573.0594458713641,0.55,0.55,0.0,0.0005685999146652133,1.1879042401506525,策略1 价格通道突破,招商银行积存金代理
2024-09-04,565.7901431342198,0.55,0.55,0.0,-0.006976791909171099,1.1796164794590993,策略1 价格通道突破,招商银行积存金代理
2024-09-05,573.8181151466276,0.55,0.55,0.0,0.007803926350439894,1.1888221195865634,策略1 价格通道突破,招商银行积存金代理
2024-09-06,574.0119071476902,0.55,0.55,0.0,0.00018574805808835307,1.1890429409866892,策略1 价格通道突破,招商银行积存金代理
2024-09-09,571.0026887991025,0.55,0.55,0.0,-0.0028833375599251203,1.1856145288145787,策略1 价格通道突破,招商银行积存金代理
2024-09-10,572.885598622833,0.55,0.55,0.0,0.0018136524106913577,1.187764821462914,策略1 价格通道突破,招商银行积存金代理
2024-09-11,577.2721625924675,0.55,0.55,0.0,0.0042113297822439335,1.1927668908298423,策略1 价格通道突破,招商银行积存金代理
2024-09-12,575.7967167888709,0.55,0.55,0.0,-0.0014057410777159108,1.1910901694152634,策略1 价格通道突破,招商银行积存金代理
2024-09-13,588.3351762194524,0.55,0.55,0.0,0.011976714152311586,1.2053555159039782,策略1 价格通道突破,招商银行积存金代理
2024-09-16,590.0140934684387,0.55,0.55,0.0,0.0015695211237854558,1.2072473468478606,策略1 价格通道突破,招商银行积存金代理
2024-09-17,587.289144805876,0.55,0.55,0.0,-0.00254014570329853,1.2041807626869465,策略1 价格通道突破,招商银行积存金代理
2024-09-18,584.7091013278093,0.55,0.55,0.0,-0.0024162270416316525,1.2012711885651297,策略1 价格通道突破,招商银行积存金代理
2024-09-19,588.6084726292027,0.55,0.55,0.0,0.0036678994920655186,1.2056773305475006,策略1 价格通道突破,招商银行积存金代理
2024-09-20,592.2097404016001,0.55,0.55,0.0,0.00336505056743619,1.2097344957328047,策略1 价格通道突破,招商银行积存金代理
2024-09-23,593.3425118826398,0.55,0.55,0.0,0.0010520332106481402,1.211007176598382,策略1 价格通道突破,招商银行积存金代理
2024-09-24,594.1211119533925,0.55,0.55,0.0,0.0007217248559441059,1.2118811905784597,策略1 价格通道突破,招商银行积存金代理
2024-09-25,600.0074476513787,0.55,0.55,0.0,0.0054491997822598845,1.2184849732982848,策略1 价格通道突破,招商银行积存金代理
2024-09-26,601.4221417096338,0.55,0.55,0.0,0.0012967867900406606,1.2200650885155209,策略1 价格通道突破,招商银行积存金代理
2024-09-27,599.540514491201,0.55,0.55,0.0,-0.0017207463749109976,1.2179656659373024,策略1 价格通道突破,招商银行积存金代理
2024-09-30,597.9211758992037,0.55,0.55,0.0,-0.0014855313428723206,1.2161563397660102,策略1 价格通道突破,招商银行积存金代理
2024-10-01,598.7264584035215,0.55,0.55,0.0,0.0007407420831160639,1.2170571979465232,策略1 价格通道突破,招商银行积存金代理
2024-10-02,600.7623475049003,0.55,0.55,0.0,0.0018702013081968395,1.219333339910273,策略1 价格通道突破,招商银行积存金代理
2024-10-03,598.9930846216832,0.55,0.55,0.0,-0.001619766268326961,1.21735830489644,策略1 价格通道突破,招商银行积存金代理
2024-10-04,601.9376526307897,0.55,0.55,0.0,0.002703724711665756,1.22064970662834,策略1 价格通道突破,招商银行积存金代理
2024-10-07,598.3847459042438,0.55,0.55,0.0,-0.0032463473435492556,1.216687053695823,策略1 价格通道突破,招商银行积存金代理
2024-10-08,598.9382709356574,0.55,0.55,0.0,0.000508767593694981,1.2173060646404117,策略1 价格通道突破,招商银行积存金代理
2024-10-09,595.8342223261842,0.55,0.55,0.0,-0.002850421851559504,1.2138362288337246,策略1 价格通道突破,招商银行积存金代理
2024-10-10,595.765933175376,0.55,0.55,0.0,-6.303604515683903e-05,1.213759713398391,策略1 价格通道突破,招商银行积存金代理
2024-10-11,600.2730171287135,0.55,0.55,0.0,0.004160855860158685,1.2188099926147093,策略1 价格通道突破,招商银行积存金代理
2024-10-14,605.8764863929841,0.55,0.55,0.0,0.00513417729500908,1.225067579205722,策略1 价格通道突破,招商银行积存金代理
2024-10-15,607.1766059124025,0.55,0.55,0.0,0.0011802170107923283,1.2265134248020708,策略1 价格通道突破,招商银行积存金代理
2024-10-16,613.2125145448672,0.55,0.55,0.0,0.005467519195452209,1.233219410495656,策略1 价格通道突破,招商银行积存金代理
2024-10-17,613.3912250692206,0.55,0.55,0.0,0.00016028829494344477,1.2334170811322556,策略1 价格通道突破,招商银行积存金代理
2024-10-18,620.9828990265635,0.55,0.55,0.0,0.006807108588922895,1.2418130851389553,策略1 价格通道突破,招商银行积存金代理
2024-10-21,625.741861869417,0.55,0.55,0.0,0.004214978492439137,1.2470473005844454,策略1 价格通道突破,招商银行积存金代理
2024-10-22,625.8953827214021,0.55,0.55,0.0,0.00013493818096107504,1.2472155748787588,策略1 价格通道突破,招商银行积存金代理
2024-10-23,630.2092925188664,0.55,0.55,0.0,0.0037908098607294495,1.2519435319784644,策略1 价格通道突破,招商银行积存金代理
2024-10-24,627.1079661183198,0.55,0.55,0.0,-0.0027066080118923865,1.2485550115843749,策略1 价格通道突破,招商银行积存金代理
2024-10-25,622.3588820683362,0.55,0.55,0.0,-0.004165145985401426,1.2433545976903213,策略1 价格通道突破,招商银行积存金代理
2024-10-28,625.0336971437109,0.55,0.55,0.0,0.002363826296761218,1.2462936719845406,策略1 价格通道突破,招商银行积存金代理
2024-10-29,630.0601547968314,0.55,0.55,0.0,0.004423044264412823,1.2518060840621859,策略1 价格通道突破,招商银行积存金代理
2024-10-30,638.1872159120285,0.55,0.55,0.0,0.0070943759565302526,1.2606868670471951,策略1 价格通道突破,招商银行积存金代理
2024-10-31,635.7769962959276,0.55,0.55,0.0,-0.0020771660036484176,1.2580682111457184,策略1 价格通道突破,招商银行积存金代理
2024-11-01,628.7725240510354,0.55,0.55,0.0,-0.0060594512810865754,1.2504450081119973,策略1 价格通道突破,招商银行积存金代理
2024-11-04,627.6813328540965,0.55,0.55,0.0,-0.0009544869334457252,1.2492514746907621,策略1 价格通道突破,招商银行积存金代理
2024-11-05,624.9815500354409,0.55,0.55,0.0,-0.002365659885898991,1.246296170589686,策略1 价格通道突破,招商银行积存金代理
2024-11-06,622.503324942662,0.55,0.55,0.0,-0.002180902461762535,1.243578120203162,策略1 价格通道突破,招商银行积存金代理
2024-11-07,615.4022917751072,0.55,0.55,0.0,-0.0062739716972834815,1.2357759462736464,策略1 价格通道突破,招商银行积存金代理
2024-11-08,616.5082617446635,0.55,0.55,0.0,0.0009884322684295512,1.2369974270954922,策略1 价格通道突破,招商银行积存金代理
2024-11-11,616.321497235632,0.55,0.55,0.0,-0.00016661655056595117,1.2367913228511307,策略1 价格通道突破,招商银行积存金代理
2024-11-12,600.6453139632885,0.55,0.55,0.0,-0.013989291041218755,1.2194894890785124,策略1 价格通道突破,招商银行积存金代理
2024-11-13,606.7703530252132,0.55,0.55,0.0,0.005608586974282992,1.226329101942233,策略1 价格通道突破,招商银行积存金代理
2024-11-14,591.8543486247057,0.55,0.55,0.0,-0.01352044044237975,1.2097485923566662,策略1 价格通道突破,招商银行积存金代理
2024-11-15,596.5631259661212,0.55,0.55,0.0,0.0043757852650682105,1.2150421924215373,策略1 价格通道突破,招商银行积存金代理
2024-11-18,602.1517492113209,0.55,0.55,0.0,0.005152418329379505,1.2213025980847394,策略1 价格通道突破,招商银行积存金代理
2024-11-19,613.183962665563,0.55,0.55,0.0,0.010076724692372741,1.2336093281317189,策略1 价格通道突破,招商银行积存金代理
2024-11-20,610.7016938424189,0.55,0.55,0.0,-0.0022264898233710973,1.2308627095166178,策略1 价格通道突破,招商银行积存金代理
2024-11-21,621.7731481380541,0.55,0.55,0.0,0.009970988985287888,1.2431356280356098,策略1 价格通道突破,招商银行积存金代理
2024-11-22,629.3894475461955,0.55,0.55,0.0,0.006737127016536404,1.2515107906604672,策略1 价格通道突破,招商银行积存金代理
2024-11-25,621.7644798809991,0.55,0.55,0.0,-0.006663175291877066,1.2431717548826209,策略1 价格通道突破,招商银行积存金代理
2024-11-26,612.2163478008857,0.55,0.55,0.0,-0.00844608017020767,1.2326718265755447,策略1 价格通道突破,招商银行积存金代理
2024-11-27,617.4002906372802,0.55,0.55,0.0,0.004657125818770658,1.2384125343651609,策略1 价格通道突破,招商银行积存金代理
2024-11-28,616.533772974016,0.55,0.55,0.0,-0.0007719217532330792,1.237456576790408,策略1 价格通道突破,招商银行积存金代理
2024-11-29,620.4212575195921,0.55,0.55,0.0,0.0034679633035398895,1.2417480307884412,策略1 价格通道突破,招商银行积存金代理
2024-12-02,613.9357212738715,0.55,0.55,0.0,-0.005749391871914833,1.2346087347532597,策略1 价格通道突破,招商银行积存金代理
2024-12-03,618.3898615978493,0.55,0.55,0.0,0.003990282847697202,1.239535172811163,策略1 价格通道突破,招商银行积存金代理
2024-12-04,618.7142435658116,0.55,0.55,0.0,0.00028850745049132656,1.2398927879436648,策略1 价格通道突破,招商银行积存金代理
2024-12-05,618.6053284022935,0.55,0.55,0.0,-9.681907368042642e-05,1.2397727426724732,策略1 价格通道突破,招商银行积存金代理
2024-12-06,615.3293143565135,0.55,0.55,0.0,-0.002912693509822534,1.2361616646512361,策略1 价格通道突破,招商银行积存金代理
2024-12-09,620.7077905338444,0.55,0.55,0.0,0.004807445100556507,1.2421044439894593,策略1 价格通道突破,招商银行积存金代理
2024-12-10,623.2786119366793,0.55,0.55,0.0,0.002277966851911295,1.2449339167394788,策略1 价格通道突破,招商银行积存金代理
2024-12-11,628.6437469198405,0.55,0.55,0.0,0.0047343582536382494,1.2508278799034287,策略1 价格通道突破,招商银行积存金代理
2024-12-12,633.4893229358969,0.55,0.55,0.0,0.004239391263953596,1.2561306286902008,策略1 价格通道突破,招商银行积存金代理
2024-12-13,623.76376324794,0.55,0.55,0.0,-0.008443801078739844,1.245524111532628,策略1 价格通道突破,招商银行积存金代理
2024-12-16,622.3959489999379,0.55,0.55,0.0,-0.001206062103518052,1.2440219321026906,策略1 价格通道突破,招商银行积存金代理
2024-12-17,618.4899620818438,0.55,0.55,0.0,-0.003451649722983591,1.2397280041453629,策略1 价格通道突破,招商银行积存金代理
2024-12-18,620.2576629667229,0.55,0.55,0.0,0.0015719503084754784,1.241676794963905,策略1 价格通道突破,招商银行积存金代理
2024-12-19,613.9898416119214,0.55,0.55,0.0,-0.005557854341778257,1.2347757361979295,策略1 价格通道突破,招商银行积存金代理
2024-12-20,611.2791571204215,0.55,0.55,0.0,-0.002428177747063276,1.23177748123268,策略1 价格通道突破,招商银行积存金代理
2024-12-23,614.6567140003148,0.55,0.55,0.0,0.0030389655238569515,1.2355208105312094,策略1 价格通道突破,招商银行积存金代理
2024-12-24,613.1961932476961,0.55,0.55,0.0,-0.0013068862596689046,1.2339061253603911,策略1 价格通道突破,招商银行积存金代理
2024-12-27,615.9898385518253,0.55,0.55,0.0,0.002505731337197703,1.236997962605867,策略1 价格通道突破,招商银行积存金代理
2024-12-30,612.4539590791366,0.55,0.55,0.0,-0.0031570873223344454,1.2330926520203704,策略1 价格通道突破,招商银行积存金代理
2024-12-31,612.6081818305456,0.55,0.55,0.0,0.0001384961465552226,1.2332634306010206,策略1 价格通道突破,招商银行积存金代理
2025-01-02,620.5272603439727,0.55,0.55,0.0,0.007109753528544428,1.2420316296283611,策略1 价格通道突破,招商银行积存金代理
2025-01-03,622.8459482853734,0.55,0.55,0.0,0.0020551528502768313,1.2445841944721256,策略1 价格通道突破,招商银行积存金代理
2025-01-06,619.3430940521338,0.55,0.55,0.0,-0.0030931722901713313,1.2407344811289993,策略1 价格通道突破,招商银行积存金代理
2025-01-07,622.5377996012023,0.55,0.55,0.0,0.0028370188815567744,1.2442544682789607,策略1 价格通道突破,招商银行积存金代理
2025-01-08,625.0180866500173,0.55,0.55,0.0,0.002191285216290662,1.2469809847006041,策略1 价格通道突破,招商银行积存金代理
2025-01-09,628.4938913130912,0.55,0.55,0.0,0.0030586195912137184,1.2507950251702802,策略1 价格通道突破,招商银行积存金代理
2025-01-10,631.6334100644044,0.55,0.55,0.0,0.002747417814379416,1.25423148170457,策略1 价格通道突破,招商银行积存金代理
2025-01-13,631.6814476875298,0.55,0.55,0.0,4.182915643469176e-05,1.2542839451494237,策略1 价格通道突破,招商银行积存金代理
2025-01-14,628.3599479720222,0.55,0.55,0.0,-0.002892003319421377,1.2506565518165547,策略1 价格通道突破,招商银行积存金代理
2025-01-15,633.2152698931621,0.55,0.55,0.0,0.00424983652323091,1.2559716377084824,策略1 价格通道突破,招商银行积存金代理
2025-01-16,638.0598392176656,0.55,0.55,0.0,0.004207910413983673,1.2612566538424639,策略1 价格通道突破,招商银行积存金代理
2025-01-17,637.5842747442831,0.55,0.55,0.0,-0.00040993092541457003,1.260739625735169,策略1 价格通道突破,招商银行积存金代理
2025-01-20,637.5406134603872,0.55,0.55,0.0,-3.7663579692809314e-05,1.2606921417678034,策略1 价格通道突破,招商银行积存金代理
2025-01-21,639.8775001664713,0.55,0.55,0.0,0.0020160091156704698,1.2632337086176613,策略1 价格通道突破,招商银行积存金代理
2025-01-22,645.2527254758623,0.55,0.55,0.0,0.004620218587770209,1.2690701244789144,策略1 价格通道突破,招商银行积存金代理
2025-01-23,642.2253455164714,0.55,0.55,0.0,-0.0025804756987846678,1.2657953198626433,策略1 价格通道突破,招商银行积存金代理
2025-01-24,649.1372256802734,0.55,0.55,0.0,0.005919314951723021,1.2732879610253272,策略1 价格通道突破,招商银行积存金代理
2025-01-27,644.3775594317574,0.55,0.55,0.0,-0.004032762770522719,1.2681530927399494,策略1 价格通道突破,招商银行积存金代理
2025-01-28,639.5987724956489,0.55,0.55,0.0,-0.0040788708054598725,1.2629804601131187,策略1 价格通道突破,招商银行积存金代理
2025-01-29,643.2143082372827,0.55,0.55,0.0,0.003109050147390813,1.266907129698785,策略1 价格通道突破,招商银行积存金代理
2025-01-30,640.3322011677566,0.55,0.55,0.0,-0.0024644334989740338,1.2637849213282664,策略1 价格通道突破,招商银行积存金代理
2025-01-31,644.4772315768146,0.55,0.55,0.0,0.0035602874895629857,1.2682843589731698,策略1 价格通道突破,招商银行积存金代理
2025-02-03,645.5292252422713,0.55,0.55,0.0,0.0008977765041995101,1.2694229948712996,策略1 价格通道突破,招商银行积存金代理
2025-02-04,654.9262841898012,0.55,0.55,0.0,0.008006426694626735,1.27958653702421,策略1 价格通道突破,招商银行积存金代理
2025-02-05,663.5703276156297,0.55,0.55,0.0,0.007259174045956985,1.2888752784033322,策略1 价格通道突破,招商银行积存金代理
2025-02-06,668.8112476191525,0.55,0.55,0.0,0.004343934443686026,1.2944740681188038,策略1 价格通道突破,招商银行积存金代理
2025-02-07,671.6327557832246,0.55,0.55,0.0,0.0023202801923022823,1.2974776106585089,策略1 价格通道突破,招商银行积存金代理
2025-02-10,678.3580372177349,0.55,0.55,0.0,0.005507332328762261,1.3046232510495337,策略1 价格通道突破,招商银行积存金代理
2025-02-11,682.6595708553175,0.55,0.55,0.0,0.003487602963139991,1.3091732589656755,策略1 价格通道突破,招商银行积存金代理
2025-02-12,677.3909915501965,0.55,0.55,0.0,-0.004244749127571629,1.3036161469168408,策略1 价格通道突破,招商银行积存金代理
2025-02-13,685.5522725120909,0.55,0.55,0.0,0.006626460323556339,1.3122545075915328,策略1 价格通道突破,招商银行积存金代理
2025-02-14,688.5036769547456,0.55,0.55,0.0,0.0023678317592207843,1.3153617054907887,策略1 价格通道突破,招商银行积存金代理
2025-02-17,675.8293969831028,0.55,0.55,0.0,-0.010124643074145456,1.3020441377092953,策略1 价格通道突破,招商银行积存金代理
2025-02-18,678.312863644434,0.55,0.55,0.0,0.0020210820509280695,1.3046756757455356,策略1 价格通道突破,招商银行积存金代理
2025-02-19,689.0262015894923,0.55,0.55,0.0,0.008686752361032668,1.3160090702521998,策略1 价格通道突破,招商银行积存金代理
2025-02-20,691.6019858722833,0.55,0.55,0.0,0.0020560631109048048,1.3187148679551617,策略1 价格通道突破,招商银行积存金代理
2025-02-21,683.4103472513214,0.55,0.55,0.0,-0.006514442314457276,1.3101241760186506,策略1 价格通道突破,招商银行积存金代理
2025-02-24,685.4330188578789,0.55,0.55,0.0,0.0016278205152746585,1.3122568230299312,策略1 价格通道突破,招商银行积存金代理
2025-02-25,685.5439971647936,0.55,0.55,0.0,8.905037709563413e-05,1.3123736799948682,策略1 价格通道突破,招商银行积存金代理
2025-02-26,678.903048194111,0.55,0.55,0.0,-0.005327917608470373,1.3053814611563304,策略1 价格通道突破,招商银行积存金代理
2025-02-27,674.7668608600446,0.55,0.55,0.0,-0.003350851111639197,1.3010073222361014,策略1 价格通道突破,招商银行积存金代理
2025-02-28,670.2195037155843,0.55,0.55,0.0,-0.003706534174285592,1.2961850941352375,策略1 价格通道突破,招商银行积存金代理
2025-03-03,671.5934620778467,0.55,0.55,0.0,0.0011275068765605246,1.2976465517421703,策略1 价格通道突破,招商银行积存金代理
2025-03-04,681.8841372939567,0.55,0.55,0.0,0.008427526008590702,1.3085825018069355,策略1 价格通道突破,招商银行积存金代理
2025-03-05,681.5116654958034,0.55,0.55,0.0,-0.0003004315216911635,1.3081893623746594,策略1 价格通道突破,招商银行积存金代理
2025-03-06,676.4100110856882,0.55,0.55,0.0,-0.0041171854681636925,1.302803304142284,策略1 价格通道突破,招商银行积存金代理
2025-03-07,680.3379516322027,0.55,0.55,0.0,0.003193872451880853,1.3069642917256037,策略1 价格通道突破,招商银行积存金代理
2025-03-10,674.9660860362137,0.55,0.55,0.0,-0.0043427330060093585,1.3012884947582513,策略1 价格通道突破,招商银行积存金代理
2025-03-11,679.9569358566091,0.55,0.55,0.0,0.0040668227011781966,1.306580604349516,策略1 价格通道突破,招商银行积存金代理
2025-03-12,679.9919436790802,0.55,0.55,0.0,2.8316943829442832e-05,1.3066176027190983,策略1 价格通道突破,招商银行积存金代理
2025-03-13,685.1557791505197,0.55,0.55,0.0,0.0041766811146694005,1.3120749277844697,策略1 价格通道突破,招商银行积存金代理
2025-03-14,697.999614244371,0.55,0.55,0.0,0.010310223625897941,1.3256027137038613,策略1 价格通道突破,招商银行积存金代理
2025-03-17,697.1387050080076,0.55,0.55,0.0,-0.0006783672516960493,1.3247034682341252,策略1 价格通道突破,招商银行积存金代理
2025-03-18,702.6561480866914,0.55,0.55,0.0,0.004352926715267047,1.3304698053508086,策略1 价格通道突破,招商银行积存金代理
2025-03-19,704.9896334075446,0.55,0.55,0.0,0.0018265220192892563,1.3328999377462813,策略1 价格通道突破,招商银行积存金代理
2025-03-20,703.4398822487968,0.55,0.55,0.0,-0.0012090435049255943,1.3312884037338337,策略1 价格通道突破,招商银行积存金代理
2025-03-21,706.3504122429247,0.55,0.55,0.0,0.002275662124320832,1.3343179663307583,策略1 价格通道突破,招商银行积存金代理
2025-03-24,706.1836486388385,0.55,0.55,0.0,-0.00012985053970050454,1.334144704422698,策略1 价格通道突破,招商银行积存金代理
2025-03-25,704.5466664049748,0.55,0.55,0.0,-0.0012749378017466674,1.3324437529060293,策略1 价格通道突破,招商银行积存金代理
2025-03-26,705.0421695108853,0.55,0.55,0.0,0.00038681143669500045,1.332959157388406,策略1 价格通道突破,招商银行积存金代理
2025-03-27,712.0066147215674,0.55,0.55,0.0,0.005432930158677563,1.3402010313948671,策略1 价格通道突破,招商银行积存金代理
2025-03-28,717.0013913675327,0.55,0.55,0.0,0.0038582888114813145,1.3453719140394336,策略1 价格通道突破,招商银行积存金代理
2025-03-31,727.9686321564767,0.55,0.55,0.0,0.008412790416507367,1.3566902459845027,策略1 价格通道突破,招商银行积存金代理
2025-04-01,731.9138581858979,0.55,0.55,0.0,0.0029807250207385286,1.3607341665461006,策略1 价格通道突破,招商银行积存金代理
2025-04-02,730.6525821069953,0.55,0.55,0.0,-0.0009477916501209661,1.359444474065014,策略1 价格通道突破,招商银行积存金代理
2025-04-03,731.049796538994,0.55,0.55,0.0,0.00029900385347197966,1.3598509532013408,策略1 价格通道突破,招商银行积存金代理
2025-04-04,722.0657407093738,0.55,0.55,0.0,-0.006759089093088228,1.3506595994553319,策略1 价格通道突破,招商银行积存金代理
2025-04-07,710.7801525980743,0.55,0.55,0.0,-0.008596271933794798,1.3390489622484236,策略1 价格通道突破,招商银行积存金代理
2025-04-08,708.480751587759,0.55,0.55,0.0,-0.0017792710601875874,1.3366664311817207,策略1 价格通道突破,招商银行积存金代理
2025-04-09,719.4869195341782,0.55,0.55,0.0,0.008544187484225209,1.3480871597736075,策略1 价格通道突破,招商银行积存金代理
2025-04-10,730.5305014303608,0.55,0.55,0.0,0.008442085433370973,1.3594678267480464,策略1 价格通道突破,招商银行积存金代理
2025-04-11,755.7151268961171,0.55,0.55,0.0,0.018960938631645097,1.3852446127827123,策略1 价格通道突破,招商银行积存金代理
2025-04-14,757.1202195055985,0.55,0.55,0.0,0.001022608794915636,1.3866611761068535,策略1 价格通道突破,招商银行积存金代理
2025-04-15,758.6952759292047,0.55,0.55,0.0,0.0011441789700837313,1.3882477646631866,策略1 价格通道突破,招商银行积存金代理
2025-04-16,776.8084248006768,0.55,0.55,0.0,0.013130741939981717,1.4064764878097353,策略1 价格通道突破,招商银行积存金代理
2025-04-17,781.4983316142506,0.55,0.55,0.0,0.003320572569906766,1.411146795055375,策略1 价格通道突破,招商银行积存金代理
2025-04-22,812.1302847578412,0.55,0.55,0.0,0.021558042477422535,1.4415683576050573,策略1 价格通道突破,招商银行积存金代理
2025-04-23,780.7212198825628,0.55,0.55,0.0,-0.021271199960920275,1.4109044688131047,策略1 价格通道突破,招商银行积存金代理
2025-04-24,780.2995692844895,0.55,0.55,0.0,-0.00029704307124527876,1.4104853694164547,策略1 价格通道突破,招商银行积存金代理
2025-04-25,772.873833751754,0.55,0.55,0.0,-0.005234085348463802,1.4031027686101698,策略1 价格通道突破,招商银行积存金代理
2025-04-28,768.868179642709,0.55,0.55,0.0,-0.0028505425643409192,1.3991031644461018,策略1 价格通道突破,招商银行积存金代理
2025-04-29,774.7163406194329,0.55,0.55,0.0,0.004183407016132213,1.4049561824405383,策略1 价格通道突破,招商银行积存金代理
2025-04-30,767.7222458074377,0.55,0.55,0.0,-0.004965368541886745,1.397980057209519,策略1 价格通道突破,招商银行积存金代理
2025-05-01,753.919000484255,0.55,0.55,0.0,-0.009888712967755665,1.3841558336891275,策略1 价格通道突破,招商银行积存金代理
2025-05-02,762.7549475327953,0.55,0.55,0.0,0.006446011937059127,1.3930781187158374,策略1 价格通道突破,招商银行积存金代理
2025-05-06,783.5770578893607,0.55,0.55,0.0,0.015014207030913485,1.4139940820004724,策略1 价格通道突破,招商银行积存金代理
2025-05-07,784.1718034216307,0.55,0.55,0.0,0.00041745740186617254,1.4145843642961986,策略1 价格通道突破,招商银行积存金代理
2025-05-08,776.1227615824662,0.55,0.55,0.0,-0.0056454121306376455,1.4065984525661905,策略1 价格通道突破,招商银行积存金代理
2025-05-09,772.2550401792313,0.55,0.55,0.0,-0.002740863787375403,1.4027431578041738,策略1 价格通道突破,招商银行积存金代理
2025-05-12,746.1712530983377,0.55,0.55,0.0,-0.01857687182094908,1.376684577963932,策略1 价格通道突破,招商银行积存金代理
2025-05-13,753.8728953864459,0.55,0.55,0.0,0.005676851313784393,1.3844998116190133,策略1 价格通道突破,招商银行积存金代理
2025-05-14,748.5097665556797,0.55,0.55,0.0,-0.003912756215236197,1.3790826013761077,策略1 价格通道突破,招商银行积存金代理
2025-05-15,734.8186527937087,0.55,0.55,0.0,-0.010060139366964305,1.3652088382077083,策略1 价格通道突破,招商银行积存金代理
2025-05-16,743.7388855329671,0.55,0.55,0.0,0.006676651426769654,1.3743238617451667,策略1 价格通道突破,招商银行积存金代理
2025-05-19,750.7299572478619,0.55,0.55,0.0,0.005169945417653821,1.3814290410965686,策略1 价格通道突破,招商银行积存金代理
2025-05-20,751.6621013321768,0.55,0.55,0.0,0.0006829076706258542,1.3823724295851587,策略1 价格通道突破,招商银行积存金代理
2025-05-21,766.4766754525218,0.55,0.55,0.0,0.01083999812116242,1.3973573441246085,策略1 价格通道突破,招商银行积存金代理
2025-05-22,765.6607716250336,0.55,0.55,0.0,-0.0005854673984092174,1.396539236955696,策略1 价格通道突破,招商银行积存金代理
2025-05-23,771.2655965360491,0.55,0.55,0.0,0.0040261350918055945,1.4021618925846866,策略1 价格通道突破,招商银行积存金代理
2025-05-27,763.3099876230996,0.55,0.55,0.0,-0.005673253055463768,1.3942070733433256,策略1 价格通道突破,招商银行积存金代理
2025-05-28,769.308539903897,0.55,0.55,0.0,0.004322233179094204,1.400233161414258,策略1 价格通道突破,招商银行积存金代理
2025-05-29,759.4074545755536,0.55,0.55,0.0,-0.0070785603540409366,1.3903215264714577,策略1 价格通道突破,招商银行积存金代理
2025-05-30,762.8004580857346,0.55,0.55,0.0,0.002457378999054727,1.3937380733925424,策略1 价格通道突破,招商银行积存金代理
2025-06-02,774.739661563538,0.55,0.55,0.0,0.008608492356272014,1.4057360569439874,策略1 价格通道突破,招商银行积存金代理
2025-06-03,777.7736783542115,0.55,0.55,0.0,0.0021538967444918013,1.4087638672606537,策略1 价格通道突破,招商银行积存金代理
2025-06-04,778.9085395965246,0.55,0.55,0.0,0.0008025132511465416,1.4098944189318665,策略1 价格通道突破,招商银行积存金代理
2025-06-05,780.9956681676164,0.55,0.55,0.0,0.0014737554613216354,1.4119722585316543,策略1 价格通道突破,招商银行积存金代理
2025-06-06,774.1790265104942,0.55,0.55,0.0,-0.004800478497164457,1.4051941160659802,策略1 价格通道突破,招商银行积存金代理
2025-06-09,765.9101278220365,0.55,0.55,0.0,-0.005874473633250821,1.3969393402815515,策略1 价格通道突破,招商银行积存金代理
2025-06-10,768.1839884402315,0.55,0.55,0.0,0.001632859123515562,1.399220345428328,策略1 价格通道突破,招商银行积存金代理
2025-06-11,771.948614768987,0.55,0.55,0.0,0.002695375732862726,1.4029917699923233,策略1 价格通道突破,招商银行积存金代理
2025-06-12,777.117139241018,0.55,0.55,0.0,0.0036824840478115297,1.408158264804531,策略1 价格通道突破,招商银行积存金代理
2025-06-13,790.934559250139,0.55,0.55,0.0,0.009779196238599054,1.4219289208110597,策略1 价格通道突破,招商银行积存金代理
2025-06-16,788.7477184243568,0.55,0.55,0.0,-0.0015206851693527646,1.4197666145893084,策略1 价格通道突破,招商银行积存金代理
2025-06-17,780.8632573853985,0.55,0.55,0.0,-0.00549789681812305,1.4119608842364806,策略1 价格通道突破,招商银行积存金代理
2025-06-18,781.5154735422906,0.55,0.55,0.0,0.0004593875853394991,1.412609521537684,策略1 价格通道突破,招商银行积存金代理
2025-06-19,778.9095552634186,0.55,0.55,0.0,-0.0018339432831486315,1.410018875793948,策略1 价格通道突破,招商银行积存金代理
2025-06-20,775.3737317990355,0.55,0.55,0.0,-0.0024966992538087984,1.4064984827188967,策略1 价格通道突破,招商银行积存金代理
2025-06-23,776.2147242153488,0.55,0.55,0.0,0.0005965456527643687,1.4073375232743823,策略1 价格通道突破,招商银行积存金代理
2025-06-24,765.3527059135181,0.55,0.55,0.0,-0.007696465784059909,1.3965059981798773,策略1 价格通道突破,招商银行积存金代理
2025-06-25,766.5661342856433,0.55,0.55,0.0,0.0008719974457688241,1.3977237478432911,策略1 价格通道突破,招商银行积存金代理
2025-06-26,769.7172800858474,0.55,0.55,0.0,0.002260901065929999,1.4008838629546658,策略1 价格通道突破,招商银行积存金代理
2025-06-27,757.2850163709109,0.55,0.55,0.0,-0.008883450092808732,1.3884391810722867,策略1 价格通道突破,招商银行积存金代理
2025-06-30,754.8001191617775,0.55,0.55,0.0,-0.0018047279894336911,1.3859334260205793,策略1 价格通道突破,招商银行积存金代理
2025-07-01,770.0746485580199,0.55,0.55,0.0,0.011130087230594011,1.4013589859479842,策略1 价格通道突破,招商银行积存金代理
2025-07-02,769.046438862014,0.55,0.55,0.0,-0.0007343643033336567,1.4003298779325484,策略1 价格通道突破,招商银行积存金代理
2025-07-03,771.6955429647288,0.55,0.55,0.0,0.0018945634266887004,1.4029828917045788,策略1 价格通道突破,招商银行积存金代理
2025-07-04,767.9407258452287,0.55,0.55,0.0,-0.0026761194029851555,1.3992283419660319,策略1 价格通道突破,招商银行积存金代理
2025-07-07,762.5696016466037,0.55,0.55,0.0,-0.0038468051111527515,1.3938457832284872,策略1 价格通道突破,招商银行积存金代理
2025-07-08,766.2537913484505,0.55,0.55,0.0,0.002657205757533898,1.397549518268796,策略1 价格通道突破,招商银行积存金代理
2025-07-09,759.0212048438524,0.55,0.55,0.0,-0.005191390401512542,1.390294293114017,策略1 价格通道突破,招商银行积存金代理
2025-07-10,767.2371620852713,0.55,0.55,0.0,0.005953425877884389,1.3985713071365171,策略1 价格通道突破,招商银行积存金代理
2025-07-11,769.5439138240764,0.55,0.55,0.0,0.0016536131447212556,1.400884003033828,策略1 价格通道突破,招商银行积存金代理
2025-07-14,775.043973029909,0.55,0.55,0.0,0.003930942092928447,1.406390796928664,策略1 价格通道突破,招商银行积存金代理
2025-07-15,774.7480571538844,0.55,0.55,0.0,-0.00020999290037350128,1.4060954648461585,策略1 价格通道突破,招商银行积存金代理
2025-07-16,770.7139507305757,0.55,0.55,0.0,-0.002863845236308971,1.402068625047363,策略1 价格通道突破,招商银行积存金代理
2025-07-17,768.885984117108,0.55,0.55,0.0,-0.0013044809120870415,1.4002396532885528,策略1 价格通道突破,招商银行积存金代理
2025-07-18,774.0360629462346,0.55,0.55,0.0,0.00368395758868223,1.405398076785259,策略1 价格通道突破,招商银行积存金代理
2025-07-21,775.7440164309663,0.55,0.55,0.0,0.001213605491489478,1.4071036756089743,策略1 价格通道突破,招商银行积存金代理
2025-07-22,780.9194738024909,0.55,0.55,0.0,0.0036693825463645306,1.4122668772771794,策略1 价格通道突破,招商银行积存金代理
2025-07-23,789.5631572519084,0.55,0.55,0.0,0.006087728705280027,1.4208643748854959,策略1 价格通道突破,招商银行积存金代理
2025-07-24,773.1241220688618,0.55,0.55,0.0,-0.011451230047441259,1.4045937300624682,策略1 价格通道突破,招商银行积存金代理
2025-07-25,769.6857660649558,0.55,0.55,0.0,-0.0024460442355462133,1.4011580316657646,策略1 价格通道突破,招商银行积存金代理
2025-07-28,770.3618701547092,0.55,0.55,0.0,0.0004831286555623038,1.4018349712618337,策略1 价格通道突破,招商银行积存金代理
2025-07-29,767.1660235070323,0.55,0.55,0.0,-0.002281675306527448,1.3986364390240789,策略1 价格通道突破,招商银行积存金代理
2025-07-30,768.7118918852268,0.55,0.55,0.0,0.0011082706766917028,1.4001865067768016,策略1 价格通道突破,招商银行积存金代理
2025-07-31,765.4971108383019,0.55,0.55,0.0,-0.0023001199727409995,1.3969659098270018,策略1 价格通道突破,招商银行积存金代理
2025-08-01,762.7423583225839,0.55,0.55,0.0,-0.001979254868755398,1.3942009582484913,策略1 价格通道突破,招商银行积存金代理
2025-08-04,775.1950357621657,0.55,0.55,0.0,0.008979405059963098,1.4067200533875932,策略1 价格通道突破,招商银行积存金代理
2025-08-05,776.7482305490406,0.55,0.55,0.0,0.0011019899423650227,1.4082702447381494,策略1 价格通道突破,招商银行积存金代理
2025-08-06,776.5563025965542,0.55,0.55,0.0,-0.0001359003724963781,1.4080788602873142,策略1 价格通道突破,招商银行积存金代理
2025-08-07,779.4208310362222,0.55,0.55,0.0,0.002028817017580653,1.4109355946411606,策略1 价格通道突破,招商银行积存金代理
2025-08-08,784.3038271044154,0.55,0.55,0.0,0.0034456967668361374,1.4157972508578298,策略1 价格通道突破,招商银行积存金代理
2025-08-11,776.0230419261278,0.55,0.55,0.0,-0.005806973892850665,1.4075757531845285,策略1 价格通道突破,招商银行积存金代理
2025-08-12,772.594922970635,0.55,0.55,0.0,-0.002429651342363781,1.404155834866325,策略1 价格通道突破,招商银行积存金代理
2025-08-13,775.5912484229902,0.55,0.55,0.0,0.0021330440439070843,1.4071509611066042,策略1 价格通道突破,招商银行积存金代理
2025-08-14,774.8146019395956,0.55,0.55,0.0,-0.0005507483055482876,1.406375975099124,策略1 价格通道突破,招商银行积存金代理
2025-08-15,771.9638972790796,0.55,0.55,0.0,-0.0020235648106771975,1.4035300821653314,策略1 价格通道突破,招商银行积存金代理
2025-08-18,773.4593020206775,0.55,0.55,0.0,0.0010654288507244481,1.40502544360773,策略1 价格通道突破,招商银行积存金代理
2025-08-19,770.7326176310844,0.55,0.55,0.0,-0.0019389209107166518,1.4023012103950299,策略1 价格通道突破,招商银行积存金代理
2025-08-20,767.6102772365504,0.55,0.55,0.0,-0.002228123187872794,1.3991767105517667,策略1 价格通道突破,招商银行积存金代理
2025-08-21,770.9335117048244,0.55,0.55,0.0,0.002381128825073642,1.4025083305486332,策略1 价格通道突破,招商银行积存金代理
2025-08-22,768.3250293015354,0.55,0.55,0.0,-0.0018609455939155085,1.3998983388504689,策略1 价格通道突破,招商银行积存金代理
2025-08-26,775.5718368029617,0.55,0.55,0.0,0.005187575536108435,1.4071604172261285,策略1 价格通道突破,招商银行积存金代理
2025-08-27,777.7500387728492,0.55,0.55,0.0,0.0015446810038596494,1.4093340311920008,策略1 价格通道突破,招商银行积存金代理
2025-08-28,781.4181286390269,0.55,0.55,0.0,0.0025939560602027734,1.4129897817430617,策略1 价格通道突破,招商银行积存金代理
2025-08-29,783.6373805016362,0.55,0.55,0.0,0.0015620171579087906,1.4151968960260939,策略1 价格通道突破,招商银行积存金代理
2025-09-01,795.2143841108078,0.55,0.55,0.0,0.008125380620521728,1.4266959094592868,策略1 价格通道突破,招商银行积存金代理
2025-09-02,798.2850903574782,0.55,0.55,0.0,0.002123815249591088,1.4297259479883255,策略1 价格通道突破,招商银行积存金代理
2025-09-03,812.0769690347087,0.55,0.55,0.0,0.00950228604304747,1.4433116129092776,策略1 价格通道突破,招商银行积存金代理
2025-09-04,812.6624524442024,0.55,0.55,0.0,0.0003965336876925463,1.443883934585634,策略1 价格通道突破,招商银行积存金代理
2025-09-05,814.7633046782682,0.55,0.55,0.0,0.0014218310754495868,1.4459368936331707,策略1 价格通道突破,招商银行积存金代理
2025-09-08,827.5710860146447,0.55,0.55,0.0,0.008645798963404106,1.4584381733292922,策略1 价格通道突破,招商银行积存金代理
2025-09-09,836.5778983636686,0.55,0.55,0.0,0.005985886742151714,1.4671682190552717,策略1 价格通道突破,招商银行积存金代理
2025-09-10,834.7915642528653,0.55,0.55,0.0,-0.001174407981448611,1.4654451649886855,策略1 价格通道突破,招商银行积存金代理
2025-09-11,828.0108296624625,0.55,0.55,0.0,-0.004467467310908169,1.45889833661817,策略1 价格通道突破,招商银行积存金代理
2025-09-12,834.2816451056698,0.55,0.55,0.0,0.004165342251827764,1.464975147500807,策略1 价格通道突破,招商银行积存金代理
2025-09-15,832.6569956512554,0.55,0.55,0.0,-0.0010710498129378077,1.4634060861431175,策略1 价格通道突破,招商银行积存金代理
2025-09-16,845.2371828002307,0.55,0.55,0.0,0.008309667687983125,1.4755665044115387,策略1 价格通道突破,招商银行积存金代理
2025-09-17,838.0728792727797,0.55,0.55,0.0,-0.004661847609500353,1.468687638230289,策略1 价格通道突破,招商银行积存金代理
2025-09-18,839.8343685508877,0.55,0.55,0.0,0.0011560081789068755,1.4703854531523426,策略1 价格通道突破,招商银行积存金代理
2025-09-19,836.4955669931148,0.55,0.55,0.0,-0.0021865512124059072,1.4671703800570481,策略1 价格通道突破,招商银行积存金代理
2025-09-22,851.1258110536013,0.55,0.55,0.0,0.009619458310092666,1.4812837643618098,策略1 价格通道突破,招商银行积存金代理
2025-09-23,866.1920761600317,0.55,0.55,0.0,0.009735864781587333,1.495705342794797,策略1 价格通道突破,招商银行积存金代理
2025-09-24,863.9499651752061,0.55,0.55,0.0,-0.0014236577262641827,1.4935759703273126,策略1 价格通道突破,招商银行积存金代理
2025-09-25,860.6391948970576,0.55,0.55,0.0,-0.002107672581030085,1.4904280012069684,策略1 价格通道突破,招商银行积存金代理
2025-09-26,859.8020418586357,0.55,0.55,0.0,-0.0005349909391322738,1.4896306357308937,策略1 价格通道突破,招商银行积存金代理
2025-09-29,872.7385866742449,0.55,0.55,0.0,0.00827527651970248,1.5019577411537872,策略1 价格通道突破,招商银行积存金代理
2025-09-30,871.2475928180095,0.55,0.55,0.0,-0.0009396245719516139,1.5005464647541662,策略1 价格通道突破,招商银行积存金代理
2025-10-01,889.4550893722837,0.55,0.55,0.0,0.011494003756682582,1.5177937514571274,策略1 价格通道突破,招商银行积存金代理
2025-10-02,887.4867113664163,0.55,0.55,0.0,-0.0012171585908751171,1.5159463557533648,策略1 价格通道突破,招商银行积存金代理
2025-10-03,883.6415078200705,0.55,0.55,0.0,-0.00238297872340425,1.5123338878417822,策略1 价格通道突破,招商银行积存金代理
2025-10-06,902.2381023522488,0.55,0.55,0.0,0.011574973450410553,1.529839112441707,策略1 价格通道突破,招商银行积存金代理
2025-10-07,906.8958340289236,0.55,0.55,0.0,0.0028393307880616673,1.5341828317344437,策略1 价格通道突破,招商银行积存金代理
2025-10-08,923.4134498389047,0.55,0.55,0.0,0.010017345272312572,1.5495512708707817,策略1 价格通道突破,招商银行积存金代理
2025-10-09,925.9214626194132,0.55,0.55,0.0,0.0014938130146580299,1.5518660107260882,策略1 价格通道突破,招商银行积存金代理
2025-10-10,916.1709408566909,0.55,0.55,0.0,-0.0057918378458644395,1.5428778544334543,策略1 价格通道突破,招商银行积存金代理
2025-10-13,929.2655543822909,0.55,0.55,0.0,0.007861019290074357,1.555006447009384,策略1 价格通道突破,招商银行积存金代理
2025-10-14,951.0223706717504,0.55,0.55,0.0,0.012877103754434394,1.5750304263663384,策略1 价格通道突破,招商银行积存金代理
2025-10-15,960.2684219724229,0.55,0.55,0.0,0.005347222496751436,1.5834524644952725,策略1 价格通道突破,招商银行积存金代理
2025-10-16,967.6922440557956,0.55,0.55,0.0,0.004252042504395004,1.5901853716779955,策略1 价格通道突破,招商银行积存金代理
2025-10-17,993.5016454130362,0.55,0.55,0.0,0.014669096330655152,1.6135119540787386,策略1 价格通道突破,招商银行积存金代理
2025-10-20,973.4427601471248,0.55,0.55,0.0,-0.011104548187904307,1.5955946328329116,策略1 价格通道突破,招商银行积存金代理
2025-10-21,978.8747137240744,0.55,0.55,0.0,0.0030690807817716384,1.600491641656037,策略1 价格通道突破,招商银行积存金代理
2025-10-22,935.0576697439899,0.55,0.55,0.0,-0.024619467487684656,1.5610883897199754,策略1 价格通道突破,招商银行积存金代理
2025-10-23,945.1837383468771,0.55,0.55,0.0,0.005956143574666129,1.570386456301892,策略1 价格通道突破,招商银行积存金代理
2025-10-24,932.3428753334873,0.55,0.55,0.0,-0.007472065346486628,1.558652426081167,策略1 价格通道突破,招商银行积存金代理
2025-10-27,922.5944947741036,0.55,0.55,0.0,-0.005750684055737799,1.5496891084260649,策略1 价格通道突破,招商银行积存金代理
2025-10-28,893.8648221981052,0.55,0.55,0.0,-0.01712704769679779,1.523147509150844,策略1 价格通道突破,招商银行积存金代理
2025-10-29,918.5185796925928,0.55,0.55,0.0,0.015169594199516457,1.5462530387706663,策略1 价格通道突破,招商银行积存金代理
2025-10-30,909.8485577907659,0.55,0.55,0.0,-0.005191524865616421,1.5382256276713533,策略1 价格通道突破,招商银行积存金代理
2025-10-31,917.3588209858591,0.55,0.55,0.0,0.0045399255974323816,1.545209057573045,策略1 价格通道突破,招商银行积存金代理
2025-11-03,913.9160289619563,0.55,0.55,0.0,-0.0020641166464302643,1.5420195658350937,策略1 价格通道突破,招商银行积存金代理
2025-11-04,920.6316898073503,0.55,0.55,0.0,0.004041523890506649,1.548251674750045,策略1 价格通道突破,招商银行积存金代理
2025-11-05,908.8156482921781,0.55,0.55,0.0,-0.007059090953847814,1.5373224253585374,策略1 价格通道突破,招商银行积存金代理
2025-11-06,917.4100276073107,0.55,0.55,0.0,0.005201174332996595,1.545318307298852,策略1 价格通道突破,招商银行积存金代理
2025-11-07,916.9379612878851,0.55,0.55,0.0,-0.0002830102875169716,1.544880966320398,策略1 价格通道突破,招商银行积存金代理
2025-11-10,933.2333843219549,0.55,0.55,0.0,0.009774361022364142,1.5599811906217922,策略1 价格通道突破,招商银行积存金代理
2025-11-11,947.0357117480626,0.55,0.55,0.0,0.00813438547301294,1.5726706789569598,策略1 价格通道突破,招商银行积存金代理
2025-11-12,943.0530117155754,0.55,0.55,0.0,-0.0023129909365558147,1.5690331059303453,策略1 价格通道突破,招商银行积存金代理
2025-11-13,969.1923418138541,0.55,0.55,0.0,0.015244775612242335,1.5929526635584328,策略1 价格通道突破,招商银行积存金代理
2025-11-14,951.4838017201616,0.55,0.55,0.0,-0.010049292210979428,1.576944616764076,策略1 价格通道突破,招商银行积存金代理
2025-11-17,931.9682392723673,0.55,0.55,0.0,-0.01128086397990375,1.559155319038519,策略1 价格通道突破,招商银行积存金代理
2025-11-18,923.4261291106739,0.55,0.55,0.0,-0.005041116629252818,1.551295435232126,策略1 价格通道突破,招商银行积存金代理
2025-11-19,939.3305248954582,0.55,0.55,0.0,0.009472785538412076,1.5659905241967973,策略1 价格通道突破,招商银行积存金代理
2025-11-20,928.3391249349967,0.55,0.55,0.0,-0.006435721844477083,1.55591224477198,策略1 价格通道突破,招商银行积存金代理
2025-11-21,921.8836769332702,0.55,0.55,0.0,-0.003824568313005439,1.5499615521028078,策略1 价格通道突破,招商银行积存金代理
2025-11-24,929.4553426867351,0.55,0.55,0.0,0.004517290270567498,1.5569631783418754,策略1 价格通道突破,招商银行积存金代理
2025-11-25,943.0827186237016,0.55,0.55,0.0,0.008063923484119174,1.5695184102796151,策略1 价格通道突破,招商银行积存金代理
2025-11-26,946.6088721403416,0.55,0.55,0.0,0.002056430889733996,1.5727460164205203,策略1 价格通道突破,招商银行积存金代理
2025-11-27,945.0028094330909,0.55,0.55,0.0,-0.0009331567820515308,1.571278397808853,策略1 价格通道突破,招商银行积存金代理
2025-11-28,946.2312675869038,0.55,0.55,0.0,0.0007149735194992292,1.5724018202550476,策略1 价格通道突破,招商银行积存金代理
2025-12-01,967.6790434024826,0.55,0.55,0.0,0.01246658940858243,1.592004308133475,策略1 价格通道突破,招商银行积存金代理
2025-12-02,951.6625836624443,0.55,0.55,0.0,-0.009103279560594146,1.5775118478548658,策略1 价格通道突破,招商银行积存金代理
2025-12-03,954.8888669941965,0.55,0.55,0.0,0.0018645850566434976,1.580453252873054,策略1 价格通道突破,招商银行积存金代理
2025-12-04,953.7065150841604,0.55,0.55,0.0,-0.0006810149044536196,1.579376940652055,策略1 价格通道突破,招商银行积存金代理
2025-12-05,960.3411239647874,0.55,0.55,0.0,0.00382616122112035,1.5854198914559097,策略1 价格通道突破,招商银行积存金代理
2025-12-08,955.5735351951599,0.55,0.55,0.0,-0.002730460830907056,1.5810909645417484,策略1 价格通道突破,招商银行积存金代理
2025-12-09,955.9219041083528,0.55,0.55,0.0,0.000200510892358452,1.5814079905019485,策略1 价格通道突破,招商银行积存金代理
2025-12-10,951.8265873226908,0.55,0.55,0.0,-0.002356284778530188,1.5776817429252825,策略1 价格通道突破,招商银行积存金代理
2025-12-11,956.9514668050294,0.55,0.55,0.0,0.002961341648602911,1.5823537975788478,策略1 价格通道突破,招商银行积存金代理
2025-12-12,980.1669131208648,0.55,0.55,0.0,0.013342887196086952,1.603466965804242,策略1 价格通道突破,招商银行积存金代理
2025-12-15,983.7075374736729,0.55,0.55,0.0,0.0019867467142346776,1.6066526485299375,策略1 价格通道突破,招商银行积存金代理
2025-12-16,968.8541782690099,0.55,0.55,0.0,-0.00830465077409583,1.5933099593686202,策略1 价格通道突破,招商银行积存金代理
2025-12-17,976.8643856077395,0.55,0.55,0.0,0.004547241612945741,1.600555124718182,策略1 价格通道突破,招商银行积存金代理
2025-12-18,978.5732299922353,0.55,0.55,0.0,0.0009621237352081425,1.6020950567931824,策略1 价格通道突破,招商银行积存金代理
2025-12-19,979.5726915280612,0.55,0.55,0.0,0.0005617401210828766,1.6029950178643717,策略1 价格通道突破,招商银行积存金代理
2025-12-22,997.4097334738937,0.55,0.55,0.0,0.010014951575369425,1.6190489353438418,策略1 价格通道突破,招商银行积存金代理
2025-12-23,1014.5572760422982,0.55,0.55,0.0,0.009455641043099351,1.6343580809076652,策略1 价格通道突破,招商银行积存金代理
2025-12-24,1012.4611488136705,0.55,0.55,0.0,-0.0011363281334321907,1.6325009138402276,策略1 价格通道突破,招商银行积存金代理
2025-12-29,1007.2528758534502,0.55,0.55,0.0,-0.002829293876093614,1.627882089001982,策略1 价格通道突破,招商银行积存金代理
2025-12-30,988.6589531635799,0.55,0.55,0.0,-0.010153018893853805,1.6113541713953787,策略1 价格通道突破,招商银行积存金代理
2026-01-05,997.5183066323793,0.55,0.55,0.0,0.0049285392017620056,1.6192957935970236,策略1 价格通道突破,招商银行积存金代理
2026-01-06,1000.3967346284049,0.55,0.55,0.0,0.0015870740289055886,1.6218657358961577,策略1 价格通道突破,招商银行积存金代理
2026-01-07,1001.2649415897638,0.55,0.55,0.0,0.00047732445760603206,1.6226398920788538,策略1 价格通道突破,招商银行积存金代理
2026-01-08,996.9685356084848,0.55,0.55,0.0,-0.0023600379795097274,1.6188104003064803,策略1 价格通道突破,招商银行积存金代理
2026-01-09,1003.8950120539668,0.55,0.55,0.0,0.003821145712176333,1.624996110726438,策略1 价格通道突破,招商银行积存金代理
2026-01-12,1029.1229108993252,0.55,0.55,0.0,0.013821509419155555,1.6474560097769346,策略1 价格通道突破,招商银行积存金代理
2026-01-13,1027.4196590660547,0.55,0.55,0.0,-0.0009102785472730025,1.6459563659136587,策略1 价格通道突破,招商银行积存金代理
2026-01-14,1039.3293820858341,0.55,0.55,0.0,0.006375532727136113,1.6564502145919795,策略1 价格通道突破,招商银行积存金代理
2026-01-15,1033.7494015675238,0.55,0.55,0.0,-0.0029528553103266688,1.6515589567795297,策略1 价格通道突破,招商银行积存金代理
2026-01-16,1031.8493998420313,0.55,0.55,0.0,-0.001010884211817964,1.649889421905235,策略1 价格通道突破,招商银行积存金代理
2026-01-19,1045.0869732348997,0.55,0.55,0.0,0.007055937976212634,1.6615309393338076,策略1 价格通道突破,招商银行积存金代理
2026-01-20,1058.3047207822171,0.55,0.55,0.0,0.006956130290785457,1.6730887650299848,策略1 价格通道突破,招商银行积存金代理
2026-01-21,1087.670477093332,0.55,0.55,0.0,0.01526135682280191,1.6986223696693283,策略1 价格通道突破,招商银行积存金代理
2026-01-22,1080.3834526658773,0.55,0.55,0.0,-0.0036848140310019877,1.692363262128197,策略1 价格通道突破,招商银行积存金代理
2026-01-23,1104.3274119540026,0.55,0.55,0.0,0.012189355155314142,1.7129920789820834,策略1 价格通道突破,招商银行积存金代理
2026-01-26,1141.8429802197052,0.55,0.55,0.0,0.018684279972392692,1.7449981025762757,策略1 价格通道突破,招商银行积存金代理
2026-01-27,1137.6112125303,0.55,0.55,0.0,-0.002038347013986969,1.7414411909044767,策略1 价格通道突破,招商银行积存金代理
2026-01-28,1180.0758282728984,0.55,0.55,0.0,0.020530334442187215,1.7771935609651464,策略1 价格通道突破,招商银行积存金代理
2026-01-29,1230.138160674714,0.55,0.55,0.0,0.023332638599416512,1.8186601760443564,策略1 价格通道突破,招商银行积存金代理
2026-01-30,1131.0906042572594,0.55,0.55,0.0,-0.044284583448513326,1.7381215677138322,策略1 价格通道突破,招商银行积存金代理
2026-02-02,1047.1036456901854,0.55,0.55,0.0,-0.04083919275611314,1.6671380859764093,策略1 价格通道突破,招商银行积存金代理
2026-02-03,1099.5925105550073,0.55,0.55,0.0,0.027570217900085195,1.71310144627631,策略1 价格通道突破,招商银行积存金代理
2026-02-04,1126.804092146565,0.55,0.55,0.0,0.013610832860076994,1.736418183733933,策略1 价格通道突破,招商银行积存金代理
2026-02-05,1083.833080447246,0.55,0.55,0.0,-0.02097441480675001,1.699997828470314,策略1 价格通道突破,招商银行积存金代理
2026-02-06,1086.3023339526205,0.55,0.55,0.0,0.0012530429753958017,1.7021279988074671,策略1 价格通道突破,招商银行积存金代理
2026-02-09,1113.7648216719813,0.55,0.55,0.0,0.01390438717984679,1.7257950455325437,策略1 价格通道突破,招商银行积存金代理
2026-02-10,1123.4084786747949,0.55,0.55,0.0,0.0047622363791174245,1.7340136894812792,策略1 价格通道突破,招商银行积存金代理
2026-02-11,1126.5240971390265,0.55,0.55,0.0,0.001525349138675558,1.736658665768981,策略1 价格通道突破,招商银行积存金代理
2026-02-12,1125.2669715088202,0.55,0.55,0.0,-0.0006137632549267192,1.7355927684935821,策略1 价格通道突破,招商银行积存金代理
2026-02-13,1102.406277575899,0.55,0.55,0.0,-0.011173687650538318,1.7161997970099019,策略1 价格通道突破,招商银行积存金代理
2026-02-16,1111.686110982031,0.55,0.55,0.0,0.004629788923731226,1.724145439821008,策略1 价格通道突破,招商银行积存金代理
2026-02-17,1093.2298206111104,0.55,0.55,0.0,-0.009131138370559733,1.708402029239033,策略1 价格通道突破,招商银行积存金代理
2026-02-18,1092.0193900151837,0.55,0.55,0.0,-0.0006089632895191045,1.7073616751194864,策略1 价格通道突破,招商银行积存金代理
2026-02-19,1108.4990139083523,0.55,0.55,0.0,0.008300029490425742,1.721532827373801,策略1 价格通道突破,招商银行积存金代理
2026-02-20,1117.6767310787957,0.55,0.55,0.0,0.004553675177343253,1.7293721286767945,策略1 价格通道突破,招商银行积存金代理
2026-02-23,1143.257250286801,0.55,0.55,0.0,0.012587973940213515,1.7511414199655095,策略1 价格通道突破,招商银行积存金代理
2026-02-24,1147.6325682207016,0.55,0.55,0.0,0.0021048848481316166,1.7548273710073303,策略1 价格通道突破,招商银行积存金代理
2026-02-25,1144.4917500241156,0.55,0.55,0.0,-0.001505229161281624,1.752185953675475,策略1 价格通道突破,招商银行积存金代理
2026-02-26,1142.8431013331058,0.55,0.55,0.0,-0.0007922790007322545,1.7507977335389997,策略1 价格通道突破,招商银行积存金代理
2026-02-27,1137.991763089028,0.55,0.55,0.0,-0.0023347352152980564,1.7467100844156422,策略1 价格通道突破,招商银行积存金代理
2026-03-02,1188.5220440710914,0.55,0.55,0.0,0.024421665816539585,1.7893676543756205,策略1 价格通道突破,招商银行积存金代理
2026-03-03,1165.5167450362208,0.55,0.55,0.0,-0.01064592325594429,1.7703181836504687,策略1 价格通道突破,招商银行积存金代理
2026-03-04,1149.9028219329948,0.55,0.55,0.0,-0.007368111821085322,1.7572742813144313,策略1 价格通道突破,招商银行积存金代理
2026-03-05,1142.8115619736818,0.55,0.55,0.0,-0.0033917587671155273,1.7513140308645565,策略1 价格通道突破,招商银行积存金代理
2026-03-06,1128.1764781822167,0.55,0.55,0.0,-0.00704341498908569,1.7389787993689692,策略1 价格通道突破,招商银行积存金代理
2026-03-09,1129.6024834944114,0.55,0.55,0.0,0.0006951952437182497,1.7401877291592172,策略1 价格通道突破,招商银行积存金代理
2026-03-10,1149.619623408592,0.55,0.55,0.0,0.009746284302369535,1.7571480935070976,策略1 价格通道突破,招商银行积存金代理
2026-03-11,1146.0141996830207,0.55,0.55,0.0,-0.0017249036191507251,1.7541171824012234,策略1 价格通道突破,招商银行积存金代理
2026-03-12,1143.7505255565195,0.55,0.55,0.0,-0.001086392096991501,1.7522115233570659,策略1 价格通道突破,招商银行积存金代理
2026-03-13,1122.4979022746331,0.55,0.55,0.0,-0.010219836007812927,1.7343042089373564,策略1 价格通道突破,招商银行积存金代理
2026-03-16,1105.669360753675,0.55,0.55,0.0,-0.008245625954196657,1.7200037851396701,策略1 价格通道突破,招商银行积存金代理
2026-03-17,1119.4308124795064,0.55,0.55,0.0,0.006845444685243041,1.7317779759092524,策略1 价格通道突破,招商银行积存金代理
2026-03-18,1103.2899996703472,0.55,0.55,0.0,-0.007930322219176906,1.718044418548218,策略1 价格通道突破,招商银行积存金代理
2026-03-19,1034.7188992708138,0.55,0.55,0.0,-0.0341833110342811,1.6593159718182735,策略1 价格通道突破,招商银行积存金代理
2026-03-20,1031.6820607130717,0.55,0.55,0.0,-0.001614217356941339,1.6566374751759145,策略1 价格通道突破,招商银行积存金代理
2026-03-23,943.8664168192872,0.55,0.55,0.0,-0.04681539592556132,1.5790813358704319,策略1 价格通道突破,招商银行积存金代理
2026-03-24,977.5586408320819,0.55,0.55,0.0,0.019632781585219784,1.610083094842873,策略1 价格通道突破,招商银行积存金代理
2026-03-25,1009.4471984021704,0.55,0.55,0.0,0.01794133459719619,1.6389701343767382,策略1 价格通道突破,招商银行积存金代理
2026-03-26,985.7342669063809,0.55,0.55,0.0,-0.012920054009093618,1.6177945517212995,策略1 价格通道突破,招商银行积存金代理
2026-03-27,984.2424981100411,0.55,0.55,0.0,-0.0008323468763664411,1.6164479854795717,策略1 价格通道突破,招商银行积存金代理
2026-03-30,1006.1920438195175,0.55,0.55,0.0,0.012265524160350061,1.6362745672994203,策略1 价格通道突破,招商银行积存金代理
2026-03-31,1009.3997401151232,0.55,0.55,0.0,0.0017533759816725115,1.6391435718251448,策略1 价格通道突破,招商银行积存金代理
2026-04-01,1042.542590097105,0.0,0.0,0.0013188909624036837,0.016739928319649034,1.6665827177231112,策略1 价格通道突破,招商银行积存金代理
2026-04-02,1023.9389795877623,0.0,0.0,0.0,-0.0,1.6665827177231112,策略1 价格通道突破,招商银行积存金代理
2026-04-07,1032.2478638670282,0.0,0.0,0.0,0.0,1.6665827177231112,策略1 价格通道突破,招商银行积存金代理
2026-04-08,1053.4013467527677,0.0,0.0,0.0,0.0,1.6665827177231112,策略1 价格通道突破,招商银行积存金代理
2026-04-09,1038.6630404076977,0.0,0.0,0.0,-0.0,1.6665827177231112,策略1 价格通道突破,招商银行积存金代理
2026-04-10,1042.9019883316716,0.0,0.0,0.0,0.0,1.6665827177231112,策略1 价格通道突破,招商银行积存金代理
2026-04-13,1035.7947133957841,0.0,0.0,0.0,-0.0,1.6665827177231112,策略1 价格通道突破,招商银行积存金代理
2026-04-14,1045.6547514805457,0.0,0.0,0.0,0.0,1.6665827177231112,策略1 价格通道突破,招商银行积存金代理
2026-04-15,1051.7726407760765,0.0,0.0,0.0,0.0,1.6665827177231112,策略1 价格通道突破,招商银行积存金代理
2026-04-16,1055.4966117476856,0.0,0.0,0.0,0.0,1.6665827177231112,策略1 价格通道突破,招商银行积存金代理
2026-04-17,1051.7465224966265,0.0,0.0,0.0,-0.0,1.6665827177231112,策略1 价格通道突破,招商银行积存金代理
2026-04-20,1049.2581150200067,0.0,0.0,0.0,-0.0,1.6665827177231112,策略1 价格通道突破,招商银行积存金代理
2026-04-21,1048.8603478345462,0.0,0.0,0.0,-0.0,1.6665827177231112,策略1 价格通道突破,招商银行积存金代理
2026-04-22,1043.5141951513133,0.0,0.0,0.0,-0.0,1.6665827177231112,策略1 价格通道突破,招商银行积存金代理
2026-04-23,1031.6642287469476,0.0,0.0,0.0,-0.0,1.6665827177231112,策略1 价格通道突破,招商银行积存金代理
2026-04-24,1027.0336015847956,0.0,0.0,0.0,-0.0,1.6665827177231112,策略1 价格通道突破,招商银行积存金代理
2026-04-27,1031.3341314206568,0.0,0.0,0.0,0.0,1.6665827177231112,策略1 价格通道突破,招商银行积存金代理
2026-04-28,1013.5697068940112,0.0,0.0,0.0,-0.0,1.6665827177231112,策略1 价格通道突破,招商银行积存金代理
2026-04-29,1003.5932441282879,0.0,0.0,0.0,-0.0,1.6665827177231112,策略1 价格通道突破,招商银行积存金代理
2026-04-30,1015.376026121469,0.0,0.0,0.0,0.0,1.6665827177231112,策略1 价格通道突破,招商银行积存金代理
2026-05-01,1002.7546154461296,0.0,0.0,0.0,-0.0,1.6665827177231112,策略1 价格通道突破,招商银行积存金代理
2026-05-05,1000.0586232216385,0.0,0.0,0.0,-0.0,1.6665827177231112,策略1 价格通道突破,招商银行积存金代理
2026-05-06,1029.0467492207229,0.0,0.0,0.0,0.0,1.6665827177231112,策略1 价格通道突破,招商银行积存金代理
2026-05-07,1035.2170238432152,0.0,0.0,0.0,0.0,1.6665827177231112,策略1 价格通道突破,招商银行积存金代理
2026-05-08,1029.9580080909834,0.0,0.0,0.0,-0.0,1.6665827177231112,策略1 价格通道突破,招商银行积存金代理
2026-05-11,1016.1896277613122,0.0,0.0,0.0,-0.0,1.6665827177231112,策略1 价格通道突破,招商银行积存金代理
2026-05-12,1026.0341679760859,0.0,0.0,0.0,0.0,1.6665827177231112,策略1 价格通道突破,招商银行积存金代理
2026-05-13,1023.2548132171386,0.0,0.0,0.0,-0.0,1.6665827177231112,策略1 价格通道突破,招商银行积存金代理
2026-05-15,994.1296855523036,0.0,0.0,0.0,-0.0,1.6665827177231112,策略1 价格通道突破,招商银行积存金代理
2026-05-18,992.8639510230994,0.0,0.0,0.0,-0.0,1.6665827177231112,策略1 价格通道突破,招商银行积存金代理
2026-05-19,994.8934018123489,0.0,0.0,0.0,0.0,1.6665827177231112,策略1 价格通道突破,招商银行积存金代理
2026-05-20,978.2660944998214,0.0,0.0,0.0,-0.0,1.6665827177231112,策略1 价格通道突破,招商银行积存金代理
2026-05-21,992.4197031054384,0.0,0.0,0.0,0.0,1.6665827177231112,策略1 价格通道突破,招商银行积存金代理
2026-05-22,987.4769600218979,0.0,0.0,0.0,-0.0,1.6665827177231112,策略1 价格通道突破,招商银行积存金代理
2026-05-26,985.4635634626383,0.0,0.0,0.0,-0.0,1.6665827177231112,策略1 价格通道突破,招商银行积存金代理
2026-05-27,978.0104746338562,0.0,0.0,0.0,-0.0,1.6665827177231112,策略1 价格通道突破,招商银行积存金代理
2026-05-28,957.2848165806189,0.0,0.0,0.0,-0.0,1.6665827177231112,策略1 价格通道突破,招商银行积存金代理
2026-05-29,986.4595638880066,0.0,0.0,0.0,0.0,1.6665827177231112,策略1 价格通道突破,招商银行积存金代理
2026-06-01,976.6610850548682,0.0,0.0,0.0,-0.0,1.6665827177231112,策略1 价格通道突破,招商银行积存金代理
2026-06-02,983.5183380923418,0.0,0.0,0.0,0.0,1.6665827177231112,策略1 价格通道突破,招商银行积存金代理
2026-06-03,966.5706833683441,0.0,0.0,0.0,-0.0,1.6665827177231112,策略1 价格通道突破,招商银行积存金代理
2026-06-04,972.3459170232733,0.0,0.0,0.0,0.0,1.6665827177231112,策略1 价格通道突破,招商银行积存金代理
2026-06-05,971.9430368238326,0.0,0.0,0.0,-0.0,1.6665827177231112,策略1 价格通道突破,招商银行积存金代理
2026-06-08,931.0984678704948,0.0,0.0,0.0,-0.0,1.6665827177231112,策略1 价格通道突破,招商银行积存金代理
2026-06-09,942.1105790993892,0.0,0.0,0.0,0.0,1.6665827177231112,策略1 价格通道突破,招商银行积存金代理
2026-06-10,907.1958205950643,0.0,0.0,0.0,-0.0,1.6665827177231112,策略1 价格通道突破,招商银行积存金代理
2026-06-11,888.7438250478976,0.0,0.0,0.0,-0.0,1.6665827177231112,策略1 价格通道突破,招商银行积存金代理
2026-06-12,920.0361643417764,0.0,0.0,0.0,0.0,1.6665827177231112,策略1 价格通道突破,招商银行积存金代理
2026-06-15,942.3006117961861,0.0,0.0,0.0,0.0,1.6665827177231112,策略1 价格通道突破,招商银行积存金代理
2026-06-16,943.5776561183169,0.0,0.0,0.0,0.0,1.6665827177231112,策略1 价格通道突破,招商银行积存金代理
2026-06-17,941.0901548721322,0.0,0.0,0.0,-0.0,1.6665827177231112,策略1 价格通道突破,招商银行积存金代理
2026-06-18,928.1085285193702,0.0,0.0,0.0,-0.0,1.6665827177231112,策略1 价格通道突破,招商银行积存金代理
2026-06-19,906.2708087986456,0.0,0.0,0.0,-0.0,1.6665827177231112,策略1 价格通道突破,招商银行积存金代理
2026-06-22,916.4699531456822,0.0,0.0,0.0,0.0,1.6665827177231112,策略1 价格通道突破,招商银行积存金代理
2026-06-23,897.8279991872497,0.0,0.0,0.0,-0.0,1.6665827177231112,策略1 价格通道突破,招商银行积存金代理
2026-06-24,888.39728505075,0.0,0.0,0.0,-0.0,1.6665827177231112,策略1 价格通道突破,招商银行积存金代理
2026-06-25,872.0136022742614,0.0,0.0,0.0,-0.0,1.6665827177231112,策略1 价格通道突破,招商银行积存金代理
2026-06-26,883.6819279825,0.0,0.0,0.0,0.0,1.6665827177231112,策略1 价格通道突破,招商银行积存金代理
2026-06-29,883.0365257790272,0.0,0.0,0.0,-0.0,1.6665827177231112,策略1 价格通道突破,招商银行积存金代理
2026-06-30,877.3248607038645,0.0,0.0,0.0,-0.0,1.6665827177231112,策略1 价格通道突破,招商银行积存金代理
2026-07-01,869.0688941044988,0.0,0.0,0.0,-0.0,1.6665827177231112,策略1 价格通道突破,招商银行积存金代理
2026-07-02,887.0464278697287,0.0,0.0,0.0,0.0,1.6665827177231112,策略1 价格通道突破,招商银行积存金代理
2026-07-03,910.4110064100207,0.0,0.0,0.0,0.0,1.6665827177231112,策略1 价格通道突破,招商银行积存金代理
2026-07-06,904.0135074203614,0.0,0.0,0.0,-0.0,1.6665827177231112,策略1 价格通道突破,招商银行积存金代理
2026-07-07,900.7674611371345,0.0,0.0,0.0,-0.0,1.6665827177231112,策略1 价格通道突破,招商银行积存金代理
2026-07-08,886.9380664155399,0.0,0.0,0.0,-0.0,1.6665827177231112,策略1 价格通道突破,招商银行积存金代理
2026-07-09,896.8609615606482,0.0,0.0,0.0,0.0,1.6665827177231112,策略1 价格通道突破,招商银行积存金代理
2026-07-10,895.8018618020454,0.0,0.0,0.0,-0.0,1.6665827177231112,策略1 价格通道突破,招商银行积存金代理
2026-07-13,887.3286331790047,0.0,0.0,0.0,-0.0,1.6665827177231112,策略1 价格通道突破,招商银行积存金代理
2026-07-14,874.1030174286749,0.0,0.0,0.0,-0.0,1.6665827177231112,策略1 价格通道突破,招商银行积存金代理
2026-07-15,876.3621548073071,0.0,0.0,0.0,0.0,1.6665827177231112,策略1 价格通道突破,招商银行积存金代理
2026-07-16,877.7028113065655,0.0,0.0,0.0,0.0,1.6665827177231112,策略1 价格通道突破,招商银行积存金代理
2026-07-17,870.7024403311117,0.0,0.0,0.0,-0.0,1.6665827177231112,策略1 价格通道突破,招商银行积存金代理
2026-07-20,874.1862952489115,0.0,0.0,0.0,0.0,1.6665827177231112,策略1 价格通道突破,招商银行积存金代理
2026-07-21,883.8235971997013,0.0,0.0,0.0,0.0,1.6665827177231112,策略1 价格通道突破,招商银行积存金代理
2026-07-22,896.7986910747555,0.0,0.0,0.0,0.0,1.6665827177231112,策略1 价格通道突破,招商银行积存金代理
2026-07-23,890.5821874558067,0.0,0.0,0.0,-0.0,1.6665827177231112,策略1 价格通道突破,招商银行积存金代理
2026-07-24,882.2535967929415,0.0,0.0,0.0,-0.0,1.6665827177231112,策略1 价格通道突破,招商银行积存金代理
2026-07-27,889.9054883566641,0.0,0.0,0.0,0.0,1.6665827177231112,策略1 价格通道突破,招商银行积存金代理
2026-07-28,878.9778231589056,0.0,0.0,0.0,-0.0,1.6665827177231112,策略1 价格通道突破,招商银行积存金代理
2026-07-29,877.0147675908779,0.0,0.0,0.0,-0.0,1.6665827177231112,策略1 价格通道突破,招商银行积存金代理
2026-07-30,882.0696522519241,0.0,0.0,0.0,0.0,1.6665827177231112,策略1 价格通道突破,招商银行积存金代理
2026-07-31,880.0498940921449,0.0,0.0,0.0,-0.0,1.6665827177231112,策略1 价格通道突破,招商银行积存金代理
2026-08-03,878.276142674485,0.0,0.0,0.0,-0.0,1.6665827177231112,策略1 价格通道突破,招商银行积存金代理
2026-08-04,879.1640187099566,0.0,0.0,0.0,0.0,1.6665827177231112,策略1 价格通道突破,招商银行积存金代理
2026-08-05,901.982470769052,0.0,0.0,0.0,0.0,1.6665827177231112,策略1 价格通道突破,招商银行积存金代理
2026-08-06,928.9085915795933,0.0,0.0,0.0,0.0,1.6665827177231112,策略1 价格通道突破,招商银行积存金代理
2026-08-07,933.410904834429,0.0,0.0,0.0,0.0,1.6665827177231112,策略1 价格通道突破,招商银行积存金代理
2026-08-10,941.6017717408592,0.0,0.0,0.0,0.0,1.6665827177231112,策略1 价格通道突破,招商银行积存金代理
2026-08-11,948.1412219370093,0.0,0.0,0.0,0.0,1.6665827177231112,策略1 价格通道突破,招商银行积存金代理
2026-08-12,956.7911516658091,0.0,0.0,0.0,0.0,1.6665827177231112,策略1 价格通道突破,招商银行积存金代理
2026-08-13,949.62050328353,0.0,0.0,0.0,-0.0,1.6665827177231112,策略1 价格通道突破,招商银行积存金代理
2026-08-14,942.9976891034088,0.0,0.0,0.0,-0.0,1.6665827177231112,策略1 价格通道突破,招商银行积存金代理
2026-08-17,952.0615757255623,0.0,0.0,0.0,0.0,1.6665827177231112,策略1 价格通道突破,招商银行积存金代理
2026-08-18,951.3915689524306,0.0,0.0,0.0,-0.0,1.6665827177231112,策略1 价格通道突破,招商银行积存金代理
2026-08-19,942.4032887358225,0.0,0.0,0.0,-0.0,1.6665827177231112,策略1 价格通道突破,招商银行积存金代理
2026-08-20,969.9201960356594,0.0,0.0,0.0,0.0,1.6665827177231112,策略1 价格通道突破,招商银行积存金代理
2026-08-21,990.312381278543,0.0,0.0,0.0,0.0,1.6665827177231112,策略1 价格通道突破,招商银行积存金代理
2026-08-24,1001.5159757432309,0.0,0.0,0.0,0.0,1.6665827177231112,策略1 价格通道突破,招商银行积存金代理
2026-08-25,999.4302826311217,0.0,0.0,0.0,-0.0,1.6665827177231112,策略1 价格通道突破,招商银行积存金代理
2026-08-26,998.7631967846029,0.0,0.0,0.0,-0.0,1.6665827177231112,策略1 价格通道突破,招商银行积存金代理
2026-08-27,993.1221153342661,0.0,0.0,0.0,-0.0,1.6665827177231112,策略1 价格通道突破,招商银行积存金代理
2026-08-28,994.6458557260238,0.0,0.0,0.0,0.0,1.6665827177231112,策略1 价格通道突破,招商银行积存金代理
2026-09-01,943.585628983051,0.55,0.55,0.0014572074412386989,-0.0014572074412386989,1.6641541609854051,策略1 价格通道突破,招商银行积存金代理
2026-09-02,930.7690871488071,0.55,0.55,0.0,-0.007470544052722955,1.6517220240152415,策略1 价格通道突破,招商银行积存金代理
2026-09-03,957.8905063452081,0.55,0.55,0.0,0.01602629563441408,1.6781930094779827,策略1 价格通道突破,招商银行积存金代理
2021-01-04,0.9862,0.0,0.0,0.0,0.0,1.0,策略1 价格通道突破,建信上海金ETF联接A
2021-01-05,0.9915,0.0,0.0,0.0,0.0,1.0,策略1 价格通道突破,建信上海金ETF联接A
2021-01-06,0.9934,0.0,0.0,0.0,0.0,1.0,策略1 价格通道突破,建信上海金ETF联接A
2021-01-07,0.9864,0.0,0.0,0.0,-0.0,1.0,策略1 价格通道突破,建信上海金ETF联接A
2021-01-08,0.9799,0.0,0.0,0.0,-0.0,1.0,策略1 价格通道突破,建信上海金ETF联接A
2021-01-11,0.9536,0.0,0.0,0.0,-0.0,1.0,策略1 价格通道突破,建信上海金ETF联接A
2021-01-12,0.9611,0.0,0.0,0.0,0.0,1.0,策略1 价格通道突破,建信上海金ETF联接A
2021-01-13,0.9597,0.0,0.0,0.0,-0.0,1.0,策略1 价格通道突破,建信上海金ETF联接A
2021-01-14,0.9535,0.0,0.0,0.0,-0.0,1.0,策略1 价格通道突破,建信上海金ETF联接A
2021-01-15,0.9566,0.0,0.0,0.0,0.0,1.0,策略1 价格通道突破,建信上海金ETF联接A
2021-01-18,0.9543,0.0,0.0,0.0,-0.0,1.0,策略1 价格通道突破,建信上海金ETF联接A
2021-01-19,0.9549,0.0,0.0,0.0,0.0,1.0,策略1 价格通道突破,建信上海金ETF联接A
2021-01-20,0.9584,0.0,0.0,0.0,0.0,1.0,策略1 价格通道突破,建信上海金ETF联接A
2021-01-21,0.9658,0.0,0.0,0.0,0.0,1.0,策略1 价格通道突破,建信上海金ETF联接A
2021-01-22,0.9621,0.0,0.0,0.0,-0.0,1.0,策略1 价格通道突破,建信上海金ETF联接A
2021-01-25,0.958,0.0,0.0,0.0,-0.0,1.0,策略1 价格通道突破,建信上海金ETF联接A
2021-01-26,0.9598,0.0,0.0,0.0,0.0,1.0,策略1 价格通道突破,建信上海金ETF联接A
2021-01-27,0.9547,0.0,0.0,0.0,-0.0,1.0,策略1 价格通道突破,建信上海金ETF联接A
2021-01-28,0.9511,0.0,0.0,0.0,-0.0,1.0,策略1 价格通道突破,建信上海金ETF联接A
2021-01-29,0.9547,0.0,0.0,0.0,0.0,1.0,策略1 价格通道突破,建信上海金ETF联接A
2021-02-01,0.964,0.0,0.0,0.0,0.0,1.0,策略1 价格通道突破,建信上海金ETF联接A
2021-02-02,0.9579,0.0,0.0,0.0,-0.0,1.0,策略1 价格通道突破,建信上海金ETF联接A
2021-02-03,0.9484,0.0,0.0,0.0,-0.0,1.0,策略1 价格通道突破,建信上海金ETF联接A
2021-02-04,0.9417,0.0,0.0,0.0,-0.0,1.0,策略1 价格通道突破,建信上海金ETF联接A
2021-02-05,0.9319,0.0,0.0,0.0,-0.0,1.0,策略1 价格通道突破,建信上海金ETF联接A
2021-02-08,0.9394,0.0,0.0,0.0,0.0,1.0,策略1 价格通道突破,建信上海金ETF联接A
2021-02-09,0.9495,0.0,0.0,0.0,0.0,1.0,策略1 价格通道突破,建信上海金ETF联接A
2021-02-10,0.9496,0.0,0.0,0.0,0.0,1.0,策略1 价格通道突破,建信上海金ETF联接A
2021-02-18,0.9234,0.0,0.0,0.0,-0.0,1.0,策略1 价格通道突破,建信上海金ETF联接A
2021-02-19,0.9198,0.0,0.0,0.0,-0.0,1.0,策略1 价格通道突破,建信上海金ETF联接A
2021-02-22,0.9291,0.0,0.0,0.0,0.0,1.0,策略1 价格通道突破,建信上海金ETF联接A
2021-02-23,0.9379,0.0,0.0,0.0,0.0,1.0,策略1 价格通道突破,建信上海金ETF联接A
2021-02-24,0.9364,0.0,0.0,0.0,-0.0,1.0,策略1 价格通道突破,建信上海金ETF联接A
2021-02-25,0.928,0.0,0.0,0.0,-0.0,1.0,策略1 价格通道突破,建信上海金ETF联接A
2021-02-26,0.9152,0.0,0.0,0.0,-0.0,1.0,策略1 价格通道突破,建信上海金ETF联接A
2021-03-01,0.9104,0.0,0.0,0.0,-0.0,1.0,策略1 价格通道突破,建信上海金ETF联接A
2021-03-02,0.8955,0.0,0.0,0.0,-0.0,1.0,策略1 价格通道突破,建信上海金ETF联接A
2021-03-03,0.8993,0.0,0.0,0.0,0.0,1.0,策略1 价格通道突破,建信上海金ETF联接A
2021-03-04,0.8917,0.0,0.0,0.0,-0.0,1.0,策略1 价格通道突破,建信上海金ETF联接A
2021-03-05,0.8837,0.0,0.0,0.0,-0.0,1.0,策略1 价格通道突破,建信上海金ETF联接A
2021-03-08,0.8929,0.0,0.0,0.0,0.0,1.0,策略1 价格通道突破,建信上海金ETF联接A
2021-03-09,0.8893,0.0,0.0,0.0,-0.0,1.0,策略1 价格通道突破,建信上海金ETF联接A
2021-03-10,0.8982,0.0,0.0,0.0,0.0,1.0,策略1 价格通道突破,建信上海金ETF联接A
2021-03-11,0.9055,0.0,0.0,0.0,0.0,1.0,策略1 价格通道突破,建信上海金ETF联接A
2021-03-12,0.8948,0.0,0.0,0.0,-0.0,1.0,策略1 价格通道突破,建信上海金ETF联接A
2021-03-15,0.9017,0.0,0.0,0.0,0.0,1.0,策略1 价格通道突破,建信上海金ETF联接A
2021-03-16,0.9035,0.0,0.0,0.0,0.0,1.0,策略1 价格通道突破,建信上海金ETF联接A
2021-03-17,0.9061,0.0,0.0,0.0,0.0,1.0,策略1 价格通道突破,建信上海金ETF联接A
2021-03-18,0.913,0.0,0.0,0.0,0.0,1.0,策略1 价格通道突破,建信上海金ETF联接A
2021-03-19,0.9088,0.0,0.0,0.0,-0.0,1.0,策略1 价格通道突破,建信上海金ETF联接A
2021-03-22,0.9053,0.0,0.0,0.0,-0.0,1.0,策略1 价格通道突破,建信上海金ETF联接A
2021-03-23,0.9081,0.0,0.0,0.0,0.0,1.0,策略1 价格通道突破,建信上海金ETF联接A
2021-03-24,0.9067,0.0,0.0,0.0,-0.0,1.0,策略1 价格通道突破,建信上海金ETF联接A
2021-03-25,0.9087,0.0,0.0,0.0,0.0,1.0,策略1 价格通道突破,建信上海金ETF联接A
2021-03-26,0.9067,0.0,0.0,0.0,-0.0,1.0,策略1 价格通道突破,建信上海金ETF联接A
2021-03-29,0.9071,0.0,0.0,0.0,0.0,1.0,策略1 价格通道突破,建信上海金ETF联接A
2021-03-30,0.8967,0.0,0.0,0.0,-0.0,1.0,策略1 价格通道突破,建信上海金ETF联接A
2021-03-31,0.8863,0.0,0.0,0.0,-0.0,1.0,策略1 价格通道突破,建信上海金ETF联接A
2021-04-01,0.9033,0.0,0.0,0.0,0.0,1.0,策略1 价格通道突破,建信上海金ETF联接A
2021-04-02,0.9142,0.0,0.0,0.0,0.0,1.0,策略1 价格通道突破,建信上海金ETF联接A
2021-04-06,0.91,0.0,0.0,0.0,-0.0,1.0,策略1 价格通道突破,建信上海金ETF联接A
2021-04-07,0.913,0.0,0.0,0.0,0.0,1.0,策略1 价格通道突破,建信上海金ETF联接A
2021-04-08,0.9153,0.0,0.0,0.0,0.0,1.0,策略1 价格通道突破,建信上海金ETF联接A
2021-04-09,0.9199,0.0,0.0,0.0,0.0,1.0,策略1 价格通道突破,建信上海金ETF联接A
2021-04-12,0.9146,0.0,0.0,0.0,-0.0,1.0,策略1 价格通道突破,建信上海金ETF联接A
2021-04-13,0.9067,0.0,0.0,0.0,-0.0,1.0,策略1 价格通道突破,建信上海金ETF联接A
2021-04-14,0.9152,0.0,0.0,0.0,0.0,1.0,策略1 价格通道突破,建信上海金ETF联接A
2021-04-15,0.9144,0.0,0.0,0.0,-0.0,1.0,策略1 价格通道突破,建信上海金ETF联接A
2021-04-16,0.9226,0.0,0.0,0.0,0.0,1.0,策略1 价格通道突破,建信上海金ETF联接A
2021-04-19,0.9299,0.0,0.0,0.0,0.0,1.0,策略1 价格通道突破,建信上海金ETF联接A
2021-04-20,0.9216,0.0,0.0,0.0,-0.0,1.0,策略1 价格通道突破,建信上海金ETF联接A
2021-04-21,0.9301,0.0,0.0,0.0,0.0,1.0,策略1 价格通道突破,建信上海金ETF联接A
2021-04-22,0.9311,0.0,0.0,0.0,0.0,1.0,策略1 价格通道突破,建信上海金ETF联接A
2021-04-23,0.9289,0.0,0.0,0.0,-0.0,1.0,策略1 价格通道突破,建信上海金ETF联接A
2021-04-26,0.9248,0.0,0.0,0.0,-0.0,1.0,策略1 价格通道突破,建信上海金ETF联接A
2021-04-27,0.9253,0.0,0.0,0.0,0.0,1.0,策略1 价格通道突破,建信上海金ETF联接A
2021-04-28,0.92,0.0,0.0,0.0,-0.0,1.0,策略1 价格通道突破,建信上海金ETF联接A
2021-04-29,0.9228,0.0,0.0,0.0,0.0,1.0,策略1 价格通道突破,建信上海金ETF联接A
2021-04-30,0.9192,0.0,0.0,0.0,-0.0,1.0,策略1 价格通道突破,建信上海金ETF联接A
2021-05-06,0.9313,0.0,0.0,0.0,0.0,1.0,策略1 价格通道突破,建信上海金ETF联接A
2021-05-07,0.9403,0.0,0.0,0.0,0.0,1.0,策略1 价格通道突破,建信上海金ETF联接A
2021-05-10,0.9437,0.0,0.0,0.0,0.0,1.0,策略1 价格通道突破,建信上海金ETF联接A
2021-05-11,0.9439,0.0,0.0,0.0,0.0,1.0,策略1 价格通道突破,建信上海金ETF联接A
2021-05-12,0.9447,0.0,0.0,0.0,0.0,1.0,策略1 价格通道突破,建信上海金ETF联接A
2021-05-13,0.9409,0.0,0.0,0.0,-0.0,1.0,策略1 价格通道突破,建信上海金ETF联接A
2021-05-14,0.9451,0.0,0.0,0.0,0.0,1.0,策略1 价格通道突破,建信上海金ETF联接A
2021-05-17,0.9552,0.0,0.0,0.0,0.0,1.0,策略1 价格通道突破,建信上海金ETF联接A
2021-05-18,0.9618,0.0,0.0,0.0,0.0,1.0,策略1 价格通道突破,建信上海金ETF联接A
2021-05-19,0.9626,0.0,0.0,0.0,0.0,1.0,策略1 价格通道突破,建信上海金ETF联接A
2021-05-20,0.9642,0.0,0.0,0.0,0.0,1.0,策略1 价格通道突破,建信上海金ETF联接A
2021-05-21,0.9642,0.0,0.0,0.0,0.0,1.0,策略1 价格通道突破,建信上海金ETF联接A
2021-05-24,0.9678,0.0,0.0,0.0,0.0,1.0,策略1 价格通道突破,建信上海金ETF联接A
2021-05-25,0.9646,0.0,0.0,0.0,-0.0,1.0,策略1 价格通道突破,建信上海金ETF联接A
2021-05-26,0.9734,0.0,0.0,0.0,0.0,1.0,策略1 价格通道突破,建信上海金ETF联接A
2021-05-27,0.9687,0.0,0.0,0.0,-0.0,1.0,策略1 价格通道突破,建信上海金ETF联接A
2021-05-28,0.9621,0.0,0.0,0.0,-0.0,1.0,策略1 价格通道突破,建信上海金ETF联接A
2021-05-31,0.9684,0.55,0.55,0.00812807881773392,-0.00812807881773392,0.9918719211822661,策略1 价格通道突破,建信上海金ETF联接A
2021-06-01,0.9738,0.55,0.55,0.0,0.0030669144981411824,0.9949139075576392,策略1 价格通道突破,建信上海金ETF联接A
2021-06-02,0.9601,0.55,0.55,0.0,-0.007737728486342189,0.9872155338736724,策略1 价格通道突破,建信上海金ETF联接A
2021-06-03,0.9541,0.55,0.55,0.0,-0.0034371419643787374,0.9838223339343086,策略1 价格通道突破,建信上海金ETF联接A
2021-06-04,0.9432,0.55,0.55,0.0,-0.006283408447751771,0.9776405763701789,策略1 价格通道突破,建信上海金ETF联接A
2021-06-07,0.9503,0.55,0.55,0.0,0.00414016115351995,0.9816881659065716,策略1 价格通道突破,建信上海金ETF联接A
2021-06-08,0.9548,0.55,0.55,0.0,0.0026044407029359286,0.9842449145234492,策略1 价格通道突破,建信上海金ETF联接A
2021-06-09,0.955,0.55,0.55,0.0,0.00011520737327181952,0.9843583067947076,策略1 价格通道突破,建信上海金ETF联接A
2021-06-10,0.9525,0.55,0.55,0.0,-0.0014397905759162167,0.9829410369812597,策略1 价格通道突破,建信上海金ETF联接A
2021-06-11,0.9601,0.55,0.55,0.0,0.004388451443569474,0.9872546259939436,策略1 价格通道突破,建信上海金ETF联接A
2021-06-15,0.9442,0.55,0.55,0.0,-0.009108426205603565,0.9782622900869371,策略1 价格通道突破,建信上海金ETF联接A
2021-06-16,0.9432,0.55,0.55,0.0,-0.0005825037068417527,0.9776924486766979,策略1 价格通道突破,建信上海金ETF联接A
2021-06-17,0.9286,0.55,0.55,0.0,-0.008513570822731182,0.9693687947720394,策略1 价格通道突破,建信上海金ETF联接A
2021-06-18,0.9176,0.55,0.55,0.0,-0.006515184148180087,0.9630531785666002,策略1 价格通道突破,建信上海金ETF联接A
2021-06-21,0.9179,0.55,0.55,0.0,0.00017981691368793574,0.9632263518168874,策略1 价格通道突破,建信上海金ETF联接A
2021-06-22,0.9203,0.55,0.55,0.0,0.0014380651487090337,0.9646115340637536,策略1 价格通道突破,建信上海金ETF联接A
2021-06-23,0.9224,0.55,0.55,0.0,0.0012550255351515883,0.9658221461705052,策略1 价格通道突破,建信上海金ETF联接A
2021-06-24,0.9184,0.55,0.55,0.0,-0.0023850823937554,0.9635185807741748,策略1 价格通道突破,建信上海金ETF联接A
2021-06-25,0.9172,0.55,0.55,0.0,-0.0007186411149825878,0.9628261567069809,策略1 价格通道突破,建信上海金ETF联接A
2021-06-28,0.9189,0.55,0.55,0.0,0.0010194068905364896,0.9638076683255168,策略1 价格通道突破,建信上海金ETF联接A
2021-06-29,0.9158,0.55,0.55,0.0,-0.0018554793775166503,0.9620193430730464,策略1 价格通道突破,建信上海金ETF联接A
2021-06-30,0.9077,0.55,0.55,0.0,-0.004864599257479824,0.9573395044910521,策略1 价格通道突破,建信上海金ETF联接A
2021-07-01,0.9172,0.55,0.55,0.0,0.005756307149939455,0.9628502447256733,策略1 价格通道突破,建信上海金ETF联接A
2021-07-02,0.9193,0.55,0.55,0.0,0.001259267335368497,0.9640627305877078,策略1 价格通道突破,建信上海金ETF联接A
2021-07-05,0.9214,0.55,0.55,0.0,0.0012563907320787605,0.9652739700675608,策略1 价格通道突破,建信上海金ETF联接A
2021-07-06,0.9295,0.55,0.55,0.0,0.004835033644454124,0.9699411021889532,策略1 价格通道突破,建信上海金ETF联接A
2021-07-07,0.9298,0.55,0.55,0.0,0.00017751479289935813,0.9701132810828328,策略1 价格通道突破,建信上海金ETF联接A
2021-07-08,0.9284,0.55,0.55,0.0,-0.0008281350828134693,0.9693098962404649,策略1 价格通道突破,建信上海金ETF联接A
2021-07-09,0.9306,0.55,0.55,0.0,0.0013033175355450677,0.9705732148256123,策略1 价格通道突破,建信上海金ETF联接A
2021-07-12,0.9293,0.55,0.55,0.0,-0.0007683215130023237,0.969827502544718,策略1 价格通道突破,建信上海金ETF联接A
2021-07-13,0.9327,0.55,0.55,0.0,0.002012267297966131,0.9717790547127568,策略1 价格通道突破,建信上海金ETF联接A
2021-07-14,0.9347,0.55,0.55,0.0,0.0011793717165219375,0.9729251434445936,策略1 价格通道突破,建信上海金ETF联接A
2021-07-15,0.9415,0.55,0.55,0.0,0.004001283834385339,0.9768180930931254,策略1 价格通道突破,建信上海金ETF联接A
2021-07-16,0.9393,0.55,0.55,0.0,-0.001285183218268693,0.9755627028725808,策略1 价格通道突破,建信上海金ETF联接A
2021-07-19,0.9318,0.55,0.55,0.0,-0.004391568189077,0.9712784527401955,策略1 价格通道突破,建信上海金ETF联接A
2021-07-20,0.9374,0.55,0.55,0.0,0.003305430349860461,0.9744889460160486,策略1 价格通道突破,建信上海金ETF联接A
2021-07-21,0.9335,0.55,0.55,0.0,-0.0022882440793684624,0.9722590774549174,策略1 价格通道突破,建信上海金ETF联接A
2021-07-22,0.9276,0.55,0.55,0.0,-0.0034761649705409682,0.9688793445075782,策略1 价格通道突破,建信上海金ETF联接A
2021-07-23,0.9311,0.55,0.55,0.0,0.0020752479517033074,0.9708900093827151,策略1 价格通道突破,建信上海金ETF联接A
2021-07-26,0.9329,0.55,0.55,0.0,0.0010632585114380368,0.9719223164488615,策略1 价格通道突破,建信上海金ETF联接A
2021-07-27,0.9265,0.55,0.55,0.0,-0.0037731804051881093,0.9682550782090715,策略1 价格通道突破,建信上海金ETF联接A
2021-07-28,0.9349,0.55,0.55,0.0,0.0049865083648137805,0.9730832902558344,策略1 价格通道突破,建信上海金ETF联接A
2021-07-29,0.9375,0.55,0.55,0.0,0.001529575355652979,0.9745716944756075,策略1 价格通道突破,建信上海金ETF联接A
2021-07-30,0.9405,0.55,0.55,0.0,0.0017600000000000506,0.9762869406578846,策略1 价格通道突破,建信上海金ETF联接A
2021-08-02,0.9312,0.55,0.55,0.0,-0.005438596491228054,0.9709773099279909,策略1 价格通道突破,建信上海金ETF联接A
2021-08-03,0.9315,0.55,0.55,0.0,0.00017719072164942287,0.9711493580982423,策略1 价格通道突破,建信上海金ETF联接A
2021-08-04,0.933,0.55,0.55,0.0,0.0008856682769726288,0.9720094742769123,策略1 价格通道突破,建信上海金ETF联接A
2021-08-05,0.932,0.55,0.55,0.0,-0.0005894962486602096,0.9714364783381639,策略1 价格通道突破,建信上海金ETF联接A
2021-08-06,0.9271,0.55,0.55,0.0,-0.002891630901287579,0.9686274425987632,策略1 价格通道突破,建信上海金ETF联接A
2021-08-09,0.9034,0.55,0.55,0.0,-0.01405997195556038,0.9550085679204384,策略1 价格通道突破,建信上海金ETF联接A
2021-08-10,0.8987,0.55,0.55,0.0,-0.002861412441886191,0.9522758945220829,策略1 价格通道突破,建信上海金ETF联接A
2021-08-11,0.8975,0.55,0.55,0.0,-0.0007343941248470321,0.9515765486999126,策略1 价格通道突破,建信上海金ETF联接A
2021-08-12,0.9061,0.55,0.55,0.0,0.0052701949860724075,0.956591542655735,策略1 价格通道突破,建信上海金ETF联接A
2021-08-13,0.908,0.55,0.55,0.0,0.0011532943383732231,0.9576947742660156,策略1 价格通道突破,建信上海金ETF联接A
2021-08-16,0.9158,0.55,0.55,0.0,0.004724669603524224,0.9622195656554441,策略1 价格通道突破,建信上海金ETF联接A
2021-08-17,0.9251,0.55,0.55,0.0,0.005585280628958301,0.9675938319563041,策略1 价格通道突破,建信上海金ETF联接A
2021-08-18,0.9254,0.55,0.55,0.0,0.00017835909631394033,0.9677664111177708,策略1 价格通道突破,建信上海金ETF联接A
2021-08-19,0.922,0.55,0.55,0.0,-0.0020207477847416833,0.9658107992863572,策略1 价格通道突破,建信上海金ETF联接A
2021-08-20,0.9252,0.55,0.55,0.0,0.001908893709327564,0.9676544294455156,策略1 价格通道突破,建信上海金ETF联接A
2021-08-23,0.9234,0.55,0.55,0.0,-0.0010700389105058328,0.9666190015540856,策略1 价格通道突破,建信上海金ETF联接A
2021-08-24,0.9298,0.55,0.55,0.0,0.0038119991336364794,0.9703037523505663,策略1 价格通道突破,建信上海金ETF联接A
2021-08-25,0.9255,0.55,0.55,0.0,-0.00254355775435573,0.9678357287171946,策略1 价格通道突破,建信上海金ETF联接A
2021-08-26,0.9216,0.55,0.55,0.0,-0.0023176661264181666,0.9655926086328095,策略1 价格通道突破,建信上海金ETF联接A
2021-08-27,0.9294,0.55,0.55,0.0,0.004654947916666707,0.9700873919347135,策略1 价格通道突破,建信上海金ETF联接A
2021-08-30,0.9322,0.55,0.55,0.0,0.0016569829997847953,0.9716948102514549,策略1 价格通道突破,建信上海金ETF联接A
2021-08-31,0.9324,0.55,0.55,0.0,0.00011800042909249077,0.9718094706560116,策略1 价格通道突破,建信上海金ETF联接A
2021-09-01,0.9325,0.0,0.0,0.0,5.8987558987555485e-05,0.9718667953244866,策略1 价格通道突破,建信上海金ETF联接A
2021-09-02,0.9317,0.0,0.0,0.0,-0.0,0.9718667953244866,策略1 价格通道突破,建信上海金ETF联接A
2021-09-03,0.931,0.0,0.0,0.0,-0.0,0.9718667953244866,策略1 价格通道突破,建信上海金ETF联接A
2021-09-06,0.9371,0.0,0.0,0.0,0.0,0.9718667953244866,策略1 价格通道突破,建信上海金ETF联接A
2021-09-07,0.9333,0.0,0.0,0.0,-0.0,0.9718667953244866,策略1 价格通道突破,建信上海金ETF联接A
2021-09-08,0.9233,0.0,0.0,0.0,-0.0,0.9718667953244866,策略1 价格通道突破,建信上海金ETF联接A
2021-09-09,0.9194,0.0,0.0,0.0,-0.0,0.9718667953244866,策略1 价格通道突破,建信上海金ETF联接A
2021-09-10,0.9244,0.0,0.0,0.0,0.0,0.9718667953244866,策略1 价格通道突破,建信上海金ETF联接A
2021-09-13,0.9196,0.0,0.0,0.0,-0.0,0.9718667953244866,策略1 价格通道突破,建信上海金ETF联接A
2021-09-14,0.9205,0.0,0.0,0.0,0.0,0.9718667953244866,策略1 价格通道突破,建信上海金ETF联接A
2021-09-15,0.9233,0.0,0.0,0.0,0.0,0.9718667953244866,策略1 价格通道突破,建信上海金ETF联接A
2021-09-16,0.9163,0.0,0.0,0.0,-0.0,0.9718667953244866,策略1 价格通道突破,建信上海金ETF联接A
2021-09-17,0.9069,0.0,0.0,0.0,-0.0,0.9718667953244866,策略1 价格通道突破,建信上海金ETF联接A
2021-09-22,0.9175,0.0,0.0,0.0,0.0,0.9718667953244866,策略1 价格通道突破,建信上海金ETF联接A
2021-09-23,0.9102,0.0,0.0,0.0,-0.0,0.9718667953244866,策略1 价格通道突破,建信上海金ETF联接A
2021-09-24,0.9045,0.0,0.0,0.0,-0.0,0.9718667953244866,策略1 价格通道突破,建信上海金ETF联接A
2021-09-27,0.9064,0.0,0.0,0.0,0.0,0.9718667953244866,策略1 价格通道突破,建信上海金ETF联接A
2021-09-28,0.8994,0.0,0.0,0.0,-0.0,0.9718667953244866,策略1 价格通道突破,建信上海金ETF联接A
2021-09-29,0.8975,0.0,0.0,0.0,-0.0,0.9718667953244866,策略1 价格通道突破,建信上海金ETF联接A
2021-09-30,0.8929,0.0,0.0,0.0,-0.0,0.9718667953244866,策略1 价格通道突破,建信上海金ETF联接A
2021-10-08,0.9051,0.0,0.0,0.0,0.0,0.9718667953244866,策略1 价格通道突破,建信上海金ETF联接A
2021-10-11,0.9019,0.0,0.0,0.0,-0.0,0.9718667953244866,策略1 价格通道突破,建信上海金ETF联接A
2021-10-12,0.906,0.0,0.0,0.0,0.0,0.9718667953244866,策略1 价格通道突破,建信上海金ETF联接A
2021-10-13,0.9057,0.0,0.0,0.0,-0.0,0.9718667953244866,策略1 价格通道突破,建信上海金ETF联接A
2021-10-14,0.917,0.0,0.0,0.0,0.0,0.9718667953244866,策略1 价格通道突破,建信上海金ETF联接A
2021-10-15,0.9163,0.0,0.0,0.0,-0.0,0.9718667953244866,策略1 价格通道突破,建信上海金ETF联接A
2021-10-18,0.9048,0.0,0.0,0.0,-0.0,0.9718667953244866,策略1 价格通道突破,建信上海金ETF联接A
2021-10-19,0.9069,0.0,0.0,0.0,0.0,0.9718667953244866,策略1 价格通道突破,建信上海金ETF联接A
2021-10-20,0.9044,0.0,0.0,0.0,-0.0,0.9718667953244866,策略1 价格通道突破,建信上海金ETF联接A
2021-10-21,0.9085,0.0,0.0,0.0,0.0,0.9718667953244866,策略1 价格通道突破,建信上海金ETF联接A
2021-10-22,0.9116,0.0,0.0,0.0,0.0,0.9718667953244866,策略1 价格通道突破,建信上海金ETF联接A
2021-10-25,0.9104,0.0,0.0,0.0,-0.0,0.9718667953244866,策略1 价格通道突破,建信上海金ETF联接A
2021-10-26,0.9139,0.0,0.0,0.0,0.0,0.9718667953244866,策略1 价格通道突破,建信上海金ETF联接A
2021-10-27,0.9071,0.0,0.0,0.0,-0.0,0.9718667953244866,策略1 价格通道突破,建信上海金ETF联接A
2021-10-28,0.9153,0.0,0.0,0.0,0.0,0.9718667953244866,策略1 价格通道突破,建信上海金ETF联接A
2021-10-29,0.9116,0.0,0.0,0.0,-0.0,0.9718667953244866,策略1 价格通道突破,建信上海金ETF联接A
2021-11-01,0.9071,0.0,0.0,0.0,-0.0,0.9718667953244866,策略1 价格通道突破,建信上海金ETF联接A
2021-11-02,0.9122,0.0,0.0,0.0,0.0,0.9718667953244866,策略1 价格通道突破,建信上海金ETF联接A
2021-11-03,0.9059,0.0,0.0,0.0,-0.0,0.9718667953244866,策略1 价格通道突破,建信上海金ETF联接A
2021-11-04,0.9018,0.0,0.0,0.0,-0.0,0.9718667953244866,策略1 价格通道突破,建信上海金ETF联接A
2021-11-05,0.9134,0.0,0.0,0.0,0.0,0.9718667953244866,策略1 价格通道突破,建信上海金ETF联接A
2021-11-08,0.9228,0.0,0.0,0.0,0.0,0.9718667953244866,策略1 价格通道突破,建信上海金ETF联接A
2021-11-09,0.926,0.0,0.0,0.0,0.0,0.9718667953244866,策略1 价格通道突破,建信上海金ETF联接A
2021-11-10,0.9265,0.0,0.0,0.0,0.0,0.9718667953244866,策略1 价格通道突破,建信上海金ETF联接A
2021-11-11,0.9398,0.0,0.0,0.0,0.0,0.9718667953244866,策略1 价格通道突破,建信上海金ETF联接A
2021-11-12,0.9412,0.0,0.0,0.0,0.0,0.9718667953244866,策略1 价格通道突破,建信上海金ETF联接A
2021-11-15,0.9378,0.0,0.0,0.0,-0.0,0.9718667953244866,策略1 价格通道突破,建信上海金ETF联接A
2021-11-16,0.9419,0.0,0.0,0.0,0.0,0.9718667953244866,策略1 价格通道突破,建信上海金ETF联接A
2021-11-17,0.9386,0.0,0.0,0.0,-0.0,0.9718667953244866,策略1 价格通道突破,建信上海金ETF联接A
2021-11-18,0.9418,0.0,0.0,0.0,0.0,0.9718667953244866,策略1 价格通道突破,建信上海金ETF联接A
2021-11-19,0.94,0.0,0.0,0.0,-0.0,0.9718667953244866,策略1 价格通道突破,建信上海金ETF联接A
2021-11-22,0.9325,0.0,0.0,0.0,-0.0,0.9718667953244866,策略1 价格通道突破,建信上海金ETF联接A
2021-11-23,0.9154,0.0,0.0,0.0,-0.0,0.9718667953244866,策略1 价格通道突破,建信上海金ETF联接A
2021-11-24,0.9107,0.0,0.0,0.0,-0.0,0.9718667953244866,策略1 价格通道突破,建信上海金ETF联接A
2021-11-25,0.9099,0.0,0.0,0.0,-0.0,0.9718667953244866,策略1 价格通道突破,建信上海金ETF联接A
2021-11-26,0.9141,0.0,0.0,0.0,0.0,0.9718667953244866,策略1 价格通道突破,建信上海金ETF联接A
2021-11-29,0.9108,0.0,0.0,0.0,-0.0,0.9718667953244866,策略1 价格通道突破,建信上海金ETF联接A
2021-11-30,0.9081,0.0,0.0,0.0,-0.0,0.9718667953244866,策略1 价格通道突破,建信上海金ETF联接A
2021-12-01,0.9052,0.55,0.55,0.00812807881773392,-0.00812807881773392,0.9639673854117508,策略1 价格通道突破,建信上海金ETF联接A
2021-12-02,0.9014,0.55,0.55,0.0,-0.0023088820150242995,0.9617416984525036,策略1 价格通道突破,建信上海金ETF联接A
2021-12-03,0.8993,0.55,0.55,0.0,-0.0012813401375637802,0.9605093802123076,策略1 价格通道突破,建信上海金ETF联接A
2021-12-06,0.9055,0.55,0.55,0.0,0.0037918380962970845,0.9641514762720473,策略1 价格通道突破,建信上海金ETF联接A
2021-12-07,0.904,0.55,0.55,0.0,-0.0009110988404195997,0.9632730389800269,策略1 价格通道突破,建信上海金ETF联接A
2021-12-08,0.9051,0.55,0.55,0.0,0.0006692477876106495,0.9639177073302293,策略1 价格通道突破,建信上海金ETF联接A
2021-12-09,0.9015,0.55,0.55,0.0,-0.002187603579714953,0.9618090375031231,策略1 价格通道突破,建信上海金ETF联接A
2021-12-10,0.8994,0.55,0.55,0.0,-0.0012811980033278104,0.9605767696846914,策略1 价格通道突破,建信上海金ETF联接A
2021-12-13,0.9042,0.55,0.55,0.0,0.0029352901934623812,0.9633963412568146,策略1 价格通道突破,建信上海金ETF联接A
2021-12-14,0.9055,0.55,0.55,0.0,0.0007907542579075,0.9641581510157159,策略1 价格通道突破,建信上海金ETF联接A
2021-12-15,0.8965,0.55,0.55,0.0,-0.0054665930425179645,0.9588874907754864,策略1 价格通道突破,建信上海金ETF联接A
2021-12-16,0.9039,0.55,0.55,0.0,0.004539877300613593,0.9632407223287004,策略1 价格通道突破,建信上海金ETF联接A
2021-12-17,0.9146,0.55,0.55,0.0,0.006510675959730029,0.9695120705429988,策略1 价格通道突破,建信上海金ETF联接A
2021-12-20,0.9139,0.55,0.55,0.0,-0.00042094904876441855,0.9691039553591381,策略1 价格通道突破,建信上海金ETF联接A
2021-12-21,0.9085,0.55,0.55,0.0,-0.0032498085129664405,0.9659545530750626,策略1 价格通道突破,建信上海金ETF联接A
2021-12-22,0.9064,0.55,0.55,0.0,-0.0012713263621354056,0.9647265095871136,策略1 价格通道突破,建信上海金ETF联接A
2021-12-23,0.9146,0.55,0.55,0.0,0.004975728155339854,0.9695267264430688,策略1 价格通道突破,建信上海金ETF联接A
2021-12-24,0.9164,0.55,0.55,0.0,0.0010824404111087317,0.9705761813514208,策略1 价格通道突破,建信上海金ETF联接A
2021-12-27,0.9161,0.55,0.55,0.0,-0.0001800523788738573,0.9704014268010901,策略1 价格通道突破,建信上海金ETF联接A
2021-12-28,0.9182,0.55,0.55,0.0,0.0012607793908962273,0.9716248889208973,策略1 价格通道突破,建信上海金ETF联接A
2021-12-29,0.9144,0.55,0.55,0.0,-0.002276192550642592,0.9694132835867166,策略1 价格通道突破,建信上海金ETF联接A
2021-12-30,0.9101,0.55,0.55,0.0,-0.0025863954505686406,0.9669059974803271,策略1 价格通道突破,建信上海金ETF联接A
2021-12-31,0.9198,0.55,0.55,0.0,0.005861993187561799,0.9725739938505695,策略1 价格通道突破,建信上海金ETF联接A
2022-01-04,0.9132,0.55,0.55,0.0,-0.003946510110893642,0.968735720750246,策略1 价格通道突破,建信上海金ETF联接A
2022-01-05,0.9165,0.55,0.55,0.0,0.001987516425755609,0.9706610989074534,策略1 价格通道突破,建信上海金ETF联接A
2022-01-06,0.9111,0.55,0.55,0.0,-0.003240589198035993,0.9675155850353802,策略1 价格通道突破,建信上海金ETF联接A
2022-01-07,0.9065,0.55,0.55,0.0,-0.0027768631324772476,0.9648289266771982,策略1 价格通道突破,建信上海金ETF联接A
2022-01-10,0.9071,0.55,0.55,0.0,0.00036403750689462116,0.9651801605942457,策略1 价格通道突破,建信上海金ETF联接A
2022-01-11,0.9142,0.55,0.55,0.0,0.004304927791864178,0.9693351914917436,策略1 价格通道突破,建信上海金ETF联接A
2022-01-12,0.9189,0.55,0.55,0.0,0.0028276088383285772,0.9720760922465086,策略1 价格通道突破,建信上海金ETF联接A
2022-01-13,0.9207,0.55,0.55,0.0,0.0010773751224288808,0.9731233828454029,策略1 价格通道突破,建信上海金ETF联接A
2022-01-14,0.9206,0.55,0.55,0.0,-5.973715651136358e-05,0.9730652512215769,策略1 价格通道突破,建信上海金ETF联接A
2022-01-17,0.9162,0.55,0.55,0.0,-0.002628720399739304,0.9705073347454134,策略1 价格通道突破,建信上海金ETF联接A
2022-01-18,0.9148,0.55,0.55,0.0,-0.0008404278541803812,0.9696916933486069,策略1 价格通道突破,建信上海金ETF联接A
2022-01-19,0.9142,0.55,0.55,0.0,-0.0003607345867949141,0.9693418920162884,策略1 价格通道突破,建信上海金ETF联接A
2022-01-20,0.9252,0.55,0.55,0.0,0.006617807919492425,0.9757568104659696,策略1 价格通道突破,建信上海金ETF联接A
2022-01-21,0.9256,0.55,0.55,0.0,0.00023778642455685175,0.9759888321891673,策略1 价格通道突破,建信上海金ETF联接A
2022-01-24,0.9231,0.55,0.55,0.0,-0.0014855229040622254,0.9745389784248414,策略1 价格通道突破,建信上海金ETF联接A
2022-01-25,0.9246,0.55,0.55,0.0,0.000893727656808574,0.9754099508624977,策略1 价格通道突破,建信上海金ETF联接A
2022-01-26,0.9262,0.55,0.55,0.0,0.0009517629245079707,0.9763383098899248,策略1 价格通道突破,建信上海金ETF联接A
2022-01-27,0.9123,0.55,0.55,0.0,-0.008254156769596205,0.9682794604199307,策略1 价格通道突破,建信上海金ETF联接A
2022-01-28,0.9061,0.55,0.55,0.0,-0.0037378055464211027,0.9646602200822875,策略1 价格通道突破,建信上海金ETF联接A
2022-02-07,0.9114,0.55,0.55,0.0,0.003217084207041199,0.9677636132414751,策略1 价格通道突破,建信上海金ETF联接A
2022-02-08,0.9163,0.55,0.55,0.0,0.0029569892473118257,0.9706252798397698,策略1 价格通道突破,建信上海金ETF联接A
2022-02-09,0.9203,0.55,0.55,0.0,0.0024009603841536387,0.9729557126845231,策略1 价格通道突破,建信上海金ETF联接A
2022-02-10,0.9225,0.55,0.55,0.0,0.0013147886558730227,0.9742349438182276,策略1 价格通道突破,建信上海金ETF联接A
2022-02-11,0.9183,0.55,0.55,0.0,-0.0025040650406503886,0.9717953961540324,策略1 价格通道突破,建信上海金ETF联接A
2022-02-14,0.9318,0.55,0.55,0.0,0.00808559294348249,0.9796529381516841,策略1 价格通道突破,建信上海金ETF联接A
2022-02-15,0.9417,0.55,0.55,0.0,0.0058435286542176225,0.9853775681669619,策略1 价格通道突破,建信上海金ETF联接A
2022-02-16,0.9292,0.55,0.55,0.0,-0.007300626526494614,0.9781836945541894,策略1 价格通道突破,建信上海金ETF联接A
2022-02-17,0.9379,0.55,0.55,0.0,0.005149591046061053,0.9832209405490685,策略1 价格通道突破,建信上海金ETF联接A
2022-02-18,0.945,0.55,0.55,0.0,0.004163556882396846,0.9873146368630082,策略1 价格通道突破,建信上海金ETF联接A
2022-02-21,0.9447,0.55,0.55,0.0,-0.00017460317460314957,0.9871422485930798,策略1 价格通道突破,建信上海金ETF联接A
2022-02-22,0.9547,0.55,0.55,0.0,0.005821954059489754,0.9928893454145701,策略1 价格通道突破,建信上海金ETF联接A
2022-02-23,0.9483,0.55,0.55,0.0,-0.003687022101183579,0.9892285404539969,策略1 价格通道突破,建信上海金ETF联接A
2022-02-24,0.9665,0.55,0.55,0.0,0.010555731308657647,0.9996705711298849,策略1 价格通道突破,建信上海金ETF联接A
2022-02-25,0.9565,0.55,0.55,0.0,-0.005690636316606346,0.9939818094731706,策略1 价格通道突破,建信上海金ETF联接A
2022-02-28,0.9502,0.55,0.55,0.0,-0.003622582331416613,0.9903810285324235,策略1 价格通道突破,建信上海金ETF联接A
2022-03-01,0.9499,0.55,0.55,0.0,-0.00017364765312568033,0.9902090511911187,策略1 价格通道突破,建信上海金ETF联接A
2022-03-02,0.9628,0.55,0.55,0.0,0.007469207284977375,0.9976051278499259,策略1 价格通道突破,建信上海金ETF联接A
2022-03-03,0.9602,0.55,0.55,0.0,-0.0014852513502284894,0.996123433486792,策略1 价格通道突破,建信上海金ETF联接A
2022-03-04,0.9636,0.55,0.55,0.0,0.0019475109352217858,0.9980633947663382,策略1 价格通道突破,建信上海金ETF联接A
2022-03-07,0.9831,0.55,0.55,0.0,0.011130136986301354,1.0091719770711003,策略1 价格通道突破,建信上海金ETF联接A
2022-03-08,0.9986,0.55,0.55,0.0,0.008671549181161732,1.0179230615025228,策略1 价格通道突破,建信上海金ETF联接A
2022-03-09,1.0127,0.55,0.55,0.0,0.007765872221109438,1.0258281219290717,策略1 价格通道突破,建信上海金ETF联接A
2022-03-10,0.9865,0.55,0.55,0.0,-0.014229288041868222,1.0112313181006942,策略1 价格通道突破,建信上海金ETF联接A
2022-03-11,0.9886,0.55,0.55,0.0,0.0011708058793715283,1.0124152736733312,策略1 价格通道突破,建信上海金ETF联接A
2022-03-14,0.9837,0.55,0.55,0.0,-0.0027260772810034474,1.0096553513968294,策略1 价格通道突破,建信上海金ETF联接A
2022-03-15,0.9661,0.55,0.55,0.0,-0.009840398495476299,0.9997199403959947,策略1 价格通道突破,建信上海金ETF联接A
2022-03-16,0.9585,0.55,0.55,0.0,-0.004326674257323238,0.9953944778653505,策略1 价格通道突破,建信上海金ETF联接A
2022-03-17,0.967,0.55,0.55,0.0,0.0048774126238914865,1.0002494274574427,策略1 价格通道突破,建信上海金ETF联接A
2022-03-18,0.9689,0.55,0.55,0.0,0.0010806618407445236,1.0013303588449227,策略1 价格通道突破,建信上海金ETF联接A
2022-03-21,0.9661,0.55,0.55,0.0,-0.0015894313138610785,0.9997388130170547,策略1 价格通道突破,建信上海金ETF联接A
2022-03-22,0.9718,0.55,0.55,0.0,0.00324500569299252,1.0029829711568006,策略1 价格通道突破,建信上海金ETF联接A
2022-03-23,0.9659,0.55,0.55,0.0,-0.0033391644371269847,0.9996338460884697,策略1 价格通道突破,建信上海金ETF联接A
2022-03-24,0.9762,0.55,0.55,0.0,0.005864996376436494,1.005496694973542,策略1 价格通道突破,建信上海金ETF联接A
2022-03-25,0.9826,0.55,0.55,0.0,0.0036058184798196894,1.0091223335376753,策略1 价格通道突破,建信上海金ETF联接A
2022-03-28,0.9739,0.55,0.55,0.0,-0.004869733360472234,1.004208176845249,策略1 价格通道突破,建信上海金ETF联接A
2022-03-29,0.9681,0.55,0.55,0.0,-0.0032754902967450377,1.0009189027060805,策略1 价格通道突破,建信上海金ETF联接A
2022-03-30,0.9657,0.55,0.55,0.0,-0.0013634955066624934,0.9995541542797073,策略1 价格通道突破,建信上海金ETF联接A
2022-03-31,0.9656,0.55,0.55,0.0,-5.695350522935128e-05,0.9994972261669545,策略1 价格通道突破,建信上海金ETF联接A
2022-04-01,0.9696,0.55,0.55,0.0,0.0022783761391881097,1.0017744567982378,策略1 价格通道突破,建信上海金ETF联接A
2022-04-06,0.9655,0.55,0.55,0.0,-0.00232570132013199,0.9994446286215877,策略1 价格通道突破,建信上海金ETF联接A
2022-04-07,0.9667,0.55,0.55,0.0,0.0006835836354220915,1.000127832614224,策略1 价格通道突破,建信上海金ETF联接A
2022-04-08,0.9688,0.55,0.55,0.0,0.0011947863866763053,1.0013227717335675,策略1 价格通道突破,建信上海金ETF联接A
2022-04-11,0.9758,0.55,0.55,0.0,0.003973988439306364,1.005302016852451,策略1 价格通道突破,建信上海金ETF联接A
2022-04-12,0.9819,0.55,0.55,0.0,0.003438204550112689,1.0087584508210306,策略1 价格通道突破,建信上海金ETF联接A
2022-04-13,0.9857,0.55,0.55,0.0,0.002128526326509861,1.0109056197406925,策略1 价格通道突破,建信上海金ETF联接A
2022-04-14,0.9871,0.55,0.55,0.0,0.0007811707416048753,1.0116953096333579,策略1 价格通道突破,建信上海金ETF联接A
2022-04-15,0.9903,0.55,0.55,0.0,0.0017830007091479418,1.0134991630878756,策略1 价格通道突破,建信上海金ETF联接A
2022-04-18,0.9956,0.55,0.55,0.0,0.002943552458850951,1.0164824510414263,策略1 价格通道突破,建信上海金ETF联接A
2022-04-19,0.9904,0.55,0.55,0.0,-0.0028726396143030023,1.013562463285321,策略1 价格通道突破,建信上海金ETF联接A
2022-04-20,0.9798,0.55,0.55,0.0,-0.005886510500807713,1.0075961172019674,策略1 价格通道突破,建信上海金ETF联接A
2022-04-21,0.9884,0.55,0.55,0.0,0.004827515819555018,1.0124603033974822,策略1 价格通道突破,建信上海金ETF联接A
2022-04-22,0.9923,0.55,0.55,0.0,0.0021701740186159113,1.0146575184427953,策略1 价格通道突破,建信上海金ETF联接A
2022-04-25,0.9879,0.55,0.55,0.0,-0.0024387785951828778,1.0121829934053757,策略1 价格通道突破,建信上海金ETF联接A
2022-04-26,0.9812,0.55,0.55,0.0,-0.0037301346290110394,1.008407414570778,策略1 价格通道突破,建信上海金ETF联接A
2022-04-27,0.981,0.55,0.55,0.0,-0.00011210762331837488,1.0082943644121938,策略1 价格通道突破,建信上海金ETF联接A
2022-04-28,0.9795,0.55,0.55,0.0,-0.000840978593272146,1.0074464104360064,策略1 价格通道突破,建信上海金ETF联接A
2022-04-29,0.9909,0.55,0.55,0.0,0.006401225114854526,1.0138953017003594,策略1 价格通道突破,建信上海金ETF联接A
2022-05-05,0.9883,0.55,0.55,0.0,-0.0014431325058028134,1.0124321164329948,策略1 价格通道突破,建信上海金ETF联接A
2022-05-06,0.9862,0.55,0.55,0.0,-0.0011686734797126176,1.0112489138685101,策略1 价格通道突破,建信上海金ETF联接A
2022-05-09,0.9905,0.55,0.55,0.0,0.0023980936929629882,1.0136739835108741,策略1 价格通道突破,建信上海金ETF联接A
2022-05-10,0.9837,0.55,0.55,0.0,-0.00377587077233722,1.0098464815438568,策略1 价格通道突破,建信上海金ETF联接A
2022-05-11,0.9782,0.55,0.55,0.0,-0.003075124529836382,1.0067410778570922,策略1 价格通道突破,建信上海金ETF联接A
2022-05-12,0.9873,0.55,0.55,0.0,0.005116540584747498,1.0118921094402806,策略1 价格通道突破,建信上海金ETF联接A
2022-05-13,0.9785,0.55,0.55,0.0,-0.004902258685303307,1.006931552558187,策略1 价格通道突破,建信上海金ETF联接A
2022-05-16,0.9693,0.55,0.55,0.0,-0.005171180378129781,1.0017245278714784,策略1 价格通道突破,建信上海金ETF联接A
2022-05-17,0.9741,0.55,0.55,0.0,0.0027236149798822943,1.0044528398013046,策略1 价格通道突破,建信上海金ETF联接A
2022-05-18,0.964,0.55,0.55,0.0,-0.005702699928138816,0.9987247466639511,策略1 价格通道突破,建信上海金ETF联接A
2022-05-19,0.9676,0.55,0.55,0.0,0.002053941908713686,1.0007760692763936,策略1 价格通道突破,建信上海金ETF联接A
2022-05-20,0.9737,0.55,0.55,0.0,0.0034673418768086163,1.0042461020507034,策略1 价格通道突破,建信上海金ETF联接A
2022-05-23,0.9736,0.55,0.55,0.0,-5.6485570504272166e-05,1.0041893766367025,策略1 价格通道突破,建信上海金ETF联接A
2022-05-24,0.9758,0.55,0.55,0.0,0.0012428101889892852,1.0054373934256613,策略1 价格通道突破,建信上海金ETF联接A
2022-05-25,0.9772,0.55,0.55,0.0,0.0007890961262553953,1.0062307801780057,策略1 价格通道突破,建信上海金ETF联接A
2022-05-26,0.9811,0.55,0.55,0.0,0.002195047073270595,1.0084395041070702,策略1 价格通道突破,建信上海金ETF联接A
2022-05-27,0.9852,0.55,0.55,0.0,0.0022984405259403266,1.010757342331269,策略1 价格通道突破,建信上海金ETF联接A
2022-05-30,0.977,0.55,0.55,0.0,-0.004577750710515644,1.006130347189253,策略1 价格通道突破,建信上海金ETF联接A
2022-05-31,0.9742,0.55,0.55,0.0,-0.001576253838280467,1.0045444303676856,策略1 价格通道突破,建信上海金ETF联接A
2022-06-01,0.9686,0.0,0.0,0.0,-0.0031615684664339895,1.001368494373503,策略1 价格通道突破,建信上海金ETF联接A
2022-06-02,0.9754,0.0,0.0,0.0,0.0,1.001368494373503,策略1 价格通道突破,建信上海金ETF联接A
2022-06-06,0.9728,0.0,0.0,0.0,-0.0,1.001368494373503,策略1 价格通道突破,建信上海金ETF联接A
2022-06-07,0.9686,0.0,0.0,0.0,-0.0,1.001368494373503,策略1 价格通道突破,建信上海金ETF联接A
2022-06-08,0.9729,0.0,0.0,0.0,0.0,1.001368494373503,策略1 价格通道突破,建信上海金ETF联接A
2022-06-09,0.9748,0.0,0.0,0.0,0.0,1.001368494373503,策略1 价格通道突破,建信上海金ETF联接A
2022-06-10,0.972,0.0,0.0,0.0,-0.0,1.001368494373503,策略1 价格通道突破,建信上海金ETF联接A
2022-06-13,0.9871,0.0,0.0,0.0,0.0,1.001368494373503,策略1 价格通道突破,建信上海金ETF联接A
2022-06-14,0.9691,0.0,0.0,0.0,-0.0,1.001368494373503,策略1 价格通道突破,建信上海金ETF联接A
2022-06-15,0.9639,0.0,0.0,0.0,-0.0,1.001368494373503,策略1 价格通道突破,建信上海金ETF联接A
2022-06-16,0.9669,0.0,0.0,0.0,0.0,1.001368494373503,策略1 价格通道突破,建信上海金ETF联接A
2022-06-17,0.973,0.0,0.0,0.0,0.0,1.001368494373503,策略1 价格通道突破,建信上海金ETF联接A
2022-06-20,0.9698,0.0,0.0,0.0,-0.0,1.001368494373503,策略1 价格通道突破,建信上海金ETF联接A
2022-06-21,0.9678,0.0,0.0,0.0,-0.0,1.001368494373503,策略1 价格通道突破,建信上海金ETF联接A
2022-06-22,0.9676,0.0,0.0,0.0,-0.0,1.001368494373503,策略1 价格通道突破,建信上海金ETF联接A
2022-06-23,0.969,0.0,0.0,0.0,0.0,1.001368494373503,策略1 价格通道突破,建信上海金ETF联接A
2022-06-24,0.9622,0.0,0.0,0.0,-0.0,1.001368494373503,策略1 价格通道突破,建信上海金ETF联接A
2022-06-27,0.9676,0.0,0.0,0.0,0.0,1.001368494373503,策略1 价格通道突破,建信上海金ETF联接A
2022-06-28,0.9625,0.0,0.0,0.0,-0.0,1.001368494373503,策略1 价格通道突破,建信上海金ETF联接A
2022-06-29,0.961,0.0,0.0,0.0,-0.0,1.001368494373503,策略1 价格通道突破,建信上海金ETF联接A
2022-06-30,0.9592,0.0,0.0,0.0,-0.0,1.001368494373503,策略1 价格通道突破,建信上海金ETF联接A
2022-07-01,0.9512,0.0,0.0,0.0,-0.0,1.001368494373503,策略1 价格通道突破,建信上海金ETF联接A
2022-07-04,0.9549,0.0,0.0,0.0,0.0,1.001368494373503,策略1 价格通道突破,建信上海金ETF联接A
2022-07-05,0.9543,0.0,0.0,0.0,-0.0,1.001368494373503,策略1 价格通道突破,建信上海金ETF联接A
2022-07-06,0.936,0.0,0.0,0.0,-0.0,1.001368494373503,策略1 价格通道突破,建信上海金ETF联接A
2022-07-07,0.9235,0.0,0.0,0.0,-0.0,1.001368494373503,策略1 价格通道突破,建信上海金ETF联接A
2022-07-08,0.9222,0.0,0.0,0.0,-0.0,1.001368494373503,策略1 价格通道突破,建信上海金ETF联接A
2022-07-11,0.922,0.0,0.0,0.0,-0.0,1.001368494373503,策略1 价格通道突破,建信上海金ETF联接A
2022-07-12,0.922,0.0,0.0,0.0,0.0,1.001368494373503,策略1 价格通道突破,建信上海金ETF联接A
2022-07-13,0.9164,0.0,0.0,0.0,-0.0,1.001368494373503,策略1 价格通道突破,建信上海金ETF联接A
2022-07-14,0.9151,0.0,0.0,0.0,-0.0,1.001368494373503,策略1 价格通道突破,建信上海金ETF联接A
2022-07-15,0.9118,0.0,0.0,0.0,-0.0,1.001368494373503,策略1 价格通道突破,建信上海金ETF联接A
2022-07-18,0.9141,0.0,0.0,0.0,0.0,1.001368494373503,策略1 价格通道突破,建信上海金ETF联接A
2022-07-19,0.9119,0.0,0.0,0.0,-0.0,1.001368494373503,策略1 价格通道突破,建信上海金ETF联接A
2022-07-20,0.9119,0.0,0.0,0.0,0.0,1.001368494373503,策略1 价格通道突破,建信上海金ETF联接A
2022-07-21,0.9048,0.0,0.0,0.0,-0.0,1.001368494373503,策略1 价格通道突破,建信上海金ETF联接A
2022-07-22,0.9177,0.0,0.0,0.0,0.0,1.001368494373503,策略1 价格通道突破,建信上海金ETF联接A
2022-07-25,0.9211,0.0,0.0,0.0,0.0,1.001368494373503,策略1 价格通道突破,建信上海金ETF联接A
2022-07-26,0.9213,0.0,0.0,0.0,0.0,1.001368494373503,策略1 价格通道突破,建信上海金ETF联接A
2022-07-27,0.9194,0.0,0.0,0.0,-0.0,1.001368494373503,策略1 价格通道突破,建信上海金ETF联接A
2022-07-28,0.9274,0.0,0.0,0.0,0.0,1.001368494373503,策略1 价格通道突破,建信上海金ETF联接A
2022-07-29,0.9398,0.0,0.0,0.0,0.0,1.001368494373503,策略1 价格通道突破,建信上海金ETF联接A
2022-08-01,0.9401,0.0,0.0,0.0,0.0,1.001368494373503,策略1 价格通道突破,建信上海金ETF联接A
2022-08-02,0.9464,0.0,0.0,0.0,0.0,1.001368494373503,策略1 价格通道突破,建信上海金ETF联接A
2022-08-03,0.9427,0.0,0.0,0.0,-0.0,1.001368494373503,策略1 价格通道突破,建信上海金ETF联接A
2022-08-04,0.9445,0.0,0.0,0.0,0.0,1.001368494373503,策略1 价格通道突破,建信上海金ETF联接A
2022-08-05,0.9522,0.0,0.0,0.0,0.0,1.001368494373503,策略1 价格通道突破,建信上海金ETF联接A
2022-08-08,0.9475,0.0,0.0,0.0,-0.0,1.001368494373503,策略1 价格通道突破,建信上海金ETF联接A
2022-08-09,0.9512,0.0,0.0,0.0,0.0,1.001368494373503,策略1 价格通道突破,建信上海金ETF联接A
2022-08-10,0.9537,0.0,0.0,0.0,0.0,1.001368494373503,策略1 价格通道突破,建信上海金ETF联接A
2022-08-11,0.9498,0.0,0.0,0.0,-0.0,1.001368494373503,策略1 价格通道突破,建信上海金ETF联接A
2022-08-12,0.9526,0.0,0.0,0.0,0.0,1.001368494373503,策略1 价格通道突破,建信上海金ETF联接A
2022-08-15,0.9548,0.0,0.0,0.0,0.0,1.001368494373503,策略1 价格通道突破,建信上海金ETF联接A
2022-08-16,0.9535,0.0,0.0,0.0,-0.0,1.001368494373503,策略1 价格通道突破,建信上海金ETF联接A
2022-08-17,0.9499,0.0,0.0,0.0,-0.0,1.001368494373503,策略1 价格通道突破,建信上海金ETF联接A
2022-08-18,0.9449,0.0,0.0,0.0,-0.0,1.001368494373503,策略1 价格通道突破,建信上海金ETF联接A
2022-08-19,0.9441,0.0,0.0,0.0,-0.0,1.001368494373503,策略1 价格通道突破,建信上海金ETF联接A
2022-08-22,0.9418,0.0,0.0,0.0,-0.0,1.001368494373503,策略1 价格通道突破,建信上海金ETF联接A
2022-08-23,0.9446,0.0,0.0,0.0,0.0,1.001368494373503,策略1 价格通道突破,建信上海金ETF联接A
2022-08-24,0.9488,0.0,0.0,0.0,0.0,1.001368494373503,策略1 价格通道突破,建信上海金ETF联接A
2022-08-25,0.9519,0.0,0.0,0.0,0.0,1.001368494373503,策略1 价格通道突破,建信上海金ETF联接A
2022-08-26,0.9536,0.0,0.0,0.0,0.0,1.001368494373503,策略1 价格通道突破,建信上海金ETF联接A
2022-08-29,0.9461,0.0,0.0,0.0,-0.0,1.001368494373503,策略1 价格通道突破,建信上海金ETF联接A
2022-08-30,0.9497,0.0,0.0,0.0,0.0,1.001368494373503,策略1 价格通道突破,建信上海金ETF联接A
2022-08-31,0.944,0.0,0.0,0.0,-0.0,1.001368494373503,策略1 价格通道突破,建信上海金ETF联接A
2022-09-01,0.9375,0.0,0.0,0.0,-0.0,1.001368494373503,策略1 价格通道突破,建信上海金ETF联接A
2022-09-02,0.9359,0.0,0.0,0.0,-0.0,1.001368494373503,策略1 价格通道突破,建信上海金ETF联接A
2022-09-05,0.9445,0.0,0.0,0.0,0.0,1.001368494373503,策略1 价格通道突破,建信上海金ETF联接A
2022-09-06,0.9491,0.0,0.0,0.0,0.0,1.001368494373503,策略1 价格通道突破,建信上海金ETF联接A
2022-09-07,0.9434,0.0,0.0,0.0,-0.0,1.001368494373503,策略1 价格通道突破,建信上海金ETF联接A
2022-09-08,0.9507,0.0,0.0,0.0,0.0,1.001368494373503,策略1 价格通道突破,建信上海金ETF联接A
2022-09-09,0.9513,0.0,0.0,0.0,0.0,1.001368494373503,策略1 价格通道突破,建信上海金ETF联接A
2022-09-13,0.9509,0.0,0.0,0.0,-0.0,1.001368494373503,策略1 价格通道突破,建信上海金ETF联接A
2022-09-14,0.9446,0.0,0.0,0.0,-0.0,1.001368494373503,策略1 价格通道突破,建信上海金ETF联接A
2022-09-15,0.94,0.0,0.0,0.0,-0.0,1.001368494373503,策略1 价格通道突破,建信上海金ETF联接A
2022-09-16,0.9366,0.0,0.0,0.0,-0.0,1.001368494373503,策略1 价格通道突破,建信上海金ETF联接A
2022-09-19,0.9391,0.0,0.0,0.0,0.0,1.001368494373503,策略1 价格通道突破,建信上海金ETF联接A
2022-09-20,0.9413,0.0,0.0,0.0,0.0,1.001368494373503,策略1 价格通道突破,建信上海金ETF联接A
2022-09-21,0.9423,0.0,0.0,0.0,0.0,1.001368494373503,策略1 价格通道突破,建信上海金ETF联接A
2022-09-22,0.9414,0.0,0.0,0.0,-0.0,1.001368494373503,策略1 价格通道突破,建信上海金ETF联接A
2022-09-23,0.9458,0.0,0.0,0.0,0.0,1.001368494373503,策略1 价格通道突破,建信上海金ETF联接A
2022-09-26,0.9384,0.0,0.0,0.0,-0.0,1.001368494373503,策略1 价格通道突破,建信上海金ETF联接A
2022-09-27,0.9402,0.0,0.0,0.0,0.0,1.001368494373503,策略1 价格通道突破,建信上海金ETF联接A
2022-09-28,0.9441,0.0,0.0,0.0,0.0,1.001368494373503,策略1 价格通道突破,建信上海金ETF联接A
2022-09-29,0.9497,0.0,0.0,0.0,0.0,1.001368494373503,策略1 价格通道突破,建信上海金ETF联接A
2022-09-30,0.9506,0.0,0.0,0.0,0.0,1.001368494373503,策略1 价格通道突破,建信上海金ETF联接A
2022-10-10,0.9583,0.0,0.0,0.0,0.0,1.001368494373503,策略1 价格通道突破,建信上海金ETF联接A
2022-10-11,0.9565,0.0,0.0,0.0,-0.0,1.001368494373503,策略1 价格通道突破,建信上海金ETF联接A
2022-10-12,0.957,0.0,0.0,0.0,0.0,1.001368494373503,策略1 价格通道突破,建信上海金ETF联接A
2022-10-13,0.9576,0.0,0.0,0.0,0.0,1.001368494373503,策略1 价格通道突破,建信上海金ETF联接A
2022-10-14,0.9563,0.0,0.0,0.0,-0.0,1.001368494373503,策略1 价格通道突破,建信上海金ETF联接A
2022-10-17,0.9523,0.0,0.0,0.0,-0.0,1.001368494373503,策略1 价格通道突破,建信上海金ETF联接A
2022-10-18,0.9538,0.0,0.0,0.0,0.0,1.001368494373503,策略1 价格通道突破,建信上海金ETF联接A
2022-10-19,0.9518,0.0,0.0,0.0,-0.0,1.001368494373503,策略1 价格通道突破,建信上海金ETF联接A
2022-10-20,0.9476,0.0,0.0,0.0,-0.0,1.001368494373503,策略1 价格通道突破,建信上海金ETF联接A
2022-10-21,0.9467,0.0,0.0,0.0,-0.0,1.001368494373503,策略1 价格通道突破,建信上海金ETF联接A
2022-10-24,0.9576,0.0,0.0,0.0,0.0,1.001368494373503,策略1 价格通道突破,建信上海金ETF联接A
2022-10-25,0.9599,0.0,0.0,0.0,0.0,1.001368494373503,策略1 价格通道突破,建信上海金ETF联接A
2022-10-26,0.9602,0.0,0.0,0.0,0.0,1.001368494373503,策略1 价格通道突破,建信上海金ETF联接A
2022-10-27,0.958,0.0,0.0,0.0,-0.0,1.001368494373503,策略1 价格通道突破,建信上海金ETF联接A
2022-10-28,0.9576,0.0,0.0,0.0,-0.0,1.001368494373503,策略1 价格通道突破,建信上海金ETF联接A
2022-10-31,0.9545,0.0,0.0,0.0,-0.0,1.001368494373503,策略1 价格通道突破,建信上海金ETF联接A
2022-11-01,0.9551,0.0,0.0,0.0,0.0,1.001368494373503,策略1 价格通道突破,建信上海金ETF联接A
2022-11-02,0.9567,0.0,0.0,0.0,0.0,1.001368494373503,策略1 价格通道突破,建信上海金ETF联接A
2022-11-03,0.9545,0.0,0.0,0.0,-0.0,1.001368494373503,策略1 价格通道突破,建信上海金ETF联接A
2022-11-04,0.9544,0.0,0.0,0.0,-0.0,1.001368494373503,策略1 价格通道突破,建信上海金ETF联接A
2022-11-07,0.9606,0.0,0.0,0.0,0.0,1.001368494373503,策略1 价格通道突破,建信上海金ETF联接A
2022-11-08,0.9633,0.0,0.0,0.0,0.0,1.001368494373503,策略1 价格通道突破,建信上海金ETF联接A
2022-11-09,0.9819,0.0,0.0,0.0,0.0,1.001368494373503,策略1 价格通道突破,建信上海金ETF联接A
2022-11-10,0.9831,0.0,0.0,0.0,0.0,1.001368494373503,策略1 价格通道突破,建信上海金ETF联接A
2022-11-11,0.9914,0.0,0.0,0.0,0.0,1.001368494373503,策略1 价格通道突破,建信上海金ETF联接A
2022-11-14,0.9828,0.0,0.0,0.0,-0.0,1.001368494373503,策略1 价格通道突破,建信上海金ETF联接A
2022-11-15,0.9854,0.0,0.0,0.0,0.0,1.001368494373503,策略1 价格通道突破,建信上海金ETF联接A
2022-11-16,0.9896,0.0,0.0,0.0,0.0,1.001368494373503,策略1 价格通道突破,建信上海金ETF联接A
2022-11-17,0.9913,0.0,0.0,0.0,0.0,1.001368494373503,策略1 价格通道突破,建信上海金ETF联接A
2022-11-18,0.9904,0.0,0.0,0.0,-0.0,1.001368494373503,策略1 价格通道突破,建信上海金ETF联接A
2022-11-21,0.9851,0.0,0.0,0.0,-0.0,1.001368494373503,策略1 价格通道突破,建信上海金ETF联接A
2022-11-22,0.9849,0.0,0.0,0.0,-0.0,1.001368494373503,策略1 价格通道突破,建信上海金ETF联接A
2022-11-23,0.9839,0.0,0.0,0.0,-0.0,1.001368494373503,策略1 价格通道突破,建信上海金ETF联接A
2022-11-24,0.9877,0.0,0.0,0.0,0.0,1.001368494373503,策略1 价格通道突破,建信上海金ETF联接A
2022-11-25,0.9906,0.0,0.0,0.0,0.0,1.001368494373503,策略1 价格通道突破,建信上海金ETF联接A
2022-11-28,0.9924,0.0,0.0,0.0,0.0,1.001368494373503,策略1 价格通道突破,建信上海金ETF联接A
2022-11-29,0.9897,0.0,0.0,0.0,-0.0,1.001368494373503,策略1 价格通道突破,建信上海金ETF联接A
2022-11-30,0.9881,0.0,0.0,0.0,-0.0,1.001368494373503,策略1 价格通道突破,建信上海金ETF联接A
2022-12-01,0.9904,0.55,0.55,0.00812807881773392,-0.00812807881773392,0.9932292923256397,策略1 价格通道突破,建信上海金ETF联接A
2022-12-02,0.9966,0.55,0.55,0.0,0.0034430533117933205,0.9966490337299516,策略1 价格通道突破,建信上海金ETF联接A
2022-12-05,0.9876,0.55,0.55,0.0,-0.004966887417218541,0.9916987901849353,策略1 价格通道突破,建信上海金ETF联接A
2022-12-06,0.9778,0.55,0.55,0.0,-0.00545767517213448,0.9862864203195072,策略1 价格通道突破,建信上海金ETF联接A
2022-12-07,0.9779,0.55,0.55,0.0,5.6248721619978074e-05,0.9863418976698014,策略1 价格通道突破,建信上海金ETF联接A
2022-12-08,0.981,0.55,0.55,0.0,0.0017435320584926251,0.9880616163890231,策略1 价格通道突破,建信上海金ETF联接A
2022-12-09,0.9838,0.55,0.55,0.0,0.0015698267074413799,0.9896127019030282,策略1 价格通道突破,建信上海金ETF联接A
2022-12-12,0.9836,0.55,0.55,0.0,-0.00011181134376906933,0.9895020519770176,策略1 价格通道突破,建信上海金ETF联接A
2022-12-13,0.983,0.55,0.55,0.0,-0.0003355022366816285,0.9891700718253781,策略1 价格通道突破,建信上海金ETF联接A
2022-12-14,0.9934,0.55,0.55,0.0,0.005818921668362154,0.9949259749900182,策略1 价格通道突破,建信上海金ETF联接A
2022-12-15,0.9857,0.55,0.55,0.0,-0.004263136702234727,0.9906844695500315,策略1 价格通道突破,建信上海金ETF联接A
2022-12-16,0.9811,0.55,0.55,0.0,-0.0025667038652734233,0.988141675892771,策略1 价格通道突破,建信上海金ETF联接A
2022-12-19,0.9877,0.55,0.55,0.0,0.003699928651513607,0.9917977295911613,策略1 价格通道突破,建信上海金ETF联接A
2022-12-20,0.988,0.55,0.55,0.0,0.00016705477371672386,0.991963414136451,策略1 价格通道突破,建信上海金ETF联接A
2022-12-21,0.9962,0.55,0.55,0.0,0.004564777327935233,0.9964915062394422,策略1 价格通道突破,建信上海金ETF联接A
2022-12-22,0.9978,0.55,0.55,0.0,0.0008833567556715938,0.9973717637434483,策略1 价格通道突破,建信上海金ETF联接A
2022-12-23,0.99,0.55,0.55,0.0,-0.00429945880938068,0.993083604927594,策略1 价格通道突破,建信上海金ETF联接A
2022-12-26,0.9909,0.55,0.55,0.0,0.0005000000000000338,0.9935801467300577,策略1 价格通道突破,建信上海金ETF联接A
2022-12-27,0.9921,0.55,0.55,0.0,0.0006660611565243003,0.9942419318716883,策略1 价格通道突破,建信上海金ETF联接A
2022-12-28,0.9943,0.55,0.55,0.0,0.0012196351174276643,0.9954545442470181,策略1 价格通道突破,建信上海金ETF联接A
2022-12-29,0.9932,0.55,0.55,0.0,-0.0006084682691340327,0.9948488417434784,策略1 价格通道突破,建信上海金ETF联接A
2022-12-30,0.9987,0.55,0.55,0.0,0.0030457108336690024,0.9978788636386396,策略1 价格通道突破,建信上海金ETF联接A
2022-12-31,0.9987,0.55,0.55,0.0,0.0,0.9978788636386396,策略1 价格通道突破,建信上海金ETF联接A
2023-01-03,0.9993,0.55,0.55,0.0,0.0003304295584259487,0.9982085923109143,策略1 价格通道突破,建信上海金ETF联接A
2023-01-04,1.0036,0.55,0.55,0.0,0.00236665665966177,1.0005710093236384,策略1 价格通道突破,建信上海金ETF联接A
2023-01-05,1.0037,0.55,0.55,0.0,5.480271024316253e-05,1.00062584332674,策略1 价格通道突破,建信上海金ETF联接A
2023-01-06,0.9964,0.55,0.55,0.0,-0.00400019926272796,0.9966231405659979,策略1 价格通道突破,建信上海金ETF联接A
2023-01-09,1.0064,0.55,0.55,0.0,0.005519871537535115,1.0021243722732571,策略1 价格通道突破,建信上海金ETF联接A
2023-01-10,1.0057,0.55,0.55,0.0,-0.00038255166931631116,1.0017410079217814,策略1 价格通道突破,建信上海金ETF联接A
2023-01-11,1.0085,0.55,0.55,0.0,0.0015312717510191588,1.0032749456290495,策略1 价格通道突破,建信上海金ETF联接A
2023-01-12,1.0073,0.55,0.55,0.0,-0.0006544372830936452,1.002618365099436,策略1 价格通道突破,建信上海金ETF联接A
2023-01-13,1.0082,0.55,0.55,0.0,0.0004914126873820757,1.0031110644846482,策略1 价格通道突破,建信上海金ETF联接A
2023-01-16,1.0134,0.55,0.55,0.0,0.0028367387423131277,1.0059566285041148,策略1 价格通道突破,建信上海金ETF联接A
2023-01-17,1.0176,0.55,0.55,0.0,0.0022794552989934824,1.0082496616715162,策略1 价格通道突破,建信上海金ETF联接A
2023-01-18,1.0154,0.55,0.55,0.0,-0.001189072327044044,1.007050779900071,策略1 价格通道突破,建信上海金ETF联接A
2023-01-19,1.0193,0.55,0.55,0.0,0.0021124679929091505,1.0091781424398443,策略1 价格通道突破,建信上海金ETF联接A
2023-01-20,1.0262,0.55,0.55,0.0,0.0037231433336603506,1.012935457313345,策略1 价格通道突破,建信上海金ETF联接A
2023-01-30,1.0256,0.55,0.55,0.0,-0.0003215747417657289,1.012609722855234,策略1 价格通道突破,建信上海金ETF联接A
2023-01-31,1.0193,0.55,0.55,0.0,-0.003378510140405572,1.0091886106382943,策略1 价格通道突破,建信上海金ETF联接A
2023-02-01,1.0234,0.55,0.55,0.0,0.0022123025605808146,1.0114212411857186,策略1 价格通道突破,建信上海金ETF联接A
2023-02-02,1.0313,0.55,0.55,0.0,0.004245651749071756,1.0157153835474069,策略1 价格通道突破,建信上海金ETF联接A
2023-02-03,1.0192,0.55,0.55,0.0,-0.006453020459614107,1.0091609513962307,策略1 价格通道突破,建信上海金ETF联接A
2023-02-06,1.0063,0.55,0.55,0.0,-0.0069613422291994525,1.002135836649217,策略1 价格通道突破,建信上海金ETF联接A
2023-02-07,1.004,0.55,0.55,0.0,-0.001257080393520782,1.0008760713373208,策略1 价格通道突破,建信上海金ETF联接A
2023-02-08,1.0038,0.55,0.55,0.0,-0.00010956175298803551,1.0007664136004213,策略1 价格通道突破,建信上海金ETF联接A
2023-02-09,1.0058,0.55,0.55,0.0,0.0010958358238692734,1.0018630892877698,策略1 价格通道突破,建信上海金ETF联接A
2023-02-10,1.0016,0.55,0.55,0.0,-0.0022966792602902852,0.9995621311089523,策略1 价格通道突破,建信上海金ETF联接A
2023-02-13,1.0057,0.55,0.55,0.0,0.0022513977635782337,1.0018125430554885,策略1 价格通道突破,建信上海金ETF联接A
2023-02-14,1.0051,0.55,0.55,0.0,-0.0003281296609326245,1.0014838186454176,策略1 价格通道突破,建信上海金ETF联接A
2023-02-15,1.0028,0.55,0.55,0.0,-0.0012585812356980587,1.0002233699034153,策略1 价格通道突破,建信上海金ETF联接A
2023-02-16,1.0017,0.55,0.55,0.0,-0.0006033107299560303,0.9996199244119998,策略1 价格通道突破,建信上海金ETF联接A
2023-02-17,1.0004,0.55,0.55,0.0,-0.0007137865628431995,0.9989064091420041,策略1 价格通道突破,建信上海金ETF联接A
2023-02-20,1.0043,0.55,0.55,0.0,0.002144142343062805,1.0010482066706023,策略1 价格通道突破,建信上海金ETF联接A
2023-02-21,1.003,0.55,0.55,0.0,-0.0007119386637459646,1.0003355217480001,策略1 价格通道突破,建信上海金ETF联接A
2023-02-22,1.0056,0.55,0.55,0.0,0.001425722831505605,1.0017617229405222,策略1 价格通道突破,建信上海金ETF联接A
2023-02-23,1.0036,0.55,0.55,0.0,-0.0010938743038981626,1.0006659215331688,策略1 价格通道突破,建信上海金ETF联接A
2023-02-24,1.0055,0.55,0.55,0.0,0.0010412514946193552,1.00170786641958,策略1 价格通道突破,建信上海金ETF联接A
2023-02-27,1.0041,0.55,0.55,0.0,-0.0007657881650920351,1.0009407703905964,策略1 价格通道突破,建信上海金ETF联接A
2023-02-28,1.0045,0.55,0.55,0.0,0.00021910168309927647,1.0011600781980716,策略1 价格通道突破,建信上海金ETF联接A
2023-03-01,1.0079,0.55,0.55,0.0,0.0018616226978597106,1.003023860523836,策略1 价格通道突破,建信上海金ETF联接A
2023-03-02,1.0068,0.55,0.55,0.0,-0.0006002579620994875,1.0024217874653807,策略1 价格通道突破,建信上海金ETF联接A
2023-03-03,1.011,0.55,0.55,0.0,0.0022943980929677867,1.0047217421028904,策略1 价格通道突破,建信上海金ETF联接A
2023-03-06,1.0173,0.55,0.55,0.0,0.00342729970326422,1.008165224631463,策略1 价格通道突破,建信上海金ETF联接A
2023-03-07,1.0182,0.55,0.55,0.0,0.0004865821291654027,1.0086557798130145,策略1 价格通道突破,建信上海金ETF联接A
2023-03-08,1.0083,0.55,0.55,0.0,-0.005347672362993505,1.003261819175535,策略1 价格通道突破,建信上海金ETF联接A
2023-03-09,1.0086,0.55,0.55,0.0,0.00016364177328178633,1.0034259947186905,策略1 价格通道突破,建信上海金ETF联接A
2023-03-10,1.0141,0.55,0.55,0.0,0.0029992068213365755,1.0064354768067574,策略1 价格通道突破,建信上海金ETF联接A
2023-03-13,1.023,0.55,0.55,0.0,0.00482694014396996,1.0112934806120715,策略1 价格通道突破,建信上海金ETF联接A
2023-03-14,1.0357,0.55,0.55,0.0,0.006827956989247453,1.018198549001197,策略1 价格通道突破,建信上海金ETF联接A
2023-03-15,1.0365,0.55,0.55,0.0,0.00042483344597846754,1.0186311137994595,策略1 价格通道突破,建信上海金ETF联接A
2023-03-16,1.0458,0.55,0.55,0.0,0.004934876989869808,1.0236579330441138,策略1 价格通道突破,建信上海金ETF联接A
2023-03-17,1.0505,0.55,0.55,0.0,0.002471791929623268,1.0261882024617073,策略1 价格通道突破,建信上海金ETF联接A
2023-03-20,1.0815,0.55,0.55,0.0,0.0162303664921465,1.0428436130775778,策略1 价格通道突破,建信上海金ETF联接A
2023-03-21,1.0721,0.55,0.55,0.0,-0.004780397595931485,1.0378584059766893,策略1 价格通道突破,建信上海金ETF联接A
2023-03-22,1.0565,0.55,0.55,0.0,-0.008002984796194396,1.0295524409330552,策略1 价格通道突破,建信上海金ETF联接A
2023-03-23,1.0631,0.55,0.55,0.0,0.0034358731661144563,1.0330898525379648,策略1 价格通道突破,建信上海金ETF联接A
2023-03-24,1.0668,0.55,0.55,0.0,0.001914213150221045,1.0350674067190528,策略1 价格通道突破,建信上海金ETF联接A
2023-03-27,1.0627,0.55,0.55,0.0,-0.002113798275215606,1.032879483019998,策略1 价格通道突破,建信上海金ETF联接A
2023-03-28,1.0561,0.55,0.55,0.0,-0.0034158276089206355,1.0293513447652107,策略1 价格通道突破,建信上海金ETF联接A
2023-03-29,1.0604,0.55,0.55,0.0,0.002239371271659907,1.0316564445951224,策略1 价格通道突破,建信上海金ETF联接A
2023-03-30,1.0618,0.55,0.55,0.0,0.0007261410788381939,1.032405572718791,策略1 价格通道突破,建信上海金ETF联接A
2023-03-31,1.067,0.55,0.55,0.0,0.0026935392729326327,1.0351863976745037,策略1 价格通道突破,建信上海金ETF联接A
2023-04-03,1.0555,0.55,0.55,0.0,-0.005927835051546338,1.0290499834614848,策略1 价格通道突破,建信上海金ETF联接A
2023-04-04,1.0668,0.55,0.55,0.0,0.005888204642349582,1.0351092403513125,策略1 价格通道突破,建信上海金ETF联接A
2023-04-06,1.083,0.55,0.55,0.0,0.008352080989876321,1.0437545565600959,策略1 价格通道突破,建信上海金ETF联接A
2023-04-07,1.0825,0.55,0.55,0.0,-0.00025392428439519613,1.0434895219312372,策略1 价格通道突破,建信上海金ETF联接A
2023-04-10,1.0726,0.55,0.55,0.0,-0.005030023094688224,1.0382407455368579,策略1 价格通道突破,建信上海金ETF联接A
2023-04-11,1.076,0.55,0.55,0.0,0.0017434271862763696,1.0400508426785267,策略1 价格通道突破,建信上海金ETF联接A
2023-04-12,1.0849,0.55,0.55,0.0,0.004549256505576161,1.044782300740712,策略1 价格通道突破,建信上海金ETF联接A
2023-04-13,1.0856,0.55,0.55,0.0,0.00035487141672041483,1.0451530641159403,策略1 价格通道突破,建信上海金ETF联接A
2023-04-14,1.0907,0.55,0.55,0.0,0.002583824613117214,1.047853556327478,策略1 价格通道突破,建信上海金ETF联接A
2023-04-17,1.0796,0.55,0.55,0.0,-0.0055973228202072685,1.0419883817044109,策略1 价格通道突破,建信上海金ETF联接A
2023-04-18,1.0753,0.55,0.55,0.0,-0.0021906261578362287,1.0397057746992875,策略1 价格通道突破,建信上海金ETF联接A
2023-04-19,1.0752,0.55,0.55,0.0,-5.114851669301701e-05,1.0396525952911146,策略1 价格通道突破,建信上海金ETF联接A
2023-04-20,1.0765,0.55,0.55,0.0,0.0006649925595239026,1.040343956531473,策略1 价格通道突破,建信上海金ETF联接A
2023-04-21,1.0726,0.55,0.55,0.0,-0.0019925685090571633,1.0382709999251005,策略1 价格通道突破,建信上海金ETF联接A
2023-04-24,1.0692,0.55,0.55,0.0,-0.0017434271862763696,1.0364608500371086,策略1 价格通道突破,建信上海金ETF联接A
2023-04-25,1.0775,0.55,0.55,0.0,0.0042695473251029075,1.0408860686869585,策略1 价格通道突破,建信上海金ETF联接A
2023-04-26,1.0806,0.55,0.55,0.0,0.0015823665893271667,1.0425331320253446,策略1 价格通道突破,建信上海金ETF联接A
2023-04-27,1.0821,0.55,0.55,0.0,0.0007634647418101049,1.043329069313815,策略1 价格通道突破,建信上海金ETF联接A
2023-04-28,1.0746,0.55,0.55,0.0,-0.003812032159689533,1.039351865348452,策略1 价格通道突破,建信上海金ETF联接A
2023-05-04,1.098,0.55,0.55,0.0,0.011976549413735417,1.0517997143220557,策略1 价格通道突破,建信上海金ETF联接A
2023-05-05,1.1034,0.55,0.55,0.0,0.002704918032786852,1.0546447463362056,策略1 价格通道突破,建信上海金ETF联接A
2023-05-08,1.0906,0.55,0.55,0.0,-0.006380279137212192,1.0479158184639863,策略1 价格通道突破,建信上海金ETF联接A
2023-05-09,1.0925,0.55,0.55,0.0,0.0009581881533101578,1.0489199189869045,策略1 价格通道突破,建信上海金ETF联接A
2023-05-10,1.0969,0.55,0.55,0.0,0.0022151029748283535,1.051243384619809,策略1 价格通道突破,建信上海金ETF联接A
2023-05-11,1.097,0.55,0.55,0.0,5.014130732065026e-05,1.0512960953374262,策略1 价格通道突破,建信上海金ETF联接A
2023-05-12,1.0902,0.55,0.55,0.0,-0.003409298085688195,1.0477119135721007,策略1 价格通道突破,建信上海金ETF联接A
2023-05-15,1.0943,0.55,0.55,0.0,0.0020684278114107228,1.0498790300324794,策略1 价格通道突破,建信上海金ETF联接A
2023-05-16,1.0916,0.55,0.55,0.0,-0.001357031892534133,1.0484543107054225,策略1 价格通道突破,建信上海金ETF联接A
2023-05-17,1.0872,0.55,0.55,0.0,-0.002216929278123853,1.0461299616472446,策略1 价格通道突破,建信上海金ETF联接A
2023-05-18,1.085,0.55,0.55,0.0,-0.0011129506990434303,1.0449656705751391,策略1 价格通道突破,建信上海金ETF联接A
2023-05-19,1.0812,0.55,0.55,0.0,-0.0019262672811059924,1.0429527873940312,策略1 价格通道突破,建信上海金ETF联接A
2023-05-22,1.0853,0.55,0.55,0.0,0.0020856455789862952,1.045128017264151,策略1 价格通道突破,建信上海金ETF联接A
2023-05-23,1.0815,0.55,0.55,0.0,-0.0019257348198654602,1.0431153778500886,策略1 价格通道突破,建信上海金ETF联接A
2023-05-24,1.0867,0.55,0.55,0.0,0.002644475265834545,1.0458738706662247,策略1 价格通道突破,建信上海金ETF联接A
2023-05-25,1.0825,0.55,0.55,0.0,-0.0021257016655930553,1.0436506548373492,策略1 价格通道突破,建信上海金ETF联接A
2023-05-26,1.0768,0.55,0.55,0.0,-0.0028960739030023056,1.0406281654120235,策略1 价格通道突破,建信上海金ETF联接A
2023-05-29,1.0766,0.55,0.55,0.0,-0.00010215453194650782,1.0405218605288555,策略1 价格通道突破,建信上海金ETF联接A
2023-05-30,1.0751,0.55,0.55,0.0,-0.0007663013189671276,1.039724507254718,策略1 价格通道突破,建信上海金ETF联接A
2023-05-31,1.0867,0.55,0.55,0.0,0.005934331690075346,1.0458945773470676,策略1 价格通道突破,建信上海金ETF联接A
2023-06-01,1.0877,0.55,0.55,0.0,0.0005061194441887906,1.0464239249292346,策略1 价格通道突破,建信上海金ETF联接A
2023-06-02,1.0907,0.55,0.55,0.0,0.001516962397720001,1.048011310675427,策略1 价格通道突破,建信上海金ETF联接A
2023-06-05,1.0785,0.55,0.55,0.0,-0.006152012469056551,1.0415639320244394,策略1 价格通道突破,建信上海金ETF联接A
2023-06-06,1.0856,0.55,0.55,0.0,0.003620769587389805,1.0453351950328358,策略1 价格通道突破,建信上海金ETF联接A
2023-06-07,1.0876,0.55,0.55,0.0,0.001013264554163551,1.046394396133182,策略1 价格通道突破,建信上海金ETF联接A
2023-06-08,1.0828,0.55,0.55,0.0,-0.0024273630011033055,1.0438544170914466,策略1 价格通道突破,建信上海金ETF联接A
2023-06-09,1.0905,0.55,0.55,0.0,0.0039111562615441915,1.0479370948309943,策略1 价格通道突破,建信上海金ETF联接A
2023-06-12,1.0915,0.55,0.55,0.0,0.0005043558000916049,1.0484656279829034,策略1 价格通道突破,建信上海金ETF联接A
2023-06-13,1.0941,0.55,0.55,0.0,0.0013101236830050712,1.0498392476329408,策略1 价格通道突破,建信上海金ETF联接A
2023-06-14,1.088,0.55,0.55,0.0,-0.003066447308289899,1.0466199708978996,策略1 价格通道突破,建信上海金ETF联接A
2023-06-15,1.0793,0.55,0.55,0.0,-0.004397977941176562,1.042016959353096,策略1 价格通道突破,建信上海金ETF联接A
2023-06-16,1.0876,0.55,0.55,0.0,0.0042295932548874204,1.046424267255854,策略1 价格通道突破,建信上海金ETF联接A
2023-06-19,1.0887,0.55,0.55,0.0,0.0005562706877529134,1.0470063624026817,策略1 价格通道突破,建信上海金ETF联接A
2023-06-20,1.0902,0.55,0.55,0.0,0.0007577845136401141,1.047799767609793,策略1 价格通道突破,建信上海金ETF联接A
2023-06-21,1.0858,0.55,0.55,0.0,-0.0022197761878553993,1.0454738866360125,策略1 价格通道突破,建信上海金ETF联接A
2023-06-26,1.0841,0.55,0.55,0.0,-0.000861116227666231,1.0445736121066287,策略1 价格通道突破,建信上海金ETF联接A
2023-06-27,1.084,0.55,0.55,0.0,-5.073332718382173e-05,1.044520617411798,策略1 价格通道突破,建信上海金ETF联接A
2023-06-28,1.0796,0.55,0.55,0.0,-0.0022324723247233395,1.0421887540408232,策略1 价格通道突破,建信上海金ETF联接A
2023-06-29,1.0815,0.55,0.55,0.0,0.0009679510929974545,1.0431975417844068,策略1 价格通道突破,建信上海金ETF联接A
2023-06-30,1.0839,0.55,0.55,0.0,0.001220527045769837,1.0444707925982353,策略1 价格通道突破,建信上海金ETF联接A
2023-07-03,1.086,0.0,0.0,0.0,0.0010655964572377275,1.0455837769745162,策略1 价格通道突破,建信上海金ETF联接A
2023-07-04,1.0875,0.0,0.0,0.0,0.0,1.0455837769745162,策略1 价格通道突破,建信上海金ETF联接A
2023-07-05,1.0882,0.0,0.0,0.0,0.0,1.0455837769745162,策略1 价格通道突破,建信上海金ETF联接A
2023-07-06,1.0883,0.0,0.0,0.0,0.0,1.0455837769745162,策略1 价格通道突破,建信上海金ETF联接A
2023-07-07,1.0858,0.0,0.0,0.0,-0.0,1.0455837769745162,策略1 价格通道突破,建信上海金ETF联接A
2023-07-10,1.0892,0.0,0.0,0.0,0.0,1.0455837769745162,策略1 价格通道突破,建信上海金ETF联接A
2023-07-11,1.0891,0.0,0.0,0.0,-0.0,1.0455837769745162,策略1 价格通道突破,建信上海金ETF联接A
2023-07-12,1.0891,0.0,0.0,0.0,0.0,1.0455837769745162,策略1 价格通道突破,建信上海金ETF联接A
2023-07-13,1.0984,0.0,0.0,0.0,0.0,1.0455837769745162,策略1 价格通道突破,建信上海金ETF联接A
2023-07-14,1.0937,0.0,0.0,0.0,-0.0,1.0455837769745162,策略1 价格通道突破,建信上海金ETF联接A
2023-07-17,1.0971,0.0,0.0,0.0,0.0,1.0455837769745162,策略1 价格通道突破,建信上海金ETF联接A
2023-07-18,1.1002,0.0,0.0,0.0,0.0,1.0455837769745162,策略1 价格通道突破,建信上海金ETF联接A
2023-07-19,1.1128,0.0,0.0,0.0,0.0,1.0455837769745162,策略1 价格通道突破,建信上海金ETF联接A
2023-07-20,1.1125,0.0,0.0,0.0,-0.0,1.0455837769745162,策略1 价格通道突破,建信上海金ETF联接A
2023-07-21,1.1062,0.0,0.0,0.0,-0.0,1.0455837769745162,策略1 价格通道突破,建信上海金ETF联接A
2023-07-24,1.1052,0.0,0.0,0.0,-0.0,1.0455837769745162,策略1 价格通道突破,建信上海金ETF联接A
2023-07-25,1.1007,0.0,0.0,0.0,-0.0,1.0455837769745162,策略1 价格通道突破,建信上海金ETF联接A
2023-07-26,1.1039,0.0,0.0,0.0,0.0,1.0455837769745162,策略1 价格通道突破,建信上海金ETF联接A
2023-07-27,1.1065,0.0,0.0,0.0,0.0,1.0455837769745162,策略1 价格通道突破,建信上海金ETF联接A
2023-07-28,1.0987,0.0,0.0,0.0,-0.0,1.0455837769745162,策略1 价格通道突破,建信上海金ETF联接A
2023-07-31,1.0987,0.0,0.0,0.0,0.0,1.0455837769745162,策略1 价格通道突破,建信上海金ETF联接A
2023-08-01,1.102,0.0,0.0,0.0,0.0,1.0455837769745162,策略1 价格通道突破,建信上海金ETF联接A
2023-08-02,1.101,0.0,0.0,0.0,-0.0,1.0455837769745162,策略1 价格通道突破,建信上海金ETF联接A
2023-08-03,1.0968,0.0,0.0,0.0,-0.0,1.0455837769745162,策略1 价格通道突破,建信上海金ETF联接A
2023-08-04,1.0953,0.0,0.0,0.0,-0.0,1.0455837769745162,策略1 价格通道突破,建信上海金ETF联接A
2023-08-07,1.0979,0.0,0.0,0.0,0.0,1.0455837769745162,策略1 价格通道突破,建信上海金ETF联接A
2023-08-08,1.0982,0.0,0.0,0.0,0.0,1.0455837769745162,策略1 价格通道突破,建信上海金ETF联接A
2023-08-09,1.0972,0.0,0.0,0.0,-0.0,1.0455837769745162,策略1 价格通道突破,建信上海金ETF联接A
2023-08-10,1.094,0.0,0.0,0.0,-0.0,1.0455837769745162,策略1 价格通道突破,建信上海金ETF联接A
2023-08-11,1.0979,0.0,0.0,0.0,0.0,1.0455837769745162,策略1 价格通道突破,建信上海金ETF联接A
2023-08-14,1.0996,0.0,0.0,0.0,0.0,1.0455837769745162,策略1 价格通道突破,建信上海金ETF联接A
2023-08-15,1.0996,0.0,0.0,0.0,0.0,1.0455837769745162,策略1 价格通道突破,建信上海金ETF联接A
2023-08-16,1.1023,0.0,0.0,0.0,0.0,1.0455837769745162,策略1 价格通道突破,建信上海金ETF联接A
2023-08-17,1.1025,0.0,0.0,0.0,0.0,1.0455837769745162,策略1 价格通道突破,建信上海金ETF联接A
2023-08-18,1.0995,0.0,0.0,0.0,-0.0,1.0455837769745162,策略1 价格通道突破,建信上海金ETF联接A
2023-08-21,1.1036,0.0,0.0,0.0,0.0,1.0455837769745162,策略1 价格通道突破,建信上海金ETF联接A
2023-08-22,1.1028,0.0,0.0,0.0,-0.0,1.0455837769745162,策略1 价格通道突破,建信上海金ETF联接A
2023-08-23,1.1057,0.0,0.0,0.0,0.0,1.0455837769745162,策略1 价格通道突破,建信上海金ETF联接A
2023-08-24,1.1091,0.0,0.0,0.0,0.0,1.0455837769745162,策略1 价格通道突破,建信上海金ETF联接A
2023-08-25,1.1064,0.0,0.0,0.0,-0.0,1.0455837769745162,策略1 价格通道突破,建信上海金ETF联接A
2023-08-28,1.1067,0.0,0.0,0.0,0.0,1.0455837769745162,策略1 价格通道突破,建信上海金ETF联接A
2023-08-29,1.1102,0.0,0.0,0.0,0.0,1.0455837769745162,策略1 价格通道突破,建信上海金ETF联接A
2023-08-30,1.1134,0.0,0.0,0.0,0.0,1.0455837769745162,策略1 价格通道突破,建信上海金ETF联接A
2023-08-31,1.117,0.0,0.0,0.0,0.0,1.0455837769745162,策略1 价格通道突破,建信上海金ETF联接A
2023-09-01,1.1158,0.0,0.0,0.0,-0.0,1.0455837769745162,策略1 价格通道突破,建信上海金ETF联接A
2023-09-04,1.121,0.0,0.0,0.0,0.0,1.0455837769745162,策略1 价格通道突破,建信上海金ETF联接A
2023-09-05,1.122,0.0,0.0,0.0,0.0,1.0455837769745162,策略1 价格通道突破,建信上海金ETF联接A
2023-09-06,1.1198,0.0,0.0,0.0,-0.0,1.0455837769745162,策略1 价格通道突破,建信上海金ETF联接A
2023-09-07,1.1194,0.0,0.0,0.0,-0.0,1.0455837769745162,策略1 价格通道突破,建信上海金ETF联接A
2023-09-08,1.1263,0.0,0.0,0.0,0.0,1.0455837769745162,策略1 价格通道突破,建信上海金ETF联接A
2023-09-11,1.1275,0.0,0.0,0.0,0.0,1.0455837769745162,策略1 价格通道突破,建信上海金ETF联接A
2023-09-12,1.1291,0.0,0.0,0.0,0.0,1.0455837769745162,策略1 价格通道突破,建信上海金ETF联接A
2023-09-13,1.1322,0.0,0.0,0.0,0.0,1.0455837769745162,策略1 价格通道突破,建信上海金ETF联接A
2023-09-14,1.1425,0.0,0.0,0.0,0.0,1.0455837769745162,策略1 价格通道突破,建信上海金ETF联接A
2023-09-15,1.1343,0.0,0.0,0.0,-0.0,1.0455837769745162,策略1 价格通道突破,建信上海金ETF联接A
2023-09-18,1.1274,0.0,0.0,0.0,-0.0,1.0455837769745162,策略1 价格通道突破,建信上海金ETF联接A
2023-09-19,1.1341,0.0,0.0,0.0,0.0,1.0455837769745162,策略1 价格通道突破,建信上海金ETF联接A
2023-09-20,1.1408,0.0,0.0,0.0,0.0,1.0455837769745162,策略1 价格通道突破,建信上海金ETF联接A
2023-09-21,1.1387,0.0,0.0,0.0,-0.0,1.0455837769745162,策略1 价格通道突破,建信上海金ETF联接A
2023-09-22,1.1358,0.0,0.0,0.0,-0.0,1.0455837769745162,策略1 价格通道突破,建信上海金ETF联接A
2023-09-25,1.1413,0.0,0.0,0.0,0.0,1.0455837769745162,策略1 价格通道突破,建信上海金ETF联接A
2023-09-26,1.1415,0.0,0.0,0.0,0.0,1.0455837769745162,策略1 价格通道突破,建信上海金ETF联接A
2023-09-27,1.1239,0.0,0.0,0.0,-0.0,1.0455837769745162,策略1 价格通道突破,建信上海金ETF联接A
2023-09-28,1.0867,0.0,0.0,0.0,-0.0,1.0455837769745162,策略1 价格通道突破,建信上海金ETF联接A
2023-10-09,1.095,0.0,0.0,0.0,0.0,1.0455837769745162,策略1 价格通道突破,建信上海金ETF联接A
2023-10-10,1.0821,0.0,0.0,0.0,-0.0,1.0455837769745162,策略1 价格通道突破,建信上海金ETF联接A
2023-10-11,1.0865,0.0,0.0,0.0,0.0,1.0455837769745162,策略1 价格通道突破,建信上海金ETF联接A
2023-10-12,1.0925,0.0,0.0,0.0,0.0,1.0455837769745162,策略1 价格通道突破,建信上海金ETF联接A
2023-10-13,1.0963,0.0,0.0,0.0,0.0,1.0455837769745162,策略1 价格通道突破,建信上海金ETF联接A
2023-10-16,1.1134,0.0,0.0,0.0,0.0,1.0455837769745162,策略1 价格通道突破,建信上海金ETF联接A
2023-10-17,1.1158,0.0,0.0,0.0,0.0,1.0455837769745162,策略1 价格通道突破,建信上海金ETF联接A
2023-10-18,1.1234,0.0,0.0,0.0,0.0,1.0455837769745162,策略1 价格通道突破,建信上海金ETF联接A
2023-10-19,1.1307,0.0,0.0,0.0,0.0,1.0455837769745162,策略1 价格通道突破,建信上海金ETF联接A
2023-10-20,1.1427,0.0,0.0,0.0,0.0,1.0455837769745162,策略1 价格通道突破,建信上海金ETF联接A
2023-10-23,1.1406,0.0,0.0,0.0,-0.0,1.0455837769745162,策略1 价格通道突破,建信上海金ETF联接A
2023-10-24,1.1386,0.0,0.0,0.0,-0.0,1.0455837769745162,策略1 价格通道突破,建信上海金ETF联接A
2023-10-25,1.1371,0.0,0.0,0.0,-0.0,1.0455837769745162,策略1 价格通道突破,建信上海金ETF联接A
2023-10-26,1.1432,0.0,0.0,0.0,0.0,1.0455837769745162,策略1 价格通道突破,建信上海金ETF联接A
2023-10-27,1.1438,0.0,0.0,0.0,0.0,1.0455837769745162,策略1 价格通道突破,建信上海金ETF联接A
2023-10-30,1.1496,0.0,0.0,0.0,0.0,1.0455837769745162,策略1 价格通道突破,建信上海金ETF联接A
2023-10-31,1.1504,0.0,0.0,0.0,0.0,1.0455837769745162,策略1 价格通道突破,建信上海金ETF联接A
2023-11-01,1.1455,0.55,0.55,0.00812807881773392,-0.00812807881773392,1.0370851896247233,策略1 价格通道突破,建信上海金ETF联接A
2023-11-02,1.1471,0.55,0.55,0.0,0.0007682234831951408,1.037881902821467,策略1 价格通道突破,建信上海金ETF联接A
2023-11-03,1.1471,0.55,0.55,0.0,0.0,1.037881902821467,策略1 价格通道突破,建信上海金ETF联接A
2023-11-06,1.1426,0.55,0.55,0.0,-0.002157614854851342,1.035642553410358,策略1 价格通道突破,建信上海金ETF联接A
2023-11-07,1.1377,0.55,0.55,0.0,-0.0023586556975320142,1.0331998292011502,策略1 价格通道突破,建信上海金ETF联接A
2023-11-08,1.1326,0.55,0.55,0.0,-0.0024655005713280446,1.0306524744319587,策略1 价格通道突破,建信上海金ETF联接A
2023-11-09,1.1263,0.55,0.55,0.0,-0.0030593325092707017,1.0274993658111686,策略1 价格通道突破,建信上海金ETF联接A
2023-11-10,1.1322,0.55,0.55,0.0,0.0028811151558199356,1.0304597098066026,策略1 价格通道突破,建信上海金ETF联接A
2023-11-13,1.1283,0.55,0.55,0.0,-0.0018945416004239881,1.028507461018813,策略1 价格通道突破,建信上海金ETF联接A
2023-11-14,1.1323,0.55,0.55,0.0,0.0019498360365151292,1.0305128819301324,策略1 价格通道突破,建信上海金ETF联接A
2023-11-15,1.1362,0.55,0.55,0.0,0.0018943742824340084,1.0324650590313778,策略1 价格通道突破,建信上海金ETF联接A
2023-11-16,1.1331,0.55,0.55,0.0,-0.0015006160887168385,1.0309157253527572,策略1 价格通道突破,建信上海金ETF联接A
2023-11-17,1.1357,0.55,0.55,0.0,0.0012620245344629245,1.0322167662911161,策略1 价格通道突破,建信上海金ETF联接A
2023-11-20,1.1256,0.55,0.55,0.0,-0.004891256493792357,1.0271679293299933,策略1 价格通道突破,建信上海金ETF联接A
2023-11-21,1.1226,0.55,0.55,0.0,-0.0014658848614071797,1.0256622194122655,策略1 价格通道突破,建信上海金ETF联接A
2023-11-22,1.1192,0.55,0.55,0.0,-0.0016657758774274057,1.0239536960287798,策略1 价格通道突破,建信上海金ETF联接A
2023-11-23,1.1179,0.55,0.55,0.0,-0.0006388491779843131,1.023299544051778,策略1 价格通道突破,建信上海金ETF联接A
2023-11-24,1.1188,0.55,0.55,0.0,0.0004427945254495414,1.023752655487779,策略1 价格通道突破,建信上海金ETF联接A
2023-11-27,1.1289,0.55,0.55,0.0,0.004965141222738601,1.0288357319994295,策略1 价格通道突破,建信上海金ETF联接A
2023-11-28,1.1348,0.55,0.55,0.0,0.002874479581893863,1.0317930993041846,策略1 价格通道突破,建信上海金ETF联接A
2023-11-29,1.1411,0.55,0.55,0.0,0.003053401480437035,1.0349435778811047,策略1 价格通道突破,建信上海金ETF联接A
2023-11-30,1.1415,0.55,0.55,0.0,0.00019279642450261705,1.035143111302482,策略1 价格通道突破,建信上海金ETF联接A
2023-12-01,1.1418,0.55,0.55,0.0,0.00014454664914590465,1.0352927377706072,策略1 价格通道突破,建信上海金ETF联接A
2023-12-04,1.1563,0.55,0.55,0.0,0.006984585741811234,1.0425238286654404,策略1 价格通道突破,建信上海金ETF联接A
2023-12-05,1.139,0.55,0.55,0.0,-0.008228833347747183,1.0339450738182971,策略1 价格通道突破,建信上海金ETF联接A
2023-12-06,1.137,0.55,0.55,0.0,-0.0009657594381035918,1.0329465316047763,策略1 价格通道突破,建信上海金ETF联接A
2023-12-07,1.1387,0.55,0.55,0.0,0.0008223394898856818,1.0337959643286554,策略1 价格通道突破,建信上海金ETF联接A
2023-12-08,1.1402,0.55,0.55,0.0,0.000724510406604062,1.0345449602631167,策略1 价格通道突破,建信上海金ETF联接A
2023-12-11,1.1329,0.55,0.55,0.0,-0.0035213120505175224,1.03090200462774,策略1 价格通道突破,建信上海金ETF联接A
2023-12-12,1.1275,0.55,0.55,0.0,-0.0026215906081737184,1.0281994016144604,策略1 价格通道突破,建信上海金ETF联接A
2023-12-13,1.1275,0.55,0.55,0.0,0.0,1.0281994016144604,策略1 价格通道突破,建信上海金ETF联接A
2023-12-14,1.1418,0.55,0.55,0.0,0.006975609756097568,1.035371719391576,策略1 价格通道突破,建信上海金ETF联接A
2023-12-15,1.1412,0.55,0.55,0.0,-0.0002890173410404484,1.035072479010249,策略1 价格通道突破,建信上海金ETF联接A
2023-12-18,1.1398,0.55,0.55,0.0,-0.0006747283561164053,1.034374086258025,策略1 价格通道突破,建信上海金ETF联接A
2023-12-19,1.1409,0.55,0.55,0.0,0.0005307948762941162,1.0349231267231822,策略1 价格通道突破,建信上海金ETF联接A
2023-12-20,1.1457,0.55,0.55,0.0,0.0023139626610570343,1.0373179001954842,策略1 价格通道突破,建信上海金ETF联接A
2023-12-21,1.1446,0.55,0.55,0.0,-0.0005280614471501633,1.0367701326039522,策略1 价格通道突破,建信上海金ETF联接A
2023-12-22,1.1509,0.55,0.55,0.0,0.0030272584308928653,1.0399087037287753,策略1 价格通道突破,建信上海金ETF联接A
2023-12-25,1.1514,0.55,0.55,0.0,0.000238943435572192,1.040157183087126,策略1 价格通道突破,建信上海金ETF联接A
2023-12-26,1.1561,0.55,0.55,0.0,0.0022450929303455824,1.0424924326253229,策略1 价格通道突破,建信上海金ETF联接A
2023-12-27,1.1576,0.55,0.55,0.0,0.0007136060894386343,1.043236361573438,策略1 价格通道突破,建信上海金ETF联接A
2023-12-28,1.1592,0.55,0.55,0.0,0.0007601935038010432,1.0440294230784353,策略1 价格通道突破,建信上海金ETF联接A
2023-12-29,1.1551,0.55,0.55,0.0,-0.0019453071083505693,1.0419984652203935,策略1 价格通道突破,建信上海金ETF联接A
2023-12-31,1.155,0.55,0.55,0.0,-4.7614925114713996e-05,1.0419488505415024,策略1 价格通道突破,建信上海金ETF联接A
2024-01-02,1.1583,0.55,0.55,0.0,0.0015714285714285904,1.0435861987352104,策略1 价格通道突破,建信上海金ETF联接A
2024-01-03,1.1585,0.55,0.55,0.0,9.496676163347485e-05,1.0436853047369896,策略1 价格通道突破,建信上海金ETF联接A
2024-01-04,1.1549,0.55,0.55,0.0,-0.0017091066033664394,1.0419015352908272,策略1 价格通道突破,建信上海金ETF联接A
2024-01-05,1.156,0.55,0.55,0.0,0.0005238548792102616,1.042447340493746,策略1 价格通道突破,建信上海金ETF联接A
2024-01-08,1.1573,0.55,0.55,0.0,0.000618512110726699,1.0430921067986363,策略1 价格通道突破,建信上海金ETF联接A
2024-01-09,1.1519,0.55,0.55,0.0,-0.002566318154324743,1.040415200588326,策略1 价格通道突破,建信上海金ETF联接A
2024-01-10,1.1504,0.55,0.55,0.0,-0.0007162080041669572,1.0396700468940079,策略1 价格通道突破,建信上海金ETF联接A
2024-01-11,1.1507,0.55,0.55,0.0,0.00014342837273986222,1.0398191650770203,策略1 价格通道突破,建信上海金ETF联接A
2024-01-12,1.1527,0.55,0.55,0.0,0.0009559398626923011,1.040813169666909,策略1 价格通道突破,建信上海金ETF联接A
2024-01-15,1.159,0.55,0.55,0.0,0.003005985946039758,1.043941839427381,策略1 价格通道突破,建信上海金ETF联接A
2024-01-16,1.1603,0.55,0.55,0.0,0.0006169111302847142,1.0445858587674937,策略1 价格通道突破,建信上海金ETF联接A
2024-01-17,1.1528,0.55,0.55,0.0,-0.0035551150564509196,1.0408722358532336,策略1 价格通道突破,建信上海金ETF联接A
2024-01-18,1.1486,0.55,0.55,0.0,-0.002003816793893132,1.0387865185867338,策略1 价格通道突破,建信上海金ETF联接A
2024-01-19,1.1529,0.55,0.55,0.0,0.0020590283823784805,1.040925409511736,策略1 价格通道突破,建信上海金ETF联接A
2024-01-22,1.1502,0.55,0.55,0.0,-0.0012880562060890556,1.0395846390779384,策略1 价格通道突破,建信上海金ETF联接A
2024-01-23,1.15,0.55,0.55,0.0,-9.563554164493949e-05,1.0394852178378946,策略1 价格通道突破,建信上海金ETF联接A
2024-01-24,1.15,0.55,0.55,0.0,0.0,1.0394852178378946,策略1 价格通道突破,建信上海金ETF联接A
2024-01-25,1.1444,0.55,0.55,0.0,-0.002678260869565119,1.036701205254468,策略1 价格通道突破,建信上海金ETF联接A
2024-01-26,1.1494,0.55,0.55,0.0,0.0024030059419782204,1.0391924044107503,策略1 价格通道突破,建信上海金ETF联接A
2024-01-29,1.1521,0.55,0.55,0.0,0.0012919784235252973,1.0405350185751403,策略1 价格通道突破,建信上海金ETF联接A
2024-01-30,1.1547,0.55,0.55,0.0,0.0012412117003733347,1.0418265428148439,策略1 价格通道突破,建信上海金ETF联接A
2024-01-31,1.1554,0.55,0.55,0.0,0.00033341993591410327,1.042173908553983,策略1 价格通道突破,建信上海金ETF联接A
2024-02-01,1.157,0.55,0.55,0.0,0.000761640990133361,1.0429676709215852,策略1 价格通道突破,建信上海金ETF联接A
2024-02-02,1.1609,0.55,0.55,0.0,0.0018539325842696797,1.0449012626710465,策略1 价格通道突破,建信上海金ETF联接A
2024-02-05,1.1543,0.55,0.55,0.0,-0.003126884313894335,1.0416339773032322,策略1 价格通道突破,建信上海金ETF联接A
2024-02-06,1.1514,0.55,0.55,0.0,-0.0013817898293338516,1.0401946580675059,策略1 价格通道突破,建信上海金ETF联接A
2024-02-07,1.1542,0.55,0.55,0.0,0.0013375021712697555,1.0415859206812144,策略1 价格通道突破,建信上海金ETF联接A
2024-02-08,1.157,0.55,0.55,0.0,0.0013342574943684628,1.042975664501912,策略1 价格通道突破,建信上海金ETF联接A
2024-02-19,1.152,0.55,0.55,0.0,-0.002376836646499597,1.0404966817211165,策略1 价格通道突破,建信上海金ETF联接A
2024-02-20,1.1517,0.55,0.55,0.0,-0.00014322916666665854,1.0403476522484743,策略1 价格通道突破,建信上海金ETF联接A
2024-02-21,1.1515,0.55,0.55,0.0,-9.551098376314739e-05,1.0402482876207524,策略1 价格通道突破,建信上海金ETF联接A
2024-02-22,1.1509,0.55,0.55,0.0,-0.0002865827181936509,1.0399501704388896,策略1 价格通道突破,建信上海金ETF联接A
2024-02-23,1.148,0.55,0.55,0.0,-0.001385871926318616,1.038508932692908,策略1 价格通道突破,建信上海金ETF联接A
2024-02-26,1.1538,0.55,0.55,0.0,0.002778745644599323,1.0413946848665059,策略1 价格通道突破,建信上海金ETF联接A
2024-02-27,1.1531,0.55,0.55,0.0,-0.0003336800138671936,1.0410471922736182,策略1 价格通道突破,建信上海金ETF联接A
2024-02-28,1.1528,0.55,0.55,0.0,-0.00014309253317146275,1.0408982261937247,策略1 价格通道突破,建信上海金ETF联接A
2024-02-29,1.1541,0.55,0.55,0.0,0.0006202290076335216,1.0415438214676045,策略1 价格通道突破,建信上海金ETF联接A
2024-03-01,1.1587,0.55,0.55,0.0,0.00219218438610177,1.0438270775704666,策略1 价格通道突破,建信上海金ETF联接A
2024-03-04,1.1731,0.55,0.55,0.0,0.006835246396824025,1.0509618928413373,策略1 价格通道突破,建信上海金ETF联接A
2024-03-05,1.1898,0.55,0.55,0.0,0.007829682039041842,1.0591905902974343,策略1 价格通道突破,建信上海金ETF联接A
2024-03-06,1.1972,0.55,0.55,0.0,0.0034207429820138583,1.0628138090758095,策略1 价格通道突破,建信上海金ETF联接A
2024-03-07,1.2104,0.55,0.55,0.0,0.00606414968259269,1.0692588710987716,策略1 价格通道突破,建信上海金ETF联接A
2024-03-08,1.2108,0.55,0.55,0.0,0.00018175809649710885,1.069453217555845,策略1 价格通道突破,建信上海金ETF联接A
2024-03-11,1.2165,0.55,0.55,0.0,0.0025891972249751706,1.0722222428589814,策略1 价格通道突破,建信上海金ETF联接A
2024-03-12,1.212,0.55,0.55,0.0,-0.002034525277435262,1.0700407796028564,策略1 价格通道突破,建信上海金ETF联接A
2024-03-13,1.2096,0.55,0.55,0.0,-0.00108910891089109,1.0688753886547742,策略1 价格通道突破,建信上海金ETF联接A
2024-03-14,1.2117,0.55,0.55,0.0,0.0009548611111111383,1.0698960161960245,策略1 价格通道突破,建信上海金ETF联接A
2024-03-15,1.2144,0.55,0.55,0.0,0.0012255508789303484,1.0712072281990375,策略1 价格通道突破,建信上海金ETF联接A
2024-03-18,1.2062,0.55,0.55,0.0,-0.003713768115942018,1.0672290129493853,策略1 价格通道突破,建信上海金ETF联接A
2024-03-19,1.2081,0.55,0.55,0.0,0.0008663571547007477,1.0681536144404582,策略1 价格通道突破,建信上海金ETF联接A
2024-03-20,1.2095,0.55,0.55,0.0,0.0006373644565847991,1.068834417588475,策略1 价格通道突破,建信上海金ETF联接A
2024-03-21,1.2315,0.55,0.55,0.0,0.010004133939644545,1.079527180261332,策略1 价格通道突破,建信上海金ETF联接A
2024-03-22,1.2253,0.55,0.55,0.0,-0.0027689809175801662,1.0765379900991792,策略1 价格通道突破,建信上海金ETF联接A
2024-03-25,1.2265,0.55,0.55,0.0,0.0005386435974862436,1.0771178603949971,策略1 价格通道突破,建信上海金ETF联接A
2024-03-26,1.2286,0.55,0.55,0.0,0.0009417040358744467,1.0781321866312434,策略1 价格通道突破,建信上海金ETF联接A
2024-03-27,1.2346,0.55,0.55,0.0,0.002685984046882584,1.0810280324849657,策略1 价格通道突破,建信上海金ETF联接A
2024-03-28,1.242,0.55,0.55,0.0,0.003296614288028599,1.084591764942615,策略1 价格通道突破,建信上海金ETF联接A
2024-03-29,1.267,0.55,0.55,0.0,0.011070853462157738,1.096599121438558,策略1 价格通道突破,建信上海金ETF联接A
2024-04-01,1.2746,0.55,0.55,0.0,0.0032991318074191756,1.100216946480084,策略1 价格通道突破,建信上海金ETF联接A
2024-04-02,1.2754,0.55,0.55,0.0,0.00034520633924379763,1.1005967483445522,策略1 价格通道突破,建信上海金ETF联接A
2024-04-03,1.2908,0.55,0.55,0.0,0.00664105378704708,1.1079058705481577,策略1 价格通道突破,建信上海金ETF联接A
2024-04-08,1.3222,0.55,0.55,0.0,0.013379299659126166,1.1227288751843265,策略1 价格通道突破,建信上海金ETF联接A
2024-04-09,1.3263,0.55,0.55,0.0,0.0017054908485856892,1.1246436790063963,策略1 价格通道突破,建信上海金ETF联接A
2024-04-10,1.3309,0.55,0.55,0.0,0.001907562391615736,1.1267890069924373,策略1 价格通道突破,建信上海金ETF联接A
2024-04-11,1.3229,0.55,0.55,0.0,-0.0033060335111578802,1.123063804775316,策略1 价格通道突破,建信上海金ETF联接A
2024-04-12,1.3539,0.55,0.55,0.0,0.012888351349308337,1.1375382456789513,策略1 价格通道突破,建信上海金ETF联接A
2024-04-15,1.3388,0.55,0.55,0.0,-0.0061341310288795916,1.1305604370295947,策略1 价格通道突破,建信上海金ETF联接A
2024-04-16,1.3469,0.55,0.55,0.0,0.003327606812070483,1.1343224976413118,策略1 价格通道突破,建信上海金ETF联接A
2024-04-17,1.3491,0.55,0.55,0.0,0.0008983591951889025,1.1353415266873776,策略1 价格通道突破,建信上海金ETF联接A
2024-04-18,1.344,0.55,0.55,0.0,-0.0020791638870357567,1.132980965585637,策略1 价格通道突破,建信上海金ETF联接A
2024-04-19,1.3496,0.55,0.55,0.0,0.0022916666666665366,1.1355773802984375,策略1 价格通道突破,建信上海金ETF联接A
2024-04-22,1.3277,0.55,0.55,0.0,-0.008924866627148692,1.125442503634467,策略1 价格通道突破,建信上海金ETF联接A
2024-04-23,1.2978,0.55,0.55,0.0,-0.012386081193040634,1.1115026814063516,策略1 价格通道突破,建信上海金ETF联接A
2024-04-24,1.3115,0.55,0.55,0.0,0.005805979349668722,1.1179560430216984,策略1 价格通道突破,建信上海金ETF联接A
2024-04-25,1.3105,0.55,0.55,0.0,-0.00041936713686620557,1.1174872089967942,策略1 价格通道突破,建信上海金ETF联接A
2024-04-26,1.3195,0.55,0.55,0.0,0.003777184280808821,1.1217081641166216,策略1 价格通道突破,建信上海金ETF联接A
2024-04-29,1.3128,0.55,0.55,0.0,-0.002792724516862394,1.1185755422259285,策略1 价格通道突破,建信上海金ETF联接A
2024-04-30,1.3091,0.55,0.55,0.0,-0.0015501218769043425,1.116841613806954,策略1 价格通道突破,建信上海金ETF联接A
2024-05-06,1.3016,0.55,0.55,0.0,-0.003151019784584758,1.1133224237856008,策略1 价格通道突破,建信上海金ETF联接A
2024-05-07,1.3049,0.55,0.55,0.0,0.0013944376152426941,1.1148748824512205,策略1 价格通道突破,建信上海金ETF联接A
2024-05-08,1.3029,0.55,0.55,0.0,-0.0008429764732930001,1.1139350691546488,策略1 价格通道突破,建信上海金ETF联接A
2024-05-09,1.3008,0.55,0.55,0.0,-0.000886483997236931,1.1129475835418825,策略1 价格通道突破,建信上海金ETF联接A
2024-05-10,1.3296,0.55,0.55,0.0,0.01217712177121767,1.1265000817916544,策略1 价格通道突破,建信上海金ETF联接A
2024-05-13,1.3237,0.55,0.55,0.0,-0.002440583634175625,1.123750764128136,策略1 价格通道突破,建信上海金ETF联接A
2024-05-14,1.32,0.55,0.55,0.0,-0.0015373574072675312,1.122023157566981,策略1 价格通道突破,建信上海金ETF联接A
2024-05-15,1.3282,0.55,0.55,0.0,0.0034166666666666126,1.125856736688668,策略1 价格通道突破,建信上海金ETF联接A
2024-05-16,1.3403,0.55,0.55,0.0,0.005010540581237722,1.1314978875565065,策略1 价格通道突破,建信上海金ETF联接A
2024-05-17,1.3412,0.55,0.55,0.0,0.0003693203014250246,1.1319157726974007,策略1 价格通道突破,建信上海金ETF联接A
2024-05-20,1.3728,0.55,0.55,0.0,0.012958544586937161,1.1465837537065573,策略1 价格通道突破,建信上海金ETF联接A
2024-05-21,1.3584,0.55,0.55,0.0,-0.005769230769230727,1.1399688474351735,策略1 价格通道突破,建信上海金ETF联接A
2024-05-22,1.3597,0.55,0.55,0.0,0.0005263545347466425,1.140568875207491,策略1 价格通道突破,建信上海金ETF联接A
2024-05-23,1.3304,0.55,0.55,0.0,-0.01185187909097591,1.1270509908036013,策略1 价格通道突破,建信上海金ETF联接A
2024-05-24,1.3167,0.55,0.55,0.0,-0.005663710162357217,1.120667700653492,策略1 价格通道突破,建信上海金ETF联接A
2024-05-27,1.3211,0.55,0.55,0.0,0.0018379281537176273,1.122727407371485,策略1 价格通道突破,建信上海金ETF联接A
2024-05-28,1.322,0.55,0.55,0.0,0.0003746877601998544,1.123148079589068,策略1 价格通道突破,建信上海金ETF联接A
2024-05-29,1.3291,0.55,0.55,0.0,0.002953857791225323,1.126465699294662,策略1 价格通道突破,建信上海金ETF联接A
2024-05-30,1.319,0.55,0.55,0.0,-0.004179519975923574,1.1217576134022673,策略1 价格通道突破,建信上海金ETF联接A
2024-05-31,1.323,0.55,0.55,0.0,0.0016679302501895977,1.1236286268590414,策略1 价格通道突破,建信上海金ETF联接A
2024-06-03,1.3134,0.55,0.55,0.0,-0.0039909297052154406,1.1191443039944793,策略1 价格通道突破,建信上海金ETF联接A
2024-06-04,1.3232,0.55,0.55,0.0,0.004103852596314939,1.123737107252078,策略1 价格通道突破,建信上海金ETF联接A
2024-06-05,1.3168,0.55,0.55,0.0,-0.002660217654171715,1.120747721960718,策略1 价格通道突破,建信上海金ETF联接A
2024-06-06,1.3356,0.55,0.55,0.0,0.00785236938031585,1.1295482470557012,策略1 价格通道突破,建信上海金ETF联接A
2024-06-07,1.3372,0.55,0.55,0.0,0.0006588799041629345,1.1302924836964687,策略1 价格通道突破,建信上海金ETF联接A
2024-06-11,1.2976,0.55,0.55,0.0,-0.016287765480107602,1.1118825447980922,策略1 价格通道突破,建信上海金ETF联接A
2024-06-12,1.3046,0.55,0.55,0.0,0.0029670160295930397,1.115181518131533,策略1 价格通道突破,建信上海金ETF联接A
2024-06-13,1.3048,0.55,0.55,0.0,8.431703204049291e-05,1.1152755469273283,策略1 价格通道突破,建信上海金ETF联接A
2024-06-14,1.3054,0.55,0.55,0.0,0.00025291232372770533,1.1155576138574987,策略1 价格通道突破,建信上海金ETF联接A
2024-06-17,1.3076,0.55,0.55,0.0,0.0009269189520454414,1.116591645351882,策略1 价格通道突破,建信上海金ETF联接A
2024-06-18,1.3087,0.55,0.55,0.0,0.00046267971856825966,1.1171082696601091,策略1 价格通道突破,建信上海金ETF联接A
2024-06-19,1.3129,0.55,0.55,0.0,0.0017651104149156163,1.1190800891014747,策略1 价格通道突破,建信上海金ETF联接A
2024-06-20,1.323,0.55,0.55,0.0,0.004231091476883275,1.1238150193284218,策略1 价格通道突破,建信上海金ETF联接A
2024-06-21,1.3302,0.55,0.55,0.0,0.0029931972789116416,1.1271788193862755,策略1 价格通道突破,建信上海金ETF联接A
2024-06-24,1.3109,0.55,0.55,0.0,-0.007980003007066633,1.1181839290180713,策略1 价格通道突破,建信上海金ETF联接A
2024-06-25,1.3124,0.55,0.55,0.0,0.0006293386223205855,1.1188876453514605,策略1 价格通道突破,建信上海金ETF联接A
2024-06-26,1.3048,0.55,0.55,0.0,-0.003185004571776934,1.1153239830857113,策略1 价格通道突破,建信上海金ETF联接A
2024-06-27,1.2972,0.55,0.55,0.0,-0.00320355610055183,1.1117509801356051,策略1 价格通道突破,建信上海金ETF联接A
2024-06-28,1.3119,0.55,0.55,0.0,0.006232654949121308,1.118680140384138,策略1 价格通道突破,建信上海金ETF联接A
2024-06-30,1.3119,0.55,0.55,0.0,0.0,1.118680140384138,策略1 价格通道突破,建信上海金ETF联接A
2024-07-01,1.3121,0.55,0.55,0.0,8.384785425717967e-05,1.118773939313509,策略1 价格通道突破,建信上海金ETF联接A
2024-07-02,1.3143,0.55,0.55,0.0,0.0009221858090084578,1.1198056567638326,策略1 价格通道突破,建信上海金ETF联接A
2024-07-03,1.3212,0.55,0.55,0.0,0.002887468614471489,1.1230390604520457,策略1 价格通道突破,建信上海金ETF联接A
2024-07-04,1.3285,0.55,0.55,0.0,0.0030389040266424862,1.12645186837493,策略1 价格通道突破,建信上海金ETF联接A
2024-07-05,1.3317,0.55,0.55,0.0,0.0013248024087316847,1.1279441945234738,策略1 价格通道突破,建信上海金ETF联接A
2024-07-08,1.336,0.55,0.55,0.0,0.0017759255087481665,1.1299473393909725,策略1 价格通道突破,建信上海金ETF联接A
2024-07-09,1.3295,0.55,0.55,0.0,-0.002675898203592908,1.1269237153353415,策略1 价格通道突破,建信上海金ETF联接A
2024-07-10,1.3353,0.55,0.55,0.0,0.002399398270026276,1.1296276541483687,策略1 价格通道突破,建信上海金ETF联接A
2024-07-11,1.3403,0.55,0.55,0.0,0.0020594622931176423,1.1319540797073502,策略1 价格通道突破,建信上海金ETF联接A
2024-07-12,1.3476,0.55,0.55,0.0,0.0029955980004476527,1.1353449590851201,策略1 价格通道突破,建信上海金ETF联接A
2024-07-15,1.3473,0.55,0.55,0.0,-0.0001224398931433224,1.135205947569649,策略1 价格通道突破,建信上海金ETF联接A
2024-07-16,1.3605,0.55,0.55,0.0,0.005388554887552944,1.1413230671268046,策略1 价格通道突破,建信上海金ETF联接A
2024-07-17,1.3778,0.55,0.55,0.0,0.006993752296949563,1.149305197949084,策略1 价格通道突破,建信上海金ETF联接A
2024-07-18,1.377,0.55,0.55,0.0,-0.0003193496879082547,1.1489381676928077,策略1 价格通道突破,建信上海金ETF联接A
2024-07-19,1.3435,0.55,0.55,0.0,-0.01338053740014527,1.1335647575695398,策略1 价格通道突破,建信上海金ETF联接A
2024-07-22,1.343,0.55,0.55,0.0,-0.00020468924451057526,1.1333327290557091,策略1 价格通道突破,建信上海金ETF联接A
2024-07-23,1.3364,0.55,0.55,0.0,-0.0027029039463886463,1.1302694395497732,策略1 价格通道突破,建信上海金ETF联接A
2024-07-24,1.351,0.55,0.55,0.0,0.0060086800359173695,1.1370608669664033,策略1 价格通道突破,建信上海金ETF联接A
2024-07-25,1.3199,0.55,0.55,0.0,-0.012660991857882992,1.1226645485878244,策略1 价格通道突破,建信上海金ETF联接A
2024-07-26,1.3238,0.55,0.55,0.0,0.001625123115387528,1.1244890166965604,策略1 价格通道突破,建信上海金ETF联接A
2024-07-29,1.3332,0.55,0.55,0.0,0.0039054237800270845,1.1288806228427464,策略1 价格通道突破,建信上海金ETF联接A
2024-07-30,1.3336,0.55,0.55,0.0,0.00016501650165015038,1.1290669067739088,策略1 价格通道突破,建信上海金ETF联接A
2024-07-31,1.3456,0.55,0.55,0.0,0.004949010197960424,1.1346546704097125,策略1 价格通道突破,建信上海金ETF联接A
2024-08-01,1.3562,0.55,0.55,0.0,0.004332639714625564,1.1395707202971148,策略1 价格通道突破,建信上海金ETF联接A
2024-08-02,1.3621,0.55,0.55,0.0,0.002392714938799634,1.1422973881833884,策略1 价格通道突破,建信上海金ETF联接A
2024-08-05,1.3319,0.55,0.55,0.0,-0.01219440569708541,1.1283677504051592,策略1 价格通道突破,建信上海金ETF联接A
2024-08-06,1.3197,0.55,0.55,0.0,-0.005037915759441392,1.1226831287329477,策略1 价格通道突破,建信上海金ETF联接A
2024-08-07,1.3234,0.55,0.55,0.0,0.0015420171251040783,1.1244143253435195,策略1 价格通道突破,建信上海金ETF联接A
2024-08-08,1.3236,0.55,0.55,0.0,8.311923832564627e-05,1.1245077858058043,策略1 价格通道突破,建信上海金ETF联接A
2024-08-09,1.3347,0.55,0.55,0.0,0.004612420670897466,1.1296944887616402,策略1 价格通道突破,建信上海金ETF联接A
2024-08-12,1.3442,0.55,0.55,0.0,0.003914737394170986,1.1341169460207845,策略1 价格通道突破,建信上海金ETF联接A
2024-08-13,1.355,0.55,0.55,0.0,0.004418985270049114,1.1391285920997634,策略1 价格通道突破,建信上海金ETF联接A
2024-08-14,1.3514,0.55,0.55,0.0,-0.0014612546125461424,1.1374640351902745,策略1 价格通道突破,建信上海金ETF联接A
2024-08-15,1.3491,0.55,0.55,0.0,-0.0009360663016131588,1.136399293437636,策略1 价格通道突破,建信上海金ETF联接A
2024-08-16,1.3509,0.55,0.55,0.0,0.0007338225483656259,1.1372332088631074,策略1 价格通道突破,建信上海金ETF联接A
2024-08-19,1.3644,0.55,0.55,0.0,0.005496335776149309,1.1434838244348067,策略1 价格通道突破,建信上海金ETF联接A
2024-08-20,1.3657,0.55,0.55,0.0,0.0005240398710055216,1.1440830555506605,策略1 价格通道突破,建信上海金ETF联接A
2024-08-21,1.3705,0.55,0.55,0.0,0.0019330746137511848,1.1462946534613685,策略1 价格通道突破,建信上海金ETF联接A
2024-08-22,1.3666,0.55,0.55,0.0,-0.0015651222181685466,1.1445005622306683,策略1 价格通道突破,建信上海金ETF联接A
2024-08-23,1.3623,0.55,0.55,0.0,-0.001730572223035254,1.1425199213484236,策略1 价格通道突破,建信上海金ETF联接A
2024-08-26,1.3696,0.55,0.55,0.0,0.0029472216105115414,1.1458871807510616,策略1 价格通道突破,建信上海金ETF联接A
2024-08-27,1.3701,0.55,0.55,0.0,0.00020078855140195364,1.1461172617781548,策略1 价格通道突破,建信上海金ETF联接A
2024-08-28,1.3684,0.55,0.55,0.0,-0.000682431939274536,1.1453351147525634,策略1 价格通道突破,建信上海金ETF联接A
2024-08-29,1.3692,0.55,0.55,0.0,0.0003215434083601032,1.1457033897090754,策略1 价格通道突破,建信上海金ETF联接A
2024-08-30,1.3678,0.55,0.55,0.0,-0.0005623721881390765,1.1450590779868466,策略1 价格通道突破,建信上海金ETF联接A
2024-09-02,1.359,0.55,0.55,0.0,-0.0035385290247111905,1.1410072532043811,策略1 价格通道突破,建信上海金ETF联接A
2024-09-03,1.3613,0.55,0.55,0.0,0.0009308314937454099,1.1420693386902556,策略1 价格通道突破,建信上海金ETF联接A
2024-09-04,1.3532,0.55,0.55,0.0,-0.0032726070667743914,1.1383317945017117,策略1 价格通道突破,建信上海金ETF联接A
2024-09-05,1.3608,0.55,0.55,0.0,0.00308897428318059,1.1418480721406543,策略1 价格通道突破,建信上海金ETF联接A
2024-09-06,1.3649,0.55,0.55,0.0,0.0016571134626690578,1.1437402439533213,策略1 价格通道突破,建信上海金ETF联接A
2024-09-09,1.3559,0.55,0.55,0.0,-0.003626639314235453,1.1395923106193269,策略1 价格通道突破,建信上海金ETF联接A
2024-09-10,1.3644,0.55,0.55,0.0,0.003447894387491624,1.1435215045511398,策略1 价格通道突破,建信上海金ETF联接A
2024-09-11,1.3708,0.55,0.55,0.0,0.002579888595719726,1.1464716626396916,策略1 价格通道突破,建信上海金ETF联接A
2024-09-12,1.3691,0.55,0.55,0.0,-0.0006820834549168764,1.145689673287074,策略1 价格通道突破,建信上海金ETF联接A
2024-09-13,1.389,0.55,0.55,0.0,0.007994302826674515,1.1548486634807247,策略1 价格通道突破,建信上海金ETF联接A
2024-09-18,1.3881,0.55,0.55,0.0,-0.0003563714902808102,1.1544371083414713,策略1 价格通道突破,建信上海金ETF联接A
2024-09-19,1.3861,0.55,0.55,0.0,-0.0007924501116633454,1.1535222745260576,策略1 价格通道突破,建信上海金ETF联接A
2024-09-20,1.3981,0.55,0.55,0.0,0.0047615612149194304,1.1590148414489865,策略1 价格通道突破,建信上海金ETF联接A
2024-09-23,1.4105,0.55,0.55,0.0,0.004878048780487887,1.164668572382884,策略1 价格通道突破,建信上海金ETF联接A
2024-09-24,1.4097,0.55,0.55,0.0,-0.00031194611839776567,1.1643052585425093,策略1 价格通道突破,建信上海金ETF联接A
2024-09-25,1.4186,0.55,0.55,0.0,0.0034723700078031607,1.1683481572021999,策略1 价格通道突破,建信上海金ETF联接A
2024-09-26,1.4214,0.55,0.55,0.0,0.001085577329761711,1.1696164894749275,策略1 价格通道突破,建信上海金ETF联接A
2024-09-27,1.4215,0.55,0.55,0.0,3.869424511041553e-05,1.1696617469020565,策略1 价格通道突破,建信上海金ETF联接A
2024-09-30,1.4145,0.55,0.55,0.0,-0.0027084066127329946,1.1664938272920862,策略1 价格通道突破,建信上海金ETF联接A
2024-10-08,1.4132,0.55,0.55,0.0,-0.0005054789678332173,1.1659041891962827,策略1 价格通道突破,建信上海金ETF联接A
2024-10-09,1.3962,0.55,0.55,0.0,-0.006616190206623252,1.1581903453178612,策略1 价格通道突破,建信上海金ETF联接A
2024-10-10,1.4009,0.55,0.55,0.0,0.0018514539464259518,1.1603346814034126,策略1 价格通道突破,建信上海金ETF联接A
2024-10-11,1.4169,0.55,0.55,0.0,0.006281676065386544,1.1676235279994225,策略1 价格通道突破,建信上海金ETF联接A
2024-10-14,1.4304,0.55,0.55,0.0,0.005240313360152371,1.173742241172826,策略1 价格通道突破,建信上海金ETF联接A
2024-10-15,1.4313,0.55,0.55,0.0,0.0003460570469798863,1.174148422946722,策略1 价格通道突破,建信上海金ETF联接A
2024-10-16,1.45,0.55,0.55,0.0,0.007185775169426357,1.1825855895295538,策略1 价格通道突破,建信上海金ETF联接A
2024-10-17,1.4565,0.55,0.55,0.0,0.0024655172413793336,1.1855012746899458,策略1 价格通道突破,建信上海金ETF联接A
2024-10-18,1.4665,0.55,0.55,0.0,0.0037761757638173914,1.1899779358714049,策略1 价格通道突破,建信上海金ETF联接A
2024-10-21,1.4815,0.55,0.55,0.0,0.00562563927719062,1.1966723224864333,策略1 价格通道突破,建信上海金ETF联接A
2024-10-22,1.4832,0.55,0.55,0.0,0.000631117111036117,1.1974275628654576,策略1 价格通道突破,建信上海金ETF联接A
2024-10-23,1.4907,0.55,0.55,0.0,0.0027811488673139097,1.2007577871756114,策略1 价格通道突破,建信上海金ETF联接A
2024-10-24,1.4793,0.55,0.55,0.0,-0.004206077681626008,1.1957073066459336,策略1 价格通道突破,建信上海金ETF联接A
2024-10-25,1.479,0.55,0.55,0.0,-0.00011153924153316508,1.1955739383598547,策略1 价格通道突破,建信上海金ETF联接A
2024-10-28,1.4847,0.55,0.55,0.0,0.002119675456389403,1.1981081670932952,策略1 价格通道突破,建信上海金ETF联接A
2024-10-29,1.4954,0.55,0.55,0.0,0.0039637637233111535,1.2028571847826224,策略1 价格通道突破,建信上海金ETF联接A
2024-10-30,1.5113,0.55,0.55,0.0,0.005847933663233985,1.2098914138055756,策略1 价格通道突破,建信上海金ETF联接A
2024-10-31,1.5059,0.55,0.55,0.0,-0.001965195527029712,1.2075137406109733,策略1 价格通道突破,建信上海金ETF联接A
2024-11-01,1.492,0.55,0.55,0.0,-0.005076698319941542,1.2013835576327072,策略1 价格通道突破,建信上海金ETF联接A
2024-11-04,1.4817,0.55,0.55,0.0,-0.0037969168900804044,1.1968220041112665,策略1 价格通道突破,建信上海金ETF联接A
2024-11-05,1.4812,0.55,0.55,0.0,-0.0001855976243504143,1.1965998767905333,策略1 价格通道突破,建信上海金ETF联接A
2024-11-06,1.4815,0.55,0.55,0.0,0.00011139616527141572,1.196733173428172,策略1 价格通道突破,建信上海金ETF联接A
2024-11-07,1.4494,0.55,0.55,0.0,-0.011916976037799516,1.1824717328767889,策略1 价格通道突破,建信上海金ETF联接A
2024-11-08,1.4607,0.55,0.55,0.0,0.00428798123361398,1.1875421494766436,策略1 价格通道突破,建信上海金ETF联接A
2024-11-11,1.4617,0.55,0.55,0.0,0.000376531799821922,1.1879892968595505,策略1 价格通道突破,建信上海金ETF联接A
2024-11-12,1.4386,0.55,0.55,0.0,-0.008691934049394518,1.1776633722398608,策略1 价格通道突破,建信上海金ETF联接A
2024-11-13,1.4355,0.55,0.55,0.0,-0.0011851800361463217,1.1762676291217815,策略1 价格通道突破,建信上海金ETF联接A
2024-11-14,1.4084,0.55,0.55,0.0,-0.010383141762452058,1.1640542755780268,策略1 价格通道突破,建信上海金ETF联接A
2024-11-15,1.4096,0.55,0.55,0.0,0.00046861687020727244,1.1645997710493994,策略1 价格通道突破,建信上海金ETF联接A
2024-11-18,1.4262,0.55,0.55,0.0,0.006477014755959143,1.172142900951273,策略1 价格通道突破,建信上海金ETF联接A
2024-11-19,1.4478,0.55,0.55,0.0,0.008329827513672762,1.1819066491375732,策略1 价格通道突破,建信上海金ETF联接A
2024-11-20,1.4512,0.55,0.55,0.0,0.0012916148639315228,1.1834332173333786,策略1 价格通道突破,建信上海金ETF联接A
2024-11-21,1.4663,0.55,0.55,0.0,0.005722850055126783,1.1902058281864336,策略1 价格通道突破,建信上海金ETF联接A
2024-11-22,1.4837,0.55,0.55,0.0,0.006526631657914451,1.1979738632241097,策略1 价格通道突破,建信上海金ETF联接A
2024-11-25,1.4672,0.55,0.55,0.0,-0.0061164655927748,1.190646497308656,策略1 价格通道突破,建信上海金ETF联接A
2024-11-26,1.4481,0.55,0.55,0.0,-0.00715989640130863,1.182121591737345,策略1 价格通道突破,建信上海金ETF联接A
2024-11-27,1.4616,0.55,0.55,0.0,0.0051274083281541045,1.18818281183171,策略1 价格通道突破,建信上海金ETF联接A
2024-11-28,1.4536,0.55,0.55,0.0,-0.003010399562123717,1.184605906815249,策略1 价格通道突破,建信上海金ETF联接A
2024-11-29,1.4652,0.55,0.55,0.0,0.004389102916896048,1.1898052640562242,策略1 价格通道突破,建信上海金ETF联接A
2024-12-02,1.4557,0.55,0.55,0.0,-0.0035660660660660985,1.1855623398788464,策略1 价格通道突破,建信上海金ETF联接A
2024-12-03,1.4684,0.55,0.55,0.0,0.004798378786837876,1.191251117060995,策略1 价格通道突破,建信上海金ETF联接A
2024-12-04,1.4666,0.55,0.55,0.0,-0.0006742032143829958,1.1904479717287348,策略1 价格通道突破,建信上海金ETF联接A
2024-12-05,1.4671,0.55,0.55,0.0,0.00018750852311480993,1.190671190869759,策略1 价格通道突破,建信上海金ETF联接A
2024-12-06,1.4612,0.55,0.55,0.0,-0.002211846499897774,1.1880376089637046,策略1 价格通道突破,建信上海金ETF联接A
2024-12-09,1.4686,0.55,0.55,0.0,0.0027853818779084772,1.1913467473899857,策略1 价格通道突破,建信上海金ETF联接A
2024-12-10,1.4742,0.55,0.55,0.0,0.0020972354623451372,1.1938452820365617,策略1 价格通道突破,建信上海金ETF联接A
2024-12-11,1.4867,0.55,0.55,0.0,0.0046635463302129535,1.1994128348204454,策略1 价格通道突破,建信上海金ETF联接A
2024-12-12,1.4966,0.55,0.55,0.0,0.00366247393556195,1.2038056530659536,策略1 价格通道突破,建信上海金ETF联接A
2024-12-13,1.4846,0.55,0.55,0.0,-0.004409995990912752,1.1984968749620948,策略1 价格通道突破,建信上海金ETF联接A
2024-12-16,1.4701,0.55,0.55,0.0,-0.005371817324531842,1.192058768685776,策略1 价格通道突破,建信上海金ETF联接A
2024-12-17,1.4695,0.55,0.55,0.0,-0.0002244745255424563,1.1917911818592566,策略1 价格通道突破,建信上海金ETF联接A
2024-12-18,1.4678,0.55,0.55,0.0,-0.0006362708404218987,1.1910328798823675,策略1 价格通道突破,建信上海金ETF联接A
2024-12-19,1.4564,0.55,0.55,0.0,-0.0042716991415724555,1.1859451457517896,策略1 价格通道突破,建信上海金ETF联接A
2024-12-20,1.4572,0.55,0.55,0.0,0.00030211480362538626,1.1863034373366088,策略1 价格通道突破,建信上海金ETF联接A
2024-12-23,1.4711,0.55,0.55,0.0,0.00524636288772985,1.192527215663838,策略1 价格通道突破,建信上海金ETF联接A
2024-12-24,1.4664,0.55,0.55,0.0,-0.00175718849840264,1.1904317205564414,策略1 价格通道突破,建信上海金ETF联接A
2024-12-25,1.4686,0.55,0.55,0.0,0.0008251500272776658,1.1914140053231306,策略1 价格通道突破,建信上海金ETF联接A
2024-12-26,1.4708,0.55,0.55,0.0,0.0008239139316356115,1.1923956279204622,策略1 价格通道突破,建信上海金ETF联接A
2024-12-27,1.4718,0.55,0.55,0.0,0.0003739461517541232,1.1928415196768918,策略1 价格通道突破,建信上海金ETF联接A
2024-12-30,1.4668,0.55,0.55,0.0,-0.0018684603886397035,1.1906127425474506,策略1 价格通道突破,建信上海金ETF联接A
2024-12-31,1.4664,0.55,0.55,0.0,-0.00014998636487599805,1.190434166870221,策略1 价格通道突破,建信上海金ETF联接A
2025-01-02,1.4794,0.55,0.55,0.0,0.004875886524822748,1.1962385887831524,策略1 价格通道突破,建信上海金ETF联接A
2025-01-03,1.4913,0.55,0.55,0.0,0.004424090847640883,1.2015308569753829,策略1 价格通道突破,建信上海金ETF联接A
2025-01-06,1.4853,0.55,0.55,0.0,-0.002212834439750544,1.198872068114645,策略1 价格通道突破,建信上海金ETF联接A
2025-01-07,1.4863,0.55,0.55,0.0,0.00037029556318590734,1.199316005122295,策略1 价格通道突破,建信上海金ETF联接A
2025-01-08,1.4921,0.55,0.55,0.0,0.00214626925923439,1.2018900601961968,策略1 价格通道突破,建信上海金ETF联接A
2025-01-09,1.4995,0.55,0.55,0.0,0.0027276992158702497,1.2051684547709562,策略1 价格通道突破,建信上海金ETF联接A
2025-01-10,1.5098,0.55,0.55,0.0,0.003777925975325114,1.209721491980878,策略1 价格通道突破,建信上海金ETF联接A
2025-01-13,1.5145,0.55,0.55,0.0,0.0017121473042787108,1.2117927133723012,策略1 价格通道突破,建信上海金ETF联接A
2025-01-14,1.5046,0.55,0.55,0.0,-0.003595245955760973,1.207436020520329,策略1 价格通道突破,建信上海金ETF联接A
2025-01-15,1.5101,0.55,0.55,0.0,0.0020105011298684698,1.209863572003829,策略1 价格通道突破,建信上海金ETF联接A
2025-01-16,1.5157,0.55,0.55,0.0,0.002039600026488375,1.2123312097773353,策略1 价格通道突破,建信上海金ETF联接A
2025-01-17,1.5199,0.55,0.55,0.0,0.0015240482945173884,1.2141788610899866,策略1 价格通道突破,建信上海金ETF联接A
2025-01-20,1.5175,0.55,0.55,0.0,-0.0008684781893545324,1.2131243732311545,策略1 价格通道突破,建信上海金ETF联接A
2025-01-21,1.5176,0.55,0.55,0.0,3.6243822075821e-05,1.2131683414950938,策略1 价格通道突破,建信上海金ETF联接A
2025-01-22,1.5304,0.55,0.55,0.0,0.004638903531892469,1.2187961123992355,策略1 价格通道突破,建信上海金ETF联接A
2025-01-23,1.5319,0.55,0.55,0.0,0.0005390747516989647,1.2194531346108985,策略1 价格通道突破,建信上海金ETF联接A
2025-01-24,1.5378,0.55,0.55,0.0,0.0021182844833213758,1.2220362832640825,策略1 价格通道突破,建信上海金ETF联接A
2025-01-27,1.5327,0.55,0.55,0.0,-0.001824034334763991,1.2198072471250816,策略1 价格通道突破,建信上海金ETF联接A
2025-02-05,1.5857,0.55,0.55,0.0,0.019018725125595427,1.2430064258643625,策略1 价格通道突破,建信上海金ETF联接A
2025-02-06,1.5849,0.55,0.55,0.0,-0.00027747997729714595,1.2426615164695334,策略1 价格通道突破,建信上海金ETF联接A
2025-02-07,1.5859,0.55,0.55,0.0,0.00034702504889905233,1.2430927511430514,策略1 价格通道突破,建信上海金ETF联接A
2025-02-10,1.6072,0.55,0.55,0.0,0.00738697269689127,1.2522754433554486,策略1 价格通道突破,建信上海金ETF联接A
2025-02-11,1.6235,0.55,0.55,0.0,0.0055780238924837975,1.2592606656984564,策略1 价格通道突破,建信上海金ETF联接A
2025-02-12,1.614,0.55,0.55,0.0,-0.003218355404989165,1.2552079173287154,策略1 价格通道突破,建信上海金ETF联接A
2025-02-13,1.6203,0.55,0.55,0.0,0.0021468401486989253,1.2579026480806013,策略1 价格通道突破,建信上海金ETF联接A
2025-02-14,1.6288,0.55,0.55,0.0,0.002885268160217258,1.2615320345397611,策略1 价格通道突破,建信上海金ETF联接A
2025-02-17,1.604,0.55,0.55,0.0,-0.00837426326129665,1.250967633169966,策略1 价格通道突破,建信上海金ETF联接A
2025-02-18,1.6174,0.55,0.55,0.0,0.004594763092269295,1.256715533080479,策略1 价格通道突破,建信上海金ETF联接A
2025-02-19,1.6282,0.55,0.55,0.0,0.00367256090021032,1.2613308974099573,策略1 价格通道突破,建信上海金ETF联接A
2025-02-20,1.6331,0.55,0.55,0.0,0.001655202063628536,1.2634186549142687,策略1 价格通道突破,建信上海金ETF联接A
2025-02-21,1.6215,0.55,0.55,0.0,-0.00390668054620052,1.2584828818334084,策略1 价格通道突破,建信上海金ETF联接A
2025-02-24,1.6252,0.55,0.55,0.0,0.0012550107924760856,1.2600622914322557,策略1 价格通道突破,建信上海金ETF联接A
2025-02-25,1.6248,0.55,0.55,0.0,-0.00013536795471325025,1.2598917193770531,策略1 价格通道突破,建信上海金ETF联接A
2025-02-26,1.6115,0.55,0.55,0.0,-0.004502092565238813,1.2542195702342398,策略1 价格通道突破,建信上海金ETF联接A
2025-02-27,1.6051,0.55,0.55,0.0,-0.002184300341296919,1.2514799779989159,策略1 价格通道突破,建信上海金ETF联接A
2025-02-28,1.5942,0.55,0.55,0.0,-0.0037349697838140743,1.2468057380960416,策略1 价格通道突破,建信上海金ETF联接A
2025-03-03,1.5945,0.55,0.55,0.0,0.00010350018818211516,1.2469347827245612,策略1 价格通道突破,建信上海金ETF联接A
2025-03-04,1.6048,0.55,0.55,0.0,0.0035528378802131668,1.2513649398547804,策略1 价格通道突破,建信上海金ETF联接A
2025-03-05,1.617,0.55,0.55,0.0,0.004181206380857428,1.2565971549260826,策略1 价格通道突破,建信上海金ETF联接A
2025-03-06,1.6145,0.55,0.55,0.0,-0.0008503401360544061,1.255528619930397,策略1 价格通道突破,建信上海金ETF联接A
2025-03-07,1.612,0.55,0.55,0.0,-0.0008516568597088992,1.2544593403686726,策略1 价格通道突破,建信上海金ETF联接A
2025-03-10,1.616,0.55,0.55,0.0,0.0013647642679900263,1.2561713816520539,策略1 价格通道突破,建信上海金ETF联接A
2025-03-11,1.6074,0.55,0.55,0.0,-0.0029269801980198354,1.2524945928926392,策略1 价格通道突破,建信上海金ETF联接A
2025-03-12,1.6124,0.55,0.55,0.0,0.0017108373771307695,1.254637407456814,策略1 价格通道突破,建信上海金ETF联接A
2025-03-13,1.624,0.55,0.55,0.0,0.0039568345323740765,1.2596018000762477,策略1 价格通道突破,建信上海金ETF联接A
2025-03-14,1.6479,0.55,0.55,0.0,0.008094211822660003,1.2697972838582683,策略1 价格通道突破,建信上海金ETF联接A
2025-03-17,1.6507,0.55,0.55,0.0,0.0009345227258936273,1.2709839382773118,策略1 价格通道突破,建信上海金ETF联接A
2025-03-18,1.6611,0.55,0.55,0.0,0.003465196583267738,1.2753881474776185,策略1 价格通道突破,建信上海金ETF联接A
2025-03-19,1.6784,0.55,0.55,0.0,0.0057281319607488616,1.2826937390875457,策略1 价格通道突破,建信上海金ETF联接A
2025-03-20,1.682,0.55,0.55,0.0,0.0011796949475691321,1.2842069264108256,策略1 价格通道突破,建信上海金ETF联接A
2025-03-21,1.6747,0.55,0.55,0.0,-0.002387039239001149,1.281141474086486,策略1 价格通道突破,建信上海金ETF联接A
2025-03-24,1.6746,0.55,0.55,0.0,-3.2841702991581735e-05,1.2810993992187039,策略1 价格通道突破,建信上海金ETF联接A
2025-03-25,1.6726,0.55,0.55,0.0,-0.000656873283172077,1.2802578792502695,策略1 价格通道突破,建信上海金ETF联接A
2025-03-26,1.6778,0.55,0.55,0.0,0.001709912710749706,1.2824470084710367,策略1 价格通道突破,建信上海金ETF联接A
2025-03-27,1.6812,0.55,0.55,0.0,0.0011145547741089224,1.28387636590687,策略1 价格通道突破,建信上海金ETF联接A
2025-03-28,1.7093,0.55,0.55,0.0,0.009192838448727082,1.2956788339267904,策略1 价格通道突破,建信上海金ETF联接A
2025-03-31,1.726,0.55,0.55,0.0,0.005373544725911162,1.3026412220913122,策略1 价格通道突破,建信上海金ETF联接A
2025-04-01,1.7417,0.55,0.55,0.0,0.005002896871378926,1.309158201785842,策略1 价格通道突破,建信上海金ETF联接A
2025-04-02,1.7357,0.55,0.55,0.0,-0.0018947005798932105,1.3066777389817466,策略1 价格通道突破,建信上海金ETF联接A
2025-04-03,1.7472,0.55,0.55,0.0,0.0036440629140981344,1.3114393548710475,策略1 价格通道突破,建信上海金ETF联接A
2025-04-07,1.6975,0.55,0.55,0.0,-0.01564503205128209,1.2909218441307773,策略1 价格通道突破,建信上海金ETF联接A
2025-04-08,1.7021,0.55,0.55,0.0,0.0014904270986745407,1.2928458690295408,策略1 价格通道突破,建信上海金ETF联接A
2025-04-09,1.7202,0.55,0.55,0.0,0.005848657540685043,1.300407281770384,策略1 价格通道突破,建信上海金ETF联接A
2025-04-10,1.7586,0.55,0.55,0.0,0.01227764213463547,1.316373217005235,策略1 价格通道突破,建信上海金ETF联接A
2025-04-11,1.7911,0.55,0.55,0.0,0.010164335266689452,1.3297532757189667,策略1 价格通道突破,建信上海金ETF联接A
2025-04-14,1.8041,0.55,0.55,0.0,0.003991960247892334,1.3350615979351417,策略1 价格通道突破,建信上海金ETF联接A
2025-04-15,1.8047,0.55,0.55,0.0,0.00018291668976216926,1.3353058029832645,策略1 价格通道突破,建信上海金ETF联接A
2025-04-16,1.8441,0.55,0.55,0.0,0.012007535878539423,1.351339535321408,策略1 价格通道突破,建信上海金ETF联接A
2025-04-17,1.8645,0.55,0.55,0.0,0.006084268748983224,1.3595614482254297,策略1 价格通道突破,建信上海金ETF联接A
2025-04-18,1.8685,0.55,0.55,0.0,0.0011799410029498137,1.3611656505242207,策略1 价格通道突破,建信上海金ETF联接A
2025-04-21,1.899,0.55,0.55,0.0,0.008977789670859016,1.3733859094418248,策略1 价格通道突破,建信上海金ETF联接A
2025-04-22,1.9567,0.55,0.55,0.0,0.016711427066877373,1.396337147902139,策略1 价格通道突破,建信上海金ETF联接A
2025-04-23,1.8648,0.55,0.55,0.0,-0.025831757550978704,1.360267305238106,策略1 价格通道突破,建信上海金ETF联接A
2025-04-24,1.8784,0.55,0.55,0.0,0.004011154011154017,1.3657235468957534,策略1 价格通道突破,建信上海金ETF联接A
2025-04-25,1.8629,0.55,0.55,0.0,-0.004538436967632048,1.3595252966629563,策略1 价格通道突破,建信上海金ETF联接A
2025-04-28,1.8456,0.55,0.55,0.0,-0.005107627891996369,1.3525813473378459,策略1 价格通道突破,建信上海金ETF联接A
2025-04-29,1.8559,0.55,0.55,0.0,0.003069462505418319,1.3567330450690278,策略1 价格通道突破,建信上海金ETF联接A
2025-04-30,1.8473,0.55,0.55,0.0,-0.002548628697666944,1.3532752362952918,策略1 价格通道突破,建信上海金ETF联接A
2025-05-06,1.8796,0.55,0.55,0.0,0.009616737941861075,1.3662893296059537,策略1 价格通道突破,建信上海金ETF联接A
2025-05-07,1.8941,0.55,0.55,0.0,0.004242924026388573,1.3720863914295371,策略1 价格通道突破,建信上海金ETF联接A
2025-05-08,1.868,0.55,0.55,0.0,-0.007578797317987397,1.361687626766124,策略1 价格通道突破,建信上海金ETF联接A
2025-05-09,1.8623,0.55,0.55,0.0,-0.00167826552462525,1.3594023533668138,策略1 价格通道突破,建信上海金ETF联接A
2025-05-12,1.8185,0.55,0.55,0.0,-0.012935617247489662,1.3418176448383237,策略1 价格通道突破,建信上海金ETF联接A
2025-05-13,1.8111,0.55,0.55,0.0,-0.0022381083310421103,1.3388145115886718,策略1 价格通道突破,建信上海金ETF联接A
2025-05-14,1.7997,0.55,0.55,0.0,-0.0034619844293522777,1.3341795565957608,策略1 价格通道突破,建信上海金ETF联接A
2025-05-15,1.745,0.55,0.55,0.0,-0.016716675001389122,1.3118765105546522,策略1 价格通道突破,建信上海金ETF联接A
2025-05-16,1.7769,0.55,0.55,0.0,0.010054441260744973,1.325066695871375,策略1 价格通道突破,建信上海金ETF联接A
2025-05-19,1.7862,0.55,0.55,0.0,0.00287860881310148,1.3288810445400574,策略1 价格通道突破,建信上海金ETF联接A
2025-05-20,1.7842,0.55,0.55,0.0,-0.0006158324935617355,1.3280626764127512,策略1 价格通道突破,建信上海金ETF联接A
2025-05-21,1.8381,0.55,0.55,0.0,0.016615289765721387,1.350128822608389,策略1 价格通道突破,建信上海金ETF联接A
2025-05-22,1.8436,0.55,0.55,0.0,0.0016457211250747506,1.3523507581333276,策略1 价格通道突破,建信上海金ETF联接A
2025-05-23,1.8421,0.55,0.55,0.0,-0.0004474940334128375,1.3517455892379815,策略1 价格通道突破,建信上海金ETF联接A
2025-05-26,1.8381,0.55,0.55,0.0,-0.0011942891265403711,1.3501312141789057,策略1 价格通道突破,建信上海金ETF联接A
2025-05-27,1.8238,0.55,0.55,0.0,-0.0042788749251944985,1.344354171580833,策略1 价格通道突破,建信上海金ETF联接A
2025-05-28,1.8238,0.55,0.55,0.0,0.0,1.344354171580833,策略1 价格通道突破,建信上海金ETF联接A
2025-05-29,1.8066,0.55,0.55,0.0,-0.005186972255729828,1.3373810437909686,策略1 价格通道突破,建信上海金ETF联接A
2025-05-30,1.8224,0.55,0.55,0.0,0.004810140595593904,1.3438140346414853,策略1 价格通道突破,建信上海金ETF联接A
2025-06-03,1.85,0.55,0.55,0.0,0.008329675153643624,1.355007569016956,策略1 价格通道突破,建信上海金ETF联接A
2025-06-04,1.8496,0.55,0.55,0.0,-0.00011891891891894213,1.3548464329817218,策略1 价格通道突破,建信上海金ETF联接A
2025-06-05,1.8516,0.55,0.55,0.0,0.0005947231833909439,1.3556521915653506,策略1 价格通道突破,建信上海金ETF联接A
2025-06-06,1.8504,0.55,0.55,0.0,-0.0003564484769928267,1.355168971406335,策略1 价格通道突破,建信上海金ETF联接A
2025-06-09,1.8297,0.55,0.55,0.0,-0.006152723735408539,1.346830991110474,策略1 价格通道突破,建信上海金ETF联接A
2025-06-10,1.8326,0.55,0.55,0.0,0.0008717276056183443,1.3480050608655272,策略1 价格通道突破,建信上海金ETF联接A
2025-06-11,1.838,0.55,0.55,0.0,0.0016206482593037032,1.3501897029209518,策略1 价格通道突破,建信上海金ETF联接A
2025-06-12,1.8541,0.55,0.55,0.0,0.00481773667029376,1.356694561364567,策略1 价格通道突破,建信上海金ETF联接A
2025-06-13,1.8761,0.55,0.55,0.0,0.006526077342106662,1.3655484550016477,策略1 价格通道突破,建信上海金ETF联接A
2025-06-16,1.8724,0.55,0.55,0.0,-0.0010846969777730754,1.3640672487195047,策略1 价格通道突破,建信上海金ETF联接A
2025-06-17,1.855,0.55,0.55,0.0,-0.005111087374492668,1.3570953818266154,策略1 价格通道突破,建信上海金ETF联接A
2025-06-18,1.8561,0.55,0.55,0.0,0.0003261455525606416,1.3575379924497988,策略1 价格通道突破,建信上海金ETF联接A
2025-06-19,1.8476,0.55,0.55,0.0,-0.0025187220516136367,1.3541187315723122,策略1 价格通道突破,建信上海金ETF联接A
2025-06-20,1.8401,0.55,0.55,0.0,-0.0022326261095474646,1.3510954907367767,策略1 价格通道突破,建信上海金ETF联接A
2025-06-23,1.846,0.55,0.55,0.0,0.0017634911146133915,1.353478135629685,策略1 价格通道突破,建信上海金ETF联接A
2025-06-24,1.8262,0.55,0.55,0.0,-0.005899241603466976,1.3454936411025955,策略1 价格通道突破,建信上海金ETF联接A
2025-06-25,1.8292,0.55,0.55,0.0,0.0009035154966596793,1.3467093154579886,策略1 价格通道突破,建信上海金ETF联接A
2025-06-26,1.8313,0.55,0.55,0.0,0.00063142357314675,1.3475596594659451,策略1 价格通道突破,建信上海金ETF联接A
2025-06-27,1.8123,0.55,0.55,0.0,-0.00570632883743788,1.3398700409209665,策略1 价格通道突破,建信上海金ETF联接A
2025-06-30,1.8095,0.55,0.55,0.0,-0.0008497489378138268,1.3387314877768852,策略1 价格通道突破,建信上海金ETF联接A
2025-07-01,1.8288,0.55,0.55,0.0,0.005866261398176254,1.3465848366261541,策略1 价格通道突破,建信上海金ETF联接A
2025-07-02,1.8301,0.55,0.55,0.0,0.0003909667541557638,1.347111306528925,策略1 价格通道突破,建信上海金ETF联接A
2025-07-03,1.8425,0.55,0.55,0.0,0.003726572318452559,1.3521314142337102,策略1 价格通道突破,建信上海金ETF联接A
2025-07-04,1.8327,0.55,0.55,0.0,-0.0029253731343283963,1.3481759253204295,策略1 价格通道突破,建信上海金ETF联接A
2025-07-07,1.8199,0.55,0.55,0.0,-0.0038413270038740567,1.3429971407325232,策略1 价格通道突破,建信上海金ETF联接A
2025-07-08,1.8313,0.55,0.55,0.0,0.0034452442441892275,1.3476240939015947,策略1 价格通道突破,建信上海金ETF联接A
2025-07-09,1.8103,0.55,0.55,0.0,-0.006306995030852381,1.3391246354379003,策略1 价格通道突破,建信上海金ETF联接A
2025-07-10,1.8243,0.55,0.55,0.0,0.00425343865657627,1.3448205199282455,策略1 价格通道突破,建信上海金ETF联接A
2025-07-11,1.826,0.55,0.55,0.0,0.0005125253521898854,1.3455097745388538,策略1 价格通道突破,建信上海金ETF联接A
2025-07-14,1.8415,0.55,0.55,0.0,0.004668674698795172,1.351791521980225,策略1 价格通道突破,建信上海金ETF联接A
2025-07-15,1.8398,0.55,0.55,0.0,-0.0005077382568557554,1.3511051657092221,策略1 价格通道突破,建信上海金ETF联接A
2025-07-16,1.8317,0.55,0.55,0.0,-0.0024214588542232855,1.3478335201427287,策略1 价格通道突破,建信上海金ETF联接A
2025-07-17,1.8308,0.55,0.55,0.0,-0.00027024075994981357,1.3474692805879596,策略1 价格通道突破,建信上海金ETF联接A
2025-07-18,1.8321,0.55,0.55,0.0,0.00039053965479578516,1.3479955207756482,策略1 价格通道突破,建信上海金ETF联接A
2025-07-21,1.8434,0.55,0.55,0.0,0.0033922820806724045,1.3525683018256023,策略1 价格通道突破,建信上海金ETF联接A
2025-07-22,1.8513,0.55,0.55,0.0,0.0023570576109362864,1.355756383235731,策略1 价格通道突破,建信上海金ETF联接A
2025-07-23,1.8692,0.55,0.55,0.0,0.005317884729649502,1.3629661394032655,策略1 价格通道突破,建信上海金ETF联接A
2025-07-24,1.8376,0.55,0.55,0.0,-0.00929809544190029,1.3502931501550155,策略1 价格通道突破,建信上海金ETF联接A
2025-07-25,1.8332,0.55,0.55,0.0,-0.0013169351327818768,1.3485149016660216,策略1 价格通道突破,建信上海金ETF联接A
2025-07-28,1.8281,0.55,0.55,0.0,-0.0015301112808203843,1.346451523802628,策略1 价格通道突破,建信上海金ETF联接A
2025-07-29,1.8203,0.55,0.55,0.0,-0.0023466987582736465,1.3432918076836449,策略1 价格通道突破,建信上海金ETF联接A
2025-07-30,1.8248,0.55,0.55,0.0,0.001359665989122716,1.3451182358680192,策略1 价格通道突破,建信上海金ETF联接A
2025-07-31,1.8174,0.55,0.55,0.0,-0.002230381411661592,1.3421181091582524,策略1 价格通道突破,建信上海金ETF联接A
2025-08-01,1.8184,0.55,0.55,0.0,0.00030263013095640503,1.3425242745373858,策略1 价格通道突破,建信上海金ETF联接A
2025-08-04,1.842,0.55,0.55,0.0,0.007138143422789235,1.3521074053576096,策略1 价格通道突破,建信上海金ETF联接A
2025-08-05,1.8463,0.55,0.55,0.0,0.0012839305103149125,1.353843417308571,策略1 价格通道突破,建信上海金ETF联接A
2025-08-06,1.8489,0.55,0.55,0.0,0.0007745220170069845,1.3548919988428567,策略1 价格通道突破,建信上海金ETF联接A
2025-08-07,1.8518,0.55,0.55,0.0,0.0008626751041159731,1.3560608304390245,策略1 价格通道突破,建信上海金ETF联接A
2025-08-08,1.8579,0.55,0.55,0.0,0.0018117507290205228,1.3585176746371685,策略1 价格通道突破,建信上海金ETF联接A
2025-08-11,1.8401,0.55,0.55,0.0,-0.00526939017169924,1.3513591149543558,策略1 价格通道突破,建信上海金ETF联接A
2025-08-12,1.8316,0.55,0.55,0.0,-0.002540622792239583,1.347925821186402,策略1 价格通道突破,建信上海金ETF联接A
2025-08-13,1.8345,0.55,0.55,0.0,0.0008708233238698183,1.3490996264303377,策略1 价格通道突破,建信上海金ETF联接A
2025-08-14,1.8378,0.55,0.55,0.0,0.0009893704006540994,1.3504343856682615,策略1 价格通道突破,建信上海金ETF联接A
2025-08-15,1.8309,0.55,0.55,0.0,-0.00206496898465563,1.347645780546044,策略1 价格通道突破,建信上海金ETF联接A
2025-08-18,1.8346,0.55,0.55,0.0,0.0011114752307607946,1.3491436554509604,策略1 价格通道突破,建信上海金ETF联接A
2025-08-19,1.8291,0.55,0.55,0.0,-0.0016488607870925654,1.3469191053813325,策略1 价格通道突破,建信上海金ETF联接A
2025-08-20,1.8234,0.55,0.55,0.0,-0.0017139576841069483,1.3446105430307935,策略1 价格通道突破,建信上海金ETF联接A
2025-08-21,1.829,0.55,0.55,0.0,0.0016891521333772586,1.3468817947981155,策略1 价格通道突破,建信上海金ETF联接A
2025-08-22,1.826,0.55,0.55,0.0,-0.0009021323127391679,1.345666729209588,策略1 价格通道突破,建信上海金ETF联接A
2025-08-25,1.8383,0.55,0.55,0.0,0.0037048192771083955,1.350652181248527,策略1 价格通道突破,建信上海金ETF联接A
2025-08-26,1.8429,0.55,0.55,0.0,0.0013762715552412708,1.3525110454266036,策略1 价格通道突破,建信上海金ETF联接A
2025-08-27,1.8441,0.55,0.55,0.0,0.00035813120625101115,1.35299542183877,策略1 价格通道突破,建信上海金ETF联接A
2025-08-28,1.8487,0.55,0.55,0.0,0.001371942953202121,1.3548516543734765,策略1 价格通道突破,建信上海金ETF联接A
2025-08-29,1.8529,0.55,0.55,0.0,0.0012495266944339445,1.3565445776826142,策略1 价格通道突破,建信上海金ETF联接A
2025-09-01,1.8828,0.55,0.55,0.0,0.008875276593448079,1.3685842860208894,策略1 价格通道突破,建信上海金ETF联接A
2025-09-02,1.8955,0.55,0.55,0.0,0.003709900148714607,1.373661597067127,策略1 价格通道突破,建信上海金ETF联接A
2025-09-03,1.9205,0.55,0.55,0.0,0.007254022685307371,1.3836261694541874,策略1 价格通道突破,建信上海金ETF联接A
2025-09-04,1.9173,0.55,0.55,0.0,-0.0009164280135381787,1.3823581756722352,策略1 价格通道突破,建信上海金ETF联接A
2025-09-05,1.9239,0.55,0.55,0.0,0.0018932874354560816,1.3849753770375353,策略1 价格通道突破,建信上海金ETF联接A
2025-09-08,1.9414,0.55,0.55,0.0,0.005002858776443642,1.391904213257706,策略1 价格通道突破,建信上海金ETF联接A
2025-09-09,1.9684,0.55,0.55,0.0,0.007649119192335464,1.4025510544892281,策略1 价格通道突破,建信上海金ETF联接A
2025-09-10,1.9658,0.55,0.55,0.0,-0.0007264783580572976,1.4015321315020715,策略1 价格通道突破,建信上海金ETF联接A
2025-09-11,1.9613,0.55,0.55,0.0,-0.0012590294027876759,1.3997675613395584,策略1 价格通道突破,建信上海金ETF联接A
2025-09-12,1.9683,0.55,0.55,0.0,0.0019629837352776237,1.4025152822956375,策略1 价格通道突破,建信上海金ETF联接A
2025-09-15,1.9628,0.55,0.55,0.0,-0.001536859218614989,1.400359813754793,策略1 价格通道突破,建信上海金ETF联接A
2025-09-16,1.9851,0.55,0.55,0.0,0.0062487263093540255,1.4091102789655647,策略1 价格通道突破,建信上海金ETF联接A
2025-09-17,1.9725,0.55,0.55,0.0,-0.0034910080096720755,1.4041910636951846,策略1 价格通道突破,建信上海金ETF联接A
2025-09-18,1.9494,0.55,0.55,0.0,-0.006441064638783262,1.3951465782887222,策略1 价格通道突破,建信上海金ETF联接A
2025-09-19,1.9559,0.55,0.55,0.0,0.0018338976095208404,1.3977051342635771,策略1 价格通道突破,建信上海金ETF联接A
2025-09-22,1.9905,0.55,0.55,0.0,0.009729536274860728,1.4113041570689537,策略1 价格通道突破,建信上海金ETF联接A
2025-09-23,2.0128,0.55,0.55,0.0,0.006161768399899493,1.420000286426628,策略1 价格通道突破,建信上海金ETF联接A
2025-09-24,2.0255,0.55,0.55,0.0,0.0034702901430843426,1.4249280994237914,策略1 价格通道突破,建信上海金ETF联接A
2025-09-25,2.0148,0.55,0.55,0.0,-0.00290545544310043,1.4207880343212937,策略1 价格通道突破,建信上海金ETF联接A
2025-09-26,2.0187,0.55,0.55,0.0,0.0010646217986896023,1.4223006362339496,策略1 价格通道突破,建信上海金ETF联接A
2025-09-29,2.041,0.55,0.55,0.0,0.006075692277208112,1.4309420972253841,策略1 价格通道突破,建信上海金ETF联接A
2025-09-30,2.0646,0.55,0.55,0.0,0.006359627633512954,1.4400423561288558,策略1 价格通道突破,建信上海金ETF联接A
2025-10-09,2.1555,0.55,0.55,0.0,0.024215344376634685,1.4749134776994561,策略1 价格通道突破,建信上海金ETF联接A
2025-10-10,2.1277,0.55,0.55,0.0,-0.007093481790767842,1.464451205802437,策略1 价格通道突破,建信上海金ETF联接A
2025-10-13,2.1857,0.55,0.55,0.0,0.014992715138412473,1.4864073055651374,策略1 价格通道突破,建信上海金ETF联接A
2025-10-14,2.2141,0.55,0.55,0.0,0.007146451937594312,1.497029843934048,策略1 价格通道突破,建信上海金ETF联接A
2025-10-15,2.2611,0.55,0.55,0.0,0.011675172756424669,1.514507925983501,策略1 价格通道突破,建信上海金ETF联接A
2025-10-16,2.2835,0.55,0.55,0.0,0.005448675423466488,1.5227599880984526,策略1 价格通道突破,建信上海金ETF联接A
2025-10-17,2.3524,0.55,0.55,0.0,0.016595139040945863,1.5480304018269353,策略1 价格通道突破,建信上海金ETF联接A
2025-10-20,2.2954,0.55,0.55,0.0,-0.013326815167488527,1.5274000867881348,策略1 价格通道突破,建信上海金ETF联接A
2025-10-21,2.3395,0.55,0.55,0.0,0.010566785745403895,1.5435397962527364,策略1 价格通道突破,建信上海金ETF联接A
2025-10-22,2.2456,0.55,0.55,0.0,-0.022075229749946596,1.5094658006222716,策略1 价格通道突破,建信上海金ETF联接A
2025-10-23,2.2235,0.55,0.55,0.0,-0.005412807267545423,1.5012953531665518,策略1 价格通道突破,建信上海金ETF联接A
2025-10-24,2.215,0.55,0.55,0.0,-0.0021025410389026613,1.4981388180750055,策略1 价格通道突破,建信上海金ETF联接A
2025-10-27,2.2042,0.55,0.55,0.0,-0.002681715575620669,1.4941212358721319,策略1 价格通道突破,建信上海金ETF联接A
2025-10-28,2.1267,0.55,0.55,0.0,-0.019338081843752866,1.4652277971283474,策略1 价格通道突破,建信上海金ETF联接A
2025-10-29,2.1464,0.55,0.55,0.0,0.005094747731226756,1.4726927631234976,策略1 价格通道突破,建信上海金ETF联接A
2025-10-30,2.148,0.55,0.55,0.0,0.000409988818486895,1.473296550689445,策略1 价格通道突破,建信上海金ETF联接A
2025-10-31,2.1748,0.55,0.55,0.0,0.006862197392923598,1.4834066024385897,策略1 价格通道突破,建信上海金ETF联接A
2025-11-03,2.1725,0.55,0.55,0.0,-0.0005816626816258941,1.4825437601762739,策略1 价格通道突破,建信上海金ETF联接A
2025-11-04,2.1595,0.55,0.55,0.0,-0.0032911392405063082,1.4776645022313901,策略1 价格通道突破,建信上海金ETF联接A
2025-11-05,2.1516,0.55,0.55,0.0,-0.002012039824033263,1.4746913824063401,策略1 价格通道突破,建信上海金ETF联接A
2025-11-06,2.1656,0.55,0.55,0.0,0.0035787321063393664,1.4799689078034999,策略1 价格通道突破,建信上海金ETF联接A
2025-11-07,2.1725,0.55,0.55,0.0,0.0017524011821203778,1.4825624070670362,策略1 价格通道突破,建信上海金ETF联接A
2025-11-10,2.2059,0.55,0.55,0.0,0.00845569620253167,1.4950985043824891,策略1 价格通道突破,建信上海金ETF联接A
2025-11-11,2.2369,0.55,0.55,0.0,0.0077292714991612395,1.5066545266408513,策略1 价格通道突破,建信上海金ETF联接A
2025-11-12,2.2297,0.55,0.55,0.0,-0.0017703071214627388,1.5039872854027547,策略1 价格通道突破,建信上海金ETF联接A
2025-11-13,2.2641,0.55,0.55,0.0,0.008485446472619729,1.5167492890085406,策略1 价格通道突破,建信上海金ETF联接A
2025-11-14,2.2477,0.55,0.55,0.0,-0.003983922971600213,1.510706676673901,策略1 价格通道突破,建信上海金ETF联接A
2025-11-17,2.1941,0.55,0.55,0.0,-0.013115629309961248,1.4908928079065626,策略1 价格通道突破,建信上海金ETF联接A
2025-11-18,2.1691,0.55,0.55,0.0,-0.00626680643544057,1.4815496712634217,策略1 价格通道突破,建信上海金ETF联接A
2025-11-19,2.211,0.55,0.55,0.0,0.01062422202756911,1.4972899839157965,策略1 价格通道突破,建信上海金ETF联接A
2025-11-20,2.2002,0.55,0.55,0.0,-0.0026865671641790436,1.4932674138097541,策略1 价格通道突破,建信上海金ETF联接A
2025-11-21,2.1817,0.55,0.55,0.0,-0.004624579583674205,1.4863616798148835,策略1 价格通道突破,建信上海金ETF联接A
2025-11-24,2.189,0.55,0.55,0.0,0.0018403080166842446,1.489097043129939,策略1 价格通道突破,建信上海金ETF联接A
2025-11-25,2.2262,0.55,0.55,0.0,0.009346733668341668,1.5030152365983898,策略1 价格通道突破,建信上海金ETF联接A
2025-11-26,2.2263,0.55,0.55,0.0,2.470577665981688e-05,1.5030523697571414,策略1 价格通道突破,建信上海金ETF联接A
2025-11-27,2.2265,0.55,0.55,0.0,4.9409333872341145e-05,1.5031266345735064,策略1 价格通道突破,建信上海金ETF联接A
2025-11-28,2.2403,0.55,0.55,0.0,0.0034089377947450817,1.5082506997683918,策略1 价格通道突破,建信上海金ETF联接A
2025-12-01,2.2628,0.55,0.55,0.0,0.0055238137749408335,1.5165819957598368,策略1 价格通道突破,建信上海金ETF联接A
2025-12-02,2.2534,0.55,0.55,0.0,-0.002284779918684754,1.513116939670886,策略1 价格通道突破,建信上海金ETF联接A
2025-12-03,2.2481,0.55,0.55,0.0,-0.001293600781042026,1.5111595704159198,策略1 价格通道突破,建信上海金ETF联接A
2025-12-04,2.2414,0.55,0.55,0.0,-0.0016391619589876006,1.5086825351341338,策略1 价格通道突破,建信上海金ETF联接A
2025-12-05,2.2574,0.55,0.55,0.0,0.003926117605068236,1.514605800195783,策略1 价格通道突破,建信上海金ETF联接A
2025-12-08,2.2519,0.55,0.55,0.0,-0.0013400372109506787,1.512576172063599,策略1 价格通道突破,建信上海金ETF联接A
2025-12-09,2.2372,0.55,0.55,0.0,-0.0035903015231582127,1.5071455675291463,策略1 价格通道突破,建信上海金ETF联接A
2025-12-10,2.2472,0.55,0.55,0.0,0.0024584301805828605,1.5108507796788915,策略1 价格通道突破,建信上海金ETF联接A
2025-12-11,2.2509,0.55,0.55,0.0,0.0009055713777146091,1.5122189629009666,策略1 价格通道突破,建信上海金ETF联接A
2025-12-12,2.2788,0.55,0.55,0.0,0.006817273090763643,1.5225281725440938,策略1 价格通道突破,建信上海金ETF联接A
2025-12-15,2.3088,0.55,0.55,0.0,0.007240652975250173,1.5335522706865274,策略1 价格通道突破,建信上海金ETF联接A
2025-12-16,2.2831,0.55,0.55,0.0,-0.006122227997227997,1.5241635140397178,策略1 价格通道突破,建信上海金ETF联接A
2025-12-17,2.2998,0.55,0.55,0.0,0.004023038850685435,1.5302952830714969,策略1 价格通道突破,建信上海金ETF联接A
2025-12-18,2.3019,0.55,0.55,0.0,0.0005022175841376986,1.5310638242715784,策略1 价格通道突破,建信上海金ETF联接A
2025-12-19,2.3013,0.55,0.55,0.0,-0.0001433598331812447,1.530844331217141,策略1 价格通道突破,建信上海金ETF联接A
2025-12-22,2.3443,0.55,0.55,0.0,0.010276800069525905,1.5465765123466264,策略1 价格通道突破,建信上海金ETF联接A
2025-12-23,2.3777,0.55,0.55,0.0,0.00783602781214009,1.5586955289109774,策略1 价格通道突破,建信上海金ETF联接A
2025-12-24,2.3816,0.55,0.55,0.0,0.00090213231273929,1.5601016785133304,策略1 价格通道突破,建信上海金ETF联接A
2025-12-25,2.3671,0.55,0.55,0.0,-0.0033485891837420016,1.5548775389071228,策略1 价格通道突破,建信上海金ETF联接A
2025-12-26,2.3839,0.55,0.55,0.0,0.0039035106248151434,1.560947019900533,策略1 价格通道突破,建信上海金ETF联接A
2025-12-29,2.3657,0.55,0.55,0.0,-0.0041990016359747424,1.5543926008103008,策略1 价格通道突破,建信上海金ETF联接A
2025-12-30,2.3166,0.55,0.55,0.0,-0.011415225937354619,1.5366488580766988,策略1 价格通道突破,建信上海金ETF联接A
2025-12-31,2.2994,0.55,0.55,0.0,-0.004083570750237464,1.5303738437464711,策略1 价格通道突破,建信上海金ETF联接A
2026-01-05,2.3434,0.55,0.55,0.0,0.010524484648169142,1.5464802397709405,策略1 价格通道突破,建信上海金ETF联接A
2026-01-06,2.3666,0.55,0.55,0.0,0.00544507979858323,1.5549009480834253,策略1 价格通道突破,建信上海金ETF联接A
2026-01-07,2.3544,0.55,0.55,0.0,-0.002835291134961565,1.5504923512095812,策略1 价格通道突破,建信上海金ETF联接A
2026-01-08,2.3509,0.55,0.55,0.0,-0.0008176180767923369,1.5492246406353039,策略1 价格通道突破,建信上海金ETF联接A
2026-01-09,2.3684,0.55,0.55,0.0,0.0040941766982857345,1.5555674400594033,策略1 价格通道突破,建信上海金ETF联接A
2026-01-12,2.4138,0.55,0.55,0.0,0.01054298260428993,1.5719677605197493,策略1 价格通道突破,建信上海金ETF联接A
2026-01-13,2.4186,0.55,0.55,0.0,0.001093711160825217,1.573687039203887,策略1 价格通道突破,建信上海金ETF联接A
2026-01-14,2.4474,0.55,0.55,0.0,0.006549243363929481,1.5839934986022952,策略1 价格通道突破,建信上海金ETF联接A
2026-01-15,2.4367,0.55,0.55,0.0,-0.002404592628912322,1.5801846395113113,策略1 价格通道突破,建信上海金ETF联接A
2026-01-16,2.436,0.55,0.55,0.0,-0.00015800057454760653,1.579934969430377,策略1 价格通道突破,建信上海金ETF联接A
2026-01-19,2.4683,0.55,0.55,0.0,0.007292692939244705,1.5914569500264077,策略1 价格通道突破,建信上海金ETF联接A
2026-01-20,2.4876,0.55,0.55,0.0,0.004300530729651997,1.5983010595449145,策略1 价格通道突破,建信上海金ETF联接A
2026-01-21,2.565,0.55,0.55,0.0,0.017112879884225798,1.6256525935957373,策略1 价格通道突破,建信上海金ETF联接A
2026-01-22,2.5534,0.55,0.55,0.0,-0.0024873294346978827,1.6216090600490938,策略1 价格通道突破,建信上海金ETF联接A
2026-01-23,2.6161,0.55,0.55,0.0,0.013505522049032716,1.6435097369644982,策略1 价格通道突破,建信上海金ETF联接A
2026-01-26,2.6885,0.55,0.55,0.0,0.015221130690722874,1.6685258134623102,策略1 价格通道突破,建信上海金ETF联接A
2026-01-27,2.6934,0.55,0.55,0.0,0.0010024177050400708,1.670198373279041,策略1 价格通道突破,建信上海金ETF联接A
2026-01-28,2.7771,0.55,0.55,0.0,0.017091779906437912,1.698745036275217,策略1 价格通道突破,建信上海金ETF联接A
2026-01-29,2.9311,0.55,0.55,0.0,0.030499441863814772,1.7505558117505366,策略1 价格通道突破,建信上海金ETF联接A
2026-01-30,2.7363,0.55,0.55,0.0,-0.036552829995564785,1.6865680427658714,策略1 价格通道突破,建信上海金ETF联接A
2026-02-02,2.3924,0.55,0.55,0.0,-0.06912436501845559,1.569985097749261,策略1 价格通道突破,建信上海金ETF联接A
2026-02-03,2.5756,0.55,0.55,0.0,0.04211670289249291,1.636107693656808,策略1 价格通道突破,建信上海金ETF联接A
2026-02-04,2.6879,0.55,0.55,0.0,0.02398082000310601,1.6753428977640887,策略1 价格通道突破,建信上海金ETF联接A
2026-02-05,2.6081,0.55,0.55,0.0,-0.016328732467725773,1.6479866717947942,策略1 价格通道突破,建信上海金ETF联接A
2026-02-06,2.5688,0.55,0.55,0.0,-0.008287642345002089,1.6343287476696287,策略1 价格通道突破,建信上海金ETF联接A
2026-02-09,2.6574,0.55,0.55,0.0,0.01896994705699161,1.6653318774866408,策略1 价格通道突破,建信上海金ETF联接A
2026-02-10,2.6453,0.55,0.55,0.0,-0.0025043275381951727,1.6611613410056167,策略1 价格通道突破,建信上海金ETF联接A
2026-02-11,2.6624,0.55,0.55,0.0,0.003555362340755264,1.6670673714793467,策略1 价格通道突破,建信上海金ETF联接A
2026-02-12,2.6575,0.55,0.55,0.0,-0.0010122445913460787,1.6653798915491573,策略1 价格通道突破,建信上海金ETF联接A
2026-02-13,2.6138,0.55,0.55,0.0,-0.009044214487300167,1.65031783860715,策略1 价格通道突破,建信上海金ETF联接A
2026-02-24,2.7107,0.55,0.55,0.0,0.02038985385262835,1.6839675781467354,策略1 价格通道突破,建信上海金ETF联接A
2026-02-25,2.7119,0.55,0.55,0.0,0.0002434795440292348,1.6843775898048223,策略1 价格通道突破,建信上海金ETF联接A
2026-02-26,2.7027,0.55,0.55,0.0,-0.0018658505107120417,1.6812347930186529,策略1 价格通道突破,建信上海金ETF联接A
2026-02-27,2.7063,0.55,0.55,0.0,0.0007326007326007079,1.6824664668596923,策略1 价格通道突破,建信上海金ETF联接A
2026-03-02,2.8178,0.55,0.55,0.0,0.022660089420980637,1.7205913074465342,策略1 价格通道突破,建信上海金ETF联接A
2026-03-03,2.7916,0.55,0.55,0.0,-0.005113918659947526,1.71179234345324,策略1 价格通道突破,建信上海金ETF联接A
2026-03-04,2.7215,0.55,0.55,0.0,-0.013811076085399067,1.6881506491554035,策略1 价格通道突破,建信上海金ETF联接A
2026-03-05,2.7158,0.55,0.55,0.0,-0.0011519382693366777,1.686206003818236,策略1 价格通道突破,建信上海金ETF联接A
2026-03-06,2.6953,0.55,0.55,0.0,-0.004151631195227973,1.6792054983712035,策略1 价格通道突破,建信上海金ETF联接A
2026-03-09,2.6906,0.55,0.55,0.0,-0.000959076911661072,1.6775950111477815,策略1 价格通道突破,建信上海金ETF联接A
2026-03-10,2.7134,0.55,0.55,0.0,0.0046606704824202596,1.6854137286976936,策略1 价格通道突破,建信上海金ETF联接A
2026-03-11,2.7188,0.55,0.55,0.0,0.0010945677010392064,1.6872585281280141,策略1 价格通道突破,建信上海金ETF联接A
2026-03-12,2.7097,0.55,0.55,0.0,-0.0018408856848608714,1.684152478056924,策略1 价格通道突破,建信上海金ETF联接A
2026-03-13,2.6766,0.55,0.55,0.0,-0.0067184559176293075,1.6728375738745322,策略1 价格通道突破,建信上海金ETF联接A
2026-03-16,2.6418,0.55,0.55,0.0,-0.007150863035193917,1.6608753415036293,策略1 价格通道突破,建信上海金ETF联接A
2026-03-17,2.6362,0.55,0.55,0.0,-0.0011658717541069897,1.6589389738558775,策略1 价格通道突破,建信上海金ETF联接A
2026-03-18,2.6301,0.55,0.55,0.0,-0.0012726651999089734,1.6568276999550784,策略1 价格通道突破,建信上海金ETF联接A
2026-03-19,2.5136,0.55,0.55,0.0,-0.02436219155165208,1.6164637461606897,策略1 价格通道突破,建信上海金ETF联接A
2026-03-20,2.457,0.55,0.55,0.0,-0.012384627625716089,1.5964444445940194,策略1 价格通道突破,建信上海金ETF联接A
2026-03-23,2.2285,0.55,0.55,0.0,-0.051149776149776116,1.5147866686174816,策略1 价格通道突破,建信上海金ETF联接A
2026-03-24,2.3122,0.55,0.55,0.0,0.020657392865155857,1.5460782119380136,策略1 价格通道突破,建信上海金ETF联接A
2026-03-25,2.3986,0.55,0.55,0.0,0.02055185537583262,1.5778529877494896,策略1 价格通道突破,建信上海金ETF联接A
2026-03-26,2.35,0.55,0.55,0.0,-0.011144000667055788,1.5602693930014933,策略1 价格通道突破,建信上海金ETF联接A
2026-03-27,2.3547,0.55,0.55,0.0,0.0010999999999998789,1.5619856893337944,策略1 价格通道突破,建信上海金ETF联接A
2026-03-30,2.3915,0.55,0.55,0.0,0.008595574807831198,1.575411854175225,策略1 价格通道突破,建信上海金ETF联接A
2026-03-31,2.4061,0.55,0.55,0.0,0.003357725277022783,1.58070165437971,策略1 价格通道突破,建信上海金ETF联接A
2026-04-01,2.478,0.0,0.0,0.0,0.01643531025310682,1.6066809764870398,策略1 价格通道突破,建信上海金ETF联接A
2026-04-02,2.4182,0.0,0.0,0.0,-0.0,1.6066809764870398,策略1 价格通道突破,建信上海金ETF联接A
2026-04-03,2.4411,0.0,0.0,0.0,0.0,1.6066809764870398,策略1 价格通道突破,建信上海金ETF联接A
2026-04-07,2.4385,0.0,0.0,0.0,-0.0,1.6066809764870398,策略1 价格通道突破,建信上海金ETF联接A
2026-04-08,2.5033,0.0,0.0,0.0,0.0,1.6066809764870398,策略1 价格通道突破,建信上海金ETF联接A
2026-04-09,2.4568,0.0,0.0,0.0,-0.0,1.6066809764870398,策略1 价格通道突破,建信上海金ETF联接A
2026-04-10,2.4731,0.0,0.0,0.0,0.0,1.6066809764870398,策略1 价格通道突破,建信上海金ETF联接A
2026-04-13,2.463,0.0,0.0,0.0,-0.0,1.6066809764870398,策略1 价格通道突破,建信上海金ETF联接A
2026-04-14,2.4831,0.0,0.0,0.0,0.0,1.6066809764870398,策略1 价格通道突破,建信上海金ETF联接A
2026-04-15,2.4958,0.0,0.0,0.0,0.0,1.6066809764870398,策略1 价格通道突破,建信上海金ETF联接A
2026-04-16,2.5028,0.0,0.0,0.0,0.0,1.6066809764870398,策略1 价格通道突破,建信上海金ETF联接A
2026-04-17,2.4857,0.0,0.0,0.0,-0.0,1.6066809764870398,策略1 价格通道突破,建信上海金ETF联接A
2026-04-20,2.4887,0.0,0.0,0.0,0.0,1.6066809764870398,策略1 价格通道突破,建信上海金ETF联接A
2026-04-21,2.4814,0.0,0.0,0.0,-0.0,1.6066809764870398,策略1 价格通道突破,建信上海金ETF联接A
2026-04-22,2.4793,0.0,0.0,0.0,-0.0,1.6066809764870398,策略1 价格通道突破,建信上海金ETF联接A
2026-04-23,2.4559,0.0,0.0,0.0,-0.0,1.6066809764870398,策略1 价格通道突破,建信上海金ETF联接A
2026-04-24,2.4377,0.0,0.0,0.0,-0.0,1.6066809764870398,策略1 价格通道突破,建信上海金ETF联接A
2026-04-27,2.4533,0.0,0.0,0.0,0.0,1.6066809764870398,策略1 价格通道突破,建信上海金ETF联接A
2026-04-28,2.4167,0.0,0.0,0.0,-0.0,1.6066809764870398,策略1 价格通道突破,建信上海金ETF联接A
2026-04-29,2.3898,0.0,0.0,0.0,-0.0,1.6066809764870398,策略1 价格通道突破,建信上海金ETF联接A
2026-04-30,2.395,0.0,0.0,0.0,0.0,1.6066809764870398,策略1 价格通道突破,建信上海金ETF联接A
2026-05-06,2.4257,0.0,0.0,0.0,0.0,1.6066809764870398,策略1 价格通道突破,建信上海金ETF联接A
2026-05-07,2.4549,0.0,0.0,0.0,0.0,1.6066809764870398,策略1 价格通道突破,建信上海金ETF联接A
2026-05-08,2.4493,0.0,0.0,0.0,-0.0,1.6066809764870398,策略1 价格通道突破,建信上海金ETF联接A
2026-05-11,2.4245,0.0,0.0,0.0,-0.0,1.6066809764870398,策略1 价格通道突破,建信上海金ETF联接A
2026-05-12,2.4332,0.0,0.0,0.0,0.0,1.6066809764870398,策略1 价格通道突破,建信上海金ETF联接A
2026-05-13,2.433,0.0,0.0,0.0,-0.0,1.6066809764870398,策略1 价格通道突破,建信上海金ETF联接A
2026-05-14,2.4286,0.0,0.0,0.0,-0.0,1.6066809764870398,策略1 价格通道突破,建信上海金ETF联接A
2026-05-15,2.3724,0.0,0.0,0.0,-0.0,1.6066809764870398,策略1 价格通道突破,建信上海金ETF联接A
2026-05-18,2.3602,0.0,0.0,0.0,-0.0,1.6066809764870398,策略1 价格通道突破,建信上海金ETF联接A
2026-05-19,2.3596,0.0,0.0,0.0,-0.0,1.6066809764870398,策略1 价格通道突破,建信上海金ETF联接A
2026-05-20,2.3258,0.0,0.0,0.0,-0.0,1.6066809764870398,策略1 价格通道突破,建信上海金ETF联接A
2026-05-21,2.3469,0.0,0.0,0.0,0.0,1.6066809764870398,策略1 价格通道突破,建信上海金ETF联接A
2026-05-22,2.3458,0.0,0.0,0.0,-0.0,1.6066809764870398,策略1 价格通道突破,建信上海金ETF联接A
2026-05-25,2.3584,0.0,0.0,0.0,0.0,1.6066809764870398,策略1 价格通道突破,建信上海金ETF联接A
2026-05-26,2.3452,0.0,0.0,0.0,-0.0,1.6066809764870398,策略1 价格通道突破,建信上海金ETF联接A
2026-05-27,2.32,0.0,0.0,0.0,-0.0,1.6066809764870398,策略1 价格通道突破,建信上海金ETF联接A
2026-05-28,2.2675,0.0,0.0,0.0,-0.0,1.6066809764870398,策略1 价格通道突破,建信上海金ETF联接A
2026-05-29,2.3294,0.0,0.0,0.0,0.0,1.6066809764870398,策略1 价格通道突破,建信上海金ETF联接A
2026-06-01,2.3202,0.0,0.0,0.0,-0.0,1.6066809764870398,策略1 价格通道突破,建信上海金ETF联接A
2026-06-02,2.3318,0.0,0.0,0.0,0.0,1.6066809764870398,策略1 价格通道突破,建信上海金ETF联接A
2026-06-03,2.3046,0.0,0.0,0.0,-0.0,1.6066809764870398,策略1 价格通道突破,建信上海金ETF联接A
2026-06-04,2.304,0.0,0.0,0.0,-0.0,1.6066809764870398,策略1 价格通道突破,建信上海金ETF联接A
2026-06-05,2.2953,0.0,0.0,0.0,-0.0,1.6066809764870398,策略1 价格通道突破,建信上海金ETF联接A
2026-06-08,2.2228,0.0,0.0,0.0,-0.0,1.6066809764870398,策略1 价格通道突破,建信上海金ETF联接A
2026-06-09,2.2353,0.0,0.0,0.0,0.0,1.6066809764870398,策略1 价格通道突破,建信上海金ETF联接A
2026-06-10,2.1684,0.0,0.0,0.0,-0.0,1.6066809764870398,策略1 价格通道突破,建信上海金ETF联接A
2026-06-11,2.1113,0.0,0.0,0.0,-0.0,1.6066809764870398,策略1 价格通道突破,建信上海金ETF联接A
2026-06-12,2.1479,0.0,0.0,0.0,0.0,1.6066809764870398,策略1 价格通道突破,建信上海金ETF联接A
2026-06-15,2.2123,0.0,0.0,0.0,0.0,1.6066809764870398,策略1 价格通道突破,建信上海金ETF联接A
2026-06-16,2.2227,0.0,0.0,0.0,0.0,1.6066809764870398,策略1 价格通道突破,建信上海金ETF联接A
2026-06-17,2.2226,0.0,0.0,0.0,-0.0,1.6066809764870398,策略1 价格通道突破,建信上海金ETF联接A
2026-06-18,2.2121,0.0,0.0,0.0,-0.0,1.6066809764870398,策略1 价格通道突破,建信上海金ETF联接A
2026-06-22,2.1639,0.0,0.0,0.0,-0.0,1.6066809764870398,策略1 价格通道突破,建信上海金ETF联接A
2026-06-23,2.1223,0.0,0.0,0.0,-0.0,1.6066809764870398,策略1 价格通道突破,建信上海金ETF联接A
2026-06-24,2.1145,0.0,0.0,0.0,-0.0,1.6066809764870398,策略1 价格通道突破,建信上海金ETF联接A
2026-06-25,2.0579,0.0,0.0,0.0,-0.0,1.6066809764870398,策略1 价格通道突破,建信上海金ETF联接A
2026-06-26,2.081,0.0,0.0,0.0,0.0,1.6066809764870398,策略1 价格通道突破,建信上海金ETF联接A
2026-06-29,2.0964,0.0,0.0,0.0,0.0,1.6066809764870398,策略1 价格通道突破,建信上海金ETF联接A
2026-06-30,2.0759,0.0,0.0,0.0,-0.0,1.6066809764870398,策略1 价格通道突破,建信上海金ETF联接A
2026-07-01,2.0506,0.0,0.0,0.0,-0.0,1.6066809764870398,策略1 价格通道突破,建信上海金ETF联接A
2026-07-02,2.0998,0.0,0.0,0.0,0.0,1.6066809764870398,策略1 价格通道突破,建信上海金ETF联接A
2026-07-03,2.1497,0.0,0.0,0.0,0.0,1.6066809764870398,策略1 价格通道突破,建信上海金ETF联接A
2026-07-06,2.1432,0.0,0.0,0.0,-0.0,1.6066809764870398,策略1 价格通道突破,建信上海金ETF联接A
2026-07-07,2.1332,0.0,0.0,0.0,-0.0,1.6066809764870398,策略1 价格通道突破,建信上海金ETF联接A
2026-07-08,2.1297,0.0,0.0,0.0,-0.0,1.6066809764870398,策略1 价格通道突破,建信上海金ETF联接A
2026-07-09,2.1197,0.0,0.0,0.0,-0.0,1.6066809764870398,策略1 价格通道突破,建信上海金ETF联接A
2026-07-10,2.1205,0.0,0.0,0.0,0.0,1.6066809764870398,策略1 价格通道突破,建信上海金ETF联接A
2026-07-13,2.0917,0.0,0.0,0.0,-0.0,1.6066809764870398,策略1 价格通道突破,建信上海金ETF联接A
2026-07-14,2.0767,0.0,0.0,0.0,-0.0,1.6066809764870398,策略1 价格通道突破,建信上海金ETF联接A
2026-07-15,2.0777,0.0,0.0,0.0,0.0,1.6066809764870398,策略1 价格通道突破,建信上海金ETF联接A
2026-07-16,2.0753,0.0,0.0,0.0,-0.0,1.6066809764870398,策略1 价格通道突破,建信上海金ETF联接A
2026-07-17,2.0612,0.0,0.0,0.0,-0.0,1.6066809764870398,策略1 价格通道突破,建信上海金ETF联接A
2026-07-20,2.0637,0.0,0.0,0.0,0.0,1.6066809764870398,策略1 价格通道突破,建信上海金ETF联接A
2026-07-21,2.0989,0.0,0.0,0.0,0.0,1.6066809764870398,策略1 价格通道突破,建信上海金ETF联接A
2026-07-22,2.1209,0.0,0.0,0.0,0.0,1.6066809764870398,策略1 价格通道突破,建信上海金ETF联接A
2026-07-23,2.1192,0.0,0.0,0.0,-0.0,1.6066809764870398,策略1 价格通道突破,建信上海金ETF联接A
2026-07-24,2.0817,0.0,0.0,0.0,-0.0,1.6066809764870398,策略1 价格通道突破,建信上海金ETF联接A
2026-07-27,2.1097,0.0,0.0,0.0,0.0,1.6066809764870398,策略1 价格通道突破,建信上海金ETF联接A
2026-07-28,2.0849,0.0,0.0,0.0,-0.0,1.6066809764870398,策略1 价格通道突破,建信上海金ETF联接A
2026-07-29,2.0816,0.0,0.0,0.0,-0.0,1.6066809764870398,策略1 价格通道突破,建信上海金ETF联接A
2026-07-30,2.0773,0.0,0.0,0.0,-0.0,1.6066809764870398,策略1 价格通道突破,建信上海金ETF联接A
2026-07-31,2.0918,0.0,0.0,0.0,0.0,1.6066809764870398,策略1 价格通道突破,建信上海金ETF联接A
2026-08-03,2.0882,0.0,0.0,0.0,-0.0,1.6066809764870398,策略1 价格通道突破,建信上海金ETF联接A
2026-08-04,2.0875,0.0,0.0,0.0,-0.0,1.6066809764870398,策略1 价格通道突破,建信上海金ETF联接A
2026-08-05,2.1398,0.0,0.0,0.0,0.0,1.6066809764870398,策略1 价格通道突破,建信上海金ETF联接A
2026-08-06,2.1809,0.0,0.0,0.0,0.0,1.6066809764870398,策略1 价格通道突破,建信上海金ETF联接A
2026-08-07,2.2014,0.0,0.0,0.0,0.0,1.6066809764870398,策略1 价格通道突破,建信上海金ETF联接A
2026-08-10,2.2309,0.0,0.0,0.0,0.0,1.6066809764870398,策略1 价格通道突破,建信上海金ETF联接A
2026-08-11,2.237,0.0,0.0,0.0,0.0,1.6066809764870398,策略1 价格通道突破,建信上海金ETF联接A
2026-08-12,2.2563,0.0,0.0,0.0,0.0,1.6066809764870398,策略1 价格通道突破,建信上海金ETF联接A
2026-08-13,2.2442,0.0,0.0,0.0,-0.0,1.6066809764870398,策略1 价格通道突破,建信上海金ETF联接A
2026-08-14,2.2192,0.0,0.0,0.0,-0.0,1.6066809764870398,策略1 价格通道突破,建信上海金ETF联接A
2026-08-17,2.2493,0.0,0.0,0.0,0.0,1.6066809764870398,策略1 价格通道突破,建信上海金ETF联接A
2026-08-18,2.2518,0.0,0.0,0.0,0.0,1.6066809764870398,策略1 价格通道突破,建信上海金ETF联接A
2026-08-19,2.2269,0.0,0.0,0.0,-0.0,1.6066809764870398,策略1 价格通道突破,建信上海金ETF联接A
2026-08-20,2.2885,0.0,0.0,0.0,0.0,1.6066809764870398,策略1 价格通道突破,建信上海金ETF联接A
2026-08-21,2.3227,0.0,0.0,0.0,0.0,1.6066809764870398,策略1 价格通道突破,建信上海金ETF联接A
2026-08-24,2.369,0.0,0.0,0.0,0.0,1.6066809764870398,策略1 价格通道突破,建信上海金ETF联接A
2026-08-25,2.3653,0.0,0.0,0.0,-0.0,1.6066809764870398,策略1 价格通道突破,建信上海金ETF联接A
2026-08-26,2.36,0.0,0.0,0.0,-0.0,1.6066809764870398,策略1 价格通道突破,建信上海金ETF联接A
2026-08-27,2.3445,0.0,0.0,0.0,-0.0,1.6066809764870398,策略1 价格通道突破,建信上海金ETF联接A
2026-08-28,2.3474,0.0,0.0,0.0,0.0,1.6066809764870398,策略1 价格通道突破,建信上海金ETF联接A
2026-08-31,2.267,0.55,0.55,0.00812807881773392,-0.00812807881773392,1.5936217468751994,策略1 价格通道突破,建信上海金ETF联接A
2026-09-01,2.2617,0.55,0.55,0.0,-0.0012858403176003953,1.5915726037820626,策略1 价格通道突破,建信上海金ETF联接A
2026-09-02,2.2075,0.55,0.55,0.0,-0.013180351063359387,1.57059511812139,策略1 价格通道突破,建信上海金ETF联接A
2026-09-03,2.2563,0.55,0.55,0.0,0.012158550396375945,1.5896912780173709,策略1 价格通道突破,建信上海金ETF联接A
2026-09-04,2.2737,0.55,0.55,0.0,0.004241457253024794,1.5964338856185878,策略1 价格通道突破,建信上海金ETF联接A
2021-01-04,405.4847567784479,0.5,0.5,0.0,0.011290621652566335,1.0,策略2 波动率调整动量,招商银行积存金代理
2021-01-05,404.31768755250744,0.5,0.5,0.0,-0.0014391036980190841,0.998560896301981,策略2 波动率调整动量,招商银行积存金代理
2021-01-06,406.19632022184817,0.5,0.5,0.0,0.0023232135609906335,1.0008807665177448,策略2 波动率调整动量,招商银行积存金代理
2021-01-07,396.9562914609183,0.5,0.5,0.0,-0.011373845971676122,0.9894969028433588,策略2 波动率调整动量,招商银行积存金代理
2021-01-08,393.8572043869013,0.5,0.5,0.0,-0.003903562105806946,0.985634340229606,策略2 波动率调整动量,招商银行积存金代理
2021-01-11,384.6261768851223,0.5,0.5,0.0,-0.011718749078296675,0.974083938713503,策略2 波动率调整动量,招商银行积存金代理
2021-01-12,387.8739887296311,0.5,0.5,0.0,0.0042220369279218906,0.9781965570736469,策略2 波动率调整动量,招商银行积存金代理
2021-01-13,384.90475957379266,0.5,0.5,0.0,-0.0038275693164722124,0.9744524419463132,策略2 波动率调整动量,招商银行积存金代理
2021-01-14,382.62271580005466,0.5,0.5,0.0,-0.0029644265457576258,0.9715637492598292,策略2 波动率调整动量,招商银行积存金代理
2021-01-15,385.8139993755682,0.5,0.5,0.0,0.004170274586077105,0.9756154368721215,策略2 波动率调整动量,招商银行积存金代理
2021-01-18,382.06165997835865,0.5,0.5,0.0,-0.004862886524701848,0.970871129710865,策略2 波动率调整动量,招商银行积存金代理
2021-01-19,384.66114202700635,0.5,0.5,0.0,0.0034019142993764184,0.9741739500898802,策略2 波动率调整动量,招商银行积存金代理
2021-01-20,386.2562847749888,0.5,0.5,0.0,0.002073438896864732,0.976193840250309,策略2 波动率调整动量,招商银行积存金代理
2021-01-21,388.22363160852206,0.5,0.5,0.0,0.002546685854806663,0.9786798992948239,策略2 波动率调整动量,招商银行积存金代理
2021-01-22,385.06470438686625,0.5,0.5,0.0,-0.004068437576259132,0.9746982012174034,策略2 波动率调整动量,招商银行积存金代理
2021-01-25,386.6375723541742,0.5,0.5,0.0,0.002042342428933308,0.9766888687091546,策略2 波动率调整动量,招商银行积存金代理
2021-01-26,386.0123810444417,0.5,0.5,0.0,-0.0008084978729896997,0.9758992178362307,策略2 波动率调整动量,招商银行积存金代理
2021-01-27,383.70550726736616,0.5,0.5,0.0,-0.0029880826242332237,0.9729831503404115,策略2 波动率调整动量,招商银行积存金代理
2021-01-28,383.3910710344138,0.5,0.5,0.0,-0.000409736408517658,0.972584483718843,策略2 波动率调整动量,招商银行积存金代理
2021-01-29,384.1033848075931,0.5,0.5,0.0,0.0009289650007463512,0.9734879806644867,策略2 波动率调整动量,招商银行积存金代理
2021-02-01,383.87054595944335,0.45,0.45,0.00032563060989109193,-0.0006287245910420068,0.9728759248319593,策略2 波动率调整动量,招商银行积存金代理
2021-02-02,384.0766649449621,0.45,0.45,0.0,0.00024162714347253367,0.9731109980626297,策略2 波动率调整动量,招商银行积存金代理
2021-02-03,380.84349878292,0.45,0.45,0.0,-0.003788110306382264,0.9694247462616146,策略2 波动率调整动量,招商银行积存金代理
2021-02-04,376.20114509575444,0.45,0.45,0.0,-0.0054853480915405045,0.9641071140798163,策略2 波动率调整动量,招商银行积存金代理
2021-02-05,376.24681559817947,0.45,0.45,0.0,5.4629621305446464e-05,0.9641597828863565,策略2 波动率调整动量,招商银行积存金代理
2021-02-08,376.6005244760012,0.45,0.45,0.0,0.0004230440987699091,0.9645676649927777,策略2 波动率调整动量,招商银行积存金代理
2021-02-09,382.8046103023328,0.45,0.45,0.0,0.007413262702524737,0.9717182584877302,策略2 波动率调整动量,招商银行积存金代理
2021-02-10,381.34404446374486,0.45,0.45,0.0,-0.001716945432933692,0.9700498712617214,策略2 波动率调整动量,招商银行积存金代理
2021-02-11,382.34392280984383,0.45,0.45,0.0,0.0011798932283766939,0.9711944265360107,策略2 波动率调整动量,招商银行积存金代理
2021-02-12,377.40618173472996,0.45,0.45,0.0,-0.005811478491594396,0.9655503510150404,策略2 波动率调整动量,招商银行积存金代理
2021-02-15,377.30953060256866,0.45,0.45,0.0,-0.00011524191064561929,0.9654390791477648,策略2 波动率调整动量,招商银行积存金代理
2021-02-16,378.55515341673987,0.45,0.45,0.0,0.0014855979531762098,0.9668733334676632,策略2 波动率调整动量,招商银行积存金代理
2021-02-17,371.3663027582873,0.45,0.45,0.0,-0.008545604959027897,0.95861081591443,策略2 波动率调整动量,招商银行积存金代理
2021-02-18,370.13898999567067,0.45,0.45,0.0,-0.00148718593764538,0.9571851833893273,策略2 波动率调整动量,招商银行积存金代理
2021-02-19,369.9480508131832,0.45,0.45,0.0,-0.00023213612843209775,0.9569629861266626,策略2 波动率调整动量,招商银行积存金代理
2021-02-22,375.09172161822,0.45,0.45,0.0,0.00625669430391298,0.9629504109910171,策略2 波动率调整动量,招商银行积存金代理
2021-02-23,376.0023178922969,0.45,0.45,0.0,0.001092448325883577,0.9640023845554131,策略2 波动率调整动量,招商银行积存金代理
2021-02-24,375.52896420816705,0.45,0.45,0.0,-0.0005665102253955945,0.9634562673472568,策略2 波动率调整动量,招商银行积存金代理
2021-02-25,371.97762191600265,0.45,0.45,0.0,-0.004255607912544701,0.9593561752325429,策略2 波动率调整动量,招商银行积存金代理
2021-02-26,366.24853256017377,0.45,0.45,0.0,-0.006930766955398077,0.9527071011547841,策略2 波动率调整动量,招商银行积存金代理
2021-03-01,363.8360922504404,0.55,0.55,0.0006871225953798912,-0.0036512249544839673,0.9492285532127336,策略2 波动率调整动量,招商银行积存金代理
2021-03-02,359.17661010706183,0.55,0.55,0.0,-0.007043598019665981,0.9425425688551139,策略2 波动率调整动量,招商银行积存金代理
2021-03-03,359.22511682034656,0.55,0.55,0.0,7.427736538476726e-05,0.9426125784338913,策略2 波动率调整动量,招商银行积存金代理
2021-03-04,355.54069325141893,0.55,0.55,0.0,-0.0056411227055808925,0.9372951852151217,策略2 波动率调整动量,招商银行积存金代理
2021-03-05,352.7498641914841,0.55,0.55,0.0,-0.004317244163887346,0.9332486530469121,策略2 波动率调整动量,招商银行积存金代理
2021-03-08,353.8716503202798,0.55,0.55,0.0,0.0017490648004975463,0.9348809654160681,策略2 波动率调整动量,招商银行积存金代理
2021-03-09,357.2081420610996,0.55,0.55,0.0,0.005185695027533355,0.9397289729897619,策略2 波动率调整动量,招商银行积存金代理
2021-03-10,357.97716216134825,0.55,0.55,0.0,0.0011840745082020933,0.9408416821112979,策略2 波动率调整动量,招商银行积存金代理
2021-03-11,363.1357082854339,0.55,0.55,0.0,0.00792564629295638,0.9482984605013823,策略2 波动率调整动量,招商银行积存金代理
2021-03-12,355.68686334118684,0.55,0.55,0.0,-0.011281910938143397,0.9375998417272273,策略2 波动率调整动量,招商银行积存金代理
2021-03-15,361.0129503558225,0.55,0.55,0.0,0.008235749362606327,0.9453216790261123,策略2 波动率调整动量,招商银行积存金代理
2021-03-16,361.9545310865015,0.55,0.55,0.0,0.0014344898191685498,0.9466777333505146,策略2 波动率调整动量,招商银行积存金代理
2021-03-17,363.2667827275873,0.55,0.55,0.0,0.0019940029495714054,0.9485654115431091,策略2 波动率调整动量,招商银行积存金代理
2021-03-18,362.5369301068736,0.55,0.55,0.0,-0.0011050251784060217,0.947517222879989,策略2 波动率调整动量,招商银行积存金代理
2021-03-19,363.30788225488817,0.55,0.55,0.0,0.00116960134594567,0.9486254402991761,策略2 波动率调整动量,招商银行积存金代理
2021-03-22,362.18995059856235,0.55,0.55,0.0,-0.0016924004157658934,0.9470199862096077,策略2 波动率调整动量,招商银行积存金代理
2021-03-23,363.8204918374293,0.55,0.55,0.0,0.002476042418887592,0.949364847866997,策略2 波动率调整动量,招商银行积存金代理
2021-03-24,363.2122150681638,0.55,0.55,0.0,-0.0009195529955072335,0.9484918565773116,策略2 波动率调整动量,招商银行积存金代理
2021-03-25,362.17963820526893,0.55,0.55,0.0,-0.0015635962972379792,0.9470087982224069,策略2 波动率调整动量,招商银行积存金代理
2021-03-26,363.57454233313547,0.55,0.55,0.0,0.002118278305562249,0.949014826414858,策略2 波动率调整动量,招商银行积存金代理
2021-03-29,364.0785934108927,0.55,0.55,0.0,0.0007625068878240993,0.9497384567566467,策略2 波动率调整动量,招商银行积存金代理
2021-03-30,358.44918367075667,0.55,0.55,0.0,-0.008504140076097634,0.9416617478847312,策略2 波动率调整动量,招商银行积存金代理
2021-03-31,354.9784753779204,0.55,0.55,0.0,-0.005325411935693825,0.9366470111731595,策略2 波动率调整动量,招商银行积存金代理
2021-04-01,361.49762125139074,0.6000000000000001,0.6000000000000001,0.00034578374144562707,0.009754913847588309,0.9457839220727547,策略2 波动率调整动量,招商银行积存金代理
2021-04-06,363.8972648372546,0.6000000000000001,0.6000000000000001,0.0,0.003982837138828899,0.9495508254028932,策略2 波动率调整动量,招商银行积存金代理
2021-04-07,365.0773796437085,0.6000000000000001,0.6000000000000001,0.0,0.0019457933661276797,0.9513984550997633,策略2 波动率调整动量,招商银行积存金代理
2021-04-08,367.20124267857994,0.6000000000000001,0.6000000000000001,0.0,0.0034905417097232942,0.9547193510898552,策略2 波动率调整动量,招商银行积存金代理
2021-04-09,368.0962391122463,0.6000000000000001,0.6000000000000001,0.0,0.0014624075242300808,0.956115539852417,策略2 波动率调整动量,招商银行积存金代理
2021-04-12,366.6308968108243,0.6000000000000001,0.6000000000000001,0.0,-0.0023885204124160847,0.9538318383688513,策略2 波动率调整动量,招商银行积存金代理
2021-04-13,363.5049354881908,0.6000000000000001,0.6000000000000001,0.0,-0.005115708495642291,0.9489523127298938,策略2 波动率调整动量,招商银行积存金代理
2021-04-14,365.8895379162429,0.6000000000000001,0.6000000000000001,0.0,0.003936016590558067,0.952687404776447,策略2 波动率调整动量,招商银行积存金代理
2021-04-15,366.493822922284,0.6000000000000001,0.6000000000000001,0.0,0.0009909302290782576,0.9536314515247022,策略2 波动率调整动量,招商银行积存金代理
2021-04-16,370.36213587017653,0.6000000000000001,0.6000000000000001,0.0,0.006332951945080146,0.959670753680525,策略2 波动率调整动量,招商银行积存金代理
2021-04-19,374.2743169725013,0.6000000000000001,0.6000000000000001,0.0,0.006337874296679403,0.9657530262835516,策略2 波动率调整动量,招商银行积存金代理
2021-04-20,368.86877935829887,0.6000000000000001,0.6000000000000001,0.0,-0.008665629516758335,0.9573841683530903,策略2 波动率调整动量,招商银行积存金代理
2021-04-21,371.63093266634445,0.6000000000000001,0.6000000000000001,0.0,0.004492903920224523,0.9616856034362448,策略2 波动率调整动量,招商银行积存金代理
2021-04-22,372.6080074041184,0.6000000000000001,0.6000000000000001,0.0,0.001577492052284857,0.9632026548324623,策略2 波动率调整动量,招商银行积存金代理
2021-04-23,372.5349736054504,0.6000000000000001,0.6000000000000001,0.0,-0.00011760423375246632,0.9630893781222923,策略2 波动率调整动量,招商银行积存金代理
2021-04-26,371.024126241769,0.6000000000000001,0.6000000000000001,0.0,-0.0024333511815964218,0.9607458434460556,策略2 波动率调整动量,招商银行积存金代理
2021-04-27,371.1473151986452,0.6000000000000001,0.6000000000000001,0.0,0.00019921446854249684,0.9609372379186621,策略2 波动率调整动量,招商银行积存金代理
2021-04-28,367.41832459063767,0.6000000000000001,0.6000000000000001,0.0,-0.006028318872809347,0.9551444018317318,策略2 波动率调整动量,招商银行积存金代理
2021-04-29,369.2228728926116,0.6000000000000001,0.6000000000000001,0.0,0.002946856236391238,0.9579590750689239,策略2 波动率调整动量,招商银行积存金代理
2021-04-30,368.0057575141303,0.6000000000000001,0.6000000000000001,0.0,-0.0019778547882680635,0.9560643711253338,策略2 波动率调整动量,招商银行积存金代理
2021-05-04,371.4576360065845,0.6000000000000001,0.6000000000000001,0.0,0.005627974707414608,0.9614450772246874,策略2 波动率调整动量,招商银行积存金代理
2021-05-05,370.03315777789163,0.6000000000000001,0.6000000000000001,0.0,-0.0023009001683318877,0.9592328880846593,策略2 波动率调整动量,招商银行积存金代理
2021-05-06,372.6106672915695,0.6000000000000001,0.6000000000000001,0.0,0.004179370620443068,0.9632418778352831,策略2 波动率调整动量,招商银行积存金代理
2021-05-07,378.29390726057625,0.6000000000000001,0.6000000000000001,0.0,0.009151493182388528,0.9720569793132839,策略2 波动率调整动量,招商银行积存金代理
2021-05-10,378.2939097058182,0.6000000000000001,0.6000000000000001,0.0,3.878320864458829e-09,0.9720569830832326,策略2 波动率调整动量,招商银行积存金代理
2021-05-11,379.6923168535966,0.6000000000000001,0.6000000000000001,0.0,0.0022179693279216653,0.9742129756567033,策略2 波动率调整动量,招商银行积存金代理
2021-05-12,380.54443733843283,0.6000000000000001,0.6000000000000001,0.0,0.0013465436834184444,0.975524795985378,策略2 波动率调整动量,招商银行积存金代理
2021-05-13,376.28809430039365,0.6000000000000001,0.6000000000000001,0.0,-0.006710926694094122,0.9689781205912491,策略2 波动率调整动量,招商银行积存金代理
2021-05-14,380.270198368391,0.6000000000000001,0.6000000000000001,0.0,0.006349556302706328,0.9751307017240337,策略2 波动率调整动量,招商银行积存金代理
2021-05-17,382.6160933995321,0.6000000000000001,0.6000000000000001,0.0,0.0037014129025201743,0.9787400630850387,策略2 波动率调整动量,招商银行积存金代理
2021-05-18,385.69807695190525,0.6000000000000001,0.6000000000000001,0.0,0.004833017124277018,0.9834703305701445,策略2 波动率调整动量,招商银行积存金代理
2021-05-19,384.75570127842906,0.6000000000000001,0.6000000000000001,0.0,-0.0014659793187307814,0.9820285834049433,策略2 波动率调整动量,招商银行积存金代理
2021-05-20,386.68380441829777,0.6000000000000001,0.6000000000000001,0.0,0.003006743967866621,0.9849812919243688,策略2 波动率调整动量,招商银行积存金代理
2021-05-21,388.4006982994179,0.6000000000000001,0.6000000000000001,0.0,0.0026640276031776105,0.9876053092746686,策略2 波动率调整动量,招商银行积存金代理
2021-05-25,388.01924911196807,0.6000000000000001,0.6000000000000001,0.0,-0.000589261331073776,0.9870233516555499,策略2 波动率调整动量,招商银行积存金代理
2021-05-26,391.2684690586442,0.6000000000000001,0.6000000000000001,0.0,0.0050243176658565595,0.9919824705178859,策略2 波动率调整动量,招商银行积存金代理
2021-05-27,388.8378498627415,0.6000000000000001,0.6000000000000001,0.0,-0.0037272911897304976,0.9882850629951575,策略2 波动率调整动量,招商银行积存金代理
2021-05-28,388.30436609733,0.6000000000000001,0.6000000000000001,0.0,-0.0008231972771167052,0.9874715094222849,策略2 波动率调整动量,招商银行积存金代理
2021-06-01,391.35372809823957,0.6000000000000001,0.6000000000000001,0.0,0.004711812073952172,0.9921242896030648,策略2 波动率调整动量,招商银行积存金代理
2021-06-02,388.8964323243214,0.6000000000000001,0.6000000000000001,0.0,-0.0037673780993873647,0.988386582282544,策略2 波动率调整动量,招商银行积存金代理
2021-06-04,383.49138934117565,0.6000000000000001,0.6000000000000001,0.0,-0.008339047418112845,0.9801443797054634,策略2 波动率调整动量,招商银行积存金代理
2021-06-07,387.0357063113654,0.6000000000000001,0.6000000000000001,0.0,0.005545340107289621,0.9855796136451784,策略2 波动率调整动量,招商银行积存金代理
2021-06-08,389.28682638164935,0.6000000000000001,0.6000000000000001,0.0,0.003489786653130578,0.989019076226475,策略2 波动率调整动量,招商银行积存金代理
2021-06-09,388.16749584225494,0.6000000000000001,0.6000000000000001,0.0,-0.0017252017744320727,0.9873128187612219,策略2 波动率调整动量,招商银行积存金代理
2021-06-10,386.7834107426536,0.6000000000000001,0.6000000000000001,0.0,-0.002139414218490599,0.985200547678666,策略2 波动率调整动量,招商银行积存金代理
2021-06-11,388.8283070959423,0.6000000000000001,0.6000000000000001,0.0,0.0031721572794898294,0.9883257587677424,策略2 波动率调整动量,招商银行积存金代理
2021-06-14,382.5036338079609,0.6000000000000001,0.6000000000000001,0.0,-0.009759587724286957,0.9786801068248762,策略2 波动率调整动量,招商银行积存金代理
2021-06-15,383.8143149659491,0.6000000000000001,0.6000000000000001,0.0,0.0020559509120579027,0.9806922250831157,策略2 波动率调整动量,招商银行积存金代理
2021-06-16,382.13438872580934,0.6000000000000001,0.6000000000000001,0.0,-0.0026261546398374195,0.9781167756459613,策略2 波动率调整动量,招商银行积存金代理
2021-06-17,374.5189064577432,0.6000000000000001,0.6000000000000001,0.0,-0.011957283865698545,0.9664211557057607,策略2 波动率调整动量,招商银行积存金代理
2021-06-18,371.53394879730786,0.6000000000000001,0.6000000000000001,0.0,-0.004782067247820666,0.9617996647494591,策略2 波动率调整动量,招商银行积存金代理
2021-06-21,370.5419631970917,0.6000000000000001,0.6000000000000001,0.0,-0.001601983781176353,0.9602588772857895,策略2 波动率调整动量,招商银行积存金代理
2021-06-22,370.6692250049419,0.6000000000000001,0.6000000000000001,0.0,0.0002060686569782533,0.9604567565429832,策略2 波动率调整动量,招商银行积存金代理
2021-06-23,371.04249993093725,0.6000000000000001,0.6000000000000001,0.0,0.0006042178322039683,0.9610370816423472,策略2 波动率调整动量,招商银行积存金代理
2021-06-24,370.3661368923595,0.6000000000000001,0.6000000000000001,0.0,-0.0010937232883623028,0.9599859730051753,策略2 波动率调整动量,招商银行积存金代理
2021-06-25,371.00068172862603,0.6000000000000001,0.6000000000000001,0.0,0.0010279743849005653,0.9609728139952884,策略2 波动率调整动量,招商银行积存金代理
2021-06-28,368.22125559237594,0.6000000000000001,0.6000000000000001,0.0,-0.004495020531983519,0.9566532214657016,策略2 波动率调整动量,招商银行积存金代理
2021-06-29,367.71135769119013,0.6000000000000001,0.6000000000000001,0.0,-0.00083085573161521,0.9558583806534787,策略2 波动率调整动量,招商银行积存金代理
2021-06-30,364.8694533054996,0.6000000000000001,0.6000000000000001,0.0,-0.0046371769480298315,0.9514258962051314,策略2 波动率调整动量,招商银行积存金代理
2021-07-01,368.8823034473693,0.0,0.0,0.004066337652909431,0.002532488484245715,0.9538353713308839,策略2 波动率调整动量,招商银行积存金代理
2021-07-02,370.85771600810773,0.0,0.0,0.0,0.0,0.9538353713308839,策略2 波动率调整动量,招商银行积存金代理
2021-07-05,372.13047855978397,0.0,0.0,0.0,0.0,0.9538353713308839,策略2 波动率调整动量,招商银行积存金代理
2021-07-06,376.52089299598396,0.0,0.0,0.0,0.0,0.9538353713308839,策略2 波动率调整动量,招商银行积存金代理
2021-07-07,375.3986670218161,0.0,0.0,0.0,-0.0,0.9538353713308839,策略2 波动率调整动量,招商银行积存金代理
2021-07-08,377.67138745434397,0.0,0.0,0.0,0.0,0.9538353713308839,策略2 波动率调整动量,招商银行积存金代理
2021-07-09,376.24227600340504,0.0,0.0,0.0,-0.0,0.9538353713308839,策略2 波动率调整动量,招商银行积存金代理
2021-07-12,375.307874854208,0.0,0.0,0.0,-0.0,0.9538353713308839,策略2 波动率调整动量,招商银行积存金代理
2021-07-13,375.9152177579718,0.0,0.0,0.0,0.0,0.9538353713308839,策略2 波动率调整动量,招商银行积存金代理
2021-07-14,377.04309222268233,0.0,0.0,0.0,0.0,0.9538353713308839,策略2 波动率调整动量,招商银行积存金代理
2021-07-15,380.50098369314,0.0,0.0,0.0,0.0,0.9538353713308839,策略2 波动率调整动量,招商银行积存金代理
2021-07-16,378.42401325813375,0.0,0.0,0.0,-0.0,0.9538353713308839,策略2 波动率调整动量,招商银行积存金代理
2021-07-19,376.22837031707894,0.0,0.0,0.0,-0.0,0.9538353713308839,策略2 波动率调整动量,招商银行积存金代理
2021-07-20,378.421482366778,0.0,0.0,0.0,0.0,0.9538353713308839,策略2 波动率调整动量,招商银行积存金代理
2021-07-21,375.4807023302914,0.0,0.0,0.0,-0.0,0.9538353713308839,策略2 波动率调整动量,招商银行积存金代理
2021-07-22,373.86941024160507,0.0,0.0,0.0,-0.0,0.9538353713308839,策略2 波动率调整动量,招商银行积存金代理
2021-07-23,375.0446423367786,0.0,0.0,0.0,0.0,0.9538353713308839,策略2 波动率调整动量,招商银行积存金代理
2021-07-26,376.8030766552869,0.0,0.0,0.0,0.0,0.9538353713308839,策略2 波动率调整动量,招商银行积存金代理
2021-07-27,376.1285951851758,0.0,0.0,0.0,-0.0,0.9538353713308839,策略2 波动率调整动量,招商银行积存金代理
2021-07-28,375.4042460621212,0.0,0.0,0.0,-0.0,0.9538353713308839,策略2 波动率调整动量,招商银行积存金代理
2021-07-29,377.61358305342685,0.0,0.0,0.0,0.0,0.9538353713308839,策略2 波动率调整动量,招商银行积存金代理
2021-07-30,379.4399588982536,0.0,0.0,0.0,0.0,0.9538353713308839,策略2 波动率调整动量,招商银行积存金代理
2021-08-02,375.4750815491693,0.0,0.0,0.0,-0.0,0.9538353713308839,策略2 波动率调整动量,招商银行积存金代理
2021-08-03,376.39880448997616,0.0,0.0,0.0,0.0,0.9538353713308839,策略2 波动率调整动量,招商银行积存金代理
2021-08-04,376.7376785539139,0.0,0.0,0.0,0.0,0.9538353713308839,策略2 波动率调整动量,招商银行积存金代理
2021-08-05,376.1925195238857,0.0,0.0,0.0,-0.0,0.9538353713308839,策略2 波动率调整动量,招商银行积存金代理
2021-08-06,373.75200378602926,0.0,0.0,0.0,-0.0,0.9538353713308839,策略2 波动率调整动量,招商银行积存金代理
2021-08-09,363.1097496825837,0.0,0.0,0.0,-0.0,0.9538353713308839,策略2 波动率调整动量,招商银行积存金代理
2021-08-10,360.60144861494626,0.0,0.0,0.0,-0.0,0.9538353713308839,策略2 波动率调整动量,招商银行积存金代理
2021-08-11,361.16613942526646,0.0,0.0,0.0,0.0,0.9538353713308839,策略2 波动率调整动量,招商银行积存金代理
2021-08-12,365.6393749549628,0.0,0.0,0.0,0.0,0.9538353713308839,策略2 波动率调整动量,招商银行积存金代理
2021-08-13,366.0871816517177,0.0,0.0,0.0,0.0,0.9538353713308839,策略2 波动率调整动量,招商银行积存金代理
2021-08-16,369.58874775985174,0.0,0.0,0.0,0.0,0.9538353713308839,策略2 波动率调整动量,招商银行积存金代理
2021-08-17,374.0608600611358,0.0,0.0,0.0,0.0,0.9538353713308839,策略2 波动率调整动量,招商银行积存金代理
2021-08-18,372.71106781748455,0.0,0.0,0.0,-0.0,0.9538353713308839,策略2 波动率调整动量,招商银行积存金代理
2021-08-19,373.33557479060926,0.0,0.0,0.0,0.0,0.9538353713308839,策略2 波动率调整动量,招商银行积存金代理
2021-08-20,372.2394939452616,0.0,0.0,0.0,-0.0,0.9538353713308839,策略2 波动率调整动量,招商银行积存金代理
2021-08-23,372.2770964975341,0.0,0.0,0.0,0.0,0.9538353713308839,策略2 波动率调整动量,招商银行积存金代理
2021-08-24,375.035450750418,0.0,0.0,0.0,0.0,0.9538353713308839,策略2 波动率调整动量,招商银行积存金代理
2021-08-25,373.6078345787384,0.0,0.0,0.0,-0.0,0.9538353713308839,策略2 波动率调整动量,招商银行积存金代理
2021-08-26,371.6599391444916,0.0,0.0,0.0,-0.0,0.9538353713308839,策略2 波动率调整动量,招商银行积存金代理
2021-08-27,374.0976683114332,0.0,0.0,0.0,0.0,0.9538353713308839,策略2 波动率调整动量,招商银行积存金代理
2021-08-30,373.83222736950705,0.0,0.0,0.0,-0.0,0.9538353713308839,策略2 波动率调整动量,招商银行积存金代理
2021-08-31,376.7955686801085,0.0,0.0,0.0,0.0,0.9538353713308839,策略2 波动率调整动量,招商银行积存金代理
2021-09-01,376.2414239308638,0.0,0.0,0.0,-0.0,0.9538353713308839,策略2 波动率调整动量,招商银行积存金代理
2021-09-02,376.7269931700033,0.0,0.0,0.0,0.0,0.9538353713308839,策略2 波动率调整动量,招商银行积存金代理
2021-09-03,376.08360078985453,0.0,0.0,0.0,-0.0,0.9538353713308839,策略2 波动率调整动量,招商银行积存金代理
2021-09-06,378.6088640127223,0.0,0.0,0.0,0.0,0.9538353713308839,策略2 波动率调整动量,招商银行积存金代理
2021-09-07,376.40177589282183,0.0,0.0,0.0,-0.0,0.9538353713308839,策略2 波动率调整动量,招商银行积存金代理
2021-09-08,373.4635745962471,0.0,0.0,0.0,-0.0,0.9538353713308839,策略2 波动率调整动量,招商银行积存金代理
2021-09-09,372.5540860919008,0.0,0.0,0.0,-0.0,0.9538353713308839,策略2 波动率调整动量,招商银行积存金代理
2021-09-10,373.4982591454659,0.0,0.0,0.0,0.0,0.9538353713308839,策略2 波动率调整动量,招商银行积存金代理
2021-09-13,370.79657526692904,0.0,0.0,0.0,-0.0,0.9538353713308839,策略2 波动率调整动量,招商银行积存金代理
2021-09-14,370.2436742520665,0.0,0.0,0.0,-0.0,0.9538353713308839,策略2 波动率调整动量,招商银行积存金代理
2021-09-15,372.48323440723266,0.0,0.0,0.0,0.0,0.9538353713308839,策略2 波动率调整动量,招商银行积存金代理
2021-09-16,369.8014367019685,0.0,0.0,0.0,-0.0,0.9538353713308839,策略2 波动率调整动量,招商银行积存金代理
2021-09-17,366.61501437556285,0.0,0.0,0.0,-0.0,0.9538353713308839,策略2 波动率调整动量,招商银行积存金代理
2021-09-20,365.23167783351516,0.0,0.0,0.0,-0.0,0.9538353713308839,策略2 波动率调整动量,招商银行积存金代理
2021-09-21,367.22151401118964,0.0,0.0,0.0,0.0,0.9538353713308839,策略2 波动率调整动量,招商银行积存金代理
2021-09-22,368.7749011841834,0.0,0.0,0.0,0.0,0.9538353713308839,策略2 波动率调整动量,招商银行积存金代理
2021-09-23,367.71657240500656,0.0,0.0,0.0,-0.0,0.9538353713308839,策略2 波动率调整动量,招商银行积存金代理
2021-09-24,364.4153141112037,0.0,0.0,0.0,-0.0,0.9538353713308839,策略2 波动率调整动量,招商银行积存金代理
2021-09-27,363.0626959290085,0.0,0.0,0.0,-0.0,0.9538353713308839,策略2 波动率调整动量,招商银行积存金代理
2021-09-28,361.25863403318647,0.0,0.0,0.0,-0.0,0.9538353713308839,策略2 波动率调整动量,招商银行积存金代理
2021-09-29,362.2675131118278,0.0,0.0,0.0,0.0,0.9538353713308839,策略2 波动率调整动量,招商银行积存金代理
2021-09-30,358.7006725472454,0.0,0.0,0.0,-0.0,0.9538353713308839,策略2 波动率调整动量,招商银行积存金代理
2021-10-01,363.8088337178682,0.0,0.0,0.0,0.0,0.9538353713308839,策略2 波动率调整动量,招商银行积存金代理
2021-10-04,363.01483701627717,0.0,0.0,0.0,-0.0,0.9538353713308839,策略2 波动率调整动量,招商银行积存金代理
2021-10-05,364.289227659112,0.0,0.0,0.0,0.0,0.9538353713308839,策略2 波动率调整动量,招商银行积存金代理
2021-10-06,362.2688522497398,0.0,0.0,0.0,-0.0,0.9538353713308839,策略2 波动率调整动量,招商银行积存金代理
2021-10-07,364.40319755399963,0.0,0.0,0.0,0.0,0.9538353713308839,策略2 波动率调整动量,招商银行积存金代理
2021-10-08,364.18561866375956,0.0,0.0,0.0,-0.0,0.9538353713308839,策略2 波动率调整动量,招商银行积存金代理
2021-10-11,363.4078253618832,0.0,0.0,0.0,-0.0,0.9538353713308839,策略2 波动率调整动量,招商银行积存金代理
2021-10-12,364.67552461771066,0.0,0.0,0.0,0.0,0.9538353713308839,策略2 波动率调整动量,招商银行积存金代理
2021-10-13,365.1904964396666,0.0,0.0,0.0,0.0,0.9538353713308839,策略2 波动率调整动量,招商银行积存金代理
2021-10-14,372.0435872008312,0.0,0.0,0.0,0.0,0.9538353713308839,策略2 波动率调整动量,招商银行积存金代理
2021-10-15,368.79339421802337,0.0,0.0,0.0,-0.0,0.9538353713308839,策略2 波动率调整动量,招商银行积存金代理
2021-10-18,364.28771174706964,0.0,0.0,0.0,-0.0,0.9538353713308839,策略2 波动率调整动量,招商银行积存金代理
2021-10-19,365.09665153847214,0.0,0.0,0.0,0.0,0.9538353713308839,策略2 波动率调整动量,招商银行积存金代理
2021-10-20,365.47474066834644,0.0,0.0,0.0,0.0,0.9538353713308839,策略2 波动率调整动量,招商银行积存金代理
2021-10-21,366.88118446104784,0.0,0.0,0.0,0.0,0.9538353713308839,策略2 波动率调整动量,招商银行积存金代理
2021-10-22,368.3196924379858,0.0,0.0,0.0,0.0,0.9538353713308839,策略2 波动率调整动量,招商银行积存金代理
2021-10-25,369.32694028574724,0.0,0.0,0.0,0.0,0.9538353713308839,策略2 波动率调整动量,招商银行积存金代理
2021-10-26,369.695790108716,0.0,0.0,0.0,0.0,0.9538353713308839,策略2 波动率调整动量,招商银行积存金代理
2021-10-27,366.57174915724306,0.0,0.0,0.0,-0.0,0.9538353713308839,策略2 波动率调整动量,招商银行积存金代理
2021-10-28,369.4512106527988,0.0,0.0,0.0,0.0,0.9538353713308839,策略2 波动率调整动量,招商银行积存金代理
2021-10-29,369.06084400824295,0.0,0.0,0.0,-0.0,0.9538353713308839,策略2 波动率调整动量,招商银行积存金代理
2021-11-02,368.40873759059065,0.0,0.0,0.0,-0.0,0.9538353713308839,策略2 波动率调整动量,招商银行积存金代理
2021-11-03,366.5789549963313,0.0,0.0,0.0,-0.0,0.9538353713308839,策略2 波动率调整动量,招商银行积存金代理
2021-11-04,366.2247848531244,0.0,0.0,0.0,-0.0,0.9538353713308839,策略2 波动率调整动量,招商银行积存金代理
2021-11-05,368.76984874091636,0.0,0.0,0.0,0.0,0.9538353713308839,策略2 波动率调整动量,招商银行积存金代理
2021-11-08,373.9576274644087,0.0,0.0,0.0,0.0,0.9538353713308839,策略2 波动率调整动量,招商银行积存金代理
2021-11-09,374.9045598915124,0.0,0.0,0.0,0.0,0.9538353713308839,策略2 波动率调整动量,招商银行积存金代理
2021-11-10,375.0234293261575,0.0,0.0,0.0,0.0,0.9538353713308839,策略2 波动率调整动量,招商银行积存金代理
2021-11-11,381.85683469217724,0.0,0.0,0.0,0.0,0.9538353713308839,策略2 波动率调整动量,招商银行积存金代理
2021-11-12,380.0403195155349,0.0,0.0,0.0,-0.0,0.9538353713308839,策略2 波动率调整动量,招商银行积存金代理
2021-11-15,382.22205771769916,0.0,0.0,0.0,0.0,0.9538353713308839,策略2 波动率调整动量,招商银行积存金代理
2021-11-16,384.165635210307,0.0,0.0,0.0,0.0,0.9538353713308839,策略2 波动率调整动量,招商银行积存金代理
2021-11-17,381.87176761392146,0.0,0.0,0.0,-0.0,0.9538353713308839,策略2 波动率调整动量,招商银行积存金代理
2021-11-18,381.4436209523161,0.0,0.0,0.0,-0.0,0.9538353713308839,策略2 波动率调整动量,招商银行积存金代理
2021-11-19,382.1128905447847,0.0,0.0,0.0,0.0,0.9538353713308839,策略2 波动率调整动量,招商银行积存金代理
2021-11-22,378.0166701525322,0.0,0.0,0.0,-0.0,0.9538353713308839,策略2 波动率调整动量,招商银行积存金代理
2021-11-23,368.9138317441813,0.0,0.0,0.0,-0.0,0.9538353713308839,策略2 波动率调整动量,招商银行积存金代理
2021-11-24,367.95386934472,0.0,0.0,0.0,-0.0,0.9538353713308839,策略2 波动率调整动量,招商银行积存金代理
2021-11-25,367.9806155577076,0.0,0.0,0.0,0.0,0.9538353713308839,策略2 波动率调整动量,招商银行积存金代理
2021-11-26,371.5784944999269,0.0,0.0,0.0,0.0,0.9538353713308839,策略2 波动率调整动量,招商银行积存金代理
2021-11-29,368.8861033073911,0.0,0.0,0.0,-0.0,0.9538353713308839,策略2 波动率调整动量,招商银行积存金代理
2021-11-30,369.13144548716804,0.0,0.0,0.0,0.0,0.9538353713308839,策略2 波动率调整动量,招商银行积存金代理
2021-12-01,365.54646827624657,0.0,0.0,0.0,-0.0,0.9538353713308839,策略2 波动率调整动量,招商银行积存金代理
2021-12-02,363.5096726424189,0.0,0.0,0.0,-0.0,0.9538353713308839,策略2 波动率调整动量,招商银行积存金代理
2021-12-03,363.5325538185716,0.0,0.0,0.0,0.0,0.9538353713308839,策略2 波动率调整动量,招商银行积存金代理
2021-12-06,365.10397452841295,0.0,0.0,0.0,0.0,0.9538353713308839,策略2 波动率调整动量,招商银行积存金代理
2021-12-07,364.7474286616999,0.0,0.0,0.0,-0.0,0.9538353713308839,策略2 波动率调整动量,招商银行积存金代理
2021-12-08,366.3385930477636,0.0,0.0,0.0,0.0,0.9538353713308839,策略2 波动率调整动量,招商银行积存金代理
2021-12-09,363.73279204928843,0.0,0.0,0.0,-0.0,0.9538353713308839,策略2 波动率调整动量,招商银行积存金代理
2021-12-10,363.25587176205687,0.0,0.0,0.0,-0.0,0.9538353713308839,策略2 波动率调整动量,招商银行积存金代理
2021-12-13,364.88210984341725,0.0,0.0,0.0,0.0,0.9538353713308839,策略2 波动率调整动量,招商银行积存金代理
2021-12-14,364.76786663946586,0.0,0.0,0.0,-0.0,0.9538353713308839,策略2 波动率调整动量,招商银行积存金代理
2021-12-15,362.17446033258705,0.0,0.0,0.0,-0.0,0.9538353713308839,策略2 波动率调整动量,招商银行积存金代理
2021-12-16,365.3982919988232,0.0,0.0,0.0,0.0,0.9538353713308839,策略2 波动率调整动量,招商银行积存金代理
2021-12-17,370.0137412037567,0.0,0.0,0.0,0.0,0.9538353713308839,策略2 波动率调整动量,招商银行积存金代理
2021-12-20,368.33913468716145,0.0,0.0,0.0,-0.0,0.9538353713308839,策略2 波动率调整动量,招商银行积存金代理
2021-12-21,368.0561296864131,0.0,0.0,0.0,-0.0,0.9538353713308839,策略2 波动率调整动量,招商银行积存金代理
2021-12-22,366.6065184107168,0.0,0.0,0.0,-0.0,0.9538353713308839,策略2 波动率调整动量,招商银行积存金代理
2021-12-23,369.7248622197637,0.0,0.0,0.0,0.0,0.9538353713308839,策略2 波动率调整动量,招商银行积存金代理
2021-12-24,365.71459855596186,0.0,0.0,0.0,-0.0,0.9538353713308839,策略2 波动率调整动量,招商银行积存金代理
2021-12-29,367.73122213630336,0.0,0.0,0.0,0.0,0.9538353713308839,策略2 波动率调整动量,招商银行积存金代理
2021-12-30,368.3306743829882,0.0,0.0,0.0,0.0,0.9538353713308839,策略2 波动率调整动量,招商银行积存金代理
2021-12-31,372.87982496678865,0.0,0.0,0.0,0.0,0.9538353713308839,策略2 波动率调整动量,招商银行积存金代理
2022-01-04,369.6272930870452,0.0,0.0,0.0,-0.0,0.9538353713308839,策略2 波动率调整动量,招商银行积存金代理
2022-01-05,371.51134789647557,0.0,0.0,0.0,0.0,0.9538353713308839,策略2 波动率调整动量,招商银行积存金代理
2022-01-06,368.72573889386246,0.0,0.0,0.0,-0.0,0.9538353713308839,策略2 波动率调整动量,招商银行积存金代理
2022-01-07,367.72869333758405,0.0,0.0,0.0,-0.0,0.9538353713308839,策略2 波动率调整动量,招商银行积存金代理
2022-01-10,369.11202378952294,0.0,0.0,0.0,0.0,0.9538353713308839,策略2 波动率调整动量,招商银行积存金代理
2022-01-11,369.9317680680496,0.0,0.0,0.0,0.0,0.9538353713308839,策略2 波动率调整动量,招商银行积存金代理
2022-01-12,372.1685408696702,0.0,0.0,0.0,0.0,0.9538353713308839,策略2 波动率调整动量,招商银行积存金代理
2022-01-13,372.5014634545898,0.0,0.0,0.0,0.0,0.9538353713308839,策略2 波动率调整动量,招商银行积存金代理
2022-01-14,372.5000804732593,0.0,0.0,0.0,-0.0,0.9538353713308839,策略2 波动率调整动量,招商银行积存金代理
2022-01-17,371.6641619140937,0.0,0.0,0.0,-0.0,0.9538353713308839,策略2 波动率调整动量,招商银行积存金代理
2022-01-18,369.49582134059756,0.0,0.0,0.0,-0.0,0.9538353713308839,策略2 波动率调整动量,招商银行积存金代理
2022-01-19,371.1843415798565,0.0,0.0,0.0,0.0,0.9538353713308839,策略2 波动率调整动量,招商银行积存金代理
2022-01-20,374.59177882751555,0.0,0.0,0.0,0.0,0.9538353713308839,策略2 波动率调整动量,招商银行积存金代理
2022-01-21,373.8562045268712,0.0,0.0,0.0,-0.0,0.9538353713308839,策略2 波动率调整动量,招商银行积存金代理
2022-01-24,374.5650975920423,0.0,0.0,0.0,0.0,0.9538353713308839,策略2 波动率调整动量,招商银行积存金代理
2022-01-25,373.56909265792365,0.0,0.0,0.0,-0.0,0.9538353713308839,策略2 波动率调整动量,招商银行积存金代理
2022-01-26,375.31680983580367,0.0,0.0,0.0,0.0,0.9538353713308839,策略2 波动率调整动量,招商银行积存金代理
2022-01-27,368.873038371906,0.0,0.0,0.0,-0.0,0.9538353713308839,策略2 波动率调整动量,招商银行积存金代理
2022-01-28,366.45499133620945,0.0,0.0,0.0,-0.0,0.9538353713308839,策略2 波动率调整动量,招商银行积存金代理
2022-01-31,365.62151468075535,0.0,0.0,0.0,-0.0,0.9538353713308839,策略2 波动率调整动量,招商银行积存金代理
2022-02-01,369.36181443090277,0.0,0.0,0.0,0.0,0.9538353713308839,策略2 波动率调整动量,招商银行积存金代理
2022-02-02,368.44173241322267,0.0,0.0,0.0,-0.0,0.9538353713308839,策略2 波动率调整动量,招商银行积存金代理
2022-02-03,368.7995420867649,0.0,0.0,0.0,0.0,0.9538353713308839,策略2 波动率调整动量,招商银行积存金代理
2022-02-04,371.0077389291971,0.0,0.0,0.0,0.0,0.9538353713308839,策略2 波动率调整动量,招商银行积存金代理
2022-02-07,370.3125658491722,0.0,0.0,0.0,-0.0,0.9538353713308839,策略2 波动率调整动量,招商银行积存金代理
2022-02-08,371.90500208836755,0.0,0.0,0.0,0.0,0.9538353713308839,策略2 波动率调整动量,招商银行积存金代理
2022-02-09,374.1426021544382,0.0,0.0,0.0,0.0,0.9538353713308839,策略2 波动率调整动量,招商银行积存金代理
2022-02-10,374.7488915276176,0.0,0.0,0.0,0.0,0.9538353713308839,策略2 波动率调整动量,招商银行积存金代理
2022-02-11,372.9948263643866,0.0,0.0,0.0,-0.0,0.9538353713308839,策略2 波动率调整动量,招商银行积存金代理
2022-02-14,379.0599593521897,0.0,0.0,0.0,0.0,0.9538353713308839,策略2 波动率调整动量,招商银行积存金代理
2022-02-15,379.08397877237996,0.0,0.0,0.0,0.0,0.9538353713308839,策略2 波动率调整动量,招商银行积存金代理
2022-02-16,377.8737323514648,0.0,0.0,0.0,-0.0,0.9538353713308839,策略2 波动率调整动量,招商银行积存金代理
2022-02-17,384.27941888507166,0.0,0.0,0.0,0.0,0.9538353713308839,策略2 波动率调整动量,招商银行积存金代理
2022-02-18,384.373046439516,0.0,0.0,0.0,0.0,0.9538353713308839,策略2 波动率调整动量,招商银行积存金代理
2022-02-21,385.39759582982794,0.0,0.0,0.0,0.0,0.9538353713308839,策略2 波动率调整动量,招商银行积存金代理
2022-02-22,385.9153398800898,0.0,0.0,0.0,0.0,0.9538353713308839,策略2 波动率调整动量,招商银行积存金代理
2022-02-23,385.51547461570044,0.0,0.0,0.0,-0.0,0.9538353713308839,策略2 波动率调整动量,招商银行积存金代理
2022-02-24,399.46711388116825,0.0,0.0,0.0,0.0,0.9538353713308839,策略2 波动率调整动量,招商银行积存金代理
2022-02-25,388.95299224348616,0.0,0.0,0.0,-0.0,0.9538353713308839,策略2 波动率调整动量,招商银行积存金代理
2022-02-28,386.4919297690201,0.0,0.0,0.0,-0.0,0.9538353713308839,策略2 波动率调整动量,招商银行积存金代理
2022-03-01,389.5052361467123,0.6000000000000001,0.6000000000000001,0.0038510393719970565,-0.0038510393719970565,0.9501621137614852,策略2 波动率调整动量,招商银行积存金代理
2022-03-02,390.8228400882512,0.6000000000000001,0.6000000000000001,0.0,0.0020296578622258647,0.9520906177660704,策略2 波动率调整动量,招商银行积存金代理
2022-03-03,393.23430375377967,0.6000000000000001,0.6000000000000001,0.0,0.003702133168548594,0.9556153840215661,策略2 波动率调整动量,招商银行积存金代理
2022-03-04,394.91601259294225,0.6000000000000001,0.6000000000000001,0.0,0.0025659646014232875,0.958067459269541,策略2 波动率调整动量,招商银行积存金代理
2022-03-07,406.02092555751324,0.6000000000000001,0.6000000000000001,0.0,0.016871809615910397,0.9742317910415356,策略2 波动率调整动量,招商银行积存金代理
2022-03-08,407.7626283454351,0.6000000000000001,0.6000000000000001,0.0,0.002573812350479621,0.9767392808575482,策略2 波动率调整动量,招商银行积存金代理
2022-03-09,409.7145301430706,0.6000000000000001,0.6000000000000001,0.0,0.002872114797114645,0.9795445881990223,策略2 波动率调整动量,招商银行积存金代理
2022-03-10,405.6895556491173,0.6000000000000001,0.6000000000000001,0.0,-0.005894310596035402,0.9737708481535117,策略2 波动率调整动量,招商银行积存金代理
2022-03-11,404.69934912953516,0.6000000000000001,0.6000000000000001,0.0,-0.0014644791897555412,0.9723447810108002,策略2 波动率调整动量,招商银行积存金代理
2022-03-14,399.76217585800225,0.6000000000000001,0.6000000000000001,0.0,-0.0073197645839839795,0.9652274461193358,策略2 波动率调整动量,招商银行积存金代理
2022-03-15,394.6674367700002,0.6000000000000001,0.6000000000000001,0.0,-0.0076466550299321605,0.9578466848134389,策略2 波动率调整动量,招商银行积存金代理
2022-03-16,392.90497598192877,0.6000000000000001,0.6000000000000001,0.0,-0.002679411510352559,0.9552802193809967,策略2 波动率调整动量,招商银行积存金代理
2022-03-17,396.4257745436102,0.6000000000000001,0.6000000000000001,0.0,0.0053765649868125825,0.9604163455611152,策略2 波动率调整动量,招商银行积存金代理
2022-03-18,394.3358812945678,0.6000000000000001,0.6000000000000001,0.0,-0.0031631039905744233,0.9573784487858579,策略2 波动率调整动量,招商银行积存金代理
2022-03-21,393.6441880974065,0.6000000000000001,0.6000000000000001,0.0,-0.0010524426966531666,0.9563708628295001,策略2 波动率调整动量,招商银行积存金代理
2022-03-22,394.1698962003329,0.6000000000000001,0.6000000000000001,0.0,0.0008012943447237131,0.9571371973933439,策略2 波动率调整动量,招商银行积存金代理
2022-03-23,395.41286072374237,0.6000000000000001,0.6000000000000001,0.0,0.0018920235188804482,0.9589481234816074,策略2 波动率调整动量,招商银行积存金代理
2022-03-24,398.60216202744647,0.6000000000000001,0.6000000000000001,0.0,0.00483945003387083,0.963588905010271,策略2 波动率调整动量,招商银行积存金代理
2022-03-25,400.4896681678996,0.6000000000000001,0.6000000000000001,0.0,0.0028411880119052053,0.9663266422555911,策略2 波动率调整动量,招商银行积存金代理
2022-03-28,394.69345348529055,0.6000000000000001,0.6000000000000001,0.0,-0.008683691705393628,0.9579353596075353,策略2 波动率调整动量,招商银行积存金代理
2022-03-29,390.9595841113508,0.6000000000000001,0.6000000000000001,0.0,-0.0056761053536129825,0.9524980175844519,策略2 波动率调整动量,招商银行积存金代理
2022-03-30,391.2984525098392,0.6000000000000001,0.6000000000000001,0.0,0.0005200564133891029,0.9529933702872372,策略2 波动率调整动量,招商银行积存金代理
2022-03-31,392.1322924822571,0.6000000000000001,0.6000000000000001,0.0,0.0012785738871231357,0.9542118427250879,策略2 波动率调整动量,招商银行积存金代理
2022-04-01,394.0174459074746,0.55,0.55,0.0003172448359795554,0.0025672206283934656,0.9566615150515891,策略2 波动率调整动量,招商银行积存金代理
2022-04-04,394.19969750323105,0.55,0.55,0.0,0.00025440086145218644,0.9569048905651364,策略2 波动率调整动量,招商银行积存金代理
2022-04-05,394.7238269870731,0.55,0.55,0.0,0.0007312821849914665,0.9576046580643378,策略2 波动率调整动量,招商银行积存金代理
2022-04-06,394.34647728380486,0.55,0.55,0.0,-0.0005257912560832911,0.9571011579083429,策略2 波动率调整动量,招商银行积存金代理
2022-04-07,393.88929249694905,0.55,0.55,0.0,-0.0006376413820218364,0.9564908706032795,策略2 波动率调整动量,招商银行积存金代理
2022-04-08,394.8707442224398,0.55,0.55,0.0,0.0013704318936876405,0.9578016761983753,策略2 波动率调整动量,招商银行积存金代理
2022-04-11,400.68159353640135,0.55,0.55,0.0,0.008093704508223788,0.9655538399430064,策略2 波动率调整动量,招商银行积存金代理
2022-04-12,399.33350966603155,0.55,0.55,0.0,-0.0018504621641324327,0.9637671190947591,策略2 波动率调整动量,招商银行积存金代理
2022-04-13,404.35388233068903,0.55,0.55,0.0,0.006914533588405447,0.9704311192111407,策略2 波动率调整动量,招商银行积存金代理
2022-04-14,404.04821512252306,0.55,0.55,0.0,-0.00041576691071262275,0.9700276460626469,策略2 波动率调整动量,招商银行积存金代理
2022-04-19,406.09808485804393,0.55,0.55,0.0,0.0027903312335994302,0.9727343445009105,策略2 波动率调整动量,招商银行积存金代理
2022-04-20,401.8454706147029,0.55,0.55,0.0,-0.0057595391878175976,0.9671318429244214,策略2 波动率调整动量,招商银行积存金代理
2022-04-21,403.4923507258219,0.55,0.55,0.0,0.002254060646073375,0.9693118167511219,策略2 波动率调整动量,招商银行积存金代理
2022-04-22,402.6733190007688,0.55,0.55,0.0,-0.0011164212852334656,0.9682296564068726,策略2 波动率调整动量,招商银行积存金代理
2022-04-25,404.54135461079164,0.55,0.55,0.0,0.0025514965532410063,0.9707000910379404,策略2 波动率调整动量,招商银行积存金代理
2022-04-26,401.217581269445,0.55,0.55,0.0,-0.004518883710911137,0.9663136102083689,策略2 波动率调整动量,招商银行积存金代理
2022-04-27,399.88443791256736,0.55,0.55,0.0,-0.0018275092630856194,0.9645476631346674,策略2 波动率调整动量,招商银行积存金代理
2022-04-28,402.58576072698224,0.55,0.55,0.0,0.0037153922660352447,0.9681313360625003,策略2 波动率调整动量,招商银行积存金代理
2022-04-29,408.00682295476093,0.55,0.55,0.0,0.007406084656084622,0.9753013986955874,策略2 波动率调整动量,招商银行积存金代理
2022-05-03,394.6789752275448,0.5,0.5,0.00031671309556819863,-0.01828287404572871,0.957470086066613,策略2 波动率调整动量,招商银行积存金代理
2022-05-04,396.97926607904157,0.5,0.5,0.0,0.002914128945138983,0.9602602773585246,策略2 波动率调整动量,招商银行积存金代理
2022-05-05,405.4787274403194,0.5,0.5,0.0,0.010705170379837314,0.9705400272366373,策略2 波动率调整动量,招商银行积存金代理
2022-05-06,403.14666848659436,0.5,0.5,0.0,-0.0028756859434361792,0.9677490589227707,策略2 波动率调整动量,招商银行积存金代理
2022-05-09,403.61305648045925,0.5,0.5,0.0,0.000578434637219849,0.9683088384985888,策略2 波动率调整动量,招商银行积存金代理
2022-05-10,403.15900825606326,0.5,0.5,0.0,-0.000562479604048649,0.9677641845265134,策略2 波动率调整动量,招商银行积存金代理
2022-05-11,400.1178360496437,0.5,0.5,0.0,-0.003771678350404095,0.9641140893034383,策略2 波动率调整动量,招商银行积存金代理
2022-05-12,403.78137532282403,0.5,0.5,0.0,0.004578075435664686,0.9685278763328566,策略2 波动率调整动量,招商银行积存金代理
2022-05-13,397.9889152310661,0.5,0.5,0.0,-0.0071727677968391745,0.9615808507711554,策略2 波动率调整动量,招商银行积存金代理
2022-05-16,393.9281009797029,0.5,0.5,0.0,-0.005101667528862652,0.9566751849684001,策略2 波动率调整动量,招商银行积存金代理
2022-05-17,395.9078345351833,0.5,0.5,0.0,0.002512810777597241,0.9590791286838486,策略2 波动率调整动量,招商银行积存金代理
2022-05-18,394.84517130553496,0.5,0.5,0.0,-0.0013420588542987222,0.9577919880472254,策略2 波动率调整动量,招商银行积存金代理
2022-05-19,393.95191369492807,0.5,0.5,0.0,-0.0011311492143279422,0.956708582392456,策略2 波动率调整动量,招商银行积存金代理
2022-05-20,398.42974350466744,0.5,0.5,0.0,0.005683218755991315,0.962145766551927,策略2 波动率调整动量,招商银行积存金代理
2022-05-23,398.5799366145976,0.5,0.5,0.0,0.00018848129736626085,0.9623271130342622,策略2 波动率调整动量,招商银行积存金代理
2022-05-24,397.5525196951653,0.5,0.5,0.0,-0.0012888467595218445,0.9610868208530281,策略2 波动率调整动量,招商银行积存金代理
2022-05-25,399.96187342502424,0.5,0.5,0.0,0.0030302332528371334,0.9639991380964404,策略2 波动率调整动量,招商银行积存金代理
2022-05-26,399.70617991588324,0.5,0.5,0.0,-0.0003196473540732492,0.9636909983226191,策略2 波动率调整动量,招商银行积存金代理
2022-05-27,402.69560911288033,0.5,0.5,0.0,0.0037395333712706424,0.9672947529704398,策略2 波动率调整动量,招商银行积存金代理
2022-05-30,397.69964760537425,0.5,0.5,0.0,-0.006203148723811447,0.9612944797580018,策略2 波动率调整动量,招商银行积存金代理
2022-05-31,397.76905202491054,0.5,0.5,0.0,8.725733094583354e-05,0.9613783597485585,策略2 波动率调整动量,招商银行积存金代理
2022-06-01,393.2650652181122,0.0,0.0,0.0031785177747907165,-0.008840077898523306,0.9528797001584268,策略2 波动率调整动量,招商银行积存金代理
2022-06-06,396.0279050029271,0.0,0.0,0.0,0.0,0.9528797001584268,策略2 波动率调整动量,招商银行积存金代理
2022-06-07,396.02010760155116,0.0,0.0,0.0,-0.0,0.9528797001584268,策略2 波动率调整动量,招商银行积存金代理
2022-06-08,397.1250196536518,0.0,0.0,0.0,0.0,0.9528797001584268,策略2 波动率调整动量,招商银行积存金代理
2022-06-09,397.7999736449264,0.0,0.0,0.0,0.0,0.9528797001584268,策略2 波动率调整动量,招商银行积存金代理
2022-06-10,396.53079973955664,0.0,0.0,0.0,-0.0,0.9528797001584268,策略2 波动率调整动量,招商银行积存金代理
2022-06-13,402.98254684763896,0.0,0.0,0.0,0.0,0.9528797001584268,策略2 波动率调整动量,招商银行积存金代理
2022-06-14,395.14840535383723,0.0,0.0,0.0,-0.0,0.9528797001584268,策略2 波动率调整动量,招商银行积存金代理
2022-06-15,393.4457071271802,0.0,0.0,0.0,-0.0,0.9528797001584268,策略2 波动率调整动量,招商银行积存金代理
2022-06-16,394.7344085125889,0.0,0.0,0.0,0.0,0.9528797001584268,策略2 波动率调整动量,招商银行积存金代理
2022-06-17,398.6784120482719,0.0,0.0,0.0,0.0,0.9528797001584268,策略2 波动率调整动量,招商银行积存金代理
2022-06-20,396.10381351696725,0.0,0.0,0.0,-0.0,0.9528797001584268,策略2 波动率调整动量,招商银行积存金代理
2022-06-21,394.9155361785549,0.0,0.0,0.0,-0.0,0.9528797001584268,策略2 波动率调整动量,招商银行积存金代理
2022-06-22,393.6833131523767,0.0,0.0,0.0,-0.0,0.9528797001584268,策略2 波动率调整动量,招商银行积存金代理
2022-06-23,394.34289679648134,0.0,0.0,0.0,0.0,0.9528797001584268,策略2 波动率调整动量,招商银行积存金代理
2022-06-24,393.28781314774113,0.0,0.0,0.0,-0.0,0.9528797001584268,策略2 波动率调整动量,招商银行积存金代理
2022-06-27,395.38477687371534,0.0,0.0,0.0,0.0,0.9528797001584268,策略2 波动率调整动量,招商银行积存金代理
2022-06-28,393.9828823287451,0.0,0.0,0.0,-0.0,0.9528797001584268,策略2 波动率调整动量,招商银行积存金代理
2022-06-29,390.2789625198526,0.0,0.0,0.0,-0.0,0.9528797001584268,策略2 波动率调整动量,招商银行积存金代理
2022-06-30,390.5626373436628,0.0,0.0,0.0,0.0,0.9528797001584268,策略2 波动率调整动量,招商银行积存金代理
2022-07-01,386.6970664678806,0.6000000000000001,0.6000000000000001,0.0038790053767438952,-0.0038790053767438952,0.949183474678122,策略2 波动率调整动量,招商银行积存金代理
2022-07-04,389.17529619588777,0.6000000000000001,0.6000000000000001,0.0,0.0038452265758985864,0.9528333002003582,策略2 波动率调整动量,招商银行积存金代理
2022-07-05,389.7764523392982,0.6000000000000001,0.6000000000000001,0.0,0.000926815472544096,0.953716400845739,策略2 波动率调整动量,招商银行积存金代理
2022-07-06,380.92327734079197,0.6000000000000001,0.6000000000000001,0.0,-0.013628080832548009,0.9407190766436867,策略2 波动率调整动量,招商银行积存金代理
2022-07-07,375.58459525502957,0.6000000000000001,0.6000000000000001,0.0,-0.008409066712380755,0.9328085071705807,策略2 波动率调整动量,招商银行积存金代理
2022-07-08,374.20586835742296,0.6000000000000001,0.6000000000000001,0.0,-0.0022025294674353326,0.9307539689460632,策略2 波动率调整动量,招商银行积存金代理
2022-07-11,375.21409621600475,0.6000000000000001,0.6000000000000001,0.0,0.001616587996881114,0.9322586146403107,策略2 波动率调整动量,招商银行积存金代理
2022-07-12,374.8955589619709,0.6000000000000001,0.6000000000000001,0.0,-0.0005093687959694338,0.9317837511922393,策略2 波动率调整动量,招商银行积存金代理
2022-07-13,373.4006486735941,0.6000000000000001,0.6000000000000001,0.0,-0.002392522801575914,0.9295544373213741,策略2 波动率调整动量,招商银行积存金代理
2022-07-14,372.7215577453095,0.6000000000000001,0.6000000000000001,0.0,-0.0010911993817314782,0.9285401080940833,策略2 波动率调整动量,招商银行积存金代理
2022-07-15,369.76784554920994,0.6000000000000001,0.6000000000000001,0.0,-0.004754829123328431,0.924125058545939,策略2 波动率调整动量,招商银行积存金代理
2022-07-18,373.63557545636786,0.6000000000000001,0.6000000000000001,0.0,0.006275932242967032,0.9299248047974012,策略2 波动率调整动量,招商银行积存金代理
2022-07-19,371.3932380076422,0.6000000000000001,0.6000000000000001,0.0,-0.0036008414551855334,0.9265762930100815,策略2 波动率调整动量,招商银行积存金代理
2022-07-21,366.8568339872899,0.6000000000000001,0.6000000000000001,0.0,-0.007328734434727015,0.9197856614250968,策略2 波动率调整动量,招商银行积存金代理
2022-07-22,375.2204432884143,0.6000000000000001,0.6000000000000001,0.0,0.013678811775518086,0.9323672363615509,策略2 波动率调整动量,招商银行积存金代理
2022-07-25,375.8356742560741,0.6000000000000001,0.6000000000000001,0.0,0.0009837912277934626,0.9332844910697654,策略2 波动率调整动量,招商银行积存金代理
2022-07-26,373.9177377086888,0.6000000000000001,0.6000000000000001,0.0,-0.0030618751950810103,0.9304268904366051,策略2 波动率调整动量,招商银行积存金代理
2022-07-27,374.5375433982887,0.6000000000000001,0.6000000000000001,0.0,0.0009945594344863196,0.9313522552785884,策略2 波动率调整动量,招商银行积存金代理
2022-07-28,378.8069863617691,0.6000000000000001,0.6000000000000001,0.0,0.006839543386880465,0.9377222794370353,策略2 波动率调整动量,招商银行积存金代理
2022-07-29,381.4746411953027,0.6000000000000001,0.6000000000000001,0.0,0.004225352112676052,0.941684486251558,策略2 波动率调整动量,招商银行积存金代理
2022-08-01,384.4211499875911,0.0,0.0,0.0039019705342654,0.0007324273639369703,0.9423742017374835,策略2 波动率调整动量,招商银行积存金代理
2022-08-02,384.85299903374835,0.0,0.0,0.0,0.0,0.9423742017374835,策略2 波动率调整动量,招商银行积存金代理
2022-08-03,383.7807658238273,0.0,0.0,0.0,-0.0,0.9423742017374835,策略2 波动率调整动量,招商银行积存金代理
2022-08-04,385.7097221630417,0.0,0.0,0.0,0.0,0.9423742017374835,策略2 波动率调整动量,招商银行积存金代理
2022-08-05,387.6297013751137,0.0,0.0,0.0,0.0,0.9423742017374835,策略2 波动率调整动量,招商银行积存金代理
2022-08-08,385.3523278418256,0.0,0.0,0.0,-0.0,0.9423742017374835,策略2 波动率调整动量,招商银行积存金代理
2022-08-09,388.6894691063663,0.0,0.0,0.0,0.0,0.9423742017374835,策略2 波动率调整动量,招商银行积存金代理
2022-08-10,387.65252770119304,0.0,0.0,0.0,-0.0,0.9423742017374835,策略2 波动率调整动量,招商银行积存金代理
2022-08-11,388.02802669663447,0.0,0.0,0.0,0.0,0.9423742017374835,策略2 波动率调整动量,招商银行积存金代理
2022-08-12,387.75701198278813,0.0,0.0,0.0,-0.0,0.9423742017374835,策略2 波动率调整动量,招商银行积存金代理
2022-08-15,387.8659349036255,0.0,0.0,0.0,0.0,0.9423742017374835,策略2 波动率调整动量,招商银行积存金代理
2022-08-16,387.59139940928543,0.0,0.0,0.0,-0.0,0.9423742017374835,策略2 波动率调整动量,招商银行积存金代理
2022-08-17,386.61818559972676,0.0,0.0,0.0,-0.0,0.9423742017374835,策略2 波动率调整动量,招商银行积存金代理
2022-08-18,385.13023641774436,0.0,0.0,0.0,-0.0,0.9423742017374835,策略2 波动率调整动量,招商银行积存金代理
2022-08-19,382.35998607649765,0.0,0.0,0.0,-0.0,0.9423742017374835,策略2 波动率调整动量,招商银行积存金代理
2022-08-22,381.50207601908903,0.0,0.0,0.0,-0.0,0.9423742017374835,策略2 波动率调整动量,招商银行积存金代理
2022-08-23,382.1664591841229,0.0,0.0,0.0,0.0,0.9423742017374835,策略2 波动率调整动量,招商银行积存金代理
2022-08-24,386.32632885219283,0.0,0.0,0.0,0.0,0.9423742017374835,策略2 波动率调整动量,招商银行积存金代理
2022-08-25,388.0416315722069,0.0,0.0,0.0,0.0,0.9423742017374835,策略2 波动率调整动量,招商银行积存金代理
2022-08-26,385.7737986141986,0.0,0.0,0.0,-0.0,0.9423742017374835,策略2 波动率调整动量,招商银行积存金代理
2022-08-30,385.2729147502776,0.0,0.0,0.0,-0.0,0.9423742017374835,策略2 波动率调整动量,招商银行积存金代理
2022-08-31,379.2679544729855,0.0,0.0,0.0,-0.0,0.9423742017374835,策略2 波动率调整动量,招商银行积存金代理
2022-09-01,378.76096505604,0.0,0.0,0.0,-0.0,0.9423742017374835,策略2 波动率调整动量,招商银行积存金代理
2022-09-02,378.9607803365502,0.0,0.0,0.0,0.0,0.9423742017374835,策略2 波动率调整动量,招商银行积存金代理
2022-09-05,381.60109893860675,0.0,0.0,0.0,0.0,0.9423742017374835,策略2 波动率调整动量,招商银行积存金代理
2022-09-06,382.8248583499534,0.0,0.0,0.0,0.0,0.9423742017374835,策略2 波动率调整动量,招商银行积存金代理
2022-09-07,381.82821114045487,0.0,0.0,0.0,-0.0,0.9423742017374835,策略2 波动率调整动量,招商银行积存金代理
2022-09-08,384.74538694887195,0.0,0.0,0.0,0.0,0.9423742017374835,策略2 波动率调整动量,招商银行积存金代理
2022-09-09,386.24388663935736,0.0,0.0,0.0,0.0,0.9423742017374835,策略2 波动率调整动量,招商银行积存金代理
2022-09-12,384.3947384462094,0.0,0.0,0.0,-0.0,0.9423742017374835,策略2 波动率调整动量,招商银行积存金代理
2022-09-13,384.4672043416469,0.0,0.0,0.0,0.0,0.9423742017374835,策略2 波动率调整动量,招商银行积存金代理
2022-09-14,381.3127329065884,0.0,0.0,0.0,-0.0,0.9423742017374835,策略2 波动率调整动量,招商银行积存金代理
2022-09-15,379.7381600613919,0.0,0.0,0.0,-0.0,0.9423742017374835,策略2 波动率调整动量,招商银行积存金代理
2022-09-16,374.18485481952314,0.0,0.0,0.0,-0.0,0.9423742017374835,策略2 波动率调整动量,招商银行积存金代理
2022-09-20,376.2919478039651,0.0,0.0,0.0,0.0,0.9423742017374835,策略2 波动率调整动量,招商银行积存金代理
2022-09-21,379.42242166657206,0.0,0.0,0.0,0.0,0.9423742017374835,策略2 波动率调整动量,招商银行积存金代理
2022-09-22,380.3759274590483,0.0,0.0,0.0,0.0,0.9423742017374835,策略2 波动率调整动量,招商银行积存金代理
2022-09-23,378.0097405131057,0.0,0.0,0.0,-0.0,0.9423742017374835,策略2 波动率调整动量,招商银行积存金代理
2022-09-26,377.66406266611546,0.0,0.0,0.0,-0.0,0.9423742017374835,策略2 波动率调整动量,招商银行积存金代理
2022-09-27,376.70525988624576,0.0,0.0,0.0,-0.0,0.9423742017374835,策略2 波动率调整动量,招商银行积存金代理
2022-09-28,374.5376018104434,0.0,0.0,0.0,-0.0,0.9423742017374835,策略2 波动率调整动量,招商银行积存金代理
2022-09-29,377.13512579824334,0.0,0.0,0.0,0.0,0.9423742017374835,策略2 波动率调整动量,招商银行积存金代理
2022-09-30,383.12448784101275,0.0,0.0,0.0,0.0,0.9423742017374835,策略2 波动率调整动量,招商银行积存金代理
2022-10-04,390.9724284844777,0.0,0.0,0.0,0.0,0.9423742017374835,策略2 波动率调整动量,招商银行积存金代理
2022-10-05,391.6586861479089,0.0,0.0,0.0,0.0,0.9423742017374835,策略2 波动率调整动量,招商银行积存金代理
2022-10-06,392.5393834826456,0.0,0.0,0.0,0.0,0.9423742017374835,策略2 波动率调整动量,招商银行积存金代理
2022-10-07,391.50999698749877,0.0,0.0,0.0,-0.0,0.9423742017374835,策略2 波动率调整动量,招商银行积存金代理
2022-10-10,386.4007268390886,0.0,0.0,0.0,-0.0,0.9423742017374835,策略2 波动率调整动量,招商银行积存金代理
2022-10-11,383.3216622134421,0.0,0.0,0.0,-0.0,0.9423742017374835,策略2 波动率调整动量,招商银行积存金代理
2022-10-12,385.72045745901653,0.0,0.0,0.0,0.0,0.9423742017374835,策略2 波动率调整动量,招商银行积存金代理
2022-10-13,386.4182022559732,0.0,0.0,0.0,0.0,0.9423742017374835,策略2 波动率调整动量,招商银行积存金代理
2022-10-14,381.519975819598,0.0,0.0,0.0,-0.0,0.9423742017374835,策略2 波动率调整动量,招商银行积存金代理
2022-10-17,383.56287002716243,0.0,0.0,0.0,0.0,0.9423742017374835,策略2 波动率调整动量,招商银行积存金代理
2022-10-18,382.50359179425806,0.0,0.0,0.0,-0.0,0.9423742017374835,策略2 波动率调整动量,招商银行积存金代理
2022-10-19,381.2381316848248,0.0,0.0,0.0,-0.0,0.9423742017374835,策略2 波动率调整动量,招商银行积存金代理
2022-10-20,378.8915407439527,0.0,0.0,0.0,-0.0,0.9423742017374835,策略2 波动率调整动量,招商银行积存金代理
2022-10-21,376.88479825838135,0.0,0.0,0.0,-0.0,0.9423742017374835,策略2 波动率调整动量,招商银行积存金代理
2022-10-24,384.38239739126385,0.0,0.0,0.0,0.0,0.9423742017374835,策略2 波动率调整动量,招商银行积存金代理
2022-10-25,385.77835144854015,0.0,0.0,0.0,0.0,0.9423742017374835,策略2 波动率调整动量,招商银行积存金代理
2022-10-26,385.25629322491835,0.0,0.0,0.0,-0.0,0.9423742017374835,策略2 波动率调整动量,招商银行积存金代理
2022-10-27,386.5216160320989,0.0,0.0,0.0,0.0,0.9423742017374835,策略2 波动率调整动量,招商银行积存金代理
2022-10-28,383.2566435645639,0.0,0.0,0.0,-0.0,0.9423742017374835,策略2 波动率调整动量,招商银行积存金代理
2022-10-31,382.07808588129456,0.0,0.0,0.0,-0.0,0.9423742017374835,策略2 波动率调整动量,招商银行积存金代理
2022-11-01,387.94985185722084,0.0,0.0,0.0,0.0,0.9423742017374835,策略2 波动率调整动量,招商银行积存金代理
2022-11-02,387.5233613081738,0.0,0.0,0.0,-0.0,0.9423742017374835,策略2 波动率调整动量,招商银行积存金代理
2022-11-03,379.77850190555756,0.0,0.0,0.0,-0.0,0.9423742017374835,策略2 波动率调整动量,招商银行积存金代理
2022-11-04,387.01650187078604,0.0,0.0,0.0,0.0,0.9423742017374835,策略2 波动率调整动量,招商银行积存金代理
2022-11-07,387.52742386383596,0.0,0.0,0.0,0.0,0.9423742017374835,策略2 波动率调整动量,招商银行积存金代理
2022-11-08,388.31281842955445,0.0,0.0,0.0,0.0,0.9423742017374835,策略2 波动率调整动量,招商银行积存金代理
2022-11-09,397.3596973321912,0.0,0.0,0.0,0.0,0.9423742017374835,策略2 波动率调整动量,招商银行积存金代理
2022-11-10,397.07041227092765,0.0,0.0,0.0,-0.0,0.9423742017374835,策略2 波动率调整动量,招商银行积存金代理
2022-11-11,407.71382181789016,0.0,0.0,0.0,0.0,0.9423742017374835,策略2 波动率调整动量,招商银行积存金代理
2022-11-14,401.5519641980915,0.0,0.0,0.0,-0.0,0.9423742017374835,策略2 波动率调整动量,招商银行积存金代理
2022-11-15,403.6559818829665,0.0,0.0,0.0,0.0,0.9423742017374835,策略2 波动率调整动量,招商银行积存金代理
2022-11-16,403.78373373800304,0.0,0.0,0.0,0.0,0.9423742017374835,策略2 波动率调整动量,招商银行积存金代理
2022-11-17,402.0682038603761,0.0,0.0,0.0,-0.0,0.9423742017374835,策略2 波动率调整动量,招商银行积存金代理
2022-11-18,406.0286864833912,0.0,0.0,0.0,0.0,0.9423742017374835,策略2 波动率调整动量,招商银行积存金代理
2022-11-21,398.16751533549797,0.0,0.0,0.0,-0.0,0.9423742017374835,策略2 波动率调整动量,招商银行积存金代理
2022-11-22,402.39414975757404,0.0,0.0,0.0,0.0,0.9423742017374835,策略2 波动率调整动量,招商银行积存金代理
2022-11-23,398.41332942397815,0.0,0.0,0.0,-0.0,0.9423742017374835,策略2 波动率调整动量,招商银行积存金代理
2022-11-24,404.38471547510517,0.0,0.0,0.0,0.0,0.9423742017374835,策略2 波动率调整动量,招商银行积存金代理
2022-11-25,403.1191976096699,0.0,0.0,0.0,-0.0,0.9423742017374835,策略2 波动率调整动量,招商银行积存金代理
2022-11-28,406.4135396047959,0.0,0.0,0.0,0.0,0.9423742017374835,策略2 波动率调整动量,招商银行积存金代理
2022-11-29,406.7385429723636,0.0,0.0,0.0,0.0,0.9423742017374835,策略2 波动率调整动量,招商银行积存金代理
2022-11-30,405.0363329746752,0.0,0.0,0.0,-0.0,0.9423742017374835,策略2 波动率调整动量,招商银行积存金代理
2022-12-01,404.8680993417108,0.0,0.0,0.0,-0.0,0.9423742017374835,策略2 波动率调整动量,招商银行积存金代理
2022-12-02,407.7982422828332,0.0,0.0,0.0,0.0,0.9423742017374835,策略2 波动率调整动量,招商银行积存金代理
2022-12-05,405.20663022781997,0.0,0.0,0.0,-0.0,0.9423742017374835,策略2 波动率调整动量,招商银行积存金代理
2022-12-06,396.8724073088258,0.0,0.0,0.0,-0.0,0.9423742017374835,策略2 波动率调整动量,招商银行积存金代理
2022-12-07,398.4735869299614,0.0,0.0,0.0,0.0,0.9423742017374835,策略2 波动率调整动量,招商银行积存金代理
2022-12-08,399.57947209561377,0.0,0.0,0.0,0.0,0.9423742017374835,策略2 波动率调整动量,招商银行积存金代理
2022-12-09,401.58134087284117,0.0,0.0,0.0,0.0,0.9423742017374835,策略2 波动率调整动量,招商银行积存金代理
2022-12-12,400.4853984297218,0.0,0.0,0.0,-0.0,0.9423742017374835,策略2 波动率调整动量,招商银行积存金代理
2022-12-13,400.4085818562979,0.0,0.0,0.0,-0.0,0.9423742017374835,策略2 波动率调整动量,招商银行积存金代理
2022-12-14,403.65441429736575,0.0,0.0,0.0,0.0,0.9423742017374835,策略2 波动率调整动量,招商银行积存金代理
2022-12-15,396.82622143141367,0.0,0.0,0.0,-0.0,0.9423742017374835,策略2 波动率调整动量,招商银行积存金代理
2022-12-16,399.0409741576548,0.0,0.0,0.0,0.0,0.9423742017374835,策略2 波动率调整动量,招商银行积存金代理
2022-12-19,402.70022985442745,0.0,0.0,0.0,0.0,0.9423742017374835,策略2 波动率调整动量,招商银行积存金代理
2022-12-20,405.28569318908035,0.0,0.0,0.0,0.0,0.9423742017374835,策略2 波动率调整动量,招商银行积存金代理
2022-12-21,405.85209142677957,0.0,0.0,0.0,0.0,0.9423742017374835,策略2 波动率调整动量,招商银行积存金代理
2022-12-22,407.3880545268377,0.0,0.0,0.0,0.0,0.9423742017374835,策略2 波动率调整动量,招商银行积存金代理
2022-12-23,403.53185993213737,0.0,0.0,0.0,-0.0,0.9423742017374835,策略2 波动率调整动量,招商银行积存金代理
2022-12-28,403.31959124969455,0.0,0.0,0.0,-0.0,0.9423742017374835,策略2 波动率调整动量,招商银行积存金代理
2022-12-29,405.0145035975076,0.0,0.0,0.0,0.0,0.9423742017374835,策略2 波动率调整动量,招商银行积存金代理
2022-12-30,405.7287321070595,0.0,0.0,0.0,0.0,0.9423742017374835,策略2 波动率调整动量,招商银行积存金代理
2023-01-03,406.91667316107936,0.5,0.5,0.0030718819907022666,-0.0030718819907022666,0.9394793393986637,策略2 波动率调整动量,招商银行积存金代理
2023-01-04,412.92125808376494,0.5,0.5,0.0,0.007378150514256054,0.9464109593697809,策略2 波动率调整动量,招商银行积存金代理
2023-01-05,409.73401246585263,0.5,0.5,0.0,-0.003859386693607525,0.9427583935065047,策略2 波动率调整动量,招商银行积存金代理
2023-01-06,405.87460380372045,0.5,0.5,0.0,-0.0047096513161130615,0.9383183301977501,策略2 波动率调整动量,招商银行积存金代理
2023-01-09,411.9127943996092,0.5,0.5,0.0,0.007438492750348136,0.9452980042944449,策略2 波动率调整动量,招商银行积存金代理
2023-01-10,408.21735492671075,0.5,0.5,0.0,-0.004485706104716658,0.9410576752658049,策略2 波动率调整动量,招商银行积存金代理
2023-01-11,410.5751927265736,0.5,0.5,0.0,0.0028879685924746434,0.9437754202756795,策略2 波动率调整动量,招商银行积存金代理
2023-01-12,409.8160499075907,0.5,0.5,0.0,-0.0009244869544376977,0.9429029122117158,策略2 波动率调整动量,招商银行积存金代理
2023-01-13,412.4654103291534,0.5,0.5,0.0,0.003232377577891521,0.9459507304432776,策略2 波动率调整动量,招商银行积存金代理
2023-01-16,412.6425162267064,0.5,0.5,0.0,0.00021469181792921344,0.946153818325268,策略2 波动率调整动量,招商银行积存金代理
2023-01-17,412.33576885321554,0.5,0.5,0.0,-0.0003716865827300131,0.9458021456457978,策略2 波动率调整动量,招商银行积存金代理
2023-01-18,416.2165251353892,0.5,0.5,0.0,0.004705820565805818,0.9502529208339613,策略2 波动率调整动量,招商银行积存金代理
2023-01-19,413.78309881550814,0.5,0.5,0.0,-0.0029232697081038594,0.9474750752554502,策略2 波动率调整动量,招商银行积存金代理
2023-01-20,422.3509409168531,0.5,0.5,0.0,0.010353059520641583,0.9572843411038942,策略2 波动率调整动量,招商银行积存金代理
2023-01-23,420.2561231796865,0.5,0.5,0.0,-0.0024799491775951976,0.9549103245894487,策略2 波动率调整动量,招商银行积存金代理
2023-01-24,422.30904183758895,0.5,0.5,0.0,0.002442461328546419,0.957242656129488,策略2 波动率调整动量,招商银行积存金代理
2023-01-25,420.0065722126455,0.5,0.5,0.0,-0.002726048221611266,0.9546331664890959,策略2 波动率调整动量,招商银行积存金代理
2023-01-26,422.29190362570364,0.5,0.5,0.0,0.0027205900624587276,0.9572303319951396,策略2 波动率调整动量,招商银行积存金代理
2023-01-27,420.4788842267643,0.5,0.5,0.0,-0.0021466423857208206,0.9551755007915813,策略2 波动率调整动量,招商银行积存金代理
2023-01-30,420.1456170597268,0.5,0.5,0.0,-0.00039629477191266416,0.9547969697343583,策略2 波动率调整动量,招商银行积存金代理
2023-01-31,413.327050264372,0.5,0.5,0.0,-0.008114528057049208,0.9470492429346633,策略2 波动率调整动量,招商银行积存金代理
2023-02-01,418.1118553318888,0.55,0.55,0.0002989630607359306,0.005489195571098531,0.9522477814445925,策略2 波动率调整动量,招商银行积存金代理
2023-02-02,423.6693478612892,0.55,0.55,0.0,0.0073105338970691274,0.9592092211292522,策略2 波动率调整动量,招商银行积存金代理
2023-02-03,413.367462641887,0.55,0.55,0.0,-0.013373723870451689,0.9463810218718786,策略2 波动率调整动量,招商银行积存金代理
2023-02-06,408.0400307518359,0.55,0.55,0.0,-0.00708833617624749,0.9396727550380302,策略2 波动率调整动量,招商银行积存金代理
2023-02-07,409.2982132071875,0.55,0.55,0.0,0.0016959128965074678,0.9412663581817959,策略2 波动率调整动量,招商银行积存金代理
2023-02-08,410.6470085287558,0.55,0.55,0.0,0.0018124619236660534,0.9429723676160283,策略2 波动率调整动量,招商银行积存金代理
2023-02-09,410.76022198152594,0.55,0.55,0.0,0.00015163241842830466,0.9431153527966409,策略2 波动率调整动量,招商银行积存金代理
2023-02-10,406.3223697760818,0.55,0.55,0.0,-0.005942198349245338,0.9375111743041047,策略2 波动率调整动量,招商银行积存金代理
2023-02-13,406.81064902783316,0.55,0.55,0.0,0.0006609372469726816,0.9381308103586553,策略2 波动率调整动量,招商银行积存金代理
2023-02-14,408.0619291737448,0.55,0.55,0.0,0.0016917061583712758,0.9397178520278968,策略2 波动率调整动量,招商银行积存金代理
2023-02-15,402.8037887338176,0.55,0.55,0.0,-0.007087103783035293,0.9330579740838041,策略2 波动率调整动量,招商银行积存金代理
2023-02-16,404.7456217187534,0.55,0.55,0.0,0.0026514351939734616,0.9355319168343075,策略2 波动率调整动量,招商银行积存金代理
2023-02-17,402.38340879844947,0.55,0.55,0.0,-0.0032099596300758596,0.9325288971486217,策略2 波动率调整动量,招商银行积存金代理
2023-02-20,406.6036215973642,0.55,0.55,0.0,0.005768421333111529,0.9379081167326769,策略2 波动率调整动量,招商银行积存金代理
2023-02-21,403.9720902451954,0.55,0.55,0.0,-0.0035595901433609803,0.934569548244977,策略2 波动率调整动量,招商银行积存金代理
2023-02-22,405.11178544802266,0.55,0.55,0.0,0.0015516724464171739,0.9360196940622492,策略2 波动率调整动量,招商银行积存金代理
2023-02-23,404.77985737520476,0.55,0.55,0.0,-0.0004506421353502488,0.9355978841485871,策略2 波动率调整动量,招商银行积存金代理
2023-02-24,405.06914707016347,0.55,0.55,0.0,0.00039307621001462013,0.9359656454189861,策略2 波动率调整动量,招商银行积存金代理
2023-02-27,404.5188482588042,0.55,0.55,0.0,-0.0007471918027742386,0.9352662995610507,策略2 波动率调整动量,招商银行积存金代理
2023-02-28,404.12999668617,0.55,0.55,0.0,-0.0005286981456349761,0.934771826002798,策略2 波动率调整动量,招商银行积存金代理
2023-03-01,408.6479559244351,0.0,0.0,0.003364754381040529,0.002783954206348656,0.9373741879597747,策略2 波动率调整动量,招商银行积存金代理
2023-03-02,404.4711508232602,0.0,0.0,0.0,-0.0,0.9373741879597747,策略2 波动率调整动量,招商银行积存金代理
2023-03-03,410.23591137884165,0.0,0.0,0.0,0.0,0.9373741879597747,策略2 波动率调整动量,招商银行积存金代理
2023-03-06,411.18622395129853,0.0,0.0,0.0,0.0,0.9373741879597747,策略2 波动率调整动量,招商银行积存金代理
2023-03-07,410.60459869670177,0.0,0.0,0.0,-0.0,0.9373741879597747,策略2 波动率调整动量,招商银行积存金代理
2023-03-08,405.85349442689966,0.0,0.0,0.0,-0.0,0.9373741879597747,策略2 波动率调整动量,招商银行积存金代理
2023-03-09,406.1337169806836,0.0,0.0,0.0,0.0,0.9373741879597747,策略2 波动率调整动量,招商银行积存金代理
2023-03-10,410.81767782278274,0.0,0.0,0.0,0.0,0.9373741879597747,策略2 波动率调整动量,招商银行积存金代理
2023-03-13,417.840005867626,0.0,0.0,0.0,0.0,0.9373741879597747,策略2 波动率调整动量,招商银行积存金代理
2023-03-14,418.4311977473783,0.0,0.0,0.0,0.0,0.9373741879597747,策略2 波动率调整动量,招商银行积存金代理
2023-03-15,421.0195937718673,0.0,0.0,0.0,0.0,0.9373741879597747,策略2 波动率调整动量,招商银行积存金代理
2023-03-16,426.1640763880382,0.0,0.0,0.0,0.0,0.9373741879597747,策略2 波动率调整动量,招商银行积存金代理
2023-03-17,428.195950867396,0.0,0.0,0.0,0.0,0.9373741879597747,策略2 波动率调整动量,招商银行积存金代理
2023-03-20,438.790351857703,0.0,0.0,0.0,0.0,0.9373741879597747,策略2 波动率调整动量,招商银行积存金代理
2023-03-21,434.7171253864212,0.0,0.0,0.0,-0.0,0.9373741879597747,策略2 波动率调整动量,招商银行积存金代理
2023-03-22,429.71894865449934,0.0,0.0,0.0,-0.0,0.9373741879597747,策略2 波动率调整动量,招商银行积存金代理
2023-03-23,437.37753214103634,0.0,0.0,0.0,0.0,0.9373741879597747,策略2 波动率调整动量,招商银行积存金代理
2023-03-24,437.5893106804763,0.0,0.0,0.0,0.0,0.9373741879597747,策略2 波动率调整动量,招商银行积存金代理
2023-03-27,433.8789831410762,0.0,0.0,0.0,-0.0,0.9373741879597747,策略2 波动率调整动量,招商银行积存金代理
2023-03-28,430.8812239368086,0.0,0.0,0.0,-0.0,0.9373741879597747,策略2 波动率调整动量,招商银行积存金代理
2023-03-29,435.19433611934005,0.0,0.0,0.0,0.0,0.9373741879597747,策略2 波动率调整动量,招商银行积存金代理
2023-03-30,434.73063260255554,0.0,0.0,0.0,-0.0,0.9373741879597747,策略2 波动率调整动量,招商银行积存金代理
2023-03-31,437.09413942072905,0.0,0.0,0.0,0.0,0.9373741879597747,策略2 波动率调整动量,招商银行积存金代理
2023-04-03,434.0616740678608,0.5,0.5,0.0028797750980534076,-0.0028797750980534076,0.9346747611157301,策略2 波动率调整动量,招商银行积存金代理
2023-04-04,438.39154123537156,0.5,0.5,0.0,0.004987617458750648,0.9393365612725245,策略2 波动率调整动量,招商银行积存金代理
2023-04-05,447.2294402515847,0.5,0.5,0.0,0.010079915081513957,0.9488049940431128,策略2 波动率调整动量,招商银行积存金代理
2023-04-06,445.8791485024899,0.5,0.5,0.0,-0.001509618584518091,0.9473726603910219,策略2 波动率调整动量,招商银行积存金代理
2023-04-11,443.079988999127,0.5,0.5,0.0,-0.003138921737834144,0.9443989317534907,策略2 波动率调整动量,招商银行积存金代理
2023-04-12,443.95603436450705,0.5,0.5,0.0,0.0009885860196021667,0.9453325513343493,策略2 波动率调整动量,招商银行积存金代理
2023-04-13,447.59362264881463,0.5,0.5,0.0,0.004096788874054291,0.9492053792129372,策略2 波动率调整动量,招商银行积存金代理
2023-04-14,449.48150458539766,0.5,0.5,0.0,0.0021089240787331986,0.9512071812928227,策略2 波动率调整动量,招商银行积存金代理
2023-04-17,444.48445936428294,0.5,0.5,0.0,-0.005558677242708809,0.9459197275810691,策略2 波动率调整动量,招商银行积存金代理
2023-04-18,441.9116032227181,0.5,0.5,0.0,-0.0028942025838705754,0.9431820442613699,策略2 波动率调整动量,招商银行积存金代理
2023-04-19,437.4316728596796,0.5,0.5,0.0,-0.0050688082530168654,0.9384012353313206,策略2 波动率调整动量,招商银行积存金代理
2023-04-20,440.5716713490697,0.5,0.5,0.0,0.003589130239315508,0.9417692795816592,策略2 波动率调整动量,招商银行积存金代理
2023-04-21,438.8151733739813,0.5,0.5,0.0,-0.0019934304556053495,0.9398919280175878,策略2 波动率调整动量,招商银行积存金代理
2023-04-24,440.28214001438016,0.5,0.5,0.0,0.001671508563753199,0.9414629654242717,策略2 波动率调整动量,招商银行积存金代理
2023-04-25,443.52824590862,0.5,0.5,0.0,0.0036863928822252756,0.9449335677988905,策略2 波动率调整动量,招商银行积存金代理
2023-04-26,445.1277351554481,0.5,0.5,0.0,0.001803142484816611,0.9466374176603181,策略2 波动率调整动量,招商银行积存金代理
2023-04-27,444.59120785945174,0.5,0.5,0.0,-0.0006026666657931168,0.9460669108441018,策略2 波动率调整动量,招商银行积存金代理
2023-04-28,441.26397908689455,0.5,0.5,0.0,-0.0037418967286562133,0.9425268261653243,策略2 波动率调整动量,招商银行积存金代理
2023-05-02,440.118254151174,0.5,0.5,0.0,-0.001298230753041918,0.9413032088540295,策略2 波动率调整动量,招商银行积存金代理
2023-05-03,448.11676853829215,0.5,0.5,0.0,0.00908677873693775,0.9498566228372557,策略2 波动率调整动量,招商银行积存金代理
2023-05-04,452.05077864371606,0.5,0.5,0.0,0.0043894921833166345,0.9540260110584713,策略2 波动率调整动量,招商银行积存金代理
2023-05-05,452.6835453828112,0.5,0.5,0.0,0.0006998845804376819,0.9546937191529477,策略2 波动率调整动量,招商银行积存金代理
2023-05-09,450.6228408460646,0.5,0.5,0.0,-0.0022760983448205097,0.9525207423589732,策略2 波动率调整动量,招商银行积存金代理
2023-05-10,452.3479197875636,0.5,0.5,0.0,0.0019141050842652607,0.9543439671547905,策略2 波动率调整动量,招商银行积存金代理
2023-05-11,452.49935926491867,0.5,0.5,0.0,0.0001673926978885687,0.9545037173661665,策略2 波动率调整动量,招商银行积存金代理
2023-05-12,448.23292077943927,0.5,0.5,0.0,-0.004714303344440285,0.9500038972991064,策略2 波动率调整动量,招商银行积存金代理
2023-05-15,450.4178012240768,0.5,0.5,0.0,0.0024372155004124263,0.952319261523056,策略2 波动率调整动量,招商银行积存金代理
2023-05-16,450.8264067107552,0.5,0.5,0.0,0.0004535849666331693,0.952751219223518,策略2 波动率调整动量,招商银行积存金代理
2023-05-17,446.7182613992807,0.5,0.5,0.0,-0.004556238554710712,0.9484102573854444,策略2 波动率调整动量,招商银行积存金代理
2023-05-19,442.1740293054796,0.5,0.5,0.0,-0.005086239456124908,0.943586415713737,策略2 波动率调整动量,招商银行积存金代理
2023-05-22,447.84765293579886,0.5,0.5,0.0,0.006415600254984222,0.9496400889629897,策略2 波动率调整动量,招商银行积存金代理
2023-05-23,444.5828998654912,0.5,0.5,0.0,-0.003644937121927594,0.9461787105502578,策略2 波动率调整动量,招商银行积存金代理
2023-05-24,448.6898047547749,0.5,0.5,0.0,0.004618829121100121,0.9505489483323122,策略2 波动率调整动量,招商银行积存金代理
2023-05-25,446.5090033669669,0.5,0.5,0.0,-0.0024301882555587406,0.9482389354417414,策略2 波动率调整动量,招商银行积存金代理
2023-05-26,444.5066188031238,0.5,0.5,0.0,-0.0022422667278194086,0.9461127308267775,策略2 波动率调整动量,招商银行积存金代理
2023-05-30,443.6967153640923,0.5,0.5,0.0,-0.0009110139250707028,0.9452508089543075,策略2 波动率调整动量,招商银行积存金代理
2023-05-31,447.8617254612142,0.5,0.5,0.0,0.004693532713786364,0.9496873745488675,策略2 波动率调整动量,招商银行积存金代理
2023-06-01,446.68362036540395,0.55,0.55,0.00027984012464514686,-0.0015950955135678893,0.9481725324784326,策略2 波动率调整动量,招商银行积存金代理
2023-06-02,451.7576270294143,0.55,0.55,0.0,0.0062476068921506036,0.9540963417272927,策略2 波动率调整动量,招商银行积存金代理
2023-06-05,443.72732430511587,0.55,0.55,0.0,-0.009776628515176295,0.9447684962265365,策略2 波动率调整动量,招商银行积存金代理
2023-06-06,449.02935225291395,0.55,0.55,0.0,0.006571863420526592,0.9509773857477534,策略2 波动率调整动量,招商银行积存金代理
2023-06-07,449.9236777850057,0.55,0.55,0.0,0.001095427370577351,0.9520191124049017,策略2 波动率调整动量,招商银行积存金代理
2023-06-08,445.2005159505256,0.55,0.55,0.0,-0.005773732606723059,0.946522408613386,策略2 波动率调整动量,招商银行积存金代理
2023-06-09,448.9271912156397,0.55,0.55,0.0,0.004603928617280717,0.9508801302172986,策略2 波动率调整动量,招商银行积存金代理
2023-06-12,451.173546044374,0.55,0.55,0.0,0.002752105864780197,0.9534970530003725,策略2 波动率调整动量,招商银行积存金代理
2023-06-13,452.5219566389302,0.55,0.55,0.0,0.0016437706366165263,0.955064383458195,策略2 波动率调整动量,招商银行积存金代理
2023-06-14,449.4892679948443,0.55,0.55,0.0,-0.0036859620395793104,0.951544052395414,策略2 波动率调整动量,招商银行积存金代理
2023-06-15,442.8609400148533,0.55,0.55,0.0,-0.008110494840639538,0.9438265592678197,策略2 波动率调整动量,招商银行积存金代理
2023-06-16,449.60234268894806,0.55,0.55,0.0,0.008372315405887377,0.9517285729104633,策略2 波动率调整动量,招商银行积存金代理
2023-06-19,449.9152188513944,0.55,0.55,0.0,0.0003827424214836062,0.9520928398090541,策略2 波动率调整动量,招商银行积存金代理
2023-06-20,451.0815975394708,0.55,0.55,0.0,0.0014258425844757563,0.9534503743244284,策略2 波动率调整动量,招商银行积存金代理
2023-06-21,446.63812878876894,0.55,0.55,0.0,-0.00541788409506594,0.9482846907059412,策略2 波动率调整动量,招商银行积存金代理
2023-06-22,444.95956199048135,0.55,0.55,0.0,-0.002067024016874286,0.9463245634754179,策略2 波动率调整动量,招商银行积存金代理
2023-06-23,442.97473238747386,0.55,0.55,0.0,-0.0024533831271558617,0.9440028667585743,策略2 波动率调整动量,招商银行积存金代理
2023-06-26,449.159582783042,0.55,0.55,0.0,0.007679146165355156,0.9512520027529277,策略2 波动率调整动量,招商银行积存金代理
2023-06-27,446.52299881666914,0.55,0.55,0.0,-0.003228521080458702,0.9481808656092112,策略2 波动率调整动量,招商银行积存金代理
2023-06-28,444.7672446397275,0.55,0.55,0.0,-0.0021626317118648153,0.9461302996006614,策略2 波动率调整动量,招商银行积存金代理
2023-06-29,443.9307539008409,0.55,0.55,0.0,-0.0010344059998399768,0.9451516167421241,策略2 波动率调整动量,招商银行积存金代理
2023-06-30,443.8141785078888,0.55,0.55,0.0,-0.0001444289803314125,0.9450151094578595,策略2 波动率调整动量,招商银行积存金代理
2023-07-03,445.45396946548635,0.6000000000000001,0.6000000000000001,0.00028061260774034944,0.0017515104526603432,0.9466703132999971,策略2 波动率调整动量,招商银行积存金代理
2023-07-04,447.5464835869562,0.6000000000000001,0.6000000000000001,0.0,0.002818492052923949,0.949338496054772,策略2 波动率调整动量,招商银行积存金代理
2023-07-05,449.2498693121718,0.6000000000000001,0.6000000000000001,0.0,0.0022836319189418757,0.9515064357462429,策略2 波动率调整动量,招商银行积存金代理
2023-07-06,447.2908933843058,0.6000000000000001,0.6000000000000001,0.0,-0.002616329212336144,0.9490169816626742,策略2 波动率调整动量,招商银行积存金代理
2023-07-07,446.4751582271554,0.6000000000000001,0.6000000000000001,0.0,-0.001094234426699359,0.9479785346098167,策略2 波动率调整动量,招商银行积存金代理
2023-07-10,447.5148032137241,0.6000000000000001,0.6000000000000001,0.0,0.0013971370645079696,0.9493029905568783,策略2 波动率调整动量,招商银行积存金代理
2023-07-11,448.77468028997913,0.6000000000000001,0.6000000000000001,0.0,0.0016891647836551286,0.9509065197375455,策略2 波动率调整动量,招商银行积存金代理
2023-07-12,445.9382260044554,0.6000000000000001,0.6000000000000001,0.0,-0.003792265130052708,0.9473004301008049,策略2 波动率调整动量,招商银行积存金代理
2023-07-13,450.46861728596264,0.6000000000000001,0.6000000000000001,0.0,0.006095541064643318,0.9530747387730386,策略2 波动率调整动量,招商银行积存金代理
2023-07-14,449.755995978764,0.6000000000000001,0.6000000000000001,0.0,-0.0009491733006735671,0.9521701056774489,策略2 波动率调整动量,招商银行积存金代理
2023-07-17,450.71750331429337,0.6000000000000001,0.6000000000000001,0.0,0.0012827053034882854,0.9533914593218243,策略2 波动率调整动量,招商银行积存金代理
2023-07-18,452.85700356804995,0.6000000000000001,0.6000000000000001,0.0,0.0028481258056641595,0.9561068381400185,策略2 波动率调整动量,招商银行积存金代理
2023-07-19,459.5600202351131,0.6000000000000001,0.6000000000000001,0.0,0.008880971186379273,0.9645979954206402,策略2 波动率调整动量,招商银行积存金代理
2023-07-20,457.19115362975344,0.6000000000000001,0.6000000000000001,0.0,-0.003092784186249809,0.9616147019943149,策略2 波动率调整动量,招商银行积存金代理
2023-07-21,453.10723567908644,0.6000000000000001,0.6000000000000001,0.0,-0.005359576078728257,0.9564608548405528,策略2 波动率调整动量,招商银行积存金代理
2023-07-24,453.88231087299033,0.6000000000000001,0.6000000000000001,0.0,0.0010263467005671158,0.9574425152831401,策略2 波动率调整动量,招商银行积存金代理
2023-07-25,450.3516913434291,0.6000000000000001,0.6000000000000001,0.0,-0.004667226871349773,0.952973913848038,策略2 波动率调整动量,招商银行积存金代理
2023-07-26,453.31910251475733,0.6000000000000001,0.6000000000000001,0.0,0.003953458457068893,0.9567414566271064,策略2 波动率调整动量,招商银行积存金代理
2023-07-27,455.52165118245864,0.6000000000000001,0.6000000000000001,0.0,0.0029152294560050424,0.9595305775032469,策略2 波动率调整动量,招商银行积存金代理
2023-07-28,449.7446071554636,0.6000000000000001,0.6000000000000001,0.0,-0.007609356014580838,0.9522291677321484,策略2 波动率调整动量,招商银行积存金代理
2023-07-31,446.1236217406222,0.6000000000000001,0.6000000000000001,0.0,-0.004830722179518788,0.9476292131716001,策略2 波动率调整动量,招商银行积存金代理
2023-08-01,451.4805903936513,0.6000000000000001,0.6000000000000001,0.0,0.007204687300073554,0.9544565853289163,策略2 波动率调整动量,招商银行积存金代理
2023-08-02,450.7252745768761,0.6000000000000001,0.6000000000000001,0.0,-0.001003785101082655,0.9534985160289329,策略2 波动率调整动量,招商银行积存金代理
2023-08-03,446.0474656906753,0.6000000000000001,0.6000000000000001,0.0,-0.0062270422584028715,0.9475610404762963,策略2 波动率调整动量,招商银行积存金代理
2023-08-04,445.3796265402272,0.6000000000000001,0.6000000000000001,0.0,-0.0008983427125819344,0.9467098059208578,策略2 波动率调整动量,招商银行积存金代理
2023-08-07,447.88451320612785,0.6000000000000001,0.6000000000000001,0.0,0.003374496519329773,0.9499044748657532,策略2 波动率调整动量,招商银行积存金代理
2023-08-08,448.85453607303833,0.6000000000000001,0.6000000000000001,0.0,0.0012994727501963069,0.9511388498461307,策略2 波动率调整动量,招商银行积存金代理
2023-08-09,446.92959615796525,0.6000000000000001,0.6000000000000001,0.0,-0.002573136408842958,0.9486914398417267,策略2 波动率调整动量,招商银行积存金代理
2023-08-10,445.3825527405905,0.6000000000000001,0.6000000000000001,0.0,-0.0020768954627403695,0.9467211068947787,策略2 波动率调整动量,招商银行积存金代理
2023-08-11,444.90703884385687,0.6000000000000001,0.6000000000000001,0.0,-0.0006405916358523057,0.9461146452722172,策略2 波动率调整动量,招商银行积存金代理
2023-08-14,446.47238146557015,0.6000000000000001,0.6000000000000001,0.0,0.0021110153156232775,0.9481119077787223,策略2 波动率调整动量,招商银行积存金代理
2023-08-15,445.76058096860913,0.6000000000000001,0.6000000000000001,0.0,-0.0009565659958062912,0.9472049761675222,策略2 波动率调整动量,招商银行积存金代理
2023-08-16,447.3428986263823,0.6000000000000001,0.6000000000000001,0.0,0.0021298217814615054,0.9492223539572726,策略2 波动率调整动量,招商银行积存金代理
2023-08-17,443.3174235998307,0.6000000000000001,0.6000000000000001,0.0,-0.005399180412492012,0.944097331216687,策略2 波动率调整动量,招商银行积存金代理
2023-08-18,442.8024689643231,0.6000000000000001,0.6000000000000001,0.0,-0.0006969560970458312,0.9434393368254909,策略2 波动率调整动量,招商银行积存金代理
2023-08-21,437.4089688094962,0.6000000000000001,0.6000000000000001,0.0,-0.0073082250432458876,0.9365444698373194,策略2 波动率调整动量,招商银行积存金代理
2023-08-22,445.9003347817872,0.6000000000000001,0.6000000000000001,0.0,0.011647725462148852,0.9474530827050782,策略2 波动率调整动量,招商银行积存金代理
2023-08-23,439.0690945909093,0.6000000000000001,0.6000000000000001,0.0,-0.00919206332628695,0.9387440339701674,策略2 波动率调整动量,招商银行积存金代理
2023-08-24,449.3379975542301,0.6000000000000001,0.6000000000000001,0.0,0.014032738477603737,0.9519171834962814,策略2 波动率调整动量,招商银行积存金代理
2023-08-25,448.6712545474984,0.6000000000000001,0.6000000000000001,0.0,-0.0008903004113084646,0.951069691236283,策略2 波动率调整动量,招商银行积存金代理
2023-08-29,450.1723631570874,0.6000000000000001,0.6000000000000001,0.0,0.0020074055483267463,0.9529788738113163,策略2 波动率调整动量,招商银行积存金代理
2023-08-30,453.9095698800467,0.6000000000000001,0.6000000000000001,0.0,0.004981034415462605,0.9577256943789794,策略2 波动率调整动量,招商银行积存金代理
2023-08-31,453.61053194667613,0.6000000000000001,0.6000000000000001,0.0,-0.00039528305179765695,0.9573471216437202,策略2 波动率调整动量,招商银行积存金代理
2023-09-01,453.63386342141877,0.6000000000000001,0.6000000000000001,0.0,3.0861022528538844e-05,0.9573766663548088,策略2 波动率调整动量,招商银行积存金代理
2023-09-04,454.0455020368219,0.6000000000000001,0.6000000000000001,0.0,0.0005444548768450909,0.9578979147497836,策略2 波动率调整动量,招商银行积存金代理
2023-09-05,453.60550164089744,0.6000000000000001,0.6000000000000001,0.0,-0.0005814400459213776,0.9573409545422435,策略2 波动率调整动量,招商银行积存金代理
2023-09-06,452.41783273694256,0.6000000000000001,0.6000000000000001,0.0,-0.0015709715596374354,0.9558369991297814,策略2 波动率调整动量,招商银行积存金代理
2023-09-07,452.30559049212155,0.6000000000000001,0.6000000000000001,0.0,-0.0001488565260241437,0.9556947165546457,策略2 波动率调整动量,招商银行积存金代理
2023-09-08,453.64847762695246,0.6000000000000001,0.6000000000000001,0.0,0.0017813891710289466,0.9573971807735256,策略2 波动率调整动量,招商银行积存金代理
2023-09-11,451.4305939515765,0.6000000000000001,0.6000000000000001,0.0,-0.0029333950643605227,0.9545887566088119,策略2 波动率调整动量,招商银行积存金代理
2023-09-12,449.80529161065897,0.6000000000000001,0.6000000000000001,0.0,-0.002160202293810665,0.9525266517871398,策略2 波动率调整动量,招商银行积存金代理
2023-09-13,446.86436799784275,0.6000000000000001,0.6000000000000001,0.0,-0.003922928877451004,0.9487899574783022,策略2 波动率调整动量,招商银行积存金代理
2023-09-14,445.9674855298854,0.6000000000000001,0.6000000000000001,0.0,-0.0012042344821214803,0.9476473918952162,策略2 波动率调整动量,招商银行积存金代理
2023-09-15,448.833074293158,0.6000000000000001,0.6000000000000001,0.0,0.0038553332109418476,0.9513008883574524,策略2 波动率调整动量,招商银行积存金代理
2023-09-18,451.5447449599409,0.6000000000000001,0.6000000000000001,0.0,0.0036249610228301426,0.9547493169987318,策略2 波动率调整动量,招商银行积存金代理
2023-09-19,453.87163530684126,0.6000000000000001,0.6000000000000001,0.0,0.0030919066686604163,0.957701312778859,策略2 波动率调整动量,招商银行积存金代理
2023-09-20,452.13827881732703,0.6000000000000001,0.6000000000000001,0.0,-0.00229142738343946,0.9555068097656017,策略2 波动率调整动量,招商银行积存金代理
2023-09-21,451.82479468954176,0.6000000000000001,0.6000000000000001,0.0,-0.0004160021070615195,0.9551093169194276,策略2 波动率调整动量,招商银行积存金代理
2023-09-22,452.4825410892146,0.6000000000000001,0.6000000000000001,0.0,0.0008734532598523082,0.9559435602658061,策略2 波动率调整动量,招商银行积存金代理
2023-09-25,451.83527115857095,0.6000000000000001,0.6000000000000001,0.0,-0.0008582915872318521,0.9551230819501615,策略2 波动率调整动量,招商银行积存金代理
2023-09-26,449.47552277311456,0.6000000000000001,0.6000000000000001,0.0,-0.0031335513662831055,0.952130154711748,策略2 波动率调整动量,招商银行积存金代理
2023-09-27,445.38009264397203,0.6000000000000001,0.6000000000000001,0.0,-0.005466945257274625,0.9469249112781385,策略2 波动率调整动量,招商银行积存金代理
2023-09-28,439.84609119156056,0.6000000000000001,0.6000000000000001,0.0,-0.007455207195578774,0.939865389865905,策略2 波动率调整动量,招商银行积存金代理
2023-09-29,439.2593480999545,0.6000000000000001,0.6000000000000001,0.0,-0.0008003841844085314,0.9391131364723834,策略2 波动率调整动量,招商银行积存金代理
2023-10-02,422.86269827124664,0.6000000000000001,0.6000000000000001,0.0,-0.022396768423437255,0.9180800370314035,策略2 波动率调整动量,招商银行积存金代理
2023-10-04,422.07330886083895,0.6000000000000001,0.6000000000000001,0.0,-0.00112006485362961,0.9170517278491057,策略2 波动率调整动量,招商银行积存金代理
2023-10-05,421.805182824773,0.6000000000000001,0.6000000000000001,0.0,-0.00038115563875331667,0.9167021884120075,策略2 波动率调整动量,招商银行积存金代理
2023-10-06,421.6084831098362,0.6000000000000001,0.6000000000000001,0.0,-0.0002797970100123504,0.916445697880618,策略2 波动率调整动量,招商银行积存金代理
2023-10-09,434.16393797776755,0.6000000000000001,0.6000000000000001,0.0,0.0178679348792806,0.9328206899307457,策略2 波动率调整动量,招商银行积存金代理
2023-10-10,436.17347761854876,0.6000000000000001,0.6000000000000001,0.0,0.0027771163816246785,0.9354112415498707,策略2 波动率调整动量,招商银行积存金代理
2023-10-11,438.81167427412197,0.6000000000000001,0.6000000000000001,0.0,0.0036291018930964206,0.938805944257403,策略2 波动率调整动量,招商银行积存金代理
2023-10-12,441.59746253136797,0.6000000000000001,0.6000000000000001,0.0,0.0038090895305202383,0.9423819401508642,策略2 波动率调整动量,招商银行积存金代理
2023-10-13,442.9707422569659,0.6000000000000001,0.6000000000000001,0.0,0.001865879913882518,0.9441403116841972,策略2 波动率调整动量,招商银行积存金代理
2023-10-16,449.94169723450005,0.6000000000000001,0.6000000000000001,0.0,0.009442097609449364,0.9530549766641354,策略2 波动率调整动量,招商银行积存金代理
2023-10-17,452.1581043846261,0.6000000000000001,0.6000000000000001,0.0,0.002955592465088897,0.9558718187719792,策略2 波动率调整动量,招商银行积存金代理
2023-10-18,457.06616419522635,0.6000000000000001,0.6000000000000001,0.0,0.006512845524173506,0.9620972642685517,策略2 波动率调整动量,招商银行积存金代理
2023-10-19,458.05072687329175,0.6000000000000001,0.6000000000000001,0.0,0.001292455344795407,0.9633407320199686,策略2 波动率调整动量,招商银行积存金代理
2023-10-20,466.40712917249664,0.6000000000000001,0.6000000000000001,0.0,0.010946039565853296,0.9738854977880574,策略2 波动率调整动量,招商银行积存金代理
2023-10-23,465.8278580726853,0.6000000000000001,0.6000000000000001,0.0,-0.0007451915679407951,0.9731597665269659,策略2 波动率调整动量,招商银行积存金代理
2023-10-24,462.3189466079285,0.6000000000000001,0.6000000000000001,0.0,-0.004519581305344623,0.968761491839057,策略2 波动率调整动量,招商银行积存金代理
2023-10-25,463.3895610577036,0.6000000000000001,0.6000000000000001,0.0,0.001389449155346423,0.9701075366756248,策略2 波动率调整动量,招商银行积存金代理
2023-10-26,468.34820242688613,0.6000000000000001,0.6000000000000001,0.0,0.006420483048255488,0.9763360956698356,策略2 波动率调整动量,招商银行积存金代理
2023-10-27,467.4427613767249,0.6000000000000001,0.6000000000000001,0.0,-0.0011599588239725512,0.9752035860005004,策略2 波动率调整动量,招商银行积存金代理
2023-10-30,459.42899167075814,0.6000000000000001,0.6000000000000001,0.0,-0.010286311439327102,0.9651723381981505,策略2 波动率调整动量,招商银行积存金代理
2023-10-31,469.6147289684296,0.6000000000000001,0.6000000000000001,0.0,0.013302256691241878,0.9780113083921486,策略2 波动率调整动量,招商银行积存金代理
2023-11-01,466.2815804222142,0.6000000000000001,0.6000000000000001,0.0,-0.004258574112703562,0.9738463747522984,策略2 波动率调整动量,招商银行积存金代理
2023-11-02,467.29496909120786,0.6000000000000001,0.6000000000000001,0.0,0.001304004333273623,0.9751162746449183,策略2 波动率调整动量,招商银行积存金代理
2023-11-03,467.60326902624234,0.6000000000000001,0.6000000000000001,0.0,0.0003958526696326903,0.9755022770254387,策略2 波动率调整动量,招商银行积存金代理
2023-11-06,466.2774378741787,0.6000000000000001,0.6000000000000001,0.0,-0.0017012256841034915,0.9738427274968615,策略2 波动率调整动量,招商银行积存金代理
2023-11-07,459.8569846853164,0.6000000000000001,0.6000000000000001,0.0,-0.008261759202590691,0.9657970733810884,策略2 波动率调整动量,招商银行积存金代理
2023-11-08,458.6562437585073,0.6000000000000001,0.6000000000000001,0.0,-0.0015666709000374593,0.9642839872108808,策略2 波动率调整动量,招商银行积存金代理
2023-11-09,455.60751232111176,0.6000000000000001,0.6000000000000001,0.0,-0.003988256755097065,0.9604381750850551,策略2 波动率调整动量,招商银行积存金代理
2023-11-10,457.3639473660969,0.6000000000000001,0.6000000000000001,0.0,0.0023130896626839094,0.9626597546994914,策略2 波动率调整动量,招商银行积存金代理
2023-11-13,447.35764698141634,0.6000000000000001,0.6000000000000001,0.0,-0.013126920618433948,0.95002299651699,策略2 波动率调整动量,招商银行积存金代理
2023-11-14,456.1677496076416,0.6000000000000001,0.6000000000000001,0.0,0.011816186917566498,0.9612486458198215,策略2 波动率调整动量,招商银行积存金代理
2023-11-15,460.1187903833627,0.6000000000000001,0.6000000000000001,0.0,0.0051968260962588,0.9662440878674113,策略2 波动率调整动量,招商银行积存金代理
2023-11-16,458.11167116879005,0.6000000000000001,0.6000000000000001,0.0,-0.0026173056912981,0.9637151317170527,策略2 波动率调整动量,招商银行积存金代理
2023-11-17,463.7796151321148,0.6000000000000001,0.6000000000000001,0.0,0.007423444090211541,0.970869217116245,策略2 波动率调整动量,招商银行积存金代理
2023-11-20,458.0429380670561,0.6000000000000001,0.6000000000000001,0.0,-0.007421641932353396,0.9636637734236639,策略2 波动率调整动量,招商银行积存金代理
2023-11-21,458.24240983016347,0.6000000000000001,0.6000000000000001,0.0,0.0002612922237585025,0.9639155712739775,策略2 波动率调整动量,招商银行积存金代理
2023-11-22,455.6754818619314,0.6000000000000001,0.6000000000000001,0.0,-0.0033610088195679126,0.9606758425376068,策略2 波动率调整动量,招商银行积存金代理
2023-11-23,458.3236518929469,0.6000000000000001,0.6000000000000001,0.0,0.003486915758813503,0.9640256382720627,策略2 波动率调整动量,招商银行积存金代理
2023-11-24,454.53402498644664,0.6000000000000001,0.6000000000000001,0.0,-0.00496107092555469,0.9592430387065419,策略2 波动率调整动量,招商银行积存金代理
2023-11-27,458.04070594977446,0.6000000000000001,0.6000000000000001,0.0,0.004628935266308077,0.9636833126373711,策略2 波动率调整动量,招商银行积存金代理
2023-11-28,461.69836198688387,0.6000000000000001,0.6000000000000001,0.0,0.004791263295507876,0.9683005731217039,策略2 波动率调整动量,招商银行积存金代理
2023-11-29,462.75208020637837,0.6000000000000001,0.6000000000000001,0.0,0.0013693592694935311,0.969626524487164,策略2 波动率调整动量,招商银行积存金代理
2023-11-30,463.798184789413,0.6000000000000001,0.6000000000000001,0.0,0.0013563693750245245,0.9709416962101899,策略2 波动率调整动量,招商银行积存金代理
2023-12-01,465.0929832944444,0.6000000000000001,0.6000000000000001,0.0,0.0016750369632679621,0.9725680594405198,策略2 波动率调整动量,招商银行积存金代理
2023-12-04,469.2847558542983,0.6000000000000001,0.6000000000000001,0.0,0.005407657449693338,0.977827374352487,策略2 波动率调整动量,招商银行积存金代理
2023-12-05,464.183492433774,0.6000000000000001,0.6000000000000001,0.0,-0.006522176597751784,0.9714498115348441,策略2 波动率调整动量,招商银行积存金代理
2023-12-06,464.38909751605,0.6000000000000001,0.6000000000000001,0.0,0.00026576354259995056,0.9717079874782157,策略2 波动率调整动量,招商银行积存金代理
2023-12-07,467.05759293945243,0.6000000000000001,0.6000000000000001,0.0,0.0034477494467580532,0.975058193154454,策略2 波动率调整动量,招商银行积存金代理
2023-12-08,466.5736850797232,0.6000000000000001,0.6000000000000001,0.0,-0.000621646495478756,0.9744520516457916,策略2 波动率调整动量,招商银行积存金代理
2023-12-11,456.40654709806546,0.6000000000000001,0.6000000000000001,0.0,-0.01307463962086133,0.961711442242714,策略2 波动率调整动量,招商银行积存金代理
2023-12-12,458.29018366227194,0.6000000000000001,0.6000000000000001,0.0,0.0024762614509143523,0.964092891214043,策略2 波动率调整动量,招商银行积存金代理
2023-12-13,457.1708534632184,0.6000000000000001,0.6000000000000001,0.0,-0.0014654429515929437,0.9626800680819326,策略2 波动率调整动量,招商银行积存金代理
2023-12-14,469.01364324492164,0.6000000000000001,0.6000000000000001,0.0,0.015542709722621508,0.9776427249358837,策略2 波动率调整动量,招商银行积存金代理
2023-12-15,464.33633331609286,0.6000000000000001,0.6000000000000001,0.0,-0.005983591304254988,0.9717929104282892,策略2 波动率调整动量,招商银行积存金代理
2023-12-18,459.40609336794677,0.6000000000000001,0.6000000000000001,0.0,-0.006370692441321247,0.9656019166792941,策略2 波动率调整动量,招商银行积存金代理
2023-12-19,464.56002430478725,0.6000000000000001,0.6000000000000001,0.0,0.006731209286829333,0.9721015852682259,策略2 波动率调整动量,招商银行积存金代理
2023-12-20,462.7169782696868,0.6000000000000001,0.6000000000000001,0.0,-0.0023803761908165024,0.9697876177995984,策略2 波动率调整动量,招商银行积存金代理
2023-12-21,466.6005553852911,0.6000000000000001,0.6000000000000001,0.0,0.005035791593548256,0.9746712661328407,策略2 波动率调整动量,招商银行积存金代理
2023-12-22,471.7768734819876,0.6000000000000001,0.6000000000000001,0.0,0.006656209089706922,0.9811588818739503,策略2 波动率调整动量,招商银行积存金代理
2023-12-27,473.43535699903714,0.6000000000000001,0.6000000000000001,0.0,0.0021092388503178854,0.9832283803059333,策略2 波动率调整动量,招商银行积存金代理
2023-12-28,476.9855133020899,0.6000000000000001,0.6000000000000001,0.0,0.004499228353652419,0.9876521493127216,策略2 波动率调整动量,招商银行积存金代理
2023-12-29,471.24881358519883,0.6000000000000001,0.6000000000000001,0.0,-0.007216193645601733,0.9805250601487863,策略2 波动率调整动量,招商银行积存金代理
2024-01-02,471.54337771153536,0.6000000000000001,0.6000000000000001,0.0,0.0003750428026700004,0.9808927990154328,策略2 波动率调整动量,招商银行积存金代理
2024-01-03,468.1918086110581,0.6000000000000001,0.6000000000000001,0.0,-0.004264594850309901,0.9767096886360456,策略2 波动率调整动量,招商银行积存金代理
2024-01-04,467.66478273044305,0.6000000000000001,0.6000000000000001,0.0,-0.0006753973960097916,0.9760500214556832,策略2 波动率调整动量,招商银行积存金代理
2024-01-05,465.80153611837704,0.6000000000000001,0.6000000000000001,0.0,-0.0023904899588814703,0.9737167836800275,策略2 波动率调整动量,招商银行积存金代理
2024-01-08,462.44317051691576,0.6000000000000001,0.6000000000000001,0.0,-0.004325918239060278,0.969504564485827,策略2 波动率调整动量,招商银行积存金代理
2024-01-09,464.5938428014263,0.6000000000000001,0.6000000000000001,0.0,0.0027904042117519626,0.972209874105881,策略2 波动率调整动量,招商银行积存金代理
2024-01-10,464.920157943192,0.6000000000000001,0.6000000000000001,0.0,0.0004214198876999032,0.9726195826818474,策略2 波动率调整动量,招商银行积存金代理
2024-01-11,468.4099344766301,0.6000000000000001,0.6000000000000001,0.0,0.004503710764717407,0.9769999799663467,策略2 波动率调整动量,招商银行积存金代理
2024-01-12,465.7719565291706,0.6000000000000001,0.6000000000000001,0.0,-0.003379063192253185,0.9736986352952103,策略2 波动率调整动量,招商银行积存金代理
2024-01-15,468.8725611839734,0.6000000000000001,0.6000000000000001,0.0,0.003994149426136984,0.977587733140605,策略2 波动率调整动量,招商银行积存金代理
2024-01-16,465.41761527421653,0.6000000000000001,0.6000000000000001,0.0,-0.004421174787067007,0.9732656469026978,策略2 波动率调整动量,招商银行积存金代理
2024-01-17,463.9050311540501,0.6000000000000001,0.6000000000000001,0.0,-0.0019499701822956132,0.9713678079117849,策略2 波动率调整动量,招商银行积存金代理
2024-01-18,460.26356102129415,0.6000000000000001,0.6000000000000001,0.0,-0.004709761552312287,0.9667928971569282,策略2 波动率调整动量,招商银行积存金代理
2024-01-19,464.25330931120584,0.6000000000000001,0.6000000000000001,0.0,0.005201039527516028,0.971821225229963,策略2 波动率调整动量,招商银行积存金代理
2024-01-22,462.4582583665847,0.6000000000000001,0.6000000000000001,0.0,-0.0023199200634038022,0.9695666776715102,策略2 波动率调整动量,招商银行积存金代理
2024-01-23,468.7104243916135,0.6000000000000001,0.6000000000000001,0.0,0.008111650180639042,0.977431463387586,策略2 波动率调整动量,招商银行积存金代理
2024-01-24,462.04052675704236,0.6000000000000001,0.6000000000000001,0.0,-0.008538189834239774,0.969085968003224,策略2 波动率调整动量,招商银行积存金代理
2024-01-25,459.5157623497379,0.6000000000000001,0.6000000000000001,0.0,-0.003278627212671426,0.9659086963771106,策略2 波动率调整动量,招商银行积存金代理
2024-01-26,460.12898415865817,0.6000000000000001,0.6000000000000001,0.0,0.0008006974199768814,0.966682096978233,策略2 波动率调整动量,招商银行积存金代理
2024-01-29,461.91035977331046,0.6000000000000001,0.6000000000000001,0.0,0.0023228820734814805,0.9689275854920593,策略2 波动率调整动量,招商银行积存金代理
2024-01-30,463.9259256669228,0.6000000000000001,0.6000000000000001,0.0,0.002618126029389956,0.97146436002423,策略2 波动率调整动量,招商银行积存金代理
2024-01-31,464.8054775307439,0.6000000000000001,0.6000000000000001,0.0,0.001137533147202241,0.9725694329350832,策略2 波动率调整动量,招商银行积存金代理
2024-02-01,465.1580007436976,0.6000000000000001,0.6000000000000001,0.0,0.0004550590257581977,0.9730120094337167,策略2 波动率调整动量,招商银行积存金代理
2024-02-02,468.1533463492707,0.6000000000000001,0.6000000000000001,0.0,0.003863649255673352,0.9767713865597265,策略2 波动率调整动量,招商银行积存金代理
2024-02-05,462.953337606281,0.6000000000000001,0.6000000000000001,0.0,-0.006664494166546176,0.9702616993519501,策略2 波动率调整动量,招商银行积存金代理
2024-02-06,462.81218094322344,0.6000000000000001,0.6000000000000001,0.0,-0.0001829428388451904,0.9700841969222478,策略2 波动率调整动量,招商银行积存金代理
2024-02-07,464.12571478870973,0.6000000000000001,0.6000000000000001,0.0,0.0017028944780268064,0.9717361479444078,策略2 波动率调整动量,招商银行积存金代理
2024-02-08,465.0700557606433,0.6000000000000001,0.6000000000000001,0.0,0.0012207998072636173,0.9729224432465292,策略2 波动率调整动量,招商银行积存金代理
2024-02-09,464.2225815168586,0.6000000000000001,0.6000000000000001,0.0,-0.001093350431773499,0.9718586980731235,策略2 波动率调整动量,招商银行积存金代理
2024-02-12,466.46742718977697,0.6000000000000001,0.6000000000000001,0.0,0.002901425862029328,0.9746784740339509,策略2 波动率调整动量,招商银行积存金代理
2024-02-13,468.5275574258042,0.6000000000000001,0.6000000000000001,0.0,0.0026498702150824288,0.9772612454915753,策略2 波动率调整动量,招商银行积存金代理
2024-02-14,460.1178333999762,0.6000000000000001,0.6000000000000001,0.0,-0.010769557383603613,0.9667365744294818,策略2 波动率调整动量,招商银行积存金代理
2024-02-15,460.705880795911,0.6000000000000001,0.6000000000000001,0.0,0.0007668219137556777,0.9674778892195836,策略2 波动率调整动量,招商银行积存金代理
2024-02-16,461.89321370369,0.6000000000000001,0.6000000000000001,0.0,0.0015463222293508052,0.9689739217860892,策略2 波动率调整动量,招商银行积存金代理
2024-02-19,462.3940720067838,0.6000000000000001,0.6000000000000001,0.0,0.0006506157114684719,0.9696043514436063,策略2 波动率调整动量,招商银行积存金代理
2024-02-20,468.99209023988567,0.6000000000000001,0.6000000000000001,0.0,0.008561552103555138,0.9779056696183245,策略2 波动率调整动量,招商银行积存金代理
2024-02-21,468.9656950808586,0.6000000000000001,0.6000000000000001,0.0,-3.376836357331659e-05,0.9778726473441325,策略2 波动率调整动量,招商银行积存金代理
2024-02-22,469.3466296989481,0.6000000000000001,0.6000000000000001,0.0,0.0004873720471478827,0.9783492351381186,策略2 波动率调整动量,招商银行积存金代理
2024-02-23,467.00342600536237,0.6000000000000001,0.6000000000000001,0.0,-0.00299548804058365,0.975418601704748,策略2 波动率调整动量,招商银行积存金代理
2024-02-26,470.7410337326733,0.6000000000000001,0.6000000000000001,0.0,0.0048020303738859575,0.9801025914573877,策略2 波动率调整动量,招商银行积存金代理
2024-02-27,471.06202804248704,0.6000000000000001,0.6000000000000001,0.0,0.0004091349002679046,0.980503585633396,策略2 波动率调整动量,招商银行积存金代理
2024-02-28,468.646467796406,0.6000000000000001,0.6000000000000001,0.0,-0.003076741620782686,0.9774868294421512,策略2 波动率调整动量,招商银行积存金代理
2024-02-29,470.3020532295422,0.6000000000000001,0.6000000000000001,0.0,0.002119617511580696,0.9795587276431762,策略2 波动率调整动量,招商银行积存金代理
2024-03-01,473.7707104932779,0.6000000000000001,0.6000000000000001,0.0,0.004425229156347444,0.9838934994850973,策略2 波动率调整动量,招商银行积存金代理
2024-03-04,481.93745371945965,0.6000000000000001,0.6000000000000001,0.0,0.010342652737243397,0.9940695682807029,策略2 波动率调整动量,招商银行积存金代理
2024-03-05,492.120597870988,0.6000000000000001,0.6000000000000001,0.0,0.012677758169161902,1.006672141870689,策略2 波动率调整动量,招商银行积存金代理
2024-03-06,492.17683635274824,0.6000000000000001,0.6000000000000001,0.0,6.85667074334262e-05,1.006741166064922,策略2 波动率调整动量,招商银行积存金代理
2024-03-07,498.99491737894056,0.6000000000000001,0.6000000000000001,0.0,0.008311745522260685,1.0151089424440376,策略2 波动率调整动量,招商银行积存金代理
2024-03-08,501.4738755560272,0.6000000000000001,0.6000000000000001,0.0,0.0029807415956553565,1.018134719892902,策略2 波动率调整动量,招商银行积存金代理
2024-03-11,503.24275667565087,0.6000000000000001,0.6000000000000001,0.0,0.002116418668065956,1.0202895192206896,策略2 波动率调整动量,招商银行积存金代理
2024-03-12,502.6712254841347,0.6000000000000001,0.6000000000000001,0.0,-0.0006814180837394936,1.0195942754916427,策略2 波动率调整动量,招商银行积存金代理
2024-03-13,498.88520349668124,0.6000000000000001,0.6000000000000001,0.0,-0.0045190834034397834,1.0149866439230262,策略2 波动率调整动量,招商银行积存金代理
2024-03-14,501.3421885983919,0.6000000000000001,0.6000000000000001,0.0,0.0029549705036224345,1.0179858995173894,策略2 波动率调整动量,招商银行积存金代理
2024-03-15,501.8600257916761,0.6000000000000001,0.6000000000000001,0.0,0.0006197410132970483,1.0186167871302785,策略2 波动率调整动量,招商银行积存金代理
2024-03-18,498.5739687462132,0.6000000000000001,0.6000000000000001,0.0,-0.003928653660286053,1.0146149945610903,策略2 波动率调整动量,招商银行积存金代理
2024-03-19,498.4949970415363,0.6000000000000001,0.6000000000000001,0.0,-9.503709735447786e-05,1.0145185684970748,策略2 波动率调整动量,招商银行积存金代理
2024-03-20,498.3421371537851,0.6000000000000001,0.6000000000000001,0.0,-0.00018398566323643009,1.0143319116253842,策略2 波动率调整动量,招商银行积存金代理
2024-03-21,511.5625592078813,0.6000000000000001,0.6000000000000001,0.0,0.01591728381180402,1.030477320542095,策略2 波动率调整动量,招商银行积存金代理
2024-03-22,501.3298461606198,0.6000000000000001,0.6000000000000001,0.0,-0.012001714585726677,1.0181098258538843,策略2 波动率调整动量,招商银行积存金代理
2024-03-25,503.90026658363206,0.6000000000000001,0.6000000000000001,0.0,0.003076322436452772,1.0212418599539317,策略2 波动率调整动量,招商银行积存金代理
2024-03-26,508.34395726802074,0.6000000000000001,0.6000000000000001,0.0,0.005291154991263981,1.0266454089185146,策略2 波动率调整动量,招商银行积存金代理
2024-03-27,508.6749432151717,0.6000000000000001,0.6000000000000001,0.0,0.0003906637729262475,1.0270464820874203,策略2 波动率调整动量,招商银行积存金代理
2024-03-28,512.7189087268392,0.6000000000000001,0.6000000000000001,0.0,0.004769999661599434,1.0319454934594243,策略2 波动率调整动量,招商银行积存金代理
2024-04-02,526.5691482194128,0.6000000000000001,0.6000000000000001,0.0,0.01620799146296266,1.0486712572076575,策略2 波动率调整动量,招商银行积存金代理
2024-04-03,528.1568180090017,0.6000000000000001,0.6000000000000001,0.0,0.0018090727057871183,1.0505683797564154,策略2 波动率调整动量,招商银行积存金代理
2024-04-04,533.1788474178411,0.6000000000000001,0.6000000000000001,0.0,0.005705157147573426,1.0565620374571973,策略2 波动率调整动量,招商银行积存金代理
2024-04-05,532.2369175020102,0.6000000000000001,0.6000000000000001,0.0,-0.0010599781897492112,1.0554421047413756,策略2 波动率调整动量,招商银行积存金代理
2024-04-08,543.1896326399733,0.6000000000000001,0.6000000000000001,0.0,0.01234718762768461,1.0684738464387757,策略2 波动率调整动量,招商银行积存金代理
2024-04-09,549.611256895839,0.6000000000000001,0.6000000000000001,0.0,0.00709324022771476,1.0760527881085964,策略2 波动率调整动量,招商银行积存金代理
2024-04-10,545.6382330913041,0.6000000000000001,0.6000000000000001,0.0,-0.00433727339608101,1.0713856529779542,策略2 波动率调整动量,招商银行积存金代理
2024-04-11,542.4573516057717,0.6000000000000001,0.6000000000000001,0.0,-0.003497791715413157,1.0676381691169552,策略2 波动率调整动量,招商银行积存金代理
2024-04-12,557.1252774206077,0.6000000000000001,0.6000000000000001,0.0,0.016223866194918026,1.084959387917296,策略2 波动率调整动量,招商银行积存金代理
2024-04-15,546.1230148759125,0.6000000000000001,0.6000000000000001,0.0,-0.011848964307238476,1.0721037428550608,策略2 波动率调整动量,招商银行积存金代理
2024-04-16,551.1460203831851,0.6000000000000001,0.6000000000000001,0.0,0.005518542933130767,1.0780201933887767,策略2 波动率调整动量,招商银行积存金代理
2024-04-17,556.9964571128786,0.6000000000000001,0.6000000000000001,0.0,0.006369023648897133,1.0848861294944585,策略2 波动率调整动量,招商银行积存金代理
2024-04-18,553.7085369501776,0.6000000000000001,0.6000000000000001,0.0,-0.003541767766075399,1.081043714771153,策略2 波动率调整动量,招商银行积存金代理
2024-04-19,554.1622343038146,0.6000000000000001,0.6000000000000001,0.0,0.0004916276235896523,1.0815751857236422,策略2 波动率调整动量,招商银行积存金代理
2024-04-22,549.8678276259534,0.6000000000000001,0.6000000000000001,0.0,-0.004649620358835317,1.0765462717204903,策略2 波动率调整动量,招商银行积存金代理
2024-04-23,535.2761091712858,0.6000000000000001,0.6000000000000001,0.0,-0.01592206459977892,1.0594054324375055,策略2 波动率调整动量,招商银行积存金代理
2024-04-24,538.5495743359346,0.6000000000000001,0.6000000000000001,0.0,0.003669282198732971,1.0632926899319894,策略2 波动率调整动量,招商银行积存金代理
2024-04-25,541.2401218083633,0.6000000000000001,0.6000000000000001,0.0,0.0029975485273529227,1.0664799613688403,策略2 波动率调整动量,招商银行积存金代理
2024-04-26,546.860464053186,0.6000000000000001,0.6000000000000001,0.0,0.006230516199772041,1.0731246820448812,策略2 波动率调整动量,招商银行积存金代理
2024-04-29,543.9535777593359,0.6000000000000001,0.6000000000000001,0.0,-0.003189354306915915,1.0697021072183437,策略2 波动率调整动量,招商银行积存金代理
2024-04-30,538.8713271797357,0.6000000000000001,0.6000000000000001,0.0,-0.005605901813020676,1.0637054622360964,策略2 波动率调整动量,招商银行积存金代理
2024-05-01,532.6900112549502,0.5,0.5,0.0004693161026448232,-0.0073518302907383155,1.0558852801984053,策略2 波动率调整动量,招商银行积存金代理
2024-05-02,535.3839117957016,0.5,0.5,0.0,0.0025285818053965015,1.058555172506501,策略2 波动率调整动量,招商银行积存金代理
2024-05-03,535.5119077755706,0.5,0.5,0.0,0.00011953663254449243,1.058681708627185,策略2 波动率调整动量,招商银行积存金代理
2024-05-07,537.2581371202981,0.5,0.5,0.0,0.001630429986123949,1.0604078150306917,策略2 波动率调整动量,招商银行积存金代理
2024-05-08,536.1620508915855,0.5,0.5,0.0,-0.0010200741068228103,1.0593261204759061,策略2 波动率调整动量,招商银行积存金代理
2024-05-09,535.81831511632,0.5,0.5,0.0,-0.0003205521303623615,1.058986551231239,策略2 波动率调整动量,招商银行积存金代理
2024-05-10,550.2889141320011,0.5,0.5,0.0,0.013503270238662601,1.0732863328116238,策略2 波动率调整动量,招商银行积存金代理
2024-05-13,544.1755383729371,0.5,0.5,0.0,-0.005554696453141272,1.0673245530255502,策略2 波动率调整动量,招商银行积存金代理
2024-05-14,545.8264576236519,0.5,0.5,0.0,0.0015168995427936594,1.0689435771520468,策略2 波动率调整动量,招商银行积存金代理
2024-05-15,550.3867294622587,0.5,0.5,0.0,0.004177400870654657,1.0734089829819227,策略2 波动率调整动量,招商银行积存金代理
2024-05-16,553.082929564511,0.5,0.5,0.0,0.0024493687419449017,1.0760381573921614,策略2 波动率调整动量,招商银行积存金代理
2024-05-17,657.0564410858575,0.5,0.5,0.0,0.09399450422671118,1.1771798305252614,策略2 波动率调整动量,招商银行积存金代理
2024-05-20,568.3225020361087,0.5,0.5,0.0,-0.06752383319087951,1.097692136013206,策略2 波动率调整动量,招商银行积存金代理
2024-05-21,562.4336092458844,0.5,0.5,0.0,-0.005180942835385172,1.0920050558056698,策略2 波动率调整动量,招商银行积存金代理
2024-05-22,561.9916647392557,0.5,0.5,0.0,-0.00039288593299152685,1.091576022380488,策略2 波动率调整动量,招商银行积存金代理
2024-05-23,549.8733976180969,0.5,0.5,0.0,-0.010781536347857834,1.0798071558187428,策略2 波动率调整动量,招商银行积存金代理
2024-05-24,544.7397248187577,0.5,0.5,0.0,-0.004668049792531159,1.0747665622490494,策略2 波动率调整动量,招商银行积存金代理
2024-05-28,546.1560243217048,0.5,0.5,0.0,0.0012999781716105385,1.0761637353195501,策略2 波动率调整动量,招商银行积存金代理
2024-05-29,545.602052599008,0.5,0.5,0.0,-0.0005071551882859793,1.0756179532977375,策略2 波动率调整动量,招商银行积存金代理
2024-05-31,546.0681998522857,0.5,0.5,0.0,0.0004271861249945941,1.0760774423631814,策略2 波动率调整动量,招商银行积存金代理
2024-06-03,541.2731749473332,0.15000000000000002,0.15000000000000002,0.0016165589585797207,-0.00600705899708183,1.0696133816814768,策略2 波动率调整动量,招商银行积存金代理
2024-06-04,542.6236220651095,0.15000000000000002,0.15000000000000002,0.0,0.00037424183765648604,1.0700136757590193,策略2 波动率调整动量,招商银行积存金代理
2024-06-05,543.3834854095147,0.15000000000000002,0.15000000000000002,0.0,0.00021005259820240378,1.0702384349117247,策略2 波动率调整动量,招商银行积存金代理
2024-06-06,549.8495816566021,0.15000000000000002,0.15000000000000002,0.0,0.0017849538366668475,1.0721487611122686,策略2 波动率调整动量,招商银行积存金代理
2024-06-07,544.5277429371353,0.15000000000000002,0.15000000000000002,0.0,-0.0014518076116652903,1.0705922073800482,策略2 波动率调整动量,招商银行积存金代理
2024-06-10,535.3295389645727,0.15000000000000002,0.15000000000000002,0.0,-0.0025338113875378156,1.0678795286535794,策略2 波动率调整动量,招商银行积存金代理
2024-06-11,536.4521278402434,0.15000000000000002,0.15000000000000002,0.0,0.00031455079365934064,1.06821543100685,策略2 波动率调整动量,招商银行积存金代理
2024-06-12,538.70112070869,0.15000000000000002,0.15000000000000002,0.0,0.0006288518821337519,1.068887180291163,策略2 波动率调整动量,招商银行积存金代理
2024-06-13,540.0439082255897,0.15000000000000002,0.15000000000000002,0.0,0.0003738958761956402,1.069286832799992,策略2 波动率调整动量,招商银行积存金代理
2024-06-14,540.1721376164522,0.15000000000000002,0.15000000000000002,0.0,3.56163792173625e-05,1.0693249169253214,策略2 波动率调整动量,招商银行积存金代理
2024-06-17,541.3117920496604,0.15000000000000002,0.15000000000000002,0.0,0.0003164697937504735,1.0696633259612331,策略2 波动率调整动量,招商银行积存金代理
2024-06-18,539.1231597874902,0.15000000000000002,0.15000000000000002,0.0,-0.0006064801176461633,1.0690145964214623,策略2 波动率调整动量,招商银行积存金代理
2024-06-19,543.2518115159104,0.15000000000000002,0.15000000000000002,0.0,0.0011487129573642064,1.0702425873399832,策略2 波动率调整动量,招商银行积存金代理
2024-06-20,544.4766628933656,0.15000000000000002,0.15000000000000002,0.0,0.0003381998968500555,1.070604543272626,策略2 波动率调整动量,招商银行积存金代理
2024-06-21,551.723282144888,0.15000000000000002,0.15000000000000002,0.0,0.0019963994084742477,1.0727418975495253,策略2 波动率调整动量,招商银行积存金代理
2024-06-24,543.0299471175982,0.15000000000000002,0.15000000000000002,0.0,-0.0023635041266049377,1.0702064676478849,策略2 波动率调整动量,招商银行积存金代理
2024-06-25,544.5207938814144,0.15000000000000002,0.15000000000000002,0.0,0.000411813410585249,1.0706471930233574,策略2 波动率调整动量,招商银行积存金代理
2024-06-26,540.8717794781173,0.15000000000000002,0.15000000000000002,0.0,-0.0010051997401108739,1.06957097874318,策略2 波动率调整动量,招商银行积存金代理
2024-06-27,539.850546358686,0.15000000000000002,0.15000000000000002,0.0,-0.0002832186365177292,1.0692680563089214,策略2 波动率调整动量,招商银行积存金代理
2024-06-28,543.8342090430751,0.15000000000000002,0.15000000000000002,0.0,0.0011068793144489056,1.0704516070020507,策略2 波动率调整动量,招商银行积存金代理
2024-07-01,543.8584912677537,0.15000000000000002,0.15000000000000002,0.0,6.697507514652479e-06,1.0704587763597326,策略2 波动率调整动量,招商银行积存金代理
2024-07-02,544.3260567889664,0.15000000000000002,0.15000000000000002,0.0,0.00012895786184824456,1.0705968204347285,策略2 波动率调整动量,招商银行积存金代理
2024-07-03,547.4326554906942,0.15000000000000002,0.15000000000000002,0.0,0.0008560857953559655,1.071513343165256,策略2 波动率调整动量,招商银行积存金代理
2024-07-04,550.6440282650843,0.15000000000000002,0.15000000000000002,0.0,0.0008799363927728177,1.0724562067512484,策略2 波动率调整动量,招商银行积存金代理
2024-07-05,552.5478755543938,0.15000000000000002,0.15000000000000002,0.0,0.0005186237909383996,1.0730124080548094,策略2 波动率调整动量,招商银行积存金代理
2024-07-08,554.1186757821705,0.15000000000000002,0.15000000000000002,0.0,0.00042642464950225505,1.0734699669948256,策略2 波动率调整动量,招商银行积存金代理
2024-07-09,552.306868038185,0.15000000000000002,0.15000000000000002,0.0,-0.0004904565997783828,1.0729434765648491,策略2 波动率调整动量,招商银行积存金代理
2024-07-10,554.9752816234015,0.15000000000000002,0.15000000000000002,0.0,0.000724709506518051,1.0737210489022724,策略2 波动率调整动量,招商银行积存金代理
2024-07-11,555.9564378149554,0.15000000000000002,0.15000000000000002,0.0,0.00026518915996143205,1.0740057880852636,策略2 波动率调整动量,招商银行积存金代理
2024-07-12,560.7613307767092,0.15000000000000002,0.15000000000000002,0.0,0.0012963856432632206,1.075398113769719,策略2 波动率调整动量,招商银行积存金代理
2024-07-15,562.0934650220875,0.15000000000000002,0.15000000000000002,0.0,0.00035633722555364903,1.0757813181499454,策略2 波动率调整动量,招商银行积存金代理
2024-07-16,569.4265288569608,0.15000000000000002,0.15000000000000002,0.0,0.0019568979959369683,1.0778865124554995,策略2 波动率调整动量,招商银行积存金代理
2024-07-17,576.5676498417686,0.15000000000000002,0.15000000000000002,0.0,0.0018811349549719305,1.0799141624515722,策略2 波动率调整动量,招商银行积存金代理
2024-07-18,575.7344710551125,0.15000000000000002,0.15000000000000002,0.0,-0.00021676002466095582,1.0796800802310875,策略2 波动率调整动量,招商银行积存金代理
2024-07-19,563.7971321570933,0.15000000000000002,0.15000000000000002,0.0,-0.003110115729949881,1.0763221502302471,策略2 波动率调整动量,招商银行积存金代理
2024-07-22,561.5019018955819,0.15000000000000002,0.15000000000000002,0.0,-0.0006106532289539613,1.0756648906338144,策略2 波动率调整动量,招商银行积存金代理
2024-07-23,562.3387695244415,0.15000000000000002,0.15000000000000002,0.0,0.00022356138760200043,1.0759053677693593,策略2 波动率调整动量,招商银行积存金代理
2024-07-24,562.9252174876071,0.15000000000000002,0.15000000000000002,0.0,0.00015643096162341056,1.076073672680655,策略2 波动率调整动量,招商银行积存金代理
2024-07-25,551.2044554533979,0.15000000000000002,0.15000000000000002,0.0,-0.0031231756022194585,1.072712905639948,策略2 波动率调整动量,招商银行积存金代理
2024-07-26,551.9715507419573,0.15000000000000002,0.15000000000000002,0.0,0.00020875065893520843,1.0729368351658488,策略2 波动率调整动量,招商银行积存金代理
2024-07-29,558.2198777708282,0.15000000000000002,0.15000000000000002,0.0,0.0016980024660162244,1.07475868455784,策略2 波动率调整动量,招商银行积存金代理
2024-07-30,556.9477010270728,0.15000000000000002,0.15000000000000002,0.0,-0.0003418482916182853,1.074391280137622,策略2 波动率调整动量,招商银行积存金代理
2024-07-31,561.4400201679014,0.15000000000000002,0.15000000000000002,0.0,0.0012098943399562192,1.075691180066359,策略2 波动率调整动量,招商银行积存金代理
2024-08-01,566.7847323682907,0.15000000000000002,0.15000000000000002,0.0,0.0014279474231613466,1.0772272105150522,策略2 波动率调整动量,招商银行积存金代理
2024-08-02,573.2466371847329,0.15000000000000002,0.15000000000000002,0.0,0.0017101479046836457,1.0790694283719828,策略2 波动率调整动量,招商银行积存金代理
2024-08-05,554.3864064295094,0.15000000000000002,0.15000000000000002,0.0,-0.004935108956202817,1.0737441031716595,策略2 波动率调整动量,招商银行积存金代理
2024-08-06,555.4485731615919,0.15000000000000002,0.15000000000000002,0.0,0.0002873898204656556,1.0740526862966961,策略2 波动率调整动量,招商银行积存金代理
2024-08-07,552.394239704749,0.15000000000000002,0.15000000000000002,0.0,-0.0008248288692482565,1.073166776633945,策略2 波动率调整动量,招商银行积存金代理
2024-08-08,552.6821671738059,0.15000000000000002,0.15000000000000002,0.0,7.81853199295135e-05,1.0732506825217136,策略2 波动率调整动量,招商银行积存金代理
2024-08-09,558.9440379073402,0.15000000000000002,0.15000000000000002,0.0,0.0016994950548761992,1.0750746667493016,策略2 波动率调整动量,招商银行积存金代理
2024-08-12,563.2690194400118,0.15000000000000002,0.15000000000000002,0.0,0.0011606658017672246,1.076322469149344,策略2 波动率调整动量,招商银行积存金代理
2024-08-13,565.8553462348282,0.15000000000000002,0.15000000000000002,0.0,0.0006887455298147606,1.07706378143861,策略2 波动率调整动量,招商银行积存金代理
2024-08-14,567.2486632051932,0.15000000000000002,0.15000000000000002,0.0,0.0003693480090723123,1.0774615928019282,策略2 波动率调整动量,招商银行积存金代理
2024-08-15,566.4853379462369,0.15000000000000002,0.15000000000000002,0.0,-0.00020184937624442292,1.0772441078514938,策略2 波动率调整动量,招商银行积存金代理
2024-08-16,567.8460559081229,0.15000000000000002,0.15000000000000002,0.0,0.00036030534351143566,1.077632244659819,策略2 波动率调整动量,招商银行积存金代理
2024-08-19,573.9424988226658,0.15000000000000002,0.15000000000000002,0.0,0.0016104125892342006,1.079367677193184,策略2 波动率调整动量,招商银行积存金代理
2024-08-20,578.1892049781522,0.15000000000000002,0.15000000000000002,0.0,0.0011098776003339418,1.0805656432006252,策略2 波动率调整动量,招商银行积存金代理
2024-08-21,574.9858391432109,0.15000000000000002,0.15000000000000002,0.0,-0.0008310512737078114,1.0796676377465184,策略2 波动率调整动量,招商银行积存金代理
2024-08-22,575.4159528578689,0.15000000000000002,0.15000000000000002,0.0,0.00011220634110716834,1.0797887833017616,策略2 波动率调整动量,招商银行积存金代理
2024-08-23,574.3134034292164,0.15000000000000002,0.15000000000000002,0.0,-0.0002874136761007229,1.0794784372381405,策略2 波动率调整动量,招商银行积存金代理
2024-08-27,574.8912751063194,0.15000000000000002,0.15000000000000002,0.0,0.00015092935503141505,1.0796413622224432,策略2 波动率调整动量,招商银行积存金代理
2024-08-28,574.8163521275068,0.15000000000000002,0.15000000000000002,0.0,-1.9548821331155654e-05,1.0796202565063515,策略2 波动率调整动量,招商银行积存金代理
2024-08-29,574.2035969366755,0.15000000000000002,0.15000000000000002,0.0,-0.00015990025037475599,1.0794476249570266,策略2 波动率调整动量,招商银行积存金代理
2024-08-30,575.8232888531055,0.15000000000000002,0.15000000000000002,0.0,0.00042311436006435836,1.0799043547480833,策略2 波动率调整动量,招商银行积存金代理
2024-09-02,572.4676185276488,0.6000000000000001,0.6000000000000001,0.0019651766555694983,-0.0028393173139319864,1.0768381636162565,策略2 波动率调整动量,招商银行积存金代理
2024-09-03,573.0594458713641,0.6000000000000001,0.6000000000000001,0.0,0.0006202908159984145,1.0775061164394641,策略2 波动率调整动量,招商银行积存金代理
2024-09-04,565.7901431342198,0.6000000000000001,0.6000000000000001,0.0,-0.007611045719095745,1.0693051681246382,策略2 波动率调整动量,招商银行积存金代理
2024-09-05,573.8181151466276,0.6000000000000001,0.6000000000000001,0.0,0.008513374200479885,1.0784085631553901,策略2 波动率调整动量,招商银行积存金代理
2024-09-06,574.0119071476902,0.6000000000000001,0.6000000000000001,0.0,0.00020263424518729425,1.0786270856605886,策略2 波动率调整动量,招商银行积存金代理
2024-09-09,571.0026887991025,0.6000000000000001,0.6000000000000001,0.0,-0.0031454591562819494,1.0752343082177838,策略2 波动率调整动量,招商银行积存金代理
2024-09-10,572.885598622833,0.6000000000000001,0.6000000000000001,0.0,0.0019785299025723902,1.0773616914488642,策略2 波动率调整动量,招商银行积存金代理
2024-09-11,577.2721625924675,0.6000000000000001,0.6000000000000001,0.0,0.004594177944266109,1.0823112827697159,策略2 波动率调整动量,招商银行积存金代理
2024-09-12,575.7967167888709,0.6000000000000001,0.6000000000000001,0.0,-0.00153353572114463,1.0806515197561906,策略2 波动率调整动量,招商银行积存金代理
2024-09-13,588.3351762194524,0.6000000000000001,0.6000000000000001,0.0,0.013065506347976277,1.0947707790475154,策略2 波动率调整动量,招商银行积存金代理
2024-09-16,590.0140934684387,0.6000000000000001,0.6000000000000001,0.0,0.0017122048623114065,1.0966452508985172,策略2 波动率调整动量,招商银行积存金代理
2024-09-17,587.289144805876,0.6000000000000001,0.6000000000000001,0.0,-0.002771068039962033,1.093606372292576,策略2 波动率调整动量,招商银行积存金代理
2024-09-18,584.7091013278093,0.6000000000000001,0.6000000000000001,0.0,-0.0026358840454163484,1.0907237527038842,策略2 波动率调整动量,招商银行积存金代理
2024-09-19,588.6084726292027,0.6000000000000001,0.6000000000000001,0.0,0.0040013449004351114,1.0950881146295492,策略2 波动率调整动量,招商银行积存金代理
2024-09-20,592.2097404016001,0.6000000000000001,0.6000000000000001,0.0,0.0036709642553849346,1.0991081439548513,策略2 波动率调整动量,招商银行积存金代理
2024-09-23,593.3425118826398,0.6000000000000001,0.6000000000000001,0.0,0.0011476725934343348,1.1003695602488888,策略2 波动率调整动量,招商银行积存金代理
2024-09-24,594.1211119533925,0.6000000000000001,0.6000000000000001,0.0,0.0007873362064844792,1.1012359210441862,策略2 波动率调整动量,招商银行积存金代理
2024-09-25,600.0074476513787,0.6000000000000001,0.6000000000000001,0.0,0.005944581580647147,1.1077823078163727,策略2 波动率调整动量,招商银行积存金代理
2024-09-26,601.4221417096338,0.6000000000000001,0.6000000000000001,0.0,0.0014146764982261753,1.109349461412391,策略2 波动率调整动量,招商银行积存金代理
2024-09-27,599.540514491201,0.6000000000000001,0.6000000000000001,0.0,-0.0018771778635392703,1.1072670151604986,策略2 波动率调整动量,招商银行积存金代理
2024-09-30,597.9211758992037,0.6000000000000001,0.6000000000000001,0.0,-0.0016205796467698044,1.10547260077219,策略2 波动率调整动量,招商银行积存金代理
2024-10-01,598.7264584035215,0.6000000000000001,0.6000000000000001,0.0,0.0008080822724902516,1.106365913583598,策略2 波动率调整动量,招商银行积存金代理
2024-10-02,600.7623475049003,0.6000000000000001,0.6000000000000001,0.0,0.002040219608942007,1.108623143015156,策略2 波动率调整动量,招商银行积存金代理
2024-10-03,598.9930846216832,0.6000000000000001,0.6000000000000001,0.0,-0.0017670177472657758,1.1066641862464186,策略2 波动率调整动量,招商银行积存金代理
2024-10-04,601.9376526307897,0.6000000000000001,0.6000000000000001,0.0,0.002949517867271734,1.1099283120368224,策略2 波动率调整动量,招商银行积存金代理
2024-10-07,598.3847459042438,0.6000000000000001,0.6000000000000001,0.0,-0.0035414698293264606,1.1059975344070285,策略2 波动率调整动量,招商银行积存金代理
2024-10-08,598.9382709356574,0.6000000000000001,0.6000000000000001,0.0,0.0005550191931217974,1.1066113842661698,策略2 波动率调整动量,招商银行积存金代理
2024-10-09,595.8342223261842,0.6000000000000001,0.6000000000000001,0.0,-0.003109551110792186,1.1031703196070097,策略2 波动率调整动量,招商银行积存金代理
2024-10-10,595.765933175376,0.6000000000000001,0.6000000000000001,0.0,-6.876659471655168e-05,1.103094458340738,策略2 波动率调整动量,招商银行积存金代理
2024-10-11,600.2730171287135,0.6000000000000001,0.6000000000000001,0.0,0.004539115483809476,1.1081015314766969,策略2 波动率调整动量,招商银行积存金代理
2024-10-14,605.8764863929841,0.6000000000000001,0.6000000000000001,0.0,0.0056009206854644505,1.1143079202659394,策略2 波动率调整动量,招商银行积存金代理
2024-10-15,607.1766059124025,0.6000000000000001,0.6000000000000001,0.0,0.0012875094663189037,1.1157426022616759,策略2 波动率调整动量,招商银行积存金代理
2024-10-16,613.2125145448672,0.6000000000000001,0.6000000000000001,0.0,0.0059645663950387735,1.1223975230926388,策略2 波动率调整动量,招商银行积存金代理
2024-10-17,613.3912250692206,0.6000000000000001,0.6000000000000001,0.0,0.0001748599581201216,1.1225937854765209,策略2 波动率调整动量,招商银行积存金代理
2024-10-18,620.9828990265635,0.6000000000000001,0.6000000000000001,0.0,0.00742593664246134,1.1309300958026904,策略2 波动率调整动量,招商银行积存金代理
2024-10-21,625.741861869417,0.6000000000000001,0.6000000000000001,0.0,0.004598158355388149,1.1361302914720657,策略2 波动率调整动量,招商银行积存金代理
2024-10-22,625.8953827214021,0.6000000000000001,0.6000000000000001,0.0,0.00014720528832117276,1.136297535859192,策略2 波动率调整动量,招商银行积存金代理
2024-10-23,630.2092925188664,0.6000000000000001,0.6000000000000001,0.0,0.0041354289389775815,1.1409966135722733,策略2 波动率调整动量,招商银行积存金代理
2024-10-24,627.1079661183198,0.6000000000000001,0.6000000000000001,0.0,-0.0029526632857007854,1.1376276347622696,策略2 波动率调整动量,招商银行积存金代理
2024-10-25,622.3588820683362,0.6000000000000001,0.6000000000000001,0.0,-0.004543795620437919,1.1324584872977477,策略2 波动率调整动量,招商银行积存金代理
2024-10-28,625.0336971437109,0.6000000000000001,0.6000000000000001,0.0,0.0025787195964667832,1.1353787801911275,策略2 波动率调整动量,招商银行积存金代理
2024-10-29,630.0601547968314,0.6000000000000001,0.6000000000000001,0.0,0.004825139197541262,1.1408571408474844,策略2 波动率调整动量,招商银行积存金代理
2024-10-30,638.1872159120285,0.6000000000000001,0.6000000000000001,0.0,0.007739319225305731,1.1496865984509728,策略2 波动率调整动量,招商银行积存金代理
2024-10-31,635.7769962959276,0.6000000000000001,0.6000000000000001,0.0,-0.002265999276707365,1.1470814094504427,策略2 波动率调整动量,招商银行积存金代理
2024-11-01,628.7725240510354,0.6000000000000001,0.6000000000000001,0.0,-0.006610310488458083,1.1394988451784371,策略2 波动率调整动量,招商银行积存金代理
2024-11-04,627.6813328540965,0.6000000000000001,0.6000000000000001,0.0,-0.001041258472849882,1.1383123323510926,策略2 波动率调整动量,招商银行积存金代理
2024-11-05,624.9815500354409,0.6000000000000001,0.6000000000000001,0.0,-0.002580719875526172,1.1353746670904374,策略2 波动率调整动量,招商银行积存金代理
2024-11-06,622.503324942662,0.6000000000000001,0.6000000000000001,0.0,-0.0023791663219227656,1.1326734219197316,策略2 波动率调整动量,招商银行积存金代理
2024-11-07,615.4022917751072,0.6000000000000001,0.6000000000000001,0.0,-0.00684433276067289,1.124921028110943,策略2 波动率调整动量,招商银行积存金代理
2024-11-08,616.5082617446635,0.6000000000000001,0.6000000000000001,0.0,0.0010782897473776921,1.1261340189221647,策略2 波动率调整动量,招商银行积存金代理
2024-11-11,616.321497235632,0.6000000000000001,0.6000000000000001,0.0,-0.00018176350970831038,1.1259293288504832,策略2 波动率调整动量,招商银行积存金代理
2024-11-12,600.6453139632885,0.6000000000000001,0.6000000000000001,0.0,-0.015261044772238644,1.1087464709525194,策略2 波动率调整动量,招商银行积存金代理
2024-11-13,606.7703530252132,0.6000000000000001,0.6000000000000001,0.0,0.006118458517399629,1.1155302902413555,策略2 波动率调整动量,招商银行积存金代理
2024-11-14,591.8543486247057,0.6000000000000001,0.6000000000000001,0.0,-0.014749571391687002,1.0990766965858514,策略2 波动率调整动量,招商银行积存金代理
2024-11-15,596.5631259661212,0.6000000000000001,0.6000000000000001,0.0,0.004773583925528958,1.104323231437597,策略2 波动率调整动量,招商银行积存金代理
2024-11-18,602.1517492113209,0.6000000000000001,0.6000000000000001,0.0,0.005620819995686733,1.1105304335385628,策略2 波动率调整动量,招商银行积存金代理
2024-11-19,613.183962665563,0.6000000000000001,0.6000000000000001,0.0,0.010992790573497536,1.1227382620199475,策略2 波动率调整动量,招商银行积存金代理
2024-11-20,610.7016938424189,0.6000000000000001,0.6000000000000001,0.0,-0.0024288979891321063,1.1200112453130058,策略2 波动率调整动量,招商银行积存金代理
2024-11-21,621.7731481380541,0.6000000000000001,0.6000000000000001,0.0,0.01087744252940497,1.1321941032661853,策略2 波动率调整动量,招商银行积存金代理
2024-11-22,629.3894475461955,0.6000000000000001,0.6000000000000001,0.0,0.0073495931089488055,1.140515269245543,策略2 波动率调整动量,招商银行积存金代理
2024-11-25,621.7644798809991,0.6000000000000001,0.6000000000000001,0.0,-0.007268918500229527,1.13222495670513,策略2 波动率调整动量,招商银行积存金代理
2024-11-26,612.2163478008857,0.6000000000000001,0.6000000000000001,0.0,-0.00921390564022655,1.1217927427905394,策略2 波动率调整动量,招商银行积存金代理
2024-11-27,617.4002906372802,0.6000000000000001,0.6000000000000001,0.0,0.005080500893204354,1.1274920118222769,策略2 波动率调整动量,招商银行积存金代理
2024-11-28,616.533772974016,0.6000000000000001,0.6000000000000001,0.0,-0.0008420964580724501,1.1265425547926162,策略2 波动率调整动量,招商银行积存金代理
2024-11-29,620.4212575195921,0.6000000000000001,0.6000000000000001,0.0,0.0037832326947707887,1.1308045274179586,策略2 波动率调整动量,招商银行积存金代理
2024-12-02,613.9357212738715,0.55,0.5500000000000002,0.00020360437692179567,-0.006475668237192523,1.1234818124572845,策略2 波动率调整动量,招商银行积存金代理
2024-12-03,618.3898615978493,0.55,0.5500000000000002,0.0,0.003990282847697203,1.1279648226632328,策略2 波动率调整动量,招商银行积存金代理
2024-12-04,618.7142435658116,0.55,0.5500000000000002,0.0,0.0002885074504913266,1.1282902489184632,策略2 波动率调整动量,招商银行积存金代理
2024-12-05,618.6053284022935,0.55,0.5500000000000002,0.0,-9.681907368042645e-05,1.1281810089017201,策略2 波动率调整动量,招商银行积存金代理
2024-12-06,615.3293143565135,0.55,0.5500000000000002,0.0,-0.0029126935098225345,1.1248949633991872,策略2 波动率调整动量,招商银行积存金代理
2024-12-09,620.7077905338444,0.55,0.5500000000000002,0.0,0.004807445100556508,1.130302834179621,策略2 波动率调整动量,招商银行积存金代理
2024-12-10,623.2786119366793,0.55,0.5500000000000002,0.0,0.0022779668519112956,1.1328776265685037,策略2 波动率调整动量,招商银行积存金代理
2024-12-11,628.6437469198405,0.55,0.5500000000000002,0.0,0.00473435825363825,1.1382410751102106,策略2 波动率调整动量,招商银行积存金代理
2024-12-12,633.4893229358969,0.55,0.5500000000000002,0.0,0.004239391263953597,1.1430665243803058,策略2 波动率调整动量,招商银行积存金代理
2024-12-13,623.76376324794,0.55,0.5500000000000002,0.0,-0.008443801078739845,1.133414698028672,策略2 波动率调整动量,招商银行积存金代理
2024-12-16,622.3959489999379,0.55,0.5500000000000002,0.0,-0.0012060621035180521,1.1320477295138092,策略2 波动率调整动量,招商银行积存金代理
2024-12-17,618.4899620818438,0.55,0.5500000000000002,0.0,-0.0034516497229835916,1.1281402972818286,策略2 波动率调整动量,招商银行积存金代理
2024-12-18,620.2576629667229,0.55,0.5500000000000002,0.0,0.0015719503084754786,1.1299136777701446,策略2 波动率调整动量,招商银行积存金代理
2024-12-19,613.9898416119214,0.55,0.5500000000000002,0.0,-0.0055578543417782586,1.123633782130315,策略2 波动率调整动量,招商银行积存金代理
2024-12-20,611.2791571204215,0.55,0.5500000000000002,0.0,-0.002428177747063277,1.1209053995846978,策略2 波动率调整动量,招商银行积存金代理
2024-12-23,614.6567140003148,0.55,0.5500000000000002,0.0,0.003038965523856952,1.124311792449541,策略2 波动率调整动量,招商银行积存金代理
2024-12-24,613.1961932476961,0.55,0.5500000000000002,0.0,-0.001306886259668905,1.1228424448164047,策略2 波动率调整动量,招商银行积存金代理
2024-12-27,615.9898385518253,0.55,0.5500000000000002,0.0,0.0025057313371977035,1.125655986317117,策略2 波动率调整动量,招商银行积存金代理
2024-12-30,612.4539590791366,0.55,0.5500000000000002,0.0,-0.0031570873223344463,1.1221021920734053,策略2 波动率调整动量,招商银行积存金代理
2024-12-31,612.6081818305456,0.55,0.5500000000000002,0.0,0.00013849614655522263,1.1222575989030485,策略2 波动率调整动量,招商银行积存金代理
2025-01-02,620.5272603439727,0.55,0.5500000000000002,0.0,0.007109753528544429,1.1302365738267854,策略2 波动率调整动量,招商银行积存金代理
2025-01-03,622.8459482853734,0.55,0.5500000000000002,0.0,0.0020551528502768318,1.1325593827429727,策略2 波动率调整动量,招商银行积存金代理
2025-01-06,619.3430940521338,0.55,0.5500000000000002,0.0,-0.0030931722901713318,1.1290561814432987,策略2 波动率调整动量,招商银行积存金代理
2025-01-07,622.5377996012023,0.55,0.5500000000000002,0.0,0.0028370188815567752,1.1322593351483916,策略2 波动率调整动量,招商银行积存金代理
2025-01-08,625.0180866500173,0.55,0.5500000000000002,0.0,0.0021912852162906623,1.1347404382905093,策略2 波动率调整动量,招商银行积存金代理
2025-01-09,628.4938913130912,0.55,0.5500000000000002,0.0,0.003058619591213719,1.138211177626007,策略2 波动率调整动量,招商银行积存金代理
2025-01-10,631.6334100644044,0.55,0.5500000000000002,0.0,0.0027474178143794166,1.1413383192919424,策略2 波动率调整动量,招商银行积存金代理
2025-01-13,631.6814476875298,0.55,0.5500000000000002,0.0,4.1829156434691775e-05,1.1413860605110453,策略2 波动率调整动量,招商银行积存金代理
2025-01-14,628.3599479720222,0.55,0.5500000000000002,0.0,-0.0028920033194213776,1.1380851682353061,策略2 波动率调整动量,招商银行积存金代理
2025-01-15,633.2152698931621,0.55,0.5500000000000002,0.0,0.004249836523230911,1.14292184414982,策略2 波动率调整动量,招商银行积存金代理
2025-01-16,638.0598392176656,0.55,0.5500000000000002,0.0,0.004207910413983674,1.1477311568801873,策略2 波动率调整动量,招商银行积存金代理
2025-01-17,637.5842747442831,0.55,0.5500000000000002,0.0,-0.0004099309254145701,1.1472606663849203,策略2 波动率调整动量,招商银行积存金代理
2025-01-20,637.5406134603872,0.55,0.5500000000000002,0.0,-3.766357969280932e-05,1.1472174564413835,策略2 波动率调整动量,招商银行积存金代理
2025-01-21,639.8775001664713,0.55,0.5500000000000002,0.0,0.00201600911567047,1.1495302572912256,策略2 波动率调整动量,招商银行积存金代理
2025-01-22,645.2527254758623,0.55,0.5500000000000002,0.0,0.00462021858777021,1.1548413383531668,策略2 波动率调整动量,招商银行积存金代理
2025-01-23,642.2253455164714,0.55,0.5500000000000002,0.0,-0.0025804756987846686,1.1518612983435945,策略2 波动率调整动量,招商银行积存金代理
2025-01-24,649.1372256802734,0.55,0.5500000000000002,0.0,0.005919314951723022,1.1586795281491906,策略2 波动率调整动量,招商银行积存金代理
2025-01-27,644.3775594317574,0.55,0.5500000000000002,0.0,-0.00403276277052272,1.1540068484851038,策略2 波动率调整动量,招商银行积存金代理
2025-01-28,639.5987724956489,0.55,0.5500000000000002,0.0,-0.004078870805459873,1.1492998036415172,策略2 波动率调整动量,招商银行积存金代理
2025-01-29,643.2143082372827,0.55,0.5500000000000002,0.0,0.0031090501473908135,1.152873034365425,策略2 波动率调整动量,招商银行积存金代理
2025-01-30,640.3322011677566,0.55,0.5500000000000002,0.0,-0.002464433498974034,1.1500318554394708,策略2 波动率调整动量,招商银行积存金代理
2025-01-31,644.4772315768146,0.55,0.5500000000000002,0.0,0.0035602874895629866,1.154126299466991,策略2 波动率调整动量,招商银行积存金代理
2025-02-03,645.5292252422713,0.55,0.5500000000000002,0.0,0.0008977765041995104,1.1551624469415311,策略2 波动率调整动量,招商银行积存金代理
2025-02-04,654.9262841898012,0.55,0.5500000000000002,0.0,0.008006426694626737,1.1644111703933542,策略2 波动率调整动量,招商银行积存金代理
2025-02-05,663.5703276156297,0.55,0.5500000000000002,0.0,0.007259174045956987,1.172863833740296,策略2 波动率调整动量,招商银行积存金代理
2025-02-06,668.8112476191525,0.55,0.5500000000000002,0.0,0.004343934443686027,1.177958677345434,策略2 波动率调整动量,招商银行积存金代理
2025-02-07,671.6327557832246,0.55,0.5500000000000002,0.0,0.0023202801923022827,1.1806918715318293,策略2 波动率调整动量,招商银行积存金代理
2025-02-10,678.3580372177349,0.55,0.5500000000000002,0.0,0.0055073323287622615,1.1871943340462232,策略2 波动率调整动量,招商银行积存金代理
2025-02-11,682.6595708553175,0.55,0.5500000000000002,0.0,0.0034876029631399916,1.191334796523466,策略2 波动率调整动量,招商银行积存金代理
2025-02-12,677.3909915501965,0.55,0.5500000000000002,0.0,-0.00424474912757163,1.186277879185277,策略2 波动率调整动量,招商银行积存金代理
2025-02-13,685.5522725120909,0.55,0.5500000000000002,0.0,0.0066264603235563395,1.194138702484411,策略2 波动率调整动量,招商银行积存金代理
2025-02-14,688.5036769547456,0.55,0.5500000000000002,0.0,0.002367831759220785,1.1969662220290682,策略2 波动率调整动量,招商银行积存金代理
2025-02-17,675.8293969831028,0.55,0.5500000000000002,0.0,-0.01012464307414546,1.1848473662592156,策略2 波动率调整动量,招商银行积存金代理
2025-02-18,678.312863644434,0.55,0.5500000000000002,0.0,0.00202108205092807,1.1872420400042514,策略2 波动率调整动量,招商银行积存金代理
2025-02-19,689.0262015894923,0.55,0.5500000000000002,0.0,0.00868675236103267,1.1975553175983757,策略2 波动率调整动量,招商银行积存金代理
2025-02-20,691.6019858722833,0.55,0.5500000000000002,0.0,0.002056063110904805,1.2000175669101576,策略2 波动率调整动量,招商银行积存金代理
2025-02-21,683.4103472513214,0.55,0.5500000000000002,0.0,-0.006514442314457277,1.192200121694186,策略2 波动率调整动量,招商银行积存金代理
2025-02-24,685.4330188578789,0.55,0.5500000000000002,0.0,0.0016278205152746588,1.1941408095105928,策略2 波动率调整动量,招商银行积存金代理
2025-02-25,685.5439971647936,0.55,0.5500000000000002,0.0,8.905037709563415e-05,1.194247148199985,策略2 波动率调整动量,招商银行积存金代理
2025-02-26,678.903048194111,0.55,0.5500000000000002,0.0,-0.0053279176084703745,1.1878842977902246,策略2 波动率调整动量,招商银行积存金代理
2025-02-27,674.7668608600446,0.55,0.5500000000000002,0.0,-0.003350851111639198,1.1839038743704755,策略2 波动率调整动量,招商银行积存金代理
2025-02-28,670.2195037155843,0.55,0.5500000000000002,0.0,-0.003706534174285593,1.1795156942010523,策略2 波动率调整动量,招商银行积存金代理
2025-03-03,671.5934620778467,0.6000000000000001,0.6000000000000001,0.0001861245039718845,0.0009413823725886403,1.1806260694837647,策略2 波动率调整动量,招商银行积存金代理
2025-03-04,681.8841372939567,0.6000000000000001,0.6000000000000001,0.0,0.009193664736644404,1.1914803497459407,策略2 波动率调整动量,招商银行积存金代理
2025-03-05,681.5116654958034,0.6000000000000001,0.6000000000000001,0.0,-0.000327743478208542,1.1910898498318978,策略2 波动率调整动量,招商银行积存金代理
2025-03-06,676.4100110856882,0.6000000000000001,0.6000000000000001,0.0,-0.004491475056178574,1.1857400994817104,策略2 波动率调整动量,招商银行积存金代理
2025-03-07,680.3379516322027,0.6000000000000001,0.6000000000000001,0.0,0.0034842244929609305,1.1898714841786104,策略2 波动率调整动量,招商银行积存金代理
2025-03-10,674.9660860362137,0.6000000000000001,0.6000000000000001,0.0,-0.004737526915646573,1.1842344359961539,策略2 波动率调整动量,招商银行积存金代理
2025-03-11,679.9569358566091,0.6000000000000001,0.6000000000000001,0.0,0.004436533855830761,1.1894883321646914,策略2 波动率调整动量,招商银行积存金代理
2025-03-12,679.9919436790802,0.6000000000000001,0.6000000000000001,0.0,3.089121145030127e-05,1.1895250769002783,策略2 波动率调整动量,招商银行积存金代理
2025-03-13,685.1557791505197,0.6000000000000001,0.6000000000000001,0.0,0.004556379397821165,1.1949450044538583,策略2 波动率调整动量,招商银行积存金代理
2025-03-14,697.999614244371,0.6000000000000001,0.6000000000000001,0.0,0.011247516682797755,1.2083851683264788,策略2 波动率调整动量,招商银行积存金代理
2025-03-17,697.1387050080076,0.6000000000000001,0.6000000000000001,0.0,-0.0007400370018502357,1.2074909185894303,策略2 波动率调整动量,招商银行积存金代理
2025-03-18,702.6561480866914,0.6000000000000001,0.6000000000000001,0.0,0.00474864732574587,1.2132248671108523,策略2 波动率调整动量,招商银行积存金代理
2025-03-19,704.9896334075446,0.6000000000000001,0.6000000000000001,0.0,0.0019925694755882797,1.215642301948082,策略2 波动率调整动量,招商银行积存金代理
2025-03-20,703.4398822487968,0.6000000000000001,0.6000000000000001,0.0,-0.0013189565508279213,1.214038922570464,策略2 波动率调整动量,招商银行积存金代理
2025-03-21,706.3504122429247,0.6000000000000001,0.6000000000000001,0.0,0.00248254049925909,1.217052823363422,策略2 波动率调整动量,招商银行积存金代理
2025-03-24,706.1836486388385,0.6000000000000001,0.6000000000000001,0.0,-0.00014165513421873224,1.2168804215823772,策略2 波动率调整动量,招商银行积存金代理
2025-03-25,704.5466664049748,0.6000000000000001,0.6000000000000001,0.0,-0.0013908412382690918,1.2151879341099983,策略2 波动率调整动量,招商银行积存金代理
2025-03-26,705.0421695108853,0.6000000000000001,0.6000000000000001,0.0,0.0004219761127581823,1.2157007143907046,策略2 波动率调整动量,招商银行积存金代理
2025-03-27,712.0066147215674,0.6000000000000001,0.6000000000000001,0.0,0.005926832900375523,1.2229059693817654,策略2 波动率调整动量,招商银行积存金代理
2025-03-28,717.0013913675327,0.6000000000000001,0.6000000000000001,0.0,0.004209042339797798,1.2280532323844846,策略2 波动率调整动量,招商银行积存金代理
2025-03-31,727.9686321564767,0.6000000000000001,0.6000000000000001,0.0,0.009177589545280763,1.2393238008910648,策略2 波动率调整动量,招商银行积存金代理
2025-04-01,731.9138581858979,0.6000000000000001,0.6000000000000001,0.0,0.0032517000226238496,1.2433537101224603,策略2 波动率调整动量,招商银行积存金代理
2025-04-02,730.6525821069953,0.6000000000000001,0.6000000000000001,0.0,-0.0010339545274046904,1.2420681389247137,策略2 波动率调整动量,招商银行积存金代理
2025-04-03,731.049796538994,0.6000000000000001,0.6000000000000001,0.0,0.0003261860219694324,1.2424732841899644,策略2 波动率调整动量,招商银行积存金代理
2025-04-04,722.0657407093738,0.6000000000000001,0.6000000000000001,0.0,-0.007373551737914431,1.2333118431460133,策略2 波动率调整动量,招商银行积存金代理
2025-04-07,710.7801525980743,0.6000000000000001,0.6000000000000001,0.0,-0.009377751200503416,1.2217461515283556,策略2 波动率调整动量,招商银行积存金代理
2025-04-08,708.480751587759,0.6000000000000001,0.6000000000000001,0.0,-0.0019410229747500955,1.2193747141789268,策略2 波动率调整动量,招商银行积存金代理
2025-04-09,719.4869195341782,0.6000000000000001,0.6000000000000001,0.0,0.009320931800972956,1.2307404227296197,策略2 波动率调整动量,招商银行积存金代理
2025-04-10,730.5305014303608,0.6000000000000001,0.6000000000000001,0.0,0.009209547745495606,1.2420749854150595,策略2 波动率调整动量,招商银行积存金代理
2025-04-11,755.7151268961171,0.6000000000000001,0.6000000000000001,0.0,0.020684660325431016,1.2677668845870846,策略2 波动率调整动量,招商银行积存金代理
2025-04-14,757.1202195055985,0.6000000000000001,0.6000000000000001,0.0,0.0011155732308170577,1.2691811713864463,策略2 波动率调整动量,招商银行积存金代理
2025-04-15,758.6952759292047,0.6000000000000001,0.6000000000000001,0.0,0.0012481952400913434,1.2707653572833841,策略2 波动率调整动量,招商银行积存金代理
2025-04-16,776.8084248006768,0.6000000000000001,0.6000000000000001,0.0,0.014324445752707329,1.28896836670821,策略2 波动率调整动量,招商银行积存金代理
2025-04-17,781.4983316142506,0.6000000000000001,0.6000000000000001,0.0,0.0036224428035346538,1.2936375808921758,策略2 波动率调整动量,招商银行积存金代理
2025-04-22,812.1302847578412,0.6000000000000001,0.6000000000000001,0.0,0.023517864520824588,1.3240611742586452,策略2 波动率调整动量,招商银行积存金代理
2025-04-23,780.7212198825628,0.6000000000000001,0.6000000000000001,0.0,-0.02320494541191303,1.29333640698794,策略2 波动率调整动量,招商银行积存金代理
2025-04-24,780.2995692844895,0.6000000000000001,0.6000000000000001,0.0,-0.0003240469868130314,1.29291730522232,策略2 波动率调整动量,招商银行积存金代理
2025-04-25,772.873833751754,0.6000000000000001,0.6000000000000001,0.0,-0.005709911289233239,1.285534862105186,策略2 波动率调整动量,招商银行积存金代理
2025-04-28,768.868179642709,0.6000000000000001,0.6000000000000001,0.0,-0.003109682797462821,1.2815372564589587,策略2 波动率调整动量,招商银行积存金代理
2025-04-29,774.7163406194329,0.6000000000000001,0.6000000000000001,0.0,0.004563716744871505,1.2873858294954372,策略2 波动率调整动量,招商银行积存金代理
2025-04-30,767.7222458074377,0.6000000000000001,0.6000000000000001,0.0,-0.005416765682058267,1.2804123621146584,策略2 波动率调整动量,招商银行积存金代理
2025-05-01,753.919000484255,0.45,0.45,0.0004974009141023522,-0.011285087788017623,1.2659627962033313,策略2 波动率调整动量,招商银行积存金代理
2025-05-02,762.7549475327953,0.45,0.45,0.0,0.00527400976668474,1.2726394963547674,策略2 波动率调整动量,招商银行积存金代理
2025-05-06,783.5770578893607,0.45,0.45,0.0,0.012284351207111034,1.2882730468880303,策略2 波动率调整动量,招商银行积存金代理
2025-05-07,784.1718034216307,0.45,0.45,0.0,0.00034155605607232297,1.2887130643490696,策略2 波动率调整动量,招商银行积存金代理
2025-05-08,776.1227615824662,0.45,0.45,0.0,-0.0046189735614308005,1.2827605327765708,策略2 波动率调整动量,招商银行积存金代理
2025-05-09,772.2550401792313,0.45,0.45,0.0,-0.0022425249169435112,1.2798839103193476,策略2 波动率调整动量,招商银行积存金代理
2025-05-12,746.1712530983377,0.45,0.45,0.0,-0.015199258762594703,1.2604306235803222,策略2 波动率调整动量,招商银行积存金代理
2025-05-13,753.8728953864459,0.45,0.45,0.0,0.004644696529459958,1.2662849413232908,策略2 波动率调整动量,招商银行积存金代理
2025-05-14,748.5097665556797,0.45,0.45,0.0,-0.0032013459942841606,1.2622311250987632,策略2 波动率调整动量,招商银行积存金代理
2025-05-15,734.8186527937087,0.45,0.45,0.0,-0.008231023118425341,1.2518416715272793,策略2 波动率调整动量,招商银行积存金代理
2025-05-16,743.7388855329671,0.45,0.45,0.0,0.005462714803720625,1.2586801255582458,策略2 波动率调整动量,招商银行积存金代理
2025-05-19,750.7299572478619,0.45,0.45,0.0,0.004229955341716762,1.2640042862788636,策略2 波动率调整动量,招商银行积存金代理
2025-05-20,751.6621013321768,0.45,0.45,0.0,0.0005587426396029716,1.2647105393702487,策略2 波动率调整动量,招商银行积存金代理
2025-05-21,766.4766754525218,0.45,0.45,0.0,0.008869089371860163,1.2759273701734568,策略2 波动率调整动量,招商银行积存金代理
2025-05-22,765.6607716250336,0.45,0.45,0.0,-0.0004790187805166324,1.2753161770005685,策略2 波动率调整动量,招商银行积存金代理
2025-05-23,771.2655965360491,0.45,0.45,0.0,0.0032941105296591224,1.2795172094478706,策略2 波动率调整动量,招商银行积存金代理
2025-05-27,763.3099876230996,0.45,0.45,0.0,-0.004641752499924901,1.2735780072422191,策略2 波动率调整动量,招商银行积存金代理
2025-05-28,769.308539903897,0.45,0.45,0.0,0.003536372601077076,1.2780818536123648,策略2 波动率调整动量,招商银行积存金代理
2025-05-29,759.4074545755536,0.45,0.45,0.0,-0.005791549380578948,1.2706797794447469,策略2 波动率调整动量,招商银行积存金代理
2025-05-30,762.8004580857346,0.45,0.45,0.0,0.002010582817408413,1.2732345863757268,策略2 波动率调整动量,招商银行积存金代理
2025-06-02,774.739661563538,0.4,0.4,0.00016134452152318069,0.0068819674063357395,1.281996945299784,策略2 波动率调整动量,招商银行积存金代理
2025-06-03,777.7736783542115,0.4,0.4,0.0,0.001566470359630401,1.2840051555157326,策略2 波动率调整动量,招商银行积存金代理
2025-06-04,778.9085395965246,0.4,0.4,0.0,0.0005836460008338485,1.2847545599897994,策略2 波动率调整动量,招商银行积存金代理
2025-06-05,780.9956681676164,0.4,0.4,0.0,0.001071822153688462,1.2861315883892488,策略2 波动率调整动量,招商银行积存金代理
2025-06-06,774.1790265104942,0.4,0.4,0.0,-0.0034912570888468776,1.281641372364095,策略2 波动率调整动量,招商银行积存金代理
2025-06-09,765.9101278220365,0.4,0.4,0.0,-0.004272344460546052,1.2761657589464686,策略2 波动率调整动量,招商银行积存金代理
2025-06-10,768.1839884402315,0.4,0.4,0.0,0.001187533908011318,1.2776812490574607,策略2 波动率调整动量,招商银行积存金代理
2025-06-11,771.948614768987,0.4,0.4,0.0,0.0019602732602638008,1.2801858534451283,策略2 波动率调整动量,招商银行积存金代理
2025-06-12,777.117139241018,0.4,0.4,0.0,0.0026781702165902034,1.283614409069525,策略2 波动率调整动量,招商银行积存金代理
2025-06-13,790.934559250139,0.4,0.4,0.0,0.00711214271898113,1.292743657942968,策略2 波动率调整动量,招商银行积存金代理
2025-06-16,788.7477184243568,0.4,0.4,0.0,-0.0011059528504383743,1.29131394440958,策略2 波动率调整动量,招商银行积存金代理
2025-06-17,780.8632573853985,0.4,0.4,0.0,-0.003998470413180399,1.286150663808731,策略2 波动率调整动量,招商银行积存金代理
2025-06-18,781.5154735422906,0.4,0.4,0.0,0.00033410006206509025,1.2865803668253348,策略2 波动率调整动量,招商银行积存金代理
2025-06-19,778.9095552634186,0.4,0.4,0.0,-0.0013337769331990047,1.2848643556093564,策略2 波动率调整动量,招商银行积存金代理
2025-06-20,775.3737317990355,0.4,0.4,0.0,-0.001815781275497308,1.282531322970887,策略2 波动率调整动量,招商银行积存金代理
2025-06-23,776.2147242153488,0.4,0.4,0.0,0.00043385138382863176,1.2830877509601617,策略2 波动率调整动量,招商银行积存金代理
2025-06-24,765.3527059135181,0.4,0.4,0.0,-0.005597429661134479,1.2759057575250987,策略2 波动率调整动量,招商银行积存金代理
2025-06-25,766.5661342856433,0.4,0.4,0.0,0.0006341799605591447,1.2767149113880834,策略2 波动率调整动量,招商银行积存金代理
2025-06-26,769.7172800858474,0.4,0.4,0.0,0.0016442916843127265,1.2788142031001166,策略2 波动率调整动量,招商银行积存金代理
2025-06-27,757.2850163709109,0.4,0.4,0.0,-0.006460690976588169,1.2705521797174149,策略2 波动率调整动量,招商银行积存金代理
2025-06-30,754.8001191617775,0.4,0.4,0.0,-0.0013125294468608662,1.2688845425677624,策略2 波动率调整动量,招商银行积存金代理
2025-07-01,770.0746485580199,0.35000000000000003,0.35000000000000003,0.00016232192584714346,0.007932286969130318,1.2789496988901035,策略2 波动率调整动量,招商银行积存金代理
2025-07-02,769.046438862014,0.35000000000000003,0.35000000000000003,0.0,-0.0004673227384850543,1.2783520166144335,策略2 波动率调整动量,招商银行积存金代理
2025-07-03,771.6955429647288,0.35000000000000003,0.35000000000000003,0.0,0.001205631271529173,1.2798932377816863,策略2 波动率调整动量,招商银行积存金代理
2025-07-04,767.9407258452287,0.35000000000000003,0.35000000000000003,0.0,-0.0017029850746269172,1.277713598700628,策略2 波动率调整动量,招商银行积存金代理
2025-07-07,762.5696016466037,0.35000000000000003,0.35000000000000003,0.0,-0.0024479668889153872,1.2745857981174922,策略2 波动率调整动量,招商银行积存金代理
2025-07-08,766.2537913484505,0.35000000000000003,0.35000000000000003,0.0,0.0016909491184306626,1.2767410578491831,策略2 波动率调整动量,招商银行积存金代理
2025-07-09,759.0212048438524,0.35000000000000003,0.35000000000000003,0.0,-0.003303612073689799,1.2725232006754972,策略2 波动率调整动量,招商银行积存金代理
2025-07-10,767.2371620852713,0.35000000000000003,0.35000000000000003,0.0,0.003788543740471884,1.2773442104820216,策略2 波动率调整动量,招商银行积存金代理
2025-07-11,769.5439138240764,0.35000000000000003,0.35000000000000003,0.0,0.0010522992739135262,1.2786883588672495,策略2 波动率调整动量,招商银行积存金代理
2025-07-14,775.043973029909,0.35000000000000003,0.35000000000000003,0.0,0.00250150860459083,1.281887008799546,策略2 波动率调整动量,招商银行积存金代理
2025-07-15,774.7480571538844,0.35000000000000003,0.35000000000000003,0.0,-0.0001336318456922281,1.2817157078725911,策略2 波动率调整动量,招商银行积存金代理
2025-07-16,770.7139507305757,0.35000000000000003,0.35000000000000003,0.0,-0.0018224469685602543,1.2793798489662227,策略2 波动率调整动量,招商银行积存金代理
2025-07-17,768.885984117108,0.35000000000000003,0.35000000000000003,0.0,-0.0008301242167826629,1.278317804771132,策略2 波动率调整动量,招商银行积存金代理
2025-07-18,774.0360629462346,0.35000000000000003,0.35000000000000003,0.0,0.0023443366473432374,1.2813146120478085,策略2 波动率调整动量,招商银行积存金代理
2025-07-21,775.7440164309663,0.35000000000000003,0.35000000000000003,0.0,0.0007722944036751223,1.2823041641520403,策略2 波动率调整动量,招商银行积存金代理
2025-07-22,780.9194738024909,0.35000000000000003,0.35000000000000003,0.0,0.002335061620413792,1.2852984233914486,策略2 波动率调整动量,招商银行积存金代理
2025-07-23,789.5631572519084,0.35000000000000003,0.35000000000000003,0.0,0.00387400917608729,1.2902776812776777,策略2 波动率调整动量,招商银行积存金代理
2025-07-24,773.1241220688618,0.35000000000000003,0.35000000000000003,0.0,-0.007287146393826256,1.2808752389255207,策略2 波动率调整动量,招商银行积存金代理
2025-07-25,769.6857660649558,0.35000000000000003,0.35000000000000003,0.0,-0.0015565736044384994,1.2788814623380305,策略2 波动率调整动量,招商银行积存金代理
2025-07-28,770.3618701547092,0.35000000000000003,0.35000000000000003,0.0,0.0003074455080851024,1.2792746486989997,策略2 波动率调整动量,招商银行积存金代理
2025-07-29,767.1660235070323,0.35000000000000003,0.35000000000000003,0.0,-0.0014519751950629212,1.277417173641416,策略2 波动率调整动量,招商银行积存金代理
2025-07-30,768.7118918852268,0.35000000000000003,0.35000000000000003,0.0,0.00070526315789472,1.2783180889112473,策略2 波动率调整动量,招商银行积存金代理
2025-07-31,765.4971108383019,0.35000000000000003,0.35000000000000003,0.0,-0.0014637127099260906,1.2764469984771796,策略2 波动率调整动量,招商银行积存金代理
2025-08-01,762.7423583225839,0.55,0.55,0.000655529346894534,-0.0019150551724661509,1.274002532050367,策略2 波动率调整动量,招商银行积存金代理
2025-08-04,775.1950357621657,0.55,0.55,0.0,0.008979405059963098,1.285442316833066,策略2 波动率调整动量,招商银行积存金代理
2025-08-05,776.7482305490406,0.55,0.55,0.0,0.0011019899423650227,1.2868588613377063,策略2 波动率调整动量,招商银行积存金代理
2025-08-06,776.5563025965542,0.55,0.55,0.0,-0.0001359003724963781,1.2866839767391003,策略2 波动率调整动量,招商银行积存金代理
2025-08-07,779.4208310362222,0.55,0.55,0.0,0.002028817017580653,1.2892944230873569,策略2 波动率调整动量,招商银行积存金代理
2025-08-08,784.3038271044154,0.55,0.55,0.0,0.0034456967668361374,1.2937369407124888,策略2 波动率调整动量,招商银行积存金代理
2025-08-11,776.0230419261278,0.55,0.55,0.0,-0.005806973892850665,1.2862242440735547,策略2 波动率调整动量,招商银行积存金代理
2025-08-12,772.594922970635,0.55,0.55,0.0,-0.002429651342363781,1.2830991676123606,策略2 波动率调整动量,招商银行积存金代理
2025-08-13,775.5912484229902,0.55,0.55,0.0,0.0021330440439070843,1.2858360746495783,策略2 波动率调整动量,招商银行积存金代理
2025-08-14,774.8146019395956,0.55,0.55,0.0,-0.0005507483055482876,1.2851279026102522,策略2 波动率调整动量,招商银行积存金代理
2025-08-15,771.9638972790796,0.55,0.55,0.0,-0.0020235648106771975,1.2825273630093108,策略2 波动率调整动量,招商银行积存金代理
2025-08-18,773.4593020206775,0.55,0.55,0.0,0.0010654288507244481,1.2838938046637043,策略2 波动率调整动量,招商银行积存金代理
2025-08-19,770.7326176310844,0.55,0.55,0.0,-0.0019389209107166518,1.2814044361187023,策略2 波动率调整动量,招商银行积存金代理
2025-08-20,767.6102772365504,0.55,0.55,0.0,-0.002228123187872794,1.2785493091815432,策略2 波动率调整动量,招商银行积存金代理
2025-08-21,770.9335117048244,0.55,0.55,0.0,0.002381128825073642,1.2815936997959134,策略2 波动率调整动量,招商银行积存金代理
2025-08-22,768.3250293015354,0.55,0.55,0.0,-0.0018609455939155085,1.2792087236470884,策略2 波动率调整动量,招商银行积存金代理
2025-08-26,775.5718368029617,0.55,0.55,0.0,0.005187575536108435,1.2858447155274564,策略2 波动率调整动量,招商银行积存金代理
2025-08-27,777.7500387728492,0.55,0.55,0.0,0.0015446810038596494,1.287830935433445,策略2 波动率调整动量,招商银行积存金代理
2025-08-28,781.4181286390269,0.55,0.55,0.0,0.0025939560602027734,1.2911715122929293,策略2 波动率调整动量,招商银行积存金代理
2025-08-29,783.6373805016362,0.55,0.55,0.0,0.0015620171579087906,1.2931883443489338,策略2 波动率调整动量,招商银行积存金代理
2025-09-01,795.2143841108078,0.6000000000000001,0.6000000000000001,0.0001571903155898928,0.007968190304931835,1.3034927151768256,策略2 波动率调整动量,招商银行积存金代理
2025-09-02,798.2850903574782,0.6000000000000001,0.6000000000000001,0.0,0.002316889363190278,1.306512763583615,策略2 波动率调整动量,招商银行积存金代理
2025-09-03,812.0769690347087,0.6000000000000001,0.6000000000000001,0.0,0.01036613022877906,1.3200562450364846,策略2 波动率调整动量,招商银行积存金代理
2025-09-04,812.6624524442024,0.6000000000000001,0.6000000000000001,0.0,0.00043258220475550507,1.3206272778773636,策略2 波动率调整动量,招商银行积存金代理
2025-09-05,814.7633046782682,0.6000000000000001,0.6000000000000001,0.0,0.0015510884459450037,1.3226756875894792,策略2 波动率调整动量,招商银行积存金代理
2025-09-08,827.5710860146447,0.6000000000000001,0.6000000000000001,0.0,0.009431780687349935,1.335150874595313,策略2 波动率调整动量,招商银行积存金代理
2025-09-09,836.5778983636686,0.6000000000000001,0.6000000000000001,0.0,0.006530058264165507,1.3438694875978716,策略2 波动率调整动量,招商银行积存金代理
2025-09-10,834.7915642528653,0.6000000000000001,0.6000000000000001,0.0,-0.0012811723433984847,1.3421477591772242,策略2 波动率调整动量,招商银行积存金代理
2025-09-11,828.0108296624625,0.6000000000000001,0.6000000000000001,0.0,-0.004873600702808912,1.3356066669148245,策略2 波动率调整动量,招商银行积存金代理
2025-09-12,834.2816451056698,0.6000000000000001,0.6000000000000001,0.0,0.004544009729266652,1.3416756766037587,策略2 波动率调整动量,招商银行积存金代理
2025-09-15,832.6569956512554,0.6000000000000001,0.6000000000000001,0.0,-0.0011684179777503357,1.3401080386229045,策略2 波动率调整动量,招商银行积存金代理
2025-09-16,845.2371828002307,0.6000000000000001,0.6000000000000001,0.0,0.009065092023254319,1.352256241314124,策略2 波动率调整动量,招商银行积存金代理
2025-09-17,838.0728792727797,0.6000000000000001,0.6000000000000001,0.0,-0.005085651937636749,1.3453791367403034,策略2 波动率调整动量,招商银行积存金代理
2025-09-18,839.8343685508877,0.6000000000000001,0.6000000000000001,0.0,0.0012610998315347734,1.347075794142997,策略2 波动率调整动量,招商银行积存金代理
2025-09-19,836.4955669931148,0.6000000000000001,0.6000000000000001,0.0,-0.0023853285953518992,1.3438625757311211,策略2 波动率调整动量,招商银行积存金代理
2025-09-22,851.1258110536013,0.6000000000000001,0.6000000000000001,0.0,0.01049395452010109,1.3579650084821093,策略2 波动率调整动量,招商银行积存金代理
2025-09-23,866.1920761600317,0.6000000000000001,0.6000000000000001,0.0,0.010620943398095275,1.372387877973792,策略2 波动率调整动量,招商银行积存金代理
2025-09-24,863.9499651752061,0.6000000000000001,0.6000000000000001,0.0,-0.001553081155924563,1.3702564482218915,策略2 波动率调整动量,招商银行积存金代理
2025-09-25,860.6391948970576,0.6000000000000001,0.6000000000000001,0.0,-0.002299279179305547,1.367105846100186,策略2 波动率调整动量,招商银行积存金代理
2025-09-26,859.8020418586357,0.6000000000000001,0.6000000000000001,0.0,-0.0005836264790533897,1.3663079669287332,策略2 波动率调整动量,招商银行积存金代理
2025-09-29,872.7385866742449,0.6000000000000001,0.6000000000000001,0.0,0.009027574385129978,1.378642413733178,策略2 波动率调整动量,招商银行积存金代理
2025-09-30,871.2475928180095,0.6000000000000001,0.6000000000000001,0.0,-0.0010250449875835788,1.3772292432373106,策略2 波动率调整动量,招商银行积存金代理
2025-10-01,889.4550893722837,0.6000000000000001,0.6000000000000001,0.0,0.012538913189108271,1.3944982011597646,策略2 波动率调整动量,招商银行积存金代理
2025-10-02,887.4867113664163,0.6000000000000001,0.6000000000000001,0.0,-0.0013278093718637643,1.3926465733792175,策略2 波动率调整动量,招商银行积存金代理
2025-10-03,883.6415078200705,0.6000000000000001,0.6000000000000001,0.0,-0.0025996131528046367,1.3890262310298525,策略2 波动率调整动量,招商银行积存金代理
2025-10-06,902.2381023522488,0.6000000000000001,0.6000000000000001,0.0,0.012627243764084242,1.4065658038437736,策略2 波动率调整动量,招商银行积存金代理
2025-10-07,906.8958340289236,0.6000000000000001,0.6000000000000001,0.0,0.003097451768794546,1.4109225735808153,策略2 波动率调整动量,招商银行积存金代理
2025-10-08,923.4134498389047,0.6000000000000001,0.6000000000000001,0.0,0.01092801302434099,1.4263411538412432,策略2 波动率调整动量,招商银行积存金代理
2025-10-09,925.9214626194132,0.6000000000000001,0.6000000000000001,0.0,0.00162961419780876,1.4286655396364618,策略2 波动率调整动量,招商银行积存金代理
2025-10-10,916.1709408566909,0.6000000000000001,0.6000000000000001,0.0,-0.006318368559124844,1.419638704209318,策略2 波动率调整动量,招商银行积存金代理
2025-10-13,929.2655543822909,0.6000000000000001,0.6000000000000001,0.0,0.008575657407353844,1.4318130393788366,策略2 波动率调整动量,招商银行积存金代理
2025-10-14,951.0223706717504,0.6000000000000001,0.6000000000000001,0.0,0.014047749550292067,1.4519267903588728,策略2 波动率调整动量,招商银行积存金代理
2025-10-15,960.2684219724229,0.6000000000000001,0.6000000000000001,0.0,0.005833333632819749,1.4603963637374655,策略2 波动率调整动量,招商银行积存金代理
2025-10-16,967.6922440557956,0.6000000000000001,0.6000000000000001,0.0,0.0046385918229763685,1.4671705463686024,策略2 波动率调整动量,招商银行积存金代理
2025-10-17,993.5016454130362,0.6000000000000001,0.6000000000000001,0.0,0.016002650542532894,1.4906491639084363,策略2 波动率调整动量,招商银行积存金代理
2025-10-20,973.4427601471248,0.6000000000000001,0.6000000000000001,0.0,-0.012114052568622882,1.4725913615754758,策略2 波动率调整动量,招商银行积存金代理
2025-10-21,978.8747137240744,0.6000000000000001,0.6000000000000001,0.0,0.0033480881255690603,1.477521727226982,策略2 波动率调整动量,招商银行积存金代理
2025-10-22,935.0576697439899,0.6000000000000001,0.6000000000000001,0.0,-0.02685760089565599,1.4378390383624593,策略2 波动率调整动量,招商银行积存金代理
2025-10-23,945.1837383468771,0.6000000000000001,0.6000000000000001,0.0,0.00649761117236305,1.4471815573621831,策略2 波动率调整动量,招商银行积存金代理
2025-10-24,932.3428753334873,0.6000000000000001,0.6000000000000001,0.0,-0.00815134401434905,1.4353850826369026,策略2 波动率调整动量,招商银行积存金代理
2025-10-27,922.5944947741036,0.6000000000000001,0.6000000000000001,0.0,-0.006273473515350326,1.4263802323366508,策略2 波动率调整动量,招商银行积存金代理
2025-10-28,893.8648221981052,0.6000000000000001,0.6000000000000001,0.0,-0.018684052032870317,1.3997296698570152,策略2 波动率调整动量,招商银行积存金代理
2025-10-29,918.5185796925928,0.6000000000000001,0.6000000000000001,0.0,0.016548648217654317,1.4228933037632923,策略2 波动率调整动量,招商银行积存金代理
2025-10-30,909.8485577907659,0.6000000000000001,0.6000000000000001,0.0,-0.0056634816715815505,1.4148347736168128,策略2 波动率调整动量,招商银行积存金代理
2025-10-31,917.3588209858591,0.6000000000000001,0.6000000000000001,0.0,0.004952646106289872,1.4218419495494097,策略2 波动率调整动量,招商银行积存金代理
2025-11-03,913.9160289619563,0.4,0.4,0.0005470962147013769,-0.002798859828988938,1.4178624132336444,策略2 波动率调整动量,招商银行积存金代理
2025-11-04,920.6316898073503,0.4,0.4,0.0,0.002939290102186654,1.4220299221911246,策略2 波动率调整动量,招商银行积存金代理
2025-11-05,908.8156482921781,0.4,0.4,0.0,-0.005133884330071137,1.4147293850566953,策略2 波动率调整动量,招商银行积存金代理
2025-11-06,917.4100276073107,0.4,0.4,0.0,0.0037826722421793416,1.4200808426317448,策略2 波动率调整动量,招商银行积存金代理
2025-11-07,916.9379612878851,0.4,0.4,0.0,-0.0002058256636487066,1.4197885535498753,策略2 波动率调整动量,招商银行积存金代理
2025-11-10,933.2333843219549,0.4,0.4,0.0,0.0071086261980830125,1.4298812996573782,策略2 波动率调整动量,招商银行积存金代理
2025-11-11,947.0357117480626,0.4,0.4,0.0,0.005915916707645775,1.4383403583279715,策略2 波动率调整动量,招商银行积存金代理
2025-11-12,943.0530117155754,0.4,0.4,0.0,-0.001682175226586047,1.435920817809793,策略2 波动率调整动量,招商银行积存金代理
2025-11-13,969.1923418138541,0.4,0.4,0.0,0.011087109536176244,1.451841029202126,策略2 波动率调整动量,招商银行积存金代理
2025-11-14,951.4838017201616,0.4,0.4,0.0,-0.007308576153439584,1.4412301384775141,策略2 波动率调整动量,招商银行积存金代理
2025-11-17,931.9682392723673,0.4,0.4,0.0,-0.008204264712657273,1.429405904909585,策略2 波动率调整动量,招商银行积存金代理
2025-11-18,923.4261291106739,0.4,0.4,0.0,-0.003666266639456595,1.4241653217261727,策略2 波动率调整动量,招商银行积存金代理
2025-11-19,939.3305248954582,0.4,0.4,0.0,0.006889298573390601,1.4339768218454132,策略2 波动率调整动量,招商银行积存金代理
2025-11-20,928.3391249349967,0.4,0.4,0.0,-0.004680524977801514,1.4272650575131773,策略2 波动率调整动量,招商银行积存金代理
2025-11-21,921.8836769332702,0.4,0.4,0.0,-0.002781504227640319,1.4232951137217411,策略2 波动率调整动量,招商银行积存金代理
2025-11-24,929.4553426867351,0.4,0.4,0.0,0.0032853020149581805,1.4279710680267312,策略2 波动率调整动量,招商银行积存金代理
2025-11-25,943.0827186237016,0.4,0.4,0.0,0.005864671624813945,1.4363456494304427,策略2 波动率调整动量,招商银行积存金代理
2025-11-26,946.6088721403416,0.4,0.4,0.0,0.0014955861016247242,1.4384938280208601,策略2 波动率调整动量,招商银行积存金代理
2025-11-27,945.0028094330909,0.4,0.4,0.0,-0.0006786594778556588,1.437517580550637,策略2 波动率调整动量,招商银行积存金代理
2025-11-28,946.2312675869038,0.4,0.4,0.0,0.0005199807414539848,1.4382650620080248,策略2 波动率调整动量,招商银行积存金代理
2025-12-01,967.6790434024826,0.35000000000000003,0.35000000000000003,0.000129175061558101,0.008937435417410938,1.4511194631128401,策略2 波动率调整动量,招商银行积存金代理
2025-12-02,951.6625836624443,0.35000000000000003,0.35000000000000003,0.0,-0.005792996084014458,1.4427131337455903,策略2 波动率调整动量,招商银行积存金代理
2025-12-03,954.8888669941965,0.35000000000000003,0.35000000000000003,0.0,0.001186554126954953,1.4444249909684481,策略2 波动率调整动量,招商银行积存金代理
2025-12-04,953.7065150841604,0.35000000000000003,0.35000000000000003,0.0,-0.00043337312101593975,1.4437990160020386,策略2 波动率调整动量,招商银行积存金代理
2025-12-05,960.3411239647874,0.35000000000000003,0.35000000000000003,0.0,0.0024348298679856776,1.4473144209695687,策略2 波动率调整动量,招商银行积存金代理
2025-12-08,955.5735351951599,0.35000000000000003,0.35000000000000003,0.0,-0.00173756598330449,1.444799616664546,策略2 波动率调整动量,招商银行积存金代理
2025-12-09,955.9219041083528,0.35000000000000003,0.35000000000000003,0.0,0.00012759784059174217,1.4449839699757199,策略2 波动率调整动量,招商银行积存金代理
2025-12-10,951.8265873226908,0.35000000000000003,0.35000000000000003,0.0,-0.001499453949973756,1.4428172830542911,策略2 波动率调整动量,招商银行积存金代理
2025-12-11,956.9514668050294,0.35000000000000003,0.35000000000000003,0.0,0.0018844901400200344,1.4455362579980575,策略2 波动率调整动量,招商银行积存金代理
2025-12-12,980.1669131208648,0.35000000000000003,0.35000000000000003,0.0,0.008490928215691695,1.4578102025978987,策略2 波动率调整动量,招商银行积存金代理
2025-12-15,983.7075374736729,0.35000000000000003,0.35000000000000003,0.0,0.0012642933636038856,1.459653302362437,策略2 波动率调整动量,招商银行积存金代理
2025-12-16,968.8541782690099,0.35000000000000003,0.35000000000000003,0.0,-0.00528477776533371,1.4519393590450158,策略2 波动率调整动量,招商银行积存金代理
2025-12-17,976.8643856077395,0.35000000000000003,0.35000000000000003,0.0,0.002893699208238199,1.4561408348186944,策略2 波动率调整动量,招商银行积存金代理
2025-12-18,978.5732299922353,0.35000000000000003,0.35000000000000003,0.0,0.000612260558768818,1.4570323724198666,策略2 波动率调整动量,招商银行积存金代理
2025-12-19,979.5726915280612,0.35000000000000003,0.35000000000000003,0.0,0.0003574709861436487,1.4575532192188787,策略2 波动率调整动量,招商银行积存金代理
2025-12-22,997.4097334738937,0.35000000000000003,0.35000000000000003,0.0,0.006373151002507816,1.466842425979152,策略2 波动率调整动量,招商银行积存金代理
2025-12-23,1014.5572760422982,0.35000000000000003,0.35000000000000003,0.0,0.00601722611833595,1.475668748536237,策略2 波动率调整动量,招商银行积存金代理
2025-12-24,1012.4611488136705,0.35000000000000003,0.35000000000000003,0.0,-0.0007231179030932123,1.4746016660451353,策略2 波动率调整动量,招商银行积存金代理
2025-12-29,1007.2528758534502,0.35000000000000003,0.35000000000000003,0.0,-0.0018004597393322997,1.4719467051138688,策略2 波动率调整动量,招商银行积存金代理
2025-12-30,988.6589531635799,0.35000000000000003,0.35000000000000003,0.0,-0.006461012023361513,1.462436439754381,策略2 波动率调整动量,招商银行积存金代理
2026-01-05,997.5183066323793,0.35000000000000003,0.35000000000000003,0.0,0.003136343128394004,1.4670231422329174,策略2 波动率调整动量,招商银行积存金代理
2026-01-06,1000.3967346284049,0.35000000000000003,0.35000000000000003,0.0,0.0010099562002126472,1.468504771351271,策略2 波动率调整动量,招商银行积存金代理
2026-01-07,1001.2649415897638,0.35000000000000003,0.35000000000000003,0.0,0.000303751927567475,1.468950832506211,策略2 波动率调整动量,招商银行积存金代理
2026-01-08,996.9685356084848,0.35000000000000003,0.35000000000000003,0.0,-0.001501842350597099,1.4667446999350084,策略2 波动率调整动量,招商银行积存金代理
2026-01-09,1003.8950120539668,0.35000000000000003,0.35000000000000003,0.0,0.002431638180475848,1.470311292348381,策略2 波动率调整动量,招商银行积存金代理
2026-01-12,1029.1229108993252,0.35000000000000003,0.35000000000000003,0.0,0.00879550599400808,1.483243424133289,策略2 波动率调整动量,招商银行积存金代理
2026-01-13,1027.4196590660547,0.35000000000000003,0.35000000000000003,0.0,-0.0005792681664464561,1.4823842284345976,策略2 波动率调整动量,招商银行积存金代理
2026-01-14,1039.3293820858341,0.35000000000000003,0.35000000000000003,0.0,0.004057157189995709,1.488398494265327,策略2 波动率调整动量,招商银行积存金代理
2026-01-15,1033.7494015675238,0.35000000000000003,0.35000000000000003,0.0,-0.0018790897429351529,1.485601659921353,策略2 波动率调整动量,招商银行积存金代理
2026-01-16,1031.8493998420313,0.35000000000000003,0.35000000000000003,0.0,-0.000643289952975068,1.4846459872994027,策略2 波动率调整动量,招商银行积存金代理
2026-01-19,1045.0869732348997,0.35000000000000003,0.35000000000000003,0.0,0.004490142348498949,1.4913122591195047,策略2 波动率调整动量,招商银行积存金代理
2026-01-20,1058.3047207822171,0.35000000000000003,0.35000000000000003,0.0,0.004426628366863472,1.4979137442695742,策略2 波动率调整动量,招商银行积存金代理
2026-01-21,1087.670477093332,0.35000000000000003,0.35000000000000003,0.0,0.009711772523601215,1.512461141813896,策略2 波动率调整动量,招商银行积存金代理
2026-01-22,1080.3834526658773,0.35000000000000003,0.35000000000000003,0.0,-0.002344881656092174,1.5089145994269046,策略2 波动率调整动量,招商银行积存金代理
2026-01-23,1104.3274119540026,0.35000000000000003,0.35000000000000003,0.0,0.007756862371563545,1.520619042305102,策略2 波动率调整动量,招商银行积存金代理
2026-01-26,1141.8429802197052,0.35000000000000003,0.35000000000000003,0.0,0.011889996346068079,1.5386991971618713,策略2 波动率调整动量,招商银行积存金代理
2026-01-27,1137.6112125303,0.35000000000000003,0.35000000000000003,0.0,-0.0012971299179917073,1.536703304398443,策略2 波动率调整动量,招商银行积存金代理
2026-01-28,1180.0758282728984,0.35000000000000003,0.35000000000000003,0.0,0.013064758281391866,1.5567799616206246,策略2 波动率调整动量,招商银行积存金代理
2026-01-29,1230.138160674714,0.35000000000000003,0.35000000000000003,0.0,0.014848042745083235,1.5798950970354568,策略2 波动率调整动量,招商银行积存金代理
2026-01-30,1131.0906042572594,0.35000000000000003,0.35000000000000003,0.0,-0.028181098558144844,1.5353719175943707,策略2 波动率调整动量,招商银行积存金代理
2026-02-02,1047.1036456901854,0.30000000000000004,0.3,0.00011937691222305674,-0.026107954120658694,1.4952864980116691,策略2 波动率调整动量,招商银行积存金代理
2026-02-03,1099.5925105550073,0.30000000000000004,0.3,0.0,0.01503830067277374,1.5177730659607074,策略2 波动率调整动量,招商银行积存金代理
2026-02-04,1126.804092146565,0.30000000000000004,0.3,0.0,0.007424090650951087,1.5290411507899717,策略2 波动率调整动量,招商银行积存金代理
2026-02-05,1083.833080447246,0.30000000000000004,0.3,0.0,-0.011440589894590913,1.5115480180518301,策略2 波动率调整动量,招商银行积存金代理
2026-02-06,1086.3023339526205,0.30000000000000004,0.3,0.0,0.0006834779865795282,1.5125811278478267,策略2 波动率调整动量,招商银行积存金代理
2026-02-09,1113.7648216719813,0.30000000000000004,0.3,0.0,0.007584211189007339,1.5240528625619316,策略2 波动率调整动量,招商银行积存金代理
2026-02-10,1123.4084786747949,0.30000000000000004,0.3,0.0,0.0025975834795185946,1.5280117170996357,策略2 波动率调整动量,招商银行积存金代理
2026-02-11,1126.5240971390265,0.30000000000000004,0.3,0.0,0.0008320086210957589,1.529283036021398,策略2 波动率调整动量,招商银行积存金代理
2026-02-12,1125.2669715088202,0.30000000000000004,0.3,0.0,-0.0003347799572327559,1.528771062712002,策略2 波动率调整动量,招商银行积存金代理
2026-02-13,1102.406277575899,0.30000000000000004,0.3,0.0,-0.0060947387184754455,1.5194536025244063,策略2 波动率调整动量,招商银行积存金代理
2026-02-16,1111.686110982031,0.30000000000000004,0.3,0.0,0.002525339412944305,1.5232907385930012,策略2 波动率调整动量,招商银行积存金代理
2026-02-17,1093.2298206111104,0.30000000000000004,0.3,0.0,-0.004980620929396218,1.5157038048588094,策略2 波动率调整动量,招商银行积存金代理
2026-02-18,1092.0193900151837,0.30000000000000004,0.3,0.0,-0.00033216179428314786,1.5152003459633858,策略2 波动率调整动量,招商银行积存金代理
2026-02-19,1108.4990139083523,0.30000000000000004,0.3,0.0,0.004527288812959496,1.5220600955390582,策略2 波动率调整动量,招商银行积存金代理
2026-02-20,1117.6767310787957,0.30000000000000004,0.3,0.0,0.0024838228240054105,1.525840623143866,策略2 波动率调整动量,招商银行积存金代理
2026-02-23,1143.257250286801,0.30000000000000004,0.3,0.0,0.006866167603752826,1.5363173005989865,策略2 波动率调整动量,招商银行积存金代理
2026-02-24,1147.6325682207016,0.30000000000000004,0.3,0.0,0.0011481190080717906,1.5380811756942339,策略2 波动率调整动量,招商银行积存金代理
2026-02-25,1144.4917500241156,0.30000000000000004,0.3,0.0,-0.0008210340879717948,1.5368183586189212,策略2 波动率调整动量,招商银行积存金代理
2026-02-26,1142.8431013331058,0.30000000000000004,0.3,0.0,-0.00043215218221759333,1.536154219211572,策略2 波动率调整动量,招商银行积存金代理
2026-02-27,1137.991763089028,0.30000000000000004,0.3,0.0,-0.0012734919356171214,1.534197939201542,策略2 波动率调整动量,招商银行积存金代理
2026-03-02,1188.5220440710914,0.25,0.25000000000000006,0.00010517263909706917,0.013215735988106339,1.5544734941195264,策略2 波动率调整动量,招商银行积存金代理
2026-03-03,1165.5167450362208,0.25,0.25000000000000006,0.0,-0.004839056025429223,1.5469513097914374,策略2 波动率调整动量,招商银行积存金代理
2026-03-04,1149.9028219329948,0.25,0.25000000000000006,0.0,-0.003349141736856965,1.5417703505949292,策略2 波动率调整动量,招商银行积存金代理
2026-03-05,1142.8115619736818,0.25,0.25000000000000006,0.0,-0.0015417085305070581,1.539393390093334,策略2 波动率调整动量,招商银行积存金代理
2026-03-06,1128.1764781822167,0.25,0.25000000000000006,0.0,-0.003201552267766223,1.5344649416942966,策略2 波动率调整动量,招商银行积存金代理
2026-03-09,1129.6024834944114,0.25,0.25000000000000006,0.0,0.00031599783805374987,1.5349498292984414,策略2 波动率调整动量,招商银行积存金代理
2026-03-10,1149.619623408592,0.25,0.25000000000000006,0.0,0.004430129228349789,1.5417498554012667,策略2 波动率调整动量,招商银行积存金代理
2026-03-11,1146.0141996830207,0.25,0.25000000000000006,0.0,-0.0007840470996139661,1.540541050898809,策略2 波动率调整动量,招商银行积存金代理
2026-03-12,1143.7505255565195,0.25,0.25000000000000006,0.0,-0.0004938145895415914,1.5397803092520874,策略2 波动率调整动量,招商银行积存金代理
2026-03-13,1122.4979022746331,0.25,0.25000000000000006,0.0,-0.004645380003551331,1.5326274445936259,策略2 波动率调整动量,招商银行积存金代理
2026-03-16,1105.669360753675,0.25,0.25000000000000006,0.0,-0.003748011797362117,1.526883138850328,策略2 波动率调整动量,招商银行积存金代理
2026-03-17,1119.4308124795064,0.25,0.25000000000000006,0.0,0.003111565766019565,1.5316341361538872,策略2 波动率调整动量,招商银行积存金代理
2026-03-18,1103.2899996703472,0.25,0.25000000000000006,0.0,-0.003604691917807685,1.5261130669622551,策略2 波动率调整动量,招商银行积存金代理
2026-03-19,1034.7188992708138,0.25,0.25000000000000006,0.0,-0.015537868651945955,1.5024005225797772,策略2 波动率调整动量,招商银行积存金代理
2026-03-20,1031.6820607130717,0.25,0.25000000000000006,0.0,-0.0007337351622460633,1.5012981584885836,策略2 波动率调整动量,招商银行积存金代理
2026-03-23,943.8664168192872,0.25,0.25000000000000006,0.0,-0.021279725420709692,1.4693509459013294,策略2 波动率调整动量,招商银行积存金代理
2026-03-24,977.5586408320819,0.25,0.25000000000000006,0.0,0.008923991629645358,1.4824634214435644,策略2 波动率调整动量,招商银行积存金代理
2026-03-25,1009.4471984021704,0.25,0.25000000000000006,0.0,0.008155152089634634,1.4945531361127566,策略2 波动率调整动量,招商银行积存金代理
2026-03-26,985.7342669063809,0.25,0.25000000000000006,0.0,-0.0058727518223152825,1.4857759964591035,策略2 波动率调整动量,招商银行积存金代理
2026-03-27,984.2424981100411,0.25,0.25000000000000006,0.0,-0.0003783394892574733,1.485213868727452,策略2 波动率调整动量,招商银行积存金代理
2026-03-30,1006.1920438195175,0.25,0.25000000000000006,0.0,0.005575238254704574,1.493494289904799,策略2 波动率调整动量,招商银行积存金代理
2026-03-31,1009.3997401151232,0.25,0.25000000000000006,0.0,0.0007969890825784145,1.4946845885487465,策略2 波动率调整动量,招商银行积存金代理
2026-04-01,1042.542590097105,0.2,0.2,0.000119899178400335,0.00808865504071454,1.5067745765801897,策略2 波动率调整动量,招商银行积存金代理
2026-04-02,1023.9389795877623,0.2,0.2,0.0,-0.003568892184560024,1.5013970605699387,策略2 波动率调整动量,招商银行积存金代理
2026-04-07,1032.2478638670282,0.2,0.2,0.0,0.0016229256713346186,1.503833716402404,策略2 波动率调整动量,招商银行积存金代理
2026-04-08,1053.4013467527677,0.2,0.2,0.0,0.004098527810267205,1.509997220711097,策略2 波动率调整动量,招商银行积存金代理
2026-04-09,1038.6630404076977,0.2,0.2,0.0,-0.00279823191616424,1.5057718982947836,策略2 波动率调整动量,招商银行积存金代理
2026-04-10,1042.9019883316716,0.2,0.2,0.0,0.0008162315898541995,1.5070009568852865,策略2 波动率调整动量,招商银行积存金代理
2026-04-13,1035.7947133957841,0.2,0.2,0.0,-0.00136298041722156,1.5049469440923178,策略2 波动率调整动量,招商银行积存金代理
2026-04-14,1045.6547514805457,0.2,0.2,0.0,0.0019038595113960444,1.5078121516459744,策略2 波动率调整动量,招商银行积存金代理
2026-04-15,1051.7726407760765,0.2,0.2,0.0,0.0011701547354647345,1.5095765251754143,策略2 波动率调整动量,招商银行积存金代理
2026-04-16,1055.4966117476856,0.2,0.2,0.0,0.0007081323143871111,1.5106455050939314,策略2 波动率调整动量,招商银行积存金代理
2026-04-17,1051.7465224966265,0.2,0.2,0.0,-0.0007105829065333858,1.5095720662201801,策略2 波动率调整动量,招商银行积存金代理
2026-04-20,1049.2581150200067,0.2,0.2,0.0,-0.00047319528487013154,1.5088577438362731,策略2 波动率调整动量,招商银行积存金代理
2026-04-21,1048.8603478345462,0.2,0.2,0.0,-7.581874845978831e-05,1.5087433441305316,策略2 波动率调整动量,招商银行积存金代理
2026-04-22,1043.5141951513133,0.2,0.2,0.0,-0.0010194212593259923,1.5072052990906581,策略2 波动率调整动量,招商银行积存金代理
2026-04-23,1031.6642287469476,0.2,0.2,0.0,-0.002271165348670201,1.5037821866420313,策略2 波动率调整动量,招商银行积存金代理
2026-04-24,1027.0336015847956,0.2,0.2,0.0,-0.0008977004403412092,1.5024322407109056,策略2 波动率调整动量,招商银行积存金代理
2026-04-27,1031.3341314206568,0.2,0.2,0.0,0.0008374662385388643,1.5036904769881934,策略2 波动率调整动量,招商银行积存金代理
2026-04-28,1013.5697068940112,0.2,0.2,0.0,-0.003444940681285358,1.4985103524919554,策略2 波动率调整动量,招商银行积存金代理
2026-04-29,1003.5932441282879,0.2,0.2,0.0,-0.001968579506247337,1.4955604157221405,策略2 波动率调整动量,招商银行积存金代理
2026-04-30,1015.376026121469,0.2,0.2,0.0,0.0023481190337058424,1.4990721696003544,策略2 波动率调整动量,招商银行积存金代理
2026-05-01,1002.7546154461296,0.25,0.25,0.00012465661895197258,-0.002610713084860576,1.4951585222720285,策略2 波动率调整动量,招商银行积存金代理
2026-05-05,1000.0586232216385,0.25,0.25,0.0,-0.0006721465508517377,1.4941535566283068,策略2 波动率调整动量,招商银行积存金代理
2026-05-06,1029.0467492207229,0.25,0.25,0.0,0.00724660668034155,1.5049810997732258,策略2 波动率调整动量,招商银行积存金代理
2026-05-07,1035.2170238432152,0.25,0.25,0.0,0.0014990268000858453,1.5072371067754085,策略2 波动率调整动量,招商银行积存金代理
2026-05-08,1029.9580080909834,0.25,0.25,0.0,-0.0012700273544352658,1.5053228744201836,策略2 波动率调整动量,招商银行积存金代理
2026-05-11,1016.1896277613122,0.25,0.25,0.0,-0.003341976134345226,1.5002921212993874,策略2 波动率调整动量,招商银行积存金代理
2026-05-12,1026.0341679760859,0.25,0.25,0.0,0.0024219249896452744,1.5039257162797306,策略2 波动率调整动量,招商银行积存金代理
2026-05-13,1023.2548132171386,0.25,0.25,0.0,-0.0006772081392839302,1.5029072455437873,策略2 波动率调整动量,招商银行积存金代理
2026-05-15,994.1296855523036,0.25,0.25,0.0,-0.0071158051954978985,1.4922128503575955,策略2 波动率调整动量,招商银行积存金代理
2026-05-18,992.8639510230994,0.25,0.25,0.0,-0.000318302166105483,1.4917378757750361,策略2 波动率调整动量,招商银行积存金代理
2026-05-19,994.8934018123489,0.25,0.25,0.0,0.0005110092845949099,1.492500167679739,策略2 波动率调整动量,招商银行积存金代理
2026-05-20,978.2660944998214,0.25,0.25,0.0,-0.00417816302787774,1.4862642586600379,策略2 波动率调整动量,招商银行积存金代理
2026-05-21,992.4197031054384,0.25,0.25,0.0,0.003617013991692508,1.4916400972789639,策略2 波动率调整动量,招商银行积存金代理
2026-05-22,987.4769600218979,0.25,0.25,0.0,-0.0012451241818541847,1.4897828201232184,策略2 波动率调整动量,招商银行积存金代理
2026-05-26,985.4635634626383,0.25,0.25,0.0,-0.0005097325408014997,1.4890234293410745,策略2 波动率调整动量,招商银行积存金代理
2026-05-27,978.0104746338562,0.25,0.25,0.0,-0.0018907570774595595,1.4862080477535446,策略2 波动率调整动量,招商银行积存金代理
2026-05-28,957.2848165806189,0.25,0.25,0.0,-0.005297913107984997,1.4783342466561584,策略2 波动率调整动量,招商银行积存金代理
2026-05-29,986.4595638880066,0.25,0.25,0.0,0.0076191397800496885,1.4895978819230664,策略2 波动率调整动量,招商银行积存金代理
2026-06-01,976.6610850548682,0.25,0.25,0.0,-0.0024832439138506024,1.4858988470486962,策略2 波动率调整动量,招商银行积存金代理
2026-06-02,983.5183380923418,0.25,0.25,0.0,0.0017552795801955012,1.488507014953157,策略2 波动率调整动量,招商银行积存金代理
2026-06-03,966.5706833683441,0.25,0.25,0.0,-0.004307915284241098,1.4820946528327401,策略2 波动率调整动量,招商银行积存金代理
2026-06-04,972.3459170232733,0.25,0.25,0.0,0.001493743229104394,1.484308521685301,策略2 波动率调整动量,招商银行积存金代理
2026-06-05,971.9430368238326,0.25,0.25,0.0,-0.00010358458661349768,1.4841547702006752,策略2 波动率调整动量,招商银行积存金代理
2026-06-08,931.0984678704948,0.25,0.25,0.0,-0.010505906057728415,1.4685623796098175,策略2 波动率调整动量,招商银行积存金代理
2026-06-09,942.1105790993892,0.25,0.25,0.0,0.0029567525908618664,1.472904555230571,策略2 波动率调整动量,招商银行积存金代理
2026-06-10,907.1958205950643,0.25,0.25,0.0,-0.009265037268157417,1.459258039633921,策略2 波动率调整动量,招商银行积存金代理
2026-06-11,888.7438250478976,0.25,0.25,0.0,-0.0050848987418899705,1.4518378602640936,策略2 波动率调整动量,招商银行积存金代理
2026-06-12,920.0361643417764,0.25,0.25,0.0,0.00880240695123602,1.46461752793735,策略2 波动率调整动量,招商银行积存金代理
2026-06-15,942.3006117961861,0.25,0.25,0.0,0.00604988377558463,1.473478293757055,策略2 波动率调整动量,招商银行积存金代理
2026-06-16,943.5776561183169,0.25,0.25,0.0,0.000338810223124153,1.4739775232665313,策略2 波动率调整动量,招商银行积存金代理
2026-06-17,941.0901548721322,0.25,0.25,0.0,-0.0006590610825869259,1.4730060820443382,策略2 波动率调整动量,招商银行积存金代理
2026-06-18,928.1085285193702,0.25,0.25,0.0,-0.003448560769006709,1.467926331057292,策略2 波动率调整动量,招商银行积存金代理
2026-06-19,906.2708087986456,0.25,0.25,0.0,-0.0058823184599873235,1.4592915209022124,策略2 波动率调整动量,招商银行积存金代理
2026-06-22,916.4699531456822,0.25,0.25,0.0,0.002813492459432909,1.4633972265923851,策略2 波动率调整动量,招商银行积存金代理
2026-06-23,897.8279991872497,0.25,0.25,0.0,-0.005085260540851899,1.4559554704204027,策略2 波动率调整动量,招商银行积存金代理
2026-06-24,888.39728505075,0.25,0.25,0.0,-0.0026259801835754604,1.4521321602069104,策略2 波动率调整动量,招商银行积存金代理
2026-06-25,872.0136022742614,0.25,0.25,0.0,-0.004610460616038675,1.4454371620729933,策略2 波动率调整动量,招商银行积存金代理
2026-06-26,883.6819279825,0.25,0.25,0.0,0.00334522468394044,1.4502724741466448,策略2 波动率调整动量,招商银行积存金代理
2026-06-29,883.0365257790272,0.25,0.25,0.0,-0.0001825889449121043,1.4500076704257554,策略2 波动率调整动量,招商银行积存金代理
2026-06-30,877.3248607038645,0.25,0.25,0.0,-0.0016170523269475878,1.4476629321482015,策略2 波动率调整动量,招商银行积存金代理
2026-07-01,869.0688941044988,0.30000000000000004,0.30000000000000004,0.00014383209530103127,-0.002496428883890293,1.4440489445902494,策略2 波动率调整动量,招商银行积存金代理
2026-07-02,887.0464278697287,0.30000000000000004,0.30000000000000004,0.0,0.006205791239515325,1.4530104108800186,策略2 波动率调整动量,招商银行积存金代理
2026-07-03,910.4110064100207,0.30000000000000004,0.30000000000000004,0.0,0.0079019241179076,1.4644919888893224,策略2 波动率调整动量,招商银行积存金代理
2026-07-06,904.0135074203614,0.30000000000000004,0.30000000000000004,0.0,-0.0021081134601677156,1.461404673615237,策略2 波动率调整动量,招商银行积存金代理
2026-07-07,900.7674611371345,0.30000000000000004,0.30000000000000004,0.0,-0.001077211653337884,1.4598304314705763,策略2 波动率调整动量,招商银行积存金代理
2026-07-08,886.9380664155399,0.30000000000000004,0.30000000000000004,0.0,-0.0046058706552753355,1.4531066413245883,策略2 波动率调整动量,招商银行积存金代理
2026-07-09,896.8609615606482,0.30000000000000004,0.30000000000000004,0.0,0.003356343194923617,1.4579837659116965,策略2 波动率调整动量,招商银行积存金代理
2026-07-10,895.8018618020454,0.30000000000000004,0.30000000000000004,0.0,-0.0003542688791225213,1.4574672476371682,策略2 波动率调整动量,招商银行积存金代理
2026-07-13,887.3286331790047,0.30000000000000004,0.30000000000000004,0.0,-0.0028376460189518675,1.4533314715041579,策略2 波动率调整动量,招商银行积存金代理
2026-07-14,874.1030174286749,0.30000000000000004,0.30000000000000004,0.0,-0.00447149407416736,1.446832908441526,策略2 波动率调整动量,招商银行积存金代理
2026-07-15,876.3621548073071,0.30000000000000004,0.30000000000000004,0.0,0.0007753562224088518,1.447954719339872,策略2 波动率调整动量,招商银行积存金代理
2026-07-16,877.7028113065655,0.30000000000000004,0.30000000000000004,0.0,0.0004589392040394103,1.4486192425262512,策略2 波动率调整动量,招商银行积存金代理
2026-07-17,870.7024403311117,0.30000000000000004,0.30000000000000004,0.0,-0.002392736203624413,1.4451530788193916,策略2 波动率调整动量,招商银行积存金代理
2026-07-20,874.1862952489115,0.30000000000000004,0.30000000000000004,0.0,0.0012003601080323946,1.4468877829252067,策略2 波动率调整动量,招商银行积存金代理
2026-07-21,883.8235971997013,0.30000000000000004,0.30000000000000004,0.0,0.003307293423553071,1.4516730653742946,策略2 波动率调整动量,招商银行积存金代理
2026-07-22,896.7986910747555,0.30000000000000004,0.30000000000000004,0.0,0.004404191260393265,1.4580665112017646,策略2 波动率调整动量,招商银行积存金代理
2026-07-23,890.5821874558067,0.30000000000000004,0.30000000000000004,0.0,-0.002079564905976428,1.4550343672544899,策略2 波动率调整动量,招商银行积存金代理
2026-07-24,882.2535967929415,0.30000000000000004,0.30000000000000004,0.0,-0.0028055548764089116,1.4509521884900964,策略2 波动率调整动量,招商银行积存金代理
2026-07-27,889.9054883566641,0.30000000000000004,0.30000000000000004,0.0,0.0026019360844334876,1.4547274733461169,策略2 波动率调整动量,招商银行积存金代理
2026-07-28,878.9778231589056,0.30000000000000004,0.30000000000000004,0.0,-0.0036838738520215248,1.4493684408452399,策略2 波动率调整动量,招商银行积存金代理
2026-07-29,877.0147675908779,0.30000000000000004,0.30000000000000004,0.0,-0.0006700017393975189,1.4483973614688455,策略2 波动率调整动量,招商银行积存金代理
2026-07-30,882.0696522519241,0.30000000000000004,0.30000000000000004,0.0,0.0017291218510260057,1.45090181699553,策略2 波动率调整动量,招商银行积存金代理
2026-07-31,880.0498940921449,0.30000000000000004,0.30000000000000004,0.0,-0.0006869383232796401,1.4499051369341196,策略2 波动率调整动量,招商银行积存金代理
2026-08-03,878.276142674485,0.35000000000000003,0.35000000000000003,0.00014232425762967428,-0.0007469779583689071,1.448822089755104,策略2 波动率调整动量,招商银行积存金代理
2026-08-04,879.1640187099566,0.35000000000000003,0.35000000000000003,0.0,0.00035382563332387874,1.4493347201485853,策略2 波动率调整动量,招商银行积存金代理
2026-08-05,901.982470769052,0.35000000000000003,0.35000000000000003,0.0,0.00908415045511346,1.4625006948062347,策略2 波动率调整动量,招商银行积存金代理
2026-08-06,928.9085915795933,0.35000000000000003,0.35000000000000003,0.0,0.010448254360923705,1.4777812740685978,策略2 波动率调整动量,招商银行积存金代理
2026-08-07,933.410904834429,0.35000000000000003,0.35000000000000003,0.0,0.0016964098012193563,1.4802881967059862,策略2 波动率调整动量,招商银行积存金代理
2026-08-10,941.6017717408592,0.35000000000000003,0.35000000000000003,0.0,0.0030713198253871977,1.4848346351918158,策略2 波动率调整动量,招商银行积存金代理
2026-08-11,948.1412219370093,0.35000000000000003,0.35000000000000003,0.0,0.0024307596240190858,1.4884439112713852,策略2 波动率调整动量,招商银行积存金代理
2026-08-12,956.7911516658091,0.35000000000000003,0.35000000000000003,0.0,0.003193063791588946,1.4931966076302767,策略2 波动率调整动量,招商银行积存金代理
2026-08-13,949.62050328353,0.35000000000000003,0.35000000000000003,0.0,-0.0026230666216218337,1.4892798534492828,策略2 波动率调整动量,招商银行积存金代理
2026-08-14,942.9976891034088,0.35000000000000003,0.35000000000000003,0.0,-0.0024409592621762403,1.4856445819970334,策略2 波动率调整动量,招商银行积存金代理
2026-08-17,952.0615757255623,0.35000000000000003,0.35000000000000003,0.0,0.0033641231091138704,1.4906424732672594,策略2 波动率调整动量,招商银行积存金代理
2026-08-18,951.3915689524306,0.35000000000000003,0.35000000000000003,0.0,-0.0002463100881026359,1.4902753129883395,策略2 波动率调整动量,招商银行积存金代理
2026-08-19,942.4032887358225,0.35000000000000003,0.35000000000000003,0.0,-0.0033066280787801775,1.4853475267932994,策略2 波动率调整动量,招商银行积存金代理
2026-08-20,969.9201960356594,0.35000000000000003,0.35000000000000003,0.0,0.010219528804767054,1.500527078628453,策略2 波动率调整动量,招商银行积存金代理
2026-08-21,990.312381278543,0.35000000000000003,0.35000000000000003,0.0,0.007358610393083177,1.5115688727843513,策略2 波动率调整动量,招商银行积存金代理
2026-08-24,1001.5159757432309,0.35000000000000003,0.35000000000000003,0.0,0.003959617325573828,1.5175541070818261,策略2 波动率调整动量,招商银行积存金代理
2026-08-25,999.4302826311217,0.35000000000000003,0.35000000000000003,0.0,-0.0007288876132969358,1.5164479806906663,策略2 波动率调整动量,招商银行积存金代理
2026-08-26,998.7631967846029,0.35000000000000003,0.35000000000000003,0.0,-0.00023361313974489263,1.5160937185166374,策略2 波动率调整动量,招商银行积存金代理
2026-08-27,993.1221153342661,0.35000000000000003,0.35000000000000003,0.0,-0.0019768234492161143,1.5130966689026644,策略2 波动率调整动量,招商银行积存金代理
2026-08-28,994.6458557260238,0.35000000000000003,0.35000000000000003,0.0,0.0005370025789181998,1.5139092057160177,策略2 波动率调整动量,招商银行积存金代理
2026-09-01,943.585628983051,0.35000000000000003,0.35000000000000003,0.0,-0.017967278762746976,1.4867083769954292,策略2 波动率调整动量,招商银行积存金代理
2026-09-02,930.7690871488071,0.35000000000000003,0.35000000000000003,0.0,-0.0047539825790055175,1.4796405912711315,策略2 波动率调整动量,招商银行积存金代理
2026-09-03,957.8905063452081,0.35000000000000003,0.35000000000000003,0.0,0.010198551767354415,1.4947307824382892,策略2 波动率调整动量,招商银行积存金代理
2021-01-04,0.9862,0.5,0.5,0.0,0.006574892130675969,1.0,策略2 波动率调整动量,建信上海金ETF联接A
2021-01-05,0.9915,0.5,0.5,0.0,0.002687081727844265,1.0026870817278444,策略2 波动率调整动量,建信上海金ETF联接A
2021-01-06,0.9934,0.5,0.5,0.0,0.0009581442259202211,1.0036478005656069,策略2 波动率调整动量,建信上海金ETF联接A
2021-01-07,0.9864,0.5,0.5,0.0,-0.003523253472921206,1.0001116949666744,策略2 波动率调整动量,建信上海金ETF联接A
2021-01-08,0.9799,0.5,0.5,0.0,-0.0032948094079481294,0.9968165175450993,策略2 波动率调整动量,建信上海金ETF联接A
2021-01-11,0.9536,0.5,0.5,0.0,-0.013419736707827312,0.9834395023336306,策略2 波动率调整动量,建信上海金ETF联接A
2021-01-12,0.9611,0.5,0.5,0.0,0.003932466442952975,0.987306845175232,策略2 波动率调整动量,建信上海金ETF联接A
2021-01-13,0.9597,0.5,0.5,0.0,-0.0007283321194464509,0.9865877578881416,策略2 波动率调整动量,建信上海金ETF联接A
2021-01-14,0.9535,0.5,0.5,0.0,-0.0032301760966969018,0.9834009056953176,策略2 波动率调整动量,建信上海金ETF联接A
2021-01-15,0.9566,0.5,0.5,0.0,0.0016255899318300404,0.9849995123065685,策略2 波动率调整动量,建信上海金ETF联接A
2021-01-18,0.9543,0.5,0.5,0.0,-0.0012021743675517116,0.9838153711408226,策略2 波动率调整动量,建信上海金ETF联接A
2021-01-19,0.9549,0.5,0.5,0.0,0.0003143665513989369,0.9841246497862614,策略2 波动率调整动量,建信上海金ETF联接A
2021-01-20,0.9584,0.5,0.5,0.0,0.0018326526337836269,0.9859282084176637,策略2 波动率调整动量,建信上海金ETF联接A
2021-01-21,0.9658,0.5,0.5,0.0,0.003860601001669406,0.989734483846655,策略2 波动率调整动量,建信上海金ETF联接A
2021-01-22,0.9621,0.5,0.5,0.0,-0.0019155104576517035,0.9878386370925483,策略2 波动率调整动量,建信上海金ETF联接A
2021-01-25,0.958,0.5,0.5,0.0,-0.002130755638707016,0.9857337943464306,策略2 波动率调整动量,建信上海金ETF联接A
2021-01-26,0.9598,0.5,0.5,0.0,0.0009394572025052117,0.9866598490592822,策略2 波动率调整动量,建信上海金ETF联接A
2021-01-27,0.9547,0.5,0.5,0.0,-0.0026568035007293322,0.9840384877182724,策略2 波动率调整动量,建信上海金ETF联接A
2021-01-28,0.9511,0.5,0.5,0.0,-0.001885409029014351,0.9821831726686308,策略2 波动率调整动量,建信上海金ETF联接A
2021-01-29,0.9547,0.5,0.5,0.0,0.0018925454736621328,0.9840419989863718,策略2 波动率调整动量,建信上海金ETF联接A
2021-02-01,0.964,0.45,0.45,0.0,0.004870639991620407,0.9888349133000691,策略2 波动率调整动量,建信上海金ETF联接A
2021-02-02,0.9579,0.45,0.45,0.0,-0.0028475103734439734,0.9860191956268236,策略2 波动率调整动量,建信上海金ETF联接A
2021-02-03,0.9484,0.45,0.45,0.0,-0.00446288756655181,0.9816187028182792,策略2 波动率调整动量,建信上海金ETF联接A
2021-02-04,0.9417,0.45,0.45,0.0,-0.003179038380430227,0.9784980992870719,策略2 波动率调整动量,建信上海金ETF联接A
2021-02-05,0.9319,0.45,0.45,0.0,-0.004683020070086047,0.9739157730495696,策略2 波动率调整动量,建信上海金ETF联接A
2021-02-08,0.9394,0.45,0.45,0.0,0.0036216332224488167,0.9774429387691127,策略2 波动率调整动量,建信上海金ETF联接A
2021-02-09,0.9495,0.45,0.45,0.0,0.004838194592292999,0.9821719979097405,策略2 波动率调整动量,建信上海金ETF联接A
2021-02-10,0.9496,0.45,0.45,0.0,4.73933649289382e-05,0.9822185463456604,策略2 波动率调整动量,建信上海金ETF联接A
2021-02-18,0.9234,0.45,0.45,0.0,-0.012415754001684936,0.9700235624983401,策略2 波动率调整动量,建信上海金ETF联接A
2021-02-19,0.9198,0.45,0.45,0.0,-0.0017543859649122807,0.9683217667746588,策略2 波动率调整动量,建信上海金ETF联接A
2021-02-22,0.9291,0.45,0.45,0.0,0.004549902152641916,0.9727275360657568,策略2 波动率调整动量,建信上海金ETF联接A
2021-02-23,0.9379,0.45,0.45,0.0,0.004262189215369716,0.9768734848794695,策略2 波动率调整动量,建信上海金ETF联接A
2021-02-24,0.9364,0.45,0.45,0.0,-0.0007196929310160805,0.9761704359379048,策略2 波动率调整动量,建信上海金ETF联接A
2021-02-25,0.928,0.45,0.45,0.0,-0.0040367364374199076,0.9722298931700222,策略2 波动率调整动量,建信上海金ETF联接A
2021-02-26,0.9152,0.45,0.45,0.0,-0.006206896551724151,0.966195362798622,策略2 波动率调整动量,建信上海金ETF联接A
2021-03-01,0.9104,0.55,0.55,0.0014778325123152585,-0.003837972372455151,0.9624871316898065,策略2 波动率调整动量,建信上海金ETF联接A
2021-03-02,0.8955,0.55,0.55,0.0,-0.009001537785588737,0.9538232674057578,策略2 波动率调整动量,建信上海金ETF联接A
2021-03-03,0.8993,0.55,0.55,0.0,0.002333891680625411,0.9560493875943431,策略2 波动率调整动量,建信上海金ETF联接A
2021-03-04,0.8917,0.55,0.55,0.0,-0.004648059601912536,0.9516056130584326,策略2 波动率调整动量,建信上海金ETF联接A
2021-03-05,0.8837,0.55,0.55,0.0,-0.004934394975888767,0.9469100151023295,策略2 波动率调整动量,建信上海金ETF联接A
2021-03-08,0.8929,0.55,0.55,0.0,0.0057259250876994135,0.9523319509135978,策略2 波动率调整动量,建信上海金ETF联接A
2021-03-09,0.8893,0.55,0.55,0.0,-0.0022174935603091585,0.9502201609451703,策略2 波动率调整动量,建信上海金ETF联接A
2021-03-10,0.8982,0.55,0.55,0.0,0.005504329247722917,0.9554504855688366,策略2 波动率调整动量,建信上海金ETF联接A
2021-03-11,0.9055,0.55,0.55,0.0,0.004470051213538196,0.9597213981713293,策略2 波动率调整动量,建信上海金ETF联接A
2021-03-12,0.8948,0.55,0.55,0.0,-0.006499171728326836,0.9534840039932639,策略2 波动率调整动量,建信上海金ETF联接A
2021-03-15,0.9017,0.55,0.55,0.0,0.004241171211443862,0.9575278929015724,策略2 波动率调整动量,建信上海金ETF联接A
2021-03-16,0.9035,0.55,0.55,0.0,0.0010979261395142937,0.958579187804503,策略2 波动率调整动量,建信上海金ETF联接A
2021-03-17,0.9061,0.55,0.55,0.0,0.001582733812949655,0.9600963634974312,策略2 波动率调整动量,建信上海金ETF联接A
2021-03-18,0.913,0.55,0.55,0.0,0.0041882794393554475,0.9641175153564674,策略2 波动率调整动量,建信上海金ETF联接A
2021-03-19,0.9088,0.55,0.55,0.0,-0.002530120481927728,0.9616781818838788,策略2 波动率调整动量,建信上海金ETF联接A
2021-03-22,0.9053,0.55,0.55,0.0,-0.0021181778169014343,0.9596411764920142,策略2 波动率调整动量,建信上海金ETF联接A
2021-03-23,0.9081,0.55,0.55,0.0,0.0017010935601458723,0.9612736159173956,策略2 波动率调整动量,建信上海金ETF联接A
2021-03-24,0.9067,0.55,0.55,0.0,-0.0008479242374188179,0.960458528719668,策略2 波动率调整动量,建信上海金ETF联接A
2021-03-25,0.9087,0.55,0.55,0.0,0.0012131906915187063,0.9616237480663004,策略2 波动率调整动量,建信上海金ETF联接A
2021-03-26,0.9067,0.55,0.55,0.0,-0.0012105205238252537,0.9604596827830683,策略2 波动率调整动量,建信上海金ETF联接A
2021-03-29,0.9071,0.55,0.55,0.0,0.00024263813830374128,0.9606927269324146,策略2 波动率调整动量,建信上海金ETF联接A
2021-03-30,0.8967,0.55,0.55,0.0,-0.006305809723293987,0.9546347813938264,策略2 波动率调整动量,建信上海金ETF联接A
2021-03-31,0.8863,0.55,0.55,0.0,-0.006378945020631272,0.9485452186085328,策略2 波动率调整动量,建信上海金ETF联接A
2021-04-01,0.9033,0.6000000000000001,0.6000000000000001,0.0007389162561576297,0.009810559090790406,0.9578509775259786,策略2 波动率调整动量,建信上海金ETF联接A
2021-04-02,0.9142,0.6000000000000001,0.6000000000000001,0.0,0.007240119561607417,0.9647859331254691,策略2 波动率调整动量,建信上海金ETF联接A
2021-04-06,0.91,0.6000000000000001,0.6000000000000001,0.0,-0.002756508422664639,0.9621264925747405,策略2 波动率调整动量,建信上海金ETF联接A
2021-04-07,0.913,0.6000000000000001,0.6000000000000001,0.0,0.001978021978021971,0.9640295999226904,策略2 波动率调整动量,建信上海金ETF联接A
2021-04-08,0.9153,0.6000000000000001,0.6000000000000001,0.0,0.0015115005476451062,0.9654867311909198,策略2 波动率调整动量,建信上海金ETF联接A
2021-04-09,0.9199,0.6000000000000001,0.6000000000000001,0.0,0.0030154047853163672,0.9683980645003123,策略2 波动率调整动量,建信上海金ETF联接A
2021-04-12,0.9146,0.6000000000000001,0.6000000000000001,0.0,-0.003456897488857558,0.9650504116629267,策略2 波动率调整动量,建信上海金ETF联接A
2021-04-13,0.9067,0.6000000000000001,0.6000000000000001,0.0,-0.0051825934834900615,0.960048947688203,策略2 波动率调整动量,建信上海金ETF联接A
2021-04-14,0.9152,0.6000000000000001,0.6000000000000001,0.0,0.0056247932061321846,0.965449024486714,策略2 波动率调整动量,建信上海金ETF联接A
2021-04-15,0.9144,0.6000000000000001,0.6000000000000001,0.0,-0.0005244755244755651,0.9649426701032419,策略2 波动率调整动量,建信上海金ETF联接A
2021-04-16,0.9226,0.6000000000000001,0.6000000000000001,0.0,0.005380577427821499,0.9701346188531412,策略2 波动率调整动量,建信上海金ETF联接A
2021-04-19,0.9299,0.6000000000000001,0.6000000000000001,0.0,0.004747452850639445,0.9747402872149197,策略2 波动率调整动量,建信上海金ETF联接A
2021-04-20,0.9216,0.6000000000000001,0.6000000000000001,0.0,-0.005355414560705408,0.9695201488878628,策略2 波动率调整动量,建信上海金ETF联接A
2021-04-21,0.9301,0.6000000000000001,0.6000000000000001,0.0,0.0055338541666667415,0.9748853320034532,策略2 波动率调整动量,建信上海金ETF联接A
2021-04-22,0.9311,0.6000000000000001,0.6000000000000001,0.0,0.0006450919255993616,0.9755142226595138,策略2 波动率调整动量,建信上海金ETF联接A
2021-04-23,0.9289,0.6000000000000001,0.6000000000000001,0.0,-0.0014176780152508341,0.974131257592485,策略2 波动率调整动量,建信上海金ETF联接A
2021-04-26,0.9248,0.6000000000000001,0.6000000000000001,0.0,-0.0026482936806975894,0.9715514719388327,策略2 波动率调整动量,建信上海金ETF联接A
2021-04-27,0.9253,0.6000000000000001,0.6000000000000001,0.0,0.0003243944636678542,0.971866637857498,策略2 波动率调整动量,建信上海金ETF联接A
2021-04-28,0.92,0.6000000000000001,0.6000000000000001,0.0,-0.0034367232249000296,0.9685266012116677,策略2 波动率调整动量,建信上海金ETF联接A
2021-04-29,0.9228,0.6000000000000001,0.6000000000000001,0.0,0.0018260869565216889,0.9702952150051846,策略2 波动率调整动量,建信上海金ETF联接A
2021-04-30,0.9192,0.6000000000000001,0.6000000000000001,0.0,-0.0023407022106631597,0.968024042850426,策略2 波动率调整动量,建信上海金ETF联接A
2021-05-06,0.9313,0.6000000000000001,0.6000000000000001,0.0,0.007898172323759846,0.9756696635544014,策略2 波动率调整动量,建信上海金ETF联接A
2021-05-07,0.9403,0.6000000000000001,0.6000000000000001,0.0,0.0057983463975088256,0.9813269342332308,策略2 波动率调整动量,建信上海金ETF联接A
2021-05-10,0.9437,0.6000000000000001,0.6000000000000001,0.0,0.0021695203658406385,0.9834559430025979,策略2 波动率调整动量,建信上海金ETF联接A
2021-05-11,0.9439,0.6000000000000001,0.6000000000000001,0.0,0.00012715905478430934,0.983580998330732,策略2 波动率调整动量,建信上海金ETF联接A
2021-05-12,0.9447,0.6000000000000001,0.6000000000000001,0.0,0.0005085284458099083,0.9840811772471413,策略2 波动率调整动量,建信上海金ETF联接A
2021-05-13,0.9409,0.6000000000000001,0.6000000000000001,0.0,-0.002413464591933945,0.9817061321702667,策略2 波动率调整动量,建信上海金ETF联接A
2021-05-14,0.9451,0.6000000000000001,0.6000000000000001,0.0,0.0026782867467319174,0.9843354226932437,策略2 波动率调整动量,建信上海金ETF联接A
2021-05-17,0.9552,0.6000000000000001,0.6000000000000001,0.0,0.006412019892074961,0.9906470010040268,策略2 波动率调整动量,建信上海金ETF联接A
2021-05-18,0.9618,0.6000000000000001,0.6000000000000001,0.0,0.004145728643216008,0.9947539546514054,策略2 波动率调整动量,建信上海金ETF联接A
2021-05-19,0.9626,0.6000000000000001,0.6000000000000001,0.0,0.0004990642545228409,0.995250400792217,策略2 波动率调整动量,建信上海金ETF联接A
2021-05-20,0.9642,0.6000000000000001,0.6000000000000001,0.0,0.0009972989819238887,0.9962429630036864,策略2 波动率调整动量,建信上海金ETF联接A
2021-05-21,0.9642,0.6000000000000001,0.6000000000000001,0.0,0.0,0.9962429630036864,策略2 波动率调整动量,建信上海金ETF联接A
2021-05-24,0.9678,0.6000000000000001,0.6000000000000001,0.0,0.00224019912881146,0.9984747456214919,策略2 波动率调整动量,建信上海金ETF联接A
2021-05-25,0.9646,0.6000000000000001,0.6000000000000001,0.0,-0.0019838809671419715,0.9964938905774814,策略2 波动率调整动量,建信上海金ETF联接A
2021-05-26,0.9734,0.6000000000000001,0.6000000000000001,0.0,0.005473771511507365,1.0019484704471155,策略2 波动率调整动量,建信上海金ETF联接A
2021-05-27,0.9687,0.6000000000000001,0.6000000000000001,0.0,-0.002897061845079119,0.999045763762648,策略2 波动率调整动量,建信上海金ETF联接A
2021-05-28,0.9621,0.6000000000000001,0.6000000000000001,0.0,-0.00408795292660269,0.9949617117088644,策略2 波动率调整动量,建信上海金ETF联接A
2021-05-31,0.9684,0.6000000000000001,0.6000000000000001,0.0,0.003928905519176862,0.9988708222693671,策略2 波动率调整动量,建信上海金ETF联接A
2021-06-01,0.9738,0.6000000000000001,0.6000000000000001,0.0,0.0033457249070631082,1.0022127692583724,策略2 波动率调整动量,建信上海金ETF联接A
2021-06-02,0.9601,0.6000000000000001,0.6000000000000001,0.0,-0.008441158348736934,0.9937529325739363,策略2 波动率调整动量,建信上海金ETF联接A
2021-06-03,0.9541,0.6000000000000001,0.6000000000000001,0.0,-0.0037496094156858955,0.9900267472210915,策略2 波动率调整动量,建信上海金ETF联接A
2021-06-04,0.9432,0.6000000000000001,0.6000000000000001,0.0,-0.006854627397547387,0.9832404827552851,策略2 波动率调整动量,建信上海金ETF联接A
2021-06-07,0.9503,0.6000000000000001,0.6000000000000001,0.0,0.004516539440203583,0.9876813271748541,策略2 波动率调整动量,建信上海金ETF联接A
2021-06-08,0.9548,0.6000000000000001,0.6000000000000001,0.0,0.0028412080395664677,0.990487535302153,策略2 波动率调整动量,建信上海金ETF联接A
2021-06-09,0.955,0.6000000000000001,0.6000000000000001,0.0,0.00012568077084198495,0.9906120205390994,策略2 波动率调整动量,建信上海金ETF联接A
2021-06-10,0.9525,0.6000000000000001,0.6000000000000001,0.0,-0.0015706806282722366,0.9890560854283049,策略2 波动率调整动量,建信上海金ETF联接A
2021-06-11,0.9601,0.6000000000000001,0.6000000000000001,0.0,0.004787401574803064,0.9937910940892529,策略2 波动率调整动量,建信上海金ETF联接A
2021-06-15,0.9442,0.6000000000000001,0.6000000000000001,0.0,-0.009936464951567527,0.9839163237136551,策略2 波动率调整动量,建信上海金ETF联接A
2021-06-16,0.9432,0.6000000000000001,0.6000000000000001,0.0,-0.0006354585892819121,0.9832910856346166,策略2 波动率调整动量,建信上海金ETF联接A
2021-06-17,0.9286,0.6000000000000001,0.6000000000000001,0.0,-0.009287531806615835,0.9741587384016234,策略2 波动率调整动量,建信上海金ETF联接A
2021-06-18,0.9176,0.6000000000000001,0.6000000000000001,0.0,-0.007107473616196459,0.9672349308704465,策略2 波动率调整动量,建信上海金ETF联接A
2021-06-21,0.9179,0.6000000000000001,0.6000000000000001,0.0,0.00019616390584138447,0.9674246674523523,策略2 波动率调整动量,建信上海金ETF联接A
2021-06-22,0.9203,0.6000000000000001,0.6000000000000001,0.0,0.0015687983440462185,0.9689423616686411,策略2 波动率调整动量,建信上海金ETF联接A
2021-06-23,0.9224,0.6000000000000001,0.6000000000000001,0.0,0.0013691187656199146,0.9702689588388057,策略2 波动率调整动量,建信上海金ETF联接A
2021-06-24,0.9184,0.6000000000000001,0.6000000000000001,0.0,-0.0026019080659149822,0.9677444082086961,策略2 波动率调整动量,建信上海金ETF联接A
2021-06-25,0.9172,0.6000000000000001,0.6000000000000001,0.0,-0.0007839721254355504,0.9669857235681144,策略2 波动率调整动量,建信上海金ETF联接A
2021-06-28,0.9189,0.6000000000000001,0.6000000000000001,0.0,0.001112080244221625,0.9680610892877389,策略2 波动率调整动量,建信上海金ETF联接A
2021-06-29,0.9158,0.6000000000000001,0.6000000000000001,0.0,-0.002024159320927255,0.9661015794106302,策略2 波动率调整动量,建信上海金ETF联接A
2021-06-30,0.9077,0.6000000000000001,0.6000000000000001,0.0,-0.005306835553614354,0.9609746372006108,策略2 波动率调整动量,建信上海金ETF联接A
2021-07-01,0.9172,0.0,0.0,0.0,0.006279607799933951,0.9670091810279144,策略2 波动率调整动量,建信上海金ETF联接A
2021-07-02,0.9193,0.0,0.0,0.0,0.0,0.9670091810279144,策略2 波动率调整动量,建信上海金ETF联接A
2021-07-05,0.9214,0.0,0.0,0.0,0.0,0.9670091810279144,策略2 波动率调整动量,建信上海金ETF联接A
2021-07-06,0.9295,0.0,0.0,0.0,0.0,0.9670091810279144,策略2 波动率调整动量,建信上海金ETF联接A
2021-07-07,0.9298,0.0,0.0,0.0,0.0,0.9670091810279144,策略2 波动率调整动量,建信上海金ETF联接A
2021-07-08,0.9284,0.0,0.0,0.0,-0.0,0.9670091810279144,策略2 波动率调整动量,建信上海金ETF联接A
2021-07-09,0.9306,0.0,0.0,0.0,0.0,0.9670091810279144,策略2 波动率调整动量,建信上海金ETF联接A
2021-07-12,0.9293,0.0,0.0,0.0,-0.0,0.9670091810279144,策略2 波动率调整动量,建信上海金ETF联接A
2021-07-13,0.9327,0.0,0.0,0.0,0.0,0.9670091810279144,策略2 波动率调整动量,建信上海金ETF联接A
2021-07-14,0.9347,0.0,0.0,0.0,0.0,0.9670091810279144,策略2 波动率调整动量,建信上海金ETF联接A
2021-07-15,0.9415,0.0,0.0,0.0,0.0,0.9670091810279144,策略2 波动率调整动量,建信上海金ETF联接A
2021-07-16,0.9393,0.0,0.0,0.0,-0.0,0.9670091810279144,策略2 波动率调整动量,建信上海金ETF联接A
2021-07-19,0.9318,0.0,0.0,0.0,-0.0,0.9670091810279144,策略2 波动率调整动量,建信上海金ETF联接A
2021-07-20,0.9374,0.0,0.0,0.0,0.0,0.9670091810279144,策略2 波动率调整动量,建信上海金ETF联接A
2021-07-21,0.9335,0.0,0.0,0.0,-0.0,0.9670091810279144,策略2 波动率调整动量,建信上海金ETF联接A
2021-07-22,0.9276,0.0,0.0,0.0,-0.0,0.9670091810279144,策略2 波动率调整动量,建信上海金ETF联接A
2021-07-23,0.9311,0.0,0.0,0.0,0.0,0.9670091810279144,策略2 波动率调整动量,建信上海金ETF联接A
2021-07-26,0.9329,0.0,0.0,0.0,0.0,0.9670091810279144,策略2 波动率调整动量,建信上海金ETF联接A
2021-07-27,0.9265,0.0,0.0,0.0,-0.0,0.9670091810279144,策略2 波动率调整动量,建信上海金ETF联接A
2021-07-28,0.9349,0.0,0.0,0.0,0.0,0.9670091810279144,策略2 波动率调整动量,建信上海金ETF联接A
2021-07-29,0.9375,0.0,0.0,0.0,0.0,0.9670091810279144,策略2 波动率调整动量,建信上海金ETF联接A
2021-07-30,0.9405,0.0,0.0,0.0,0.0,0.9670091810279144,策略2 波动率调整动量,建信上海金ETF联接A
2021-08-02,0.9312,0.0,0.0,0.0,-0.0,0.9670091810279144,策略2 波动率调整动量,建信上海金ETF联接A
2021-08-03,0.9315,0.0,0.0,0.0,0.0,0.9670091810279144,策略2 波动率调整动量,建信上海金ETF联接A
2021-08-04,0.933,0.0,0.0,0.0,0.0,0.9670091810279144,策略2 波动率调整动量,建信上海金ETF联接A
2021-08-05,0.932,0.0,0.0,0.0,-0.0,0.9670091810279144,策略2 波动率调整动量,建信上海金ETF联接A
2021-08-06,0.9271,0.0,0.0,0.0,-0.0,0.9670091810279144,策略2 波动率调整动量,建信上海金ETF联接A
2021-08-09,0.9034,0.0,0.0,0.0,-0.0,0.9670091810279144,策略2 波动率调整动量,建信上海金ETF联接A
2021-08-10,0.8987,0.0,0.0,0.0,-0.0,0.9670091810279144,策略2 波动率调整动量,建信上海金ETF联接A
2021-08-11,0.8975,0.0,0.0,0.0,-0.0,0.9670091810279144,策略2 波动率调整动量,建信上海金ETF联接A
2021-08-12,0.9061,0.0,0.0,0.0,0.0,0.9670091810279144,策略2 波动率调整动量,建信上海金ETF联接A
2021-08-13,0.908,0.0,0.0,0.0,0.0,0.9670091810279144,策略2 波动率调整动量,建信上海金ETF联接A
2021-08-16,0.9158,0.0,0.0,0.0,0.0,0.9670091810279144,策略2 波动率调整动量,建信上海金ETF联接A
2021-08-17,0.9251,0.0,0.0,0.0,0.0,0.9670091810279144,策略2 波动率调整动量,建信上海金ETF联接A
2021-08-18,0.9254,0.0,0.0,0.0,0.0,0.9670091810279144,策略2 波动率调整动量,建信上海金ETF联接A
2021-08-19,0.922,0.0,0.0,0.0,-0.0,0.9670091810279144,策略2 波动率调整动量,建信上海金ETF联接A
2021-08-20,0.9252,0.0,0.0,0.0,0.0,0.9670091810279144,策略2 波动率调整动量,建信上海金ETF联接A
2021-08-23,0.9234,0.0,0.0,0.0,-0.0,0.9670091810279144,策略2 波动率调整动量,建信上海金ETF联接A
2021-08-24,0.9298,0.0,0.0,0.0,0.0,0.9670091810279144,策略2 波动率调整动量,建信上海金ETF联接A
2021-08-25,0.9255,0.0,0.0,0.0,-0.0,0.9670091810279144,策略2 波动率调整动量,建信上海金ETF联接A
2021-08-26,0.9216,0.0,0.0,0.0,-0.0,0.9670091810279144,策略2 波动率调整动量,建信上海金ETF联接A
2021-08-27,0.9294,0.0,0.0,0.0,0.0,0.9670091810279144,策略2 波动率调整动量,建信上海金ETF联接A
2021-08-30,0.9322,0.0,0.0,0.0,0.0,0.9670091810279144,策略2 波动率调整动量,建信上海金ETF联接A
2021-08-31,0.9324,0.0,0.0,0.0,0.0,0.9670091810279144,策略2 波动率调整动量,建信上海金ETF联接A
2021-09-01,0.9325,0.0,0.0,0.0,0.0,0.9670091810279144,策略2 波动率调整动量,建信上海金ETF联接A
2021-09-02,0.9317,0.0,0.0,0.0,-0.0,0.9670091810279144,策略2 波动率调整动量,建信上海金ETF联接A
2021-09-03,0.931,0.0,0.0,0.0,-0.0,0.9670091810279144,策略2 波动率调整动量,建信上海金ETF联接A
2021-09-06,0.9371,0.0,0.0,0.0,0.0,0.9670091810279144,策略2 波动率调整动量,建信上海金ETF联接A
2021-09-07,0.9333,0.0,0.0,0.0,-0.0,0.9670091810279144,策略2 波动率调整动量,建信上海金ETF联接A
2021-09-08,0.9233,0.0,0.0,0.0,-0.0,0.9670091810279144,策略2 波动率调整动量,建信上海金ETF联接A
2021-09-09,0.9194,0.0,0.0,0.0,-0.0,0.9670091810279144,策略2 波动率调整动量,建信上海金ETF联接A
2021-09-10,0.9244,0.0,0.0,0.0,0.0,0.9670091810279144,策略2 波动率调整动量,建信上海金ETF联接A
2021-09-13,0.9196,0.0,0.0,0.0,-0.0,0.9670091810279144,策略2 波动率调整动量,建信上海金ETF联接A
2021-09-14,0.9205,0.0,0.0,0.0,0.0,0.9670091810279144,策略2 波动率调整动量,建信上海金ETF联接A
2021-09-15,0.9233,0.0,0.0,0.0,0.0,0.9670091810279144,策略2 波动率调整动量,建信上海金ETF联接A
2021-09-16,0.9163,0.0,0.0,0.0,-0.0,0.9670091810279144,策略2 波动率调整动量,建信上海金ETF联接A
2021-09-17,0.9069,0.0,0.0,0.0,-0.0,0.9670091810279144,策略2 波动率调整动量,建信上海金ETF联接A
2021-09-22,0.9175,0.0,0.0,0.0,0.0,0.9670091810279144,策略2 波动率调整动量,建信上海金ETF联接A
2021-09-23,0.9102,0.0,0.0,0.0,-0.0,0.9670091810279144,策略2 波动率调整动量,建信上海金ETF联接A
2021-09-24,0.9045,0.0,0.0,0.0,-0.0,0.9670091810279144,策略2 波动率调整动量,建信上海金ETF联接A
2021-09-27,0.9064,0.0,0.0,0.0,0.0,0.9670091810279144,策略2 波动率调整动量,建信上海金ETF联接A
2021-09-28,0.8994,0.0,0.0,0.0,-0.0,0.9670091810279144,策略2 波动率调整动量,建信上海金ETF联接A
2021-09-29,0.8975,0.0,0.0,0.0,-0.0,0.9670091810279144,策略2 波动率调整动量,建信上海金ETF联接A
2021-09-30,0.8929,0.0,0.0,0.0,-0.0,0.9670091810279144,策略2 波动率调整动量,建信上海金ETF联接A
2021-10-08,0.9051,0.0,0.0,0.0,0.0,0.9670091810279144,策略2 波动率调整动量,建信上海金ETF联接A
2021-10-11,0.9019,0.0,0.0,0.0,-0.0,0.9670091810279144,策略2 波动率调整动量,建信上海金ETF联接A
2021-10-12,0.906,0.0,0.0,0.0,0.0,0.9670091810279144,策略2 波动率调整动量,建信上海金ETF联接A
2021-10-13,0.9057,0.0,0.0,0.0,-0.0,0.9670091810279144,策略2 波动率调整动量,建信上海金ETF联接A
2021-10-14,0.917,0.0,0.0,0.0,0.0,0.9670091810279144,策略2 波动率调整动量,建信上海金ETF联接A
2021-10-15,0.9163,0.0,0.0,0.0,-0.0,0.9670091810279144,策略2 波动率调整动量,建信上海金ETF联接A
2021-10-18,0.9048,0.0,0.0,0.0,-0.0,0.9670091810279144,策略2 波动率调整动量,建信上海金ETF联接A
2021-10-19,0.9069,0.0,0.0,0.0,0.0,0.9670091810279144,策略2 波动率调整动量,建信上海金ETF联接A
2021-10-20,0.9044,0.0,0.0,0.0,-0.0,0.9670091810279144,策略2 波动率调整动量,建信上海金ETF联接A
2021-10-21,0.9085,0.0,0.0,0.0,0.0,0.9670091810279144,策略2 波动率调整动量,建信上海金ETF联接A
2021-10-22,0.9116,0.0,0.0,0.0,0.0,0.9670091810279144,策略2 波动率调整动量,建信上海金ETF联接A
2021-10-25,0.9104,0.0,0.0,0.0,-0.0,0.9670091810279144,策略2 波动率调整动量,建信上海金ETF联接A
2021-10-26,0.9139,0.0,0.0,0.0,0.0,0.9670091810279144,策略2 波动率调整动量,建信上海金ETF联接A
2021-10-27,0.9071,0.0,0.0,0.0,-0.0,0.9670091810279144,策略2 波动率调整动量,建信上海金ETF联接A
2021-10-28,0.9153,0.0,0.0,0.0,0.0,0.9670091810279144,策略2 波动率调整动量,建信上海金ETF联接A
2021-10-29,0.9116,0.0,0.0,0.0,-0.0,0.9670091810279144,策略2 波动率调整动量,建信上海金ETF联接A
2021-11-01,0.9071,0.0,0.0,0.0,-0.0,0.9670091810279144,策略2 波动率调整动量,建信上海金ETF联接A
2021-11-02,0.9122,0.0,0.0,0.0,0.0,0.9670091810279144,策略2 波动率调整动量,建信上海金ETF联接A
2021-11-03,0.9059,0.0,0.0,0.0,-0.0,0.9670091810279144,策略2 波动率调整动量,建信上海金ETF联接A
2021-11-04,0.9018,0.0,0.0,0.0,-0.0,0.9670091810279144,策略2 波动率调整动量,建信上海金ETF联接A
2021-11-05,0.9134,0.0,0.0,0.0,0.0,0.9670091810279144,策略2 波动率调整动量,建信上海金ETF联接A
2021-11-08,0.9228,0.0,0.0,0.0,0.0,0.9670091810279144,策略2 波动率调整动量,建信上海金ETF联接A
2021-11-09,0.926,0.0,0.0,0.0,0.0,0.9670091810279144,策略2 波动率调整动量,建信上海金ETF联接A
2021-11-10,0.9265,0.0,0.0,0.0,0.0,0.9670091810279144,策略2 波动率调整动量,建信上海金ETF联接A
2021-11-11,0.9398,0.0,0.0,0.0,0.0,0.9670091810279144,策略2 波动率调整动量,建信上海金ETF联接A
2021-11-12,0.9412,0.0,0.0,0.0,0.0,0.9670091810279144,策略2 波动率调整动量,建信上海金ETF联接A
2021-11-15,0.9378,0.0,0.0,0.0,-0.0,0.9670091810279144,策略2 波动率调整动量,建信上海金ETF联接A
2021-11-16,0.9419,0.0,0.0,0.0,0.0,0.9670091810279144,策略2 波动率调整动量,建信上海金ETF联接A
2021-11-17,0.9386,0.0,0.0,0.0,-0.0,0.9670091810279144,策略2 波动率调整动量,建信上海金ETF联接A
2021-11-18,0.9418,0.0,0.0,0.0,0.0,0.9670091810279144,策略2 波动率调整动量,建信上海金ETF联接A
2021-11-19,0.94,0.0,0.0,0.0,-0.0,0.9670091810279144,策略2 波动率调整动量,建信上海金ETF联接A
2021-11-22,0.9325,0.0,0.0,0.0,-0.0,0.9670091810279144,策略2 波动率调整动量,建信上海金ETF联接A
2021-11-23,0.9154,0.0,0.0,0.0,-0.0,0.9670091810279144,策略2 波动率调整动量,建信上海金ETF联接A
2021-11-24,0.9107,0.0,0.0,0.0,-0.0,0.9670091810279144,策略2 波动率调整动量,建信上海金ETF联接A
2021-11-25,0.9099,0.0,0.0,0.0,-0.0,0.9670091810279144,策略2 波动率调整动量,建信上海金ETF联接A
2021-11-26,0.9141,0.0,0.0,0.0,0.0,0.9670091810279144,策略2 波动率调整动量,建信上海金ETF联接A
2021-11-29,0.9108,0.0,0.0,0.0,-0.0,0.9670091810279144,策略2 波动率调整动量,建信上海金ETF联接A
2021-11-30,0.9081,0.0,0.0,0.0,-0.0,0.9670091810279144,策略2 波动率调整动量,建信上海金ETF联接A
2021-12-01,0.9052,0.0,0.0,0.0,-0.0,0.9670091810279144,策略2 波动率调整动量,建信上海金ETF联接A
2021-12-02,0.9014,0.0,0.0,0.0,-0.0,0.9670091810279144,策略2 波动率调整动量,建信上海金ETF联接A
2021-12-03,0.8993,0.0,0.0,0.0,-0.0,0.9670091810279144,策略2 波动率调整动量,建信上海金ETF联接A
2021-12-06,0.9055,0.0,0.0,0.0,0.0,0.9670091810279144,策略2 波动率调整动量,建信上海金ETF联接A
2021-12-07,0.904,0.0,0.0,0.0,-0.0,0.9670091810279144,策略2 波动率调整动量,建信上海金ETF联接A
2021-12-08,0.9051,0.0,0.0,0.0,0.0,0.9670091810279144,策略2 波动率调整动量,建信上海金ETF联接A
2021-12-09,0.9015,0.0,0.0,0.0,-0.0,0.9670091810279144,策略2 波动率调整动量,建信上海金ETF联接A
2021-12-10,0.8994,0.0,0.0,0.0,-0.0,0.9670091810279144,策略2 波动率调整动量,建信上海金ETF联接A
2021-12-13,0.9042,0.0,0.0,0.0,0.0,0.9670091810279144,策略2 波动率调整动量,建信上海金ETF联接A
2021-12-14,0.9055,0.0,0.0,0.0,0.0,0.9670091810279144,策略2 波动率调整动量,建信上海金ETF联接A
2021-12-15,0.8965,0.0,0.0,0.0,-0.0,0.9670091810279144,策略2 波动率调整动量,建信上海金ETF联接A
2021-12-16,0.9039,0.0,0.0,0.0,0.0,0.9670091810279144,策略2 波动率调整动量,建信上海金ETF联接A
2021-12-17,0.9146,0.0,0.0,0.0,0.0,0.9670091810279144,策略2 波动率调整动量,建信上海金ETF联接A
2021-12-20,0.9139,0.0,0.0,0.0,-0.0,0.9670091810279144,策略2 波动率调整动量,建信上海金ETF联接A
2021-12-21,0.9085,0.0,0.0,0.0,-0.0,0.9670091810279144,策略2 波动率调整动量,建信上海金ETF联接A
2021-12-22,0.9064,0.0,0.0,0.0,-0.0,0.9670091810279144,策略2 波动率调整动量,建信上海金ETF联接A
2021-12-23,0.9146,0.0,0.0,0.0,0.0,0.9670091810279144,策略2 波动率调整动量,建信上海金ETF联接A
2021-12-24,0.9164,0.0,0.0,0.0,0.0,0.9670091810279144,策略2 波动率调整动量,建信上海金ETF联接A
2021-12-27,0.9161,0.0,0.0,0.0,-0.0,0.9670091810279144,策略2 波动率调整动量,建信上海金ETF联接A
2021-12-28,0.9182,0.0,0.0,0.0,0.0,0.9670091810279144,策略2 波动率调整动量,建信上海金ETF联接A
2021-12-29,0.9144,0.0,0.0,0.0,-0.0,0.9670091810279144,策略2 波动率调整动量,建信上海金ETF联接A
2021-12-30,0.9101,0.0,0.0,0.0,-0.0,0.9670091810279144,策略2 波动率调整动量,建信上海金ETF联接A
2021-12-31,0.9198,0.0,0.0,0.0,0.0,0.9670091810279144,策略2 波动率调整动量,建信上海金ETF联接A
2022-01-04,0.9132,0.0,0.0,0.0,-0.0,0.9670091810279144,策略2 波动率调整动量,建信上海金ETF联接A
2022-01-05,0.9165,0.0,0.0,0.0,0.0,0.9670091810279144,策略2 波动率调整动量,建信上海金ETF联接A
2022-01-06,0.9111,0.0,0.0,0.0,-0.0,0.9670091810279144,策略2 波动率调整动量,建信上海金ETF联接A
2022-01-07,0.9065,0.0,0.0,0.0,-0.0,0.9670091810279144,策略2 波动率调整动量,建信上海金ETF联接A
2022-01-10,0.9071,0.0,0.0,0.0,0.0,0.9670091810279144,策略2 波动率调整动量,建信上海金ETF联接A
2022-01-11,0.9142,0.0,0.0,0.0,0.0,0.9670091810279144,策略2 波动率调整动量,建信上海金ETF联接A
2022-01-12,0.9189,0.0,0.0,0.0,0.0,0.9670091810279144,策略2 波动率调整动量,建信上海金ETF联接A
2022-01-13,0.9207,0.0,0.0,0.0,0.0,0.9670091810279144,策略2 波动率调整动量,建信上海金ETF联接A
2022-01-14,0.9206,0.0,0.0,0.0,-0.0,0.9670091810279144,策略2 波动率调整动量,建信上海金ETF联接A
2022-01-17,0.9162,0.0,0.0,0.0,-0.0,0.9670091810279144,策略2 波动率调整动量,建信上海金ETF联接A
2022-01-18,0.9148,0.0,0.0,0.0,-0.0,0.9670091810279144,策略2 波动率调整动量,建信上海金ETF联接A
2022-01-19,0.9142,0.0,0.0,0.0,-0.0,0.9670091810279144,策略2 波动率调整动量,建信上海金ETF联接A
2022-01-20,0.9252,0.0,0.0,0.0,0.0,0.9670091810279144,策略2 波动率调整动量,建信上海金ETF联接A
2022-01-21,0.9256,0.0,0.0,0.0,0.0,0.9670091810279144,策略2 波动率调整动量,建信上海金ETF联接A
2022-01-24,0.9231,0.0,0.0,0.0,-0.0,0.9670091810279144,策略2 波动率调整动量,建信上海金ETF联接A
2022-01-25,0.9246,0.0,0.0,0.0,0.0,0.9670091810279144,策略2 波动率调整动量,建信上海金ETF联接A
2022-01-26,0.9262,0.0,0.0,0.0,0.0,0.9670091810279144,策略2 波动率调整动量,建信上海金ETF联接A
2022-01-27,0.9123,0.0,0.0,0.0,-0.0,0.9670091810279144,策略2 波动率调整动量,建信上海金ETF联接A
2022-01-28,0.9061,0.0,0.0,0.0,-0.0,0.9670091810279144,策略2 波动率调整动量,建信上海金ETF联接A
2022-02-07,0.9114,0.0,0.0,0.0,0.0,0.9670091810279144,策略2 波动率调整动量,建信上海金ETF联接A
2022-02-08,0.9163,0.0,0.0,0.0,0.0,0.9670091810279144,策略2 波动率调整动量,建信上海金ETF联接A
2022-02-09,0.9203,0.0,0.0,0.0,0.0,0.9670091810279144,策略2 波动率调整动量,建信上海金ETF联接A
2022-02-10,0.9225,0.0,0.0,0.0,0.0,0.9670091810279144,策略2 波动率调整动量,建信上海金ETF联接A
2022-02-11,0.9183,0.0,0.0,0.0,-0.0,0.9670091810279144,策略2 波动率调整动量,建信上海金ETF联接A
2022-02-14,0.9318,0.0,0.0,0.0,0.0,0.9670091810279144,策略2 波动率调整动量,建信上海金ETF联接A
2022-02-15,0.9417,0.0,0.0,0.0,0.0,0.9670091810279144,策略2 波动率调整动量,建信上海金ETF联接A
2022-02-16,0.9292,0.0,0.0,0.0,-0.0,0.9670091810279144,策略2 波动率调整动量,建信上海金ETF联接A
2022-02-17,0.9379,0.0,0.0,0.0,0.0,0.9670091810279144,策略2 波动率调整动量,建信上海金ETF联接A
2022-02-18,0.945,0.0,0.0,0.0,0.0,0.9670091810279144,策略2 波动率调整动量,建信上海金ETF联接A
2022-02-21,0.9447,0.0,0.0,0.0,-0.0,0.9670091810279144,策略2 波动率调整动量,建信上海金ETF联接A
2022-02-22,0.9547,0.0,0.0,0.0,0.0,0.9670091810279144,策略2 波动率调整动量,建信上海金ETF联接A
2022-02-23,0.9483,0.0,0.0,0.0,-0.0,0.9670091810279144,策略2 波动率调整动量,建信上海金ETF联接A
2022-02-24,0.9665,0.0,0.0,0.0,0.0,0.9670091810279144,策略2 波动率调整动量,建信上海金ETF联接A
2022-02-25,0.9565,0.0,0.0,0.0,-0.0,0.9670091810279144,策略2 波动率调整动量,建信上海金ETF联接A
2022-02-28,0.9502,0.0,0.0,0.0,-0.0,0.9670091810279144,策略2 波动率调整动量,建信上海金ETF联接A
2022-03-01,0.9499,0.6000000000000001,0.6000000000000001,0.00886699507389155,-0.00886699507389155,0.958434715383332,策略2 波动率调整动量,建信上海金ETF联接A
2022-03-02,0.9628,0.6000000000000001,0.6000000000000001,0.0,0.008148226129066228,0.9662442581742227,策略2 波动率调整动量,建信上海金ETF联接A
2022-03-03,0.9602,0.6000000000000001,0.6000000000000001,0.0,-0.0016202742002492613,0.964678677531564,策略2 波动率调整动量,建信上海金ETF联接A
2022-03-04,0.9636,0.6000000000000001,0.6000000000000001,0.0,0.002124557383878312,0.9667281927389837,策略2 波动率调整动量,建信上海金ETF联接A
2022-03-07,0.9831,0.6000000000000001,0.6000000000000001,0.0,0.01214196762141966,0.978466175153934,策略2 波动率调整动量,建信上海金ETF联接A
2022-03-08,0.9986,0.6000000000000001,0.6000000000000001,0.0,0.009459871833994616,0.9877223397647892,策略2 波动率调整动量,建信上海金ETF联接A
2022-03-09,1.0127,0.6000000000000001,0.6000000000000001,0.0,0.00847186060484666,0.9960901857435694,策略2 波动率调整动量,建信上海金ETF联接A
2022-03-10,0.9865,0.6000000000000001,0.6000000000000001,0.0,-0.015522859682038061,0.9806280175596168,策略2 波动率调整动量,建信上海金ETF联接A
2022-03-11,0.9886,0.6000000000000001,0.6000000000000001,0.0,0.0012772427774962126,0.9818805176124554,策略2 波动率调整动量,建信上海金ETF联接A
2022-03-14,0.9837,0.6000000000000001,0.6000000000000001,0.0,-0.0029739024883673974,0.9789605006978482,策略2 波动率调整动量,建信上海金ETF联接A
2022-03-15,0.9661,0.6000000000000001,0.6000000000000001,0.0,-0.010734980176883237,0.9684513791289051,策略2 波动率调整动量,建信上海金ETF联接A
2022-03-16,0.9585,0.6000000000000001,0.6000000000000001,0.0,-0.00472000828071626,0.9638802805999456,策略2 波动率调整动量,建信上海金ETF联接A
2022-03-17,0.967,0.6000000000000001,0.6000000000000001,0.0,0.0053208137715179855,0.9690089080710563,策略2 波动率调整动量,建信上海金ETF联接A
2022-03-18,0.9689,0.6000000000000001,0.6000000000000001,0.0,0.001178903826266753,0.9701512763804679,策略2 波动率调整动量,建信上海金ETF联接A
2022-03-21,0.9661,0.6000000000000001,0.6000000000000001,0.0,-0.001733925069666631,0.9684691067609829,策略2 波动率调整动量,建信上海金ETF联接A
2022-03-22,0.9718,0.6000000000000001,0.6000000000000001,0.0,0.0035400062105372947,0.9718974934136302,策略2 波动率调整动量,建信上海金ETF联接A
2022-03-23,0.9659,0.6000000000000001,0.6000000000000001,0.0,-0.0036427248405021657,0.9683571382719506,策略2 波动率调整动量,建信上海金ETF联接A
2022-03-24,0.9762,0.6000000000000001,0.6000000000000001,0.0,0.006398177865203448,0.9745528594796538,策略2 波动率调整动量,建信上海金ETF联接A
2022-03-25,0.9826,0.6000000000000001,0.6000000000000001,0.0,0.003933620159803298,0.9783863802544969,策略2 波动率调整动量,建信上海金ETF联接A
2022-03-28,0.9739,0.6000000000000001,0.6000000000000001,0.0,-0.005312436393242438,0.9731887648413802,策略2 波动率调整动量,建信上海金ETF联接A
2022-03-29,0.9681,0.6000000000000001,0.6000000000000001,0.0,-0.0035732621419036774,0.9697113062710465,策略2 波动率调整动量,建信上海金ETF联接A
2022-03-30,0.9657,0.6000000000000001,0.6000000000000001,0.0,-0.0014874496436318109,0.9682689095341079,策略2 波动率调整动量,建信上海金ETF联接A
2022-03-31,0.9656,0.6000000000000001,0.6000000000000001,0.0,-6.213109661383776e-05,0.9682087499249415,策略2 波动率调整动量,建信上海金ETF联接A
2022-04-01,0.9696,0.55,0.55,0.0,0.0024855012427506653,0.9706152339761221,策略2 波动率调整动量,建信上海金ETF联接A
2022-04-06,0.9655,0.55,0.55,0.0,-0.00232570132013199,0.9683578728451236,策略2 波动率调整动量,建信上海金ETF联接A
2022-04-07,0.9667,0.55,0.55,0.0,0.0006835836354220915,0.9690198264402328,策略2 波动率调整动量,建信上海金ETF联接A
2022-04-08,0.9688,0.55,0.55,0.0,0.0011947863866763053,0.9701775981372831,策略2 波动率调整动量,建信上海金ETF联接A
2022-04-11,0.9758,0.55,0.55,0.0,0.003973988439306364,0.9740330726963546,策略2 波动率调整动量,建信上海金ETF联接A
2022-04-12,0.9819,0.55,0.55,0.0,0.003438204550112689,0.9773819976388595,策略2 波动率调整动量,建信上海金ETF联接A
2022-04-13,0.9857,0.55,0.55,0.0,0.002128526326509861,0.9794623809518906,策略2 波动率调整动量,建信上海金ETF联接A
2022-04-14,0.9871,0.55,0.55,0.0,0.0007811707416048753,0.9802275083063927,策略2 波动率调整动量,建信上海金ETF联接A
2022-04-15,0.9903,0.55,0.55,0.0,0.0017830007091479418,0.9819752546488294,策略2 波动率调整动量,建信上海金ETF联接A
2022-04-18,0.9956,0.55,0.55,0.0,0.002943552458850951,0.9848657503241819,策略2 波动率调整动量,建信上海金ETF联接A
2022-04-19,0.9904,0.55,0.55,0.0,-0.0028726396143030023,0.9820365859550304,策略2 波动率调整动量,建信上海金ETF联接A
2022-04-20,0.9798,0.55,0.55,0.0,-0.005886510500807713,0.9762558172796287,策略2 波动率调整动量,建信上海金ETF联接A
2022-04-21,0.9884,0.55,0.55,0.0,0.004827515819555018,0.9809687076814788,策略2 波动率调整动量,建信上海金ETF联接A
2022-04-22,0.9923,0.55,0.55,0.0,0.0021701740186159113,0.9830975804839645,策略2 波动率调整动量,建信上海金ETF联接A
2022-04-25,0.9879,0.55,0.55,0.0,-0.0024387785951828778,0.980700023147704,策略2 波动率调整动量,建信上海金ETF联接A
2022-04-26,0.9812,0.55,0.55,0.0,-0.0037301346290110394,0.9770418800306888,策略2 波动率调整动量,建信上海金ETF联接A
2022-04-27,0.981,0.55,0.55,0.0,-0.00011210762331837488,0.976932346187636,策略2 波动率调整动量,建信上海金ETF联接A
2022-04-28,0.9795,0.55,0.55,0.0,-0.000840978593272146,0.9761107669974172,策略2 波动率调整动量,建信上海金ETF联接A
2022-04-29,0.9909,0.55,0.55,0.0,0.006401225114854526,0.9823590717540011,策略2 波动率调整动量,建信上海金ETF联接A
2022-05-05,0.9883,0.5,0.5,0.0,-0.0014431325058028134,0.9809413974451826,策略2 波动率调整动量,建信上海金ETF联接A
2022-05-06,0.9862,0.5,0.5,0.0,-0.0010624304361023795,0.9798992154485039,策略2 波动率调整动量,建信上海金ETF联接A
2022-05-09,0.9905,0.5,0.5,0.0,0.0021800851754208983,0.9820354792015099,策略2 波动率调整动量,建信上海金ETF联接A
2022-05-10,0.9837,0.5,0.5,0.0,-0.003432609793033836,0.9786645345984961,策略2 波动率调整动量,建信上海金ETF联接A
2022-05-11,0.9782,0.5,0.5,0.0,-0.0027955677543967106,0.9759286115832009,策略2 波动率调整动量,建信上海金ETF联接A
2022-05-12,0.9873,0.5,0.5,0.0,0.004651400531588634,0.9804680464459117,策略2 波动率调整动量,建信上海金ETF联接A
2022-05-13,0.9785,0.5,0.5,0.0,-0.004456598804821188,0.9760984937219555,策略2 波动率调整动量,建信上海金ETF联接A
2022-05-16,0.9693,0.5,0.5,0.0,-0.004701073071027073,0.9715097833784491,策略2 波动率调整动量,建信上海金ETF联接A
2022-05-17,0.9741,0.5,0.5,0.0,0.0024760136180748127,0.973915254832187,策略2 波动率调整动量,建信上海金ETF联接A
2022-05-18,0.964,0.5,0.5,0.0,-0.005184272661944378,0.9688662126015098,策略2 波动率调整动量,建信上海金ETF联接A
2022-05-19,0.9676,0.5,0.5,0.0,0.0018672199170124415,0.9706752988905998,策略2 波动率调整动量,建信上海金ETF联接A
2022-05-20,0.9737,0.5,0.5,0.0,0.003152128978916924,0.9737349926293517,策略2 波动率调整动量,建信上海金ETF联接A
2022-05-23,0.9736,0.5,0.5,0.0,-5.135051864024742e-05,0.9736849908324621,策略2 波动率调整动量,建信上海金ETF联接A
2022-05-24,0.9758,0.5,0.5,0.0,0.0011298274445357137,0.9747850868574371,策略2 波动率调整动量,建信上海金ETF联接A
2022-05-25,0.9772,0.5,0.5,0.0,0.0007173601147776321,0.9754843587992287,策略2 波动率调整动量,建信上海金ETF联接A
2022-05-26,0.9811,0.5,0.5,0.0,0.0019954973393369047,0.9774309352417773,策略2 波动率调整动量,建信上海金ETF联接A
2022-05-27,0.9852,0.5,0.5,0.0,0.0020894913872184784,0.9794732687625658,策略2 波动率调整动量,建信上海金ETF联接A
2022-05-30,0.977,0.5,0.5,0.0,-0.004161591555014221,0.9753971010789214,策略2 波动率调整动量,建信上海金ETF联接A
2022-05-31,0.9742,0.5,0.5,0.0,-0.0014329580348004245,0.9739993979658093,策略2 波动率调整动量,建信上海金ETF联接A
2022-06-01,0.9686,0.0,0.0,0.0,-0.0028741531513036267,0.971199974526778,策略2 波动率调整动量,建信上海金ETF联接A
2022-06-02,0.9754,0.0,0.0,0.0,0.0,0.971199974526778,策略2 波动率调整动量,建信上海金ETF联接A
2022-06-06,0.9728,0.0,0.0,0.0,-0.0,0.971199974526778,策略2 波动率调整动量,建信上海金ETF联接A
2022-06-07,0.9686,0.0,0.0,0.0,-0.0,0.971199974526778,策略2 波动率调整动量,建信上海金ETF联接A
2022-06-08,0.9729,0.0,0.0,0.0,0.0,0.971199974526778,策略2 波动率调整动量,建信上海金ETF联接A
2022-06-09,0.9748,0.0,0.0,0.0,0.0,0.971199974526778,策略2 波动率调整动量,建信上海金ETF联接A
2022-06-10,0.972,0.0,0.0,0.0,-0.0,0.971199974526778,策略2 波动率调整动量,建信上海金ETF联接A
2022-06-13,0.9871,0.0,0.0,0.0,0.0,0.971199974526778,策略2 波动率调整动量,建信上海金ETF联接A
2022-06-14,0.9691,0.0,0.0,0.0,-0.0,0.971199974526778,策略2 波动率调整动量,建信上海金ETF联接A
2022-06-15,0.9639,0.0,0.0,0.0,-0.0,0.971199974526778,策略2 波动率调整动量,建信上海金ETF联接A
2022-06-16,0.9669,0.0,0.0,0.0,0.0,0.971199974526778,策略2 波动率调整动量,建信上海金ETF联接A
2022-06-17,0.973,0.0,0.0,0.0,0.0,0.971199974526778,策略2 波动率调整动量,建信上海金ETF联接A
2022-06-20,0.9698,0.0,0.0,0.0,-0.0,0.971199974526778,策略2 波动率调整动量,建信上海金ETF联接A
2022-06-21,0.9678,0.0,0.0,0.0,-0.0,0.971199974526778,策略2 波动率调整动量,建信上海金ETF联接A
2022-06-22,0.9676,0.0,0.0,0.0,-0.0,0.971199974526778,策略2 波动率调整动量,建信上海金ETF联接A
2022-06-23,0.969,0.0,0.0,0.0,0.0,0.971199974526778,策略2 波动率调整动量,建信上海金ETF联接A
2022-06-24,0.9622,0.0,0.0,0.0,-0.0,0.971199974526778,策略2 波动率调整动量,建信上海金ETF联接A
2022-06-27,0.9676,0.0,0.0,0.0,0.0,0.971199974526778,策略2 波动率调整动量,建信上海金ETF联接A
2022-06-28,0.9625,0.0,0.0,0.0,-0.0,0.971199974526778,策略2 波动率调整动量,建信上海金ETF联接A
2022-06-29,0.961,0.0,0.0,0.0,-0.0,0.971199974526778,策略2 波动率调整动量,建信上海金ETF联接A
2022-06-30,0.9592,0.0,0.0,0.0,-0.0,0.971199974526778,策略2 波动率调整动量,建信上海金ETF联接A
2022-07-01,0.9512,0.6000000000000001,0.6000000000000001,0.00886699507389155,-0.00886699507389155,0.9625883491368854,策略2 波动率调整动量,建信上海金ETF联接A
2022-07-04,0.9549,0.6000000000000001,0.6000000000000001,0.0,0.002333894028595385,0.9648349283369314,策略2 波动率调整动量,建信上海金ETF联接A
2022-07-05,0.9543,0.6000000000000001,0.6000000000000001,0.0,-0.0003770028275211557,0.9644711828408572,策略2 波动率调整动量,建信上海金ETF联接A
2022-07-06,0.936,0.6000000000000001,0.6000000000000001,0.0,-0.011505815781200891,0.9533741550848134,策略2 波动率调整动量,建信上海金ETF联接A
2022-07-07,0.9235,0.6000000000000001,0.6000000000000001,0.0,-0.008012820512820552,0.9457349390985568,策略2 波动率调整动量,建信上海金ETF联接A
2022-07-08,0.9222,0.6000000000000001,0.6000000000000001,0.0,-0.0008446128857606762,0.94493615918248,策略2 波动率调整动量,建信上海金ETF联接A
2022-07-11,0.922,0.6000000000000001,0.6000000000000001,0.0,-0.00013012361743653945,0.9448132006712006,策略2 波动率调整动量,建信上海金ETF联接A
2022-07-12,0.922,0.6000000000000001,0.6000000000000001,0.0,0.0,0.9448132006712006,策略2 波动率调整动量,建信上海金ETF联接A
2022-07-13,0.9164,0.6000000000000001,0.6000000000000001,0.0,-0.0036442516268980767,0.9413700636275398,策略2 波动率调整动量,建信上海金ETF联接A
2022-07-14,0.9151,0.6000000000000001,0.6000000000000001,0.0,-0.0008511567001309174,0.9405688101905806,策略2 波动率调整动量,建信上海金ETF联接A
2022-07-15,0.9118,0.6000000000000001,0.6000000000000001,0.0,-0.002163697956507438,0.9385337033780167,策略2 波动率调整动量,建信上海金ETF联接A
2022-07-18,0.9141,0.6000000000000001,0.6000000000000001,0.0,0.0015134898003948296,0.939954164565406,策略2 波动率调整动量,建信上海金ETF联接A
2022-07-19,0.9119,0.6000000000000001,0.6000000000000001,0.0,-0.0014440433212996153,0.9385968300317376,策略2 波动率调整动量,建信上海金ETF联接A
2022-07-20,0.9119,0.6000000000000001,0.6000000000000001,0.0,0.0,0.9385968300317376,策略2 波动率调整动量,建信上海金ETF联接A
2022-07-21,0.9048,0.6000000000000001,0.6000000000000001,0.0,-0.004671564864568479,0.934212114058566,策略2 波动率调整动量,建信上海金ETF联接A
2022-07-22,0.9177,0.6000000000000001,0.6000000000000001,0.0,0.008554376657824882,0.9422037163605257,策略2 波动率调整动量,建信上海金ETF联接A
2022-07-25,0.9211,0.6000000000000001,0.6000000000000001,0.0,0.0022229486760380283,0.9442981868643676,策略2 波动率调整动量,建信上海金ETF联接A
2022-07-26,0.9213,0.6000000000000001,0.6000000000000001,0.0,0.0001302790142220456,0.944421209101284,策略2 波动率调整动量,建信上海金ETF联接A
2022-07-27,0.9194,0.6000000000000001,0.6000000000000001,0.0,-0.0012373819602735205,0.9432525993342423,策略2 波动率调整动量,建信上海金ETF联接A
2022-07-28,0.9274,0.6000000000000001,0.6000000000000001,0.0,0.005220796171416088,0.9481771288935249,策略2 波动率调整动量,建信上海金ETF联接A
2022-07-29,0.9398,0.6000000000000001,0.6000000000000001,0.0,0.008022428294155672,0.9557838119202315,策略2 波动率调整动量,建信上海金ETF联接A
2022-08-01,0.9401,0.0,0.0,0.0,0.0001915301127899838,0.9559668733015314,策略2 波动率调整动量,建信上海金ETF联接A
2022-08-02,0.9464,0.0,0.0,0.0,0.0,0.9559668733015314,策略2 波动率调整动量,建信上海金ETF联接A
2022-08-03,0.9427,0.0,0.0,0.0,-0.0,0.9559668733015314,策略2 波动率调整动量,建信上海金ETF联接A
2022-08-04,0.9445,0.0,0.0,0.0,0.0,0.9559668733015314,策略2 波动率调整动量,建信上海金ETF联接A
2022-08-05,0.9522,0.0,0.0,0.0,0.0,0.9559668733015314,策略2 波动率调整动量,建信上海金ETF联接A
2022-08-08,0.9475,0.0,0.0,0.0,-0.0,0.9559668733015314,策略2 波动率调整动量,建信上海金ETF联接A
2022-08-09,0.9512,0.0,0.0,0.0,0.0,0.9559668733015314,策略2 波动率调整动量,建信上海金ETF联接A
2022-08-10,0.9537,0.0,0.0,0.0,0.0,0.9559668733015314,策略2 波动率调整动量,建信上海金ETF联接A
2022-08-11,0.9498,0.0,0.0,0.0,-0.0,0.9559668733015314,策略2 波动率调整动量,建信上海金ETF联接A
2022-08-12,0.9526,0.0,0.0,0.0,0.0,0.9559668733015314,策略2 波动率调整动量,建信上海金ETF联接A
2022-08-15,0.9548,0.0,0.0,0.0,0.0,0.9559668733015314,策略2 波动率调整动量,建信上海金ETF联接A
2022-08-16,0.9535,0.0,0.0,0.0,-0.0,0.9559668733015314,策略2 波动率调整动量,建信上海金ETF联接A
2022-08-17,0.9499,0.0,0.0,0.0,-0.0,0.9559668733015314,策略2 波动率调整动量,建信上海金ETF联接A
2022-08-18,0.9449,0.0,0.0,0.0,-0.0,0.9559668733015314,策略2 波动率调整动量,建信上海金ETF联接A
2022-08-19,0.9441,0.0,0.0,0.0,-0.0,0.9559668733015314,策略2 波动率调整动量,建信上海金ETF联接A
2022-08-22,0.9418,0.0,0.0,0.0,-0.0,0.9559668733015314,策略2 波动率调整动量,建信上海金ETF联接A
2022-08-23,0.9446,0.0,0.0,0.0,0.0,0.9559668733015314,策略2 波动率调整动量,建信上海金ETF联接A
2022-08-24,0.9488,0.0,0.0,0.0,0.0,0.9559668733015314,策略2 波动率调整动量,建信上海金ETF联接A
2022-08-25,0.9519,0.0,0.0,0.0,0.0,0.9559668733015314,策略2 波动率调整动量,建信上海金ETF联接A
2022-08-26,0.9536,0.0,0.0,0.0,0.0,0.9559668733015314,策略2 波动率调整动量,建信上海金ETF联接A
2022-08-29,0.9461,0.0,0.0,0.0,-0.0,0.9559668733015314,策略2 波动率调整动量,建信上海金ETF联接A
2022-08-30,0.9497,0.0,0.0,0.0,0.0,0.9559668733015314,策略2 波动率调整动量,建信上海金ETF联接A
2022-08-31,0.944,0.0,0.0,0.0,-0.0,0.9559668733015314,策略2 波动率调整动量,建信上海金ETF联接A
2022-09-01,0.9375,0.0,0.0,0.0,-0.0,0.9559668733015314,策略2 波动率调整动量,建信上海金ETF联接A
2022-09-02,0.9359,0.0,0.0,0.0,-0.0,0.9559668733015314,策略2 波动率调整动量,建信上海金ETF联接A
2022-09-05,0.9445,0.0,0.0,0.0,0.0,0.9559668733015314,策略2 波动率调整动量,建信上海金ETF联接A
2022-09-06,0.9491,0.0,0.0,0.0,0.0,0.9559668733015314,策略2 波动率调整动量,建信上海金ETF联接A
2022-09-07,0.9434,0.0,0.0,0.0,-0.0,0.9559668733015314,策略2 波动率调整动量,建信上海金ETF联接A
2022-09-08,0.9507,0.0,0.0,0.0,0.0,0.9559668733015314,策略2 波动率调整动量,建信上海金ETF联接A
2022-09-09,0.9513,0.0,0.0,0.0,0.0,0.9559668733015314,策略2 波动率调整动量,建信上海金ETF联接A
2022-09-13,0.9509,0.0,0.0,0.0,-0.0,0.9559668733015314,策略2 波动率调整动量,建信上海金ETF联接A
2022-09-14,0.9446,0.0,0.0,0.0,-0.0,0.9559668733015314,策略2 波动率调整动量,建信上海金ETF联接A
2022-09-15,0.94,0.0,0.0,0.0,-0.0,0.9559668733015314,策略2 波动率调整动量,建信上海金ETF联接A
2022-09-16,0.9366,0.0,0.0,0.0,-0.0,0.9559668733015314,策略2 波动率调整动量,建信上海金ETF联接A
2022-09-19,0.9391,0.0,0.0,0.0,0.0,0.9559668733015314,策略2 波动率调整动量,建信上海金ETF联接A
2022-09-20,0.9413,0.0,0.0,0.0,0.0,0.9559668733015314,策略2 波动率调整动量,建信上海金ETF联接A
2022-09-21,0.9423,0.0,0.0,0.0,0.0,0.9559668733015314,策略2 波动率调整动量,建信上海金ETF联接A
2022-09-22,0.9414,0.0,0.0,0.0,-0.0,0.9559668733015314,策略2 波动率调整动量,建信上海金ETF联接A
2022-09-23,0.9458,0.0,0.0,0.0,0.0,0.9559668733015314,策略2 波动率调整动量,建信上海金ETF联接A
2022-09-26,0.9384,0.0,0.0,0.0,-0.0,0.9559668733015314,策略2 波动率调整动量,建信上海金ETF联接A
2022-09-27,0.9402,0.0,0.0,0.0,0.0,0.9559668733015314,策略2 波动率调整动量,建信上海金ETF联接A
2022-09-28,0.9441,0.0,0.0,0.0,0.0,0.9559668733015314,策略2 波动率调整动量,建信上海金ETF联接A
2022-09-29,0.9497,0.0,0.0,0.0,0.0,0.9559668733015314,策略2 波动率调整动量,建信上海金ETF联接A
2022-09-30,0.9506,0.0,0.0,0.0,0.0,0.9559668733015314,策略2 波动率调整动量,建信上海金ETF联接A
2022-10-10,0.9583,0.0,0.0,0.0,0.0,0.9559668733015314,策略2 波动率调整动量,建信上海金ETF联接A
2022-10-11,0.9565,0.0,0.0,0.0,-0.0,0.9559668733015314,策略2 波动率调整动量,建信上海金ETF联接A
2022-10-12,0.957,0.0,0.0,0.0,0.0,0.9559668733015314,策略2 波动率调整动量,建信上海金ETF联接A
2022-10-13,0.9576,0.0,0.0,0.0,0.0,0.9559668733015314,策略2 波动率调整动量,建信上海金ETF联接A
2022-10-14,0.9563,0.0,0.0,0.0,-0.0,0.9559668733015314,策略2 波动率调整动量,建信上海金ETF联接A
2022-10-17,0.9523,0.0,0.0,0.0,-0.0,0.9559668733015314,策略2 波动率调整动量,建信上海金ETF联接A
2022-10-18,0.9538,0.0,0.0,0.0,0.0,0.9559668733015314,策略2 波动率调整动量,建信上海金ETF联接A
2022-10-19,0.9518,0.0,0.0,0.0,-0.0,0.9559668733015314,策略2 波动率调整动量,建信上海金ETF联接A
2022-10-20,0.9476,0.0,0.0,0.0,-0.0,0.9559668733015314,策略2 波动率调整动量,建信上海金ETF联接A
2022-10-21,0.9467,0.0,0.0,0.0,-0.0,0.9559668733015314,策略2 波动率调整动量,建信上海金ETF联接A
2022-10-24,0.9576,0.0,0.0,0.0,0.0,0.9559668733015314,策略2 波动率调整动量,建信上海金ETF联接A
2022-10-25,0.9599,0.0,0.0,0.0,0.0,0.9559668733015314,策略2 波动率调整动量,建信上海金ETF联接A
2022-10-26,0.9602,0.0,0.0,0.0,0.0,0.9559668733015314,策略2 波动率调整动量,建信上海金ETF联接A
2022-10-27,0.958,0.0,0.0,0.0,-0.0,0.9559668733015314,策略2 波动率调整动量,建信上海金ETF联接A
2022-10-28,0.9576,0.0,0.0,0.0,-0.0,0.9559668733015314,策略2 波动率调整动量,建信上海金ETF联接A
2022-10-31,0.9545,0.0,0.0,0.0,-0.0,0.9559668733015314,策略2 波动率调整动量,建信上海金ETF联接A
2022-11-01,0.9551,0.0,0.0,0.0,0.0,0.9559668733015314,策略2 波动率调整动量,建信上海金ETF联接A
2022-11-02,0.9567,0.0,0.0,0.0,0.0,0.9559668733015314,策略2 波动率调整动量,建信上海金ETF联接A
2022-11-03,0.9545,0.0,0.0,0.0,-0.0,0.9559668733015314,策略2 波动率调整动量,建信上海金ETF联接A
2022-11-04,0.9544,0.0,0.0,0.0,-0.0,0.9559668733015314,策略2 波动率调整动量,建信上海金ETF联接A
2022-11-07,0.9606,0.0,0.0,0.0,0.0,0.9559668733015314,策略2 波动率调整动量,建信上海金ETF联接A
2022-11-08,0.9633,0.0,0.0,0.0,0.0,0.9559668733015314,策略2 波动率调整动量,建信上海金ETF联接A
2022-11-09,0.9819,0.0,0.0,0.0,0.0,0.9559668733015314,策略2 波动率调整动量,建信上海金ETF联接A
2022-11-10,0.9831,0.0,0.0,0.0,0.0,0.9559668733015314,策略2 波动率调整动量,建信上海金ETF联接A
2022-11-11,0.9914,0.0,0.0,0.0,0.0,0.9559668733015314,策略2 波动率调整动量,建信上海金ETF联接A
2022-11-14,0.9828,0.0,0.0,0.0,-0.0,0.9559668733015314,策略2 波动率调整动量,建信上海金ETF联接A
2022-11-15,0.9854,0.0,0.0,0.0,0.0,0.9559668733015314,策略2 波动率调整动量,建信上海金ETF联接A
2022-11-16,0.9896,0.0,0.0,0.0,0.0,0.9559668733015314,策略2 波动率调整动量,建信上海金ETF联接A
2022-11-17,0.9913,0.0,0.0,0.0,0.0,0.9559668733015314,策略2 波动率调整动量,建信上海金ETF联接A
2022-11-18,0.9904,0.0,0.0,0.0,-0.0,0.9559668733015314,策略2 波动率调整动量,建信上海金ETF联接A
2022-11-21,0.9851,0.0,0.0,0.0,-0.0,0.9559668733015314,策略2 波动率调整动量,建信上海金ETF联接A
2022-11-22,0.9849,0.0,0.0,0.0,-0.0,0.9559668733015314,策略2 波动率调整动量,建信上海金ETF联接A
2022-11-23,0.9839,0.0,0.0,0.0,-0.0,0.9559668733015314,策略2 波动率调整动量,建信上海金ETF联接A
2022-11-24,0.9877,0.0,0.0,0.0,0.0,0.9559668733015314,策略2 波动率调整动量,建信上海金ETF联接A
2022-11-25,0.9906,0.0,0.0,0.0,0.0,0.9559668733015314,策略2 波动率调整动量,建信上海金ETF联接A
2022-11-28,0.9924,0.0,0.0,0.0,0.0,0.9559668733015314,策略2 波动率调整动量,建信上海金ETF联接A
2022-11-29,0.9897,0.0,0.0,0.0,-0.0,0.9559668733015314,策略2 波动率调整动量,建信上海金ETF联接A
2022-11-30,0.9881,0.0,0.0,0.0,-0.0,0.9559668733015314,策略2 波动率调整动量,建信上海金ETF联接A
2022-12-01,0.9904,0.0,0.0,0.0,0.0,0.9559668733015314,策略2 波动率调整动量,建信上海金ETF联接A
2022-12-02,0.9966,0.0,0.0,0.0,0.0,0.9559668733015314,策略2 波动率调整动量,建信上海金ETF联接A
2022-12-05,0.9876,0.0,0.0,0.0,-0.0,0.9559668733015314,策略2 波动率调整动量,建信上海金ETF联接A
2022-12-06,0.9778,0.0,0.0,0.0,-0.0,0.9559668733015314,策略2 波动率调整动量,建信上海金ETF联接A
2022-12-07,0.9779,0.0,0.0,0.0,0.0,0.9559668733015314,策略2 波动率调整动量,建信上海金ETF联接A
2022-12-08,0.981,0.0,0.0,0.0,0.0,0.9559668733015314,策略2 波动率调整动量,建信上海金ETF联接A
2022-12-09,0.9838,0.0,0.0,0.0,0.0,0.9559668733015314,策略2 波动率调整动量,建信上海金ETF联接A
2022-12-12,0.9836,0.0,0.0,0.0,-0.0,0.9559668733015314,策略2 波动率调整动量,建信上海金ETF联接A
2022-12-13,0.983,0.0,0.0,0.0,-0.0,0.9559668733015314,策略2 波动率调整动量,建信上海金ETF联接A
2022-12-14,0.9934,0.0,0.0,0.0,0.0,0.9559668733015314,策略2 波动率调整动量,建信上海金ETF联接A
2022-12-15,0.9857,0.0,0.0,0.0,-0.0,0.9559668733015314,策略2 波动率调整动量,建信上海金ETF联接A
2022-12-16,0.9811,0.0,0.0,0.0,-0.0,0.9559668733015314,策略2 波动率调整动量,建信上海金ETF联接A
2022-12-19,0.9877,0.0,0.0,0.0,0.0,0.9559668733015314,策略2 波动率调整动量,建信上海金ETF联接A
2022-12-20,0.988,0.0,0.0,0.0,0.0,0.9559668733015314,策略2 波动率调整动量,建信上海金ETF联接A
2022-12-21,0.9962,0.0,0.0,0.0,0.0,0.9559668733015314,策略2 波动率调整动量,建信上海金ETF联接A
2022-12-22,0.9978,0.0,0.0,0.0,0.0,0.9559668733015314,策略2 波动率调整动量,建信上海金ETF联接A
2022-12-23,0.99,0.0,0.0,0.0,-0.0,0.9559668733015314,策略2 波动率调整动量,建信上海金ETF联接A
2022-12-26,0.9909,0.0,0.0,0.0,0.0,0.9559668733015314,策略2 波动率调整动量,建信上海金ETF联接A
2022-12-27,0.9921,0.0,0.0,0.0,0.0,0.9559668733015314,策略2 波动率调整动量,建信上海金ETF联接A
2022-12-28,0.9943,0.0,0.0,0.0,0.0,0.9559668733015314,策略2 波动率调整动量,建信上海金ETF联接A
2022-12-29,0.9932,0.0,0.0,0.0,-0.0,0.9559668733015314,策略2 波动率调整动量,建信上海金ETF联接A
2022-12-30,0.9987,0.0,0.0,0.0,0.0,0.9559668733015314,策略2 波动率调整动量,建信上海金ETF联接A
2022-12-31,0.9987,0.5,0.5,0.00738916256157629,-0.00738916256157629,0.9489030786712247,策略2 波动率调整动量,建信上海金ETF联接A
2023-01-03,0.9993,0.5,0.5,0.0,0.00030039050765995334,0.9491881201487468,策略2 波动率调整动量,建信上海金ETF联接A
2023-01-04,1.0036,0.5,0.5,0.0,0.0021515060542379727,0.9512303041358576,策略2 波动率调整动量,建信上海金ETF联接A
2023-01-05,1.0037,0.5,0.5,0.0,4.982064567560229e-05,0.951277695043796,策略2 波动率调整动量,建信上海金ETF联接A
2023-01-06,0.9964,0.5,0.5,0.0,-0.0036365447842981458,0.9478183311034654,策略2 波动率调整动量,建信上海金ETF联接A
2023-01-09,1.0064,0.5,0.5,0.0,0.005018065034122832,0.9525745451294763,策略2 波动率调整动量,建信上海金ETF联接A
2023-01-10,1.0057,0.5,0.5,0.0,-0.0003477742448330101,0.9522432642363967,策略2 波动率调整动量,建信上海金ETF联接A
2023-01-11,1.0085,0.5,0.5,0.0,0.0013920652281992352,0.9535688489733273,策略2 波动率调整动量,建信上海金ETF联接A
2023-01-12,1.0073,0.5,0.5,0.0,-0.0005949429846305865,0.9530015298762683,策略2 波动率调整动量,建信上海金ETF联接A
2023-01-13,1.0082,0.5,0.5,0.0,0.0004467388067109779,0.9534272726425191,策略2 波动率调整动量,建信上海金ETF联接A
2023-01-16,1.0134,0.5,0.5,0.0,0.002578853402102843,0.955886021808231,策略2 波动率调整动量,建信上海金ETF联接A
2023-01-17,1.0176,0.5,0.5,0.0,0.002072232089994075,0.9578668394969987,策略2 波动率调整动量,建信上海金ETF联接A
2023-01-18,1.0154,0.5,0.5,0.0,-0.0010809748427673127,0.9568314095407814,策略2 波动率调整动量,建信上海金ETF联接A
2023-01-19,1.0193,0.5,0.5,0.0,0.0019204254480992278,0.9586689329292041,策略2 波动率调整动量,建信上海金ETF联接A
2023-01-20,1.0262,0.5,0.5,0.0,0.0033846757578730458,0.9619137164263155,策略2 波动率调整动量,建信上海金ETF联接A
2023-01-30,1.0256,0.5,0.5,0.0,-0.0002923406743324808,0.9616325099218058,策略2 波动率调整动量,建信上海金ETF联接A
2023-01-31,1.0193,0.5,0.5,0.0,-0.003071372854914156,0.9586789779344291,策略2 波动率调整动量,建信上海金ETF联接A
2023-02-01,1.0234,0.55,0.55,0.0007389162561576297,0.001272267889824929,0.9598986744147052,策略2 波动率调整动量,建信上海金ETF联接A
2023-02-02,1.0313,0.55,0.55,0.0,0.004245651749071756,0.9639740699006657,策略2 波动率调整动量,建信上海金ETF联接A
2023-02-03,1.0192,0.55,0.55,0.0,-0.006453020459614107,0.9577535255050591,策略2 波动率调整动量,建信上海金ETF联接A
2023-02-06,1.0063,0.55,0.55,0.0,-0.0069613422291994525,0.9510862754427962,策略2 波动率调整动量,建信上海金ETF联接A
2023-02-07,1.004,0.55,0.55,0.0,-0.001257080393520782,0.9498906835333903,策略2 波动率调整动量,建信上海金ETF联接A
2023-02-08,1.0038,0.55,0.55,0.0,-0.00010956175298803551,0.9497866118449554,策略2 波动率调整动量,建信上海金ETF联接A
2023-02-09,1.0058,0.55,0.55,0.0,0.0010958358238692734,0.9508274220392465,策略2 波动率调整动量,建信上海金ETF联接A
2023-02-10,1.0016,0.55,0.55,0.0,-0.0022966792602902852,0.9486436764189337,策略2 波动率调整动量,建信上海金ETF联接A
2023-02-13,1.0057,0.55,0.55,0.0,0.0022513977635782337,0.9507794506704559,策略2 波动率调整动量,建信上海金ETF联接A
2023-02-14,1.0051,0.55,0.55,0.0,-0.0003281296609326245,0.9504674717316857,策略2 波动率调整动量,建信上海金ETF联接A
2023-02-15,1.0028,0.55,0.55,0.0,-0.0012585812356980587,0.9492712312066227,策略2 波动率调整动量,建信上海金ETF联接A
2023-02-16,1.0017,0.55,0.55,0.0,-0.0006033107299560303,0.9486985256871973,策略2 波动率调整动量,建信上海金ETF联接A
2023-02-17,1.0004,0.55,0.55,0.0,-0.0007137865628431995,0.9480213574273726,策略2 波动率调整动量,建信上海金ETF联接A
2023-02-20,1.0043,0.55,0.55,0.0,0.002144142343062805,0.9500540501619604,策略2 波动率调整动量,建信上海金ETF联接A
2023-02-21,1.003,0.55,0.55,0.0,-0.0007119386637459646,0.9493776699510017,策略2 波动率调整动量,建信上海金ETF联接A
2023-02-22,1.0056,0.55,0.55,0.0,0.001425722831505605,0.9507312193707723,策略2 波动率调整动量,建信上海金ETF联接A
2023-02-23,1.0036,0.55,0.55,0.0,-0.0010938743038981626,0.9496912389199889,策略2 波动率调整动量,建信上海金ETF联接A
2023-02-24,1.0055,0.55,0.55,0.0,0.0010412514946193552,0.9506801063419413,策略2 波动率调整动量,建信上海金ETF联接A
2023-02-27,1.0041,0.55,0.55,0.0,-0.0007657881650920351,0.9499520867677163,策略2 波动率调整动量,建信上海金ETF联接A
2023-02-28,1.0045,0.55,0.55,0.0,0.00021910168309927647,0.9501602228687906,策略2 波动率调整动量,建信上海金ETF联接A
2023-03-01,1.0079,0.0,0.0,0.0002500000000000002,0.0016116226978597104,0.9516915226505696,策略2 波动率调整动量,建信上海金ETF联接A
2023-03-02,1.0068,0.0,0.0,0.0,-0.0,0.9516915226505696,策略2 波动率调整动量,建信上海金ETF联接A
2023-03-03,1.011,0.0,0.0,0.0,0.0,0.9516915226505696,策略2 波动率调整动量,建信上海金ETF联接A
2023-03-06,1.0173,0.0,0.0,0.0,0.0,0.9516915226505696,策略2 波动率调整动量,建信上海金ETF联接A
2023-03-07,1.0182,0.0,0.0,0.0,0.0,0.9516915226505696,策略2 波动率调整动量,建信上海金ETF联接A
2023-03-08,1.0083,0.0,0.0,0.0,-0.0,0.9516915226505696,策略2 波动率调整动量,建信上海金ETF联接A
2023-03-09,1.0086,0.0,0.0,0.0,0.0,0.9516915226505696,策略2 波动率调整动量,建信上海金ETF联接A
2023-03-10,1.0141,0.0,0.0,0.0,0.0,0.9516915226505696,策略2 波动率调整动量,建信上海金ETF联接A
2023-03-13,1.023,0.0,0.0,0.0,0.0,0.9516915226505696,策略2 波动率调整动量,建信上海金ETF联接A
2023-03-14,1.0357,0.0,0.0,0.0,0.0,0.9516915226505696,策略2 波动率调整动量,建信上海金ETF联接A
2023-03-15,1.0365,0.0,0.0,0.0,0.0,0.9516915226505696,策略2 波动率调整动量,建信上海金ETF联接A
2023-03-16,1.0458,0.0,0.0,0.0,0.0,0.9516915226505696,策略2 波动率调整动量,建信上海金ETF联接A
2023-03-17,1.0505,0.0,0.0,0.0,0.0,0.9516915226505696,策略2 波动率调整动量,建信上海金ETF联接A
2023-03-20,1.0815,0.0,0.0,0.0,0.0,0.9516915226505696,策略2 波动率调整动量,建信上海金ETF联接A
2023-03-21,1.0721,0.0,0.0,0.0,-0.0,0.9516915226505696,策略2 波动率调整动量,建信上海金ETF联接A
2023-03-22,1.0565,0.0,0.0,0.0,-0.0,0.9516915226505696,策略2 波动率调整动量,建信上海金ETF联接A
2023-03-23,1.0631,0.0,0.0,0.0,0.0,0.9516915226505696,策略2 波动率调整动量,建信上海金ETF联接A
2023-03-24,1.0668,0.0,0.0,0.0,0.0,0.9516915226505696,策略2 波动率调整动量,建信上海金ETF联接A
2023-03-27,1.0627,0.0,0.0,0.0,-0.0,0.9516915226505696,策略2 波动率调整动量,建信上海金ETF联接A
2023-03-28,1.0561,0.0,0.0,0.0,-0.0,0.9516915226505696,策略2 波动率调整动量,建信上海金ETF联接A
2023-03-29,1.0604,0.0,0.0,0.0,0.0,0.9516915226505696,策略2 波动率调整动量,建信上海金ETF联接A
2023-03-30,1.0618,0.0,0.0,0.0,0.0,0.9516915226505696,策略2 波动率调整动量,建信上海金ETF联接A
2023-03-31,1.067,0.0,0.0,0.0,0.0,0.9516915226505696,策略2 波动率调整动量,建信上海金ETF联接A
2023-04-03,1.0555,0.5,0.5,0.00738916256157629,-0.00738916256157629,0.9446593192812305,策略2 波动率调整动量,建信上海金ETF联接A
2023-04-04,1.0668,0.5,0.5,0.0,0.005352913311226892,0.9497159987259854,策略2 波动率调整动量,建信上海金ETF联接A
2023-04-06,1.083,0.5,0.5,0.0,0.007592800899887564,0.9569270032157497,策略2 波动率调整动量,建信上海金ETF联接A
2023-04-07,1.0825,0.5,0.5,0.0,-0.00023084025854108736,0.9567061059389224,策略2 波动率调整动量,建信上海金ETF联接A
2023-04-10,1.0726,0.5,0.5,0.0,-0.0045727482678983855,0.9523313297501024,策略2 波动率调整动量,建信上海金ETF联接A
2023-04-11,1.076,0.5,0.5,0.0,0.0015849338057057905,0.9538407118688561,策略2 波动率调整动量,建信上海金ETF联接A
2023-04-12,1.0849,0.5,0.5,0.0,0.004135687732341964,0.9577854991995405,策略2 波动率调整动量,建信上海金ETF联接A
2023-04-13,1.0856,0.5,0.5,0.0,0.0003226103788367407,0.9580944907422816,策略2 波动率调整动量,建信上海金ETF联接A
2023-04-14,1.0907,0.5,0.5,0.0,0.0023489314664701944,0.9603449890394379,策略2 波动率调整动量,建信上海金ETF联接A
2023-04-17,1.0796,0.5,0.5,0.0,-0.005088475291097516,0.9554582972917812,策略2 波动率调整动量,建信上海金ETF联接A
2023-04-18,1.0753,0.5,0.5,0.0,-0.0019914783253056623,0.9535555228019912,策略2 波动率调整动量,建信上海金ETF联接A
2023-04-19,1.0752,0.5,0.5,0.0,-4.649865153910637e-05,0.9535111837560132,策略2 波动率调整动量,建信上海金ETF联接A
2023-04-20,1.0765,0.5,0.5,0.0,0.0006045386904762751,0.9540876181583955,策略2 波动率调整动量,建信上海金ETF联接A
2023-04-21,1.0726,0.5,0.5,0.0,-0.0018114259173246938,0.9523593591194648,策略2 波动率调整动量,建信上海金ETF联接A
2023-04-24,1.0692,0.5,0.5,0.0,-0.0015849338057057905,0.950849932576016,策略2 波动率调整动量,建信上海金ETF联接A
2023-04-25,1.0775,0.5,0.5,0.0,0.003881406659184461,0.9545405678362016,策略2 波动率调整动量,建信上海金ETF联接A
2023-04-26,1.0806,0.5,0.5,0.0,0.001438515081206515,0.9559136888386572,策略2 波动率调整动量,建信上海金ETF联接A
2023-04-27,1.0821,0.5,0.5,0.0,0.0006940588561910044,0.95657714920015,策略2 波动率调整动量,建信上海金ETF联接A
2023-04-28,1.0746,0.5,0.5,0.0,-0.0034654837815359385,0.9532621466038089,策略2 波动率调整动量,建信上海金ETF联接A
2023-05-04,1.098,0.5,0.5,0.0,0.010887772194304923,0.9636410476974852,策略2 波动率调整动量,建信上海金ETF联接A
2023-05-05,1.1034,0.5,0.5,0.0,0.0024590163934425924,0.9660106568311675,策略2 波动率调整动量,建信上海金ETF联接A
2023-05-08,1.0906,0.5,0.5,0.0,-0.005800253761101992,0.960407549885618,策略2 波动率调整动量,建信上海金ETF联接A
2023-05-09,1.0925,0.5,0.5,0.0,0.0008710801393728707,0.9612441418280273,策略2 波动率调整动量,建信上海金ETF联接A
2023-05-10,1.0969,0.5,0.5,0.0,0.002013729977116685,0.9631798279717543,策略2 波动率调整动量,建信上海金ETF联接A
2023-05-11,1.097,0.5,0.5,0.0,4.558300665513659e-05,0.9632237326042626,策略2 波动率调整动量,建信上海金ETF联接A
2023-05-12,1.0902,0.5,0.5,0.0,-0.003099361896080177,0.9602383536700289,策略2 波动率调整动量,建信上海金ETF联接A
2023-05-15,1.0943,0.5,0.5,0.0,0.001880388919464293,0.9620439752303146,策略2 波动率调整动量,建信上海金ETF联接A
2023-05-16,1.0916,0.5,0.5,0.0,-0.0012336653568492117,0.9608571349063075,策略2 波动率调整动量,建信上海金ETF联接A
2023-05-17,1.0872,0.5,0.5,0.0,-0.002015390252839866,0.9589206328022456,策略2 波动率调整动量,建信上海金ETF联接A
2023-05-18,1.085,0.5,0.5,0.0,-0.0010117733627667547,0.9579504224489688,策略2 波动率调整动量,建信上海金ETF联接A
2023-05-19,1.0812,0.5,0.5,0.0,-0.0017511520737327202,0.9562729055801641,策略2 波动率调整动量,建信上海金ETF联接A
2023-05-22,1.0853,0.5,0.5,0.0,0.0018960414354420863,0.9580860386327347,策略2 波动率调整动量,建信上海金ETF联接A
2023-05-23,1.0815,0.5,0.5,0.0,-0.0017506680180595091,0.9564087480463511,策略2 波动率调整动量,建信上海金ETF联接A
2023-05-24,1.0867,0.5,0.5,0.0,0.00240406842348595,0.9587080201174749,策略2 波动率调整动量,建信上海金ETF联接A
2023-05-25,1.0825,0.5,0.5,0.0,-0.00193245605963005,0.9568553589945828,策略2 波动率调整动量,建信上海金ETF联接A
2023-05-26,1.0768,0.5,0.5,0.0,-0.002632794457274823,0.9543361555090082,策略2 波动率调整动量,建信上海金ETF联接A
2023-05-29,1.0766,0.5,0.5,0.0,-9.28677563150071e-05,0.9542475284514758,策略2 波动率调整动量,建信上海金ETF联接A
2023-05-30,1.0751,0.5,0.5,0.0,-0.0006966375626973886,0.9535827637790455,策略2 波动率调整动量,建信上海金ETF联接A
2023-05-31,1.0867,0.5,0.5,0.0,0.0053948469909775865,0.958727196882867,策略2 波动率调整动量,建信上海金ETF联接A
2023-06-01,1.0877,0.55,0.55,0.0007389162561576297,-0.00027880767053145637,0.9584598963864289,策略2 波动率调整动量,建信上海金ETF联接A
2023-06-02,1.0907,0.55,0.55,0.0,0.001516962397720001,0.9599138440089698,策略2 波动率调整动量,建信上海金ETF联接A
2023-06-05,1.0785,0.55,0.55,0.0,-0.006152012469056551,0.9540084420714068,策略2 波动率调整动量,建信上海金ETF联接A
2023-06-06,1.0856,0.55,0.55,0.0,0.003620769587389805,0.9574626868245719,策略2 波动率调整动量,建信上海金ETF联接A
2023-06-07,1.0876,0.55,0.55,0.0,0.001013264554163551,0.9584328498270656,策略2 波动率调整动量,建信上海金ETF联接A
2023-06-08,1.0828,0.55,0.55,0.0,-0.0024273630011033055,0.9561063853883532,策略2 波动率调整动量,建信上海金ETF联接A
2023-06-09,1.0905,0.55,0.55,0.0,0.0039111562615441915,0.9598458668642672,策略2 波动率调整动量,建信上海金ETF联接A
2023-06-12,1.0915,0.55,0.55,0.0,0.0005043558000916049,0.9603299706944143,策略2 波动率调整动量,建信上海金ETF联接A
2023-06-13,1.0941,0.55,0.55,0.0,0.0013101236830050712,0.9615881217325206,策略2 波动率调整动量,建信上海金ETF联接A
2023-06-14,1.088,0.55,0.55,0.0,-0.003066447308289899,0.9586394624249505,策略2 波动率调整动量,建信上海金ETF联接A
2023-06-15,1.0793,0.55,0.55,0.0,-0.004397977941176562,0.9544233872156641,策略2 波动率调整动量,建信上海金ETF联接A
2023-06-16,1.0876,0.55,0.55,0.0,0.0042295932548874204,0.9584602099365384,策略2 波动率调整动量,建信上海金ETF联接A
2023-06-19,1.0887,0.55,0.55,0.0,0.0005562706877529134,0.9589933732567034,策略2 波动率调整动量,建信上海金ETF联接A
2023-06-20,1.0902,0.55,0.55,0.0,0.0007577845136401141,0.9597200835836409,策略2 波动率调整动量,建信上海金ETF联接A
2023-06-21,1.0858,0.55,0.55,0.0,-0.0022197761878553993,0.9575897197950952,策略2 波动率调整动量,建信上海金ETF联接A
2023-06-26,1.0841,0.55,0.55,0.0,-0.000861116227666231,0.9567651237479332,策略2 波动率调整动量,建信上海金ETF联接A
2023-06-27,1.084,0.55,0.55,0.0,-5.073332718382173e-05,0.9567165838698721,策略2 波动率调整动量,建信上海金ETF联接A
2023-06-28,1.0796,0.55,0.55,0.0,-0.0022324723247233395,0.9545807405737788,策略2 波动率调整动量,建信上海金ETF联接A
2023-06-29,1.0815,0.55,0.55,0.0,0.0009679510929974545,0.9555047280449714,策略2 波动率调整动量,建信上海金ETF联接A
2023-06-30,1.0839,0.55,0.55,0.0,0.001220527045769837,0.9566709474079114,策略2 波动率调整动量,建信上海金ETF联接A
2023-07-03,1.086,0.6000000000000001,0.6000000000000001,0.0007389162561576297,0.00032668020108009787,0.9569834728653781,策略2 波动率调整动量,建信上海金ETF联接A
2023-07-04,1.0875,0.6000000000000001,0.6000000000000001,0.0,0.0008287292817678706,0.9577765530915096,策略2 波动率调整动量,建信上海金ETF联接A
2023-07-05,1.0882,0.6000000000000001,0.6000000000000001,0.0,0.00038620689655175514,0.9581464530016691,策略2 波动率调整动量,建信上海金ETF联接A
2023-07-06,1.0883,0.6000000000000001,0.6000000000000001,0.0,5.513692335967769e-05,0.9581992822492156,策略2 波动率调整动量,建信上海金ETF联接A
2023-07-07,1.0858,0.6000000000000001,0.6000000000000001,0.0,-0.0013782964256178866,0.9568785996034618,策略2 波动率调整动量,建信上海金ETF联接A
2023-07-10,1.0892,0.6000000000000001,0.6000000000000001,0.0,0.0018787990421807346,0.95867638219988,策略2 波动率调整动量,建信上海金ETF联接A
2023-07-11,1.0891,0.6000000000000001,0.6000000000000001,0.0,-5.5086301872941955e-05,0.9586235722632919,策略2 波动率调整动量,建信上海金ETF联接A
2023-07-12,1.0891,0.6000000000000001,0.6000000000000001,0.0,0.0,0.9586235722632919,策略2 波动率调整动量,建信上海金ETF联接A
2023-07-13,1.0984,0.6000000000000001,0.6000000000000001,0.0,0.005123496464971123,0.9635350767470208,策略2 波动率调整动量,建信上海金ETF联接A
2023-07-14,1.0937,0.6000000000000001,0.6000000000000001,0.0,-0.0025673707210488897,0.9610613250022769,策略2 波动率调整动量,建信上海金ETF联接A
2023-07-17,1.0971,0.6000000000000001,0.6000000000000001,0.0,0.0018652281247142802,0.9628539236152464,策略2 波动率调整动量,建信上海金ETF联接A
2023-07-18,1.1002,0.6000000000000001,0.6000000000000001,0.0,0.0016953787257314892,0.9644863256733307,策略2 波动率调整动量,建信上海金ETF联接A
2023-07-19,1.1128,0.6000000000000001,0.6000000000000001,0.0,0.006871477913106673,0.9711137721576885,策略2 波动率调整动量,建信上海金ETF联接A
2023-07-20,1.1125,0.6000000000000001,0.6000000000000001,0.0,-0.00016175413371672943,0.9709566904907327,策略2 波动率调整动量,建信上海金ETF联接A
2023-07-21,1.1062,0.6000000000000001,0.6000000000000001,0.0,-0.0033977528089887527,0.9676576196682114,策略2 波动率调整动量,建信上海金ETF联接A
2023-07-24,1.1052,0.6000000000000001,0.6000000000000001,0.0,-0.0005423973964925334,0.9671327646946073,策略2 波动率调整动量,建信上海金ETF联接A
2023-07-25,1.1007,0.6000000000000001,0.6000000000000001,0.0,-0.0024429967426710113,0.9647700625007279,策略2 波动率调整动量,建信上海金ETF联接A
2023-07-26,1.1039,0.6000000000000001,0.6000000000000001,0.0,0.00174434450804033,0.9664529538607727,策略2 波动率调整动量,建信上海金ETF联接A
2023-07-27,1.1065,0.6000000000000001,0.6000000000000001,0.0,0.0014131714829241917,0.9678187176147567,策略2 波动率调整动量,建信上海金ETF联接A
2023-07-28,1.0987,0.6000000000000001,0.6000000000000001,0.0,-0.004229552643470447,0.9637252773992689,策略2 波动率调整动量,建信上海金ETF联接A
2023-07-31,1.0987,0.6000000000000001,0.6000000000000001,0.0,0.0,0.9637252773992689,策略2 波动率调整动量,建信上海金ETF联接A
2023-08-01,1.102,0.6000000000000001,0.6000000000000001,0.0,0.0018021297897515612,0.9654620354308067,策略2 波动率调整动量,建信上海金ETF联接A
2023-08-02,1.101,0.6000000000000001,0.6000000000000001,0.0,-0.0005444646098003992,0.9649363755204088,策略2 波动率调整动量,建信上海金ETF联接A
2023-08-03,1.0968,0.6000000000000001,0.6000000000000001,0.0,-0.002288828337874627,0.9627278017998717,策略2 波动率调整动量,建信上海金ETF联接A
2023-08-04,1.0953,0.6000000000000001,0.6000000000000001,0.0,-0.0008205689277899888,0.9619378172797951,策略2 波动率调整动量,建信上海金ETF联接A
2023-08-07,1.0979,0.6000000000000001,0.6000000000000001,0.0,0.0014242673240209226,0.9633078738806868,策略2 波动率调整动量,建信上海金ETF联接A
2023-08-08,1.0982,0.6000000000000001,0.6000000000000001,0.0,0.0001639493578649898,0.9634658075880358,策略2 波动率调整动量,建信上海金ETF联接A
2023-08-09,1.0972,0.6000000000000001,0.6000000000000001,0.0,-0.0005463485703880001,0.9629394194214423,策略2 波动率调整动量,建信上海金ETF联接A
2023-08-10,1.094,0.6000000000000001,0.6000000000000001,0.0,-0.0017499088589135294,0.9612543632007996,策略2 波动率调整动量,建信上海金ETF联接A
2023-08-11,1.0979,0.6000000000000001,0.6000000000000001,0.0,0.0021389396709324163,0.9633104282921067,策略2 波动率调整动量,建信上海金ETF联接A
2023-08-14,1.0996,0.6000000000000001,0.6000000000000001,0.0,0.0009290463612349421,0.9642053883402512,策略2 波动率调整动量,建信上海金ETF联接A
2023-08-15,1.0996,0.6000000000000001,0.6000000000000001,0.0,0.0,0.9642053883402512,策略2 波动率调整动量,建信上海金ETF联接A
2023-08-16,1.1023,0.6000000000000001,0.6000000000000001,0.0,0.0014732630047291197,0.9656259164678535,策略2 波动率调整动量,建信上海金ETF联接A
2023-08-17,1.1025,0.6000000000000001,0.6000000000000001,0.0,0.0001088632858568417,0.9657310376780286,策略2 波动率调整动量,建信上海金ETF联接A
2023-08-18,1.0995,0.6000000000000001,0.6000000000000001,0.0,-0.001632653061224532,0.9641543339430441,策略2 波动率调整动量,建信上海金ETF联接A
2023-08-21,1.1036,0.6000000000000001,0.6000000000000001,0.0,0.0022373806275580057,0.9663115141717843,策略2 波动率调整动量,建信上海金ETF联接A
2023-08-22,1.1028,0.6000000000000001,0.6000000000000001,0.0,-0.0004349401957230548,0.965891226452681,策略2 波动率调整动量,建信上海金ETF联接A
2023-08-23,1.1057,0.6000000000000001,0.6000000000000001,0.0,0.0015778019586506267,0.9674152115216214,策略2 波动率调整动量,建信上海金ETF联接A
2023-08-24,1.1091,0.6000000000000001,0.6000000000000001,0.0,0.0018449850773266,0.9692000781504575,策略2 波动率调整动量,建信上海金ETF联接A
2023-08-25,1.1064,0.6000000000000001,0.6000000000000001,0.0,-0.0014606437652149753,0.9677844220990611,策略2 波动率调整动量,建信上海金ETF联接A
2023-08-28,1.1067,0.6000000000000001,0.6000000000000001,0.0,0.0001626898047722314,0.967941870757754,策略2 波动率调整动量,建信上海金ETF联接A
2023-08-29,1.1102,0.6000000000000001,0.6000000000000001,0.0,0.0018975332068311259,0.9697785725997992,策略2 波动率调整动量,建信上海金ETF联接A
2023-08-30,1.1134,0.6000000000000001,0.6000000000000001,0.0,0.0017294181228607378,0.9714557252384152,策略2 波动率调整动量,建信上海金ETF联接A
2023-08-31,1.117,0.6000000000000001,0.6000000000000001,0.0,0.001940003592599338,0.973340352835429,策略2 波动率调整动量,建信上海金ETF联接A
2023-09-01,1.1158,0.6000000000000001,0.6000000000000001,0.0,-0.0006445837063563388,0.972712953503252,策略2 波动率调整动量,建信上海金ETF联接A
2023-09-04,1.121,0.6000000000000001,0.6000000000000001,0.0,0.002796200035848751,0.9754328534987085,策略2 波动率调整动量,建信上海金ETF联接A
2023-09-05,1.122,0.6000000000000001,0.6000000000000001,0.0,0.000535236396075023,0.9759549406638284,策略2 波动率调整动量,建信上海金ETF联接A
2023-09-06,1.1198,0.6000000000000001,0.6000000000000001,0.0,-0.0011764705882354233,0.9748067583806944,策略2 波动率调整动量,建信上海金ETF联接A
2023-09-07,1.1194,0.6000000000000001,0.6000000000000001,0.0,-0.00021432398642615705,0.974597833910243,策略2 波动率调整动量,建信上海金ETF联接A
2023-09-08,1.1263,0.6000000000000001,0.6000000000000001,0.0,0.003698409862426378,0.9782022961510761,策略2 波动率调整动量,建信上海金ETF联接A
2023-09-11,1.1275,0.6000000000000001,0.6000000000000001,0.0,0.0006392612980555157,0.9788276230206744,策略2 波动率调整动量,建信上海金ETF联接A
2023-09-12,1.1291,0.6000000000000001,0.6000000000000001,0.0,0.0008514412416851693,0.9796610372274148,策略2 波动率调整动量,建信上海金ETF联接A
2023-09-13,1.1322,0.6000000000000001,0.6000000000000001,0.0,0.0016473297316447868,0.9812748619809736,策略2 波动率调整动量,建信上海金ETF联接A
2023-09-14,1.1425,0.6000000000000001,0.6000000000000001,0.0,0.00545839957604657,0.9866310522715958,策略2 波动率调整动量,建信上海金ETF联接A
2023-09-15,1.1343,0.6000000000000001,0.6000000000000001,0.0,-0.004306345733041562,0.9823822778495597,策略2 波动率调整动量,建信上海金ETF联接A
2023-09-18,1.1274,0.6000000000000001,0.6000000000000001,0.0,-0.003649828087807517,0.9787967514189,策略2 波动率调整动量,建信上海金ETF联接A
2023-09-19,1.1341,0.6000000000000001,0.6000000000000001,0.0,0.0035657264502396042,0.9822868728848428,策略2 波动率调整动量,建信上海金ETF联接A
2023-09-20,1.1408,0.6000000000000001,0.6000000000000001,0.0,0.0035446609646415887,0.9857687468192378,策略2 波动率调整动量,建信上海金ETF联接A
2023-09-21,1.1387,0.6000000000000001,0.6000000000000001,0.0,-0.0011044880785413549,0.9846799769901772,策略2 波动率调整动量,建信上海金ETF联接A
2023-09-22,1.1358,0.6000000000000001,0.6000000000000001,0.0,-0.0015280583121103587,0.9831753285665688,策略2 波动率调整动量,建信上海金ETF联接A
2023-09-25,1.1413,0.6000000000000001,0.6000000000000001,0.0,0.002905441098785078,0.9860318865734975,策略2 波动率调整动量,建信上海金ETF联接A
2023-09-26,1.1415,0.6000000000000001,0.6000000000000001,0.0,0.00010514325768853363,0.9861355611782368,策略2 波动率调整动量,建信上海金ETF联接A
2023-09-27,1.1239,0.6000000000000001,0.6000000000000001,0.0,-0.009250985545335124,0.977012835356036,策略2 波动率调整动量,建信上海金ETF联接A
2023-09-28,1.0867,0.6000000000000001,0.6000000000000001,0.0,-0.019859418097695473,0.9576099289718856,策略2 波动率调整动量,建信上海金ETF联接A
2023-10-09,1.095,0.6000000000000001,0.6000000000000001,0.0,0.004582681512837006,0.9619983502898941,策略2 波动率调整动量,建信上海金ETF联接A
2023-10-10,1.0821,0.6000000000000001,0.6000000000000001,0.0,-0.007068493150684897,0.9551984715398998,策略2 波动率调整动量,建信上海金ETF联接A
2023-10-11,1.0865,0.6000000000000001,0.6000000000000001,0.0,0.00243970058220131,0.9575288698070334,策略2 波动率调整动量,建信上海金ETF联接A
2023-10-12,1.0925,0.6000000000000001,0.6000000000000001,0.0,0.0033133916244822985,0.960701537944452,策略2 波动率调整动量,建信上海金ETF联接A
2023-10-13,1.0963,0.6000000000000001,0.6000000000000001,0.0,0.002086956521739092,0.96270648028451,策略2 波动率调整动量,建信上海金ETF联接A
2023-10-16,1.1134,0.6000000000000001,0.6000000000000001,0.0,0.00935875216637774,0.9717162116424586,策略2 波动率调整动量,建信上海金ETF联接A
2023-10-17,1.1158,0.6000000000000001,0.6000000000000001,0.0,0.0012933357283994253,0.9729729669368409,策略2 波动率调整动量,建信上海金ETF联接A
2023-10-18,1.1234,0.6000000000000001,0.6000000000000001,0.0,0.004086753898548113,0.9769492680026519,策略2 波动率调整动量,建信上海金ETF联接A
2023-10-19,1.1307,0.6000000000000001,0.6000000000000001,0.0,0.0038988784048425546,0.9807582744062943,策略2 波动率调整动量,建信上海金ETF联接A
2023-10-20,1.1427,0.6000000000000001,0.6000000000000001,0.0,0.0063677368002123215,0.987003484962344,策略2 波动率调整动量,建信上海金ETF联接A
2023-10-23,1.1406,0.6000000000000001,0.6000000000000001,0.0,-0.0011026516145969723,0.9859151639760374,策略2 波动率调整动量,建信上海金ETF联接A
2023-10-24,1.1386,0.6000000000000001,0.6000000000000001,0.0,-0.0010520778537612021,0.9848779044663308,策略2 波动率调整动量,建信上海金ETF联接A
2023-10-25,1.1371,0.6000000000000001,0.6000000000000001,0.0,-0.0007904444054101845,0.9840994132367333,策略2 波动率调整动量,建信上海金ETF联接A
2023-10-26,1.1432,0.6000000000000001,0.6000000000000001,0.0,0.003218714273151058,0.987266948064318,策略2 波动率调整动量,建信上海金ETF联接A
2023-10-27,1.1438,0.6000000000000001,0.6000000000000001,0.0,0.00031490552834143596,0.9875778438842121,策略2 波动率调整动量,建信上海金ETF联接A
2023-10-30,1.1496,0.6000000000000001,0.6000000000000001,0.0,0.00304248994579468,0.9905825395449194,策略2 波动率调整动量,建信上海金ETF联接A
2023-10-31,1.1504,0.6000000000000001,0.6000000000000001,0.0,0.0004175365344468052,0.9909961439455645,策略2 波动率调整动量,建信上海金ETF联接A
2023-11-01,1.1455,0.6000000000000001,0.6000000000000001,0.0,-0.002555632823365861,0.9884635216722681,策略2 波动率调整动量,建信上海金ETF联接A
2023-11-02,1.1471,0.6000000000000001,0.6000000000000001,0.0,0.0008380619816674264,0.9892919153700468,策略2 波动率调整动量,建信上海金ETF联接A
2023-11-03,1.1471,0.6000000000000001,0.6000000000000001,0.0,0.0,0.9892919153700468,策略2 波动率调整动量,建信上海金ETF联接A
2023-11-06,1.1426,0.6000000000000001,0.6000000000000001,0.0,-0.002353761659837828,0.9869633579892613,策略2 波动率调整动量,建信上海金ETF联接A
2023-11-07,1.1377,0.6000000000000001,0.6000000000000001,0.0,-0.002573078942762197,0.9844238233555412,策略2 波动率调整动量,建信上海金ETF联接A
2023-11-08,1.1326,0.6000000000000001,0.6000000000000001,0.0,-0.0026896369869033212,0.9817760806294554,策略2 波动率调整动量,建信上海金ETF联接A
2023-11-09,1.1263,0.6000000000000001,0.6000000000000001,0.0,-0.0033374536464771294,0.9784994484691347,策略2 波动率调整动量,建信上海金ETF联接A
2023-11-10,1.1322,0.6000000000000001,0.6000000000000001,0.0,0.0031430347154399302,0.981574906204712,策略2 波动率调整动量,建信上海金ETF联接A
2023-11-13,1.1283,0.6000000000000001,0.6000000000000001,0.0,-0.0020667726550079872,0.9795462140297261,策略2 波动率调整动量,建信上海金ETF联接A
2023-11-14,1.1323,0.6000000000000001,0.6000000000000001,0.0,0.0021270938580165047,0.981629800765232,策略2 波动率调整动量,建信上海金ETF联接A
2023-11-15,1.1362,0.6000000000000001,0.6000000000000001,0.0,0.0020665901262916456,0.9836584272191671,策略2 波动率调整动量,建信上海金ETF联接A
2023-11-16,1.1331,0.6000000000000001,0.6000000000000001,0.0,-0.0016370357331456423,0.9820481432245994,策略2 波动率调整动量,建信上海金ETF联接A
2023-11-17,1.1357,0.6000000000000001,0.6000000000000001,0.0,0.0013767540375959177,0.9834001819708975,策略2 波动率调整动量,建信上海金ETF联接A
2023-11-20,1.1256,0.6000000000000001,0.6000000000000001,0.0,-0.005335916175046208,0.9781528410333755,策略2 波动率调整动量,建信上海金ETF联接A
2023-11-21,1.1226,0.6000000000000001,0.6000000000000001,0.0,-0.001599147121535105,0.9765886307332157,策略2 波动率调整动量,建信上海金ETF联接A
2023-11-22,1.1192,0.6000000000000001,0.6000000000000001,0.0,-0.0018172100481026246,0.9748139640605844,策略2 波动率调整动量,建信上海金ETF联接A
2023-11-23,1.1179,0.6000000000000001,0.6000000000000001,0.0,-0.0006969263759828871,0.9741345904973542,策略2 波动率调整动量,建信上海金ETF联接A
2023-11-24,1.1188,0.6000000000000001,0.6000000000000001,0.0,0.0004830485732176815,0.9746051448214159,策略2 波动率调整动量,建信上海金ETF联接A
2023-11-27,1.1289,0.6000000000000001,0.6000000000000001,0.0,0.005416517697533019,0.9798841108364479,策略2 波动率调整动量,建信上海金ETF联接A
2023-11-28,1.1348,0.6000000000000001,0.6000000000000001,0.0,0.003135795907520578,0.9829568274210533,策略2 波动率调整动量,建信上海金ETF联接A
2023-11-29,1.1411,0.6000000000000001,0.6000000000000001,0.0,0.003330983433204038,0.9862310403287476,策略2 波动率调整动量,建信上海金ETF联接A
2023-11-30,1.1415,0.6000000000000001,0.6000000000000001,0.0,0.00021032337218467316,0.9864384677669028,策略2 波动率调整动量,建信上海金ETF联接A
2023-12-01,1.1418,0.6000000000000001,0.6000000000000001,0.0,0.00015768725361371417,0.9865940165397439,策略2 波动率调整动量,建信上海金ETF联接A
2023-12-04,1.1563,0.6000000000000001,0.6000000000000001,0.0,0.0076195480819758925,0.9941114170861582,策略2 波动率调整动量,建信上海金ETF联接A
2023-12-05,1.139,0.6000000000000001,0.6000000000000001,0.0,-0.008976909106633292,0.9851873692531093,策略2 波动率调整动量,建信上海金ETF联接A
2023-12-06,1.137,0.6000000000000001,0.6000000000000001,0.0,-0.0010535557506584638,0.9841494194347566,策略2 波动率调整动量,建信上海金ETF联接A
2023-12-07,1.1387,0.6000000000000001,0.6000000000000001,0.0,0.0008970976253298347,0.9850322975419012,策略2 波动率调整动量,建信上海金ETF联接A
2023-12-08,1.1402,0.6000000000000001,0.6000000000000001,0.0,0.0007903749890226132,0.9858108424332578,策略2 波动率调整动量,建信上海金ETF联接A
2023-12-11,1.1329,0.6000000000000001,0.6000000000000001,0.0,-0.0038414313278372974,0.9820239177798129,策略2 波动率调整动量,建信上海金ETF联接A
2023-12-12,1.1275,0.6000000000000001,0.6000000000000001,0.0,-0.0028599170270986025,0.9792154108563363,策略2 波动率调整动量,建信上海金ETF联接A
2023-12-13,1.1275,0.6000000000000001,0.6000000000000001,0.0,0.0,0.9792154108563363,策略2 波动率调整动量,建信上海金ETF联接A
2023-12-14,1.1418,0.6000000000000001,0.6000000000000001,0.0,0.007609756097560983,0.986667001299926,策略2 波动率调整动量,建信上海金ETF联接A
2023-12-15,1.1412,0.6000000000000001,0.6000000000000001,0.0,-0.0003152916447713983,0.9863559134382445,策略2 波动率调整动量,建信上海金ETF联接A
2023-12-18,1.1398,0.6000000000000001,0.6000000000000001,0.0,-0.0007360672975815331,0.9856298891065863,策略2 波动率调整动量,建信上海金ETF联接A
2023-12-19,1.1409,0.6000000000000001,0.6000000000000001,0.0,0.0005790489559572177,0.9862006170648338,策略2 波动率调整动量,建信上海金ETF联接A
2023-12-20,1.1457,0.6000000000000001,0.6000000000000001,0.0,0.0025243229029713104,0.9886901058694149,策略2 波动率调整动量,建信上海金ETF联接A
2023-12-21,1.1446,0.6000000000000001,0.6000000000000001,0.0,-0.0005760670332547236,0.9881205540933182,策略2 波动率调整动量,建信上海金ETF联接A
2023-12-22,1.1509,0.6000000000000001,0.6000000000000001,0.0,0.003302463742792217,0.9913837863967193,策略2 波动率调整动量,建信上海金ETF联接A
2023-12-25,1.1514,0.6000000000000001,0.6000000000000001,0.0,0.00026066556607875493,0.9916422060126018,策略2 波动率调整动量,建信上海金ETF联接A
2023-12-26,1.1561,0.6000000000000001,0.6000000000000001,0.0,0.0024491922876497267,0.9940709284556758,策略2 波动率调整动量,建信上海金ETF联接A
2023-12-27,1.1576,0.6000000000000001,0.6000000000000001,0.0,0.000778479370296692,0.9948447921660903,策略2 波动率调整动量,建信上海金ETF联接A
2023-12-28,1.1592,0.6000000000000001,0.6000000000000001,0.0,0.0008293020041465928,0.9956698189460483,策略2 波动率调整动量,建信上海金ETF联接A
2023-12-29,1.1551,0.6000000000000001,0.6000000000000001,0.0,-0.002122153209109712,0.9935568550445584,策略2 波动率调整动量,建信上海金ETF联接A
2023-12-31,1.155,0.6000000000000001,0.6000000000000001,0.0,-5.194355467059709e-05,0.9935052461697399,策略2 波动率调整动量,建信上海金ETF联接A
2024-01-02,1.1583,0.6000000000000001,0.6000000000000001,0.0,0.001714285714285735,0.9952083980203167,策略2 波动率调整动量,建信上海金ETF联接A
2024-01-03,1.1585,0.6000000000000001,0.6000000000000001,0.0,0.00010360010360015439,0.9953115017134552,策略2 波动率调整动量,建信上海金ETF联接A
2024-01-04,1.1549,0.6000000000000001,0.6000000000000001,0.0,-0.0018644799309452068,0.9934557633934715,策略2 波动率调整动量,建信上海金ETF联接A
2024-01-05,1.156,0.6000000000000001,0.6000000000000001,0.0,0.0005714780500475582,0.9940235015559442,策略2 波动率调整动量,建信上海金ETF联接A
2024-01-08,1.1573,0.6000000000000001,0.6000000000000001,0.0,0.0006747404844291261,0.994694209454918,策略2 波动率调整动量,建信上海金ETF联接A
2024-01-09,1.1519,0.6000000000000001,0.6000000000000001,0.0,-0.0027996198047179014,0.9919094438464898,策略2 波动率调整动量,建信上海金ETF联接A
2024-01-10,1.1504,0.6000000000000001,0.6000000000000001,0.0,-0.0007813178227275897,0.9911344473194807,策略2 波动率调整动量,建信上海金ETF联接A
2024-01-11,1.1507,0.6000000000000001,0.6000000000000001,0.0,0.00015646731571621332,0.9912895274659668,策略2 波动率调整动量,建信上海金ETF联接A
2024-01-12,1.1527,0.6000000000000001,0.6000000000000001,0.0,0.0010428434865734195,0.992323287292993,策略2 波动率调整动量,建信上海金ETF联接A
2024-01-15,1.159,0.6000000000000001,0.6000000000000001,0.0,0.003279257395679736,0.9955773707717538,策略2 波动率调整动量,建信上海金ETF联接A
2024-01-16,1.1603,0.6000000000000001,0.6000000000000001,0.0,0.0006729939603105973,0.9962473883293049,策略2 波动率调整动量,建信上海金ETF联接A
2024-01-17,1.1528,0.6000000000000001,0.6000000000000001,0.0,-0.0038783073343100945,0.9923836347763602,策略2 波动率调整动量,建信上海金ETF联接A
2024-01-18,1.1486,0.6000000000000001,0.6000000000000001,0.0,-0.0021859819569743258,0.9902143020563425,策略2 波动率调整动量,建信上海金ETF联接A
2024-01-19,1.1529,0.6000000000000001,0.6000000000000001,0.0,0.0022462127807765246,0.9924385340773292,策略2 波动率调整动量,建信上海金ETF联接A
2024-01-22,1.1502,0.6000000000000001,0.6000000000000001,0.0,-0.0014051522248244243,0.991044006863169,策略2 波动率调整动量,建信上海金ETF联接A
2024-01-23,1.15,0.6000000000000001,0.6000000000000001,0.0,-0.00010432968179447944,0.9909406115572885,策略2 波动率调整动量,建信上海金ETF联接A
2024-01-24,1.15,0.6000000000000001,0.6000000000000001,0.0,0.0,0.9909406115572885,策略2 波动率调整动量,建信上海金ETF联接A
2024-01-25,1.1444,0.6000000000000001,0.6000000000000001,0.0,-0.0029217391304346757,0.9880453415965647,策略2 波动率调整动量,建信上海金ETF联接A
2024-01-26,1.1494,0.6000000000000001,0.6000000000000001,0.0,0.0026214610276126043,0.9906354639530741,策略2 波动率调整动量,建信上海金ETF联接A
2024-01-29,1.1521,0.6000000000000001,0.6000000000000001,0.0,0.0014094310074821428,0.9920316962930811,策略2 波动率调整动量,建信上海金ETF联接A
2024-01-30,1.1547,0.6000000000000001,0.6000000000000001,0.0,0.0013540491276800017,0.9933749559460776,策略2 波动率调整动量,建信上海金ETF联接A
2024-01-31,1.1554,0.6000000000000001,0.6000000000000001,0.0,0.0003637308391790218,0.9937362770524234,策略2 波动率调整动量,建信上海金ETF联接A
2024-02-01,1.157,0.6000000000000001,0.6000000000000001,0.0,0.0008308810801454848,0.9945619537236803,策略2 波动率调整动量,建信上海金ETF联接A
2024-02-02,1.1609,0.6000000000000001,0.6000000000000001,0.0,0.002022471910112378,0.9965734273379528,策略2 波动率调整动量,建信上海金ETF联接A
2024-02-05,1.1543,0.6000000000000001,0.6000000000000001,0.0,-0.0034111465242483655,0.9931739693551308,策略2 波动率调整动量,建信上海金ETF联接A
2024-02-06,1.1514,0.6000000000000001,0.6000000000000001,0.0,-0.00150740708654602,0.9916768518755519,策略2 波动率调整动量,建信上海金ETF联接A
2024-02-07,1.1542,0.6000000000000001,0.6000000000000001,0.0,0.0014590932777488244,0.9931238009038225,策略2 波动率调整动量,建信上海金ETF联接A
2024-02-08,1.157,0.6000000000000001,0.6000000000000001,0.0,0.0014555536302201413,0.994569345857486,策略2 波动率调整动量,建信上海金ETF联接A
2024-02-19,1.152,0.6000000000000001,0.6000000000000001,0.0,-0.0025929127052722882,0.9919905143643378,策略2 波动率调整动量,建信上海金ETF联接A
2024-02-20,1.1517,0.6000000000000001,0.6000000000000001,0.0,-0.00015624999999999114,0.9918355158464683,策略2 波动率调整动量,建信上海金ETF联接A
2024-02-21,1.1515,0.6000000000000001,0.6000000000000001,0.0,-0.00010419380046888806,0.9917321727346323,策略2 波动率调整动量,建信上海金ETF联接A
2024-02-22,1.1509,0.6000000000000001,0.6000000000000001,0.0,-0.00031263569257489193,0.9914221218599607,策略2 波动率调整动量,建信上海金ETF联接A
2024-02-23,1.148,0.6000000000000001,0.6000000000000001,0.0,-0.001511860283256672,0.9899232301299785,策略2 波动率调整动量,建信上海金ETF联接A
2024-02-26,1.1538,0.6000000000000001,0.6000000000000001,0.0,0.003031358885017444,0.9929240427091183,策略2 波动率调整动量,建信上海金ETF联接A
2024-02-27,1.1531,0.6000000000000001,0.6000000000000001,0.0,-0.0003640145605823931,0.9925626039000197,策略2 波动率调整动量,建信上海金ETF联接A
2024-02-28,1.1528,0.6000000000000001,0.6000000000000001,0.0,-0.0001561009452779594,0.9924076639393034,策略2 波动率调整动量,建信上海金ETF联接A
2024-02-29,1.1541,0.6000000000000001,0.6000000000000001,0.0,0.0006766134628729326,0.9930791403253829,策略2 波动率调整动量,建信上海金ETF联接A
2024-03-01,1.1587,0.6000000000000001,0.6000000000000001,0.0,0.0023914738757473855,0.9954540631460208,策略2 波动率调整动量,建信上海金ETF联接A
2024-03-04,1.1731,0.6000000000000001,0.6000000000000001,0.0,0.007456632432898937,1.0028767981987363,策略2 波动率调整动量,建信上海金ETF联接A
2024-03-05,1.1898,0.6000000000000001,0.6000000000000001,0.0,0.008541471315318374,1.0114428416033492,策略2 波动率调整动量,建信上海金ETF联接A
2024-03-06,1.1972,0.6000000000000001,0.6000000000000001,0.0,0.003731719616742391,1.015217262696574,策略2 波动率调整动量,建信上海金ETF联接A
2024-03-07,1.2104,0.6000000000000001,0.6000000000000001,0.0,0.006615436017373844,1.0219333675416766,策略2 波动率调整动量,建信上海金ETF联接A
2024-03-08,1.2108,0.6000000000000001,0.6000000000000001,0.0,0.00019828155981502785,1.0221359980838196,策略2 波动率调整动量,建信上海金ETF联接A
2024-03-11,1.2165,0.6000000000000001,0.6000000000000001,0.0,0.0028245787908820047,1.0250231017454041,策略2 波动率调整动量,建信上海金ETF联接A
2024-03-12,1.212,0.6000000000000001,0.6000000000000001,0.0,-0.0022194821208384678,1.0227480812976337,策略2 波动率调整动量,建信上海金ETF联接A
2024-03-13,1.2096,0.6000000000000001,0.6000000000000001,0.0,-0.0011881188118811894,1.0215329350624287,策略2 波动率调整动量,建信上海金ETF联接A
2024-03-14,1.2117,0.6000000000000001,0.6000000000000001,0.0,0.0010416666666666964,1.0225970318697855,策略2 波动率调整动量,建信上海金ETF联接A
2024-03-15,1.2144,0.6000000000000001,0.6000000000000001,0.0,0.0013369645951967436,1.0239642078965487,策略2 波动率调整动量,建信上海金ETF联接A
2024-03-18,1.2062,0.6000000000000001,0.6000000000000001,0.0,-0.004051383399209474,1.0198157363032918,策略2 波动率调整动量,建信上海金ETF联接A
2024-03-19,1.2081,0.6000000000000001,0.6000000000000001,0.0,0.0009451168960371793,1.0207795813865168,策略2 波动率调整动量,建信上海金ETF联接A
2024-03-20,1.2095,0.6000000000000001,0.6000000000000001,0.0,0.0006953066799106901,1.0214893362481712,策略2 波动率调整动量,建信上海金ETF联接A
2024-03-21,1.2315,0.6000000000000001,0.6000000000000001,0.0,0.010913600661430413,1.0326374629438932,策略2 波动率调整动量,建信上海金ETF联接A
2024-03-22,1.2253,0.6000000000000001,0.6000000000000001,0.0,-0.0030207064555419997,1.029518168293344,策略2 波动率调整动量,建信上海金ETF联接A
2024-03-25,1.2265,0.6000000000000001,0.6000000000000001,0.0,0.0005876111972577204,1.0301231246968134,策略2 波动率调整动量,建信上海金ETF联接A
2024-03-26,1.2286,0.6000000000000001,0.6000000000000001,0.0,0.0010273134936812146,1.0311813840829676,策略2 波动率调整动量,建信上海金ETF联接A
2024-03-27,1.2346,0.6000000000000001,0.6000000000000001,0.0,0.0029301644147810006,1.0342029150797922,策略2 波动率调整动量,建信上海金ETF联接A
2024-03-28,1.242,0.6000000000000001,0.6000000000000001,0.0,0.0035963064960311993,1.037922225741508,策略2 波动率调整动量,建信上海金ETF联接A
2024-03-29,1.267,0.6000000000000001,0.6000000000000001,0.0,0.01207729468599026,1.050457518322927,策略2 波动率调整动量,建信上海金ETF联接A
2024-04-01,1.2746,0.6000000000000001,0.6000000000000001,0.0,0.0035990528808209194,1.0542381704804271,策略2 波动率调整动量,建信上海金ETF联接A
2024-04-02,1.2754,0.6000000000000001,0.6000000000000001,0.0,0.00037658873372050657,1.0546351846980884,策略2 波动率调整动量,建信上海金ETF联接A
2024-04-03,1.2908,0.6000000000000001,0.6000000000000001,0.0,0.007244785949505906,1.0622757908660436,策略2 波动率调整动量,建信上海金ETF联接A
2024-04-08,1.3222,0.6000000000000001,0.6000000000000001,0.0,0.014595599628137636,1.0777803430041877,策略2 波动率调整动量,建信上海金ETF联接A
2024-04-09,1.3263,0.6000000000000001,0.6000000000000001,0.0,0.0018605354711843883,1.0797855915624923,策略2 波动率调整动量,建信上海金ETF联接A
2024-04-10,1.3309,0.6000000000000001,0.6000000000000001,0.0,0.002080977154489894,1.0820326007102812,策略2 波动率调整动量,建信上海金ETF联接A
2024-04-11,1.3229,0.6000000000000001,0.6000000000000001,0.0,-0.003606582012172233,1.0781301613959755,策略2 波动率调整动量,建信上海金ETF联接A
2024-04-12,1.3539,0.6000000000000001,0.6000000000000001,0.0,0.014060019653790914,1.0932886926545478,策略2 波动率调整动量,建信上海金ETF联接A
2024-04-15,1.3388,0.6000000000000001,0.6000000000000001,0.0,-0.006691779304232283,1.085972646007491,策略2 波动率调整动量,建信上海金ETF联接A
2024-04-16,1.3469,0.6000000000000001,0.6000000000000001,0.0,0.003630116522258709,1.0899148532524838,策略2 波动率调整动量,建信上海金ETF联接A
2024-04-17,1.3491,0.6000000000000001,0.6000000000000001,0.0,0.0009800282129333482,1.0909830005583663,策略2 波动率调整动量,建信上海金ETF联接A
2024-04-18,1.344,0.6000000000000001,0.6000000000000001,0.0,-0.0022681787858571893,1.088508456060769,策略2 波动率调整动量,建信上海金ETF联接A
2024-04-19,1.3496,0.6000000000000001,0.6000000000000001,0.0,0.0024999999999998582,1.0912297272009208,策略2 波动率调整动量,建信上海金ETF联接A
2024-04-22,1.3277,0.6000000000000001,0.6000000000000001,0.0,-0.009736218138707665,1.0806052765374503,策略2 波动率调整动量,建信上海金ETF联接A
2024-04-23,1.2978,0.6000000000000001,0.6000000000000001,0.0,-0.013512088574226146,1.0660040423271002,策略2 波动率调整动量,建信上海金ETF联接A
2024-04-24,1.3115,0.6000000000000001,0.6000000000000001,0.0,0.006333795654184061,1.0727558940977342,策略2 波动率调整动量,建信上海金ETF联接A
2024-04-25,1.3105,0.6000000000000001,0.6000000000000001,0.0,-0.00045749142203586066,1.072265117478246,策略2 波动率调整动量,建信上海金ETF联接A
2024-04-26,1.3195,0.6000000000000001,0.6000000000000001,0.0,0.004120564669973259,1.0766834552381717,策略2 波动率调整动量,建信上海金ETF联接A
2024-04-29,1.3128,0.6000000000000001,0.6000000000000001,0.0,-0.0030466085638498844,1.0734032222028878,策略2 波动率调整动量,建信上海金ETF联接A
2024-04-30,1.3091,0.6000000000000001,0.6000000000000001,0.0,-0.00169104204753201,1.0715880522201862,策略2 波动率调整动量,建信上海金ETF联接A
2024-05-06,1.3016,0.5,0.5,0.0,-0.003437476128637918,1.0679044938709457,策略2 波动率调整动量,建信上海金ETF联接A
2024-05-07,1.3049,0.5,0.5,0.0,0.00126767055931154,1.0692582449579824,策略2 波动率调整动量,建信上海金ETF联接A
2024-05-08,1.3029,0.5,0.5,0.0,-0.0007663422484481819,1.0684388271903695,策略2 波动率调整动量,建信上海金ETF联接A
2024-05-09,1.3008,0.5,0.5,0.0,-0.0008058945429426645,1.0675777781700686,策略2 波动率调整动量,建信上海金ETF联接A
2024-05-10,1.3296,0.5,0.5,0.0,0.011070110701106972,1.0793959823564534,策略2 波动率调整动量,建信上海金ETF联接A
2024-05-13,1.3237,0.5,0.5,0.0,-0.0022187123947051135,1.0770011131116042,策略2 波动率调整动量,建信上海金ETF联接A
2024-05-14,1.32,0.5,0.5,0.0,-0.0013975976429704828,1.0754958988944427,策略2 波动率调整动量,建信上海金ETF联接A
2024-05-15,1.3282,0.5,0.5,0.0,0.0031060606060605567,1.0788364543379783,策略2 波动率调整动量,建信上海金ETF联接A
2024-05-16,1.3403,0.5,0.5,0.0,0.004555036892034292,1.083750594187959,策略2 波动率调整动量,建信上海金ETF联接A
2024-05-17,1.3412,0.5,0.5,0.0,0.00033574572856820417,1.084114458820791,策略2 波动率调整动量,建信上海金ETF联接A
2024-05-20,1.3728,0.5,0.5,0.0,0.011780495079033781,1.0968858638680383,策略2 波动率调整动量,建信上海金ETF联接A
2024-05-21,1.3584,0.5,0.5,0.0,-0.005244755244755206,1.0911329659806186,策略2 波动率调整动量,建信上海金ETF联接A
2024-05-22,1.3597,0.5,0.5,0.0,0.00047850412249694774,1.0916550776030325,策略2 波动率调整动量,建信上海金ETF联接A
2024-05-23,1.3304,0.5,0.5,0.0,-0.010774435537250826,1.0798931103404863,策略2 波动率调整动量,建信上海金ETF联接A
2024-05-24,1.3167,0.5,0.5,0.0,-0.005148827420324742,1.0743329270829456,策略2 波动率调整动量,建信上海金ETF联接A
2024-05-27,1.3211,0.5,0.5,0.0,0.001670843776106934,1.076127969567629,策略2 波动率调整动量,建信上海金ETF联接A
2024-05-28,1.322,0.5,0.5,0.0,0.0003406252365453222,1.076494525911816,策略2 波动率调整动量,建信上海金ETF联接A
2024-05-29,1.3291,0.5,0.5,0.0,0.0026853252647502934,1.0793852638596124,策略2 波动率调整动量,建信上海金ETF联接A
2024-05-30,1.319,0.5,0.5,0.0,-0.003799563614475976,1.0752840708850497,策略2 波动率调整动量,建信上海金ETF联接A
2024-05-31,1.323,0.5,0.5,0.0,0.0015163002274450887,1.076914524366301,策略2 波动率调整动量,建信上海金ETF联接A
2024-06-03,1.3134,0.15000000000000002,0.15000000000000002,0.0,-0.0036281179138322184,1.0730073514887815,策略2 波动率调整动量,建信上海金ETF联接A
2024-06-04,1.3232,0.15000000000000002,0.15000000000000002,0.0,0.0011192325262677108,1.074208296217492,策略2 波动率调整动量,建信上海金ETF联接A
2024-06-05,1.3168,0.15000000000000002,0.15000000000000002,0.0,-0.0007255139056831951,1.073428943160986,策略2 波动率调整动量,建信上海金ETF联接A
2024-06-06,1.3356,0.15000000000000002,0.15000000000000002,0.0,0.0021415552855406864,1.0757277505878649,策略2 波动率调整动量,建信上海金ETF联接A
2024-06-07,1.3372,0.15000000000000002,0.15000000000000002,0.0,0.000179694519317164,1.0759210529689227,策略2 波动率调整动量,建信上海金ETF联接A
2024-06-11,1.2976,0.15000000000000002,0.15000000000000002,0.0,-0.004442117858211165,1.0711416848455042,策略2 波动率调整动量,建信上海金ETF联接A
2024-06-12,1.3046,0.15000000000000002,0.15000000000000002,0.0,0.0008091861898890108,1.072008437904296,策略2 波动率调整动量,建信上海金ETF联接A
2024-06-13,1.3048,0.15000000000000002,0.15000000000000002,0.0,2.2995554192861702e-05,1.0720330893324248,策略2 波动率调整动量,建信上海金ETF联接A
2024-06-14,1.3054,0.15000000000000002,0.15000000000000002,0.0,6.89760882893742e-05,1.072107033981444,策略2 波动率调整动量,建信上海金ETF联接A
2024-06-17,1.3076,0.15000000000000002,0.15000000000000002,0.0,0.00025279607783057495,1.0723780584346492,策略2 波动率调整动量,建信上海金ETF联接A
2024-06-18,1.3087,0.15000000000000002,0.15000000000000002,0.0,0.00012618537779134355,1.072513376865088,策略2 波动率调整动量,建信上海金ETF联接A
2024-06-19,1.3129,0.15000000000000002,0.15000000000000002,0.0,0.0004813937495224408,1.0730296781009903,策略2 波动率调整动量,建信上海金ETF联接A
2024-06-20,1.323,0.15000000000000002,0.15000000000000002,0.0,0.0011539340391499844,1.074267883571569,策略2 波动率调整动量,建信上海金ETF联接A
2024-06-21,1.3302,0.15000000000000002,0.15000000000000002,0.0,0.000816326530612266,1.0751448369459133,策略2 波动率调整动量,建信上海金ETF联接A
2024-06-24,1.3109,0.15000000000000002,0.15000000000000002,0.0,-0.002176364456472718,1.072804929937224,策略2 波动率调整动量,建信上海金ETF联接A
2024-06-25,1.3124,0.15000000000000002,0.15000000000000002,0.0,0.00017163780608743244,1.072989063821758,策略2 波动率调整动量,建信上海金ETF联接A
2024-06-26,1.3048,0.15000000000000002,0.15000000000000002,0.0,-0.0008686376104846184,1.072057025165284,策略2 波动率调整动量,建信上海金ETF联接A
2024-06-27,1.2972,0.15000000000000002,0.15000000000000002,0.0,-0.0008736971183323174,1.071120372031709,策略2 波动率调整动量,建信上海金ETF联接A
2024-06-28,1.3119,0.15000000000000002,0.15000000000000002,0.0,0.0016998149861239932,1.0729410784920312,策略2 波动率调整动量,建信上海金ETF联接A
2024-06-30,1.3119,0.15000000000000002,0.15000000000000002,0.0,0.0,1.0729410784920312,策略2 波动率调整动量,建信上海金ETF联接A
2024-07-01,1.3121,0.15000000000000002,0.15000000000000002,0.0,2.286759661559446e-05,1.0729656140758066,策略2 波动率调整动量,建信上海金ETF联接A
2024-07-02,1.3143,0.15000000000000002,0.15000000000000002,0.0,0.0002515052206386703,1.0732354705293126,策略2 波动率调整动量,建信上海金ETF联接A
2024-07-03,1.3212,0.15000000000000002,0.15000000000000002,0.0,0.0007874914403104062,1.0740806342757918,策略2 波动率调整动量,建信上海金ETF联接A
2024-07-04,1.3285,0.15000000000000002,0.15000000000000002,0.0,0.0008287920072661326,1.0749708237206388,策略2 波动率调整动量,建信上海金ETF联接A
2024-07-05,1.3317,0.15000000000000002,0.15000000000000002,0.0,0.000361309747835914,1.0753592211578884,策略2 波动率调整动量,建信上海金ETF联接A
2024-07-08,1.336,0.15000000000000002,0.15000000000000002,0.0,0.00048434332056768176,1.0758800642138673,策略2 波动率调整动量,建信上海金ETF联接A
2024-07-09,1.3295,0.15000000000000002,0.15000000000000002,0.0,-0.0007297904191617023,1.075094897250837,策略2 波动率调整动量,建信上海金ETF联接A
2024-07-10,1.3353,0.15000000000000002,0.15000000000000002,0.0,0.0006543813463708027,1.0757984192971763,策略2 波动率调整动量,建信上海金ETF联接A
2024-07-11,1.3403,0.15000000000000002,0.15000000000000002,0.0,0.0005616715344866298,1.0764026646461413,策略2 波动率调整动量,建信上海金ETF联接A
2024-07-12,1.3476,0.15000000000000002,0.15000000000000002,0.0,0.0008169812728493599,1.0772820654652024,策略2 波动率调整动量,建信上海金ETF联接A
2024-07-15,1.3473,0.15000000000000002,0.15000000000000002,0.0,-3.339269812999702e-05,1.0772460921103895,策略2 波动率调整动量,建信上海金ETF联接A
2024-07-16,1.3605,0.15000000000000002,0.15000000000000002,0.0,0.0014696058784235302,1.0788292192998636,策略2 波动率调整动量,建信上海金ETF联接A
2024-07-17,1.3778,0.15000000000000002,0.15000000000000002,0.0,0.0019073869900771538,1.0808869641172714,策略2 波动率调整动量,建信上海金ETF联接A
2024-07-18,1.377,0.15000000000000002,0.15000000000000002,0.0,-8.709536942952402e-05,1.0807928238678202,策略2 波动率调整动量,建信上海金ETF联接A
2024-07-19,1.3435,0.15000000000000002,0.15000000000000002,0.0,-0.0036492374727668925,1.076848754194664,策略2 波动率调整动量,建信上海金ETF联接A
2024-07-22,1.343,0.15000000000000002,0.15000000000000002,0.0,-5.5824339411975074e-05,1.0767886398243147,策略2 波动率调整动量,建信上海金ETF联接A
2024-07-23,1.3364,0.15000000000000002,0.15000000000000002,0.0,-0.0007371556217423582,1.07599487902504,策略2 波动率调整动量,建信上海金ETF联接A
2024-07-24,1.351,0.15000000000000002,0.15000000000000002,0.0,0.0016387309188865553,1.0777581451018619,策略2 波动率调整动量,建信上海金ETF联接A
2024-07-25,1.3199,0.15000000000000002,0.15000000000000002,0.0,-0.0034529977794226347,1.0740366486200705,策略2 波动率调整动量,建信上海金ETF联接A
2024-07-26,1.3238,0.15000000000000002,0.15000000000000002,0.0,0.0004432153951056895,1.0745126781976466,策略2 波动率调整动量,建信上海金ETF联接A
2024-07-29,1.3332,0.15000000000000002,0.15000000000000002,0.0,0.0010651155763710231,1.0756571583882029,策略2 波动率调整动量,建信上海金ETF联接A
2024-07-30,1.3336,0.15000000000000002,0.15000000000000002,0.0,4.500450045004101e-05,1.0757055678012717,策略2 波动率调整动量,建信上海金ETF联接A
2024-07-31,1.3456,0.15000000000000002,0.15000000000000002,0.0,0.0013497300539892067,1.0771574799353767,策略2 波动率调整动量,建信上海金ETF联接A
2024-08-01,1.3562,0.15000000000000002,0.15000000000000002,0.0,0.0011816290130796992,1.078430280465324,策略2 波动率调整动量,建信上海金ETF联接A
2024-08-02,1.3621,0.15000000000000002,0.15000000000000002,0.0,0.0006525586196726275,1.0791340194405576,策略2 波动率调整动量,建信上海金ETF联接A
2024-08-05,1.3319,0.15000000000000002,0.15000000000000002,0.0,-0.003325747008296021,1.0755450927038528,策略2 波动率调整动量,建信上海金ETF联接A
2024-08-06,1.3197,0.15000000000000002,0.15000000000000002,0.0,-0.0013739770253021978,1.0740673184568013,策略2 波动率调整动量,建信上海金ETF联接A
2024-08-07,1.3234,0.15000000000000002,0.15000000000000002,0.0,0.000420550125028385,1.074519017601867,策略2 波动率调整动量,建信上海金ETF联接A
2024-08-08,1.3236,0.15000000000000002,0.15000000000000002,0.0,2.2668883179721715e-05,1.0745433757479514,策略2 波动率调整动量,建信上海金ETF联接A
2024-08-09,1.3347,0.15000000000000002,0.15000000000000002,0.0,0.0012579329102447635,1.0758950792237902,策略2 波动率调整动量,建信上海金ETF联接A
2024-08-12,1.3442,0.15000000000000002,0.15000000000000002,0.0,0.0010676556529557236,1.0770437646871107,策略2 波动率调整动量,建信上海金ETF联接A
2024-08-13,1.355,0.15000000000000002,0.15000000000000002,0.0,0.0012051778009224859,1.0783417939229336,策略2 波动率调整动量,建信上海金ETF联接A
2024-08-14,1.3514,0.15000000000000002,0.15000000000000002,0.0,-0.00039852398523985706,1.0779120488537688,策略2 波动率调整动量,建信上海金ETF联接A
2024-08-15,1.3491,0.15000000000000002,0.15000000000000002,0.0,-0.0002552908095308615,1.0776368678142136,策略2 波动率调整动量,建信上海金ETF联接A
2024-08-16,1.3509,0.15000000000000002,0.15000000000000002,0.0,0.00020013342228153433,1.0778525389685463,策略2 波动率调整动量,建信上海金ETF联接A
2024-08-19,1.3644,0.15000000000000002,0.15000000000000002,0.0,0.0014990006662225388,1.0794682406425498,策略2 波动率调整动量,建信上海金ETF联接A
2024-08-20,1.3657,0.15000000000000002,0.15000000000000002,0.0,0.00014291996481968774,1.0796225182055263,策略2 波动率调整动量,建信上海金ETF联接A
2024-08-21,1.3705,0.15000000000000002,0.15000000000000002,0.0,0.0005272021673866868,1.0801916975370838,策略2 波动率调整动量,建信上海金ETF联接A
2024-08-22,1.3666,0.15000000000000002,0.15000000000000002,0.0,-0.00042685151404596726,1.0797306160755302,策略2 波动率调整动量,建信上海金ETF联接A
2024-08-23,1.3623,0.15000000000000002,0.15000000000000002,0.0,-0.0004719742426459784,1.0792210110357463,策略2 波动率调整动量,建信上海金ETF联接A
2024-08-26,1.3696,0.15000000000000002,0.15000000000000002,0.0,0.0008037877119576931,1.0800884756229034,策略2 波动率调整动量,建信上海金ETF联接A
2024-08-27,1.3701,0.15000000000000002,0.15000000000000002,0.0,5.4760514018714634e-05,1.0801476218230142,策略2 波动率调整动量,建信上海金ETF联接A
2024-08-28,1.3684,0.15000000000000002,0.15000000000000002,0.0,-0.000186117801620328,1.079946587122215,策略2 波动率调整动量,建信上海金ETF联接A
2024-08-29,1.3692,0.15000000000000002,0.15000000000000002,0.0,8.76936568254827e-05,1.0800412915876159,策略2 波动率调整动量,建信上海金ETF联接A
2024-08-30,1.3678,0.15000000000000002,0.15000000000000002,0.0,-0.00015337423312883905,1.079875641082771,策略2 波动率调整动量,建信上海金ETF联接A
2024-09-02,1.359,0.6000000000000001,0.6000000000000001,0.006650246305418662,-0.007615299675794441,1.0716520644633352,策略2 波动率调整动量,建信上海金ETF联接A
2024-09-03,1.3613,0.6000000000000001,0.6000000000000001,0.0,0.0010154525386313563,1.072740276272724,策略2 波动率调整动量,建信上海金ETF联接A
2024-09-04,1.3532,0.6000000000000001,0.6000000000000001,0.0,-0.003570116800117518,1.06891046819024,策略2 波动率调整动量,建信上海金ETF联接A
2024-09-05,1.3608,0.6000000000000001,0.6000000000000001,0.0,0.0033697901271060988,1.0725124721327077,策略2 波动率调整动量,建信上海金ETF联接A
2024-09-06,1.3649,0.6000000000000001,0.6000000000000001,0.0,0.0018077601410935176,1.074451317430655,策略2 波动率调整动量,建信上海金ETF联接A
2024-09-09,1.3559,0.6000000000000001,0.6000000000000001,0.0,-0.003956333797347767,1.0702004293698992,策略2 波动率调整动量,建信上海金ETF联接A
2024-09-10,1.3644,0.6000000000000001,0.6000000000000001,0.0,0.0037613393318090445,1.074225816337807,策略2 波动率调整动量,建信上海金ETF联接A
2024-09-11,1.3708,0.6000000000000001,0.6000000000000001,0.0,0.002814423922603338,1.0772491431735862,策略2 波动率调整动量,建信上海金ETF联接A
2024-09-12,1.3691,0.6000000000000001,0.6000000000000001,0.0,-0.0007440910417275017,1.0764475717364421,策略2 波动率调整动量,建信上海金ETF联接A
2024-09-13,1.389,0.6000000000000001,0.6000000000000001,0.0,0.008721057629099473,1.08583533304426,策略2 波动率调整动量,建信上海金ETF联接A
2024-09-18,1.3881,0.6000000000000001,0.6000000000000001,0.0,-0.0003887688984881566,1.0854131940378928,策略2 波动率调整动量,建信上海金ETF联接A
2024-09-19,1.3861,0.6000000000000001,0.6000000000000001,0.0,-0.0008644910309054677,1.0844748640668207,策略2 波动率调整动量,建信上海金ETF联接A
2024-09-20,1.3981,0.6000000000000001,0.6000000000000001,0.0,0.005194430416275742,1.0901080932864158,策略2 波动率调整动量,建信上海金ETF联接A
2024-09-23,1.4105,0.6000000000000001,0.6000000000000001,0.0,0.005321507760532241,1.0959091119646582,策略2 波动率调整动量,建信上海金ETF联接A
2024-09-24,1.4097,0.6000000000000001,0.6000000000000001,0.0,-0.0003403048564339262,1.0955361687716465,策略2 波动率调整动量,建信上海金ETF联接A
2024-09-25,1.4186,0.6000000000000001,0.6000000000000001,0.0,0.003788040008512539,1.0996861036097263,策略2 波动率调整动量,建信上海金ETF联接A
2024-09-26,1.4214,0.6000000000000001,0.6000000000000001,0.0,0.0011842661779218667,1.100988424668562,策略2 波动率调整动量,建信上海金ETF联接A
2024-09-27,1.4215,0.6000000000000001,0.6000000000000001,0.0,4.221190375681694e-05,1.1010348994859815,策略2 波动率调整动量,建信上海金ETF联接A
2024-09-30,1.4145,0.6000000000000001,0.6000000000000001,0.0,-0.0029546253957087212,1.0977817538103987,策略2 波动率调整动量,建信上海金ETF联接A
2024-10-08,1.4132,0.6000000000000001,0.6000000000000001,0.0,-0.0005514316012726007,1.0971764022600472,策略2 波动率调整动量,建信上海金ETF联接A
2024-10-09,1.3962,0.6000000000000001,0.6000000000000001,0.0,-0.007217662043589003,1.0892573537863333,策略2 波动率调整动量,建信上海金ETF联接A
2024-10-10,1.4009,0.6000000000000001,0.6000000000000001,0.0,0.002019767941555584,1.0914574008696147,策略2 波动率调整动量,建信上海金ETF联接A
2024-10-11,1.4169,0.6000000000000001,0.6000000000000001,0.0,0.00685273752587623,1.0989368719584491,策略2 波动率调整动量,建信上海金ETF联接A
2024-10-14,1.4304,0.6000000000000001,0.6000000000000001,0.0,0.005716705483802587,1.1052191704007268,策略2 波动率调整动量,建信上海金ETF联接A
2024-10-15,1.4313,0.6000000000000001,0.6000000000000001,0.0,0.00037751677852351236,1.1056364091814992,策略2 波动率调整动量,建信上海金ETF联接A
2024-10-16,1.45,0.6000000000000001,0.6000000000000001,0.0,0.007839027457556026,1.1143035233511465,策略2 波动率调整动量,建信上海金ETF联接A
2024-10-17,1.4565,0.6000000000000001,0.6000000000000001,0.0,0.002689655172413819,1.1173006155863667,策略2 波动率调整动量,建信上海金ETF联接A
2024-10-18,1.4665,0.6000000000000001,0.6000000000000001,0.0,0.004119464469618973,1.1219032957741581,策略2 波动率调整动量,建信上海金ETF联接A
2024-10-21,1.4815,0.6000000000000001,0.6000000000000001,0.0,0.006137061029662495,1.1287884847697038,策略2 波动率调整动量,建信上海金ETF联接A
2024-10-22,1.4832,0.6000000000000001,0.6000000000000001,0.0,0.0006884913938575821,1.1295656459269534,策略2 波动率调整动量,建信上海金ETF联接A
2024-10-23,1.4907,0.6000000000000001,0.6000000000000001,0.0,0.0030339805825242653,1.1329927261633823,策略2 波动率调整动量,建信上海金ETF联接A
2024-10-24,1.4793,0.6000000000000001,0.6000000000000001,0.0,-0.004588448379955646,1.1277940475245165,策略2 波动率调整动量,建信上海金ETF联接A
2024-10-25,1.479,0.6000000000000001,0.6000000000000001,0.0,-0.00012167917258163465,1.1276568184779712,策略2 波动率调整动量,建信上海金ETF联接A
2024-10-28,1.4847,0.6000000000000001,0.6000000000000001,0.0,0.002312373225152076,1.1302643819121796,策略2 波动率调整动量,建信上海金ETF联接A
2024-10-29,1.4954,0.6000000000000001,0.6000000000000001,0.0,0.004324105879975804,1.1351517647719334,策略2 波动率调整动量,建信上海金ETF联接A
2024-10-30,1.5113,0.6000000000000001,0.6000000000000001,0.0,0.006379563996255256,1.142393538100758,策略2 波动率调整动量,建信上海金ETF联接A
2024-10-31,1.5059,0.6000000000000001,0.6000000000000001,0.0,-0.002143849665850595,1.1399444180958307,策略2 波动率调整动量,建信上海金ETF联接A
2024-11-01,1.492,0.6000000000000001,0.6000000000000001,0.0,-0.005538216349027137,1.13363115928255,策略2 波动率调整动量,建信上海金ETF联接A
2024-11-04,1.4817,0.6000000000000001,0.6000000000000001,0.0,-0.004142091152814987,1.1289355556871303,策略2 波动率调整动量,建信上海金ETF联接A
2024-11-05,1.4812,0.6000000000000001,0.6000000000000001,0.0,-0.0002024701356549974,1.1287069799520246,策略2 波动率调整动量,建信上海金ETF联接A
2024-11-06,1.4815,0.6000000000000001,0.6000000000000001,0.0,0.00012152308938699898,1.1288441439112409,策略2 波动率调整动量,建信上海金ETF联接A
2024-11-07,1.4494,0.6000000000000001,0.6000000000000001,0.0,-0.013000337495781292,1.1141687890602583,策略2 波动率调整动量,建信上海金ETF联接A
2024-11-08,1.4607,0.6000000000000001,0.6000000000000001,0.0,0.00467779770939707,1.119380645269606,策略2 波动率调整动量,建信上海金ETF联接A
2024-11-11,1.4617,0.6000000000000001,0.6000000000000001,0.0,0.00041076196344209677,1.1198404442612961,策略2 波动率调整动量,建信上海金ETF联接A
2024-11-12,1.4386,0.6000000000000001,0.6000000000000001,0.0,-0.009482109872066748,1.1092219941296264,策略2 波动率调整动量,建信上海金ETF联接A
2024-11-13,1.4355,0.6000000000000001,0.6000000000000001,0.0,-0.0012929236757959874,1.1077878547517026,策略2 波动率调整动量,建信上海金ETF联接A
2024-11-14,1.4084,0.6000000000000001,0.6000000000000001,0.0,-0.011327063740856793,1.095239871109583,策略2 波动率调整动量,建信上海金ETF联接A
2024-11-15,1.4096,0.6000000000000001,0.6000000000000001,0.0,0.0005112184038624791,1.0957997778883384,策略2 波动率调整动量,建信上海金ETF联接A
2024-11-18,1.4262,0.6000000000000001,0.6000000000000001,0.0,0.007065834279228157,1.1035425175221123,策略2 波动率调整动量,建信上海金ETF联接A
2024-11-19,1.4478,0.6000000000000001,0.6000000000000001,0.0,0.009087084560370285,1.1135705016947999,策略2 波动率调整动量,建信上海金ETF联接A
2024-11-20,1.4512,0.6000000000000001,0.6000000000000001,0.0,0.001409034397016207,1.1151395608351904,策略2 波动率调整动量,建信上海金ETF联接A
2024-11-21,1.4663,0.6000000000000001,0.6000000000000001,0.0,0.0062431091510474,1.1221014988321352,策略2 波动率调整动量,建信上海金ETF联接A
2024-11-22,1.4837,0.6000000000000001,0.6000000000000001,0.0,0.007119961808633946,1.1300908186492309,策略2 波动率调整动量,建信上海金ETF联接A
2024-11-25,1.4672,0.6000000000000001,0.6000000000000001,0.0,-0.006672507919390692,1.1225502787121633,策略2 波动率调整动量,建信上海金ETF联接A
2024-11-26,1.4481,0.6000000000000001,0.6000000000000001,0.0,-0.00781079607415487,1.113782267402157,策略2 波动率调整动量,建信上海金ETF联接A
2024-11-27,1.4616,0.6000000000000001,0.6000000000000001,0.0,0.005593536357986296,1.1200122490097513,策略2 波动率调整动量,建信上海金ETF联接A
2024-11-28,1.4536,0.6000000000000001,0.6000000000000001,0.0,-0.0032840722495895095,1.1163340478635781,策略2 波动率调整动量,建信上海金ETF联接A
2024-11-29,1.4652,0.6000000000000001,0.6000000000000001,0.0,0.0047881122729775075,1.1216791806188964,策略2 波动率调整动量,建信上海金ETF联接A
2024-12-02,1.4557,0.55,0.5500000000000002,0.0,-0.003890253890253926,1.117315563822877,策略2 波动率调整动量,建信上海金ETF联接A
2024-12-03,1.4684,0.55,0.5500000000000002,0.0,0.004798378786837877,1.1226768671225285,策略2 波动率调整动量,建信上海金ETF联接A
2024-12-04,1.4666,0.55,0.5500000000000002,0.0,-0.0006742032143829959,1.121919954770001,策略2 波动率调整动量,建信上海金ETF联接A
2024-12-05,1.4671,0.55,0.5500000000000002,0.0,0.00018750852311480998,1.122130324323773,策略2 波动率调整动量,建信上海金ETF联接A
2024-12-06,1.4612,0.55,0.5500000000000002,0.0,-0.0022118464998977746,1.1196483442934884,策略2 波动率调整动量,建信上海金ETF联接A
2024-12-09,1.4686,0.55,0.5500000000000002,0.0,0.002785381877908478,1.1227669925013137,策略2 波动率调整动量,建信上海金ETF联接A
2024-12-10,1.4742,0.55,0.5500000000000002,0.0,0.0020972354623451377,1.1251216992539381,策略2 波动率调整动量,建信上海金ETF联接A
2024-12-11,1.4867,0.55,0.5500000000000002,0.0,0.004663546330212954,1.1303687564255367,策略2 波动率调整动量,建信上海金ETF联接A
2024-12-12,1.4966,0.55,0.5500000000000002,0.0,0.0036624739355619507,1.1345087025335188,策略2 波动率调整动量,建信上海金ETF联接A
2024-12-13,1.4846,0.55,0.5500000000000002,0.0,-0.004409995990912753,1.1295055237036902,策略2 波动率调整动量,建信上海金ETF联接A
2024-12-16,1.4701,0.55,0.5500000000000002,0.0,-0.0053718173245318425,1.1234380263633044,策略2 波动率调整动量,建信上海金ETF联接A
2024-12-17,1.4695,0.55,0.5500000000000002,0.0,-0.00022447452554245635,1.1231858431453603,策略2 波动率调整动量,建信上海金ETF联接A
2024-12-18,1.4678,0.55,0.5500000000000002,0.0,-0.0006362708404218988,1.122471192744992,策略2 波动率调整动量,建信上海金ETF联接A
2024-12-19,1.4564,0.55,0.5500000000000002,0.0,-0.004271699141572456,1.1176763335145035,策略2 波动率调整动量,建信上海金ETF联接A
2024-12-20,1.4572,0.55,0.5500000000000002,0.0,0.0003021148036253863,1.1180140000805199,策略2 波动率调整动量,建信上海金ETF联接A
2024-12-23,1.4711,0.55,0.5500000000000002,0.0,0.0052463628877298515,1.1238795072385048,策略2 波动率调整动量,建信上海金ETF联接A
2024-12-24,1.4664,0.55,0.5500000000000002,0.0,-0.0017571884984026404,1.1219046390947949,策略2 波动率调整动量,建信上海金ETF联接A
2024-12-25,1.4686,0.55,0.5500000000000002,0.0,0.000825150027277666,1.1228303787383467,策略2 波动率调整动量,建信上海金ETF联接A
2024-12-26,1.4708,0.55,0.5500000000000002,0.0,0.0008239139316356117,1.123755494330253,策略2 波动率调整动量,建信上海金ETF联接A
2024-12-27,1.4718,0.55,0.5500000000000002,0.0,0.00037394615175412327,1.1241757183728704,策略2 波动率调整动量,建信上海金ETF联接A
2024-12-30,1.4668,0.55,0.5500000000000002,0.0,-0.001868460388639704,1.1220752405732202,策略2 波动率调整动量,建信上海金ETF联接A
2024-12-31,1.4664,0.55,0.5500000000000002,0.0,-0.00014998636487599808,1.121906944586769,策略2 波动率调整动量,建信上海金ETF联接A
2025-01-02,1.4794,0.55,0.5500000000000002,0.0,0.004875886524822749,1.127377235539985,策略2 波动率调整动量,建信上海金ETF联接A
2025-01-03,1.4913,0.55,0.5500000000000002,0.0,0.004424090847640884,1.1323648548495762,策略2 波动率调整动量,建信上海金ETF联接A
2025-01-06,1.4853,0.55,0.5500000000000002,0.0,-0.0022128344397505445,1.129859118900402,策略2 波动率调整动量,建信上海金ETF联接A
2025-01-07,1.4863,0.55,0.5500000000000002,0.0,0.0003702955631859074,1.130277500719156,策略2 波动率调整动量,建信上海金ETF联接A
2025-01-08,1.4921,0.55,0.5500000000000002,0.0,0.0021462692592343906,1.1327033805733535,策略2 波动率调整动量,建信上海金ETF联接A
2025-01-09,1.4995,0.55,0.5500000000000002,0.0,0.00272769921587025,1.135793054696357,策略2 波动率调整动量,建信上海金ETF联接A
2025-01-10,1.5098,0.55,0.5500000000000002,0.0,0.0037779259753251146,1.1400839967802883,策略2 波动率调整动量,建信上海金ETF联接A
2025-01-13,1.5145,0.55,0.5500000000000002,0.0,0.001712147304278711,1.142035988522027,策略2 波动率调整动量,建信上海金ETF联接A
2025-01-14,1.5046,0.55,0.5500000000000002,0.0,-0.003595245955760974,1.1379300882529597,策略2 波动率调整动量,建信上海金ETF联接A
2025-01-15,1.5101,0.55,0.5500000000000002,0.0,0.00201050112986847,1.1402178979811037,策略2 波动率调整动量,建信上海金ETF联接A
2025-01-16,1.5157,0.55,0.5500000000000002,0.0,0.0020396000264883756,1.1425434864360287,策略2 波动率调整动量,建信上海金ETF联接A
2025-01-17,1.5199,0.55,0.5500000000000002,0.0,0.0015240482945173888,1.1442847778879435,策略2 波动率调整动量,建信上海金ETF联接A
2025-01-20,1.5175,0.55,0.5500000000000002,0.0,-0.0008684781893545326,1.1432909915159375,策略2 波动率调整动量,建信上海金ETF联接A
2025-01-21,1.5176,0.55,0.5500000000000002,0.0,3.624382207582101e-05,1.1433324287512148,策略2 波动率调整动量,建信上海金ETF联接A
2025-01-22,1.5304,0.55,0.5500000000000002,0.0,0.00463890353189247,1.1486362375930763,策略2 波动率调整动量,建信上海金ETF联接A
2025-01-23,1.5319,0.55,0.5500000000000002,0.0,0.0005390747516989649,1.1492554383876492,策略2 波动率调整动量,建信上海金ETF联接A
2025-01-24,1.5378,0.55,0.5500000000000002,0.0,0.002118284483321376,1.1516898883501585,策略2 波动率调整动量,建信上海金ETF联接A
2025-01-27,1.5327,0.55,0.5500000000000002,0.0,-0.0018240343347639915,1.1495891664508073,策略2 波动率调整动量,建信上海金ETF联接A
2025-02-05,1.5857,0.55,0.5500000000000002,0.0,0.01901872512559543,1.1714528868148975,策略2 波动率调整动量,建信上海金ETF联接A
2025-02-06,1.5849,0.55,0.5500000000000002,0.0,-0.000277479977297146,1.1711278320944596,策略2 波动率调整动量,建信上海金ETF联接A
2025-02-07,1.5859,0.55,0.5500000000000002,0.0,0.0003470250488990524,1.1715342427876592,策略2 波动率调整动量,建信上海金ETF联接A
2025-02-10,1.6072,0.55,0.5500000000000002,0.0,0.007386972696891272,1.1801883342526047,策略2 波动率调整动量,建信上海金ETF联接A
2025-02-11,1.6235,0.55,0.5500000000000002,0.0,0.005578023892483798,1.1867714529786966,策略2 波动率调整动量,建信上海金ETF联接A
2025-02-12,1.614,0.55,0.5500000000000002,0.0,-0.003218355404989166,1.1829520006585157,策略2 波动率调整动量,建信上海金ETF联接A
2025-02-13,1.6203,0.55,0.5500000000000002,0.0,0.0021468401486989257,1.1854916095075132,策略2 波动率调整动量,建信上海金ETF联接A
2025-02-14,1.6288,0.55,0.5500000000000002,0.0,0.002885268160217259,1.18891207070263,策略2 波动率调整动量,建信上海金ETF联接A
2025-02-17,1.604,0.55,0.5500000000000002,0.0,-0.008374263261296653,1.178955808028033,策略2 波动率调整动量,建信上海金ETF联接A
2025-02-18,1.6174,0.55,0.5500000000000002,0.0,0.0045947630922692955,1.1843728306621768,策略2 波动率调整动量,建信上海金ETF联接A
2025-02-19,1.6282,0.55,0.5500000000000002,0.0,0.003672560900210321,1.1887225120113383,策略2 波动率调整动量,建信上海金ETF联接A
2025-02-20,1.6331,0.55,0.5500000000000002,0.0,0.0016552020636285364,1.190690087966301,策略2 波动率调整动量,建信上海金ETF联接A
2025-02-21,1.6215,0.55,0.5500000000000002,0.0,-0.003906680546200521,1.1860384421630894,策略2 波动率调整动量,建信上海金ETF联接A
2025-02-24,1.6252,0.55,0.5500000000000002,0.0,0.001255010792476086,1.1875269332082954,策略2 波动率调整动量,建信上海金ETF联接A
2025-02-25,1.6248,0.55,0.5500000000000002,0.0,-0.00013536795471325028,1.1873661801161801,策略2 波动率调整动量,建信上海金ETF联接A
2025-02-26,1.6115,0.55,0.5500000000000002,0.0,-0.004502092565238814,1.182020547664463,策略2 波动率调整动量,建信上海金ETF联接A
2025-02-27,1.6051,0.55,0.5500000000000002,0.0,-0.0021843003412969192,1.1794386597787796,策略2 波动率调整动量,建信上海金ETF联接A
2025-02-28,1.5942,0.55,0.5500000000000002,0.0,-0.0037349697838140747,1.1750334920226437,策略2 波动率调整动量,建信上海金ETF联接A
2025-03-03,1.5945,0.6000000000000001,0.6000000000000001,0.000738916256157628,-0.0006354160679755129,1.1742868568614033,策略2 波动率调整动量,建信上海金ETF联接A
2025-03-04,1.6048,0.6000000000000001,0.6000000000000001,0.0,0.003875823142050728,1.1788381850366327,策略2 波动率调整动量,建信上海金ETF联接A
2025-03-05,1.617,0.6000000000000001,0.6000000000000001,0.0,0.004561316051844467,1.1842152385725675,策略2 波动率调整动量,建信上海金ETF联接A
2025-03-06,1.6145,0.6000000000000001,0.6000000000000001,0.0,-0.0009276437847866249,1.183116708666656,策略2 波动率调整动量,建信上海金ETF联接A
2025-03-07,1.612,0.6000000000000001,0.6000000000000001,0.0,-0.0009290802105915265,1.1820174983458138,策略2 波动率调整动量,建信上海金ETF联接A
2025-03-10,1.616,0.6000000000000001,0.6000000000000001,0.0,0.0014888337468982108,1.1837773258867752,策略2 波动率调整动量,建信上海金ETF联接A
2025-03-11,1.6074,0.6000000000000001,0.6000000000000001,0.0,-0.0031930693069307297,1.1799974428412456,策略2 波动率调整动量,建信上海金ETF联接A
2025-03-12,1.6124,0.6000000000000001,0.6000000000000001,0.0,0.0018663680477790214,1.1821997523650256,策略2 波动率调整动量,建信上海金ETF联接A
2025-03-13,1.624,0.6000000000000001,0.6000000000000001,0.0,0.004316546762589902,1.1873027728788312,策略2 波动率调整动量,建信上海金ETF联接A
2025-03-14,1.6479,0.6000000000000001,0.6000000000000001,0.0,0.00883004926108364,1.1977867148511725,策略2 波动率调整动量,建信上海金ETF联接A
2025-03-17,1.6507,0.6000000000000001,0.6000000000000001,0.0,0.0010194793373385026,1.199007833657502,策略2 波动率调整动量,建信上海金ETF联接A
2025-03-18,1.6611,0.6000000000000001,0.6000000000000001,0.0,0.0037802144544738965,1.2035403404013214,策略2 波动率调整动量,建信上海金ETF联接A
2025-03-19,1.6784,0.6000000000000001,0.6000000000000001,0.0,0.006248871229907849,1.2110611090084886,策略2 波动率调整动量,建信上海金ETF联接A
2025-03-20,1.682,0.6000000000000001,0.6000000000000001,0.0,0.0012869399428026896,1.2126196719228466,策略2 波动率调整动量,建信上海金ETF联接A
2025-03-21,1.6747,0.6000000000000001,0.6000000000000001,0.0,-0.0026040428061830717,1.2094619583895396,策略2 波动率调整动量,建信上海金ETF联接A
2025-03-24,1.6746,0.6000000000000001,0.6000000000000001,0.0,-3.58273123544528e-05,1.2094186266181755,策略2 波动率调整动量,建信上海金ETF联接A
2025-03-25,1.6726,0.6000000000000001,0.6000000000000001,0.0,-0.0007165890361877204,1.2085519704901797,策略2 波动率调整动量,建信上海金ETF联接A
2025-03-26,1.6778,0.6000000000000001,0.6000000000000001,0.0,0.0018653593208178612,1.2108063541730263,策略2 波动率调整动量,建信上海金ETF联接A
2025-03-27,1.6812,0.6000000000000001,0.6000000000000001,0.0,0.0012158779353915517,1.212278546903097,策略2 波动率调整动量,建信上海金ETF联接A
2025-03-28,1.7093,0.6000000000000001,0.6000000000000001,0.0,0.010028551034974999,1.2244359441793198,策略2 波动率调整动量,建信上海金ETF联接A
2025-03-31,1.726,0.6000000000000001,0.6000000000000001,0.0,0.0058620487919030856,1.2316136474266588,策略2 波动率调整动量,建信上海金ETF联接A
2025-04-01,1.7417,0.6000000000000001,0.6000000000000001,0.0,0.00545770567786792,1.238335432223159,策略2 波动率调整动量,建信上海金ETF联接A
2025-04-02,1.7357,0.6000000000000001,0.6000000000000001,0.0,-0.0020669460871562298,1.2357758596469384,策略2 波动率调整动量,建信上海金ETF联接A
2025-04-03,1.7472,0.6000000000000001,0.6000000000000001,0.0,0.003975341360834329,1.2406884905345135,策略2 波动率调整动量,建信上海金ETF联接A
2025-04-07,1.6975,0.6000000000000001,0.6000000000000001,0.0,-0.017067307692307736,1.219513278316256,策略2 波动率调整动量,建信上海金ETF联接A
2025-04-08,1.7021,0.6000000000000001,0.6000000000000001,0.0,0.0016259204712813172,1.2214961099204702,策略2 波动率调整动量,建信上海金ETF联接A
2025-04-09,1.7202,0.6000000000000001,0.6000000000000001,0.0,0.0063803536807473206,1.2292896871214198,策略2 波动率调整动量,建信上海金ETF联接A
2025-04-10,1.7586,0.6000000000000001,0.6000000000000001,0.0,0.013393791419602332,1.2457545367849923,策略2 波动率调整动量,建信上海金ETF联接A
2025-04-11,1.7911,0.6000000000000001,0.6000000000000001,0.0,0.011088365745479402,1.2595679187179547,策略2 波动率调整动量,建信上海金ETF联接A
2025-04-14,1.8041,0.6000000000000001,0.6000000000000001,0.0,0.0043548657249734566,1.2650531678754557,策略2 波动率调整动量,建信上海金ETF联接A
2025-04-15,1.8047,0.6000000000000001,0.6000000000000001,0.0,0.0001995454797405483,1.2653056035167365,策略2 波动率调整动量,建信上海金ETF联接A
2025-04-16,1.8441,0.6000000000000001,0.6000000000000001,0.0,0.013099130049315734,1.2818800061693303,策略2 波动率调整动量,建信上海金ETF联接A
2025-04-17,1.8645,0.6000000000000001,0.6000000000000001,0.0,0.006637384089799882,1.2903883361273114,策略2 波动率调整动量,建信上海金ETF联接A
2025-04-18,1.8685,0.6000000000000001,0.6000000000000001,0.0,0.0012872083668543422,1.2920493347900657,策略2 波动率调整动量,建信上海金ETF联接A
2025-04-21,1.899,0.6000000000000001,0.6000000000000001,0.0,0.009793952368209836,1.3047036044323768,策略2 波动率调整动量,建信上海金ETF联接A
2025-04-22,1.9567,0.6000000000000001,0.6000000000000001,0.0,0.01823064770932077,1.3284891962098646,策略2 波动率调整动量,建信上海金ETF联接A
2025-04-23,1.8648,0.6000000000000001,0.6000000000000001,0.0,-0.028180099146522225,1.291052238945587,策略2 波动率调整动量,建信上海金ETF联接A
2025-04-24,1.8784,0.6000000000000001,0.6000000000000001,0.0,0.004375804375804383,1.2967016309821573,策略2 波动率调整动量,建信上海金ETF联接A
2025-04-25,1.8629,0.6000000000000001,0.6000000000000001,0.0,-0.004951022146507689,1.290281632489752,策略2 波动率调整动量,建信上海金ETF联接A
2025-04-28,1.8456,0.6000000000000001,0.6000000000000001,0.0,-0.005571957700359676,1.283092237811968,策略2 波动率调整动量,建信上海金ETF联接A
2025-04-29,1.8559,0.6000000000000001,0.6000000000000001,0.0,0.0033485045513654394,1.287388678010103,策略2 波动率调整动量,建信上海金ETF联接A
2025-04-30,1.8473,0.6000000000000001,0.6000000000000001,0.0,-0.002780322215636666,1.2838093226684724,策略2 波动率调整动量,建信上海金ETF联接A
2025-05-06,1.8796,0.45,0.45,0.0,0.01049098684566663,1.2972777493849315,策略2 波动率调整动量,建信上海金ETF联接A
2025-05-07,1.8941,0.45,0.45,0.0,0.003471483294317923,1.3017812274200118,策略2 波动率调整动量,建信上海金ETF联接A
2025-05-08,1.868,0.45,0.45,0.0,-0.0062008341692624145,1.2937090979041213,策略2 波动率调整动量,建信上海金ETF联接A
2025-05-09,1.8623,0.45,0.45,0.0,-0.00137312633832975,1.2919326718676523,策略2 波动率调整动量,建信上海金ETF联接A
2025-05-12,1.8185,0.45,0.45,0.0,-0.010583686838855178,1.2782592610517198,策略2 波动率调整动量,建信上海金ETF联接A
2025-05-13,1.8111,0.45,0.45,0.0,-0.0018311795435799084,1.2759185388414902,策略2 波动率调整动量,建信上海金ETF联接A
2025-05-14,1.7997,0.45,0.45,0.0,-0.0028325327149245905,1.272304457838643,策略2 波动率调整动量,建信上海金ETF联接A
2025-05-15,1.745,0.45,0.45,0.0,-0.013677279546591098,1.2549027941004098,策略2 波动率调整动量,建信上海金ETF联接A
2025-05-16,1.7769,0.45,0.45,0.0,0.008226361031518614,1.265226077544141,策略2 波动率调整动量,建信上海金ETF联接A
2025-05-19,1.7862,0.45,0.45,0.0,0.0023552253925375743,1.2682059701292738,策略2 波动率调整动量,建信上海金ETF联接A
2025-05-20,1.7842,0.45,0.45,0.0,-0.0005038629492777835,1.267566968128873,策略2 波动率调整动量,建信上海金ETF联接A
2025-05-21,1.8381,0.45,0.45,0.0,0.01359432799013568,1.2847986892430785,策略2 波动率调整动量,建信上海金ETF联接A
2025-05-22,1.8436,0.45,0.45,0.0,0.001346499102333887,1.2865286695248244,策略2 波动率调整动量,建信上海金ETF联接A
2025-05-23,1.8421,0.45,0.45,0.0,-0.00036613148188323065,1.2860576308765659,策略2 波动率调整动量,建信上海金ETF联接A
2025-05-26,1.8381,0.45,0.45,0.0,-0.0009771456489875764,1.2848009652582075,策略2 波动率调整动量,建信上海金ETF联接A
2025-05-27,1.8238,0.45,0.45,0.0,-0.0035008976660682255,1.2803030085575728,策略2 波动率调整动量,建信上海金ETF联接A
2025-05-28,1.8238,0.45,0.45,0.0,0.0,1.2803030085575728,策略2 波动率调整动量,建信上海金ETF联接A
2025-05-29,1.8066,0.45,0.45,0.0,-0.004243886391051677,1.2748695480431327,策略2 波动率调整动量,建信上海金ETF联接A
2025-05-30,1.8224,0.45,0.45,0.0,0.003935569578213194,1.2798868858526018,策略2 波动率调整动量,建信上海金ETF联接A
2025-06-03,1.85,0.4,0.4,0.0,0.0068151887620720554,1.2886095565737878,策略2 波动率调整动量,建信上海金ETF联接A
2025-06-04,1.8496,0.4,0.4,0.0,-8.648648648650337e-05,1.288498109260787,策略2 波动率调整动量,建信上海金ETF联接A
2025-06-05,1.8516,0.4,0.4,0.0,0.0004325259515570501,1.2890554181315743,策略2 波动率调整动量,建信上海金ETF联接A
2025-06-06,1.8504,0.4,0.4,0.0,-0.00025923525599478306,1.2887212495202633,策略2 波动率调整动量,建信上海金ETF联接A
2025-06-09,1.8297,0.4,0.4,0.0,-0.00447470817120621,1.282954598014628,策略2 波动率调整动量,建信上海金ETF联接A
2025-06-10,1.8326,0.4,0.4,0.0,0.0006339837131769777,1.2837679703345148,策略2 波动率调整动量,建信上海金ETF联接A
2025-06-11,1.838,0.4,0.4,0.0,0.0011786532794936023,1.2852810876628584,策略2 波动率调整动量,建信上海金ETF联接A
2025-06-12,1.8541,0.4,0.4,0.0,0.003503808487486371,1.2897844664466172,策略2 波动率调整动量,建信上海金ETF联接A
2025-06-13,1.8761,0.4,0.4,0.0,0.0047462380669866635,1.2959060905794744,策略2 波动率调整动量,建信上海金ETF联接A
2025-06-16,1.8724,0.4,0.4,0.0,-0.0007888705292895094,1.2948837884558893,策略2 波动率调整动量,建信上海金ETF联接A
2025-06-17,1.855,0.4,0.4,0.0,-0.0037171544541764858,1.2900705054139894,策略2 波动率调整动量,建信上海金ETF联接A
2025-06-18,1.8561,0.4,0.4,0.0,0.00023719676549864845,1.2903765059651386,策略2 波动率调整动量,建信上海金ETF联接A
2025-06-19,1.8476,0.4,0.4,0.0,-0.0018317978557190085,1.2880127970484416,策略2 波动率调整动量,建信上海金ETF联接A
2025-06-20,1.8401,0.4,0.4,0.0,-0.0016237280796708832,1.2859214145028985,策略2 波动率调整动量,建信上海金ETF联接A
2025-06-23,1.846,0.4,0.4,0.0,0.001282538992446103,1.2875706588582199,策略2 波动率调整动量,建信上海金ETF联接A
2025-06-24,1.8262,0.4,0.4,0.0,-0.004290357529794164,1.2820465203868456,策略2 波动率调整动量,建信上海金ETF联接A
2025-06-25,1.8292,0.4,0.4,0.0,0.0006571021793888576,1.2828889559494698,策略2 波动率调整动量,建信上海金ETF联接A
2025-06-26,1.8313,0.4,0.4,0.0,0.00045921714410672725,1.283478080552027,策略2 波动率调整动量,建信上海金ETF联接A
2025-06-27,1.8123,0.4,0.4,0.0,-0.004150057336318458,1.278151572927828,策略2 波动率调整动量,建信上海金ETF联接A
2025-06-30,1.8095,0.4,0.4,0.0,-0.0006179992275009649,1.2773616762431295,策略2 波动率调整动量,建信上海金ETF联接A
2025-07-01,1.8288,0.35000000000000003,0.35000000000000003,0.0,0.004266371925946366,1.282811376237933,策略2 波动率调整动量,建信上海金ETF联接A
2025-07-02,1.8301,0.35000000000000003,0.35000000000000003,0.0,0.0002487970253718497,1.2831305358924543,策略2 波动率调整动量,建信上海金ETF联接A
2025-07-03,1.8425,0.35000000000000003,0.35000000000000003,0.0,0.0023714551117425377,1.2861734223608294,策略2 波动率调整动量,建信上海金ETF联接A
2025-07-04,1.8327,0.35000000000000003,0.35000000000000003,0.0,-0.0018616010854817068,1.283779080521645,策略2 波动率调整动量,建信上海金ETF联接A
2025-07-07,1.8199,0.35000000000000003,0.35000000000000003,0.0,-0.0024444808206471273,1.2806409071813616,策略2 波动率调整动量,建信上海金ETF联接A
2025-07-08,1.8313,0.35000000000000003,0.35000000000000003,0.0,0.0021924281553931447,1.2834486203632143,策略2 波动率调整动量,建信上海金ETF联接A
2025-07-09,1.8103,0.35000000000000003,0.35000000000000003,0.0,-0.004013542292360606,1.2782974450453146,策略2 波动率调整动量,建信上海金ETF联接A
2025-07-10,1.8243,0.35000000000000003,0.35000000000000003,0.0,0.0027067336905485352,1.281757455806361,策略2 波动率调整动量,建信上海金ETF联接A
2025-07-11,1.826,0.35000000000000003,0.35000000000000003,0.0,0.0003261524968481089,1.2821755042009257,策略2 波动率调整动量,建信上海金ETF联接A
2025-07-14,1.8415,0.35000000000000003,0.35000000000000003,0.0,0.002970974808324201,1.285984815323757,策略2 波动率调整动量,建信上海金ETF联接A
2025-07-15,1.8398,0.35000000000000003,0.35000000000000003,0.0,-0.00032310616345366253,1.285569305703818,策略2 波动率调整动量,建信上海金ETF联接A
2025-07-16,1.8317,0.35000000000000003,0.35000000000000003,0.0,-0.0015409283617784542,1.2835883354996271,策略2 波动率调整动量,建信上海金ETF联接A
2025-07-17,1.8308,0.35000000000000003,0.35000000000000003,0.0,-0.00017197139269533592,1.283367595025924,策略2 波动率调整动量,建信上海金ETF联接A
2025-07-18,1.8321,0.35000000000000003,0.35000000000000003,0.0,0.0002485252348700451,1.2836865442589023,策略2 波动率调整动量,建信上海金ETF联接A
2025-07-21,1.8434,0.35000000000000003,0.35000000000000003,0.0,0.002158724960427894,1.2864576704433592,策略2 波动率调整动量,建信上海金ETF联接A
2025-07-22,1.8513,0.35000000000000003,0.35000000000000003,0.0,0.0014999457524140004,1.2883872871618012,策略2 波动率调整动量,建信上海金ETF联接A
2025-07-23,1.8692,0.35000000000000003,0.35000000000000003,0.0,0.003384108464322411,1.292747329485611,策略2 波动率调整动量,建信上海金ETF联接A
2025-07-24,1.8376,0.35000000000000003,0.35000000000000003,0.0,-0.005916969826663821,1.2850981825435446,策略2 波动率调整动量,建信上海金ETF联接A
2025-07-25,1.8332,0.35000000000000003,0.35000000000000003,0.0,-0.0008380496299521035,1.2840212064872119,策略2 波动率调整动量,建信上海金ETF联接A
2025-07-28,1.8281,0.35000000000000003,0.35000000000000003,0.0,-0.000973707178703881,1.2827709458208472,策略2 波动率调整动量,建信上海金ETF联接A
2025-07-29,1.8203,0.35000000000000003,0.35000000000000003,0.0,-0.001493353755265048,1.2808553150117608,策略2 波动率调整动量,建信上海金ETF联接A
2025-07-30,1.8248,0.35000000000000003,0.35000000000000003,0.0,0.000865241993078092,1.2819635648173664,策略2 波动率调整动量,建信上海金ETF联接A
2025-07-31,1.8174,0.35000000000000003,0.35000000000000003,0.0,-0.001419333625602831,1.2801440308230234,策略2 波动率调整动量,建信上海金ETF联接A
2025-08-01,1.8184,0.55,0.55,0.002955665024630516,-0.002763082214021895,1.2766068876200698,策略2 波动率调整动量,建信上海金ETF联接A
2025-08-04,1.842,0.55,0.55,0.0,0.007138143422789235,1.2857194906784226,策略2 波动率调整动量,建信上海金ETF联接A
2025-08-05,1.8463,0.55,0.55,0.0,0.0012839305103149125,1.2873702651602112,策略2 波动率调整动量,建信上海金ETF联接A
2025-08-06,1.8489,0.55,0.55,0.0,0.0007745220170069845,1.2883673617746179,策略2 波动率调整动量,建信上海金ETF联接A
2025-08-07,1.8518,0.55,0.55,0.0,0.0008626751041159731,1.2894788042225764,策略2 波动率调整动量,建信上海金ETF联接A
2025-08-08,1.8579,0.55,0.55,0.0,0.0018117507290205228,1.2918150183861832,策略2 波动率调整动量,建信上海金ETF联接A
2025-08-11,1.8401,0.55,0.55,0.0,-0.00526939017169924,1.2850079410246458,策略2 波动率调整动量,建信上海金ETF联接A
2025-08-12,1.8316,0.55,0.55,0.0,-0.002540622792239583,1.2817432205614698,策略2 波动率调整动量,建信上海金ETF联接A
2025-08-13,1.8345,0.55,0.55,0.0,0.0008708233238698183,1.2828593924531468,策略2 波动率调整动量,建信上海金ETF联接A
2025-08-14,1.8378,0.55,0.55,0.0,0.0009893704006540994,1.2841286155642408,策略2 波动率调整动量,建信上海金ETF联接A
2025-08-15,1.8309,0.55,0.55,0.0,-0.00206496898465563,1.281476929800792,策略2 波动率调整动量,建信上海金ETF联接A
2025-08-18,1.8346,0.55,0.55,0.0,0.0011114752307607946,1.2829012596670568,策略2 波动率调整动量,建信上海金ETF联接A
2025-08-19,1.8291,0.55,0.55,0.0,-0.0016488607870925654,1.2807859340862802,策略2 波动率调整动量,建信上海金ETF联接A
2025-08-20,1.8234,0.55,0.55,0.0,-0.0017139576841069483,1.2785907211928569,策略2 波动率调整动量,建信上海金ETF联接A
2025-08-21,1.829,0.55,0.55,0.0,0.0016891521333772586,1.2807504554372764,策略2 波动率调整动量,建信上海金ETF联接A
2025-08-22,1.826,0.55,0.55,0.0,-0.0009021323127391679,1.279595049066871,策略2 波动率调整动量,建信上海金ETF联接A
2025-08-25,1.8383,0.55,0.55,0.0,0.0037048192771083955,1.2843357174715462,策略2 波动率调整动量,建信上海金ETF联接A
2025-08-26,1.8429,0.55,0.55,0.0,0.0013762715552412708,1.2861033121868828,策略2 波动率调整动量,建信上海金ETF联接A
2025-08-27,1.8441,0.55,0.55,0.0,0.00035813120625101115,1.2865639059174396,策略2 波动率调整动量,建信上海金ETF联接A
2025-08-28,1.8487,0.55,0.55,0.0,0.001371942953202121,1.2883289982020074,策略2 波动率调整动量,建信上海金ETF联接A
2025-08-29,1.8529,0.55,0.55,0.0,0.0012495266944339445,1.2899387996764742,策略2 波动率调整动量,建信上海金ETF联接A
2025-09-01,1.8828,0.6000000000000001,0.6000000000000001,0.0007389162561576297,0.00813636033729045,1.300434206563694,策略2 波动率调整动量,建信上海金ETF联接A
2025-09-02,1.8955,0.6000000000000001,0.6000000000000001,0.0,0.004047163798597753,1.3056972768069568,策略2 波动率调整动量,建信上海金ETF联接A
2025-09-03,1.9205,0.6000000000000001,0.6000000000000001,0.0,0.007913479293062587,1.316029885169977,策略2 波动率调整动量,建信上海金ETF联接A
2025-09-04,1.9173,0.6000000000000001,0.6000000000000001,0.0,-0.0009997396511325586,1.3147141979116972,策略2 波动率调整动量,建信上海金ETF联接A
2025-09-05,1.9239,0.6000000000000001,0.6000000000000001,0.0,0.0020654044750429983,1.3174296144994666,策略2 波动率调整动量,建信上海金ETF联接A
2025-09-08,1.9414,0.6000000000000001,0.6000000000000001,0.0,0.005457664119756701,1.3246197028368254,策略2 波动率调整动量,建信上海金ETF联接A
2025-09-09,1.9684,0.6000000000000001,0.6000000000000001,0.0,0.008344493664365961,1.3356729835548418,策略2 波动率调整动量,建信上海金ETF联接A
2025-09-10,1.9658,0.6000000000000001,0.6000000000000001,0.0,-0.0007925218451534156,1.3346144335373933,策略2 波动率调整动量,建信上海金ETF联接A
2025-09-11,1.9613,0.6000000000000001,0.6000000000000001,0.0,-0.0013734866212229194,1.3327813584684385,策略2 波动率调整动量,建信上海金ETF联接A
2025-09-12,1.9683,0.6000000000000001,0.6000000000000001,0.0,0.002141436802121044,1.3356354255186438,策略2 波动率调整动量,建信上海金ETF联接A
2025-09-15,1.9628,0.6000000000000001,0.6000000000000001,0.0,-0.0016765736930345334,1.3333961343007343,策略2 波动率调整动量,建信上海金ETF联接A
2025-09-16,1.9851,0.6000000000000001,0.6000000000000001,0.0,0.006816792337477119,1.342485618851857,策略2 波动率调整动量,建信上海金ETF联接A
2025-09-17,1.9725,0.6000000000000001,0.6000000000000001,0.0,-0.003808372374187719,1.3373729337082774,策略2 波动率调整动量,建信上海金ETF联接A
2025-09-18,1.9494,0.6000000000000001,0.6000000000000001,0.0,-0.007026615969581741,1.3279757276949962,策略2 波动率调整动量,建信上海金ETF联接A
2025-09-19,1.9559,0.6000000000000001,0.6000000000000001,0.0,0.002000615574022735,1.330632496617747,策略2 波动率调整动量,建信上海金ETF联接A
2025-09-22,1.9905,0.6000000000000001,0.6000000000000001,0.0,0.010614039572575342,1.3447558825934025,策略2 波动率调整动量,建信上海金ETF联接A
2025-09-23,2.0128,0.6000000000000001,0.6000000000000001,0.0,0.00672192916352672,1.3537952363784314,策略2 波动率调整动量,建信上海金ETF联接A
2025-09-24,2.0255,0.6000000000000001,0.6000000000000001,0.0,0.0037857710651829197,1.3589203952124953,策略2 波动率调整动量,建信上海金ETF联接A
2025-09-25,2.0148,0.6000000000000001,0.6000000000000001,0.0,-0.00316958775610956,1.3546131777663024,策略2 波动率调整动量,建信上海金ETF联接A
2025-09-26,2.0187,0.6000000000000001,0.6000000000000001,0.0,0.0011614055985704754,1.3561864330948574,策略2 波动率调整动量,建信上海金ETF联接A
2025-09-29,2.041,0.6000000000000001,0.6000000000000001,0.0,0.006628027938772486,1.3651752746635946,策略2 波动率调整动量,建信上海金ETF联接A
2025-09-30,2.0646,0.6000000000000001,0.6000000000000001,0.0,0.006937775600195951,1.3746465543741466,策略2 波动率调整动量,建信上海金ETF联接A
2025-10-09,2.1555,0.6000000000000001,0.6000000000000001,0.0,0.026416739319965115,1.4109602340581364,策略2 波动率调整动量,建信上海金ETF联接A
2025-10-10,2.1277,0.6000000000000001,0.6000000000000001,0.0,-0.007738343771746738,1.4000417387187303,策略2 波动率调整动量,建信上海金ETF联接A
2025-10-13,2.1857,0.6000000000000001,0.6000000000000001,0.0,0.016355689241904517,1.4229403863229095,策略2 波动率调整动量,建信上海金ETF联接A
2025-10-14,2.2141,0.6000000000000001,0.6000000000000001,0.0,0.007796129386466523,1.4340338136839117,策略2 波动率调整动量,建信上海金ETF联接A
2025-10-15,2.2611,0.6000000000000001,0.6000000000000001,0.0,0.012736552097917821,1.4522984600620727,策略2 波动率调整动量,建信上海金ETF联接A
2025-10-16,2.2835,0.6000000000000001,0.6000000000000001,0.0,0.005944009552872532,1.4609309359823035,策略2 波动率调整动量,建信上海金ETF联接A
2025-10-17,2.3524,0.6000000000000001,0.6000000000000001,0.0,0.018103788044668216,1.4873793199952259,策略2 波动率调整动量,建信上海金ETF联接A
2025-10-20,2.2954,0.6000000000000001,0.6000000000000001,0.0,-0.014538343819078394,1.4657552880517482,策略2 波动率调整动量,建信上海金ETF联接A
2025-10-21,2.3395,0.6000000000000001,0.6000000000000001,0.0,0.011527402631349706,1.4826516394161506,策略2 波动率调整动量,建信上海金ETF联接A
2025-10-22,2.2456,0.6000000000000001,0.6000000000000001,0.0,-0.024082068818123564,1.4469463206024271,策略2 波动率调整动量,建信上海金ETF联接A
2025-10-23,2.2235,0.6000000000000001,0.6000000000000001,0.0,-0.0059048806555040976,1.438402275264349,策略2 波动率调整动量,建信上海金ETF联接A
2025-10-24,2.215,0.6000000000000001,0.6000000000000001,0.0,-0.002293681133348358,1.4351030391034096,策略2 波动率调整动量,建信上海金ETF联接A
2025-10-27,2.2042,0.6000000000000001,0.6000000000000001,0.0,-0.002925507900677094,1.4309046338242268,策略2 波动率调整动量,建信上海金ETF联接A
2025-10-28,2.1267,0.6000000000000001,0.6000000000000001,0.0,-0.021096089284094035,1.4007181419120471,策略2 波动率调整动量,建信上海金ETF联接A
2025-10-29,2.1464,0.6000000000000001,0.6000000000000001,0.0,0.005557906615883735,1.4085032025399684,策略2 波动率调整动量,建信上海金ETF联接A
2025-10-30,2.148,0.6000000000000001,0.6000000000000001,0.0,0.0004472605292584309,1.4091331704277985,策略2 波动率调整动量,建信上海金ETF联接A
2025-10-31,2.1748,0.6000000000000001,0.6000000000000001,0.0,0.007486033519553016,1.419681988575135,策略2 波动率调整动量,建信上海金ETF联接A
2025-11-03,2.1725,0.4,0.4,0.0,-0.0006345411072282482,1.4187811419941927,策略2 波动率调整动量,建信上海金ETF联接A
2025-11-04,2.1595,0.4,0.4,0.0,-0.0023935558112773148,1.4153852101468418,策略2 波动率调整动量,建信上海金ETF联接A
2025-11-05,2.1516,0.4,0.4,0.0,-0.0014633016902060093,1.4133140745765411,策略2 波动率调整动量,建信上海金ETF联接A
2025-11-06,2.1656,0.4,0.4,0.0,0.002602714259155903,1.4169925272711072,策略2 波动率调整动量,建信上海金ETF联接A
2025-11-07,2.1725,0.4,0.4,0.0,0.0012744735869966385,1.418798446820086,策略2 波动率调整动量,建信上海金ETF联接A
2025-11-10,2.2059,0.4,0.4,0.0,0.006149597238204851,1.4275234858302202,策略2 波动率调整动量,建信上海金ETF联接A
2025-11-11,2.2369,0.4,0.4,0.0,0.005621288363026356,1.4355480069890645,策略2 波动率调整动量,建信上海金ETF联接A
2025-11-12,2.2297,0.4,0.4,0.0,-0.0012874960883365373,1.4336997445454467,策略2 波动率调整动量,建信上海金ETF联接A
2025-11-13,2.2641,0.4,0.4,0.0,0.006171233798268894,1.442547440865555,策略2 波动率调整动量,建信上海金ETF联接A
2025-11-14,2.2477,0.4,0.4,0.0,-0.0028973985248001545,1.4383678060384368,策略2 波动率调整动量,建信上海金ETF联接A
2025-11-17,2.1941,0.4,0.4,0.0,-0.009538639498153634,1.4246477340708863,策略2 波动率调整动量,建信上海金ETF联接A
2025-11-18,2.1691,0.4,0.4,0.0,-0.004557677407593142,1.4181546492795327,策略2 波动率调整动量,建信上海金ETF联接A
2025-11-19,2.211,0.4,0.4,0.0,0.00772670692914117,1.4291123146347144,策略2 波动率调整动量,建信上海金ETF联接A
2025-11-20,2.2002,0.4,0.4,0.0,-0.00195386702849385,1.4263200192031353,策略2 波动率调整动量,建信上海金ETF联接A
2025-11-21,2.1817,0.4,0.4,0.0,-0.0033633306063085124,1.4215228334281587,策略2 波动率调整动量,建信上海金ETF联接A
2025-11-24,2.189,0.4,0.4,0.0,0.0013384058303158143,1.423425407876346,策略2 波动率调整动量,建信上海金ETF联接A
2025-11-25,2.2262,0.4,0.4,0.0,0.006797624486066667,1.4331013192830155,策略2 波动率调整动量,建信上海金ETF联接A
2025-11-26,2.2263,0.4,0.4,0.0,1.7967837570775915e-05,1.4331270690147426,策略2 波动率调整动量,建信上海金ETF联接A
2025-11-27,2.2265,0.4,0.4,0.0,3.593406099806629e-05,1.4331785670902586,策略2 波动率调整动量,建信上海金ETF联接A
2025-11-28,2.2403,0.4,0.4,0.0,0.0024792274870873324,1.4367317427876931,策略2 波动率调整动量,建信上海金ETF联接A
2025-12-01,2.2628,0.35000000000000003,0.35000000000000003,0.0,0.004017319109047879,1.4425035526725698,策略2 波动率调整动量,建信上海金ETF联接A
2025-12-02,2.2534,0.35000000000000003,0.35000000000000003,0.0,-0.0014539508573448436,1.4404062233954382,策略2 波动率调整动量,建信上海金ETF联接A
2025-12-03,2.2481,0.35000000000000003,0.35000000000000003,0.0,-0.0008232004970267438,1.4392204802764188,策略2 波动率调整动量,建信上海金ETF联接A
2025-12-04,2.2414,0.35000000000000003,0.35000000000000003,0.0,-0.0010431030648102913,1.4377192249825048,策略2 波动率调整动量,建信上海金ETF联接A
2025-12-05,2.2574,0.35000000000000003,0.35000000000000003,0.0,0.002498438475952514,1.4413112780118178,策略2 波动率调整动量,建信上海金ETF联接A
2025-12-08,2.2519,0.35000000000000003,0.35000000000000003,0.0,-0.0008527509524231592,1.440082198446755,策略2 波动率调整动量,建信上海金ETF联接A
2025-12-09,2.2372,0.35000000000000003,0.35000000000000003,0.0,-0.002284737332918863,1.4367919888854916,策略2 波动率调整动量,建信上海金ETF联接A
2025-12-10,2.2472,0.35000000000000003,0.35000000000000003,0.0,0.0015644555694618201,1.4390397861146618,策略2 波动率调整动量,建信上海金ETF联接A
2025-12-11,2.2509,0.35000000000000003,0.35000000000000003,0.0,0.0005762726949092967,1.4398690654502877,策略2 波动率调整动量,建信上海金ETF联接A
2025-12-12,2.2788,0.35000000000000003,0.35000000000000003,0.0,0.004338264694122318,1.4461155985810896,策略2 波动率调整动量,建信上海金ETF联接A
2025-12-15,2.3088,0.35000000000000003,0.35000000000000003,0.0,0.004607688256977383,1.4527788484429034,策略2 波动率调整动量,建信上海金ETF联接A
2025-12-16,2.2831,0.35000000000000003,0.35000000000000003,0.0,-0.003895963270963271,1.4471188754085376,策略2 波动率调整动量,建信上海金ETF联接A
2025-12-17,2.2998,0.35000000000000003,0.35000000000000003,0.0,0.0025601156322543673,1.450823667063201,策略2 波动率调整动量,建信上海金ETF联接A
2025-12-18,2.3019,0.35000000000000003,0.35000000000000003,0.0,0.0003195930080876264,1.4512873401631625,策略2 波动率调整动量,建信上海金ETF联接A
2025-12-19,2.3013,0.35000000000000003,0.35000000000000003,0.0,-9.122898475170116e-05,1.4511549406925366,策略2 波动率调整动量,建信上海金ETF联接A
2025-12-22,2.3443,0.35000000000000003,0.35000000000000003,0.0,0.006539781862425576,1.4606451774532467,策略2 波动率调整动量,建信上海金ETF联接A
2025-12-23,2.3777,0.35000000000000003,0.35000000000000003,0.0,0.0049865631531800575,1.4679287768750051,策略2 波动率调整动量,建信上海金ETF联接A
2025-12-24,2.3816,0.35000000000000003,0.35000000000000003,0.0,0.0005740841990159118,1.4687714915910897,策略2 波动率调整动量,建信上海金ETF联接A
2025-12-25,2.3671,0.35000000000000003,0.35000000000000003,0.0,-0.002130920389654001,1.4656416564719157,策略2 波动率调整动量,建信上海金ETF联接A
2025-12-26,2.3839,0.35000000000000003,0.35000000000000003,0.0,0.002484052215791455,1.469282386876231,策略2 波动率调整动量,建信上海金ETF联接A
2025-12-29,2.3657,0.35000000000000003,0.35000000000000003,0.0,-0.002672091950165745,1.465356329237739,策略2 波动率调整动量,建信上海金ETF联接A
2025-12-30,2.3166,0.35000000000000003,0.35000000000000003,0.0,-0.007264234687407485,1.454711636961478,策略2 波动率调整动量,建信上海金ETF联接A
2025-12-31,2.2994,0.35000000000000003,0.35000000000000003,0.0,-0.0025986359319692958,1.4509313710310163,策略2 波动率调整动量,建信上海金ETF联接A
2026-01-05,2.3434,0.35000000000000003,0.35000000000000003,0.0,0.006697399321562181,1.4606488378109928,策略2 波动率调整动量,建信上海金ETF联接A
2026-01-06,2.3666,0.35000000000000003,0.35000000000000003,0.0,0.0034650507809166013,1.4657100602070947,策略2 波动率调整动量,建信上海金ETF联接A
2026-01-07,2.3544,0.35000000000000003,0.35000000000000003,0.0,-0.0018042761767937234,1.4630655144633762,策略2 波动率调整动量,建信上海金ETF联接A
2026-01-08,2.3509,0.35000000000000003,0.35000000000000003,0.0,-0.0005203024125042144,1.4623042779465492,策略2 波动率调整动量,建信上海金ETF联接A
2026-01-09,2.3684,0.35000000000000003,0.35000000000000003,0.0,0.0026053851716363765,1.4661141438287315,策略2 波动率调整动量,建信上海金ETF联接A
2026-01-12,2.4138,0.35000000000000003,0.35000000000000003,0.0,0.006709170748184502,1.4759505539560067,策略2 波动率调整动量,建信上海金ETF联接A
2026-01-13,2.4186,0.35000000000000003,0.35000000000000003,0.0,0.0006959980114342291,1.4769778126065356,策略2 波动率调整动量,建信上海金ETF联接A
2026-01-14,2.4474,0.35000000000000003,0.35000000000000003,0.0,0.004167700322500578,1.483133413512462,策略2 波动率调整动量,建信上海金ETF联接A
2026-01-15,2.4367,0.35000000000000003,0.35000000000000003,0.0,-0.0015301953093078415,1.4808639297200274,策略2 波动率调整动量,建信上海金ETF联接A
2026-01-16,2.436,0.35000000000000003,0.35000000000000003,0.0,-0.0001005458201666587,1.4807150350416587,策略2 波动率调整动量,建信上海金ETF联接A
2026-01-19,2.4683,0.35000000000000003,0.35000000000000003,0.0,0.004640804597701176,1.487586744184165,策略2 波动率调整动量,建信上海金ETF联接A
2026-01-20,2.4876,0.35000000000000003,0.35000000000000003,0.0,0.0027367013734149073,1.4916578248700476,策略2 波动率调整动量,建信上海金ETF联接A
2026-01-21,2.565,0.35000000000000003,0.35000000000000003,0.0,0.010890014471780052,1.5079020001698265,策略2 波动率调整动量,建信上海金ETF联接A
2026-01-22,2.5534,0.35000000000000003,0.35000000000000003,0.0,-0.0015828460038986526,1.5055152235145868,策略2 波动率调整动量,建信上海金ETF联接A
2026-01-23,2.6161,0.35000000000000003,0.35000000000000003,0.0,0.008594423122111727,1.5184542583622518,策略2 波动率调整动量,建信上海金ETF联接A
2026-01-26,2.6885,0.35000000000000003,0.35000000000000003,0.0,0.009686174075914556,1.5331622706350625,策略2 波动率调整动量,建信上海金ETF联接A
2026-01-27,2.6934,0.35000000000000003,0.35000000000000003,0.0,0.0006379021759345904,1.5341402781835616,策略2 波动率调整动量,建信上海金ETF联接A
2026-01-28,2.7771,0.35000000000000003,0.35000000000000003,0.0,0.010876587213187761,1.550826488716489,策略2 波动率调整动量,建信上海金ETF联接A
2026-01-29,2.9311,0.35000000000000003,0.35000000000000003,0.0,0.01940873573151849,1.5809260702014263,策略2 波动率调整动量,建信上海金ETF联接A
2026-01-30,2.7363,0.35000000000000003,0.35000000000000003,0.0,-0.02326089181535941,1.5441523199143896,策略2 波动率调整动量,建信上海金ETF联接A
2026-02-02,2.3924,0.30000000000000004,0.3,0.0,-0.04398823228447175,1.4762277889833895,策略2 波动率调整动量,建信上海金ETF联接A
2026-02-03,2.5756,0.30000000000000004,0.3,0.0,0.02297274703226886,1.5101407965417104,策略2 波动率调整动量,建信上海金ETF联接A
2026-02-04,2.6879,0.30000000000000004,0.3,0.0,0.013080447274421458,1.529894113607827,策略2 波动率调整动量,建信上海金ETF联接A
2026-02-05,2.6081,0.30000000000000004,0.3,0.0,-0.008906581346032238,1.516267987234163,策略2 波动率调整动量,建信上海金ETF联接A
2026-02-06,2.5688,0.30000000000000004,0.3,0.0,-0.004520532188182957,1.5094136489919596,策略2 波动率调整动量,建信上海金ETF联接A
2026-02-09,2.6574,0.30000000000000004,0.3,0.0,0.01034724384926815,1.525031920087493,策略2 波动率调整动量,建信上海金ETF联接A
2026-02-10,2.6453,0.30000000000000004,0.3,0.0,-0.0013659968390155486,1.5229487313052559,策略2 波动率调整动量,建信上海金ETF联接A
2026-02-11,2.6624,0.30000000000000004,0.3,0.0,0.001939288549502871,1.525902168341356,策略2 波动率调整动量,建信上海金ETF联接A
2026-02-12,2.6575,0.30000000000000004,0.3,0.0,-0.0005521334134614975,1.5250596667685414,策略2 波动率调整动量,建信上海金ETF联接A
2026-02-13,2.6138,0.30000000000000004,0.3,0.0,-0.004933207902163728,1.5175362303691677,策略2 波动率调整动量,建信上海金ETF联接A
2026-02-24,2.7107,0.30000000000000004,0.3,0.0,0.011121738465070008,1.5344138714346016,策略2 波动率调整动量,建信上海金ETF联接A
2026-02-25,2.7119,0.30000000000000004,0.3,0.0,0.00013280702401594625,1.5346176523744754,策略2 波动率调整动量,建信上海金ETF联接A
2026-02-26,2.7027,0.30000000000000004,0.3,0.0,-0.001017736642206568,1.5330558157578769,策略2 波动率调整动量,建信上海金ETF联接A
2026-02-27,2.7063,0.30000000000000004,0.3,0.0,0.00039960039960038605,1.5336684254744632,策略2 波动率调整动量,建信上海金ETF联接A
2026-03-02,2.8178,0.25,0.25000000000000006,0.0,0.012360048775080346,1.5526246420181282,策略2 波动率调整动量,建信上海金ETF联接A
2026-03-03,2.7916,0.25,0.25000000000000006,0.0,-0.00232450848179433,1.5490155528687144,策略2 波动率调整动量,建信上海金ETF联接A
2026-03-04,2.7215,0.25,0.25000000000000006,0.0,-0.006277761856999577,1.539291202115016,策略2 波动率调整动量,建信上海金ETF联接A
2026-03-05,2.7158,0.25,0.25000000000000006,0.0,-0.0005236083042439444,1.5384852164589389,策略2 波动率调整动量,建信上海金ETF联接A
2026-03-06,2.6953,0.25,0.25000000000000006,0.0,-0.001887105088739988,1.535581933178008,策略2 波动率调整动量,建信上海金ETF联接A
2026-03-09,2.6906,0.25,0.25000000000000006,0.0,-0.00043594405075503284,1.534912505369792,策略2 波动率调整动量,建信上海金ETF联接A
2026-03-10,2.7134,0.25,0.25000000000000006,0.0,0.0021184865829183,1.5381641969183715,策略2 波动率调整动量,建信上海金ETF联接A
2026-03-11,2.7188,0.25,0.25000000000000006,0.0,0.0004975307731996393,1.538929480940572,策略2 波动率调整动量,建信上海金ETF联接A
2026-03-12,2.7097,0.25,0.25000000000000006,0.0,-0.0008367662203913053,1.5376417567353566,策略2 波动率调整动量,建信上海金ETF联接A
2026-03-13,2.6766,0.25,0.25000000000000006,0.0,-0.003053843598922413,1.5329460392991145,策略2 波动率调整动量,建信上海金ETF联接A
2026-03-16,2.6418,0.25,0.25000000000000006,0.0,-0.0032503922887245082,1.527963363313946,策略2 波动率调整动量,建信上海金ETF联接A
2026-03-17,2.6362,0.25,0.25000000000000006,0.0,-0.0005299417064122681,1.527153631801856,策略2 波动率调整动量,建信上海金ETF联接A
2026-03-18,2.6301,0.25,0.25000000000000006,0.0,-0.0005784841817768062,1.5262701975827153,策略2 波动率调整动量,建信上海金ETF联接A
2026-03-19,2.5136,0.25,0.25000000000000006,0.0,-0.011073723432569129,1.5093687035313117,策略2 波动率调整动量,建信上海金ETF联接A
2026-03-20,2.457,0.25,0.25000000000000006,0.0,-0.005629376193507314,1.5008718992844274,策略2 波动率调整动量,建信上海金ETF联接A
2026-03-23,2.2285,0.25,0.25000000000000006,0.0,-0.023249898249898236,1.465976780339933,策略2 波动率调整动量,建信上海金ETF联接A
2026-03-24,2.3122,0.25,0.25000000000000006,0.0,0.0093897240296163,1.4797418977411505,策略2 波动率调整动量,建信上海金ETF联接A
2026-03-25,2.3986,0.25,0.25000000000000006,0.0,0.009341752443560282,1.4935652802302126,策略2 波动率调整动量,建信上海金ETF联接A
2026-03-26,2.35,0.25,0.25000000000000006,0.0,-0.005065454848661722,1.4859996927396777,策略2 波动率调整动量,建信上海金ETF联接A
2026-03-27,2.3547,0.25,0.25000000000000006,0.0,0.000499999999999945,1.4867426925860474,策略2 波动率调整动量,建信上海金ETF联接A
2026-03-30,2.3915,0.25,0.25000000000000006,0.0,0.00390707945810509,1.492551514419738,策略2 波动率调整动量,建信上海金ETF联接A
2026-03-31,2.4061,0.25,0.25000000000000006,0.0,0.0015262387622830835,1.49482950439575,策略2 波动率调整动量,建信上海金ETF联接A
2026-04-01,2.478,0.2,0.2,0.0,0.007470595569594009,1.5059967710685873,策略2 波动率调整动量,建信上海金ETF联接A
2026-04-02,2.4182,0.2,0.2,0.0,-0.004826472962066198,1.4987281183720658,策略2 波动率调整动量,建信上海金ETF联接A
2026-04-03,2.4411,0.2,0.2,0.0,0.0018939707220246406,1.5015666655485376,策略2 波动率调整动量,建信上海金ETF联接A
2026-04-07,2.4385,0.2,0.2,0.0,-0.00021301872106838093,1.5012468037378435,策略2 波动率调整动量,建信上海金ETF联接A
2026-04-08,2.5033,0.2,0.2,0.0,0.005314742669673978,1.5092255441833808,策略2 波动率调整动量,建信上海金ETF联接A
2026-04-09,2.4568,0.2,0.2,0.0,-0.0037150960731833884,1.503618626290637,策略2 波动率调整动量,建信上海金ETF联接A
2026-04-10,2.4731,0.2,0.2,0.0,0.0013269293389775339,1.505613821960495,策略2 波动率调整动量,建信上海金ETF联接A
2026-04-13,2.463,0.2,0.2,0.0,-0.0008167886458291251,1.5043840536857145,策略2 波动率调整动量,建信上海金ETF联接A
2026-04-14,2.4831,0.2,0.2,0.0,0.001632155907429933,1.5068394430059808,策略2 波动率调整动量,建信上海金ETF联接A
2026-04-15,2.4958,0.2,0.2,0.0,0.001022914904756167,1.5083808115313064,策略2 波动率调整动量,建信上海金ETF联接A
2026-04-16,2.5028,0.2,0.2,0.0,0.0005609423832038107,1.5092269262585056,策略2 波动率调整动量,建信上海金ETF联接A
2026-04-17,2.4857,0.2,0.2,0.0,-0.0013664695540994256,1.5071646136135461,策略2 波动率调整动量,建信上海金ETF联接A
2026-04-20,2.4887,0.2,0.2,0.0,0.00024138069759023218,1.5075284140593637,策略2 波动率调整动量,建信上海金ETF联接A
2026-04-21,2.4814,0.2,0.2,0.0,-0.0005866516655282039,1.5066440200044247,策略2 波动率调整动量,建信上海金ETF联接A
2026-04-22,2.4793,0.2,0.2,0.0,-0.000169259289110979,1.5063890065086554,策略2 波动率调整动量,建信上海金ETF联接A
2026-04-23,2.4559,0.2,0.2,0.0,-0.001887629572863281,1.5035455020717337,策略2 波动率调整动量,建信上海金ETF联接A
2026-04-24,2.4377,0.2,0.2,0.0,-0.0014821450384787883,1.5013170295657108,策略2 波动率调整动量,建信上海金ETF联接A
2026-04-27,2.4533,0.2,0.2,0.0,0.00127989498297576,1.503238557699708,策略2 波动率调整动量,建信上海金ETF联接A
2026-04-28,2.4167,0.2,0.2,0.0,-0.0029837361920678207,1.4987532904097878,策略2 波动率调整动量,建信上海金ETF联接A
2026-04-29,2.3898,0.2,0.2,0.0,-0.0022261761906732236,1.4954168015189844,策略2 波动率调整动量,建信上海金ETF联接A
2026-04-30,2.395,0.2,0.2,0.0,0.0004351828604904018,1.4960675812802948,策略2 波动率调整动量,建信上海金ETF联接A
2026-05-06,2.4257,0.25,0.25,0.0007389162561576288,0.0018247580653455002,1.498797542665538,策略2 波动率调整动量,建信上海金ETF联接A
2026-05-07,2.4549,0.25,0.25,0.0,0.003009440573854938,1.5033080848024298,策略2 波动率调整动量,建信上海金ETF联接A
2026-05-08,2.4493,0.25,0.25,0.0,-0.0005702879954376794,1.5024507662482225,策略2 波动率调整动量,建信上海金ETF联接A
2026-05-11,2.4245,0.25,0.25,0.0,-0.0025313354836075663,1.498647559311245,策略2 波动率调整动量,建信上海金ETF联接A
2026-05-12,2.4332,0.25,0.25,0.0,0.0008970921839554502,1.499991984323207,策略2 波动率调整动量,建信上海金ETF联接A
2026-05-13,2.433,0.25,0.25,0.0,-2.0549071181985568e-05,1.4999611608811487,策略2 波动率调整动量,建信上海金ETF联接A
2026-05-14,2.4286,0.25,0.25,0.0,-0.00045211672831893535,1.4992830033484859,策略2 波动率调整动量,建信上海金ETF联接A
2026-05-15,2.3724,0.25,0.25,0.0,-0.00578522605616405,1.4906093122519504,策略2 波动率调整动量,建信上海金ETF联接A
2026-05-18,2.3602,0.25,0.25,0.0,-0.0012856179396391887,1.488692958179126,策略2 波动率调整动量,建信上海金ETF联接A
2026-05-19,2.3596,0.25,0.25,0.0,-6.355393610710247e-05,1.4885983458819787,策略2 波动率调整动量,建信上海金ETF联接A
2026-05-20,2.3258,0.25,0.25,0.0,-0.0035811154432954517,1.4832675033566767,策略2 波动率调整动量,建信上海金ETF联接A
2026-05-21,2.3469,0.25,0.25,0.0,0.0022680368045404076,1.4866316086452684,策略2 波动率调整动量,建信上海金ETF联接A
2026-05-22,2.3458,0.25,0.25,0.0,-0.00011717584899229028,1.4864574113243867,策略2 波动率调整动量,建信上海金ETF联接A
2026-05-25,2.3584,0.25,0.25,0.0,0.0013428254753176105,1.4884534642042877,策略2 波动率调整动量,建信上海金ETF联接A
2026-05-26,2.3452,0.25,0.25,0.0,-0.0013992537313432807,1.4863707401405688,策略2 波动率调整动量,建信上海金ETF联接A
2026-05-27,2.32,0.25,0.25,0.0,-0.0026863380521917335,1.4823778458616648,策略2 波动率调整动量,建信上海金ETF联接A
2026-05-28,2.2675,0.25,0.25,0.0,-0.005657327586206878,1.4739915487810897,策略2 波动率调整动量,建信上海金ETF联接A
2026-05-29,2.3294,0.25,0.25,0.0,0.00682469680264608,1.4840510941911835,策略2 波动率调整动量,建信上海金ETF联接A
2026-06-01,2.3202,0.25,0.25,0.0,-0.000987378724135013,1.48258577371525,策略2 波动率调整动量,建信上海金ETF联接A
2026-06-02,2.3318,0.25,0.25,0.0,0.001249892250668072,1.4844388461847675,策略2 波动率调整动量,建信上海金ETF联接A
2026-06-03,2.3046,0.25,0.25,0.0,-0.0029162020756496876,1.4801099225403485,策略2 波动率调整动量,建信上海金ETF联接A
2026-06-04,2.304,0.25,0.25,0.0,-6.508721687065178e-05,1.4800135863048278,策略2 波动率调整动量,建信上海金ETF联接A
2026-06-05,2.2953,0.25,0.25,0.0,-0.0009440104166666408,1.4786164380625477,策略2 波动率调整动量,建信上海金ETF联接A
2026-06-08,2.2228,0.25,0.25,0.0,-0.007896571254302293,1.4669404380016042,策略2 波动率调整动量,建信上海金ETF联接A
2026-06-09,2.2353,0.25,0.25,0.0,0.0014058844700378104,1.469002786781861,策略2 波动率调整动量,建信上海金ETF联接A
2026-06-10,2.1684,0.25,0.25,0.0,-0.007482217152060128,1.4580113889341777,策略2 波动率调整动量,建信上海金ETF联接A
2026-06-11,2.1113,0.25,0.25,0.0,-0.0065831949824755875,1.448413015674154,策略2 波动率调整动量,建信上海金ETF联接A
2026-06-12,2.1479,0.25,0.25,0.0,0.004333822763226469,1.4546901809720358,策略2 波动率调整动量,建信上海金ETF联接A
2026-06-15,2.2123,0.25,0.25,0.0,0.007495693468038578,1.4655940926595679,策略2 波动率调整动量,建信上海金ETF联接A
2026-06-16,2.2227,0.25,0.25,0.0,0.0011752474799981982,1.4673165284236662,策略2 波动率调整动量,建信上海金ETF联接A
2026-06-17,2.2226,0.25,0.25,0.0,-1.1247581769929793e-05,1.4673000246610304,策略2 波动率调整动量,建信上海金ETF联接A
2026-06-18,2.2121,0.25,0.25,0.0,-0.0011810492216323132,1.4655670711090034,策略2 波动率调整动量,建信上海金ETF联接A
2026-06-22,2.1639,0.25,0.25,0.0,-0.005447312508476104,1.4575836692705406,策略2 波动率调整动量,建信上海金ETF联接A
2026-06-23,2.1223,0.25,0.25,0.0,-0.004806137067332128,1.4505783223689215,策略2 波动率调整动量,建信上海金ETF联接A
2026-06-24,2.1145,0.25,0.25,0.0,-0.0009188144937096465,1.4492455099820678,策略2 波动率调整动量,建信上海金ETF联接A
2026-06-25,2.0579,0.25,0.25,0.0,-0.006691889335540324,1.439547319409239,策略2 波动率调整动量,建信上海金ETF联接A
2026-06-26,2.081,0.25,0.25,0.0,0.0028062588075222217,1.443587061753176,策略2 波动率调整动量,建信上海金ETF联接A
2026-06-29,2.0964,0.25,0.25,0.0,0.0018500720807304027,1.4462578018722292,策略2 波动率调整动量,建信上海金ETF联接A
2026-06-30,2.0759,0.25,0.25,0.0,-0.002444667048273258,1.442722183080684,策略2 波动率调整动量,建信上海金ETF联接A
2026-07-01,2.0506,0.30000000000000004,0.30000000000000004,0.0007389162561576297,-0.003785787492729676,1.4372603434844935,策略2 波动率调整动量,建信上海金ETF联接A
2026-07-02,2.0998,0.30000000000000004,0.30000000000000004,0.0,0.007197893299522074,1.4476055900805291,策略2 波动率调整动量,建信上海金ETF联接A
2026-07-03,2.1497,0.30000000000000004,0.30000000000000004,0.0,0.007129250404800436,1.4579259328196021,策略2 波动率调整动量,建信上海金ETF联接A
2026-07-06,2.1432,0.30000000000000004,0.30000000000000004,0.0,-0.0009071033167418753,1.4566034433703776,策略2 波动率调整动量,建信上海金ETF联接A
2026-07-07,2.1332,0.30000000000000004,0.30000000000000004,0.0,-0.0013997760358342994,1.4545645247766341,策略2 波动率调整动量,建信上海金ETF联接A
2026-07-08,2.1297,0.30000000000000004,0.30000000000000004,0.0,-0.000492218263641453,1.453848561551894,策略2 波动率调整动量,建信上海金ETF联接A
2026-07-09,2.1197,0.30000000000000004,0.30000000000000004,0.0,-0.0014086491055078424,1.45180059907612,策略2 波动率调整动量,建信上海金ETF联接A
2026-07-10,2.1205,0.30000000000000004,0.30000000000000004,0.0,0.00011322356937302216,1.4519649771219654,策略2 波动率调整动量,建信上海金ETF联接A
2026-07-13,2.0917,0.30000000000000004,0.30000000000000004,0.0,-0.004074510728601721,1.4460489302451278,策略2 波动率调整动量,建信上海金ETF联接A
2026-07-14,2.0767,0.30000000000000004,0.30000000000000004,0.0,-0.0021513601376870087,1.4429379582194535,策略2 波动率调整动量,建信上海金ETF联接A
2026-07-15,2.0777,0.30000000000000004,0.30000000000000004,0.0,0.00014445996051428713,1.4431464049799225,策略2 波动率调整动量,建信上海金ETF联接A
2026-07-16,2.0753,0.30000000000000004,0.30000000000000004,0.0,-0.00034653703614575545,1.4426463013020163,策略2 波动率调整动量,建信上海金ETF联接A
2026-07-17,2.0612,0.30000000000000004,0.30000000000000004,0.0,-0.0020382595287428253,1.439705813731782,策略2 波动率调整动量,建信上海金ETF联接A
2026-07-20,2.0637,0.30000000000000004,0.30000000000000004,0.0,0.0003638657092955633,1.4402296733088724,策略2 波动率调整动量,建信上海金ETF联接A
2026-07-21,2.0989,0.30000000000000004,0.30000000000000004,0.0,0.005117022823084772,1.4475993614176779,策略2 波动率调整动量,建信上海金ETF联接A
2026-07-22,2.1209,0.30000000000000004,0.30000000000000004,0.0,0.0031445042641383265,1.4521513437824196,策略2 波动率调整动量,建信上海金ETF联接A
2026-07-23,2.1192,0.30000000000000004,0.30000000000000004,0.0,-0.00024046395398173996,1.4518021537285137,策略2 波动率调整动量,建信上海金ETF联接A
2026-07-24,2.0817,0.30000000000000004,0.30000000000000004,0.0,-0.005308607021517554,1.444095106621376,策略2 波动率调整动量,建信上海金ETF联接A
2026-07-27,2.1097,0.30000000000000004,0.30000000000000004,0.0,0.004035163568237477,1.4499222665846847,策略2 波动率调整动量,建信上海金ETF联接A
2026-07-28,2.0849,0.30000000000000004,0.30000000000000004,0.0,-0.0035265677584490735,1.4448090174670898,策略2 波动率调整动量,建信上海金ETF联接A
2026-07-29,2.0816,0.30000000000000004,0.30000000000000004,0.0,-0.00047484291812560647,1.4441229601371015,策略2 波动率调整动量,建信上海金ETF联接A
2026-07-30,2.0773,0.30000000000000004,0.30000000000000004,0.0,-0.0006197156033819763,1.4432280146055023,策略2 波动率调整动量,建信上海金ETF联接A
2026-07-31,2.0918,0.30000000000000004,0.30000000000000004,0.0,0.0020940644105329033,1.4462502270271718,策略2 波动率调整动量,建信上海金ETF联接A
2026-08-03,2.0882,0.35000000000000003,0.35000000000000003,0.0007389162561576288,-0.001255218005846914,1.4444348677012468,策略2 波动率调整动量,建信上海金ETF联接A
2026-08-04,2.0875,0.35000000000000003,0.35000000000000003,0.0,-0.00011732592663540321,1.4442653980419293,策略2 波动率调整动量,建信上海金ETF联接A
2026-08-05,2.1398,0.35000000000000003,0.35000000000000003,0.0,0.008768862275449141,1.4569299624065557,策略2 波动率调整动量,建信上海金ETF联接A
2026-08-06,2.1809,0.35000000000000003,0.35000000000000003,0.0,0.006722590896345438,1.4667243065084432,策略2 波动率调整动量,建信上海金ETF联接A
2026-08-07,2.2014,0.35000000000000003,0.35000000000000003,0.0,0.003289926177266267,1.471549721199258,策略2 波动率调整动量,建信上海金ETF联接A
2026-08-10,2.2309,0.35000000000000003,0.35000000000000003,0.0,0.004690197147269959,1.4784515795036928,策略2 波动率调整动量,建信上海金ETF联接A
2026-08-11,2.237,0.35000000000000003,0.35000000000000003,0.0,0.000957012864763085,1.4798664766852072,策略2 波动率调整动量,建信上海金ETF联接A
2026-08-12,2.2563,0.35000000000000003,0.35000000000000003,0.0,0.0030196691998211956,1.4843351839047014,策略2 波动率调整动量,建信上海金ETF联接A
2026-08-13,2.2442,0.35000000000000003,0.35000000000000003,0.0,-0.0018769667154189987,1.4815491361699868,策略2 波动率调整动量,建信上海金ETF联接A
2026-08-14,2.2192,0.35000000000000003,0.35000000000000003,0.0,-0.0038989394884591804,1.475772665738881,策略2 波动率调整动量,建信上海金ETF联接A
2026-08-17,2.2493,0.35000000000000003,0.35000000000000003,0.0,0.004747206200432597,1.4827784628881058,策略2 波动率调整动量,建信上海金ETF联接A
2026-08-18,2.2518,0.35000000000000003,0.35000000000000003,0.0,0.00038900991419553725,1.4833552784107247,策略2 波动率调整动量,建信上海金ETF联接A
2026-08-19,2.2269,0.35000000000000003,0.35000000000000003,0.0,-0.0038702371436184105,1.4776143417150371,策略2 波动率调整动量,建信上海金ETF联接A
2026-08-20,2.2885,0.35000000000000003,0.35000000000000003,0.0,0.009681620189501118,1.4919200425580819,策略2 波动率调整动量,建信上海金ETF联接A
2026-08-21,2.3227,0.35000000000000003,0.35000000000000003,0.0,0.005230500327725618,1.4997235308296222,策略2 波动率调整动量,建信上海金ETF联接A
2026-08-24,2.369,0.35000000000000003,0.35000000000000003,0.0,0.006976794248073382,1.5101867933332145,策略2 波动率调整动量,建信上海金ETF联接A
2026-08-25,2.3653,0.35000000000000003,0.35000000000000003,0.0,-0.0005466441536513544,1.5093612585517173,策略2 波动率调整动量,建信上海金ETF联接A
2026-08-26,2.36,0.35000000000000003,0.35000000000000003,0.0,-0.000784255696951769,1.50817753338594,策略2 波动率调整动量,建信上海金ETF联接A
2026-08-27,2.3445,0.35000000000000003,0.35000000000000003,0.0,-0.002298728813559281,1.504710642233983,策略2 波动率调整动量,建信上海金ETF联接A
2026-08-28,2.3474,0.35000000000000003,0.35000000000000003,0.0,0.0004329281296651444,1.5053620737980127,策略2 波动率调整动量,建信上海金ETF联接A
2026-08-31,2.267,0.35000000000000003,0.35000000000000003,0.0,-0.011987731106756418,1.4873161980390128,策略2 波动率调整动量,建信上海金ETF联接A
2026-09-01,2.2617,0.35000000000000003,0.35000000000000003,0.0,-0.0008182620202911606,1.4860991836819937,策略2 波动率调整动量,建信上海金ETF联接A
2026-09-02,2.2075,0.35000000000000003,0.35000000000000003,0.0,-0.008387496131228701,1.4736345325282387,策略2 波动率调整动量,建信上海金ETF联接A
2026-09-03,2.2563,0.35000000000000003,0.35000000000000003,0.0,0.007737259343148329,1.4850364250834291,策略2 波动率调整动量,建信上海金ETF联接A
2026-09-04,2.2737,0.35000000000000003,0.35000000000000003,0.0,0.0026991091610157783,1.4890447005028138,策略2 波动率调整动量,建信上海金ETF联接A
2021-01-04,405.4847567784479,0.0,0.0,0.0,0.0,1.0,策略3 宏观状态,招商银行积存金代理
2021-01-05,404.31768755250744,0.0,0.0,0.0,-0.0,1.0,策略3 宏观状态,招商银行积存金代理
2021-01-06,406.19632022184817,0.0,0.0,0.0,0.0,1.0,策略3 宏观状态,招商银行积存金代理
2021-01-07,396.9562914609183,0.0,0.0,0.0,-0.0,1.0,策略3 宏观状态,招商银行积存金代理
2021-01-08,393.8572043869013,0.0,0.0,0.0,-0.0,1.0,策略3 宏观状态,招商银行积存金代理
2021-01-11,384.6261768851223,0.0,0.0,0.0,-0.0,1.0,策略3 宏观状态,招商银行积存金代理
2021-01-12,387.8739887296311,0.0,0.0,0.0,0.0,1.0,策略3 宏观状态,招商银行积存金代理
2021-01-13,384.90475957379266,0.0,0.0,0.0,-0.0,1.0,策略3 宏观状态,招商银行积存金代理
2021-01-14,382.62271580005466,0.0,0.0,0.0,-0.0,1.0,策略3 宏观状态,招商银行积存金代理
2021-01-15,385.8139993755682,0.0,0.0,0.0,0.0,1.0,策略3 宏观状态,招商银行积存金代理
2021-01-18,382.06165997835865,0.0,0.0,0.0,-0.0,1.0,策略3 宏观状态,招商银行积存金代理
2021-01-19,384.66114202700635,0.0,0.0,0.0,0.0,1.0,策略3 宏观状态,招商银行积存金代理
2021-01-20,386.2562847749888,0.0,0.0,0.0,0.0,1.0,策略3 宏观状态,招商银行积存金代理
2021-01-21,388.22363160852206,0.0,0.0,0.0,0.0,1.0,策略3 宏观状态,招商银行积存金代理
2021-01-22,385.06470438686625,0.0,0.0,0.0,-0.0,1.0,策略3 宏观状态,招商银行积存金代理
2021-01-25,386.6375723541742,0.0,0.0,0.0,0.0,1.0,策略3 宏观状态,招商银行积存金代理
2021-01-26,386.0123810444417,0.0,0.0,0.0,-0.0,1.0,策略3 宏观状态,招商银行积存金代理
2021-01-27,383.70550726736616,0.0,0.0,0.0,-0.0,1.0,策略3 宏观状态,招商银行积存金代理
2021-01-28,383.3910710344138,0.0,0.0,0.0,-0.0,1.0,策略3 宏观状态,招商银行积存金代理
2021-01-29,384.1033848075931,0.0,0.0,0.0,0.0,1.0,策略3 宏观状态,招商银行积存金代理
2021-02-01,383.87054595944335,0.0,0.0,0.0,-0.0,1.0,策略3 宏观状态,招商银行积存金代理
2021-02-02,384.0766649449621,0.0,0.0,0.0,0.0,1.0,策略3 宏观状态,招商银行积存金代理
2021-02-03,380.84349878292,0.0,0.0,0.0,-0.0,1.0,策略3 宏观状态,招商银行积存金代理
2021-02-04,376.20114509575444,0.0,0.0,0.0,-0.0,1.0,策略3 宏观状态,招商银行积存金代理
2021-02-05,376.24681559817947,0.0,0.0,0.0,0.0,1.0,策略3 宏观状态,招商银行积存金代理
2021-02-08,376.6005244760012,0.0,0.0,0.0,0.0,1.0,策略3 宏观状态,招商银行积存金代理
2021-02-09,382.8046103023328,0.0,0.0,0.0,0.0,1.0,策略3 宏观状态,招商银行积存金代理
2021-02-10,381.34404446374486,0.0,0.0,0.0,-0.0,1.0,策略3 宏观状态,招商银行积存金代理
2021-02-11,382.34392280984383,0.0,0.0,0.0,0.0,1.0,策略3 宏观状态,招商银行积存金代理
2021-02-12,377.40618173472996,0.0,0.0,0.0,-0.0,1.0,策略3 宏观状态,招商银行积存金代理
2021-02-15,377.30953060256866,0.0,0.0,0.0,-0.0,1.0,策略3 宏观状态,招商银行积存金代理
2021-02-16,378.55515341673987,0.0,0.0,0.0,0.0,1.0,策略3 宏观状态,招商银行积存金代理
2021-02-17,371.3663027582873,0.0,0.0,0.0,-0.0,1.0,策略3 宏观状态,招商银行积存金代理
2021-02-18,370.13898999567067,0.0,0.0,0.0,-0.0,1.0,策略3 宏观状态,招商银行积存金代理
2021-02-19,369.9480508131832,0.0,0.0,0.0,-0.0,1.0,策略3 宏观状态,招商银行积存金代理
2021-02-22,375.09172161822,0.0,0.0,0.0,0.0,1.0,策略3 宏观状态,招商银行积存金代理
2021-02-23,376.0023178922969,0.0,0.0,0.0,0.0,1.0,策略3 宏观状态,招商银行积存金代理
2021-02-24,375.52896420816705,0.0,0.0,0.0,-0.0,1.0,策略3 宏观状态,招商银行积存金代理
2021-02-25,371.97762191600265,0.0,0.0,0.0,-0.0,1.0,策略3 宏观状态,招商银行积存金代理
2021-02-26,366.24853256017377,0.0,0.0,0.0,-0.0,1.0,策略3 宏观状态,招商银行积存金代理
2021-03-01,363.8360922504404,0.0,0.0,0.0,-0.0,1.0,策略3 宏观状态,招商银行积存金代理
2021-03-02,359.17661010706183,0.0,0.0,0.0,-0.0,1.0,策略3 宏观状态,招商银行积存金代理
2021-03-03,359.22511682034656,0.0,0.0,0.0,0.0,1.0,策略3 宏观状态,招商银行积存金代理
2021-03-04,355.54069325141893,0.0,0.0,0.0,-0.0,1.0,策略3 宏观状态,招商银行积存金代理
2021-03-05,352.7498641914841,0.0,0.0,0.0,-0.0,1.0,策略3 宏观状态,招商银行积存金代理
2021-03-08,353.8716503202798,0.0,0.0,0.0,0.0,1.0,策略3 宏观状态,招商银行积存金代理
2021-03-09,357.2081420610996,0.0,0.0,0.0,0.0,1.0,策略3 宏观状态,招商银行积存金代理
2021-03-10,357.97716216134825,0.0,0.0,0.0,0.0,1.0,策略3 宏观状态,招商银行积存金代理
2021-03-11,363.1357082854339,0.0,0.0,0.0,0.0,1.0,策略3 宏观状态,招商银行积存金代理
2021-03-12,355.68686334118684,0.0,0.0,0.0,-0.0,1.0,策略3 宏观状态,招商银行积存金代理
2021-03-15,361.0129503558225,0.0,0.0,0.0,0.0,1.0,策略3 宏观状态,招商银行积存金代理
2021-03-16,361.9545310865015,0.0,0.0,0.0,0.0,1.0,策略3 宏观状态,招商银行积存金代理
2021-03-17,363.2667827275873,0.0,0.0,0.0,0.0,1.0,策略3 宏观状态,招商银行积存金代理
2021-03-18,362.5369301068736,0.0,0.0,0.0,-0.0,1.0,策略3 宏观状态,招商银行积存金代理
2021-03-19,363.30788225488817,0.0,0.0,0.0,0.0,1.0,策略3 宏观状态,招商银行积存金代理
2021-03-22,362.18995059856235,0.0,0.0,0.0,-0.0,1.0,策略3 宏观状态,招商银行积存金代理
2021-03-23,363.8204918374293,0.0,0.0,0.0,0.0,1.0,策略3 宏观状态,招商银行积存金代理
2021-03-24,363.2122150681638,0.0,0.0,0.0,-0.0,1.0,策略3 宏观状态,招商银行积存金代理
2021-03-25,362.17963820526893,0.0,0.0,0.0,-0.0,1.0,策略3 宏观状态,招商银行积存金代理
2021-03-26,363.57454233313547,0.0,0.0,0.0,0.0,1.0,策略3 宏观状态,招商银行积存金代理
2021-03-29,364.0785934108927,0.0,0.0,0.0,0.0,1.0,策略3 宏观状态,招商银行积存金代理
2021-03-30,358.44918367075667,0.0,0.0,0.0,-0.0,1.0,策略3 宏观状态,招商银行积存金代理
2021-03-31,354.9784753779204,0.0,0.0,0.0,-0.0,1.0,策略3 宏观状态,招商银行积存金代理
2021-04-01,361.49762125139074,0.0,0.0,0.0,0.0,1.0,策略3 宏观状态,招商银行积存金代理
2021-04-06,363.8972648372546,0.0,0.0,0.0,0.0,1.0,策略3 宏观状态,招商银行积存金代理
2021-04-07,365.0773796437085,0.0,0.0,0.0,0.0,1.0,策略3 宏观状态,招商银行积存金代理
2021-04-08,367.20124267857994,0.0,0.0,0.0,0.0,1.0,策略3 宏观状态,招商银行积存金代理
2021-04-09,368.0962391122463,0.0,0.0,0.0,0.0,1.0,策略3 宏观状态,招商银行积存金代理
2021-04-12,366.6308968108243,0.0,0.0,0.0,-0.0,1.0,策略3 宏观状态,招商银行积存金代理
2021-04-13,363.5049354881908,0.0,0.0,0.0,-0.0,1.0,策略3 宏观状态,招商银行积存金代理
2021-04-14,365.8895379162429,0.0,0.0,0.0,0.0,1.0,策略3 宏观状态,招商银行积存金代理
2021-04-15,366.493822922284,0.0,0.0,0.0,0.0,1.0,策略3 宏观状态,招商银行积存金代理
2021-04-16,370.36213587017653,0.0,0.0,0.0,0.0,1.0,策略3 宏观状态,招商银行积存金代理
2021-04-19,374.2743169725013,0.0,0.0,0.0,0.0,1.0,策略3 宏观状态,招商银行积存金代理
2021-04-20,368.86877935829887,0.0,0.0,0.0,-0.0,1.0,策略3 宏观状态,招商银行积存金代理
2021-04-21,371.63093266634445,0.0,0.0,0.0,0.0,1.0,策略3 宏观状态,招商银行积存金代理
2021-04-22,372.6080074041184,0.0,0.0,0.0,0.0,1.0,策略3 宏观状态,招商银行积存金代理
2021-04-23,372.5349736054504,0.0,0.0,0.0,-0.0,1.0,策略3 宏观状态,招商银行积存金代理
2021-04-26,371.024126241769,0.0,0.0,0.0,-0.0,1.0,策略3 宏观状态,招商银行积存金代理
2021-04-27,371.1473151986452,0.0,0.0,0.0,0.0,1.0,策略3 宏观状态,招商银行积存金代理
2021-04-28,367.41832459063767,0.0,0.0,0.0,-0.0,1.0,策略3 宏观状态,招商银行积存金代理
2021-04-29,369.2228728926116,0.0,0.0,0.0,0.0,1.0,策略3 宏观状态,招商银行积存金代理
2021-04-30,368.0057575141303,0.0,0.0,0.0,-0.0,1.0,策略3 宏观状态,招商银行积存金代理
2021-05-04,371.4576360065845,0.0,0.0,0.0,0.0,1.0,策略3 宏观状态,招商银行积存金代理
2021-05-05,370.03315777789163,0.0,0.0,0.0,-0.0,1.0,策略3 宏观状态,招商银行积存金代理
2021-05-06,372.6106672915695,0.0,0.0,0.0,0.0,1.0,策略3 宏观状态,招商银行积存金代理
2021-05-07,378.29390726057625,0.0,0.0,0.0,0.0,1.0,策略3 宏观状态,招商银行积存金代理
2021-05-10,378.2939097058182,0.0,0.0,0.0,0.0,1.0,策略3 宏观状态,招商银行积存金代理
2021-05-11,379.6923168535966,0.0,0.0,0.0,0.0,1.0,策略3 宏观状态,招商银行积存金代理
2021-05-12,380.54443733843283,0.0,0.0,0.0,0.0,1.0,策略3 宏观状态,招商银行积存金代理
2021-05-13,376.28809430039365,0.0,0.0,0.0,-0.0,1.0,策略3 宏观状态,招商银行积存金代理
2021-05-14,380.270198368391,0.0,0.0,0.0,0.0,1.0,策略3 宏观状态,招商银行积存金代理
2021-05-17,382.6160933995321,0.0,0.0,0.0,0.0,1.0,策略3 宏观状态,招商银行积存金代理
2021-05-18,385.69807695190525,0.0,0.0,0.0,0.0,1.0,策略3 宏观状态,招商银行积存金代理
2021-05-19,384.75570127842906,0.0,0.0,0.0,-0.0,1.0,策略3 宏观状态,招商银行积存金代理
2021-05-20,386.68380441829777,0.0,0.0,0.0,0.0,1.0,策略3 宏观状态,招商银行积存金代理
2021-05-21,388.4006982994179,0.0,0.0,0.0,0.0,1.0,策略3 宏观状态,招商银行积存金代理
2021-05-25,388.01924911196807,0.0,0.0,0.0,-0.0,1.0,策略3 宏观状态,招商银行积存金代理
2021-05-26,391.2684690586442,0.0,0.0,0.0,0.0,1.0,策略3 宏观状态,招商银行积存金代理
2021-05-27,388.8378498627415,0.0,0.0,0.0,-0.0,1.0,策略3 宏观状态,招商银行积存金代理
2021-05-28,388.30436609733,0.0,0.0,0.0,-0.0,1.0,策略3 宏观状态,招商银行积存金代理
2021-06-01,391.35372809823957,0.6,0.6,0.003832849650594008,-0.003832849650594008,0.9961671503494061,策略3 宏观状态,招商银行积存金代理
2021-06-02,388.8964323243214,0.6,0.6,0.0,-0.003767378099387364,0.9924142120438507,策略3 宏观状态,招商银行积存金代理
2021-06-04,383.49138934117565,0.6,0.6,0.0,-0.008339047418112843,0.9841384228712079,策略3 宏观状态,招商银行积存金代理
2021-06-07,387.0357063113654,0.6,0.6,0.0,0.00554534010728962,0.9895958051386803,策略3 宏观状态,招商银行积存金代理
2021-06-08,389.28682638164935,0.6,0.6,0.0,0.0034897866531305778,0.9930492833714472,策略3 宏观状态,招商银行积存金代理
2021-06-09,388.16749584225494,0.6,0.6,0.0,-0.0017252017744320725,0.9913360729856763,策略3 宏观状态,招商银行积存金代理
2021-06-10,386.7834107426536,0.6,0.6,0.0,-0.0021394142184905985,0.989215194495828,策略3 宏观状态,招商银行积存金代理
2021-06-11,388.8283070959423,0.6,0.6,0.0,0.003172157279489829,0.99235314067603,策略3 宏观状态,招商银行积存金代理
2021-06-14,382.5036338079609,0.6,0.6,0.0,-0.009759587724286955,0.9826681831461305,策略3 宏观状态,招商银行积存金代理
2021-06-15,383.8143149659491,0.6,0.6,0.0,0.0020559509120579023,0.9846885006935201,策略3 宏观状态,招商银行积存金代理
2021-06-16,382.13438872580934,0.6,0.6,0.0,-0.002626154639837419,0.9821025564186292,策略3 宏观状态,招商银行积存金代理
2021-06-17,374.5189064577432,0.6,0.6,0.0,-0.011957283865698541,0.9703592773663036,策略3 宏观状态,招商银行积存金代理
2021-06-18,371.53394879730786,0.6,0.6,0.0,-0.004782067247820665,0.9657189540473912,策略3 宏观状态,招商银行积存金代理
2021-06-21,370.5419631970917,0.6,0.6,0.0,-0.0016019837811763525,0.9641718879458326,策略3 宏观状态,招商银行积存金代理
2021-06-22,370.6692250049419,0.6,0.6,0.0,0.00020606865697825327,0.9643705735518778,策略3 宏观状态,招商银行积存金代理
2021-06-23,371.04249993093725,0.6,0.6,0.0,0.0006042178322039682,0.9649532634492706,策略3 宏观状态,招商银行积存金代理
2021-06-24,370.3661368923595,0.6,0.6,0.0,-0.0010937232883623026,0.9638978715928548,策略3 宏观状态,招商银行积存金代理
2021-06-25,371.00068172862603,0.6,0.6,0.0,0.001027974384900565,0.9648887339145125,策略3 宏观状态,招商银行积存金代理
2021-06-28,368.22125559237594,0.6,0.6,0.0,-0.004495020531983518,0.9605515392444871,策略3 宏观状态,招商银行积存金代理
2021-06-29,367.71135769119013,0.6,0.6,0.0,-0.0008308557316152098,0.959753459492594,策略3 宏观状态,招商银行积存金代理
2021-06-30,364.8694533054996,0.6,0.6,0.0,-0.004637176948029831,0.9553029128744432,策略3 宏观状态,招商银行积存金代理
2021-07-01,368.8823034473693,0.6,0.6,0.0,0.006598826137155144,0.9616067907048197,策略3 宏观状态,招商银行积存金代理
2021-07-02,370.85771600810773,0.6,0.6,0.0,0.0032130777903043306,0.9646965081270393,策略3 宏观状态,招商银行积存金代理
2021-07-05,372.13047855978397,0.6,0.6,0.0,0.0020591658149268885,0.9666829781983538,策略3 宏观状态,招商银行积存金代理
2021-07-06,376.52089299598396,0.6,0.6,0.0,0.007078830715277772,0.9735259633563605,策略3 宏观状态,招商银行积存金代理
2021-07-07,375.3986670218161,0.6,0.6,0.0,-0.0017883086889096233,0.9717849984172113,策略3 宏观状态,招商银行积存金代理
2021-07-08,377.67138745434397,0.6,0.6,0.0,0.003632490947117439,0.9753149986265064,策略3 宏观状态,招商银行积存金代理
2021-07-09,376.24227600340504,0.6,0.6,0.0,-0.0022704046402429955,0.9731006389279262,策略3 宏观状态,招商银行积存金代理
2021-07-12,375.307874854208,0.6,0.6,0.0,-0.0014901055125265516,0.9716506163016166,策略3 宏观状态,招商银行积存金代理
2021-07-13,375.9152177579718,0.6,0.6,0.0,0.0009709514952219055,0.9725940419203478,策略3 宏观状态,招商银行积存金代理
2021-07-14,377.04309222268233,0.6,0.6,0.0,0.0018002055965237406,0.9743449111577587,策略3 宏观状态,招商银行积存金代理
2021-07-15,380.50098369314,0.6,0.6,0.0,0.005502646580909287,0.9797063868517674,策略3 宏观状态,招商银行积存金代理
2021-07-16,378.42401325813375,0.6,0.6,0.0,-0.0032751091703056676,0.976497741479982,策略3 宏观状态,招商银行积存金代理
2021-07-19,376.22837031707894,0.6,0.6,0.0,-0.0034812425175942963,0.9730983160240072,策略3 宏观状态,招商银行积存金代理
2021-07-20,378.421482366778,0.6,0.6,0.0,0.0034975226049816844,0.9765017493811707,策略3 宏观状态,招商银行积存金代理
2021-07-21,375.4807023302914,0.6,0.6,0.0,-0.004662705750361584,0.971948609059093,策略3 宏观状态,招商银行积存金代理
2021-07-22,373.86941024160507,0.6,0.6,0.0,-0.002574766818139662,0.9694460680315505,策略3 宏观状态,招商银行积存金代理
2021-07-23,375.0446423367786,0.6,0.6,0.0,0.0018860576388115557,0.9712744991935773,策略3 宏观状态,招商银行积存金代理
2021-07-26,376.8030766552869,0.6,0.6,0.0,0.0028131600135152812,0.9740068497768557,策略3 宏观状态,招商银行积存金代理
2021-07-27,376.1285951851758,0.6,0.6,0.0,-0.0010740063102957942,0.9729607602739241,策略3 宏观状态,招商银行积存金代理
2021-07-28,375.4042460621212,0.6,0.6,0.0,-0.0011554810758772403,0.9718365225278566,策略3 宏观状态,招商银行积存金代理
2021-07-29,377.61358305342685,0.6,0.6,0.0,0.003531132662159608,0.9752682062148343,策略3 宏观状态,招商银行积存金代理
2021-07-30,379.4399588982536,0.6,0.6,0.0,0.0029019758718292986,0.9780984110178321,策略3 宏观状态,招商银行积存金代理
2021-08-02,375.4750815491693,0.6,0.6,0.0,-0.006269572704883419,0.971966151917425,策略3 宏观状态,招商银行积存金代理
2021-08-03,376.39880448997616,0.6,0.6,0.0,0.001476086674506849,0.9734008582023421,策略3 宏观状态,招商银行积存金代理
2021-08-04,376.7376785539139,0.6,0.6,0.0,0.00054018353920684,0.973926673322993,策略3 宏观状态,招商银行积存金代理
2021-08-05,376.1925195238857,0.6,0.6,0.0,-0.000868231229943417,0.9730810797695391,策略3 宏观状态,招商银行积存金代理
2021-08-06,373.75200378602926,0.6,0.6,0.0,-0.0038924469964664254,0.9692934132432719,策略3 宏观状态,招商银行积存金代理
2021-08-09,363.1097496825837,0.6,0.6,0.0,-0.017084463487513246,0.9527335553160301,策略3 宏观状态,招商银行积存金代理
2021-08-10,360.60144861494626,0.6,0.6,0.0,-0.0041446990665991775,0.948784761438594,策略3 宏观状态,招商银行积存金代理
2021-08-11,361.16613942526646,0.6,0.6,0.0,0.0009395816003886725,0.949676222143171,策略3 宏观状态,招商银行积存金代理
2021-08-12,365.6393749549628,0.6,0.6,0.0,0.0074313204501641915,0.9567335704738181,策略3 宏观状态,招商银行积存金代理
2021-08-13,366.0871816517177,0.6,0.6,0.0,0.0007348333808031793,0.9574366102379374,策略3 宏观状态,招商银行积存金代理
2021-08-16,369.58874775985174,0.6,0.6,0.0,0.005738905294092511,0.96293124826919,策略3 宏观状态,招商银行积存金代理
2021-08-17,374.0608600611358,0.6,0.6,0.0,0.007260143597537061,0.9699222674061799,策略3 宏观状态,招商银行积存金代理
2021-08-18,372.71106781748455,0.6,0.6,0.0,-0.0021650897826048787,0.9678222986150979,策略3 宏观状态,招商银行积存金代理
2021-08-19,373.33557479060926,0.6,0.6,0.0,0.0010053476170402752,0.9687952964567289,策略3 宏观状态,招商银行积存金代理
2021-08-20,372.2394939452616,0.6,0.6,0.0,-0.0017615479252880205,0.9670887171122268,策略3 宏观状态,招商银行积存金代理
2021-08-23,372.2770964975341,0.6,0.6,0.0,6.061025691925792e-05,0.9671473326078346,策略3 宏观状态,招商银行积存金代理
2021-08-24,375.035450750418,0.6,0.6,0.0,0.004445646985272766,0.9714469282313573,策略3 宏观状态,招商银行积存金代理
2021-08-25,373.6078345787384,0.6,0.6,0.0,-0.0022839699588234953,0.9692281726306855,策略3 宏观状态,招商银行积存金代理
2021-08-26,371.6599391444916,0.6,0.6,0.0,-0.003128246124350875,0.9661961883560418,策略3 宏观状态,招商银行积存金代理
2021-08-27,374.0976683114332,0.6,0.6,0.0,0.00393541876892014,0.9699985749701574,策略3 宏观状态,招商银行积存金代理
2021-08-30,373.83222736950705,0.6,0.6,0.0,-0.0004257299059749808,0.9695856175680394,策略3 宏观状态,招商银行积存金代理
2021-08-31,376.7955686801085,0.6,0.6,0.0,0.004756157057062405,0.974197119045462,策略3 宏观状态,招商银行积存金代理
2021-09-01,376.2414239308638,0.0,0.0,0.003986801836779228,-0.004869208311758486,0.9694535503361147,策略3 宏观状态,招商银行积存金代理
2021-09-02,376.7269931700033,0.0,0.0,0.0,0.0,0.9694535503361147,策略3 宏观状态,招商银行积存金代理
2021-09-03,376.08360078985453,0.0,0.0,0.0,-0.0,0.9694535503361147,策略3 宏观状态,招商银行积存金代理
2021-09-06,378.6088640127223,0.0,0.0,0.0,0.0,0.9694535503361147,策略3 宏观状态,招商银行积存金代理
2021-09-07,376.40177589282183,0.0,0.0,0.0,-0.0,0.9694535503361147,策略3 宏观状态,招商银行积存金代理
2021-09-08,373.4635745962471,0.0,0.0,0.0,-0.0,0.9694535503361147,策略3 宏观状态,招商银行积存金代理
2021-09-09,372.5540860919008,0.0,0.0,0.0,-0.0,0.9694535503361147,策略3 宏观状态,招商银行积存金代理
2021-09-10,373.4982591454659,0.0,0.0,0.0,0.0,0.9694535503361147,策略3 宏观状态,招商银行积存金代理
2021-09-13,370.79657526692904,0.0,0.0,0.0,-0.0,0.9694535503361147,策略3 宏观状态,招商银行积存金代理
2021-09-14,370.2436742520665,0.0,0.0,0.0,-0.0,0.9694535503361147,策略3 宏观状态,招商银行积存金代理
2021-09-15,372.48323440723266,0.0,0.0,0.0,0.0,0.9694535503361147,策略3 宏观状态,招商银行积存金代理
2021-09-16,369.8014367019685,0.0,0.0,0.0,-0.0,0.9694535503361147,策略3 宏观状态,招商银行积存金代理
2021-09-17,366.61501437556285,0.0,0.0,0.0,-0.0,0.9694535503361147,策略3 宏观状态,招商银行积存金代理
2021-09-20,365.23167783351516,0.0,0.0,0.0,-0.0,0.9694535503361147,策略3 宏观状态,招商银行积存金代理
2021-09-21,367.22151401118964,0.0,0.0,0.0,0.0,0.9694535503361147,策略3 宏观状态,招商银行积存金代理
2021-09-22,368.7749011841834,0.0,0.0,0.0,0.0,0.9694535503361147,策略3 宏观状态,招商银行积存金代理
2021-09-23,367.71657240500656,0.0,0.0,0.0,-0.0,0.9694535503361147,策略3 宏观状态,招商银行积存金代理
2021-09-24,364.4153141112037,0.0,0.0,0.0,-0.0,0.9694535503361147,策略3 宏观状态,招商银行积存金代理
2021-09-27,363.0626959290085,0.0,0.0,0.0,-0.0,0.9694535503361147,策略3 宏观状态,招商银行积存金代理
2021-09-28,361.25863403318647,0.0,0.0,0.0,-0.0,0.9694535503361147,策略3 宏观状态,招商银行积存金代理
2021-09-29,362.2675131118278,0.0,0.0,0.0,0.0,0.9694535503361147,策略3 宏观状态,招商银行积存金代理
2021-09-30,358.7006725472454,0.0,0.0,0.0,-0.0,0.9694535503361147,策略3 宏观状态,招商银行积存金代理
2021-10-01,363.8088337178682,0.0,0.0,0.0,0.0,0.9694535503361147,策略3 宏观状态,招商银行积存金代理
2021-10-04,363.01483701627717,0.0,0.0,0.0,-0.0,0.9694535503361147,策略3 宏观状态,招商银行积存金代理
2021-10-05,364.289227659112,0.0,0.0,0.0,0.0,0.9694535503361147,策略3 宏观状态,招商银行积存金代理
2021-10-06,362.2688522497398,0.0,0.0,0.0,-0.0,0.9694535503361147,策略3 宏观状态,招商银行积存金代理
2021-10-07,364.40319755399963,0.0,0.0,0.0,0.0,0.9694535503361147,策略3 宏观状态,招商银行积存金代理
2021-10-08,364.18561866375956,0.0,0.0,0.0,-0.0,0.9694535503361147,策略3 宏观状态,招商银行积存金代理
2021-10-11,363.4078253618832,0.0,0.0,0.0,-0.0,0.9694535503361147,策略3 宏观状态,招商银行积存金代理
2021-10-12,364.67552461771066,0.0,0.0,0.0,0.0,0.9694535503361147,策略3 宏观状态,招商银行积存金代理
2021-10-13,365.1904964396666,0.0,0.0,0.0,0.0,0.9694535503361147,策略3 宏观状态,招商银行积存金代理
2021-10-14,372.0435872008312,0.0,0.0,0.0,0.0,0.9694535503361147,策略3 宏观状态,招商银行积存金代理
2021-10-15,368.79339421802337,0.0,0.0,0.0,-0.0,0.9694535503361147,策略3 宏观状态,招商银行积存金代理
2021-10-18,364.28771174706964,0.0,0.0,0.0,-0.0,0.9694535503361147,策略3 宏观状态,招商银行积存金代理
2021-10-19,365.09665153847214,0.0,0.0,0.0,0.0,0.9694535503361147,策略3 宏观状态,招商银行积存金代理
2021-10-20,365.47474066834644,0.0,0.0,0.0,0.0,0.9694535503361147,策略3 宏观状态,招商银行积存金代理
2021-10-21,366.88118446104784,0.0,0.0,0.0,0.0,0.9694535503361147,策略3 宏观状态,招商银行积存金代理
2021-10-22,368.3196924379858,0.0,0.0,0.0,0.0,0.9694535503361147,策略3 宏观状态,招商银行积存金代理
2021-10-25,369.32694028574724,0.0,0.0,0.0,0.0,0.9694535503361147,策略3 宏观状态,招商银行积存金代理
2021-10-26,369.695790108716,0.0,0.0,0.0,0.0,0.9694535503361147,策略3 宏观状态,招商银行积存金代理
2021-10-27,366.57174915724306,0.0,0.0,0.0,-0.0,0.9694535503361147,策略3 宏观状态,招商银行积存金代理
2021-10-28,369.4512106527988,0.0,0.0,0.0,0.0,0.9694535503361147,策略3 宏观状态,招商银行积存金代理
2021-10-29,369.06084400824295,0.0,0.0,0.0,-0.0,0.9694535503361147,策略3 宏观状态,招商银行积存金代理
2021-11-02,368.40873759059065,0.0,0.0,0.0,-0.0,0.9694535503361147,策略3 宏观状态,招商银行积存金代理
2021-11-03,366.5789549963313,0.0,0.0,0.0,-0.0,0.9694535503361147,策略3 宏观状态,招商银行积存金代理
2021-11-04,366.2247848531244,0.0,0.0,0.0,-0.0,0.9694535503361147,策略3 宏观状态,招商银行积存金代理
2021-11-05,368.76984874091636,0.0,0.0,0.0,0.0,0.9694535503361147,策略3 宏观状态,招商银行积存金代理
2021-11-08,373.9576274644087,0.0,0.0,0.0,0.0,0.9694535503361147,策略3 宏观状态,招商银行积存金代理
2021-11-09,374.9045598915124,0.0,0.0,0.0,0.0,0.9694535503361147,策略3 宏观状态,招商银行积存金代理
2021-11-10,375.0234293261575,0.0,0.0,0.0,0.0,0.9694535503361147,策略3 宏观状态,招商银行积存金代理
2021-11-11,381.85683469217724,0.0,0.0,0.0,0.0,0.9694535503361147,策略3 宏观状态,招商银行积存金代理
2021-11-12,380.0403195155349,0.0,0.0,0.0,-0.0,0.9694535503361147,策略3 宏观状态,招商银行积存金代理
2021-11-15,382.22205771769916,0.0,0.0,0.0,0.0,0.9694535503361147,策略3 宏观状态,招商银行积存金代理
2021-11-16,384.165635210307,0.0,0.0,0.0,0.0,0.9694535503361147,策略3 宏观状态,招商银行积存金代理
2021-11-17,381.87176761392146,0.0,0.0,0.0,-0.0,0.9694535503361147,策略3 宏观状态,招商银行积存金代理
2021-11-18,381.4436209523161,0.0,0.0,0.0,-0.0,0.9694535503361147,策略3 宏观状态,招商银行积存金代理
2021-11-19,382.1128905447847,0.0,0.0,0.0,0.0,0.9694535503361147,策略3 宏观状态,招商银行积存金代理
2021-11-22,378.0166701525322,0.0,0.0,0.0,-0.0,0.9694535503361147,策略3 宏观状态,招商银行积存金代理
2021-11-23,368.9138317441813,0.0,0.0,0.0,-0.0,0.9694535503361147,策略3 宏观状态,招商银行积存金代理
2021-11-24,367.95386934472,0.0,0.0,0.0,-0.0,0.9694535503361147,策略3 宏观状态,招商银行积存金代理
2021-11-25,367.9806155577076,0.0,0.0,0.0,0.0,0.9694535503361147,策略3 宏观状态,招商银行积存金代理
2021-11-26,371.5784944999269,0.0,0.0,0.0,0.0,0.9694535503361147,策略3 宏观状态,招商银行积存金代理
2021-11-29,368.8861033073911,0.0,0.0,0.0,-0.0,0.9694535503361147,策略3 宏观状态,招商银行积存金代理
2021-11-30,369.13144548716804,0.0,0.0,0.0,0.0,0.9694535503361147,策略3 宏观状态,招商银行积存金代理
2021-12-01,365.54646827624657,0.6,0.6,0.004103445471852945,-0.004103445471852945,0.9654754505548162,策略3 宏观状态,招商银行积存金代理
2021-12-02,363.5096726424189,0.6,0.6,0.0,-0.0033431519282880683,0.9622477194405791,策略3 宏观状态,招商银行积存金代理
2021-12-03,363.5325538185716,0.6,0.6,0.0,3.7767098717988996e-05,0.9622840607451904,策略3 宏观状态,招商银行积存金代理
2021-12-06,365.10397452841295,0.6,0.6,0.0,0.0025935845799806233,0.9647798258467002,策略3 宏观状态,招商银行积存金代理
2021-12-07,364.7474286616999,0.6,0.6,0.0,-0.0005859358838920858,0.9642145267266815,策略3 宏观状态,招商银行积存金代理
2021-12-08,366.3385930477636,0.6,0.6,0.0,0.0026174238846346843,0.9667382848588475,策略3 宏观状态,招商银行积存金代理
2021-12-09,363.73279204928843,0.6,0.6,0.0,-0.004267856646163515,0.9626123844447119,策略3 宏观状态,招商银行积存金代理
2021-12-10,363.25587176205687,0.6,0.6,0.0,-0.000786709855679324,0.9618550877946704,策略3 宏观状态,招商银行积存金代理
2021-12-13,364.88210984341725,0.6,0.6,0.0,0.002686103445714938,0.964438730060274,策略3 宏观状态,招商银行积存金代理
2021-12-14,364.76786663946586,0.6,0.6,0.0,-0.00018785772314307002,0.9642575527963338,策略3 宏观状态,招商银行积存金代理
2021-12-15,362.17446033258705,0.6,0.6,0.0,-0.004265846656019389,0.960144177939196,策略3 宏观状态,招商银行积存金代理
2021-12-16,365.3982919988232,0.6,0.6,0.0,0.005340793489318462,0.9652721097135406,策略3 宏观状态,招商银行积存金代理
2021-12-17,370.0137412037567,0.6,0.6,0.0,0.0075787697523474135,0.9725876847814222,策略3 宏观状态,招商银行积存金代理
2021-12-20,368.33913468716145,0.6,0.6,0.0,-0.0027154772865688012,0.9699466450142017,策略3 宏观状态,招商银行积存金代理
2021-12-21,368.0561296864131,0.6,0.6,0.0,-0.0004609963603058764,0.9694995031411593,策略3 宏观状态,招商银行积存金代理
2021-12-22,366.6065184107168,0.6,0.6,0.0,-0.002363136204683891,0.9672084437648634,策略3 宏观状态,招商银行积存金代理
2021-12-23,369.7248622197637,0.6,0.6,0.0,0.005103581609893837,0.9721446709913958,策略3 宏观状态,招商银行积存金代理
2021-12-24,365.71459855596186,0.6,0.6,0.0,-0.006507969693557913,0.96581798293483,策略3 宏观状态,招商银行积存金代理
2021-12-29,367.73122213630336,0.6,0.6,0.0,0.0033085202313019924,0.9690134112711252,策略3 宏观状态,招商银行积存金代理
2021-12-30,368.3306743829882,0.6,0.6,0.0,0.0009780821599031596,0.9699611860013964,策略3 宏观状态,招商银行积存金代理
2021-12-31,372.87982496678865,0.6,0.6,0.0,0.007410434536446342,0.9771490198731536,策略3 宏观状态,招商银行积存金代理
2022-01-04,369.6272930870452,0.6,0.6,0.0,-0.005233640967354303,0.9720349727315353,策略3 宏观状态,招商银行积存金代理
2022-01-05,371.51134789647557,0.6,0.6,0.0,0.0030583046944859583,0.9750077518518444,策略3 宏观状态,招商银行积存金代理
2022-01-06,368.72573889386246,0.6,0.6,0.0,-0.004498827319895482,0.9706213603407035,策略3 宏观状态,招商银行积存金代理
2022-01-07,367.72869333758405,0.6,0.6,0.0,-0.001622418157087857,0.9690466066220295,策略3 宏观状态,招商银行积存金代理
2022-01-10,369.11202378952294,0.6,0.6,0.0,0.0022570941191183635,0.9712338360189878,策略3 宏观状态,招商银行积存金代理
2022-01-11,369.9317680680496,0.6,0.6,0.0,0.0013325129917644673,0.9725280177235244,策略3 宏观状态,招商银行积存金代理
2022-01-12,372.1685408696702,0.6,0.6,0.0,0.003627868155203906,0.9760562211490673,策略3 宏观状态,招商银行积存金代理
2022-01-13,372.5014634545898,0.6,0.6,0.0,0.0005367287371602636,0.9765800985720421,策略3 宏观状态,招商银行积存金代理
2022-01-14,372.5000804732593,0.6,0.6,0.0,-2.2276121833142423e-06,0.9765779231303165,策略3 宏观状态,招商银行积存金代理
2022-01-17,371.6641619140937,0.6,0.6,0.0,-0.0013464457104602977,0.9752630139747874,策略3 宏观状态,招商银行积存金代理
2022-01-18,369.49582134059756,0.6,0.6,0.0,-0.0035004837092643903,0.9718491216821206,策略3 宏观状态,招商银行积存金代理
2022-01-19,371.1843415798565,0.6,0.6,0.0,0.0027418771337646584,0.97451381256633,策略3 宏观状态,招商银行积存金代理
2022-01-20,374.59177882751555,0.6,0.6,0.0,0.005507943411334892,0.9798813794995097,策略3 宏观状态,招商银行积存金代理
2022-01-21,373.8562045268712,0.6,0.6,0.0,-0.0011782014591138479,0.9787268818284248,策略3 宏观状态,招商银行积存金代理
2022-01-24,374.5650975920423,0.6,0.6,0.0,0.0011376990242571328,0.9798403784468953,策略3 宏观状态,招商银行积存金代理
2022-01-25,373.56909265792365,0.6,0.6,0.0,-0.0015954582109038106,0.9782770840697272,策略3 宏观状态,招商银行积存金代理
2022-01-26,375.31680983580367,0.6,0.6,0.0,0.0028070585263546997,0.9810231650997026,策略3 宏观状态,招商银行积存金代理
2022-01-27,368.873038371906,0.6,0.6,0.0,-0.010301331507187372,0.9709173202597803,策略3 宏观状态,招商银行积存金代理
2022-01-28,366.45499133620945,0.6,0.6,0.0,-0.003933137070200176,0.9670985693553672,策略3 宏观状态,招商银行积存金代理
2022-01-31,365.62151468075535,0.6,0.6,0.0,-0.0013646587032393632,0.965778809875806,策略3 宏观状态,招商银行积存金代理
2022-02-01,369.36181443090277,0.6,0.6,0.0,0.006137986305450216,0.9717067469849178,策略3 宏观状态,招商银行积存金代理
2022-02-02,368.44173241322267,0.6,0.6,0.0,-0.0014946028231387354,0.970254431337611,策略3 宏观状态,招商银行积存金代理
2022-02-03,368.7995420867649,0.6,0.6,0.0,0.0005826859045504395,0.970819784918579,策略3 宏观状态,招商银行积存金代理
2022-02-04,371.0077389291971,0.6,0.6,0.0,0.003592515592515566,0.9743074701334216,策略3 宏观状态,招商银行积存金代理
2022-02-07,370.3125658491722,0.6,0.6,0.0,-0.001124245680747249,0.9732121091684042,策略3 宏观状态,招商银行积存金代理
2022-02-08,371.90500208836755,0.6,0.6,0.0,0.002580149397107867,0.9757231418051331,策略3 宏观状态,招商银行积存金代理
2022-02-09,374.1426021544382,0.6,0.6,0.0,0.0036099542412805882,0.9792454576992081,策略3 宏观状态,招商银行积存金代理
2022-02-10,374.7488915276176,0.6,0.6,0.0,0.0009722860262715737,0.980197564374019,策略3 宏观状态,招商银行积存金代理
2022-02-11,372.9948263643866,0.6,0.6,0.0,-0.0028083848190944005,0.9774447924145178,策略3 宏观状态,招商银行积存金代理
2022-02-14,379.0599593521897,0.6,0.6,0.0,0.009756381417276793,0.9869811166236447,策略3 宏观状态,招商银行积存金代理
2022-02-15,379.08397877237996,0.6,0.6,0.0,3.801945248653737e-05,0.9870186411053132,策略3 宏观状态,招商银行积存金代理
2022-02-16,377.8737323514648,0.6,0.6,0.0,-0.0019155329510380569,0.9851279743749873,策略3 宏观状态,招商银行积存金代理
2022-02-17,384.27941888507166,0.6,0.6,0.0,0.010171153989050729,0.995147862701277,策略3 宏观状态,招商银行积存金代理
2022-02-18,384.373046439516,0.6,0.6,0.0,0.00014618668059194207,0.9952933400640234,策略3 宏观状态,招商银行积存金代理
2022-02-21,385.39759582982794,0.6,0.6,0.0,0.0015993047376278823,0.9968851174181173,策略3 宏观状态,招商银行积存金代理
2022-02-22,385.9153398800898,0.6,0.6,0.0,0.000806041432324589,0.997688648126024,策略3 宏观状态,招商银行积存金代理
2022-02-23,385.51547461570044,0.6,0.6,0.0,-0.0006216885773655977,0.9970683964897167,策略3 宏观状态,招商银行积存金代理
2022-02-24,399.46711388116825,0.6,0.6,0.0,0.02171374201677705,1.018718482424176,策略3 宏观状态,招商银行积存金代理
2022-02-25,388.95299224348616,0.6,0.6,0.0,-0.015792221095040814,1.0026306549161288,策略3 宏观状态,招商银行积存金代理
2022-02-28,386.4919297690201,0.6,0.6,0.0,-0.0037964420228839835,0.9988242257643736,策略3 宏观状态,招商银行积存金代理
2022-03-01,389.5052361467123,0.6,0.6,0.0,0.004677934226714253,1.0034966597965482,策略3 宏观状态,招商银行积存金代理
2022-03-02,390.8228400882512,0.6,0.6,0.0,0.0020296578622258643,1.0055334146818218,策略3 宏观状态,招商银行积存金代理
2022-03-03,393.23430375377967,0.6,0.6,0.0,0.0037021331685485933,1.009256033288399,策略3 宏观状态,招商银行积存金代理
2022-03-04,394.91601259294225,0.6,0.6,0.0,0.002565964601423287,1.01184574854359,策略3 宏观状态,招商银行积存金代理
2022-03-07,406.02092555751324,0.6,0.6,0.0,0.016871809615910394,1.028917417373686,策略3 宏观状态,招商银行积存金代理
2022-03-08,407.7626283454351,0.6,0.6,0.0,0.0025738123504796206,1.031565657730146,策略3 宏观状态,招商银行积存金代理
2022-03-09,409.7145301430706,0.6,0.6,0.0,0.002872114797114644,1.034528432719908,策略3 宏观状态,招商银行积存金代理
2022-03-10,405.6895556491173,0.6,0.6,0.0,-0.005894310596035401,1.0284306008170272,策略3 宏观状态,招商银行积存金代理
2022-03-11,404.69934912953516,0.6,0.6,0.0,-0.0014644791897555408,1.026924485604023,策略3 宏观状态,招商银行积存金代理
2022-03-14,399.76217585800225,0.6,0.6,0.0,-0.007319764583983979,1.0194076401238725,策略3 宏观状态,招商银行积存金代理
2022-03-15,394.6674367700002,0.6,0.6,0.0,-0.007646655029932159,1.0116125815649681,策略3 宏观状态,招商银行积存金代理
2022-03-16,392.90497598192877,0.6,0.6,0.0,-0.0026794115103525584,1.0089020551699055,策略3 宏观状态,招商银行积存金代理
2022-03-17,396.4257745436102,0.6,0.6,0.0,0.005376564986812582,1.0143264826348553,策略3 宏观状态,招商银行积存金代理
2022-03-18,394.3358812945678,0.6,0.6,0.0,-0.003163103990574423,1.0111180624898877,策略3 宏观状态,招商银行积存金代理
2022-03-21,393.6441880974065,0.6,0.6,0.0,-0.0010524426966531664,1.010053918669566,策略3 宏观状态,招商银行积存金代理
2022-03-22,394.1698962003329,0.6,0.6,0.0,0.000801294344723713,1.0108632691624622,策略3 宏观状态,招商银行积存金代理
2022-03-23,395.41286072374237,0.6,0.6,0.0,0.0018920235188804478,1.01277584624209,策略3 宏观状态,招商银行积存金代理
2022-03-24,398.60216202744647,0.6,0.6,0.0,0.004839450033870829,1.0176771243454898,策略3 宏观状态,招商银行积存金代理
2022-03-25,400.4896681678996,0.6,0.6,0.0,0.0028411880119052044,1.0205685363911703,策略3 宏观状态,招商银行积存金代理
2022-03-28,394.69345348529055,0.6,0.6,0.0,-0.008683691705393626,1.0117062338569247,策略3 宏观状态,招商银行积存金代理
2022-03-29,390.9595841113508,0.6,0.6,0.0,-0.005676105353612981,1.0059636826866458,策略3 宏观状态,招商银行积存金代理
2022-03-30,391.2984525098392,0.6,0.6,0.0,0.0005200564133891028,1.0064868405514635,策略3 宏观状态,招商银行积存金代理
2022-03-31,392.1322924822571,0.6,0.6,0.0,0.0012785738871231354,1.0077737083435256,策略3 宏观状态,招商银行积存金代理
2022-04-01,394.0174459074746,0.6,0.6,0.0,0.0028844654643730206,1.0106805968011454,策略3 宏观状态,招商银行积存金代理
2022-04-04,394.19969750323105,0.6,0.6,0.0,0.00027752821249329426,1.0109610891805774,策略3 宏观状态,招商银行积存金代理
2022-04-05,394.7238269870731,0.6,0.6,0.0,0.0007977623836270542,1.0117675959088364,策略3 宏观状态,招商银行积存金代理
2022-04-06,394.34647728380486,0.6,0.6,0.0,-0.0005735904611817721,1.0111872556668902,策略3 宏观状态,招商银行积存金代理
2022-04-07,393.88929249694905,0.6,0.6,0.0,-0.0006956087803874578,1.0104838649332324,策略3 宏观状态,招商银行积存金代理
2022-04-08,394.8707442224398,0.6,0.6,0.0,0.0014950166112956075,1.011994555096754,策略3 宏观状态,招商银行积存金代理
2022-04-11,400.68159353640135,0.6,0.6,0.0,0.008829495827153222,1.0209299567980825,策略3 宏观状态,招商银行积存金代理
2022-04-12,399.33350966603155,0.6,0.6,0.0,-0.0020186859972353807,1.018869019790136,策略3 宏观状态,招商银行积存金代理
2022-04-13,404.35388233068903,0.6,0.6,0.0,0.00754312755098776,1.026554478764163,策略3 宏观状态,招商银行积存金代理
2022-04-14,404.04821512252306,0.6,0.6,0.0,-0.0004535639025955884,1.0260888707085476,策略3 宏观状态,招商银行积存金代理
2022-04-19,406.09808485804393,0.6,0.6,0.0,0.0030439977093811963,1.029212282880606,策略3 宏观状态,招商银行积存金代理
2022-04-20,401.8454706147029,0.6,0.6,0.0,-0.006283133659437379,1.0227456045433325,策略3 宏观状态,招商银行积存金代理
2022-04-21,403.4923507258219,0.6,0.6,0.0,0.0024589752502618633,1.0252605106722188,策略3 宏观状态,招商银行积存金代理
2022-04-22,402.6733190007688,0.6,0.6,0.0,-0.0012179141293455985,1.024011831410011,策略3 宏观状态,招商银行积存金代理
2022-04-25,404.54135461079164,0.6,0.6,0.0,0.0027834507853538248,1.026862117946361,策略3 宏观状态,招商银行积存金代理
2022-04-26,401.217581269445,0.6,0.6,0.0,-0.0049296913209939675,1.0218000046756635,策略3 宏观状态,招商银行积存金代理
2022-04-27,399.88443791256736,0.6,0.6,0.0,-0.0019936464688206754,1.0197628967045007,策略3 宏观状态,招商银行积存金代理
2022-04-28,402.58576072698224,0.6,0.6,0.0,0.004053155199311175,1.0238961539913434,策略3 宏观状态,招商银行积存金代理
2022-04-29,408.00682295476093,0.6,0.6,0.0,0.008079365079365042,1.0321685848227973,策略3 宏观状态,招商银行积存金代理
2022-05-03,394.6789752275448,0.0,0.0,0.0038005571468183804,-0.02340000545608439,1.008015834306345,策略3 宏观状态,招商银行积存金代理
2022-05-04,396.97926607904157,0.0,0.0,0.0,0.0,1.008015834306345,策略3 宏观状态,招商银行积存金代理
2022-05-05,405.4787274403194,0.0,0.0,0.0,0.0,1.008015834306345,策略3 宏观状态,招商银行积存金代理
2022-05-06,403.14666848659436,0.0,0.0,0.0,-0.0,1.008015834306345,策略3 宏观状态,招商银行积存金代理
2022-05-09,403.61305648045925,0.0,0.0,0.0,0.0,1.008015834306345,策略3 宏观状态,招商银行积存金代理
2022-05-10,403.15900825606326,0.0,0.0,0.0,-0.0,1.008015834306345,策略3 宏观状态,招商银行积存金代理
2022-05-11,400.1178360496437,0.0,0.0,0.0,-0.0,1.008015834306345,策略3 宏观状态,招商银行积存金代理
2022-05-12,403.78137532282403,0.0,0.0,0.0,0.0,1.008015834306345,策略3 宏观状态,招商银行积存金代理
2022-05-13,397.9889152310661,0.0,0.0,0.0,-0.0,1.008015834306345,策略3 宏观状态,招商银行积存金代理
2022-05-16,393.9281009797029,0.0,0.0,0.0,-0.0,1.008015834306345,策略3 宏观状态,招商银行积存金代理
2022-05-17,395.9078345351833,0.0,0.0,0.0,0.0,1.008015834306345,策略3 宏观状态,招商银行积存金代理
2022-05-18,394.84517130553496,0.0,0.0,0.0,-0.0,1.008015834306345,策略3 宏观状态,招商银行积存金代理
2022-05-19,393.95191369492807,0.0,0.0,0.0,-0.0,1.008015834306345,策略3 宏观状态,招商银行积存金代理
2022-05-20,398.42974350466744,0.0,0.0,0.0,0.0,1.008015834306345,策略3 宏观状态,招商银行积存金代理
2022-05-23,398.5799366145976,0.0,0.0,0.0,0.0,1.008015834306345,策略3 宏观状态,招商银行积存金代理
2022-05-24,397.5525196951653,0.0,0.0,0.0,-0.0,1.008015834306345,策略3 宏观状态,招商银行积存金代理
2022-05-25,399.96187342502424,0.0,0.0,0.0,0.0,1.008015834306345,策略3 宏观状态,招商银行积存金代理
2022-05-26,399.70617991588324,0.0,0.0,0.0,-0.0,1.008015834306345,策略3 宏观状态,招商银行积存金代理
2022-05-27,402.69560911288033,0.0,0.0,0.0,0.0,1.008015834306345,策略3 宏观状态,招商银行积存金代理
2022-05-30,397.69964760537425,0.0,0.0,0.0,-0.0,1.008015834306345,策略3 宏观状态,招商银行积存金代理
2022-05-31,397.76905202491054,0.0,0.0,0.0,0.0,1.008015834306345,策略3 宏观状态,招商银行积存金代理
2022-06-01,393.2650652181122,0.0,0.0,0.0,-0.0,1.008015834306345,策略3 宏观状态,招商银行积存金代理
2022-06-06,396.0279050029271,0.0,0.0,0.0,0.0,1.008015834306345,策略3 宏观状态,招商银行积存金代理
2022-06-07,396.02010760155116,0.0,0.0,0.0,-0.0,1.008015834306345,策略3 宏观状态,招商银行积存金代理
2022-06-08,397.1250196536518,0.0,0.0,0.0,0.0,1.008015834306345,策略3 宏观状态,招商银行积存金代理
2022-06-09,397.7999736449264,0.0,0.0,0.0,0.0,1.008015834306345,策略3 宏观状态,招商银行积存金代理
2022-06-10,396.53079973955664,0.0,0.0,0.0,-0.0,1.008015834306345,策略3 宏观状态,招商银行积存金代理
2022-06-13,402.98254684763896,0.0,0.0,0.0,0.0,1.008015834306345,策略3 宏观状态,招商银行积存金代理
2022-06-14,395.14840535383723,0.0,0.0,0.0,-0.0,1.008015834306345,策略3 宏观状态,招商银行积存金代理
2022-06-15,393.4457071271802,0.0,0.0,0.0,-0.0,1.008015834306345,策略3 宏观状态,招商银行积存金代理
2022-06-16,394.7344085125889,0.0,0.0,0.0,0.0,1.008015834306345,策略3 宏观状态,招商银行积存金代理
2022-06-17,398.6784120482719,0.0,0.0,0.0,0.0,1.008015834306345,策略3 宏观状态,招商银行积存金代理
2022-06-20,396.10381351696725,0.0,0.0,0.0,-0.0,1.008015834306345,策略3 宏观状态,招商银行积存金代理
2022-06-21,394.9155361785549,0.0,0.0,0.0,-0.0,1.008015834306345,策略3 宏观状态,招商银行积存金代理
2022-06-22,393.6833131523767,0.0,0.0,0.0,-0.0,1.008015834306345,策略3 宏观状态,招商银行积存金代理
2022-06-23,394.34289679648134,0.0,0.0,0.0,0.0,1.008015834306345,策略3 宏观状态,招商银行积存金代理
2022-06-24,393.28781314774113,0.0,0.0,0.0,-0.0,1.008015834306345,策略3 宏观状态,招商银行积存金代理
2022-06-27,395.38477687371534,0.0,0.0,0.0,0.0,1.008015834306345,策略3 宏观状态,招商银行积存金代理
2022-06-28,393.9828823287451,0.0,0.0,0.0,-0.0,1.008015834306345,策略3 宏观状态,招商银行积存金代理
2022-06-29,390.2789625198526,0.0,0.0,0.0,-0.0,1.008015834306345,策略3 宏观状态,招商银行积存金代理
2022-06-30,390.5626373436628,0.0,0.0,0.0,0.0,1.008015834306345,策略3 宏观状态,招商银行积存金代理
2022-07-01,386.6970664678806,0.0,0.0,0.0,-0.0,1.008015834306345,策略3 宏观状态,招商银行积存金代理
2022-07-04,389.17529619588777,0.0,0.0,0.0,0.0,1.008015834306345,策略3 宏观状态,招商银行积存金代理
2022-07-05,389.7764523392982,0.0,0.0,0.0,0.0,1.008015834306345,策略3 宏观状态,招商银行积存金代理
2022-07-06,380.92327734079197,0.0,0.0,0.0,-0.0,1.008015834306345,策略3 宏观状态,招商银行积存金代理
2022-07-07,375.58459525502957,0.0,0.0,0.0,-0.0,1.008015834306345,策略3 宏观状态,招商银行积存金代理
2022-07-08,374.20586835742296,0.0,0.0,0.0,-0.0,1.008015834306345,策略3 宏观状态,招商银行积存金代理
2022-07-11,375.21409621600475,0.0,0.0,0.0,0.0,1.008015834306345,策略3 宏观状态,招商银行积存金代理
2022-07-12,374.8955589619709,0.0,0.0,0.0,-0.0,1.008015834306345,策略3 宏观状态,招商银行积存金代理
2022-07-13,373.4006486735941,0.0,0.0,0.0,-0.0,1.008015834306345,策略3 宏观状态,招商银行积存金代理
2022-07-14,372.7215577453095,0.0,0.0,0.0,-0.0,1.008015834306345,策略3 宏观状态,招商银行积存金代理
2022-07-15,369.76784554920994,0.0,0.0,0.0,-0.0,1.008015834306345,策略3 宏观状态,招商银行积存金代理
2022-07-18,373.63557545636786,0.0,0.0,0.0,0.0,1.008015834306345,策略3 宏观状态,招商银行积存金代理
2022-07-19,371.3932380076422,0.0,0.0,0.0,-0.0,1.008015834306345,策略3 宏观状态,招商银行积存金代理
2022-07-21,366.8568339872899,0.0,0.0,0.0,-0.0,1.008015834306345,策略3 宏观状态,招商银行积存金代理
2022-07-22,375.2204432884143,0.0,0.0,0.0,0.0,1.008015834306345,策略3 宏观状态,招商银行积存金代理
2022-07-25,375.8356742560741,0.0,0.0,0.0,0.0,1.008015834306345,策略3 宏观状态,招商银行积存金代理
2022-07-26,373.9177377086888,0.0,0.0,0.0,-0.0,1.008015834306345,策略3 宏观状态,招商银行积存金代理
2022-07-27,374.5375433982887,0.0,0.0,0.0,0.0,1.008015834306345,策略3 宏观状态,招商银行积存金代理
2022-07-28,378.8069863617691,0.0,0.0,0.0,0.0,1.008015834306345,策略3 宏观状态,招商银行积存金代理
2022-07-29,381.4746411953027,0.0,0.0,0.0,0.0,1.008015834306345,策略3 宏观状态,招商银行积存金代理
2022-08-01,384.4211499875911,0.0,0.0,0.0,0.0,1.008015834306345,策略3 宏观状态,招商银行积存金代理
2022-08-02,384.85299903374835,0.0,0.0,0.0,0.0,1.008015834306345,策略3 宏观状态,招商银行积存金代理
2022-08-03,383.7807658238273,0.0,0.0,0.0,-0.0,1.008015834306345,策略3 宏观状态,招商银行积存金代理
2022-08-04,385.7097221630417,0.0,0.0,0.0,0.0,1.008015834306345,策略3 宏观状态,招商银行积存金代理
2022-08-05,387.6297013751137,0.0,0.0,0.0,0.0,1.008015834306345,策略3 宏观状态,招商银行积存金代理
2022-08-08,385.3523278418256,0.0,0.0,0.0,-0.0,1.008015834306345,策略3 宏观状态,招商银行积存金代理
2022-08-09,388.6894691063663,0.0,0.0,0.0,0.0,1.008015834306345,策略3 宏观状态,招商银行积存金代理
2022-08-10,387.65252770119304,0.0,0.0,0.0,-0.0,1.008015834306345,策略3 宏观状态,招商银行积存金代理
2022-08-11,388.02802669663447,0.0,0.0,0.0,0.0,1.008015834306345,策略3 宏观状态,招商银行积存金代理
2022-08-12,387.75701198278813,0.0,0.0,0.0,-0.0,1.008015834306345,策略3 宏观状态,招商银行积存金代理
2022-08-15,387.8659349036255,0.0,0.0,0.0,0.0,1.008015834306345,策略3 宏观状态,招商银行积存金代理
2022-08-16,387.59139940928543,0.0,0.0,0.0,-0.0,1.008015834306345,策略3 宏观状态,招商银行积存金代理
2022-08-17,386.61818559972676,0.0,0.0,0.0,-0.0,1.008015834306345,策略3 宏观状态,招商银行积存金代理
2022-08-18,385.13023641774436,0.0,0.0,0.0,-0.0,1.008015834306345,策略3 宏观状态,招商银行积存金代理
2022-08-19,382.35998607649765,0.0,0.0,0.0,-0.0,1.008015834306345,策略3 宏观状态,招商银行积存金代理
2022-08-22,381.50207601908903,0.0,0.0,0.0,-0.0,1.008015834306345,策略3 宏观状态,招商银行积存金代理
2022-08-23,382.1664591841229,0.0,0.0,0.0,0.0,1.008015834306345,策略3 宏观状态,招商银行积存金代理
2022-08-24,386.32632885219283,0.0,0.0,0.0,0.0,1.008015834306345,策略3 宏观状态,招商银行积存金代理
2022-08-25,388.0416315722069,0.0,0.0,0.0,0.0,1.008015834306345,策略3 宏观状态,招商银行积存金代理
2022-08-26,385.7737986141986,0.0,0.0,0.0,-0.0,1.008015834306345,策略3 宏观状态,招商银行积存金代理
2022-08-30,385.2729147502776,0.0,0.0,0.0,-0.0,1.008015834306345,策略3 宏观状态,招商银行积存金代理
2022-08-31,379.2679544729855,0.0,0.0,0.0,-0.0,1.008015834306345,策略3 宏观状态,招商银行积存金代理
2022-09-01,378.76096505604,0.0,0.0,0.0,-0.0,1.008015834306345,策略3 宏观状态,招商银行积存金代理
2022-09-02,378.9607803365502,0.0,0.0,0.0,0.0,1.008015834306345,策略3 宏观状态,招商银行积存金代理
2022-09-05,381.60109893860675,0.0,0.0,0.0,0.0,1.008015834306345,策略3 宏观状态,招商银行积存金代理
2022-09-06,382.8248583499534,0.0,0.0,0.0,0.0,1.008015834306345,策略3 宏观状态,招商银行积存金代理
2022-09-07,381.82821114045487,0.0,0.0,0.0,-0.0,1.008015834306345,策略3 宏观状态,招商银行积存金代理
2022-09-08,384.74538694887195,0.0,0.0,0.0,0.0,1.008015834306345,策略3 宏观状态,招商银行积存金代理
2022-09-09,386.24388663935736,0.0,0.0,0.0,0.0,1.008015834306345,策略3 宏观状态,招商银行积存金代理
2022-09-12,384.3947384462094,0.0,0.0,0.0,-0.0,1.008015834306345,策略3 宏观状态,招商银行积存金代理
2022-09-13,384.4672043416469,0.0,0.0,0.0,0.0,1.008015834306345,策略3 宏观状态,招商银行积存金代理
2022-09-14,381.3127329065884,0.0,0.0,0.0,-0.0,1.008015834306345,策略3 宏观状态,招商银行积存金代理
2022-09-15,379.7381600613919,0.0,0.0,0.0,-0.0,1.008015834306345,策略3 宏观状态,招商银行积存金代理
2022-09-16,374.18485481952314,0.0,0.0,0.0,-0.0,1.008015834306345,策略3 宏观状态,招商银行积存金代理
2022-09-20,376.2919478039651,0.0,0.0,0.0,0.0,1.008015834306345,策略3 宏观状态,招商银行积存金代理
2022-09-21,379.42242166657206,0.0,0.0,0.0,0.0,1.008015834306345,策略3 宏观状态,招商银行积存金代理
2022-09-22,380.3759274590483,0.0,0.0,0.0,0.0,1.008015834306345,策略3 宏观状态,招商银行积存金代理
2022-09-23,378.0097405131057,0.0,0.0,0.0,-0.0,1.008015834306345,策略3 宏观状态,招商银行积存金代理
2022-09-26,377.66406266611546,0.0,0.0,0.0,-0.0,1.008015834306345,策略3 宏观状态,招商银行积存金代理
2022-09-27,376.70525988624576,0.0,0.0,0.0,-0.0,1.008015834306345,策略3 宏观状态,招商银行积存金代理
2022-09-28,374.5376018104434,0.0,0.0,0.0,-0.0,1.008015834306345,策略3 宏观状态,招商银行积存金代理
2022-09-29,377.13512579824334,0.0,0.0,0.0,0.0,1.008015834306345,策略3 宏观状态,招商银行积存金代理
2022-09-30,383.12448784101275,0.0,0.0,0.0,0.0,1.008015834306345,策略3 宏观状态,招商银行积存金代理
2022-10-04,390.9724284844777,0.0,0.0,0.0,0.0,1.008015834306345,策略3 宏观状态,招商银行积存金代理
2022-10-05,391.6586861479089,0.0,0.0,0.0,0.0,1.008015834306345,策略3 宏观状态,招商银行积存金代理
2022-10-06,392.5393834826456,0.0,0.0,0.0,0.0,1.008015834306345,策略3 宏观状态,招商银行积存金代理
2022-10-07,391.50999698749877,0.0,0.0,0.0,-0.0,1.008015834306345,策略3 宏观状态,招商银行积存金代理
2022-10-10,386.4007268390886,0.0,0.0,0.0,-0.0,1.008015834306345,策略3 宏观状态,招商银行积存金代理
2022-10-11,383.3216622134421,0.0,0.0,0.0,-0.0,1.008015834306345,策略3 宏观状态,招商银行积存金代理
2022-10-12,385.72045745901653,0.0,0.0,0.0,0.0,1.008015834306345,策略3 宏观状态,招商银行积存金代理
2022-10-13,386.4182022559732,0.0,0.0,0.0,0.0,1.008015834306345,策略3 宏观状态,招商银行积存金代理
2022-10-14,381.519975819598,0.0,0.0,0.0,-0.0,1.008015834306345,策略3 宏观状态,招商银行积存金代理
2022-10-17,383.56287002716243,0.0,0.0,0.0,0.0,1.008015834306345,策略3 宏观状态,招商银行积存金代理
2022-10-18,382.50359179425806,0.0,0.0,0.0,-0.0,1.008015834306345,策略3 宏观状态,招商银行积存金代理
2022-10-19,381.2381316848248,0.0,0.0,0.0,-0.0,1.008015834306345,策略3 宏观状态,招商银行积存金代理
2022-10-20,378.8915407439527,0.0,0.0,0.0,-0.0,1.008015834306345,策略3 宏观状态,招商银行积存金代理
2022-10-21,376.88479825838135,0.0,0.0,0.0,-0.0,1.008015834306345,策略3 宏观状态,招商银行积存金代理
2022-10-24,384.38239739126385,0.0,0.0,0.0,0.0,1.008015834306345,策略3 宏观状态,招商银行积存金代理
2022-10-25,385.77835144854015,0.0,0.0,0.0,0.0,1.008015834306345,策略3 宏观状态,招商银行积存金代理
2022-10-26,385.25629322491835,0.0,0.0,0.0,-0.0,1.008015834306345,策略3 宏观状态,招商银行积存金代理
2022-10-27,386.5216160320989,0.0,0.0,0.0,0.0,1.008015834306345,策略3 宏观状态,招商银行积存金代理
2022-10-28,383.2566435645639,0.0,0.0,0.0,-0.0,1.008015834306345,策略3 宏观状态,招商银行积存金代理
2022-10-31,382.07808588129456,0.0,0.0,0.0,-0.0,1.008015834306345,策略3 宏观状态,招商银行积存金代理
2022-11-01,387.94985185722084,0.0,0.0,0.0,0.0,1.008015834306345,策略3 宏观状态,招商银行积存金代理
2022-11-02,387.5233613081738,0.0,0.0,0.0,-0.0,1.008015834306345,策略3 宏观状态,招商银行积存金代理
2022-11-03,379.77850190555756,0.0,0.0,0.0,-0.0,1.008015834306345,策略3 宏观状态,招商银行积存金代理
2022-11-04,387.01650187078604,0.0,0.0,0.0,0.0,1.008015834306345,策略3 宏观状态,招商银行积存金代理
2022-11-07,387.52742386383596,0.0,0.0,0.0,0.0,1.008015834306345,策略3 宏观状态,招商银行积存金代理
2022-11-08,388.31281842955445,0.0,0.0,0.0,0.0,1.008015834306345,策略3 宏观状态,招商银行积存金代理
2022-11-09,397.3596973321912,0.0,0.0,0.0,0.0,1.008015834306345,策略3 宏观状态,招商银行积存金代理
2022-11-10,397.07041227092765,0.0,0.0,0.0,-0.0,1.008015834306345,策略3 宏观状态,招商银行积存金代理
2022-11-11,407.71382181789016,0.0,0.0,0.0,0.0,1.008015834306345,策略3 宏观状态,招商银行积存金代理
2022-11-14,401.5519641980915,0.0,0.0,0.0,-0.0,1.008015834306345,策略3 宏观状态,招商银行积存金代理
2022-11-15,403.6559818829665,0.0,0.0,0.0,0.0,1.008015834306345,策略3 宏观状态,招商银行积存金代理
2022-11-16,403.78373373800304,0.0,0.0,0.0,0.0,1.008015834306345,策略3 宏观状态,招商银行积存金代理
2022-11-17,402.0682038603761,0.0,0.0,0.0,-0.0,1.008015834306345,策略3 宏观状态,招商银行积存金代理
2022-11-18,406.0286864833912,0.0,0.0,0.0,0.0,1.008015834306345,策略3 宏观状态,招商银行积存金代理
2022-11-21,398.16751533549797,0.0,0.0,0.0,-0.0,1.008015834306345,策略3 宏观状态,招商银行积存金代理
2022-11-22,402.39414975757404,0.0,0.0,0.0,0.0,1.008015834306345,策略3 宏观状态,招商银行积存金代理
2022-11-23,398.41332942397815,0.0,0.0,0.0,-0.0,1.008015834306345,策略3 宏观状态,招商银行积存金代理
2022-11-24,404.38471547510517,0.0,0.0,0.0,0.0,1.008015834306345,策略3 宏观状态,招商银行积存金代理
2022-11-25,403.1191976096699,0.0,0.0,0.0,-0.0,1.008015834306345,策略3 宏观状态,招商银行积存金代理
2022-11-28,406.4135396047959,0.0,0.0,0.0,0.0,1.008015834306345,策略3 宏观状态,招商银行积存金代理
2022-11-29,406.7385429723636,0.0,0.0,0.0,0.0,1.008015834306345,策略3 宏观状态,招商银行积存金代理
2022-11-30,405.0363329746752,0.0,0.0,0.0,-0.0,1.008015834306345,策略3 宏观状态,招商银行积存金代理
2022-12-01,404.8680993417108,0.6,0.6,0.0037049103212599428,-0.0037049103212599428,1.00428122603783,策略3 宏观状态,招商银行积存金代理
2022-12-02,407.7982422828332,0.6,0.6,0.0,0.004342366730132596,1.0086421834214734,策略3 宏观状态,招商银行积存金代理
2022-12-05,405.20663022781997,0.6,0.6,0.0,-0.003813079782549633,1.0047961503040421,策略3 宏观状态,招商银行积存金代理
2022-12-06,396.8724073088258,0.6,0.6,0.0,-0.012340700715052555,0.992396261733503,策略3 宏观状态,招商银行积存金代理
2022-12-07,398.4735869299614,0.6,0.6,0.0,0.002420696815875667,0.9947985522043684,策略3 宏观状态,招商银行积存金代理
2022-12-08,399.57947209561377,0.6,0.6,0.0,0.001665182137926857,0.9964550729843344,策略3 宏观状态,招商银行积存金代理
2022-12-09,401.58134087284117,0.6,0.6,0.0,0.0030059633945584974,0.9994503804580476,策略3 宏观状态,招商银行积存金代理
2022-12-12,400.4853984297218,0.6,0.6,0.0,-0.0016374402865491522,0.9978138401406786,策略3 宏观状态,招商银行积存金代理
2022-12-13,400.4085818562979,0.6,0.6,0.0,-0.0001150852046917894,0.9976990065306417,策略3 宏观状态,招商银行积存金代理
2022-12-14,403.65441429736575,0.6,0.6,0.0,0.004863780530407524,1.0025515955338122,策略3 宏观状态,招商银行积存金代理
2022-12-15,396.82622143141367,0.6,0.6,0.0,-0.010149562532847977,0.9923761354225353,策略3 宏观状态,招商银行积存金代理
2022-12-16,399.0409741576548,0.6,0.6,0.0,0.003348699163455748,0.9956993045570582,策略3 宏观状态,招商银行积存金代理
2022-12-19,402.70022985442745,0.6,0.6,0.0,0.005502075125739303,1.0011777169333775,策略3 宏观状态,招商银行积存金代理
2022-12-20,405.28569318908035,0.6,0.6,0.0,0.0038521905024799796,1.005034444225843,策略3 宏观状态,招商银行积存金代理
2022-12-21,405.85209142677957,0.6,0.6,0.0,0.0008385169975910322,1.0058771826904906,策略3 宏观状态,招商银行积存金代理
2022-12-22,407.3880545268377,0.6,0.6,0.0,0.00227072344704462,1.0081612515940732,策略3 宏观状态,招商银行积存金代理
2022-12-23,403.53185993213737,0.6,0.6,0.0,-0.005679392734054245,1.0024355079070149,策略3 宏观状态,招商银行积存金代理
2022-12-28,403.31959124969455,0.6,0.6,0.0,-0.0003156162427598863,1.0021191229784003,策略3 宏观状态,招商银行积存金代理
2022-12-29,405.0145035975076,0.6,0.6,0.0,0.0025214431204216847,1.0046459093468771,策略3 宏观状态,招商银行积存金代理
2022-12-30,405.7287321070595,0.6,0.6,0.0,0.001058078419228714,1.0057089035025233,策略3 宏观状态,招商银行积存金代理
2023-01-03,406.91667316107936,0.6,0.6,0.0,0.0017567516816231253,1.0074756843099748,策略3 宏观状态,招商银行积存金代理
2023-01-04,412.92125808376494,0.6,0.6,0.0,0.008853780617107265,1.0163956529959253,策略3 宏观状态,招商银行积存金代理
2023-01-05,409.73401246585263,0.6,0.6,0.0,-0.00463126403232903,1.0116884563655897,策略3 宏观状态,招商银行积存金代理
2023-01-06,405.87460380372045,0.6,0.6,0.0,-0.005651581579335673,1.0059708165215673,策略3 宏观状态,招商银行积存金代理
2023-01-09,411.9127943996092,0.6,0.6,0.0,0.008926191300417762,1.0149503044724761,策略3 宏观状态,招商银行积存金代理
2023-01-10,408.21735492671075,0.6,0.6,0.0,-0.005382847325659989,1.0094869819403687,策略3 宏观状态,招商银行积存金代理
2023-01-11,410.5751927265736,0.6,0.6,0.0,0.003465562310969572,1.0129854219783958,策略3 宏观状态,招商银行积存金代理
2023-01-12,409.8160499075907,0.6,0.6,0.0,-0.001109384345325237,1.0118616318092104,策略3 宏观状态,招商银行积存金代理
2023-01-13,412.4654103291534,0.6,0.6,0.0,0.003878853093469825,1.015786494429917,策略3 宏观状态,招商银行积存金代理
2023-01-16,412.6425162267064,0.6,0.6,0.0,0.0002576301815150561,1.0160481916888577,策略3 宏观状态,招商银行积存金代理
2023-01-17,412.33576885321554,0.6,0.6,0.0,-0.00044602389927601567,1.0155950099125481,策略3 宏观状态,招商银行积存金代理
2023-01-18,416.2165251353892,0.6,0.6,0.0,0.0056469846789669815,1.0213300593735597,策略3 宏观状态,招商银行积存金代理
2023-01-19,413.78309881550814,0.6,0.6,0.0,-0.0035079236497246313,1.0177473115041087,策略3 宏观状态,招商银行积存金代理
2023-01-20,422.3509409168531,0.6,0.6,0.0,0.012423671424769899,1.0303914696956786,策略3 宏观状态,招商银行积存金代理
2023-01-23,420.2561231796865,0.6,0.6,0.0,-0.002975939013114237,1.027325087522231,策略3 宏观状态,招商银行积存金代理
2023-01-24,422.30904183758895,0.6,0.6,0.0,0.002930953594255703,1.0303361296799733,策略3 宏观状态,招商银行积存金代理
2023-01-25,420.0065722126455,0.6,0.6,0.0,-0.003271257865933519,1.0269656345112024,策略3 宏观状态,招商银行积存金代理
2023-01-26,422.29190362570364,0.6,0.6,0.0,0.003264708074950473,1.0303183775108875,策略3 宏观状态,招商银行积存金代理
2023-01-27,420.4788842267643,0.6,0.6,0.0,-0.0025759708628649847,1.0276643073909453,策略3 宏观状态,招商银行积存金代理
2023-01-30,420.1456170597268,0.6,0.6,0.0,-0.000475553726295197,1.0271755978001849,策略3 宏观状态,招商银行积存金代理
2023-01-31,413.327050264372,0.6,0.6,0.0,-0.00973743366845905,1.0171735435507459,策略3 宏观状态,招商银行积存金代理
2023-02-01,418.1118553318888,0.6,0.6,0.0,0.006945790358201353,1.024238617742158,策略3 宏观状态,招商银行积存金代理
2023-02-02,423.6693478612892,0.6,0.6,0.0,0.007975127887711774,1.032407051706185,策略3 宏观状态,招商银行积存金代理
2023-02-03,413.367462641887,0.6,0.6,0.0,-0.014589516949583659,1.0173447315264479,策略3 宏观状态,招商银行积存金代理
2023-02-06,408.0400307518359,0.6,0.6,0.0,-0.00773273037408817,1.0094778790200547,策略3 宏观状态,招商银行积存金代理
2023-02-07,409.2982132071875,0.6,0.6,0.0,0.0018500867961899646,1.0113455007150756,策略3 宏观状态,招商银行积存金代理
2023-02-08,410.6470085287558,0.6,0.6,0.0,0.001977231189453876,1.0133451645824034,策略3 宏观状态,招商银行积存金代理
2023-02-09,410.76022198152594,0.6,0.6,0.0,0.00016541718373996872,1.0135127892856852,策略3 宏观状态,招商银行积存金代理
2023-02-10,406.3223697760818,0.6,0.6,0.0,-0.006482398199176731,1.006942795805577,策略3 宏观状态,招商银行积存金代理
2023-02-13,406.81064902783316,0.6,0.6,0.0,0.0007210224512429253,1.0076688241684701,策略3 宏观状态,招商银行积存金代理
2023-02-14,408.0619291737448,0.6,0.6,0.0,0.0018454976273141188,1.0095284745925914,策略3 宏观状态,招商银行积存金代理
2023-02-15,402.8037887338176,0.6,0.6,0.0,-0.007731385945129409,1.0017234203329182,策略3 宏观状态,招商银行积存金代理
2023-02-16,404.7456217187534,0.6,0.6,0.0,0.0028924747570619577,1.0046208800397889,策略3 宏观状态,招商银行积存金代理
2023-02-17,402.38340879844947,0.6,0.6,0.0,-0.003501774141900937,1.001102924619652,策略3 宏观状态,招商银行积存金代理
2023-02-20,406.6036215973642,0.6,0.6,0.0,0.006292823272485304,1.0074026884018517,策略3 宏观状态,招商银行积存金代理
2023-02-21,403.9720902451954,0.6,0.6,0.0,-0.003883189247302887,1.0034907531145456,策略3 宏观状态,招商银行积存金代理
2023-02-22,405.11178544802266,0.6,0.6,0.0,0.001692733577909644,1.0051893956074645,策略3 宏观状态,招商银行积存金代理
2023-02-23,404.77985737520476,0.6,0.6,0.0,-0.0004916096022002714,1.0046952348485538,策略3 宏观状态,招商银行积存金代理
2023-02-24,405.06914707016347,0.6,0.6,0.0,0.0004288104109250401,1.0051260586250639,策略3 宏观状态,招商银行积存金代理
2023-02-27,404.5188482588042,0.6,0.6,0.0,-0.0008151183302991693,1.0043067619504171,策略3 宏观状态,招商银行积存金代理
2023-02-28,404.12999668617,0.6,0.6,0.0,-0.0005767616134199737,1.003727516362026,策略3 宏观状态,招商银行积存金代理
2023-03-01,408.6479559244351,0.6,0.6,0.0,0.0067076820953336554,1.0104602014521211,策略3 宏观状态,招商银行积存金代理
2023-03-02,404.4711508232602,0.6,0.6,0.0,-0.006132621060187948,1.0042634319402142,策略3 宏观状态,招商银行积存金代理
2023-03-03,410.23591137884165,0.6,0.6,0.0,0.008551552629424152,1.012851443532257,策略3 宏观状态,招商银行积存金代理
2023-03-06,411.18622395129853,0.6,0.6,0.0,0.0013899015850603823,1.0142592073590533,策略3 宏观状态,招商银行积存金代理
2023-03-07,410.60459869670177,0.6,0.6,0.0,-0.0008487034157043771,1.0133984021053581,策略3 宏观状态,招商银行积存金代理
2023-03-08,405.85349442689966,0.6,0.6,0.0,-0.006942597747150292,1.0063627846419358,策略3 宏观状态,招商银行积存金代理
2023-03-09,406.1337169806836,0.6,0.6,0.0,0.000414271491016116,1.0067796920532324,策略3 宏观状态,招商银行积存金代理
2023-03-10,410.81767782278274,0.6,0.6,0.0,0.006919830557661343,1.0137464369311353,策略3 宏观状态,招商银行积存金代理
2023-03-13,417.840005867626,0.6,0.6,0.0,0.010256123468775247,1.024143545554332,策略3 宏观状态,招商银行积存金代理
2023-03-14,418.4311977473783,0.6,0.6,0.0,0.0008489257200607004,1.0250129673511874,策略3 宏观状态,招商银行积存金代理
2023-03-15,421.0195937718673,0.6,0.6,0.0,0.003711572232314797,1.0288173770185707,策略3 宏观状态,招商银行积存金代理
2023-03-16,426.1640763880382,0.6,0.6,0.0,0.007331462989760729,1.036360113541405,策略3 宏观状态,招商银行积存金代理
2023-03-17,428.195950867396,0.6,0.6,0.0,0.002860693228644173,1.0393248219006497,策略3 宏观状态,招商银行积存金代理
2023-03-20,438.790351857703,0.6,0.6,0.0,0.014845167455011054,1.0547537729219143,策略3 宏观状态,招商银行积存金代理
2023-03-21,434.7171253864212,0.6,0.6,0.0,-0.005569711987563619,1.048879098188943,策略3 宏观状态,招商银行积存金代理
2023-03-22,429.71894865449934,0.6,0.6,0.0,-0.006898522887699365,1.0416433817236572,策略3 宏观状态,招商银行积存金代理
2023-03-23,437.37753214103634,0.6,0.6,0.0,0.010693384842139596,1.052782075272696,策略3 宏观状态,招商银行积存金代理
2023-03-24,437.5893106804763,0.6,0.6,0.0,0.0002905204641901804,1.0530879300098952,策略3 宏观状态,招商银行积存金代理
2023-03-27,433.8789831410762,0.6,0.6,0.0,-0.00508741065950209,1.0477304392493698,策略3 宏观状态,招商银行积存金代理
2023-03-28,430.8812239368086,0.6,0.6,0.0,-0.004145523504132753,1.0433870480874663,策略3 宏观状态,招商银行积存金代理
2023-03-29,435.19433611934005,0.6,0.6,0.0,0.006005987649855005,1.0496536178122982,策略3 宏观状态,招商银行积存金代理
2023-03-30,434.73063260255554,0.6,0.6,0.0,-0.0006393054481168559,1.0489825685357954,策略3 宏观状态,招商银行积存金代理
2023-03-31,437.09413942072905,0.6,0.6,0.0,0.003262029368426411,1.0524043804813266,策略3 宏观状态,招商银行积存金代理
2023-04-03,434.0616740678608,0.6,0.6,0.0,-0.004162671259176065,1.0480235670136662,策略3 宏观状态,招商银行积存金代理
2023-04-04,438.39154123537156,0.6,0.6,0.0,0.005985140950500778,1.0542961357816893,策略3 宏观状态,招商银行积存金代理
2023-04-05,447.2294402515847,0.6,0.6,0.0,0.012095898097816749,1.0670487944050269,策略3 宏观状态,招商银行积存金代理
2023-04-06,445.8791485024899,0.6,0.6,0.0,-0.001811542301421709,1.0651157903762811,策略3 宏观状态,招商银行积存金代理
2023-04-11,443.079988999127,0.6,0.6,0.0,-0.0037667060854009726,1.0611038122470142,策略3 宏观状态,招商银行积存金代理
2023-04-12,443.95603436450705,0.6,0.6,0.0,0.0011863032235226,1.0623626031199749,策略3 宏观状态,招商银行积存金代理
2023-04-13,447.59362264881463,0.6,0.6,0.0,0.00491614664886515,1.0675853334711831,策略3 宏观状态,招商银行积存金代理
2023-04-14,449.48150458539766,0.6,0.6,0.0,0.0025307088944798383,1.070287081170215,策略3 宏观状态,招商银行积存金代理
2023-04-17,444.48445936428294,0.6,0.6,0.0,-0.006670412691250571,1.0631478246406956,策略3 宏观状态,招商银行积存金代理
2023-04-18,441.9116032227181,0.6,0.6,0.0,-0.0034730431006446904,1.0594554664233617,策略3 宏观状态,招商银行积存金代理
2023-04-19,437.4316728596796,0.6,0.6,0.0,-0.006082569903620238,1.0530112544890693,策略3 宏观状态,招商银行积存金代理
2023-04-20,440.5716713490697,0.6,0.6,0.0,0.004306956287178609,1.0575465279320608,策略3 宏观状态,招商银行积存金代理
2023-04-21,438.8151733739813,0.6,0.6,0.0,-0.0023921165467264195,1.0550167533836614,策略3 宏观状态,招商银行积存金代理
2023-04-24,440.28214001438016,0.6,0.6,0.0,0.0020058102765038387,1.057132916829482,策略3 宏观状态,招商银行积存金代理
2023-04-25,443.52824590862,0.6,0.6,0.0,0.0044236714586703306,1.0618093255416816,策略3 宏观状态,招商银行积存金代理
2023-04-26,445.1277351554481,0.6,0.6,0.0,0.002163770981779933,1.064106837748472,策略3 宏观状态,招商银行积存金代理
2023-04-27,444.59120785945174,0.6,0.6,0.0,-0.0007231999989517401,1.0633372756845276,策略3 宏观状态,招商银行积存金代理
2023-04-28,441.26397908689455,0.6,0.6,0.0,-0.004490276074387456,1.058562597756517,策略3 宏观状态,招商银行积存金代理
2023-05-02,440.118254151174,0.6,0.6,0.0,-0.0015578769036503014,1.0569134875344042,策略3 宏观状态,招商银行积存金代理
2023-05-03,448.11676853829215,0.6,0.6,0.0,0.0109041344843253,1.0684382143407765,策略3 宏观状态,招商银行积存金代理
2023-05-04,452.05077864371606,0.6,0.6,0.0,0.005267390619979961,1.0740660957690233,策略3 宏观状态,招商银行积存金代理
2023-05-05,452.6835453828112,0.6,0.6,0.0,0.0008398614965252182,1.0749681625275829,策略3 宏观状态,招商银行积存金代理
2023-05-09,450.6228408460646,0.6,0.6,0.0,-0.0027313180137846114,1.0720320826210263,策略3 宏观状态,招商银行积存金代理
2023-05-10,452.3479197875636,0.6,0.6,0.0,0.002296926101118313,1.0744944610928349,策略3 宏观状态,招商银行积存金代理
2023-05-11,452.49935926491867,0.6,0.6,0.0,0.00020087123746628243,1.0747102961248853,策略3 宏观状态,招商银行积存金代理
2023-05-12,448.23292077943927,0.6,0.6,0.0,-0.005657164013328342,1.068630483712894,策略3 宏观状态,招商银行积存金代理
2023-05-15,450.4178012240768,0.6,0.6,0.0,0.0029246586004949113,1.071755863047836,策略3 宏观状态,招商银行积存金代理
2023-05-16,450.8264067107552,0.6,0.6,0.0,0.0005443019599598031,1.0723392218646914,策略3 宏观状态,招商银行积存金代理
2023-05-17,446.7182613992807,0.6,0.6,0.0,-0.0054674862656528544,1.0664762218970252,策略3 宏观状态,招商银行积存金代理
2023-05-19,442.1740293054796,0.6,0.6,0.0,-0.00610348734734989,1.0599669977704274,策略3 宏观状态,招商银行积存金代理
2023-05-22,447.84765293579886,0.6,0.6,0.0,0.007698720305981066,1.0681273872198322,策略3 宏观状态,招商银行积存金代理
2023-05-23,444.5828998654912,0.6,0.6,0.0,-0.004373924546313112,1.063455478622282,策略3 宏观状态,招商银行积存金代理
2023-05-24,448.6898047547749,0.6,0.6,0.0,0.005542594945320145,1.069349781582667,策略3 宏观状态,招商银行积存金代理
2023-05-25,446.5090033669669,0.6,0.6,0.0,-0.002916225906670489,1.066231316046323,策略3 宏观状态,招商银行积存金代理
2023-05-26,444.5066188031238,0.6,0.6,0.0,-0.00269072007338329,1.0633623860413672,策略3 宏观状态,招商银行积存金代理
2023-05-30,443.6967153640923,0.6,0.6,0.0,-0.0010932167100848433,1.062199900512071,策略3 宏观状态,招商银行积存金代理
2023-05-31,447.8617254612142,0.6,0.6,0.0,0.005632239256543636,1.0681824644900317,策略3 宏观状态,招商银行积存金代理
2023-06-01,446.68362036540395,0.6,0.6,0.0,-0.001578306466707291,1.0664965451987038,策略3 宏观状态,招商银行积存金代理
2023-06-02,451.7576270294143,0.6,0.6,0.0,0.006815571155073385,1.0737653282891457,策略3 宏观状态,招商银行积存金代理
2023-06-05,443.72732430511587,0.6,0.6,0.0,-0.010665412925646866,1.062313177677699,策略3 宏观状态,招商银行积存金代理
2023-06-06,449.02935225291395,0.6,0.6,0.0,0.007169305549665372,1.0699292254379065,策略3 宏观状态,招商银行积存金代理
2023-06-07,449.9236777850057,0.6,0.6,0.0,0.0011950116769934738,1.0712078033558614,策略3 宏观状态,招商银行积存金代理
2023-06-08,445.2005159505256,0.6,0.6,0.0,-0.006298617389152428,1.0644606752582484,策略3 宏观状态,招商银行积存金代理
2023-06-09,448.9271912156397,0.6,0.6,0.0,0.005022467582488054,1.0698068944925665,策略3 宏观状态,招商银行积存金代理
2023-06-12,451.173546044374,0.6,0.6,0.0,0.0030022973070329417,1.0730187728509468,策略3 宏观状态,招商银行积存金代理
2023-06-13,452.5219566389302,0.6,0.6,0.0,0.0017932043308543921,1.0749429147615113,策略3 宏观状态,招商银行积存金代理
2023-06-14,449.4892679948443,0.6,0.6,0.0,-0.004021049497722883,1.0706205160940288,策略3 宏观状态,招商银行积存金代理
2023-06-15,442.8609400148533,0.6,0.6,0.0,-0.00884781255342495,1.0611478664517777,策略3 宏观状态,招商银行积存金代理
2023-06-16,449.60234268894806,0.6,0.6,0.0,0.009133434988240773,1.0708397915029255,策略3 宏观状态,招商银行积存金代理
2023-06-19,449.9152188513944,0.6,0.6,0.0,0.0004175371870730249,1.0712869069372755,策略3 宏观状态,招商银行积存金代理
2023-06-20,451.0815975394708,0.6,0.6,0.0,0.0015554646376099157,1.0729532558377508,策略3 宏观状态,招商银行积存金代理
2023-06-21,446.63812878876894,0.6,0.6,0.0,-0.005910419012799206,1.0666116525146025,策略3 宏观状态,招商银行积存金代理
2023-06-22,444.95956199048135,0.6,0.6,0.0,-0.0022549352911355844,1.0642065122574107,策略3 宏观状态,招商银行积存金代理
2023-06-23,442.97473238747386,0.6,0.6,0.0,-0.0026764179568973035,1.0613582508381578,策略3 宏观状态,招商银行积存金代理
2023-06-26,449.159582783042,0.6,0.6,0.0,0.008377250362205624,1.0702495146294217,策略3 宏观状态,招商银行积存金代理
2023-06-27,446.52299881666914,0.6,0.6,0.0,-0.003522022996864038,1.0664800712265143,策略3 宏观状态,招商银行积存金代理
2023-06-28,444.7672446397275,0.6,0.6,0.0,-0.0023592345947616167,1.063963994547853,策略3 宏观状态,招商银行积存金代理
2023-06-29,443.9307539008409,0.6,0.6,0.0,-0.0011284429089163384,1.062763371922863,策略3 宏观状态,招商银行积存金代理
2023-06-30,443.8141785078888,0.6,0.6,0.0,-0.00015755888763426817,1.0625959241081646,策略3 宏观状态,招商银行积存金代理
2023-07-03,445.45396946548635,0.6,0.6,0.0,0.002216861520437119,1.0649515521240933,策略3 宏观状态,招商银行积存金代理
2023-07-04,447.5464835869562,0.6,0.6,0.0,0.0028184920529239488,1.067953109610504,策略3 宏观状态,招商银行积存金代理
2023-07-05,449.2498693121718,0.6,0.6,0.0,0.0022836319189418752,1.0703919214195439,策略3 宏观状态,招商银行积存金代理
2023-07-06,447.2908933843058,0.6,0.6,0.0,-0.0026163292123361436,1.067591423766885,策略3 宏观状态,招商银行积存金代理
2023-07-07,446.4751582271554,0.6,0.6,0.0,-0.0010942344266993587,1.0664232284773505,策略3 宏观状态,招商银行积存金代理
2023-07-10,447.5148032137241,0.6,0.6,0.0,0.0013971370645079694,1.0679131678963085,策略3 宏观状态,招商银行积存金代理
2023-07-11,448.77468028997913,0.6,0.6,0.0,0.0016891647836551281,1.0697170492115207,策略3 宏观状态,招商银行积存金代理
2023-07-12,445.9382260044554,0.6,0.6,0.0,-0.0037922651300527077,1.065660398546773,策略3 宏观状态,招商银行积存金代理
2023-07-13,450.46861728596264,0.6,0.6,0.0,0.006095541064643317,1.0721561752670787,策略3 宏观状态,招商银行积存金代理
2023-07-14,449.755995978764,0.6,0.6,0.0,-0.000949173300673567,1.0711385132513631,策略3 宏观状态,招商银行积存金代理
2023-07-17,450.71750331429337,0.6,0.6,0.0,0.0012827053034882852,1.0725124683030811,策略3 宏观状态,招商银行积存金代理
2023-07-18,452.85700356804995,0.6,0.6,0.0,0.002848125805664159,1.0755671187409517,策略3 宏观状态,招商银行积存金代理
2023-07-19,459.5600202351131,0.6,0.6,0.0,0.008880971186379271,1.085119199331507,策略3 宏观状态,招商银行积存金代理
2023-07-20,457.19115362975344,0.6,0.6,0.0,-0.0030927841862498084,1.0817631598316186,策略3 宏观状态,招商银行积存金代理
2023-07-21,453.10723567908644,0.6,0.6,0.0,-0.005359576078728256,1.0759653678773355,策略3 宏观状态,招商银行积存金代理
2023-07-24,453.88231087299033,0.6,0.6,0.0,0.0010263467005671156,1.077069681382581,策略3 宏观状态,招商银行积存金代理
2023-07-25,450.3516913434291,0.6,0.6,0.0,-0.004667226871349772,1.072042752823316,策略3 宏观状态,招商银行积存金代理
2023-07-26,453.31910251475733,0.6,0.6,0.0,0.003953458457068892,1.076281029310805,策略3 宏观状态,招商银行积存金代理
2023-07-27,455.52165118245864,0.6,0.6,0.0,0.0029152294560050415,1.0794186354703912,策略3 宏观状态,招商银行积存金代理
2023-07-28,449.7446071554636,0.6,0.6,0.0,-0.007609356014580837,1.0712049547843239,策略3 宏观状态,招商银行积存金代理
2023-07-31,446.1236217406222,0.6,0.6,0.0,-0.004830722179518787,1.066030261250437,策略3 宏观状态,招商银行积存金代理
2023-08-01,451.4805903936513,0.6,0.6,0.0,0.007204687300073553,1.073710675935162,策略3 宏观状态,招商银行积存金代理
2023-08-02,450.7252745768761,0.6,0.6,0.0,-0.0010037851010826547,1.072632901155785,策略3 宏观状态,招商银行积存金代理
2023-08-03,446.0474656906753,0.6,0.6,0.0,-0.006227042258402871,1.0659535707525347,策略3 宏观状态,招商银行积存金代理
2023-08-04,445.3796265402272,0.6,0.6,0.0,-0.0008983427125819343,1.0649959791302983,策略3 宏观状态,招商银行积存金代理
2023-08-07,447.88451320612785,0.6,0.6,0.0,0.0033744965193297726,1.068589804354974,策略3 宏观状态,招商银行积存金代理
2023-08-08,448.85453607303833,0.6,0.6,0.0,0.0012994727501963066,1.0699784076868706,策略3 宏观状态,招商银行积存金代理
2023-08-09,446.92959615796525,0.6,0.6,0.0,-0.0025731364088429575,1.0672252072893758,策略3 宏观状态,招商银行积存金代理
2023-08-10,445.3825527405905,0.6,0.6,0.0,-0.002076895462740369,1.0650086920986341,策略3 宏观状态,招商银行积存金代理
2023-08-11,444.90703884385687,0.6,0.6,0.0,-0.0006405916358523056,1.0643264564383659,策略3 宏观状态,招商银行积存金代理
2023-08-14,446.47238146557015,0.6,0.6,0.0,0.002111015315623277,1.0665732658887301,策略3 宏观状态,招商银行积存金代理
2023-08-15,445.76058096860913,0.6,0.6,0.0,-0.0009565659958062911,1.0655530181705448,策略3 宏观状态,招商银行积存金代理
2023-08-16,447.3428986263823,0.6,0.6,0.0,0.002129821781461505,1.0678224561979466,策略3 宏观状态,招商银行积存金代理
2023-08-17,443.3174235998307,0.6,0.6,0.0,-0.00539918041249201,1.0620570901084234,策略3 宏观状态,招商银行积存金代理
2023-08-18,442.8024689643231,0.6,0.6,0.0,-0.000696956097045831,1.0613168829440616,策略3 宏观状态,招商银行积存金代理
2023-08-21,437.4089688094962,0.6,0.6,0.0,-0.007308225043245886,1.0535605403213102,策略3 宏观状态,招商银行积存金代理
2023-08-22,445.9003347817872,0.6,0.6,0.0,0.01164772546214885,1.065832124252726,策略3 宏观状态,招商银行积存金代理
2023-08-23,439.0690945909093,0.6,0.6,0.0,-0.009192063326286947,1.056034927871404,策略3 宏观状态,招商银行积存金代理
2023-08-24,449.3379975542301,0.6,0.6,0.0,0.014032738477603734,1.0708539898374385,策略3 宏观状态,招商银行积存金代理
2023-08-25,448.6712545474984,0.6,0.6,0.0,-0.0008903004113084644,1.069900608089835,策略3 宏观状态,招商银行积存金代理
2023-08-29,450.1723631570874,0.6,0.6,0.0,0.002007405548326746,1.0720483325066728,策略3 宏观状态,招商银行积存金代理
2023-08-30,453.9095698800467,0.6,0.6,0.0,0.004981034415462604,1.0773882421459278,策略3 宏观状态,招商银行积存金代理
2023-08-31,453.61053194667613,0.6,0.6,0.0,-0.0003952830517976569,1.0769623688336014,策略3 宏观状态,招商银行积存金代理
2023-09-01,453.63386342141877,0.6,0.6,0.0,3.086102252853884e-05,1.0769956049935283,策略3 宏观状态,招商银行积存金代理
2023-09-04,454.0455020368219,0.6,0.6,0.0,0.0005444548768450908,1.077581980503008,策略3 宏观状态,招商银行积存金代理
2023-09-05,453.60550164089744,0.6,0.6,0.0,-0.0005814400459213775,1.0769554311867804,策略3 宏观状态,招商银行积存金代理
2023-09-06,452.41783273694256,0.6,0.6,0.0,-0.0015709715596374351,1.0752635648333888,策略3 宏观状态,招商银行积存金代理
2023-09-07,452.30559049212155,0.6,0.6,0.0,-0.00014885652602414368,1.0751035048345674,策略3 宏观状态,招商银行积存金代理
2023-09-08,453.64847762695246,0.6,0.6,0.0,0.0017813891710289464,1.077018682575815,策略3 宏观状态,招商银行积存金代理
2023-09-11,451.4305939515765,0.6,0.6,0.0,-0.0029333950643605222,1.0738593612881229,策略3 宏观状态,招商银行积存金代理
2023-09-12,449.80529161065897,0.6,0.6,0.0,-0.0021602022938106646,1.0715396078326382,策略3 宏观状态,招商银行积存金代理
2023-09-13,446.86436799784275,0.6,0.6,0.0,-0.003922928877451004,1.0673360341617388,策略3 宏观状态,招商银行积存金代理
2023-09-14,445.9674855298854,0.6,0.6,0.0,-0.00120423448212148,1.0660507113053905,策略3 宏观状态,招商银行积存金代理
2023-09-15,448.833074293158,0.6,0.6,0.0,0.0038553332109418467,1.0701606920172344,策略3 宏观状态,招商银行积存金代理
2023-09-18,451.5447449599409,0.6,0.6,0.0,0.0036249610228301418,1.0740399828139617,策略3 宏观状态,招商银行积存金代理
2023-09-19,453.87163530684126,0.6,0.6,0.0,0.003091906668660416,1.077360814199232,策略3 宏观状态,招商银行积存金代理
2023-09-20,452.13827881732703,0.6,0.6,0.0,-0.0022914273834394594,1.074892120127731,策略3 宏观状态,招商银行积存金代理
2023-09-21,451.82479468954176,0.6,0.6,0.0,-0.0004160021070615194,1.074444962740894,策略3 宏观状态,招商银行积存金代理
2023-09-22,452.4825410892146,0.6,0.6,0.0,0.0008734532598523081,1.075383440196132,策略3 宏观状态,招商银行积存金代理
2023-09-25,451.83527115857095,0.6,0.6,0.0,-0.000858291587231852,1.0744604476363633,策略3 宏观状态,招商银行积存金代理
2023-09-26,449.47552277311456,0.6,0.6,0.0,-0.003133551366283105,1.071093570632655,策略3 宏观状态,招商银行积存金代理
2023-09-27,445.38009264397203,0.6,0.6,0.0,-0.005466945257274624,1.0652379607165874,策略3 宏观状态,招商银行积存金代理
2023-09-28,439.84609119156056,0.6,0.6,0.0,-0.007455207195578772,1.0572963910068496,策略3 宏观状态,招商银行积存金代理
2023-09-29,439.2593480999545,0.6,0.6,0.0,-0.0008003841844085313,1.0564501476972554,策略3 宏观状态,招商银行积存金代理
2023-10-02,422.86269827124664,0.6,0.6,0.0,-0.02239676842343725,1.0327890783883737,策略3 宏观状态,招商银行积存金代理
2023-10-04,422.07330886083895,0.6,0.6,0.0,-0.0011200648536296097,1.0316322876404584,策略3 宏观状态,招商银行积存金代理
2023-10-05,421.805182824773,0.6,0.6,0.0,-0.00038115563875331656,1.0312390751769043,策略3 宏观状态,招商银行积存金代理
2023-10-06,421.6084831098362,0.6,0.6,0.0,-0.00027979701001235036,1.030950537567062,策略3 宏观状态,招商银行积存金代理
2023-10-09,434.16393797776755,0.6,0.6,0.0,0.017867934879280598,1.0493714946360693,策略3 宏观状态,招商银行积存金代理
2023-10-10,436.17347761854876,0.6,0.6,0.0,0.002777116381624678,1.052285721404233,策略3 宏观状态,招商银行积存金代理
2023-10-11,438.81167427412197,0.6,0.6,0.0,0.00362910189309642,1.0561045735078596,策略3 宏观状态,招商银行积存金代理
2023-10-12,441.59746253136797,0.6,0.6,0.0,0.0038090895305202374,1.060127370381943,策略3 宏观状态,招商银行积存金代理
2023-10-13,442.9707422569659,0.6,0.6,0.0,0.0018658799138825176,1.0621054407484956,策略3 宏观状态,招商银行积存金代理
2023-10-16,449.94169723450005,0.6,0.6,0.0,0.009442097609449362,1.07213394399157,策略3 宏观状态,招商银行积存金代理
2023-10-17,452.1581043846261,0.6,0.6,0.0,0.0029555924650888966,1.0753027349979976,策略3 宏观状态,招商银行积存金代理
2023-10-18,457.06616419522635,0.6,0.6,0.0,0.006512845524173505,1.0823060156027606,策略3 宏观状态,招商银行积存金代理
2023-10-19,458.05072687329175,0.6,0.6,0.0,0.0012924553447954067,1.0837048477973308,策略3 宏观状态,招商银行积存金代理
2023-10-20,466.40712917249664,0.6,0.6,0.0,0.010946039565853294,1.0955671239390274,策略3 宏观状态,招商银行积存金代理
2023-10-23,465.8278580726853,0.6,0.6,0.0,-0.000745191567940795,1.0947507165561547,策略3 宏观状态,招商银行积存金代理
2023-10-24,462.3189466079285,0.6,0.6,0.0,-0.004519581305344622,1.089802901683595,策略3 宏观状态,招商银行积存金代理
2023-10-25,463.3895610577036,0.6,0.6,0.0,0.0013894491553464226,1.0913171274048332,策略3 宏观状态,招商银行积存金代理
2023-10-26,468.34820242688613,0.6,0.6,0.0,0.0064204830482554875,1.098323910521607,策略3 宏观状态,招商银行积存金代理
2023-10-27,467.4427613767249,0.6,0.6,0.0,-0.001159958823972551,1.0970499000100176,策略3 宏观状态,招商银行积存金代理
2023-10-30,459.42899167075814,0.6,0.6,0.0,-0.0102863114393271,1.0857653030740317,策略3 宏观状态,招商银行积存金代理
2023-10-31,469.6147289684296,0.6,0.6,0.0,0.013302256691241876,1.1002084318419665,策略3 宏观状态,招商银行积存金代理
2023-11-01,466.2815804222142,0.0,0.0,0.003216940284541719,-0.00747551439724528,1.0919838078697612,策略3 宏观状态,招商银行积存金代理
2023-11-02,467.29496909120786,0.0,0.0,0.0,0.0,1.0919838078697612,策略3 宏观状态,招商银行积存金代理
2023-11-03,467.60326902624234,0.0,0.0,0.0,0.0,1.0919838078697612,策略3 宏观状态,招商银行积存金代理
2023-11-06,466.2774378741787,0.0,0.0,0.0,-0.0,1.0919838078697612,策略3 宏观状态,招商银行积存金代理
2023-11-07,459.8569846853164,0.0,0.0,0.0,-0.0,1.0919838078697612,策略3 宏观状态,招商银行积存金代理
2023-11-08,458.6562437585073,0.0,0.0,0.0,-0.0,1.0919838078697612,策略3 宏观状态,招商银行积存金代理
2023-11-09,455.60751232111176,0.0,0.0,0.0,-0.0,1.0919838078697612,策略3 宏观状态,招商银行积存金代理
2023-11-10,457.3639473660969,0.0,0.0,0.0,0.0,1.0919838078697612,策略3 宏观状态,招商银行积存金代理
2023-11-13,447.35764698141634,0.0,0.0,0.0,-0.0,1.0919838078697612,策略3 宏观状态,招商银行积存金代理
2023-11-14,456.1677496076416,0.0,0.0,0.0,0.0,1.0919838078697612,策略3 宏观状态,招商银行积存金代理
2023-11-15,460.1187903833627,0.0,0.0,0.0,0.0,1.0919838078697612,策略3 宏观状态,招商银行积存金代理
2023-11-16,458.11167116879005,0.0,0.0,0.0,-0.0,1.0919838078697612,策略3 宏观状态,招商银行积存金代理
2023-11-17,463.7796151321148,0.0,0.0,0.0,0.0,1.0919838078697612,策略3 宏观状态,招商银行积存金代理
2023-11-20,458.0429380670561,0.0,0.0,0.0,-0.0,1.0919838078697612,策略3 宏观状态,招商银行积存金代理
2023-11-21,458.24240983016347,0.0,0.0,0.0,0.0,1.0919838078697612,策略3 宏观状态,招商银行积存金代理
2023-11-22,455.6754818619314,0.0,0.0,0.0,-0.0,1.0919838078697612,策略3 宏观状态,招商银行积存金代理
2023-11-23,458.3236518929469,0.0,0.0,0.0,0.0,1.0919838078697612,策略3 宏观状态,招商银行积存金代理
2023-11-24,454.53402498644664,0.0,0.0,0.0,-0.0,1.0919838078697612,策略3 宏观状态,招商银行积存金代理
2023-11-27,458.04070594977446,0.0,0.0,0.0,0.0,1.0919838078697612,策略3 宏观状态,招商银行积存金代理
2023-11-28,461.69836198688387,0.0,0.0,0.0,0.0,1.0919838078697612,策略3 宏观状态,招商银行积存金代理
2023-11-29,462.75208020637837,0.0,0.0,0.0,0.0,1.0919838078697612,策略3 宏观状态,招商银行积存金代理
2023-11-30,463.798184789413,0.0,0.0,0.0,0.0,1.0919838078697612,策略3 宏观状态,招商银行积存金代理
2023-12-01,465.0929832944444,0.6,0.6,0.003225161535172783,-0.003225161535172783,1.0884619836955882,策略3 宏观状态,招商银行积存金代理
2023-12-04,469.2847558542983,0.6,0.6,0.0,0.005407657449693337,1.0943480132504277,策略3 宏观状态,招商银行积存金代理
2023-12-05,464.183492433774,0.6,0.6,0.0,-0.006522176597751783,1.0872104822486097,策略3 宏观状态,招商银行积存金代理
2023-12-06,464.38909751605,0.6,0.6,0.0,0.0002657635425999505,1.0874994231579238,策略3 宏观状态,招商银行积存金代理
2023-12-07,467.05759293945243,0.6,0.6,0.0,0.003447749446758053,1.091248848692466,策略3 宏观状态,招商银行积存金代理
2023-12-08,466.5736850797232,0.6,0.6,0.0,-0.0006216464954787559,1.0905704776699812,策略3 宏观状态,招商银行积存金代理
2023-12-11,456.40654709806546,0.6,0.6,0.0,-0.013074639620861328,1.0763116616932957,策略3 宏观状态,招商银行积存金代理
2023-12-12,458.29018366227194,0.6,0.6,0.0,0.002476261450914352,1.0789768907703166,策略3 宏观状态,招商银行积存金代理
2023-12-13,457.1708534632184,0.6,0.6,0.0,-0.0014654429515929435,1.0773957116908055,策略3 宏观状态,招商银行积存金代理
2023-12-14,469.01364324492164,0.6,0.6,0.0,0.015542709722621506,1.0941413604940131,策略3 宏观状态,招商银行积存金代理
2023-12-15,464.33633331609286,0.6,0.6,0.0,-0.0059835913042549866,1.0875944657637353,策略3 宏观状态,招商银行积存金代理
2023-12-18,459.40609336794677,0.6,0.6,0.0,-0.006370692441321246,1.0806657359214715,策略3 宏观状态,招商银行积存金代理
2023-12-19,464.56002430478725,0.6,0.6,0.0,0.006731209286829331,1.0879399231590643,策略3 宏观状态,招商银行积存金代理
2023-12-20,462.7169782696868,0.6,0.6,0.0,-0.002380376190816502,1.0853502168689375,策略3 宏观状态,招商银行积存金代理
2023-12-21,466.6005553852911,0.6,0.6,0.0,0.005035791593548255,1.0908158143671018,策略3 宏观状态,招商银行积存金代理
2023-12-22,471.7768734819876,0.6,0.6,0.0,0.006656209089706921,1.098076512505888,策略3 宏观状态,招商银行积存金代理
2023-12-27,473.43535699903714,0.6,0.6,0.0,0.002109238850317885,1.100392618146687,策略3 宏观状态,招商银行积存金代理
2023-12-28,476.9855133020899,0.6,0.6,0.0,0.004499228353652418,1.1053435358144024,策略3 宏观状态,招商银行积存金代理
2023-12-29,471.24881358519883,0.6,0.6,0.0,-0.007216193645601731,1.0973671628150514,策略3 宏观状态,招商银行积存金代理
2024-01-02,471.54337771153536,0.6,0.6,0.0,0.0003750428026700003,1.0977787224713518,策略3 宏观状态,招商银行积存金代理
2024-01-03,468.1918086110581,0.6,0.6,0.0,-0.0042645948503099,1.0930971409847205,策略3 宏观状态,招商银行积存金代理
2024-01-04,467.66478273044305,0.6,0.6,0.0,-0.0006753973960097914,1.0923588660221137,策略3 宏观状态,招商银行积存金代理
2024-01-05,465.80153611837704,0.6,0.6,0.0,-0.00239048995888147,1.0897475931213927,策略3 宏观状态,招商银行积存金代理
2024-01-08,462.44317051691576,0.6,0.6,0.0,-0.004325918239060277,1.0850334341323369,策略3 宏观状态,招商银行积存金代理
2024-01-09,464.5938428014263,0.6,0.6,0.0,0.002790404211751962,1.0880611159968312,策略3 宏观状态,招商银行积存金代理
2024-01-10,464.920157943192,0.6,0.6,0.0,0.00042141988769990314,1.0885196465901452,策略3 宏观状态,招商银行积存金代理
2024-01-11,468.4099344766301,0.6,0.6,0.0,0.004503710764717406,1.0934220242400998,策略3 宏观状态,招商银行积存金代理
2024-01-12,465.7719565291706,0.6,0.6,0.0,-0.003379063192253184,1.089727282124391,策略3 宏观状态,招商银行积存金代理
2024-01-15,468.8725611839734,0.6,0.6,0.0,0.003994149426136983,1.094079815722934,策略3 宏观状态,招商银行积存金代理
2024-01-16,465.41761527421653,0.6,0.6,0.0,-0.004421174787067006,1.0892426976266207,策略3 宏观状态,招商银行积存金代理
2024-01-17,463.9050311540501,0.6,0.6,0.0,-0.0019499701822956127,1.0871187068449657,策略3 宏观状态,招商银行积存金代理
2024-01-18,460.26356102129415,0.6,0.6,0.0,-0.004709761552312286,1.0819986369566679,策略3 宏观状态,招商银行积存金代理
2024-01-19,464.25330931120584,0.6,0.6,0.0,0.005201039527516027,1.0876261546361978,策略3 宏观状态,招商银行积存金代理
2024-01-22,462.4582583665847,0.6,0.6,0.0,-0.002319920063403802,1.0851029488985746,策略3 宏观状态,招商银行积存金代理
2024-01-23,468.7104243916135,0.6,0.6,0.0,0.00811165018063904,1.0939049244300199,策略3 宏观状态,招商银行积存金代理
2024-01-24,462.04052675704236,0.6,0.6,0.0,-0.008538189834239773,1.0845649565246265,策略3 宏观状态,招商银行积存金代理
2024-01-25,459.5157623497379,0.6,0.6,0.0,-0.0032786272126714253,1.081009072344255,策略3 宏观状态,招商银行积存金代理
2024-01-26,460.12898415865817,0.6,0.6,0.0,0.0008006974199768812,1.0818746335194525,策略3 宏观状态,招商银行积存金代理
2024-01-29,461.91035977331046,0.6,0.6,0.0,0.00232288207348148,1.084387700711409,策略3 宏观状态,招商银行积存金代理
2024-01-30,463.9259256669228,0.6,0.6,0.0,0.0026181260293899554,1.0872267643765923,策略3 宏观状态,招商银行积存金代理
2024-01-31,464.8054775307439,0.6,0.6,0.0,0.0011375331472022409,1.088463520859596,策略3 宏观状态,招商银行积存金代理
2024-02-01,465.1580007436976,0.6,0.6,0.0,0.00045505902575819767,1.0889588360089717,策略3 宏观状态,招商银行积存金代理
2024-02-02,468.1533463492707,0.6,0.6,0.0,0.0038636492556733512,1.0931661910051766,策略3 宏观状态,招商银行积存金代理
2024-02-05,462.953337606281,0.6,0.6,0.0,-0.006664494166546175,1.0858807913021573,策略3 宏观状态,招商银行积存金代理
2024-02-06,462.81218094322344,0.6,0.6,0.0,-0.00018294283884519034,1.085682137187549,策略3 宏观状态,招商银行积存金代理
2024-02-07,464.12571478870973,0.6,0.6,0.0,0.0017028944780268062,1.087530939303858,策略3 宏观状态,招商银行积存金代理
2024-02-08,465.0700557606433,0.6,0.6,0.0,0.0012207998072636171,1.0888585968649533,策略3 宏观状态,招商银行积存金代理
2024-02-09,464.2225815168586,0.6,0.6,0.0,-0.0010933504317734988,1.0876680928479308,策略3 宏观状态,招商银行积存金代理
2024-02-12,466.46742718977697,0.6,0.6,0.0,0.0029014258620293277,1.0908238811818238,策略3 宏观状态,招商银行积存金代理
2024-02-13,468.5275574258042,0.6,0.6,0.0,0.0026498702150824283,1.093714422894468,策略3 宏观状态,招商银行积存金代理
2024-02-14,460.1178333999762,0.6,0.6,0.0,-0.010769557383603611,1.081935602655831,策略3 宏观状态,招商银行积存金代理
2024-02-15,460.705880795911,0.6,0.6,0.0,0.0007668219137556776,1.0827652545852202,策略3 宏观状态,招商银行积存金代理
2024-02-16,461.89321370369,0.6,0.6,0.0,0.001546322229350805,1.084439558567554,策略3 宏观状态,招商银行积存金代理
2024-02-19,462.3940720067838,0.6,0.6,0.0,0.0006506157114684718,1.085145111982496,策略3 宏观状态,招商银行积存金代理
2024-02-20,468.99209023988567,0.6,0.6,0.0,0.008561552103555137,1.0944356383986522,策略3 宏观状态,招商银行积存金代理
2024-02-21,468.9656950808586,0.6,0.6,0.0,-3.376836357331658e-05,1.0943986810981072,策略3 宏观状态,招商银行积存金代理
2024-02-22,469.3466296989481,0.6,0.6,0.0,0.0004873720471478826,1.09493206042371,策略3 宏观状态,招商银行积存金代理
2024-02-23,467.00342600536237,0.6,0.6,0.0,-0.002995488040583649,1.0916522045314592,策略3 宏观状态,招商银行积存金代理
2024-02-26,470.7410337326733,0.6,0.6,0.0,0.004802030373885957,1.0968943515753389,策略3 宏观状态,招商银行积存金代理
2024-02-27,471.06202804248704,0.6,0.6,0.0,0.00040913490026790457,1.0973431293364753,策略3 宏观状态,招商银行积存金代理
2024-02-28,468.646467796406,0.6,0.6,0.0,-0.0030767416207826857,1.0939668880581657,策略3 宏观状态,招商银行积存金代理
2024-02-29,470.3020532295422,0.6,0.6,0.0,0.0021196175115806956,1.0962856794311833,策略3 宏观状态,招商银行积存金代理
2024-03-01,473.7707104932779,0.6,0.6,0.0,0.004425229156347443,1.1011369947834881,策略3 宏观状态,招商银行积存金代理
2024-03-04,481.93745371945965,0.6,0.6,0.0,0.010342652737243396,1.1125256723366657,策略3 宏观状态,招商银行积存金代理
2024-03-05,492.120597870988,0.6,0.6,0.0,0.0126777581691619,1.1266300037675343,策略3 宏观状态,招商银行积存金代理
2024-03-06,492.17683635274824,0.6,0.6,0.0,6.856670743342619e-05,1.1267072530773883,策略3 宏观状态,招商银行积存金代理
2024-03-07,498.99491737894056,0.6,0.6,0.0,0.008311745522260683,1.136072157043053,策略3 宏观状态,招商银行积存金代理
2024-03-08,501.4738755560272,0.6,0.6,0.0,0.002980741595655356,1.139458494577217,策略3 宏观状态,招商银行积存金代理
2024-03-11,503.24275667565087,0.6,0.6,0.0,0.0021164186680659555,1.1418700658066265,策略3 宏观状态,招商银行积存金代理
2024-03-12,502.6712254841347,0.6,0.6,0.0,-0.0006814180837394934,1.1410919748945052,策略3 宏观状态,招商银行积存金代理
2024-03-13,498.88520349668124,0.6,0.6,0.0,-0.004519083403439783,1.1359352850889612,策略3 宏观状态,招商银行积存金代理
2024-03-14,501.3421885983919,0.6,0.6,0.0,0.0029549705036224336,1.139291940350423,策略3 宏观状态,招商银行积存金代理
2024-03-15,501.8600257916761,0.6,0.6,0.0,0.0006197410132970482,1.139998006291977,策略3 宏观状态,招商银行积存金代理
2024-03-18,498.5739687462132,0.6,0.6,0.0,-0.003928653660286052,1.1355193489518391,策略3 宏观状态,招商银行积存金代理
2024-03-19,498.4949970415363,0.6,0.6,0.0,-9.503709735447785e-05,1.135411432488925,策略3 宏观状态,招商银行积存金代理
2024-03-20,498.3421371537851,0.6,0.6,0.0,-0.00018398566323643006,1.1352025330634723,策略3 宏观状态,招商银行积存金代理
2024-03-21,511.5625592078813,0.6,0.6,0.0,0.015917283811804017,1.1532718739661223,策略3 宏观状态,招商银行积存金代理
2024-03-22,501.3298461606198,0.6,0.6,0.0,-0.012001714585726674,1.1394306340950349,策略3 宏观状态,招商银行积存金代理
2024-03-25,503.90026658363206,0.6,0.6,0.0,0.0030763224364527718,1.142935890119483,策略3 宏观状态,招商银行积存金代理
2024-03-26,508.34395726802074,0.6,0.6,0.0,0.00529115499126398,1.1489833410591836,策略3 宏观状态,招商银行积存金代理
2024-03-27,508.6749432151717,0.6,0.6,0.0,0.00039066377292624744,1.1494322072262313,策略3 宏观状态,招商银行积存金代理
2024-03-28,512.7189087268392,0.6,0.6,0.0,0.004769999661599433,1.154914998465732,策略3 宏观状态,招商银行积存金代理
2024-04-02,526.5691482194128,0.6,0.6,0.0,0.016207991462962656,1.1736338509013122,策略3 宏观状态,招商银行积存金代理
2024-04-03,528.1568180090017,0.6,0.6,0.0,0.001809072705787118,1.1757570398675654,策略3 宏观状态,招商银行积存金代理
2024-04-04,533.1788474178411,0.6,0.6,0.0,0.0057051571475734255,1.1824649185473757,策略3 宏观状态,招商银行积存金代理
2024-04-05,532.2369175020102,0.6,0.6,0.0,-0.001059978189749211,1.1812115315235718,策略3 宏观状态,招商银行积存金代理
2024-04-08,543.1896326399733,0.6,0.6,0.0,0.012347187627684608,1.1957961719312782,策略3 宏观状态,招商银行积存金代理
2024-04-09,549.611256895839,0.6,0.6,0.0,0.007093240227714758,1.2042782414421687,策略3 宏观状态,招商银行积存金代理
2024-04-10,545.6382330913041,0.6,0.6,0.0,-0.004337273396081009,1.199054957464082,策略3 宏观状态,招商银行积存金代理
2024-04-11,542.4573516057717,0.6,0.6,0.0,-0.0034977917154131563,1.1948609129675392,策略3 宏观状态,招商银行积存金代理
2024-04-12,557.1252774206077,0.6,0.6,0.0,0.016223866194918023,1.2142461765410621,策略3 宏观状态,招商银行积存金代理
2024-04-15,546.1230148759125,0.6,0.6,0.0,-0.011848964307238474,1.1998586169350263,策略3 宏观状态,招商银行积存金代理
2024-04-16,551.1460203831851,0.6,0.6,0.0,0.005518542933130766,1.2064800882262692,策略3 宏观状态,招商银行积存金代理
2024-04-17,556.9964571128786,0.6,0.6,0.0,0.006369023648897132,1.214164188440106,策略3 宏观状态,招商银行积存金代理
2024-04-18,553.7085369501776,0.6,0.6,0.0,-0.0035417677660753988,1.2098639008547658,策略3 宏观状态,招商银行积存金代理
2024-04-19,554.1622343038146,0.6,0.6,0.0,0.0004916276235896522,1.2104587033692098,策略3 宏观状态,招商银行积存金代理
2024-04-22,549.8678276259534,0.6,0.6,0.0,-0.004649620358835316,1.204830529938495,策略3 宏观状态,招商银行积存金代理
2024-04-23,535.2761091712858,0.6,0.6,0.0,-0.015922064599778917,1.1856471404090283,策略3 宏观状态,招商银行积存金代理
2024-04-24,538.5495743359346,0.6,0.6,0.0,0.0036692821987329705,1.1899976143553097,策略3 宏观状态,招商银行积存金代理
2024-04-25,541.2401218083633,0.6,0.6,0.0,0.0029975485273529222,1.193564689951774,策略3 宏观状态,招商银行积存金代理
2024-04-26,546.860464053186,0.6,0.6,0.0,0.00623051619977204,1.2010012140879944,策略3 宏观状态,招商银行积存金代理
2024-04-29,543.9535777593359,0.6,0.6,0.0,-0.0031893543069159147,1.1971707956932316,策略3 宏观状态,招商银行积存金代理
2024-04-30,538.8713271797357,0.6,0.6,0.0,-0.005605901813020675,1.1904595737591595,策略3 宏观状态,招商银行积存金代理
2024-05-01,532.6900112549502,0.6,0.6,0.0,-0.0068825141880934915,1.1822662188524102,策略3 宏观状态,招商银行积存金代理
2024-05-02,535.3839117957016,0.6,0.6,0.0,0.003034298166475802,1.1858535670725605,策略3 宏观状态,招商银行积存金代理
2024-05-03,535.5119077755706,0.6,0.6,0.0,0.00014344395905339092,1.1860236706030787,策略3 宏观状态,招商银行积存金代理
2024-05-07,537.2581371202981,0.6,0.6,0.0,0.0019565159833487386,1.1883441448712437,策略3 宏观状态,招商银行积存金代理
2024-05-08,536.1620508915855,0.6,0.6,0.0,-0.0012240889281873724,1.1868895059606306,策略3 宏观状态,招商银行积存金代理
2024-05-09,535.81831511632,0.6,0.6,0.0,-0.00038466255643483384,1.186432954009062,策略3 宏观状态,招商银行积存金代理
2024-05-10,550.2889141320011,0.6,0.6,0.0,0.01620392428639512,1.205657823766709,策略3 宏观状态,招商银行积存金代理
2024-05-13,544.1755383729371,0.6,0.6,0.0,-0.0066656357437695265,1.1976213478818543,策略3 宏观状态,招商银行积存金代理
2024-05-14,545.8264576236519,0.6,0.6,0.0,0.0018202794513523912,1.1998013534119047,策略3 宏观状态,招商银行积存金代理
2024-05-15,550.3867294622587,0.6,0.6,0.0,0.005012881044785589,1.2058158148739313,策略3 宏观状态,招商银行积存金代理
2024-05-16,553.082929564511,0.6,0.6,0.0,0.002939242490333882,1.2093599999525253,策略3 宏观状态,招商银行积存金代理
2024-05-17,657.0564410858575,0.6,0.6,0.0,0.11279340507205342,1.345767832305109,策略3 宏观状态,招商银行积存金代理
2024-05-20,568.3225020361087,0.6,0.6,0.0,-0.08102859982905541,1.236722149158443,策略3 宏观状态,招商银行积存金代理
2024-05-21,562.4336092458844,0.6,0.6,0.0,-0.006217131402462206,1.2290332850487895,策略3 宏观状态,招商银行积存金代理
2024-05-22,561.9916647392557,0.6,0.6,0.0,-0.0004714631195898322,1.2284538411821406,策略3 宏观状态,招商银行积存金代理
2024-05-23,549.8733976180969,0.6,0.6,0.0,-0.0129378436174294,1.2125602974936955,策略3 宏观状态,招商银行积存金代理
2024-05-24,544.7397248187577,0.6,0.6,0.0,-0.005601659751037391,1.205767947279519,策略3 宏观状态,招商银行积存金代理
2024-05-28,546.1560243217048,0.6,0.6,0.0,0.0015599738059326462,1.2076489136933082,策略3 宏观状态,招商银行积存金代理
2024-05-29,545.602052599008,0.6,0.6,0.0,-0.0006085862259431751,1.2069139551986594,策略3 宏观状态,招商银行积存金代理
2024-05-31,546.0681998522857,0.6,0.6,0.0,0.0005126233499935128,1.207532647473527,策略3 宏观状态,招商银行积存金代理
2024-06-03,541.2731749473332,0.6,0.6,0.0,-0.005268600046202531,1.201170640911257,策略3 宏观状态,招商银行积存金代理
2024-06-04,542.6236220651095,0.6,0.6,0.0,0.001496967350625944,1.2029687541432317,策略3 宏观状态,招商银行积存金代理
2024-06-05,543.3834854095147,0.6,0.6,0.0,0.0008402103928096149,1.2039795009926881,策略3 宏观状态,招商银行积存金代理
2024-06-06,549.8495816566021,0.6,0.6,0.0,0.007139815346667388,1.2125756923109485,策略3 宏观状态,招商银行积存金代理
2024-06-07,544.5277429371353,0.6,0.6,0.0,-0.00580723044666116,1.2055339858316791,策略3 宏观状态,招商银行积存金代理
2024-06-10,535.3295389645727,0.6,0.6,0.0,-0.01013524555015126,1.1933156028662226,策略3 宏观状态,招商银行积存金代理
2024-06-11,536.4521278402434,0.6,0.6,0.0,0.0012582031746373624,1.194817036346093,策略3 宏观状态,招商银行积存金代理
2024-06-12,538.70112070869,0.6,0.6,0.0,0.0025154075285350073,1.1978224881145398,策略3 宏观状态,招商银行积存金代理
2024-06-13,540.0439082255897,0.6,0.6,0.0,0.0014955835047825606,1.1996139316694214,策略3 宏观状态,招商银行积存金代理
2024-06-14,540.1721376164522,0.6,0.6,0.0,0.00014246551686944998,1.1997848352882403,策略3 宏观状态,招商银行积存金代理
2024-06-17,541.3117920496604,0.6,0.6,0.0,0.0012658791750018938,1.201303617925715,策略3 宏观状态,招商银行积存金代理
2024-06-18,539.1231597874902,0.6,0.6,0.0,-0.0024259204705846527,1.1983893508876016,策略3 宏观状态,招商银行积存金代理
2024-06-19,543.2518115159104,0.6,0.6,0.0,0.004594851829456825,1.2038957723889288,策略3 宏观状态,招商银行积存金代理
2024-06-20,544.4766628933656,0.6,0.6,0.0,0.0013527995874002218,1.2055244020930895,策略3 宏观状态,招商银行积存金代理
2024-06-21,551.723282144888,0.6,0.6,0.0,0.00798559763389699,1.2151512349060491,策略3 宏观状态,招商银行积存金代理
2024-06-24,543.0299471175982,0.6,0.6,0.0,-0.009454016506419749,1.203663175073451,策略3 宏观状态,招商银行积存金代理
2024-06-25,544.5207938814144,0.6,0.6,0.0,0.0016472536423409955,1.2056459136227424,策略3 宏观状态,招商银行积存金代理
2024-06-26,540.8717794781173,0.6,0.6,0.0,-0.004020798960443495,1.2007982537865853,策略3 宏观状态,招商银行积存金代理
2024-06-27,539.850546358686,0.6,0.6,0.0,-0.0011328745460709166,1.199437900009904,策略3 宏观状态,招商银行积存金代理
2024-06-28,543.8342090430751,0.6,0.6,0.0,0.004427517257795621,1.204748432011852,策略3 宏观状态,招商银行积存金代理
2024-07-01,543.8584912677537,0.6,0.6,0.0,2.6790030058609914e-05,1.2047807072585586,策略3 宏观状态,招商银行积存金代理
2024-07-02,544.3260567889664,0.6,0.6,0.0,0.0005158314473929781,1.205402171034575,策略3 宏观状态,招商银行积存金代理
2024-07-03,547.4326554906942,0.6,0.6,0.0,0.003424343181423861,1.2095298817398308,策略3 宏观状态,招商银行积存金代理
2024-07-04,550.6440282650843,0.6,0.6,0.0,0.0035197455710912705,1.2137871191841871,策略3 宏观状态,招商银行积存金代理
2024-07-05,552.5478755543938,0.6,0.6,0.0,0.002074495163753598,1.2163051146927613,策略3 宏观状态,招商银行积存金代理
2024-07-08,554.1186757821705,0.6,0.6,0.0,0.00170569859800902,1.2183797646216439,策略3 宏观状态,招商银行积存金代理
2024-07-09,552.306868038185,0.6,0.6,0.0,-0.0019618263991135307,1.2159895150352635,策略3 宏观状态,招商银行积存金代理
2024-07-10,554.9752816234015,0.6,0.6,0.0,0.0028988380260722034,1.2195144716807527,策略3 宏观状态,招商银行积存金代理
2024-07-11,555.9564378149554,0.6,0.6,0.0,0.001060756639845728,1.220808079753976,策略3 宏观状态,招商银行积存金代理
2024-07-12,560.7613307767092,0.6,0.6,0.0,0.005185542573052882,1.2271386320250672,策略3 宏观状态,招商银行积存金代理
2024-07-15,562.0934650220875,0.6,0.6,0.0,0.001425348902214596,1.2288877327270893,策略3 宏观状态,招商银行积存金代理
2024-07-16,569.4265288569608,0.6,0.6,0.0,0.007827591983747871,1.2385069644927098,策略3 宏观状态,招商银行积存金代理
2024-07-17,576.5676498417686,0.6,0.6,0.0,0.0075245398198877204,1.2478261594642437,策略3 宏观状态,招商银行积存金代理
2024-07-18,575.7344710551125,0.6,0.6,0.0,-0.0008670400986438232,1.2467442441478516,策略3 宏观状态,招商银行积存金代理
2024-07-19,563.7971321570933,0.6,0.6,0.0,-0.012440462919799522,1.2312341686080566,策略3 宏观状态,招商银行积存金代理
2024-07-22,561.5019018955819,0.6,0.6,0.0,-0.002442612915815845,1.2282267401254208,策略3 宏观状态,招商银行积存金代理
2024-07-23,562.3387695244415,0.6,0.6,0.0,0.0008942455504080015,1.2293250764226702,策略3 宏观状态,招商银行积存金代理
2024-07-24,562.9252174876071,0.6,0.6,0.0,0.0006257238464936421,1.2300942944380806,策略3 宏观状态,招商银行积存金代理
2024-07-25,551.2044554533979,0.6,0.6,0.0,-0.01249270240887783,1.214727092482807,策略3 宏观状态,招商银行积存金代理
2024-07-26,551.9715507419573,0.6,0.6,0.0,0.0008350026357408335,1.2157413928067362,策略3 宏观状态,招商银行积存金代理
2024-07-29,558.2198777708282,0.6,0.6,0.0,0.006792009864064896,1.2239987203388314,策略3 宏观状态,招商银行积存金代理
2024-07-30,556.9477010270728,0.6,0.6,0.0,-0.0013673931664731408,1.222325032852868,策略3 宏观状态,招商银行积存金代理
2024-07-31,561.4400201679014,0.6,0.6,0.0,0.004839577359824876,1.2282405694082101,策略3 宏观状态,招商银行积存金代理
2024-08-01,566.7847323682907,0.6,0.6,0.0,0.005711789692645386,1.2352560212326447,策略3 宏观状态,招商银行积存金代理
2024-08-02,573.2466371847329,0.6,0.6,0.0,0.006840591618734582,1.24370590321848,策略3 宏观状态,招商银行积存金代理
2024-08-05,554.3864064295094,0.6,0.6,0.0,-0.019740435824811265,1.2191546066510568,策略3 宏观状态,招商银行积存金代理
2024-08-06,555.4485731615919,0.6,0.6,0.0,0.001149559281862622,1.2205560971451581,策略3 宏观状态,招商银行积存金代理
2024-08-07,552.394239704749,0.6,0.6,0.0,-0.0032993154769930255,1.216529097523309,策略3 宏观状态,招商银行积存金代理
2024-08-08,552.6821671738059,0.6,0.6,0.0,0.00031274127971805396,1.2169095563900827,策略3 宏观状态,招商银行积存金代理
2024-08-09,558.9440379073402,0.6,0.6,0.0,0.006797980219504796,1.225182083483349,策略3 宏观状态,招商银行积存金代理
2024-08-12,563.2690194400118,0.6,0.6,0.0,0.004642663207068898,1.230870191264297,策略3 宏观状态,招商银行积存金代理
2024-08-13,565.8553462348282,0.6,0.6,0.0,0.002754982119259042,1.234261216632359,策略3 宏观状态,招商银行积存金代理
2024-08-14,567.2486632051932,0.6,0.6,0.0,0.0014773920362892488,1.2360847043245122,策略3 宏观状态,招商银行积存金代理
2024-08-15,566.4853379462369,0.6,0.6,0.0,-0.0008073975049776916,1.2350866926182995,策略3 宏观状态,招商银行积存金代理
2024-08-16,567.8460559081229,0.6,0.6,0.0,0.0014412213740457424,1.2368667259585004,策略3 宏观状态,招商银行积存金代理
2024-08-19,573.9424988226658,0.6,0.6,0.0,0.006441650356936801,1.2448341889452545,策略3 宏观状态,招商银行积存金代理
2024-08-20,578.1892049781522,0.6,0.6,0.0,0.0044395104013357665,1.2503606432750154,策略3 宏观状态,招商银行积存金代理
2024-08-21,574.9858391432109,0.6,0.6,0.0,-0.003324205094831245,1.246204188054264,策略3 宏观状态,招商银行积存金代理
2024-08-22,575.4159528578689,0.6,0.6,0.0,0.00044882536442867325,1.24676351610312,策略3 宏观状态,招商银行积存金代理
2024-08-23,574.3134034292164,0.6,0.6,0.0,-0.0011496547044028914,1.245330168561554,策略3 宏观状态,招商银行积存金代理
2024-08-27,574.8912751063194,0.6,0.6,0.0,0.0006037174201256601,1.2460819960781229,策略3 宏观状态,招商银行积存金代理
2024-08-28,574.8163521275068,0.6,0.6,0.0,-7.81952853246226e-05,1.2459845583409015,策略3 宏观状态,招商银行积存金代理
2024-08-29,574.2035969366755,0.6,0.6,0.0,-0.0006396010014990238,1.2451876253695344,策略3 宏观状态,招商银行积存金代理
2024-08-30,575.8232888531055,0.6,0.6,0.0,0.0016924574402574332,1.2472950524306077,策略3 宏观状态,招商银行积存金代理
2024-09-02,572.4676185276488,0.6,0.6,0.0,-0.003496562633449951,1.2429338071573919,策略3 宏观状态,招商银行积存金代理
2024-09-03,573.0594458713641,0.6,0.6,0.0,0.0006202908159984144,1.2437047875828655,策略3 宏观状态,招商银行积存金代理
2024-09-04,565.7901431342198,0.6,0.6,0.0,-0.007611045719095743,1.234238893583514,策略3 宏观状态,招商银行积存金代理
2024-09-05,573.8181151466276,0.6,0.6,0.0,0.008513374200479883,1.2447464311373768,策略3 宏观状态,招商银行积存金代理
2024-09-06,574.0119071476902,0.6,0.6,0.0,0.00020263424518729423,1.2449986593909,策略3 宏观状态,招商银行积存金代理
2024-09-09,571.0026887991025,0.6,0.6,0.0,-0.003145459156281949,1.24108256695816,策略3 宏观状态,招商银行积存金代理
2024-09-10,572.885598622833,0.6,0.6,0.0,0.0019785299025723902,1.243538085928448,策略3 宏观状态,招商银行积存金代理
2024-09-11,577.2721625924675,0.6,0.6,0.0,0.0045941779442661085,1.2492511211756754,策略3 宏观状态,招商银行积存金代理
2024-09-12,575.7967167888709,0.6,0.6,0.0,-0.0015335357211446298,1.2473353499566724,策略3 宏观状态,招商银行积存金代理
2024-09-13,588.3351762194524,0.6,0.6,0.0,0.013065506347976274,1.2636324178895868,策略3 宏观状态,招商银行积存金代理
2024-09-16,590.0140934684387,0.6,0.6,0.0,0.001712204862311406,1.2657960154596717,策略3 宏观状态,招商银行积存金代理
2024-09-17,587.289144805876,0.6,0.6,0.0,-0.002771068039962032,1.26228840857612,策略3 宏观状态,招商银行积存金代理
2024-09-18,584.7091013278093,0.6,0.6,0.0,-0.002635884045416348,1.25896116269924,策略3 宏观状态,招商银行积存金代理
2024-09-19,588.6084726292027,0.6,0.6,0.0,0.004001344900435111,1.2639987005274524,策略3 宏观状态,招商银行积存金代理
2024-09-20,592.2097404016001,0.6,0.6,0.0,0.003670964255384934,1.2686387945759419,策略3 宏观状态,招商银行积存金代理
2024-09-23,593.3425118826398,0.6,0.6,0.0,0.0011476725934343346,1.2700947765514443,策略3 宏观状态,招商银行积存金代理
2024-09-24,594.1211119533925,0.6,0.6,0.0,0.0007873362064844791,1.27109476815469,策略3 宏观状态,招商银行积存金代理
2024-09-25,600.0074476513787,0.6,0.6,0.0,0.005944581580647146,1.2786508947007194,策略3 宏观状态,招商银行积存金代理
2024-09-26,601.4221417096338,0.6,0.6,0.0,0.001414676498226175,1.2804597720708883,策略3 宏观状态,招商银行积存金代理
2024-09-27,599.540514491201,0.6,0.6,0.0,-0.0018771778635392699,1.2780561213316044,策略3 宏观状态,招商银行积存金代理
2024-09-30,597.9211758992037,0.6,0.6,0.0,-0.0016205796467698042,1.2759849295939447,策略3 宏观状态,招商银行积存金代理
2024-10-01,598.7264584035215,0.6,0.6,0.0,0.0008080822724902514,1.2770160303955145,策略3 宏观状态,招商银行积存金代理
2024-10-02,600.7623475049003,0.6,0.6,0.0,0.0020402196089420064,1.2796214235416608,策略3 宏观状态,招商银行积存金代理
2024-10-03,598.9930846216832,0.6,0.6,0.0,-0.0017670177472657754,1.2773603097764812,策略3 宏观状态,招商银行积存金代理
2024-10-04,601.9376526307897,0.6,0.6,0.0,0.0029495178672717336,1.281127906833111,策略3 宏观状态,招商银行积存金代理
2024-10-07,598.3847459042438,0.6,0.6,0.0,-0.00354146982932646,1.2765908310035532,策略3 宏观状态,招商银行积存金代理
2024-10-08,598.9382709356574,0.6,0.6,0.0,0.0005550191931217973,1.2772993634165235,策略3 宏观状态,招商银行积存金代理
2024-10-09,595.8342223261842,0.6,0.6,0.0,-0.0031095511107921857,1.2733275357621976,策略3 宏观状态,招商银行积存金代理
2024-10-10,595.765933175376,0.6,0.6,0.0,-6.876659471655167e-05,1.2732399733636042,策略3 宏观状态,招商银行积存金代理
2024-10-11,600.2730171287135,0.6,0.6,0.0,0.004539115483809475,1.279019356641304,策略3 宏观状态,招商银行积存金代理
2024-10-14,605.8764863929841,0.6,0.6,0.0,0.00560092068546445,1.2861830426130256,策略3 宏观状态,招商银行积存金代理
2024-10-15,607.1766059124025,0.6,0.6,0.0,0.0012875094663189035,1.2878390154558088,策略3 宏观状态,招商银行积存金代理
2024-10-16,613.2125145448672,0.6,0.6,0.0,0.005964566395038773,1.2955204167696162,策略3 宏观状态,招商银行积存金代理
2024-10-17,613.3912250692206,0.6,0.6,0.0,0.00017485995812012155,1.2957469514154363,策略3 宏观状态,招商银行积存金代理
2024-10-18,620.9828990265635,0.6,0.6,0.0,0.007425936642461339,1.3053690861813099,策略3 宏观状态,招商银行积存金代理
2024-10-21,625.741861869417,0.6,0.6,0.0,0.004598158355388148,1.3113713799518,策略3 宏观状态,招商银行积存金代理
2024-10-22,625.8953827214021,0.6,0.6,0.0,0.00014720528832117273,1.311564420753882,策略3 宏观状态,招商银行积存金代理
2024-10-23,630.2092925188664,0.6,0.6,0.0,0.004135428938977581,1.3169883022148012,策略3 宏观状态,招商银行积存金代理
2024-10-24,627.1079661183198,0.6,0.6,0.0,-0.002952663285700785,1.313099679207154,策略3 宏观状态,招商银行积存金代理
2024-10-25,622.3588820683362,0.6,0.6,0.0,-0.004543795620437918,1.307133222635574,策略3 宏观状态,招商银行积存金代理
2024-10-28,625.0336971437109,0.6,0.6,0.0,0.002578719596466783,1.3105039526919775,策略3 宏观状态,招商银行积存金代理
2024-10-29,630.0601547968314,0.6,0.6,0.0,0.004825139197541261,1.3168273166826445,策略3 宏观状态,招商银行积存金代理
2024-10-30,638.1872159120285,0.6,0.6,0.0,0.0077393192253057295,1.3270186636510541,策略3 宏观状态,招商银行积存金代理
2024-10-31,635.7769962959276,0.6,0.6,0.0,-0.0022659992767073644,1.3240116403190438,策略3 宏观状态,招商银行积存金代理
2024-11-01,628.7725240510354,0.6,0.6,0.0,-0.006610310488458082,1.3152595122862023,策略3 宏观状态,招商银行积存金代理
2024-11-04,627.6813328540965,0.6,0.6,0.0,-0.0010412584728498818,1.3138899871750378,策略3 宏观状态,招商银行积存金代理
2024-11-05,624.9815500354409,0.6,0.6,0.0,-0.0025807198755261715,1.3104992051708804,策略3 宏观状态,招商银行积存金代理
2024-11-06,622.503324942662,0.6,0.6,0.0,-0.002379166321922765,1.3073813095970312,策略3 宏观状态,招商银行积存金代理
2024-11-07,615.4022917751072,0.6,0.6,0.0,-0.006844332760672888,1.2984331568690648,策略3 宏观状态,招商银行积存金代理
2024-11-08,616.5082617446635,0.6,0.6,0.0,0.001078289747377692,1.2998332440297722,策略3 宏观状态,招商银行积存金代理
2024-11-11,616.321497235632,0.6,0.6,0.0,-0.00018176350970831035,1.2995969817773017,策略3 宏观状态,招商银行积存金代理
2024-11-12,600.6453139632885,0.6,0.6,0.0,-0.01526104477223864,1.279763774052532,策略3 宏观状态,招商银行积存金代理
2024-11-13,606.7703530252132,0.6,0.6,0.0,0.006118458517399628,1.2875939556161433,策略3 宏观状态,招商银行积存金代理
2024-11-14,591.8543486247057,0.6,0.6,0.0,-0.014749571391686998,1.2686024966442786,策略3 宏观状态,招商银行积存金代理
2024-11-15,596.5631259661212,0.6,0.6,0.0,0.004773583925528957,1.2746582771301456,策略3 宏观状态,招商银行积存金代理
2024-11-18,602.1517492113209,0.6,0.6,0.0,0.005620819995686732,1.281822901861906,策略3 宏观状态,招商银行积存金代理
2024-11-19,613.183962665563,0.6,0.6,0.0,0.010992790573497535,1.2959137125743867,策略3 宏观状态,招商银行积存金代理
2024-11-20,610.7016938424189,0.6,0.6,0.0,-0.002428897989132106,1.292766070363826,策略3 宏观状态,招商银行积存金代理
2024-11-21,621.7731481380541,0.6,0.6,0.0,0.010877442529404967,1.3068280589981731,策略3 宏观状态,招商银行积存金代理
2024-11-22,629.3894475461955,0.6,0.6,0.0,0.007349593108948804,1.3164327134951672,策略3 宏观状态,招商银行积存金代理
2024-11-25,621.7644798809991,0.6,0.6,0.0,-0.007268918500229526,1.306863671389735,策略3 宏观状态,招商银行积存金代理
2024-11-26,612.2163478008857,0.6,0.6,0.0,-0.009213905640226549,1.29482235283691,策略3 宏观状态,招商银行积存金代理
2024-11-27,617.4002906372802,0.6,0.6,0.0,0.005080500893204353,1.3014006989570388,策略3 宏观状态,招商银行积存金代理
2024-11-28,616.533772974016,0.6,0.6,0.0,-0.00084209645807245,1.3003047940379142,策略3 宏观状态,招商银行积存金代理
2024-11-29,620.4212575195921,0.6,0.6,0.0,0.0037832326947707883,1.3052241496478858,策略3 宏观状态,招商银行积存金代理
2024-12-02,613.9357212738715,0.6,0.6,0.0,-0.006272063860270727,1.2970377004293268,策略3 宏观状态,招商银行积存金代理
2024-12-03,618.3898615978493,0.6,0.6,0.0,0.004353035833851493,1.302683752017152,策略3 宏观状态,招商银行积存金代理
2024-12-04,618.7142435658116,0.6,0.6,0.0,0.00031473540053599257,1.3030937527096147,策略3 宏观状态,招商银行积存金代理
2024-12-05,618.6053284022935,0.6,0.6,0.0,-0.00010562080765137427,1.302956118895008,策略3 宏观状态,招商银行积存金代理
2024-12-06,615.3293143565135,0.6,0.6,0.0,-0.0031774838288973093,1.2988159968974566,策略3 宏观状态,招商银行积存金代理
2024-12-09,620.7077905338444,0.6,0.6,0.0,0.005244485564243462,1.3056276186437938,策略3 宏观状态,招商银行积存金代理
2024-12-10,623.2786119366793,0.6,0.6,0.0,0.0024850547475395945,1.3088721747560235,策略3 宏观状态,招商银行积存金代理
2024-12-11,628.6437469198405,0.6,0.6,0.0,0.0051647544585144535,1.3156321781562204,策略3 宏观状态,招商银行积存金代理
2024-12-12,633.4893229358969,0.6,0.6,0.0,0.004624790469767559,1.3217167013154767,策略3 宏观状态,招商银行积存金代理
2024-12-13,623.76376324794,0.6,0.6,0.0,-0.009211419358625282,1.309541814506361,策略3 宏观状态,招商银行积存金代理
2024-12-16,622.3959489999379,0.6,0.6,0.0,-0.0013157041129287837,1.307818844954963,策略3 宏观状态,招商银行积存金代理
2024-12-17,618.4899620818438,0.6,0.6,0.0,-0.0037654360614366444,1.302894336714343,策略3 宏观状态,招商银行积存金代理
2024-12-18,620.2576629667229,0.6,0.6,0.0,0.001714854881973249,1.305128611428353,策略3 宏观状态,招商银行积存金代理
2024-12-19,613.9898416119214,0.6,0.6,0.0,-0.006063113827394461,1.2972154680978736,策略3 宏观状态,招商银行积存金代理
2024-12-20,611.2791571204215,0.6,0.6,0.0,-0.002648921178614483,1.293779246571203,策略3 宏观状态,招商银行积存金代理
2024-12-23,614.6567140003148,0.6,0.6,0.0,0.003315235116934856,1.2980684289629971,策略3 宏观状态,招商银行积存金代理
2024-12-24,613.1961932476961,0.6,0.6,0.0,-0.0014256941014569868,1.2962177804605373,策略3 宏观状态,招商银行积存金代理
2024-12-27,615.9898385518253,0.6,0.6,0.0,0.0027335250951247667,1.299761024292173,策略3 宏观状态,招商银行积存金代理
2024-12-30,612.4539590791366,0.6,0.6,0.0,-0.0034440952607284856,1.2952845235083288,策略3 宏观状态,招商银行积存金代理
2024-12-31,612.6081818305456,0.6,0.6,0.0,0.00015108670533297007,1.2954802237794545,策略3 宏观状态,招商银行积存金代理
2025-01-02,620.5272603439727,0.6,0.6,0.0,0.007756094758412102,1.305528091152737,策略3 宏观状态,招商银行积存金代理
2025-01-03,622.8459482853734,0.6,0.6,0.0,0.0022419849275747247,1.3084550654556268,策略3 宏观状态,招商银行积存金代理
2025-01-06,619.3430940521338,0.6,0.6,0.0,-0.0033743697710959973,1.304039854235916,策略3 宏观状态,招商银行积存金代理
2025-01-07,622.5377996012023,0.6,0.6,0.0,0.0030949296889710262,1.3080757658963922,策略3 宏观状态,招商银行积存金代理
2025-01-08,625.0180866500173,0.6,0.6,0.0,0.002390492963226176,1.3112027118101341,策略3 宏观状态,招商银行积存金代理
2025-01-09,628.4938913130912,0.6,0.6,0.0,0.0033366759176876926,1.3155777703218376,策略3 宏观状态,招商银行积存金代理
2025-01-10,631.6334100644044,0.6,0.6,0.0,0.00299718307023209,1.31952079774262,策略3 宏观状态,招商银行积存金代理
2025-01-13,631.6814476875298,0.6,0.6,0.0,4.563180701966374e-05,1.319581009861021,策略3 宏观状态,招商银行积存金代理
2025-01-14,628.3599479720222,0.6,0.6,0.0,-0.0031549127120960472,1.31541784695837,策略3 宏观状态,招商银行积存金代理
2025-01-15,633.2152698931621,0.6,0.6,0.0,0.0046361852980700835,1.3215163678412571,策略3 宏观状态,招商银行积存金代理
2025-01-16,638.0598392176656,0.6,0.6,0.0,0.004590447724345825,1.3275827196447,策略3 宏观状态,招商银行积存金代理
2025-01-17,637.5842747442831,0.6,0.6,0.0,-0.0004471973731795309,1.3269890281397962,策略3 宏观状态,招商银行积存金代理
2025-01-20,637.5406134603872,0.6,0.6,0.0,-4.10875414830647e-05,1.326934505423055,策略3 宏观状态,招商银行积存金代理
2025-01-21,639.8775001664713,0.6,0.6,0.0,0.002199282671640512,1.329852809487234,策略3 宏观状态,招商银行积存金代理
2025-01-22,645.2527254758623,0.6,0.6,0.0,0.005040238459385682,1.3365555847629338,策略3 宏观状态,招商银行积存金代理
2025-01-23,642.2253455164714,0.6,0.6,0.0,-0.002815064398674183,1.3327930947194184,策略3 宏观状态,招商银行积存金代理
2025-01-24,649.1372256802734,0.6,0.6,0.0,0.00645743449278875,1.3413995188210104,策略3 宏观状态,招商银行积存金代理
2025-01-27,644.3775594317574,0.6,0.6,0.0,-0.004399377567842966,1.3354981958683938,策略3 宏观状态,招商银行积存金代理
2025-01-28,639.5987724956489,0.6,0.6,0.0,-0.00444967724231986,1.329555659939079,策略3 宏观状态,招商银行积存金代理
2025-01-29,643.2143082372827,0.6,0.6,0.0,0.0033916910698808867,1.3340651019978038,策略3 宏观状态,招商银行积存金代理
2025-01-30,640.3322011677566,0.6,0.6,0.0,-0.002688472907971673,1.3304785041136122,策略3 宏观状态,招商银行积存金代理
2025-01-31,644.4772315768146,0.6,0.6,0.0,0.0038839499886141656,1.3356460160845156,策略3 宏观状态,招商银行积存金代理
2025-02-03,645.5292252422713,0.6,0.6,0.0,0.000979392550035829,1.336954137842154,策略3 宏观状态,招商银行积存金代理
2025-02-04,654.9262841898012,0.6,0.6,0.0,0.008734283666865527,1.3486314745316568,策略3 宏观状态,招商银行积存金代理
2025-02-05,663.5703276156297,0.6,0.6,0.0,0.0079190989592258,1.3593114206379995,策略3 宏观状态,招商银行积存金代理
2025-02-06,668.8112476191525,0.6,0.6,0.0,0.00473883757493021,1.3657529766741505,策略3 宏观状态,招商银行积存金代理
2025-02-07,671.6327557832246,0.6,0.6,0.0,0.002531214755238853,1.3692099907607196,策略3 宏观状态,招商银行积存金代理
2025-02-10,678.3580372177349,0.6,0.6,0.0,0.006007998904104283,1.3774362028846983,策略3 宏观状态,招商银行积存金代理
2025-02-11,682.6595708553175,0.6,0.6,0.0,0.003804657777970899,1.3826768762476624,策略3 宏观状态,招商银行积存金代理
2025-02-12,677.3909915501965,0.6,0.6,0.0,-0.004630635411896322,1.3762742037412998,策略3 宏观状态,招商银行积存金代理
2025-02-13,685.5522725120909,0.6,0.6,0.0,0.007228865807516005,1.3862231052744913,策略3 宏观状态,招商银行积存金代理
2025-02-14,688.5036769547456,0.6,0.6,0.0,0.002583089191877219,1.3898038431952564,策略3 宏观状态,招商银行积存金代理
2025-02-17,675.8293969831028,0.6,0.6,0.0,-0.011045065171795043,1.3744533691711536,策略3 宏观状态,招商银行积存金代理
2025-02-18,678.312863644434,0.6,0.6,0.0,0.0022048167828306207,1.3774837870267203,策略3 宏观状态,招商银行积存金代理
2025-02-19,689.0262015894923,0.6,0.6,0.0,0.009476457121126547,1.390537453069526,策略3 宏观状态,招商银行积存金代理
2025-02-20,691.6019858722833,0.6,0.6,0.0,0.0022429779391688774,1.393656397900349,策略3 宏观状态,招商银行积存金代理
2025-02-21,683.4103472513214,0.6,0.6,0.0,-0.0071066643430443,1.383752149670935,策略3 宏观状态,招商银行积存金代理
2025-02-24,685.4330188578789,0.6,0.6,0.0,0.0017758041984814454,1.3862094225479784,策略3 宏观状态,招商银行积存金代理
2025-02-25,685.5439971647936,0.6,0.6,0.0,9.714586592250996e-05,1.3863440870626818,策略3 宏观状态,招商银行积存金代理
2025-02-26,678.903048194111,0.6,0.6,0.0,-0.005812273754694952,1.3782862757104708,策略3 宏观状态,招商银行积存金代理
2025-02-27,674.7668608600446,0.6,0.6,0.0,-0.003655473939970033,1.3732479861477929,策略3 宏观状态,招商银行积存金代理
2025-02-28,670.2195037155843,0.6,0.6,0.0,-0.004043491826493373,1.367695269140056,策略3 宏观状态,招商银行积存金代理
2025-03-03,671.5934620778467,0.6,0.6,0.0,0.0012300075017023903,1.3693775445811411,策略3 宏观状态,招商银行积存金代理
2025-03-04,681.8841372939567,0.6,0.6,0.0,0.009193664736644402,1.3819671426239095,策略3 宏观状态,招商银行积存金代理
2025-03-05,681.5116654958034,0.6,0.6,0.0,-0.00032774347820854196,1.3815142119058161,策略3 宏观状态,招商银行积存金代理
2025-03-06,676.4100110856882,0.6,0.6,0.0,-0.004491475056178573,1.375309175283285,策略3 宏观状态,招商银行积存金代理
2025-03-07,680.3379516322027,0.6,0.6,0.0,0.00348422449296093,1.3801010611972007,策略3 宏观状态,招商银行积存金代理
2025-03-10,674.9660860362137,0.6,0.6,0.0,-0.004737526915646572,1.3735627952734666,策略3 宏观状态,招商银行积存金代理
2025-03-11,679.9569358566091,0.6,0.6,0.0,0.00443653385583076,1.379656653117807,策略3 宏观状态,招商银行积存金代理
2025-03-12,679.9919436790802,0.6,0.6,0.0,3.089121145030127e-05,1.3796992723832073,策略3 宏观状态,招商银行积存金代理
2025-03-13,685.1557791505197,0.6,0.6,0.0,0.004556379397821164,1.3859857057230829,策略3 宏观状态,招商银行积存金代理
2025-03-14,697.999614244371,0.6,0.6,0.0,0.011247516682797753,1.4015746030703224,策略3 宏观状态,招商银行积存金代理
2025-03-17,697.1387050080076,0.6,0.6,0.0,-0.0007400370018502356,1.4005373860031969,策略3 宏观状态,招商银行积存金代理
2025-03-18,702.6561480866914,0.6,0.6,0.0,0.0047486473257458695,1.407188044115848,策略3 宏观状态,招商银行积存金代理
2025-03-19,704.9896334075446,0.6,0.6,0.0,0.0019925694755882793,1.409991964058966,策略3 宏观状态,招商银行积存金代理
2025-03-20,703.4398822487968,0.6,0.6,0.0,-0.001318956550827921,1.4081322459213557,策略3 宏观状态,招商银行积存金代理
2025-03-21,706.3504122429247,0.6,0.6,0.0,0.0024825404992590895,1.4116279912501681,策略3 宏观状态,招商银行积存金代理
2025-03-24,706.1836486388385,0.6,0.6,0.0,-0.0001416551342187322,1.4114280268976007,策略3 宏观状态,招商银行积存金代理
2025-03-25,704.5466664049748,0.6,0.6,0.0,-0.0013908412382690916,1.4094649545929427,策略3 宏观状态,招商银行积存金代理
2025-03-26,705.0421695108853,0.6,0.6,0.0,0.00042197611275818225,1.4100597151355507,策略3 宏观状态,招商银行积存金代理
2025-03-27,712.0066147215674,0.6,0.6,0.0,0.005926832900375522,1.4184169034467102,策略3 宏观状态,招商银行积存金代理
2025-03-28,717.0013913675327,0.6,0.6,0.0,0.004209042339797797,1.4243870802488023,策略3 宏观状态,招商银行积存金代理
2025-03-31,727.9686321564767,0.6,0.6,0.0,0.009177589545280761,1.4374595202249267,策略3 宏观状态,招商银行积存金代理
2025-04-01,731.9138581858979,0.6,0.6,0.0,0.003251700022623849,1.442133707379363,策略3 宏观状态,招商银行积存金代理
2025-04-02,730.6525821069953,0.6,0.6,0.0,-0.0010339545274046901,1.440642606703495,策略3 宏观状态,招商银行积存金代理
2025-04-03,731.049796538994,0.6,0.6,0.0,0.00032618602196943236,1.4411125241844553,策略3 宏观状态,招商银行积存金代理
2025-04-04,722.0657407093738,0.6,0.6,0.0,-0.00737355173791443,1.4304864064272247,策略3 宏观状态,招商银行积存金代理
2025-04-07,710.7801525980743,0.6,0.6,0.0,-0.009377751200503414,1.417071660812048,策略3 宏观状态,招商银行积存金代理
2025-04-08,708.480751587759,0.6,0.6,0.0,-0.001941022974750095,1.4143210921615446,策略3 宏观状态,招商银行积存金代理
2025-04-09,719.4869195341782,0.6,0.6,0.0,0.009320931800972954,1.42750388260626,策略3 宏观状态,招商银行积存金代理
2025-04-10,730.5305014303608,0.6,0.6,0.0,0.009209547745495605,1.4406505477700027,策略3 宏观状态,招商银行积存金代理
2025-04-11,755.7151268961171,0.6,0.6,0.0,0.020684660325431013,1.4704499149982713,策略3 宏观状态,招商银行积存金代理
2025-04-14,757.1202195055985,0.6,0.6,0.0,0.0011155732308170574,1.4720903095607005,策略3 宏观状态,招商银行积存金代理
2025-04-15,758.6952759292047,0.6,0.6,0.0,0.0012481952400913432,1.473927765678079,策略3 宏观状态,招商银行积存金代理
2025-04-16,776.8084248006768,0.6,0.6,0.0,0.014324445752707325,1.4950409640009437,策略3 宏观状态,招商银行积存金代理
2025-04-17,781.4983316142506,0.6,0.6,0.0,0.0036224428035346533,1.5004566643819786,策略3 宏观状态,招商银行积存金代理
2025-04-22,812.1302847578412,0.6,0.6,0.0,0.02351786452082458,1.535744200934282,策略3 宏观状态,招商银行积存金代理
2025-04-23,780.7212198825628,0.6,0.6,0.0,-0.023204945411913026,1.50010734058494,策略3 宏观状态,招商银行积存金代理
2025-04-24,780.2995692844895,0.6,0.6,0.0,-0.00032404698681303133,1.4996212353213276,策略3 宏观状态,招商银行积存金代理
2025-04-25,772.873833751754,0.6,0.6,0.0,-0.005709911289233238,1.4910585311001925,策略3 宏观状态,招商银行积存金代理
2025-04-28,768.868179642709,0.6,0.6,0.0,-0.0031096827974628205,1.48642181203602,策略3 宏观状态,招商银行积存金代理
2025-04-29,774.7163406194329,0.6,0.6,0.0,0.0045637167448715045,1.493205420149551,策略3 宏观状态,招商银行积存金代理
2025-04-30,767.7222458074377,0.6,0.6,0.0,-0.005416765682058266,1.4851170762734216,策略3 宏观状态,招商银行积存金代理
2025-05-01,753.919000484255,0.6,0.6,0.0,-0.01078768687391527,1.4690960982834793,策略3 宏观状态,招商银行积存金代理
2025-05-02,762.7549475327953,0.6,0.6,0.0,0.0070320130222463195,1.47942680117754,策略3 宏观状态,招商银行积存金代理
2025-05-06,783.5770578893607,0.6,0.6,0.0,0.01637913494281471,1.5036585323920435,策略3 宏观状态,招商银行积存金代理
2025-05-07,784.1718034216307,0.6,0.6,0.0,0.00045540807476309727,1.5043433106293815,策略3 宏观状态,招商银行积存金代理
2025-05-08,776.1227615824662,0.6,0.6,0.0,-0.006158631415241067,1.4950786146572317,策略3 宏观状态,招商银行积存金代理
2025-05-09,772.2550401792313,0.6,0.6,0.0,-0.002990033222591348,1.4906082799290206,策略3 宏观状态,招商银行积存金代理
2025-05-12,746.1712530983377,0.6,0.6,0.0,-0.02026567835012627,1.460400091981944,策略3 宏观状态,招商银行积存金代理
2025-05-13,753.8728953864459,0.6,0.6,0.0,0.00619292870594661,1.469444245633746,策略3 宏观状态,招商银行积存金代理
2025-05-14,748.5097665556797,0.6,0.6,0.0,-0.004268461325712214,1.463171979700968,策略3 宏观状态,招商银行积存金代理
2025-05-15,734.8186527937087,0.6,0.6,0.0,-0.010974697491233787,1.4471141098461,策略3 宏观状态,招商银行积存金代理
2025-05-16,743.7388855329671,0.6,0.6,0.0,0.007283619738294167,1.4576543387401393,策略3 宏观状态,招商银行积存金代理
2025-05-19,750.7299572478619,0.6,0.6,0.0,0.005639940455622349,1.4658754224155133,策略3 宏观状态,招商银行积存金代理
2025-05-20,751.6621013321768,0.6,0.6,0.0,0.0007449901861372954,1.4669674852193129,策略3 宏观状态,招商银行积存金代理
2025-05-21,766.4766754525218,0.6,0.6,0.0,0.011825452495813548,1.4843150395286768,策略3 宏观状态,招商银行积存金代理
2025-05-22,765.6607716250336,0.6,0.6,0.0,-0.0006386917073555098,1.4833670198218267,策略3 宏观状态,招商银行积存金代理
2025-05-23,771.2655965360491,0.6,0.6,0.0,0.004392147372878829,1.489882186380952,策略3 宏观状态,招商银行积存金代理
2025-05-27,763.3099876230996,0.6,0.6,0.0,-0.006189003333233201,1.4806613005633154,策略3 宏观状态,招商银行积存金代理
2025-05-28,769.308539903897,0.6,0.6,0.0,0.004715163468102767,1.4876428606363652,策略3 宏观状态,招商银行积存金代理
2025-05-29,759.4074545755536,0.6,0.6,0.0,-0.00772206584077193,1.4761551845189769,策略3 宏观状态,招商银行积存金代理
2025-05-30,762.8004580857346,0.6,0.6,0.0,0.002680777089877884,1.4801124275187398,策略3 宏观状态,招商银行积存金代理
2025-06-02,774.739661563538,0.6,0.6,0.0,0.009391082570478559,1.4940122855391598,策略3 宏观状态,招商银行积存金代理
2025-06-03,777.7736783542115,0.6,0.6,0.0,0.002349705539445601,1.497522774482491,策略3 宏观状态,招商银行积存金代理
2025-06-04,778.9085395965246,0.6,0.6,0.0,0.0008754690012507726,1.4988338092502174,策略3 宏观状态,招商银行积存金代理
2025-06-05,780.9956681676164,0.6,0.6,0.0,0.001607733230532693,1.5012435341723946,策略3 宏观状态,招商银行积存金代理
2025-06-06,774.1790265104942,0.6,0.6,0.0,-0.005236885633270316,1.4933816934762474,策略3 宏观状态,招商银行积存金代理
2025-06-09,765.9101278220365,0.6,0.6,0.0,-0.006408516690819077,1.4838113319678412,策略3 宏观状态,招商银行积存金代理
2025-06-10,768.1839884402315,0.6,0.6,0.0,0.0017813008620169767,1.486454446372546,策略3 宏观状态,招商银行积存金代理
2025-06-11,771.948614768987,0.6,0.6,0.0,0.002940409890395701,1.4908252317282826,策略3 宏观状态,招商银行积存金代理
2025-06-12,777.117139241018,0.6,0.6,0.0,0.004017255324885304,1.4968142573289167,策略3 宏观状态,招商银行积存金代理
2025-06-13,790.934559250139,0.6,0.6,0.0,0.010668214078471693,1.51278259226181,策略3 宏观状态,招商银行积存金代理
2025-06-16,788.7477184243568,0.6,0.6,0.0,-0.0016589292756575612,1.5102729929318017,策略3 宏观状态,招商银行积存金代理
2025-06-17,780.8632573853985,0.6,0.6,0.0,-0.005997705619770599,1.5012148201147069,策略3 宏观状态,招商银行积存金代理
2025-06-18,781.5154735422906,0.6,0.6,0.0,0.0005011500930976353,1.5019671540615667,策略3 宏观状态,招商银行积存金代理
2025-06-19,778.9095552634186,0.6,0.6,0.0,-0.002000665399798507,1.498962220344802,策略3 宏观状态,招商银行积存金代理
2025-06-20,775.3737317990355,0.6,0.6,0.0,-0.002723671913245962,1.4948795390462322,策略3 宏观状态,招商银行积存金代理
2025-06-23,776.2147242153488,0.6,0.6,0.0,0.0006507770757429476,1.4958523723812405,策略3 宏观状态,招商银行积存金代理
2025-06-24,765.3527059135181,0.6,0.6,0.0,-0.008396144491701717,1.483292979724473,策略3 宏观状态,招商银行积存金代理
2025-06-25,766.5661342856433,0.6,0.6,0.0,0.0009512699408387171,1.484703991749542,策略3 宏观状态,招商银行积存金代理
2025-06-26,769.7172800858474,0.6,0.6,0.0,0.0024664375264690894,1.4883659213904914,策略3 宏观状态,招商银行积存金代理
2025-06-27,757.2850163709109,0.6,0.6,0.0,-0.009691036464882253,1.4739421129732082,策略3 宏观状态,招商银行积存金代理
2025-06-30,754.8001191617775,0.6,0.6,0.0,-0.001968794170291299,1.4710402243338396,策略3 宏观状态,招商银行积存金代理
2025-07-01,770.0746485580199,0.6,0.6,0.0,0.012141913342466193,1.4889014672609833,策略3 宏观状态,招商银行积存金代理
2025-07-02,769.046438862014,0.6,0.6,0.0,-0.0008011246945458072,1.487708671527815,策略3 宏观状态,招商银行积存金代理
2025-07-03,771.6955429647288,0.6,0.6,0.0,0.002066796465478582,1.4907834625517904,策略3 宏观状态,招商银行积存金代理
2025-07-04,767.9407258452287,0.6,0.6,0.0,-0.0029194029850747147,1.4864312648611167,策略3 宏观状态,招商银行积存金代理
2025-07-07,762.5696016466037,0.6,0.6,0.0,-0.004196514666712092,1.4801934342570675,策略3 宏观状态,招商银行积存金代理
2025-07-08,766.2537913484505,0.6,0.6,0.0,0.0028987699173097068,1.4844841744560913,策略3 宏观状态,招商银行积存金代理
2025-07-09,759.0212048438524,0.6,0.6,0.0,-0.005663334983468227,1.476077043298489,策略3 宏观状态,招商银行积存金代理
2025-07-10,767.2371620852713,0.6,0.6,0.0,0.006494646412237515,1.4856636417719338,策略3 宏观状态,招商银行积存金代理
2025-07-11,769.5439138240764,0.6,0.6,0.0,0.0018039416124231876,1.4883436922373903,策略3 宏观状态,招商银行积存金代理
2025-07-14,775.043973029909,0.6,0.6,0.0,0.00428830046501285,1.4947261571849109,策略3 宏观状态,招商银行积存金代理
2025-07-15,774.7480571538844,0.6,0.6,0.0,-0.00022908316404381956,1.494383740587444,策略3 宏观状态,招商银行积存金代理
2025-07-16,770.7139507305757,0.6,0.6,0.0,-0.0031241948032461496,1.4897149946710453,策略3 宏观状态,招商银行积存金代理
2025-07-17,768.885984117108,0.6,0.6,0.0,-0.0014230700859131362,1.4875950258255926,策略3 宏观状态,招商银行积存金代理
2025-07-18,774.0360629462346,0.6,0.6,0.0,0.004018862824016978,1.4935734661720756,策略3 宏观状态,招商银行积存金代理
2025-07-21,775.7440164309663,0.6,0.6,0.0,0.0013239332634430666,1.495550857765337,策略3 宏观状态,招商银行积存金代理
2025-07-22,780.9194738024909,0.6,0.6,0.0,0.004002962777852215,1.5015374921813565,策略3 宏观状态,招商银行积存金代理
2025-07-23,789.5631572519084,0.6,0.6,0.0,0.00664115858757821,1.5115094407921275,策略3 宏观状态,招商银行积存金代理
2025-07-24,773.1241220688618,0.6,0.6,0.0,-0.012492250960845008,1.4926272855280656,策略3 宏观状态,招商银行积存金代理
2025-07-25,769.6857660649558,0.6,0.6,0.0,-0.0026684118933231415,1.4886443411270638,策略3 宏观状态,招商银行积存金代理
2025-07-28,770.3618701547092,0.6,0.6,0.0,0.0005270494424316041,1.4894289302970338,策略3 宏观状态,招商银行积存金代理
2025-07-29,767.1660235070323,0.6,0.6,0.0,-0.002489100334393579,1.4857215922485763,策略3 宏观状态,招商银行积存金代理
2025-07-30,768.7118918852268,0.6,0.6,0.0,0.0012090225563909484,1.487517863166122,策略3 宏观状态,招商银行积存金代理
2025-07-31,765.4971108383019,0.6,0.6,0.0,-0.0025092217884447265,1.4837853509331647,策略3 宏观状态,招商银行积存金代理
2025-08-01,762.7423583225839,0.6,0.6,0.0,-0.002159187129551343,1.480581580700413,策略3 宏观状态,招商银行积存金代理
2025-08-04,775.1950357621657,0.6,0.6,0.0,0.009795714610868833,1.4950849353230635,策略3 宏观状态,招商银行积存金代理
2025-08-05,776.7482305490406,0.6,0.6,0.0,0.0012021708462163882,1.4968822828449262,策略3 宏观状态,招商银行积存金代理
2025-08-06,776.5563025965542,0.6,0.6,0.0,-0.00014825495181423066,1.4966603626342116,策略3 宏观状态,招商银行积存金代理
2025-08-07,779.4208310362222,0.6,0.6,0.0,0.002213254928269803,1.499972853557758,策略3 宏观状态,招商银行积存金代理
2025-08-08,784.3038271044154,0.6,0.6,0.0,0.003758941927457604,1.5056111644070445,策略3 宏观状态,招商银行积存金代理
2025-08-11,776.0230419261278,0.6,0.6,0.0,-0.0063348806103825425,1.4960732974348665,策略3 宏观状态,招商银行积存金代理
2025-08-12,772.594922970635,0.6,0.6,0.0,-0.002650528737124125,1.4921079121671714,策略3 宏观状态,招商银行积存金代理
2025-08-13,775.5912484229902,0.6,0.6,0.0,0.002326957138807728,1.4955799833252603,策略3 宏观状态,招商银行积存金代理
2025-08-14,774.8146019395956,0.6,0.6,0.0,-0.0006008163333254046,1.494681414443484,策略3 宏观状态,招商银行积存金代理
2025-08-15,771.9638972790796,0.6,0.6,0.0,-0.002207525248011488,1.4913818674833663,策略3 宏观状态,招商银行积存金代理
2025-08-18,773.4593020206775,0.6,0.6,0.0,0.001162286018972125,1.4931152797768907,策略3 宏观状态,招商银行积存金代理
2025-08-19,770.7326176310844,0.6,0.6,0.0,-0.002115186448054529,1.4899570625717236,策略3 宏观状态,招商银行积存金代理
2025-08-20,767.6102772365504,0.6,0.6,0.0,-0.0024306798413157747,1.4863354539753046,策略3 宏观状态,招商银行积存金代理
2025-08-21,770.9335117048244,0.6,0.6,0.0,0.002597595081898518,1.4901963516406025,策略3 宏观状态,招商银行积存金代理
2025-08-22,768.3250293015354,0.6,0.6,0.0,-0.0020301224660896453,1.487171070548252,策略3 宏观状态,招商银行积存金代理
2025-08-26,775.5718368029617,0.6,0.6,0.0,0.005659173312118293,1.4955872293812529,策略3 宏观状态,招商银行积存金代理
2025-08-27,777.7500387728492,0.6,0.6,0.0,0.001685106549665072,1.4981074532170786,策略3 宏观状态,招商银行积存金代理
2025-08-28,781.4181286390269,0.6,0.6,0.0,0.0028297702474939343,1.502346753115741,策略3 宏观状态,招商银行积存金代理
2025-08-29,783.6373805016362,0.6,0.6,0.0,0.0017040187177186806,1.504906780103554,策略3 宏观状态,招商银行积存金代理
2025-09-01,795.2143841108078,0.6,0.6,0.0,0.008864051586023701,1.5182463514345488,策略3 宏观状态,招商银行积存金代理
2025-09-02,798.2850903574782,0.6,0.6,0.0,0.0023168893631902777,1.5217639602568898,策略3 宏观状态,招商银行积存金代理
2025-09-03,812.0769690347087,0.6,0.6,0.0,0.010366130228779058,1.537538763646375,策略3 宏观状态,招商银行积存金代理
2025-09-04,812.6624524442024,0.6,0.6,0.0,0.000432582204755505,1.5382038755546503,策略3 宏观状态,招商银行积存金代理
2025-09-05,814.7633046782682,0.6,0.6,0.0,0.0015510884459450035,1.5405897658135312,策略3 宏观状态,招商银行积存金代理
2025-09-08,827.5710860146447,0.6,0.6,0.0,0.009431780687349933,1.55512027061386,策略3 宏观状态,招商银行积存金代理
2025-09-09,836.5778983636686,0.6,0.6,0.0,0.0065300582641655055,1.565275296588753,策略3 宏观状态,招商银行积存金代理
2025-09-10,834.7915642528653,0.6,0.6,0.0,-0.0012811723433984845,1.5632699091689588,策略3 宏观状态,招商银行积存金代理
2025-09-11,828.0108296624625,0.6,0.6,0.0,-0.004873600702808911,1.555651155840953,策略3 宏观状态,招商银行积存金代理
2025-09-12,834.2816451056698,0.6,0.6,0.0,0.004544009729266651,1.562720049828439,策略3 宏观状态,招商银行积存金代理
2025-09-15,832.6569956512554,0.6,0.6,0.0,-0.0011684179777503355,1.5608941396280287,策略3 宏观状态,招商银行积存金代理
2025-09-16,845.2371828002307,0.6,0.6,0.0,0.009065092023254317,1.575043788642315,策略3 宏观状态,招商银行积存金代理
2025-09-17,838.0728792727797,0.6,0.6,0.0,-0.005085651937636748,1.5670336641467433,策略3 宏观状态,招商银行积存金代理
2025-09-18,839.8343685508877,0.6,0.6,0.0,0.0012610998315347732,1.569009850036608,策略3 宏观状态,招商银行积存金代理
2025-09-19,836.4955669931148,0.6,0.6,0.0,-0.002385328595351899,1.5652672459749268,策略3 宏观状态,招商银行积存金代理
2025-09-22,851.1258110536013,0.6,0.6,0.0,0.010493954520101089,1.5816930892659915,策略3 宏观状态,招商银行积存金代理
2025-09-23,866.1920761600317,0.6,0.6,0.0,0.010620943398095273,1.5984921620402441,策略3 宏观状态,招商银行积存金代理
2025-09-24,863.9499651752061,0.6,0.6,0.0,-0.0015530811559245628,1.5960095739854863,策略3 宏观状态,招商银行积存金代理
2025-09-25,860.6391948970576,0.6,0.6,0.0,-0.0022992791793055465,1.5923399024020493,策略3 宏观状态,招商银行积存金代理
2025-09-26,859.8020418586357,0.6,0.6,0.0,-0.0005836264790533896,1.591410570671354,策略3 宏观状态,招商银行积存金代理
2025-09-29,872.7385866742449,0.6,0.6,0.0,0.009027574385129977,1.605777147975372,策略3 宏观状态,招商银行积存金代理
2025-09-30,871.2475928180095,0.6,0.6,0.0,-0.0010250449875835786,1.6041311541586634,策略3 宏观状态,招商银行积存金代理
2025-10-01,889.4550893722837,0.6,0.6,0.0,0.01253891318910827,1.624245215444603,策略3 宏观状态,招商银行积存金代理
2025-10-02,887.4867113664163,0.6,0.6,0.0,-0.001327809371863764,1.6220885274253307,策略3 宏观状态,招商银行积存金代理
2025-10-03,883.6415078200705,0.6,0.6,0.0,-0.0025996131528046363,1.6178717247544223,策略3 宏观状态,招商银行积存金代理
2025-10-06,902.2381023522488,0.6,0.6,0.0,0.012627243764084238,1.6383009854019157,策略3 宏观状态,招商银行积存金代理
2025-10-07,906.8958340289236,0.6,0.6,0.0,0.0030974517687945456,1.6433755436869668,策略3 宏观状态,招商银行积存金代理
2025-10-08,923.4134498389047,0.6,0.6,0.0,0.010928013024340988,1.6613343730322614,策略3 宏观状态,招商银行积存金代理
2025-10-09,925.9214626194132,0.6,0.6,0.0,0.0016296141978087598,1.6640417071138622,策略3 宏观状态,招商银行积存金代理
2025-10-10,916.1709408566909,0.6,0.6,0.0,-0.006318368559124842,1.6535276783105617,策略3 宏观状态,招商银行积存金代理
2025-10-13,929.2655543822909,0.6,0.6,0.0,0.008575657407353842,1.6677077651933303,策略3 宏观状态,招商银行积存金代理
2025-10-14,951.0223706717504,0.6,0.6,0.0,0.014047749550292065,1.6911353062018435,策略3 宏观状态,招商银行积存金代理
2025-10-15,960.2684219724229,0.6,0.6,0.0,0.005833333632819748,1.7010002626611598,策略3 宏观状态,招商银行积存金代理
2025-10-16,967.6922440557956,0.6,0.6,0.0,0.004638591822976368,1.7088905085704205,策略3 宏观状态,招商银行积存金代理
2025-10-17,993.5016454130362,0.6,0.6,0.0,0.01600265054253289,1.7362372861945239,策略3 宏观状态,招商银行积存金代理
2025-10-20,973.4427601471248,0.6,0.6,0.0,-0.01211405256862288,1.7152044164379605,策略3 宏观状态,招商银行积存金代理
2025-10-21,978.8747137240744,0.6,0.6,0.0,0.00334808812556906,1.72094707197756,策略3 宏观状态,招商银行积存金代理
2025-10-22,935.0576697439899,0.6,0.6,0.0,-0.026857600895655986,1.6747265623558385,策略3 宏观状态,招商银行积存金代理
2025-10-23,945.1837383468771,0.6,0.6,0.0,0.006497611172363049,1.6856082843780553,策略3 宏观状态,招商银行积存金代理
2025-10-24,932.3428753334873,0.6,0.6,0.0,-0.00815134401434905,1.6718683113786532,策略3 宏观状态,招商银行积存金代理
2025-10-27,922.5944947741036,0.6,0.6,0.0,-0.006273473515350325,1.6613798898060657,策略3 宏观状态,招商银行积存金代理
2025-10-28,893.8648221981052,0.6,0.6,0.0,-0.018684052032870314,1.630338581498565,策略3 宏观状态,招商银行积存金代理
2025-10-29,918.5185796925928,0.6,0.6,0.0,0.016548648217654314,1.657318481159454,策略3 宏观状态,招商银行积存金代理
2025-10-30,909.8485577907659,0.6,0.6,0.0,-0.00566348167158155,1.647932288317434,策略3 宏观状态,招商银行积存金代理
2025-10-31,917.3588209858591,0.6,0.6,0.0,0.004952646106289871,1.6560939137485988,策略3 宏观状态,招商银行积存金代理
2025-11-03,913.9160289619563,0.6,0.6,0.0,-0.002251763614287561,1.6523647817317766,策略3 宏观状态,招商银行积存金代理
2025-11-04,920.6316898073503,0.6,0.6,0.0,0.00440893515327998,1.6596499509039953,策略3 宏观状态,招商银行积存金代理
2025-11-05,908.8156482921781,0.6,0.6,0.0,-0.007700826495106705,1.6468692745894713,策略3 宏观状态,招商银行积存金代理
2025-11-06,917.4100276073107,0.6,0.6,0.0,0.005674008363269012,1.6562136246267025,策略3 宏观状态,招商银行积存金代理
2025-11-07,916.9379612878851,0.6,0.6,0.0,-0.00030873849547305985,1.6557022877240533,策略3 宏观状态,招商银行积存金代理
2025-11-10,933.2333843219549,0.6,0.6,0.0,0.010662939297124517,1.6733569407121651,策略3 宏观状态,招商银行积存金代理
2025-11-11,947.0357117480626,0.6,0.6,0.0,0.008873875061468662,1.6882061011372866,策略3 宏观状态,招商银行积存金代理
2025-11-12,943.0530117155754,0.6,0.6,0.0,-0.00252326283987907,1.6839463134162298,策略3 宏观状态,招商银行积存金代理
2025-11-13,969.1923418138541,0.6,0.6,0.0,0.016630664304264364,1.7119514592610587,策略3 宏观状态,招商银行积存金代理
2025-11-14,951.4838017201616,0.6,0.6,0.0,-0.010962864230159375,1.6931835678445566,策略3 宏观状态,招商银行积存金代理
2025-11-17,931.9682392723673,0.6,0.6,0.0,-0.012306397068985907,1.6723465785479792,策略3 宏观状态,招商银行积存金代理
2025-11-18,923.4261291106739,0.6,0.6,0.0,-0.0054993999591848915,1.6631496758421693,策略3 宏观状态,招商银行积存金代理
2025-11-19,939.3305248954582,0.6,0.6,0.0,0.010333947860085901,1.680336577875841,策略3 宏观状态,招商银行积存金代理
2025-11-20,928.3391249349967,0.6,0.6,0.0,-0.007020787466702272,1.6685392918900488,策略3 宏观状态,招商银行积存金代理
2025-11-21,921.8836769332702,0.6,0.6,0.0,-0.004172256341460478,1.6615777182484848,策略3 宏观状态,招商银行积存金代理
2025-11-24,929.4553426867351,0.6,0.6,0.0,0.0049279530224372705,1.669765895187142,策略3 宏观状态,招商银行积存金代理
2025-11-25,943.0827186237016,0.6,0.6,0.0,0.008797007437220917,1.684454838185521,策略3 宏观状态,招商银行积存金代理
2025-11-26,946.6088721403416,0.6,0.6,0.0,0.002243379152437086,1.688233709052728,策略3 宏观状态,招商银行积存金代理
2025-11-27,945.0028094330909,0.6,0.6,0.0,-0.001017989216783488,1.686515105341502,策略3 宏观状态,招商银行积存金代理
2025-11-28,946.2312675869038,0.6,0.6,0.0,0.0007799711121809771,1.6878305384039252,策略3 宏观状态,招商银行积存金代理
2025-12-01,967.6790434024826,0.6,0.6,0.0,0.01359991571845356,1.7107848914732509,策略3 宏观状态,招商银行积存金代理
2025-12-02,951.6625836624443,0.6,0.6,0.0,-0.009930850429739069,1.6937953425985728,策略3 宏观状态,招商银行积存金代理
2025-12-03,954.8888669941965,0.6,0.6,0.0,0.0020340927890656335,1.6972406794911055,策略3 宏观状态,招商银行积存金代理
2025-12-04,953.7065150841604,0.6,0.6,0.0,-0.0007429253503130395,1.6959797563647292,策略3 宏观状态,招商银行积存金代理
2025-12-05,960.3411239647874,0.6,0.6,0.0,0.004173994059404018,1.7030587657926652,策略3 宏观状态,招商银行积存金代理
2025-12-08,955.5735351951599,0.6,0.6,0.0,-0.002978684542807697,1.6979858909715053,策略3 宏观状态,招商银行积存金代理
2025-12-09,955.9219041083528,0.6,0.6,0.0,0.00021873915530012944,1.698357306971008,策略3 宏观状态,招商银行积存金代理
2025-12-10,951.8265873226908,0.6,0.6,0.0,-0.0025704924856692958,1.6939916922754574,策略3 宏观状态,招商银行积存金代理
2025-12-11,956.9514668050294,0.6,0.6,0.0,0.00323055452574863,1.6994642248035188,策略3 宏观状态,招商银行积存金代理
2025-12-12,980.1669131208648,0.6,0.6,0.0,0.014555876941185764,1.7242014169257063,策略3 宏观状态,招商银行积存金代理
2025-12-15,983.7075374736729,0.6,0.6,0.0,0.002167360051892375,1.7279383821981673,策略3 宏观状态,招商银行积存金代理
2025-12-16,968.8541782690099,0.6,0.6,0.0,-0.009059619026286358,1.7122839187545542,策略3 宏观状态,招商银行积存金代理
2025-12-17,976.8643856077395,0.6,0.6,0.0,0.0049606272141226255,1.7207779209602327,策略3 宏观状态,招商银行积存金代理
2025-12-18,978.5732299922353,0.6,0.6,0.0,0.0010495895293179734,1.7225840314483538,策略3 宏观状态,招商银行积存金代理
2025-12-19,979.5726915280612,0.6,0.6,0.0,0.0006128074048176834,1.7236396436982464,策略3 宏观状态,招商银行积存金代理
2025-12-22,997.4097334738937,0.6,0.6,0.0,0.010925401718584827,1.7424710992237282,策略3 宏观状态,招商银行积存金代理
2025-12-23,1014.5572760422982,0.6,0.6,0.0,0.010315244774290199,1.7604451151243474,策略3 宏观状态,招商银行积存金代理
2025-12-24,1012.4611488136705,0.6,0.6,0.0,-0.001239630691016935,1.7582628133297884,策略3 宏观状态,招商银行积存金代理
2025-12-29,1007.2528758534502,0.6,0.6,0.0,-0.0030865024102839423,1.7528359309185333,策略3 宏观状态,招商银行积存金代理
2025-12-30,988.6589531635799,0.6,0.6,0.0,-0.011076020611476877,1.7334214840191424,策略3 宏观状态,招商银行积存金代理
2026-01-05,997.5183066323793,0.6,0.6,0.0,0.005376588220104006,1.7427413775505949,策略3 宏观状态,招商银行积存金代理
2026-01-06,1000.3967346284049,0.6,0.6,0.0,0.0017313534860788238,1.7457586789099508,策略3 宏观状态,招商银行积存金代理
2026-01-07,1001.2649415897638,0.6,0.6,0.0,0.0005207175901156712,1.7466677261621562,策略3 宏观状态,招商银行积存金代理
2026-01-08,996.9685356084848,0.6,0.6,0.0,-0.002574586886737884,1.742170778338891,策略3 宏观状态,招商银行积存金代理
2026-01-09,1003.8950120539668,0.6,0.6,0.0,0.004168522595101453,1.749433056592922,策略3 宏观状态,招商银行积存金代理
2026-01-12,1029.1229108993252,0.6,0.6,0.0,0.015078010275442422,1.7758110261964286,策略3 宏观状态,招商银行积存金代理
2026-01-13,1027.4196590660547,0.6,0.6,0.0,-0.0009930311424796389,1.774047590544257,策略3 宏观状态,招商银行积存金代理
2026-01-14,1039.3293820858341,0.6,0.6,0.0,0.006955126611421214,1.7863863161511788,策略3 宏观状态,招商银行积存金代理
2026-01-15,1033.7494015675238,0.6,0.6,0.0,-0.0032212967021745475,1.7806318358021516,策略3 宏观状态,招商银行积存金代理
2026-01-16,1031.8493998420313,0.6,0.6,0.0,-0.001102782776528688,1.7786681856822903,策略3 宏观状态,招商银行积存金代理
2026-01-19,1045.0869732348997,0.6,0.6,0.0,0.007697386883141055,1.7923592828442216,策略3 宏观状态,招商银行积存金代理
2026-01-20,1058.3047207822171,0.6,0.6,0.0,0.007588505771765952,1.8059606116071631,策略3 宏观状态,招商银行积存金代理
2026-01-21,1087.670477093332,0.6,0.6,0.0,0.016648752897602082,1.8360276035726133,策略3 宏观状态,招商银行积存金代理
2026-01-22,1080.3834526658773,0.6,0.6,0.0,-0.004019797124729441,1.8286471450908484,策略3 宏观状态,招商银行积存金代理
2026-01-23,1104.3274119540026,0.6,0.6,0.0,0.01329747835125179,1.8529635409147724,策略3 宏观状态,招商银行积存金代理
2026-01-26,1141.8429802197052,0.6,0.6,0.0,0.020382850878973846,1.8907322204534136,策略3 宏观状态,招商银行积存金代理
2026-01-27,1137.6112125303,0.6,0.6,0.0,-0.0022236512879857838,1.886527891316166,策略3 宏观状态,招商银行积存金代理
2026-01-28,1180.0758282728984,0.6,0.6,0.0,0.022396728482386052,1.9287799442724225,策略3 宏观状态,招商银行积存金代理
2026-01-29,1230.138160674714,0.6,0.6,0.0,0.02545378756299983,1.9778746992297074,策略3 宏观状态,招商银行积存金代理
2026-01-30,1131.0906042572594,0.6,0.6,0.0,-0.04831045467110544,1.8823226732274443,策略3 宏观状态,招商银行积存金代理
2026-02-02,1047.1036456901854,0.6,0.6,0.0,-0.04455184664303251,1.7984617221571124,策略3 宏观状态,招商银行积存金代理
2026-02-03,1099.5925105550073,0.6,0.6,0.0,0.03007660134554748,1.8525533384096589,策略3 宏观状态,招商银行积存金代理
2026-02-04,1126.804092146565,0.6,0.6,0.0,0.014848181301902174,1.8800603862498095,策略3 宏观状态,招商银行积存金代理
2026-02-05,1083.833080447246,0.6,0.6,0.0,-0.022881179789181826,1.837042386537509,策略3 宏观状态,招商银行积存金代理
2026-02-06,1086.3023339526205,0.6,0.6,0.0,0.0013669559731590564,1.8395535426007328,策略3 宏观状态,招商银行积存金代理
2026-02-09,1113.7648216719813,0.6,0.6,0.0,0.015168422378014678,1.8674566677218738,策略3 宏观状态,招商银行积存金代理
2026-02-10,1123.4084786747949,0.6,0.6,0.0,0.005195166959037189,1.877158416899456,策略3 宏观状态,招商银行积存金代理
2026-02-11,1126.5240971390265,0.6,0.6,0.0,0.0016640172421915178,1.8802820408715015,策略3 宏观状态,招商银行积存金代理
2026-02-12,1125.2669715088202,0.6,0.6,0.0,-0.0006695599144655118,1.8790230793890448,策略3 宏观状态,招商银行积存金代理
2026-02-13,1102.406277575899,0.6,0.6,0.0,-0.012189477436950891,1.8561187699593222,策略3 宏观状态,招商银行积存金代理
2026-02-16,1111.686110982031,0.6,0.6,0.0,0.00505067882588861,1.8654934297290902,策略3 宏观状态,招商银行积存金代理
2026-02-17,1093.2298206111104,0.6,0.6,0.0,-0.009961241858792436,1.8469107984895705,策略3 宏观状态,招商银行积存金代理
2026-02-18,1092.0193900151837,0.6,0.6,0.0,-0.0006643235885662957,1.8456838520801562,策略3 宏观状态,招商银行积存金代理
2026-02-19,1108.4990139083523,0.6,0.6,0.0,0.009054577625918991,1.8623957397917215,策略3 宏观状态,招商银行积存金代理
2026-02-20,1117.6767310787957,0.6,0.6,0.0,0.004967645648010821,1.8716474618833714,策略3 宏观状态,招商银行积存金代理
2026-02-23,1143.257250286801,0.6,0.6,0.0,0.013732335207505652,1.8973495522202308,策略3 宏观状态,招商银行积存金代理
2026-02-24,1147.6325682207016,0.6,0.6,0.0,0.002296238016143581,1.901706318391952,策略3 宏观状态,招商银行积存金代理
2026-02-25,1144.4917500241156,0.6,0.6,0.0,-0.0016420681759435896,1.8985835869665297,策略3 宏观状态,招商银行积存金代理
2026-02-26,1142.8431013331058,0.6,0.6,0.0,-0.0008643043644351867,1.8969426328860695,策略3 宏观状态,招商银行积存金代理
2026-02-27,1137.991763089028,0.6,0.6,0.0,-0.002546983871234243,1.892111150595452,策略3 宏观状态,招商银行积存金代理
2026-03-02,1188.5220440710914,0.6,0.6,0.0,0.026641817254406817,1.9425204300946413,策略3 宏观状态,招商银行积存金代理
2026-03-03,1165.5167450362208,0.6,0.6,0.0,-0.011613734461030133,1.9199605136343962,策略3 宏观状态,招商银行积存金代理
2026-03-04,1149.9028219329948,0.6,0.6,0.0,-0.008037940168456714,1.9045279859000035,策略3 宏观状态,招商银行积存金代理
2026-03-05,1142.8115619736818,0.6,0.6,0.0,-0.0037001004732169383,1.89748104099812,策略3 宏观状态,招商银行积存金代理
2026-03-06,1128.1764781822167,0.6,0.6,0.0,-0.007683725442638933,1.8829013176464777,策略3 宏观状态,招商银行积存金代理
2026-03-09,1129.6024834944114,0.6,0.6,0.0,0.0007583948113289996,1.8843293002360255,策略3 宏观状态,招商银行积存金代理
2026-03-10,1149.619623408592,0.6,0.6,0.0,0.010632310148039491,1.904364073777173,策略3 宏观状态,招商银行积存金代理
2026-03-11,1146.0141996830207,0.6,0.6,0.0,-0.001881713039073518,1.9007806070684032,策略3 宏观状态,招商银行积存金代理
2026-03-12,1143.7505255565195,0.6,0.6,0.0,-0.001185155014899819,1.8985278873997118,策略3 宏观状态,招商银行积存金代理
2026-03-13,1122.4979022746331,0.6,0.6,0.0,-0.011148912008523193,1.877361367037365,策略3 宏观状态,招商银行积存金代理
2026-03-16,1105.669360753675,0.6,0.6,0.0,-0.00899522831366908,1.860474072913602,策略3 宏观状态,招商银行积存金代理
2026-03-17,1119.4308124795064,0.6,0.6,0.0,0.007467757838446953,1.87436764275483,策略3 宏观状态,招商银行积存金代理
2026-03-18,1103.2899996703472,0.6,0.6,0.0,-0.008651260602738442,1.8581519998120175,策略3 宏观状态,招商银行积存金代理
2026-03-19,1034.7188992708138,0.6,0.6,0.0,-0.03729088476467028,1.788859867711786,策略3 宏观状态,招商银行积存金代理
2026-03-20,1031.6820607130717,0.6,0.6,0.0,-0.0017609643893905513,1.7857097491871357,策略3 宏观状态,招商银行积存金代理
2026-03-23,943.8664168192872,0.6,0.6,0.0,-0.05107134100970325,1.6945111576420477,策略3 宏观状态,招商银行积存金代理
2026-03-24,977.5586408320819,0.6,0.6,0.0,0.021417579911148853,1.7308034857711796,策略3 宏观状态,招商银行积存金代理
2026-03-25,1009.4471984021704,0.6,0.6,0.0,0.019572365015123116,1.7646794033641409,策略3 宏观状态,招商银行积存金代理
2026-03-26,985.7342669063809,0.6,0.6,0.0,-0.014094604373556674,1.739806945327559,策略3 宏观状态,招商银行积存金代理
2026-03-27,984.2424981100411,0.6,0.6,0.0,-0.0009080147742179356,1.7382271749169147,策略3 宏观状态,招商银行积存金代理
2026-03-30,1006.1920438195175,0.6,0.6,0.0,0.013380571811290974,1.7614856484552277,策略3 宏观状态,招商银行积存金代理
2026-03-31,1009.3997401151232,0.6,0.6,0.0,0.0019127737981881941,1.7648549720494773,策略3 宏观状态,招商银行积存金代理
2026-04-01,1042.542590097105,0.0,0.0,0.0014387901408040187,0.018261739985071673,1.797084294660406,策略3 宏观状态,招商银行积存金代理
2026-04-02,1023.9389795877623,0.0,0.0,0.0,-0.0,1.797084294660406,策略3 宏观状态,招商银行积存金代理
2026-04-07,1032.2478638670282,0.0,0.0,0.0,0.0,1.797084294660406,策略3 宏观状态,招商银行积存金代理
2026-04-08,1053.4013467527677,0.0,0.0,0.0,0.0,1.797084294660406,策略3 宏观状态,招商银行积存金代理
2026-04-09,1038.6630404076977,0.0,0.0,0.0,-0.0,1.797084294660406,策略3 宏观状态,招商银行积存金代理
2026-04-10,1042.9019883316716,0.0,0.0,0.0,0.0,1.797084294660406,策略3 宏观状态,招商银行积存金代理
2026-04-13,1035.7947133957841,0.0,0.0,0.0,-0.0,1.797084294660406,策略3 宏观状态,招商银行积存金代理
2026-04-14,1045.6547514805457,0.0,0.0,0.0,0.0,1.797084294660406,策略3 宏观状态,招商银行积存金代理
2026-04-15,1051.7726407760765,0.0,0.0,0.0,0.0,1.797084294660406,策略3 宏观状态,招商银行积存金代理
2026-04-16,1055.4966117476856,0.0,0.0,0.0,0.0,1.797084294660406,策略3 宏观状态,招商银行积存金代理
2026-04-17,1051.7465224966265,0.0,0.0,0.0,-0.0,1.797084294660406,策略3 宏观状态,招商银行积存金代理
2026-04-20,1049.2581150200067,0.0,0.0,0.0,-0.0,1.797084294660406,策略3 宏观状态,招商银行积存金代理
2026-04-21,1048.8603478345462,0.0,0.0,0.0,-0.0,1.797084294660406,策略3 宏观状态,招商银行积存金代理
2026-04-22,1043.5141951513133,0.0,0.0,0.0,-0.0,1.797084294660406,策略3 宏观状态,招商银行积存金代理
2026-04-23,1031.6642287469476,0.0,0.0,0.0,-0.0,1.797084294660406,策略3 宏观状态,招商银行积存金代理
2026-04-24,1027.0336015847956,0.0,0.0,0.0,-0.0,1.797084294660406,策略3 宏观状态,招商银行积存金代理
2026-04-27,1031.3341314206568,0.0,0.0,0.0,0.0,1.797084294660406,策略3 宏观状态,招商银行积存金代理
2026-04-28,1013.5697068940112,0.0,0.0,0.0,-0.0,1.797084294660406,策略3 宏观状态,招商银行积存金代理
2026-04-29,1003.5932441282879,0.0,0.0,0.0,-0.0,1.797084294660406,策略3 宏观状态,招商银行积存金代理
2026-04-30,1015.376026121469,0.0,0.0,0.0,0.0,1.797084294660406,策略3 宏观状态,招商银行积存金代理
2026-05-01,1002.7546154461296,0.0,0.0,0.0,-0.0,1.797084294660406,策略3 宏观状态,招商银行积存金代理
2026-05-05,1000.0586232216385,0.0,0.0,0.0,-0.0,1.797084294660406,策略3 宏观状态,招商银行积存金代理
2026-05-06,1029.0467492207229,0.0,0.0,0.0,0.0,1.797084294660406,策略3 宏观状态,招商银行积存金代理
2026-05-07,1035.2170238432152,0.0,0.0,0.0,0.0,1.797084294660406,策略3 宏观状态,招商银行积存金代理
2026-05-08,1029.9580080909834,0.0,0.0,0.0,-0.0,1.797084294660406,策略3 宏观状态,招商银行积存金代理
2026-05-11,1016.1896277613122,0.0,0.0,0.0,-0.0,1.797084294660406,策略3 宏观状态,招商银行积存金代理
2026-05-12,1026.0341679760859,0.0,0.0,0.0,0.0,1.797084294660406,策略3 宏观状态,招商银行积存金代理
2026-05-13,1023.2548132171386,0.0,0.0,0.0,-0.0,1.797084294660406,策略3 宏观状态,招商银行积存金代理
2026-05-15,994.1296855523036,0.0,0.0,0.0,-0.0,1.797084294660406,策略3 宏观状态,招商银行积存金代理
2026-05-18,992.8639510230994,0.0,0.0,0.0,-0.0,1.797084294660406,策略3 宏观状态,招商银行积存金代理
2026-05-19,994.8934018123489,0.0,0.0,0.0,0.0,1.797084294660406,策略3 宏观状态,招商银行积存金代理
2026-05-20,978.2660944998214,0.0,0.0,0.0,-0.0,1.797084294660406,策略3 宏观状态,招商银行积存金代理
2026-05-21,992.4197031054384,0.0,0.0,0.0,0.0,1.797084294660406,策略3 宏观状态,招商银行积存金代理
2026-05-22,987.4769600218979,0.0,0.0,0.0,-0.0,1.797084294660406,策略3 宏观状态,招商银行积存金代理
2026-05-26,985.4635634626383,0.0,0.0,0.0,-0.0,1.797084294660406,策略3 宏观状态,招商银行积存金代理
2026-05-27,978.0104746338562,0.0,0.0,0.0,-0.0,1.797084294660406,策略3 宏观状态,招商银行积存金代理
2026-05-28,957.2848165806189,0.0,0.0,0.0,-0.0,1.797084294660406,策略3 宏观状态,招商银行积存金代理
2026-05-29,986.4595638880066,0.0,0.0,0.0,0.0,1.797084294660406,策略3 宏观状态,招商银行积存金代理
2026-06-01,976.6610850548682,0.0,0.0,0.0,-0.0,1.797084294660406,策略3 宏观状态,招商银行积存金代理
2026-06-02,983.5183380923418,0.0,0.0,0.0,0.0,1.797084294660406,策略3 宏观状态,招商银行积存金代理
2026-06-03,966.5706833683441,0.0,0.0,0.0,-0.0,1.797084294660406,策略3 宏观状态,招商银行积存金代理
2026-06-04,972.3459170232733,0.0,0.0,0.0,0.0,1.797084294660406,策略3 宏观状态,招商银行积存金代理
2026-06-05,971.9430368238326,0.0,0.0,0.0,-0.0,1.797084294660406,策略3 宏观状态,招商银行积存金代理
2026-06-08,931.0984678704948,0.0,0.0,0.0,-0.0,1.797084294660406,策略3 宏观状态,招商银行积存金代理
2026-06-09,942.1105790993892,0.0,0.0,0.0,0.0,1.797084294660406,策略3 宏观状态,招商银行积存金代理
2026-06-10,907.1958205950643,0.0,0.0,0.0,-0.0,1.797084294660406,策略3 宏观状态,招商银行积存金代理
2026-06-11,888.7438250478976,0.0,0.0,0.0,-0.0,1.797084294660406,策略3 宏观状态,招商银行积存金代理
2026-06-12,920.0361643417764,0.0,0.0,0.0,0.0,1.797084294660406,策略3 宏观状态,招商银行积存金代理
2026-06-15,942.3006117961861,0.0,0.0,0.0,0.0,1.797084294660406,策略3 宏观状态,招商银行积存金代理
2026-06-16,943.5776561183169,0.0,0.0,0.0,0.0,1.797084294660406,策略3 宏观状态,招商银行积存金代理
2026-06-17,941.0901548721322,0.0,0.0,0.0,-0.0,1.797084294660406,策略3 宏观状态,招商银行积存金代理
2026-06-18,928.1085285193702,0.0,0.0,0.0,-0.0,1.797084294660406,策略3 宏观状态,招商银行积存金代理
2026-06-19,906.2708087986456,0.0,0.0,0.0,-0.0,1.797084294660406,策略3 宏观状态,招商银行积存金代理
2026-06-22,916.4699531456822,0.0,0.0,0.0,0.0,1.797084294660406,策略3 宏观状态,招商银行积存金代理
2026-06-23,897.8279991872497,0.0,0.0,0.0,-0.0,1.797084294660406,策略3 宏观状态,招商银行积存金代理
2026-06-24,888.39728505075,0.0,0.0,0.0,-0.0,1.797084294660406,策略3 宏观状态,招商银行积存金代理
2026-06-25,872.0136022742614,0.0,0.0,0.0,-0.0,1.797084294660406,策略3 宏观状态,招商银行积存金代理
2026-06-26,883.6819279825,0.0,0.0,0.0,0.0,1.797084294660406,策略3 宏观状态,招商银行积存金代理
2026-06-29,883.0365257790272,0.0,0.0,0.0,-0.0,1.797084294660406,策略3 宏观状态,招商银行积存金代理
2026-06-30,877.3248607038645,0.0,0.0,0.0,-0.0,1.797084294660406,策略3 宏观状态,招商银行积存金代理
2026-07-01,869.0688941044988,0.0,0.0,0.0,-0.0,1.797084294660406,策略3 宏观状态,招商银行积存金代理
2026-07-02,887.0464278697287,0.0,0.0,0.0,0.0,1.797084294660406,策略3 宏观状态,招商银行积存金代理
2026-07-03,910.4110064100207,0.0,0.0,0.0,0.0,1.797084294660406,策略3 宏观状态,招商银行积存金代理
2026-07-06,904.0135074203614,0.0,0.0,0.0,-0.0,1.797084294660406,策略3 宏观状态,招商银行积存金代理
2026-07-07,900.7674611371345,0.0,0.0,0.0,-0.0,1.797084294660406,策略3 宏观状态,招商银行积存金代理
2026-07-08,886.9380664155399,0.0,0.0,0.0,-0.0,1.797084294660406,策略3 宏观状态,招商银行积存金代理
2026-07-09,896.8609615606482,0.0,0.0,0.0,0.0,1.797084294660406,策略3 宏观状态,招商银行积存金代理
2026-07-10,895.8018618020454,0.0,0.0,0.0,-0.0,1.797084294660406,策略3 宏观状态,招商银行积存金代理
2026-07-13,887.3286331790047,0.0,0.0,0.0,-0.0,1.797084294660406,策略3 宏观状态,招商银行积存金代理
2026-07-14,874.1030174286749,0.0,0.0,0.0,-0.0,1.797084294660406,策略3 宏观状态,招商银行积存金代理
2026-07-15,876.3621548073071,0.0,0.0,0.0,0.0,1.797084294660406,策略3 宏观状态,招商银行积存金代理
2026-07-16,877.7028113065655,0.0,0.0,0.0,0.0,1.797084294660406,策略3 宏观状态,招商银行积存金代理
2026-07-17,870.7024403311117,0.0,0.0,0.0,-0.0,1.797084294660406,策略3 宏观状态,招商银行积存金代理
2026-07-20,874.1862952489115,0.0,0.0,0.0,0.0,1.797084294660406,策略3 宏观状态,招商银行积存金代理
2026-07-21,883.8235971997013,0.0,0.0,0.0,0.0,1.797084294660406,策略3 宏观状态,招商银行积存金代理
2026-07-22,896.7986910747555,0.0,0.0,0.0,0.0,1.797084294660406,策略3 宏观状态,招商银行积存金代理
2026-07-23,890.5821874558067,0.0,0.0,0.0,-0.0,1.797084294660406,策略3 宏观状态,招商银行积存金代理
2026-07-24,882.2535967929415,0.0,0.0,0.0,-0.0,1.797084294660406,策略3 宏观状态,招商银行积存金代理
2026-07-27,889.9054883566641,0.0,0.0,0.0,0.0,1.797084294660406,策略3 宏观状态,招商银行积存金代理
2026-07-28,878.9778231589056,0.0,0.0,0.0,-0.0,1.797084294660406,策略3 宏观状态,招商银行积存金代理
2026-07-29,877.0147675908779,0.0,0.0,0.0,-0.0,1.797084294660406,策略3 宏观状态,招商银行积存金代理
2026-07-30,882.0696522519241,0.0,0.0,0.0,0.0,1.797084294660406,策略3 宏观状态,招商银行积存金代理
2026-07-31,880.0498940921449,0.0,0.0,0.0,-0.0,1.797084294660406,策略3 宏观状态,招商银行积存金代理
2026-08-03,878.276142674485,0.0,0.0,0.0,-0.0,1.797084294660406,策略3 宏观状态,招商银行积存金代理
2026-08-04,879.1640187099566,0.0,0.0,0.0,0.0,1.797084294660406,策略3 宏观状态,招商银行积存金代理
2026-08-05,901.982470769052,0.0,0.0,0.0,0.0,1.797084294660406,策略3 宏观状态,招商银行积存金代理
2026-08-06,928.9085915795933,0.0,0.0,0.0,0.0,1.797084294660406,策略3 宏观状态,招商银行积存金代理
2026-08-07,933.410904834429,0.0,0.0,0.0,0.0,1.797084294660406,策略3 宏观状态,招商银行积存金代理
2026-08-10,941.6017717408592,0.0,0.0,0.0,0.0,1.797084294660406,策略3 宏观状态,招商银行积存金代理
2026-08-11,948.1412219370093,0.0,0.0,0.0,0.0,1.797084294660406,策略3 宏观状态,招商银行积存金代理
2026-08-12,956.7911516658091,0.0,0.0,0.0,0.0,1.797084294660406,策略3 宏观状态,招商银行积存金代理
2026-08-13,949.62050328353,0.0,0.0,0.0,-0.0,1.797084294660406,策略3 宏观状态,招商银行积存金代理
2026-08-14,942.9976891034088,0.0,0.0,0.0,-0.0,1.797084294660406,策略3 宏观状态,招商银行积存金代理
2026-08-17,952.0615757255623,0.0,0.0,0.0,0.0,1.797084294660406,策略3 宏观状态,招商银行积存金代理
2026-08-18,951.3915689524306,0.0,0.0,0.0,-0.0,1.797084294660406,策略3 宏观状态,招商银行积存金代理
2026-08-19,942.4032887358225,0.0,0.0,0.0,-0.0,1.797084294660406,策略3 宏观状态,招商银行积存金代理
2026-08-20,969.9201960356594,0.0,0.0,0.0,0.0,1.797084294660406,策略3 宏观状态,招商银行积存金代理
2026-08-21,990.312381278543,0.0,0.0,0.0,0.0,1.797084294660406,策略3 宏观状态,招商银行积存金代理
2026-08-24,1001.5159757432309,0.0,0.0,0.0,0.0,1.797084294660406,策略3 宏观状态,招商银行积存金代理
2026-08-25,999.4302826311217,0.0,0.0,0.0,-0.0,1.797084294660406,策略3 宏观状态,招商银行积存金代理
2026-08-26,998.7631967846029,0.0,0.0,0.0,-0.0,1.797084294660406,策略3 宏观状态,招商银行积存金代理
2026-08-27,993.1221153342661,0.0,0.0,0.0,-0.0,1.797084294660406,策略3 宏观状态,招商银行积存金代理
2026-08-28,994.6458557260238,0.0,0.0,0.0,0.0,1.797084294660406,策略3 宏观状态,招商银行积存金代理
2026-09-01,943.585628983051,0.6,0.6,0.0015896808449876714,-0.0015896808449876714,1.7942275041803561,策略3 宏观状态,招商银行积存金代理
2026-09-02,930.7690871488071,0.6,0.6,0.0,-0.008149684421152313,1.7796051162415345,策略3 宏观状态,招商银行积存金代理
2026-09-03,957.8905063452081,0.6,0.6,0.0,0.017483231601178994,1.8107183646474285,策略3 宏观状态,招商银行积存金代理
2021-01-04,0.9862,0.0,0.0,0.0,0.0,1.0,策略3 宏观状态,建信上海金ETF联接A
2021-01-05,0.9915,0.0,0.0,0.0,0.0,1.0,策略3 宏观状态,建信上海金ETF联接A
2021-01-06,0.9934,0.0,0.0,0.0,0.0,1.0,策略3 宏观状态,建信上海金ETF联接A
2021-01-07,0.9864,0.0,0.0,0.0,-0.0,1.0,策略3 宏观状态,建信上海金ETF联接A
2021-01-08,0.9799,0.0,0.0,0.0,-0.0,1.0,策略3 宏观状态,建信上海金ETF联接A
2021-01-11,0.9536,0.0,0.0,0.0,-0.0,1.0,策略3 宏观状态,建信上海金ETF联接A
2021-01-12,0.9611,0.0,0.0,0.0,0.0,1.0,策略3 宏观状态,建信上海金ETF联接A
2021-01-13,0.9597,0.0,0.0,0.0,-0.0,1.0,策略3 宏观状态,建信上海金ETF联接A
2021-01-14,0.9535,0.0,0.0,0.0,-0.0,1.0,策略3 宏观状态,建信上海金ETF联接A
2021-01-15,0.9566,0.0,0.0,0.0,0.0,1.0,策略3 宏观状态,建信上海金ETF联接A
2021-01-18,0.9543,0.0,0.0,0.0,-0.0,1.0,策略3 宏观状态,建信上海金ETF联接A
2021-01-19,0.9549,0.0,0.0,0.0,0.0,1.0,策略3 宏观状态,建信上海金ETF联接A
2021-01-20,0.9584,0.0,0.0,0.0,0.0,1.0,策略3 宏观状态,建信上海金ETF联接A
2021-01-21,0.9658,0.0,0.0,0.0,0.0,1.0,策略3 宏观状态,建信上海金ETF联接A
2021-01-22,0.9621,0.0,0.0,0.0,-0.0,1.0,策略3 宏观状态,建信上海金ETF联接A
2021-01-25,0.958,0.0,0.0,0.0,-0.0,1.0,策略3 宏观状态,建信上海金ETF联接A
2021-01-26,0.9598,0.0,0.0,0.0,0.0,1.0,策略3 宏观状态,建信上海金ETF联接A
2021-01-27,0.9547,0.0,0.0,0.0,-0.0,1.0,策略3 宏观状态,建信上海金ETF联接A
2021-01-28,0.9511,0.0,0.0,0.0,-0.0,1.0,策略3 宏观状态,建信上海金ETF联接A
2021-01-29,0.9547,0.0,0.0,0.0,0.0,1.0,策略3 宏观状态,建信上海金ETF联接A
2021-02-01,0.964,0.0,0.0,0.0,0.0,1.0,策略3 宏观状态,建信上海金ETF联接A
2021-02-02,0.9579,0.0,0.0,0.0,-0.0,1.0,策略3 宏观状态,建信上海金ETF联接A
2021-02-03,0.9484,0.0,0.0,0.0,-0.0,1.0,策略3 宏观状态,建信上海金ETF联接A
2021-02-04,0.9417,0.0,0.0,0.0,-0.0,1.0,策略3 宏观状态,建信上海金ETF联接A
2021-02-05,0.9319,0.0,0.0,0.0,-0.0,1.0,策略3 宏观状态,建信上海金ETF联接A
2021-02-08,0.9394,0.0,0.0,0.0,0.0,1.0,策略3 宏观状态,建信上海金ETF联接A
2021-02-09,0.9495,0.0,0.0,0.0,0.0,1.0,策略3 宏观状态,建信上海金ETF联接A
2021-02-10,0.9496,0.0,0.0,0.0,0.0,1.0,策略3 宏观状态,建信上海金ETF联接A
2021-02-18,0.9234,0.0,0.0,0.0,-0.0,1.0,策略3 宏观状态,建信上海金ETF联接A
2021-02-19,0.9198,0.0,0.0,0.0,-0.0,1.0,策略3 宏观状态,建信上海金ETF联接A
2021-02-22,0.9291,0.0,0.0,0.0,0.0,1.0,策略3 宏观状态,建信上海金ETF联接A
2021-02-23,0.9379,0.0,0.0,0.0,0.0,1.0,策略3 宏观状态,建信上海金ETF联接A
2021-02-24,0.9364,0.0,0.0,0.0,-0.0,1.0,策略3 宏观状态,建信上海金ETF联接A
2021-02-25,0.928,0.0,0.0,0.0,-0.0,1.0,策略3 宏观状态,建信上海金ETF联接A
2021-02-26,0.9152,0.0,0.0,0.0,-0.0,1.0,策略3 宏观状态,建信上海金ETF联接A
2021-03-01,0.9104,0.0,0.0,0.0,-0.0,1.0,策略3 宏观状态,建信上海金ETF联接A
2021-03-02,0.8955,0.0,0.0,0.0,-0.0,1.0,策略3 宏观状态,建信上海金ETF联接A
2021-03-03,0.8993,0.0,0.0,0.0,0.0,1.0,策略3 宏观状态,建信上海金ETF联接A
2021-03-04,0.8917,0.0,0.0,0.0,-0.0,1.0,策略3 宏观状态,建信上海金ETF联接A
2021-03-05,0.8837,0.0,0.0,0.0,-0.0,1.0,策略3 宏观状态,建信上海金ETF联接A
2021-03-08,0.8929,0.0,0.0,0.0,0.0,1.0,策略3 宏观状态,建信上海金ETF联接A
2021-03-09,0.8893,0.0,0.0,0.0,-0.0,1.0,策略3 宏观状态,建信上海金ETF联接A
2021-03-10,0.8982,0.0,0.0,0.0,0.0,1.0,策略3 宏观状态,建信上海金ETF联接A
2021-03-11,0.9055,0.0,0.0,0.0,0.0,1.0,策略3 宏观状态,建信上海金ETF联接A
2021-03-12,0.8948,0.0,0.0,0.0,-0.0,1.0,策略3 宏观状态,建信上海金ETF联接A
2021-03-15,0.9017,0.0,0.0,0.0,0.0,1.0,策略3 宏观状态,建信上海金ETF联接A
2021-03-16,0.9035,0.0,0.0,0.0,0.0,1.0,策略3 宏观状态,建信上海金ETF联接A
2021-03-17,0.9061,0.0,0.0,0.0,0.0,1.0,策略3 宏观状态,建信上海金ETF联接A
2021-03-18,0.913,0.0,0.0,0.0,0.0,1.0,策略3 宏观状态,建信上海金ETF联接A
2021-03-19,0.9088,0.0,0.0,0.0,-0.0,1.0,策略3 宏观状态,建信上海金ETF联接A
2021-03-22,0.9053,0.0,0.0,0.0,-0.0,1.0,策略3 宏观状态,建信上海金ETF联接A
2021-03-23,0.9081,0.0,0.0,0.0,0.0,1.0,策略3 宏观状态,建信上海金ETF联接A
2021-03-24,0.9067,0.0,0.0,0.0,-0.0,1.0,策略3 宏观状态,建信上海金ETF联接A
2021-03-25,0.9087,0.0,0.0,0.0,0.0,1.0,策略3 宏观状态,建信上海金ETF联接A
2021-03-26,0.9067,0.0,0.0,0.0,-0.0,1.0,策略3 宏观状态,建信上海金ETF联接A
2021-03-29,0.9071,0.0,0.0,0.0,0.0,1.0,策略3 宏观状态,建信上海金ETF联接A
2021-03-30,0.8967,0.0,0.0,0.0,-0.0,1.0,策略3 宏观状态,建信上海金ETF联接A
2021-03-31,0.8863,0.0,0.0,0.0,-0.0,1.0,策略3 宏观状态,建信上海金ETF联接A
2021-04-01,0.9033,0.0,0.0,0.0,0.0,1.0,策略3 宏观状态,建信上海金ETF联接A
2021-04-02,0.9142,0.0,0.0,0.0,0.0,1.0,策略3 宏观状态,建信上海金ETF联接A
2021-04-06,0.91,0.0,0.0,0.0,-0.0,1.0,策略3 宏观状态,建信上海金ETF联接A
2021-04-07,0.913,0.0,0.0,0.0,0.0,1.0,策略3 宏观状态,建信上海金ETF联接A
2021-04-08,0.9153,0.0,0.0,0.0,0.0,1.0,策略3 宏观状态,建信上海金ETF联接A
2021-04-09,0.9199,0.0,0.0,0.0,0.0,1.0,策略3 宏观状态,建信上海金ETF联接A
2021-04-12,0.9146,0.0,0.0,0.0,-0.0,1.0,策略3 宏观状态,建信上海金ETF联接A
2021-04-13,0.9067,0.0,0.0,0.0,-0.0,1.0,策略3 宏观状态,建信上海金ETF联接A
2021-04-14,0.9152,0.0,0.0,0.0,0.0,1.0,策略3 宏观状态,建信上海金ETF联接A
2021-04-15,0.9144,0.0,0.0,0.0,-0.0,1.0,策略3 宏观状态,建信上海金ETF联接A
2021-04-16,0.9226,0.0,0.0,0.0,0.0,1.0,策略3 宏观状态,建信上海金ETF联接A
2021-04-19,0.9299,0.0,0.0,0.0,0.0,1.0,策略3 宏观状态,建信上海金ETF联接A
2021-04-20,0.9216,0.0,0.0,0.0,-0.0,1.0,策略3 宏观状态,建信上海金ETF联接A
2021-04-21,0.9301,0.0,0.0,0.0,0.0,1.0,策略3 宏观状态,建信上海金ETF联接A
2021-04-22,0.9311,0.0,0.0,0.0,0.0,1.0,策略3 宏观状态,建信上海金ETF联接A
2021-04-23,0.9289,0.0,0.0,0.0,-0.0,1.0,策略3 宏观状态,建信上海金ETF联接A
2021-04-26,0.9248,0.0,0.0,0.0,-0.0,1.0,策略3 宏观状态,建信上海金ETF联接A
2021-04-27,0.9253,0.0,0.0,0.0,0.0,1.0,策略3 宏观状态,建信上海金ETF联接A
2021-04-28,0.92,0.0,0.0,0.0,-0.0,1.0,策略3 宏观状态,建信上海金ETF联接A
2021-04-29,0.9228,0.0,0.0,0.0,0.0,1.0,策略3 宏观状态,建信上海金ETF联接A
2021-04-30,0.9192,0.0,0.0,0.0,-0.0,1.0,策略3 宏观状态,建信上海金ETF联接A
2021-05-06,0.9313,0.0,0.0,0.0,0.0,1.0,策略3 宏观状态,建信上海金ETF联接A
2021-05-07,0.9403,0.0,0.0,0.0,0.0,1.0,策略3 宏观状态,建信上海金ETF联接A
2021-05-10,0.9437,0.0,0.0,0.0,0.0,1.0,策略3 宏观状态,建信上海金ETF联接A
2021-05-11,0.9439,0.0,0.0,0.0,0.0,1.0,策略3 宏观状态,建信上海金ETF联接A
2021-05-12,0.9447,0.0,0.0,0.0,0.0,1.0,策略3 宏观状态,建信上海金ETF联接A
2021-05-13,0.9409,0.0,0.0,0.0,-0.0,1.0,策略3 宏观状态,建信上海金ETF联接A
2021-05-14,0.9451,0.0,0.0,0.0,0.0,1.0,策略3 宏观状态,建信上海金ETF联接A
2021-05-17,0.9552,0.0,0.0,0.0,0.0,1.0,策略3 宏观状态,建信上海金ETF联接A
2021-05-18,0.9618,0.0,0.0,0.0,0.0,1.0,策略3 宏观状态,建信上海金ETF联接A
2021-05-19,0.9626,0.0,0.0,0.0,0.0,1.0,策略3 宏观状态,建信上海金ETF联接A
2021-05-20,0.9642,0.0,0.0,0.0,0.0,1.0,策略3 宏观状态,建信上海金ETF联接A
2021-05-21,0.9642,0.0,0.0,0.0,0.0,1.0,策略3 宏观状态,建信上海金ETF联接A
2021-05-24,0.9678,0.0,0.0,0.0,0.0,1.0,策略3 宏观状态,建信上海金ETF联接A
2021-05-25,0.9646,0.0,0.0,0.0,-0.0,1.0,策略3 宏观状态,建信上海金ETF联接A
2021-05-26,0.9734,0.0,0.0,0.0,0.0,1.0,策略3 宏观状态,建信上海金ETF联接A
2021-05-27,0.9687,0.0,0.0,0.0,-0.0,1.0,策略3 宏观状态,建信上海金ETF联接A
2021-05-28,0.9621,0.0,0.0,0.0,-0.0,1.0,策略3 宏观状态,建信上海金ETF联接A
2021-05-31,0.9684,0.6,0.6,0.008866995073891548,-0.008866995073891548,0.9911330049261085,策略3 宏观状态,建信上海金ETF联接A
2021-06-01,0.9738,0.6,0.6,0.0,0.003345724907063108,0.994449063306902,策略3 宏观状态,建信上海金ETF联接A
2021-06-02,0.9601,0.6,0.6,0.0,-0.008441158348736932,0.9860547612937753,策略3 宏观状态,建信上海金ETF联接A
2021-06-03,0.9541,0.6,0.6,0.0,-0.0037496094156858947,0.9823574410764462,策略3 宏观状态,建信上海金ETF联接A
2021-06-04,0.9432,0.6,0.6,0.0,-0.006854627397547386,0.9756237468466591,策略3 宏观状态,建信上海金ETF联接A
2021-06-07,0.9503,0.6,0.6,0.0,0.004516539440203582,0.9800301899780912,策略3 宏观状态,建信上海金ETF联接A
2021-06-08,0.9548,0.6,0.6,0.0,0.0028412080395664673,0.9828146596328748,策略3 宏观状态,建信上海金ETF联接A
2021-06-09,0.955,0.6,0.6,0.0,0.00012568077084198492,0.9829381805368924,策略3 宏观状态,建信上海金ETF联接A
2021-06-10,0.9525,0.6,0.6,0.0,-0.0015706806282722362,0.9813942985779339,策略3 宏观状态,建信上海金ETF联接A
2021-06-11,0.9601,0.6,0.6,0.0,0.004787401574803063,0.9860926271884487,策略3 宏观状态,建信上海金ETF联接A
2021-06-15,0.9442,0.6,0.6,0.0,-0.009936464951567525,0.9762943523593915,策略3 宏观状态,建信上海金ETF联接A
2021-06-16,0.9432,0.6,0.6,0.0,-0.000635458589281912,0.9756739577275173,策略3 宏观状态,建信上海金ETF联接A
2021-06-17,0.9286,0.6,0.6,0.0,-0.009287531806615833,0.9666123548122363,策略3 宏观状态,建信上海金ETF联接A
2021-06-18,0.9176,0.6,0.6,0.0,-0.007107473616196458,0.9597421830033187,策略3 宏观状态,建信上海金ETF联接A
2021-06-21,0.9179,0.6,0.6,0.0,0.00019616390584138442,0.9599304497785375,策略3 宏观状态,建信上海金ETF联接A
2021-06-22,0.9203,0.6,0.6,0.0,0.0015687983440462183,0.9614363870785495,策略3 宏观状态,建信上海金ETF联接A
2021-06-23,0.9224,0.6,0.6,0.0,0.0013691187656199144,0.9627527076780487,策略3 宏观状态,建信上海金ETF联接A
2021-06-24,0.9184,0.6,0.6,0.0,-0.002601908065914982,0.9602477136424598,策略3 宏观状态,建信上海金ETF联接A
2021-06-25,0.9172,0.6,0.6,0.0,-0.0007839721254355503,0.9594949062014507,策略3 宏观状态,建信上海金ETF联接A
2021-06-28,0.9189,0.6,0.6,0.0,0.0011120802442216248,0.9605619415310687,策略3 宏观状态,建信上海金ETF联接A
2021-06-29,0.9158,0.6,0.6,0.0,-0.0020241593209272546,0.9586176111237906,策略3 宏观状态,建信上海金ETF联接A
2021-06-30,0.9077,0.6,0.6,0.0,-0.0053068355536143525,0.953530385102758,策略3 宏观状态,建信上海金ETF联接A
2021-07-01,0.9172,0.6,0.6,0.0,0.00627960779993395,0.9595181819465233,策略3 宏观状态,建信上海金ETF联接A
2021-07-02,0.9193,0.6,0.6,0.0,0.0013737461840383602,0.9608363163874877,策略3 宏观状态,建信上海金ETF联接A
2021-07-05,0.9214,0.6,0.6,0.0,0.0013706080713586477,0.9621532463979829,策略3 宏观状态,建信上海金ETF联接A
2021-07-06,0.9295,0.6,0.6,0.0,0.005274582157586316,0.9672282027442975,策略3 宏观状态,建信上海金ETF联接A
2021-07-07,0.9298,0.6,0.6,0.0,0.0001936525013447543,0.9674155089051302,策略3 宏观状态,建信上海金ETF联接A
2021-07-08,0.9284,0.6,0.6,0.0,-0.0009034200903419664,0.966541526298677,策略3 宏观状态,建信上海金ETF联接A
2021-07-09,0.9306,0.6,0.6,0.0,0.0014218009478673464,0.9679157559569215,策略3 宏观状态,建信上海金ETF联接A
2021-07-12,0.9293,0.6,0.6,0.0,-0.000838168923275262,0.96710447904993,策略3 宏观状态,建信上海金ETF联接A
2021-07-13,0.9327,0.6,0.6,0.0,0.002195200688690324,0.9692274674683758,策略3 宏观状态,建信上海金ETF联接A
2021-07-14,0.9347,0.6,0.6,0.0,0.001286587327114841,0.9704744632451122,策略3 宏观状态,建信上海金ETF联接A
2021-07-15,0.9415,0.6,0.6,0.0,0.004365036910238551,0.9747106200976212,策略3 宏观状态,建信上海金ETF联接A
2021-07-16,0.9393,0.6,0.6,0.0,-0.0014020180562931194,0.9733440582085837,策略3 宏观状态,建信上海金ETF联接A
2021-07-19,0.9318,0.6,0.6,0.0,-0.004790801660811272,0.9686809598779773,策略3 宏观状态,建信上海金ETF联接A
2021-07-20,0.9374,0.6,0.6,0.0,0.0036059240180295934,0.9721739498170091,策略3 宏观状态,建信上海金ETF联接A
2021-07-21,0.9335,0.6,0.6,0.0,-0.0024962662684019587,0.9697471447790619,策略3 宏观状态,建信上海金ETF联接A
2021-07-22,0.9276,0.6,0.6,0.0,-0.003792179967862874,0.9660696890827385,策略3 宏观状态,建信上海金ETF联接A
2021-07-23,0.9311,0.6,0.6,0.0,0.0022639068564036077,0.9682567808756166,策略3 宏观状态,建信上海金ETF联接A
2021-07-26,0.9329,0.6,0.6,0.0,0.0011599183761142218,0.9693798797085513,策略3 宏观状态,建信上海金ETF联接A
2021-07-27,0.9265,0.6,0.6,0.0,-0.004116196805659755,0.9653897213442242,策略3 宏观状态,建信上海金ETF联接A
2021-07-28,0.9349,0.6,0.6,0.0,0.005439827307069578,0.9706412747123567,策略3 宏观状态,建信上海金ETF联接A
2021-07-29,0.9375,0.6,0.6,0.0,0.0016686276607123407,0.9722609135919708,策略3 宏观状态,建信上海金ETF联接A
2021-07-30,0.9405,0.6,0.6,0.0,0.001920000000000055,0.9741276545460674,策略3 宏观状态,建信上海金ETF联接A
2021-08-02,0.9312,0.6,0.6,0.0,-0.005933014354066968,0.968348141188952,策略3 宏观状态,建信上海金ETF联接A
2021-08-03,0.9315,0.6,0.6,0.0,0.00019329896907209764,0.9685353218863466,策略3 宏观状态,建信上海金ETF联接A
2021-08-04,0.933,0.6,0.6,0.0,0.0009661835748792313,0.9694711048060436,策略3 宏观状态,建信上海金ETF联接A
2021-08-05,0.932,0.6,0.6,0.0,-0.0006430868167202286,0.9688476507193517,策略3 宏观状态,建信上海金ETF联接A
2021-08-06,0.9271,0.6,0.6,0.0,-0.0031545064377682674,0.9657914145679408,策略3 宏观状态,建信上海金ETF联接A
2021-08-09,0.9034,0.6,0.6,0.0,-0.015338151224247686,0.9509779598002177,策略3 宏观状态,建信上海金ETF联接A
2021-08-10,0.8987,0.6,0.6,0.0,-0.0031215408456940264,0.9480094432553466,策略3 宏观状态,建信上海金ETF联接A
2021-08-11,0.8975,0.6,0.6,0.0,-0.0008011572271058532,0.9472499386385179,策略3 宏观状态,建信上海金ETF联接A
2021-08-12,0.9061,0.6,0.6,0.0,0.005749303621169898,0.9526959661408855,策略3 宏观状态,建信上海金ETF联接A
2021-08-13,0.908,0.6,0.6,0.0,0.0012581392782253342,0.9538945903560941,策略3 宏观状态,建信上海金ETF联接A
2021-08-16,0.9158,0.6,0.6,0.0,0.005154185022026425,0.9588111395662996,策略3 宏观状态,建信上海金ETF联接A
2021-08-17,0.9251,0.6,0.6,0.0,0.006093033413409055,0.964653207876826,策略3 宏观状态,建信上海金ETF联接A
2021-08-18,0.9254,0.6,0.6,0.0,0.0001945735596152076,0.9648409038852767,策略3 宏观状态,建信上海金ETF联接A
2021-08-19,0.922,0.6,0.6,0.0,-0.0022044521288091088,0.9627139583007446,策略3 宏观状态,建信上海金ETF联接A
2021-08-20,0.9252,0.6,0.6,0.0,0.002082429501084615,0.964718742248616,策略3 宏观状态,建信上海金ETF联接A
2021-08-23,0.9234,0.6,0.6,0.0,-0.0011673151750972721,0.9635926114210884,策略3 宏观状态,建信上海金ETF联接A
2021-08-24,0.9298,0.6,0.6,0.0,0.0041585445094216135,0.967599754184633,策略3 宏观状态,建信上海金ETF联接A
2021-08-25,0.9255,0.6,0.6,0.0,-0.002774790277478978,0.9649148677942304,策略3 宏观状态,建信上海金ETF联接A
2021-08-26,0.9216,0.6,0.6,0.0,-0.002528363047001636,0.9624752126989969,策略3 宏观状态,建信上海金ETF联接A
2021-08-27,0.9294,0.6,0.6,0.0,0.005078125000000044,0.9673627821384841,策略3 宏观状态,建信上海金ETF联接A
2021-08-30,0.9322,0.6,0.6,0.0,0.0018076178179470491,0.9691114043398966,策略3 宏观状态,建信上海金ETF联接A
2021-08-31,0.9324,0.6,0.6,0.0,0.00012872774082817173,0.969236155861588,策略3 宏观状态,建信上海金ETF联接A
2021-09-01,0.9325,0.0,0.0,0.0,6.435006435006052e-05,0.969298526270588,策略3 宏观状态,建信上海金ETF联接A
2021-09-02,0.9317,0.0,0.0,0.0,-0.0,0.969298526270588,策略3 宏观状态,建信上海金ETF联接A
2021-09-03,0.931,0.0,0.0,0.0,-0.0,0.969298526270588,策略3 宏观状态,建信上海金ETF联接A
2021-09-06,0.9371,0.0,0.0,0.0,0.0,0.969298526270588,策略3 宏观状态,建信上海金ETF联接A
2021-09-07,0.9333,0.0,0.0,0.0,-0.0,0.969298526270588,策略3 宏观状态,建信上海金ETF联接A
2021-09-08,0.9233,0.0,0.0,0.0,-0.0,0.969298526270588,策略3 宏观状态,建信上海金ETF联接A
2021-09-09,0.9194,0.0,0.0,0.0,-0.0,0.969298526270588,策略3 宏观状态,建信上海金ETF联接A
2021-09-10,0.9244,0.0,0.0,0.0,0.0,0.969298526270588,策略3 宏观状态,建信上海金ETF联接A
2021-09-13,0.9196,0.0,0.0,0.0,-0.0,0.969298526270588,策略3 宏观状态,建信上海金ETF联接A
2021-09-14,0.9205,0.0,0.0,0.0,0.0,0.969298526270588,策略3 宏观状态,建信上海金ETF联接A
2021-09-15,0.9233,0.0,0.0,0.0,0.0,0.969298526270588,策略3 宏观状态,建信上海金ETF联接A
2021-09-16,0.9163,0.0,0.0,0.0,-0.0,0.969298526270588,策略3 宏观状态,建信上海金ETF联接A
2021-09-17,0.9069,0.0,0.0,0.0,-0.0,0.969298526270588,策略3 宏观状态,建信上海金ETF联接A
2021-09-22,0.9175,0.0,0.0,0.0,0.0,0.969298526270588,策略3 宏观状态,建信上海金ETF联接A
2021-09-23,0.9102,0.0,0.0,0.0,-0.0,0.969298526270588,策略3 宏观状态,建信上海金ETF联接A
2021-09-24,0.9045,0.0,0.0,0.0,-0.0,0.969298526270588,策略3 宏观状态,建信上海金ETF联接A
2021-09-27,0.9064,0.0,0.0,0.0,0.0,0.969298526270588,策略3 宏观状态,建信上海金ETF联接A
2021-09-28,0.8994,0.0,0.0,0.0,-0.0,0.969298526270588,策略3 宏观状态,建信上海金ETF联接A
2021-09-29,0.8975,0.0,0.0,0.0,-0.0,0.969298526270588,策略3 宏观状态,建信上海金ETF联接A
2021-09-30,0.8929,0.0,0.0,0.0,-0.0,0.969298526270588,策略3 宏观状态,建信上海金ETF联接A
2021-10-08,0.9051,0.0,0.0,0.0,0.0,0.969298526270588,策略3 宏观状态,建信上海金ETF联接A
2021-10-11,0.9019,0.0,0.0,0.0,-0.0,0.969298526270588,策略3 宏观状态,建信上海金ETF联接A
2021-10-12,0.906,0.0,0.0,0.0,0.0,0.969298526270588,策略3 宏观状态,建信上海金ETF联接A
2021-10-13,0.9057,0.0,0.0,0.0,-0.0,0.969298526270588,策略3 宏观状态,建信上海金ETF联接A
2021-10-14,0.917,0.0,0.0,0.0,0.0,0.969298526270588,策略3 宏观状态,建信上海金ETF联接A
2021-10-15,0.9163,0.0,0.0,0.0,-0.0,0.969298526270588,策略3 宏观状态,建信上海金ETF联接A
2021-10-18,0.9048,0.0,0.0,0.0,-0.0,0.969298526270588,策略3 宏观状态,建信上海金ETF联接A
2021-10-19,0.9069,0.0,0.0,0.0,0.0,0.969298526270588,策略3 宏观状态,建信上海金ETF联接A
2021-10-20,0.9044,0.0,0.0,0.0,-0.0,0.969298526270588,策略3 宏观状态,建信上海金ETF联接A
2021-10-21,0.9085,0.0,0.0,0.0,0.0,0.969298526270588,策略3 宏观状态,建信上海金ETF联接A
2021-10-22,0.9116,0.0,0.0,0.0,0.0,0.969298526270588,策略3 宏观状态,建信上海金ETF联接A
2021-10-25,0.9104,0.0,0.0,0.0,-0.0,0.969298526270588,策略3 宏观状态,建信上海金ETF联接A
2021-10-26,0.9139,0.0,0.0,0.0,0.0,0.969298526270588,策略3 宏观状态,建信上海金ETF联接A
2021-10-27,0.9071,0.0,0.0,0.0,-0.0,0.969298526270588,策略3 宏观状态,建信上海金ETF联接A
2021-10-28,0.9153,0.0,0.0,0.0,0.0,0.969298526270588,策略3 宏观状态,建信上海金ETF联接A
2021-10-29,0.9116,0.0,0.0,0.0,-0.0,0.969298526270588,策略3 宏观状态,建信上海金ETF联接A
2021-11-01,0.9071,0.0,0.0,0.0,-0.0,0.969298526270588,策略3 宏观状态,建信上海金ETF联接A
2021-11-02,0.9122,0.0,0.0,0.0,0.0,0.969298526270588,策略3 宏观状态,建信上海金ETF联接A
2021-11-03,0.9059,0.0,0.0,0.0,-0.0,0.969298526270588,策略3 宏观状态,建信上海金ETF联接A
2021-11-04,0.9018,0.0,0.0,0.0,-0.0,0.969298526270588,策略3 宏观状态,建信上海金ETF联接A
2021-11-05,0.9134,0.0,0.0,0.0,0.0,0.969298526270588,策略3 宏观状态,建信上海金ETF联接A
2021-11-08,0.9228,0.0,0.0,0.0,0.0,0.969298526270588,策略3 宏观状态,建信上海金ETF联接A
2021-11-09,0.926,0.0,0.0,0.0,0.0,0.969298526270588,策略3 宏观状态,建信上海金ETF联接A
2021-11-10,0.9265,0.0,0.0,0.0,0.0,0.969298526270588,策略3 宏观状态,建信上海金ETF联接A
2021-11-11,0.9398,0.0,0.0,0.0,0.0,0.969298526270588,策略3 宏观状态,建信上海金ETF联接A
2021-11-12,0.9412,0.0,0.0,0.0,0.0,0.969298526270588,策略3 宏观状态,建信上海金ETF联接A
2021-11-15,0.9378,0.0,0.0,0.0,-0.0,0.969298526270588,策略3 宏观状态,建信上海金ETF联接A
2021-11-16,0.9419,0.0,0.0,0.0,0.0,0.969298526270588,策略3 宏观状态,建信上海金ETF联接A
2021-11-17,0.9386,0.0,0.0,0.0,-0.0,0.969298526270588,策略3 宏观状态,建信上海金ETF联接A
2021-11-18,0.9418,0.0,0.0,0.0,0.0,0.969298526270588,策略3 宏观状态,建信上海金ETF联接A
2021-11-19,0.94,0.0,0.0,0.0,-0.0,0.969298526270588,策略3 宏观状态,建信上海金ETF联接A
2021-11-22,0.9325,0.0,0.0,0.0,-0.0,0.969298526270588,策略3 宏观状态,建信上海金ETF联接A
2021-11-23,0.9154,0.0,0.0,0.0,-0.0,0.969298526270588,策略3 宏观状态,建信上海金ETF联接A
2021-11-24,0.9107,0.0,0.0,0.0,-0.0,0.969298526270588,策略3 宏观状态,建信上海金ETF联接A
2021-11-25,0.9099,0.0,0.0,0.0,-0.0,0.969298526270588,策略3 宏观状态,建信上海金ETF联接A
2021-11-26,0.9141,0.0,0.0,0.0,0.0,0.969298526270588,策略3 宏观状态,建信上海金ETF联接A
2021-11-29,0.9108,0.0,0.0,0.0,-0.0,0.969298526270588,策略3 宏观状态,建信上海金ETF联接A
2021-11-30,0.9081,0.0,0.0,0.0,-0.0,0.969298526270588,策略3 宏观状态,建信上海金ETF联接A
2021-12-01,0.9052,0.6,0.6,0.008866995073891548,-0.008866995073891548,0.9607037610130164,策略3 宏观状态,建信上海金ETF联接A
2021-12-02,0.9014,0.6,0.6,0.0,-0.0025187803800265085,0.9582839592287591,策略3 宏观状态,建信上海金ETF联接A
2021-12-03,0.8993,0.6,0.6,0.0,-0.0013978256046150328,0.9569444453740573,策略3 宏观状态,建信上海金ETF联接A
2021-12-06,0.9055,0.6,0.6,0.0,0.00413655065050591,0.9609028945420675,策略3 宏观状态,建信上海金ETF联接A
2021-12-07,0.904,0.6,0.6,0.0,-0.0009939260077304723,0.9599478281642786,策略3 宏观状态,建信上海金ETF联接A
2021-12-08,0.9051,0.6,0.6,0.0,0.000730088495575254,0.9606486750299738,策略3 宏观状态,建信上海金ETF联接A
2021-12-09,0.9015,0.6,0.6,0.0,-0.0023864766324163122,0.958356109415053,策略3 宏观状态,建信上海金ETF联接A
2021-12-10,0.8994,0.6,0.6,0.0,-0.0013976705490848838,0.9570166433053879,策略3 宏观状态,建信上海金ETF联接A
2021-12-13,0.9042,0.6,0.6,0.0,0.0032021347565044157,0.9600811395614692,策略3 宏观状态,建信上海金ETF联接A
2021-12-14,0.9055,0.6,0.6,0.0,0.0008626410086263635,0.9609093449240635,策略3 宏观状态,建信上海金ETF联接A
2021-12-15,0.8965,0.6,0.6,0.0,-0.005963556046383233,0.9551789081901156,策略3 宏观状态,建信上海金ETF联接A
2021-12-16,0.9039,0.6,0.6,0.0,0.004952593418851192,0.9599095209646434,策略3 宏观状态,建信上海金ETF联接A
2021-12-17,0.9146,0.6,0.6,0.0,0.007102555592432757,0.9667273317010002,策略3 宏观状态,建信上海金ETF联接A
2021-12-20,0.9139,0.6,0.6,0.0,-0.00045921714410663834,0.9662833939366066,策略3 宏观状态,建信上海金ETF联接A
2021-12-21,0.9085,0.6,0.6,0.0,-0.0035452456505088437,0.962857681937094,策略3 宏观状态,建信上海金ETF联接A
2021-12-22,0.9064,0.6,0.6,0.0,-0.0013869014859658967,0.9615222931872418,策略3 宏观状态,建信上海金ETF联接A
2021-12-23,0.9146,0.6,0.6,0.0,0.005428067078552567,0.9667415006921857,策略3 宏观状态,建信上海金ETF联接A
2021-12-24,0.9164,0.6,0.6,0.0,0.001180844084845889,0.9678830716748532,策略3 宏观状态,建信上海金ETF联接A
2021-12-27,0.9161,0.6,0.6,0.0,-0.00019642077695329884,0.9676929593299148,策略3 宏观状态,建信上海金ETF联接A
2021-12-28,0.9182,0.6,0.6,0.0,0.0013753956991595206,0.9690239200642842,策略3 宏观状态,建信上海金ETF联接A
2021-12-29,0.9144,0.6,0.6,0.0,-0.0024831191461555545,0.9666177182152899,策略3 宏观状态,建信上海金ETF联接A
2021-12-30,0.9101,0.6,0.6,0.0,-0.002821522309711244,0.9638903847583833,策略3 宏观状态,建信上海金ETF联接A
2021-12-31,0.9198,0.6,0.6,0.0,0.006394901659158325,0.9700543689791213,策略3 宏观状态,建信上海金ETF联接A
2022-01-04,0.9132,0.6,0.6,0.0,-0.004305283757338518,0.9658780096606203,策略3 宏观状态,建信上海金ETF联接A
2022-01-05,0.9165,0.6,0.6,0.0,0.002168199737187937,0.967972226107322,策略3 宏观状态,建信上海金ETF联接A
2022-01-06,0.9111,0.6,0.6,0.0,-0.0035351882160392645,0.9645502621001341,策略3 宏观状态,建信上海金ETF联接A
2022-01-07,0.9065,0.6,0.6,0.0,-0.0030293052354297243,0.961628344941319,策略3 宏观状态,建信上海金ETF联接A
2022-01-10,0.9071,0.6,0.6,0.0,0.00039713182570322303,0.9620102381615935,策略3 宏观状态,建信上海金ETF联接A
2022-01-11,0.9142,0.6,0.6,0.0,0.00469628486385183,0.9665281122819424,策略3 宏观状态,建信上海金ETF联接A
2022-01-12,0.9189,0.6,0.6,0.0,0.0030846641872675383,0.9695095269358858,策略3 宏观状态,建信上海金ETF联接A
2022-01-13,0.9207,0.6,0.6,0.0,0.0011753183153769607,0.9706490092398258,策略3 宏观状态,建信上海金ETF联接A
2022-01-14,0.9206,0.6,0.6,0.0,-6.516780710330572e-05,0.9705857541724267,策略3 宏观状态,建信上海金ETF联接A
2022-01-17,0.9162,0.6,0.6,0.0,-0.0028676949815337857,0.9678024102760382,策略3 宏观状态,建信上海金ETF联接A
2022-01-18,0.9148,0.6,0.6,0.0,-0.0009168303863785975,0.9669150996182867,策略3 宏观状态,建信上海金ETF联接A
2022-01-19,0.9142,0.6,0.6,0.0,-0.0003935286401399063,0.9665345908340033,策略3 宏观状态,建信上海金ETF联接A
2022-01-20,0.9252,0.6,0.6,0.0,0.007219426821264463,0.9735124165827501,策略3 宏观状态,建信上海金ETF联接A
2022-01-21,0.9256,0.6,0.6,0.0,0.00025940337224383825,0.9737649489865329,策略3 宏观状态,建信上海金ETF联接A
2022-01-24,0.9231,0.6,0.6,0.0,-0.001620570440795155,0.9721868942939229,策略3 宏观状态,建信上海金ETF联接A
2022-01-25,0.9246,0.6,0.6,0.0,0.0009749756256093533,0.9731347528193964,策略3 宏观状态,建信上海金ETF联接A
2022-01-26,0.9262,0.6,0.6,0.0,0.001038286826735968,0.9741451458138878,策略3 宏观状态,建信上海金ETF联接A
2022-01-27,0.9123,0.6,0.6,0.0,-0.009004534657741314,0.9653734220867363,策略3 宏观状态,建信上海金ETF联接A
2022-01-28,0.9061,0.6,0.6,0.0,-0.004077606050641202,0.9614370095797071,策略3 宏观状态,建信上海金ETF联接A
2022-02-07,0.9114,0.6,0.6,0.0,0.0035095464076813077,0.9648112173828896,策略3 宏观状态,建信上海金ETF联接A
2022-02-08,0.9163,0.6,0.6,0.0,0.0032258064516129,0.9679235116325117,策略3 宏观状态,建信上海金ETF联接A
2022-02-09,0.9203,0.6,0.6,0.0,0.0026192295099857874,0.9704587254575887,策略3 宏观状态,建信上海金ETF联接A
2022-02-10,0.9225,0.6,0.6,0.0,0.0014343148973160246,0.9718506688647428,策略3 宏观状态,建信上海金ETF联接A
2022-02-11,0.9183,0.6,0.6,0.0,-0.002731707317073151,0.9691958572815026,策略3 宏观状态,建信上海金ETF联接A
2022-02-14,0.9318,0.6,0.6,0.0,0.008820646847435443,0.9777447916645801,策略3 宏观状态,建信上海金ETF联接A
2022-02-15,0.9417,0.6,0.6,0.0,0.006374758531873769,0.9839776786172392,策略3 宏观状态,建信上海金ETF联接A
2022-02-16,0.9292,0.6,0.6,0.0,-0.007964319847085033,0.9761409656623392,策略3 宏观状态,建信上海金ETF联接A
2022-02-17,0.9379,0.6,0.6,0.0,0.005617735686612058,0.9816246676003045,策略3 宏观状态,建信上海金ETF联接A
2022-02-18,0.945,0.6,0.6,0.0,0.0045420620535238316,0.9860832677538149,策略3 宏观状态,建信上海金ETF联接A
2022-02-21,0.9447,0.6,0.6,0.0,-0.00019047619047616316,0.9858954423694809,策略3 宏观状态,建信上海金ETF联接A
2022-02-22,0.9547,0.6,0.6,0.0,0.006351222610352458,0.9921570837945013,策略3 宏观状态,建信上海金ETF联接A
2022-02-23,0.9483,0.6,0.6,0.0,-0.004022205928563905,0.9881664236899963,策略3 宏观状态,建信上海金ETF联接A
2022-02-24,0.9665,0.6,0.6,0.0,0.01151534324580834,0.9995454992427696,策略3 宏观状态,建信上海金ETF联接A
2022-02-25,0.9565,0.6,0.6,0.0,-0.006207966890843286,0.993340353877579,策略3 宏观状态,建信上海金ETF联接A
2022-02-28,0.9502,0.6,0.6,0.0,-0.003951907997909032,0.9894147641884445,策略3 宏观状态,建信上海金ETF联接A
2022-03-01,0.9499,0.6,0.6,0.0,-0.00018943380340983307,0.9892273355865144,策略3 宏观状态,建信上海金ETF联接A
2022-03-02,0.9628,0.6,0.6,0.0,0.008148226129066226,0.9972877836099269,策略3 宏观状态,建信上海金ETF联接A
2022-03-03,0.9602,0.6,0.6,0.0,-0.0016202742002492609,0.9956719039439199,策略3 宏观状态,建信上海金ETF联接A
2022-03-04,0.9636,0.6,0.6,0.0,0.0021245573838783115,0.9977872660393643,策略3 宏观状态,建信上海金ETF联接A
2022-03-07,0.9831,0.6,0.6,0.0,0.012141967621419657,1.0099023667166789,策略3 宏观状态,建信上海金ETF联接A
2022-03-08,0.9986,0.6,0.6,0.0,0.009459871833994615,1.0194559136706667,策略3 宏观状态,建信上海金ETF联接A
2022-03-09,1.0127,0.6,0.6,0.0,0.008471860604846658,1.028092602064071,策略3 宏观状态,建信上海金ETF联接A
2022-03-10,0.9865,0.6,0.6,0.0,-0.015522859682038058,1.012133664862089,策略3 宏观状态,建信上海金ETF联接A
2022-03-11,0.9886,0.6,0.6,0.0,0.0012772427774962124,1.0134264052753952,策略3 宏观状态,建信上海金ETF联接A
2022-03-14,0.9837,0.6,0.6,0.0,-0.002973902488367397,1.0104125739669694,策略3 宏观状态,建信上海金ETF联接A
2022-03-15,0.9661,0.6,0.6,0.0,-0.010734980176883235,0.9995658150149604,策略3 宏观状态,建信上海金ETF联接A
2022-03-16,0.9585,0.6,0.6,0.0,-0.004720008280716259,0.9948478560909689,策略3 宏观状态,建信上海金ETF联接A
2022-03-17,0.967,0.6,0.6,0.0,0.005320813771517985,1.000141256264223,策略3 宏观状态,建信上海金ETF联接A
2022-03-18,0.9689,0.6,0.6,0.0,0.0011789038262667527,1.00132032661804,策略3 宏观状态,建信上海金ETF联接A
2022-03-21,0.9661,0.6,0.6,0.0,-0.0017339250696666308,0.9995841122009502,策略3 宏观状态,建信上海金ETF联接A
2022-03-22,0.9718,0.6,0.6,0.0,0.0035400062105372943,1.003122646166096,策略3 宏观状态,建信上海金ETF联接A
2022-03-23,0.9659,0.6,0.6,0.0,-0.003642724840502165,0.9994685463848365,策略3 宏观状态,建信上海金ETF联接A
2022-03-24,0.9762,0.6,0.6,0.0,0.006398177865203447,1.005863323915283,策略3 宏观状态,建信上海金ETF联接A
2022-03-25,0.9826,0.6,0.6,0.0,0.003933620159803297,1.009820008164243,策略3 宏观状态,建信上海金ETF联接A
2022-03-28,0.9739,0.6,0.6,0.0,-0.005312436393242436,1.0044554036022468,策略3 宏观状态,建信上海金ETF联接A
2022-03-29,0.9681,0.6,0.6,0.0,-0.003573262141903677,1.0008662211353243,策略3 宏观状态,建信上海金ETF联接A
2022-03-30,0.9657,0.6,0.6,0.0,-0.0014874496436318107,0.9993774830313735,策略3 宏观状态,建信上海金ETF联接A
2022-03-31,0.9656,0.6,0.6,0.0,-6.213109661383776e-05,0.9993153906124217,策略3 宏观状态,建信上海金ETF联接A
2022-04-01,0.9696,0.6,0.6,0.0,0.002485501242750665,1.0017991902576888,策略3 宏观状态,建信上海金ETF联接A
2022-04-06,0.9655,0.6,0.6,0.0,-0.0025371287128712616,0.9992574967675549,策略3 宏观状态,建信上海金ETF联接A
2022-04-07,0.9667,0.6,0.6,0.0,0.0007457276022786452,1.0000026706646783,策略3 宏观状态,建信上海金ETF联接A
2022-04-08,0.9688,0.6,0.6,0.0,0.0013034033309196058,1.0013060774765512,策略3 宏观状态,建信上海金ETF联接A
2022-04-11,0.9758,0.6,0.6,0.0,0.004335260115606942,1.0056469997777502,策略3 宏观状态,建信上海金ETF联接A
2022-04-12,0.9819,0.6,0.6,0.0,0.0037507686001229334,1.0094189489673244,策略3 宏观状态,建信上海金ETF联接A
2022-04-13,0.9857,0.6,0.6,0.0,0.002322028719828939,1.0117628487571662,策略3 宏观状态,建信上海金ETF联接A
2022-04-14,0.9871,0.6,0.6,0.0,0.0008521862635689547,1.0126250591588664,策略3 宏观状态,建信上海金ETF联接A
2022-04-15,0.9903,0.6,0.6,0.0,0.0019450916827068454,1.0145947077391368,策略3 宏观状态,建信上海金ETF联接A
2022-04-18,0.9956,0.6,0.6,0.0,0.00321114813692831,1.0178527216446307,策略3 宏观状态,建信上海金ETF联接A
2022-04-19,0.9904,0.6,0.6,0.0,-0.0031337886701487292,1.0146629863176608,策略3 宏观状态,建信上海金ETF联接A
2022-04-20,0.9798,0.6,0.6,0.0,-0.006421647819062959,1.0081471779644902,策略3 宏观状态,建信上海金ETF联接A
2022-04-21,0.9884,0.6,0.6,0.0,0.005266380894060019,1.0134564650009228,策略3 宏观状态,建信上海金ETF联接A
2022-04-22,0.9923,0.6,0.6,0.0,0.0023674625657628123,1.0158557852438428,策略3 宏观状态,建信上海金ETF联接A
2022-04-25,0.9879,0.6,0.6,0.0,-0.002660485740199503,1.0131531154131024,策略3 宏观状态,建信上海金ETF联接A
2022-04-26,0.9812,0.6,0.6,0.0,-0.004069237777102952,1.0090303544818737,策略3 宏观状态,建信上海金ETF联接A
2022-04-27,0.981,0.6,0.6,0.0,-0.00012229922543822712,1.008906950851077,策略3 宏观状态,建信上海金ETF联接A
2022-04-28,0.9795,0.6,0.6,0.0,-0.0009174311926605228,1.0079813481438742,策略3 宏观状态,建信上海金ETF联接A
2022-04-29,0.9909,0.6,0.6,0.0,0.006983154670750391,1.0150202378031943,策略3 宏观状态,建信上海金ETF联接A
2022-05-05,0.9883,0.0,0.0,0.0,-0.0015743263699667053,1.013422264676771,策略3 宏观状态,建信上海金ETF联接A
2022-05-06,0.9862,0.0,0.0,0.0,-0.0,1.013422264676771,策略3 宏观状态,建信上海金ETF联接A
2022-05-09,0.9905,0.0,0.0,0.0,0.0,1.013422264676771,策略3 宏观状态,建信上海金ETF联接A
2022-05-10,0.9837,0.0,0.0,0.0,-0.0,1.013422264676771,策略3 宏观状态,建信上海金ETF联接A
2022-05-11,0.9782,0.0,0.0,0.0,-0.0,1.013422264676771,策略3 宏观状态,建信上海金ETF联接A
2022-05-12,0.9873,0.0,0.0,0.0,0.0,1.013422264676771,策略3 宏观状态,建信上海金ETF联接A
2022-05-13,0.9785,0.0,0.0,0.0,-0.0,1.013422264676771,策略3 宏观状态,建信上海金ETF联接A
2022-05-16,0.9693,0.0,0.0,0.0,-0.0,1.013422264676771,策略3 宏观状态,建信上海金ETF联接A
2022-05-17,0.9741,0.0,0.0,0.0,0.0,1.013422264676771,策略3 宏观状态,建信上海金ETF联接A
2022-05-18,0.964,0.0,0.0,0.0,-0.0,1.013422264676771,策略3 宏观状态,建信上海金ETF联接A
2022-05-19,0.9676,0.0,0.0,0.0,0.0,1.013422264676771,策略3 宏观状态,建信上海金ETF联接A
2022-05-20,0.9737,0.0,0.0,0.0,0.0,1.013422264676771,策略3 宏观状态,建信上海金ETF联接A
2022-05-23,0.9736,0.0,0.0,0.0,-0.0,1.013422264676771,策略3 宏观状态,建信上海金ETF联接A
2022-05-24,0.9758,0.0,0.0,0.0,0.0,1.013422264676771,策略3 宏观状态,建信上海金ETF联接A
2022-05-25,0.9772,0.0,0.0,0.0,0.0,1.013422264676771,策略3 宏观状态,建信上海金ETF联接A
2022-05-26,0.9811,0.0,0.0,0.0,0.0,1.013422264676771,策略3 宏观状态,建信上海金ETF联接A
2022-05-27,0.9852,0.0,0.0,0.0,0.0,1.013422264676771,策略3 宏观状态,建信上海金ETF联接A
2022-05-30,0.977,0.0,0.0,0.0,-0.0,1.013422264676771,策略3 宏观状态,建信上海金ETF联接A
2022-05-31,0.9742,0.0,0.0,0.0,-0.0,1.013422264676771,策略3 宏观状态,建信上海金ETF联接A
2022-06-01,0.9686,0.0,0.0,0.0,-0.0,1.013422264676771,策略3 宏观状态,建信上海金ETF联接A
2022-06-02,0.9754,0.0,0.0,0.0,0.0,1.013422264676771,策略3 宏观状态,建信上海金ETF联接A
2022-06-06,0.9728,0.0,0.0,0.0,-0.0,1.013422264676771,策略3 宏观状态,建信上海金ETF联接A
2022-06-07,0.9686,0.0,0.0,0.0,-0.0,1.013422264676771,策略3 宏观状态,建信上海金ETF联接A
2022-06-08,0.9729,0.0,0.0,0.0,0.0,1.013422264676771,策略3 宏观状态,建信上海金ETF联接A
2022-06-09,0.9748,0.0,0.0,0.0,0.0,1.013422264676771,策略3 宏观状态,建信上海金ETF联接A
2022-06-10,0.972,0.0,0.0,0.0,-0.0,1.013422264676771,策略3 宏观状态,建信上海金ETF联接A
2022-06-13,0.9871,0.0,0.0,0.0,0.0,1.013422264676771,策略3 宏观状态,建信上海金ETF联接A
2022-06-14,0.9691,0.0,0.0,0.0,-0.0,1.013422264676771,策略3 宏观状态,建信上海金ETF联接A
2022-06-15,0.9639,0.0,0.0,0.0,-0.0,1.013422264676771,策略3 宏观状态,建信上海金ETF联接A
2022-06-16,0.9669,0.0,0.0,0.0,0.0,1.013422264676771,策略3 宏观状态,建信上海金ETF联接A
2022-06-17,0.973,0.0,0.0,0.0,0.0,1.013422264676771,策略3 宏观状态,建信上海金ETF联接A
2022-06-20,0.9698,0.0,0.0,0.0,-0.0,1.013422264676771,策略3 宏观状态,建信上海金ETF联接A
2022-06-21,0.9678,0.0,0.0,0.0,-0.0,1.013422264676771,策略3 宏观状态,建信上海金ETF联接A
2022-06-22,0.9676,0.0,0.0,0.0,-0.0,1.013422264676771,策略3 宏观状态,建信上海金ETF联接A
2022-06-23,0.969,0.0,0.0,0.0,0.0,1.013422264676771,策略3 宏观状态,建信上海金ETF联接A
2022-06-24,0.9622,0.0,0.0,0.0,-0.0,1.013422264676771,策略3 宏观状态,建信上海金ETF联接A
2022-06-27,0.9676,0.0,0.0,0.0,0.0,1.013422264676771,策略3 宏观状态,建信上海金ETF联接A
2022-06-28,0.9625,0.0,0.0,0.0,-0.0,1.013422264676771,策略3 宏观状态,建信上海金ETF联接A
2022-06-29,0.961,0.0,0.0,0.0,-0.0,1.013422264676771,策略3 宏观状态,建信上海金ETF联接A
2022-06-30,0.9592,0.0,0.0,0.0,-0.0,1.013422264676771,策略3 宏观状态,建信上海金ETF联接A
2022-07-01,0.9512,0.0,0.0,0.0,-0.0,1.013422264676771,策略3 宏观状态,建信上海金ETF联接A
2022-07-04,0.9549,0.0,0.0,0.0,0.0,1.013422264676771,策略3 宏观状态,建信上海金ETF联接A
2022-07-05,0.9543,0.0,0.0,0.0,-0.0,1.013422264676771,策略3 宏观状态,建信上海金ETF联接A
2022-07-06,0.936,0.0,0.0,0.0,-0.0,1.013422264676771,策略3 宏观状态,建信上海金ETF联接A
2022-07-07,0.9235,0.0,0.0,0.0,-0.0,1.013422264676771,策略3 宏观状态,建信上海金ETF联接A
2022-07-08,0.9222,0.0,0.0,0.0,-0.0,1.013422264676771,策略3 宏观状态,建信上海金ETF联接A
2022-07-11,0.922,0.0,0.0,0.0,-0.0,1.013422264676771,策略3 宏观状态,建信上海金ETF联接A
2022-07-12,0.922,0.0,0.0,0.0,0.0,1.013422264676771,策略3 宏观状态,建信上海金ETF联接A
2022-07-13,0.9164,0.0,0.0,0.0,-0.0,1.013422264676771,策略3 宏观状态,建信上海金ETF联接A
2022-07-14,0.9151,0.0,0.0,0.0,-0.0,1.013422264676771,策略3 宏观状态,建信上海金ETF联接A
2022-07-15,0.9118,0.0,0.0,0.0,-0.0,1.013422264676771,策略3 宏观状态,建信上海金ETF联接A
2022-07-18,0.9141,0.0,0.0,0.0,0.0,1.013422264676771,策略3 宏观状态,建信上海金ETF联接A
2022-07-19,0.9119,0.0,0.0,0.0,-0.0,1.013422264676771,策略3 宏观状态,建信上海金ETF联接A
2022-07-20,0.9119,0.0,0.0,0.0,0.0,1.013422264676771,策略3 宏观状态,建信上海金ETF联接A
2022-07-21,0.9048,0.0,0.0,0.0,-0.0,1.013422264676771,策略3 宏观状态,建信上海金ETF联接A
2022-07-22,0.9177,0.0,0.0,0.0,0.0,1.013422264676771,策略3 宏观状态,建信上海金ETF联接A
2022-07-25,0.9211,0.0,0.0,0.0,0.0,1.013422264676771,策略3 宏观状态,建信上海金ETF联接A
2022-07-26,0.9213,0.0,0.0,0.0,0.0,1.013422264676771,策略3 宏观状态,建信上海金ETF联接A
2022-07-27,0.9194,0.0,0.0,0.0,-0.0,1.013422264676771,策略3 宏观状态,建信上海金ETF联接A
2022-07-28,0.9274,0.0,0.0,0.0,0.0,1.013422264676771,策略3 宏观状态,建信上海金ETF联接A
2022-07-29,0.9398,0.0,0.0,0.0,0.0,1.013422264676771,策略3 宏观状态,建信上海金ETF联接A
2022-08-01,0.9401,0.0,0.0,0.0,0.0,1.013422264676771,策略3 宏观状态,建信上海金ETF联接A
2022-08-02,0.9464,0.0,0.0,0.0,0.0,1.013422264676771,策略3 宏观状态,建信上海金ETF联接A
2022-08-03,0.9427,0.0,0.0,0.0,-0.0,1.013422264676771,策略3 宏观状态,建信上海金ETF联接A
2022-08-04,0.9445,0.0,0.0,0.0,0.0,1.013422264676771,策略3 宏观状态,建信上海金ETF联接A
2022-08-05,0.9522,0.0,0.0,0.0,0.0,1.013422264676771,策略3 宏观状态,建信上海金ETF联接A
2022-08-08,0.9475,0.0,0.0,0.0,-0.0,1.013422264676771,策略3 宏观状态,建信上海金ETF联接A
2022-08-09,0.9512,0.0,0.0,0.0,0.0,1.013422264676771,策略3 宏观状态,建信上海金ETF联接A
2022-08-10,0.9537,0.0,0.0,0.0,0.0,1.013422264676771,策略3 宏观状态,建信上海金ETF联接A
2022-08-11,0.9498,0.0,0.0,0.0,-0.0,1.013422264676771,策略3 宏观状态,建信上海金ETF联接A
2022-08-12,0.9526,0.0,0.0,0.0,0.0,1.013422264676771,策略3 宏观状态,建信上海金ETF联接A
2022-08-15,0.9548,0.0,0.0,0.0,0.0,1.013422264676771,策略3 宏观状态,建信上海金ETF联接A
2022-08-16,0.9535,0.0,0.0,0.0,-0.0,1.013422264676771,策略3 宏观状态,建信上海金ETF联接A
2022-08-17,0.9499,0.0,0.0,0.0,-0.0,1.013422264676771,策略3 宏观状态,建信上海金ETF联接A
2022-08-18,0.9449,0.0,0.0,0.0,-0.0,1.013422264676771,策略3 宏观状态,建信上海金ETF联接A
2022-08-19,0.9441,0.0,0.0,0.0,-0.0,1.013422264676771,策略3 宏观状态,建信上海金ETF联接A
2022-08-22,0.9418,0.0,0.0,0.0,-0.0,1.013422264676771,策略3 宏观状态,建信上海金ETF联接A
2022-08-23,0.9446,0.0,0.0,0.0,0.0,1.013422264676771,策略3 宏观状态,建信上海金ETF联接A
2022-08-24,0.9488,0.0,0.0,0.0,0.0,1.013422264676771,策略3 宏观状态,建信上海金ETF联接A
2022-08-25,0.9519,0.0,0.0,0.0,0.0,1.013422264676771,策略3 宏观状态,建信上海金ETF联接A
2022-08-26,0.9536,0.0,0.0,0.0,0.0,1.013422264676771,策略3 宏观状态,建信上海金ETF联接A
2022-08-29,0.9461,0.0,0.0,0.0,-0.0,1.013422264676771,策略3 宏观状态,建信上海金ETF联接A
2022-08-30,0.9497,0.0,0.0,0.0,0.0,1.013422264676771,策略3 宏观状态,建信上海金ETF联接A
2022-08-31,0.944,0.0,0.0,0.0,-0.0,1.013422264676771,策略3 宏观状态,建信上海金ETF联接A
2022-09-01,0.9375,0.0,0.0,0.0,-0.0,1.013422264676771,策略3 宏观状态,建信上海金ETF联接A
2022-09-02,0.9359,0.0,0.0,0.0,-0.0,1.013422264676771,策略3 宏观状态,建信上海金ETF联接A
2022-09-05,0.9445,0.0,0.0,0.0,0.0,1.013422264676771,策略3 宏观状态,建信上海金ETF联接A
2022-09-06,0.9491,0.0,0.0,0.0,0.0,1.013422264676771,策略3 宏观状态,建信上海金ETF联接A
2022-09-07,0.9434,0.0,0.0,0.0,-0.0,1.013422264676771,策略3 宏观状态,建信上海金ETF联接A
2022-09-08,0.9507,0.0,0.0,0.0,0.0,1.013422264676771,策略3 宏观状态,建信上海金ETF联接A
2022-09-09,0.9513,0.0,0.0,0.0,0.0,1.013422264676771,策略3 宏观状态,建信上海金ETF联接A
2022-09-13,0.9509,0.0,0.0,0.0,-0.0,1.013422264676771,策略3 宏观状态,建信上海金ETF联接A
2022-09-14,0.9446,0.0,0.0,0.0,-0.0,1.013422264676771,策略3 宏观状态,建信上海金ETF联接A
2022-09-15,0.94,0.0,0.0,0.0,-0.0,1.013422264676771,策略3 宏观状态,建信上海金ETF联接A
2022-09-16,0.9366,0.0,0.0,0.0,-0.0,1.013422264676771,策略3 宏观状态,建信上海金ETF联接A
2022-09-19,0.9391,0.0,0.0,0.0,0.0,1.013422264676771,策略3 宏观状态,建信上海金ETF联接A
2022-09-20,0.9413,0.0,0.0,0.0,0.0,1.013422264676771,策略3 宏观状态,建信上海金ETF联接A
2022-09-21,0.9423,0.0,0.0,0.0,0.0,1.013422264676771,策略3 宏观状态,建信上海金ETF联接A
2022-09-22,0.9414,0.0,0.0,0.0,-0.0,1.013422264676771,策略3 宏观状态,建信上海金ETF联接A
2022-09-23,0.9458,0.0,0.0,0.0,0.0,1.013422264676771,策略3 宏观状态,建信上海金ETF联接A
2022-09-26,0.9384,0.0,0.0,0.0,-0.0,1.013422264676771,策略3 宏观状态,建信上海金ETF联接A
2022-09-27,0.9402,0.0,0.0,0.0,0.0,1.013422264676771,策略3 宏观状态,建信上海金ETF联接A
2022-09-28,0.9441,0.0,0.0,0.0,0.0,1.013422264676771,策略3 宏观状态,建信上海金ETF联接A
2022-09-29,0.9497,0.0,0.0,0.0,0.0,1.013422264676771,策略3 宏观状态,建信上海金ETF联接A
2022-09-30,0.9506,0.0,0.0,0.0,0.0,1.013422264676771,策略3 宏观状态,建信上海金ETF联接A
2022-10-10,0.9583,0.0,0.0,0.0,0.0,1.013422264676771,策略3 宏观状态,建信上海金ETF联接A
2022-10-11,0.9565,0.0,0.0,0.0,-0.0,1.013422264676771,策略3 宏观状态,建信上海金ETF联接A
2022-10-12,0.957,0.0,0.0,0.0,0.0,1.013422264676771,策略3 宏观状态,建信上海金ETF联接A
2022-10-13,0.9576,0.0,0.0,0.0,0.0,1.013422264676771,策略3 宏观状态,建信上海金ETF联接A
2022-10-14,0.9563,0.0,0.0,0.0,-0.0,1.013422264676771,策略3 宏观状态,建信上海金ETF联接A
2022-10-17,0.9523,0.0,0.0,0.0,-0.0,1.013422264676771,策略3 宏观状态,建信上海金ETF联接A
2022-10-18,0.9538,0.0,0.0,0.0,0.0,1.013422264676771,策略3 宏观状态,建信上海金ETF联接A
2022-10-19,0.9518,0.0,0.0,0.0,-0.0,1.013422264676771,策略3 宏观状态,建信上海金ETF联接A
2022-10-20,0.9476,0.0,0.0,0.0,-0.0,1.013422264676771,策略3 宏观状态,建信上海金ETF联接A
2022-10-21,0.9467,0.0,0.0,0.0,-0.0,1.013422264676771,策略3 宏观状态,建信上海金ETF联接A
2022-10-24,0.9576,0.0,0.0,0.0,0.0,1.013422264676771,策略3 宏观状态,建信上海金ETF联接A
2022-10-25,0.9599,0.0,0.0,0.0,0.0,1.013422264676771,策略3 宏观状态,建信上海金ETF联接A
2022-10-26,0.9602,0.0,0.0,0.0,0.0,1.013422264676771,策略3 宏观状态,建信上海金ETF联接A
2022-10-27,0.958,0.0,0.0,0.0,-0.0,1.013422264676771,策略3 宏观状态,建信上海金ETF联接A
2022-10-28,0.9576,0.0,0.0,0.0,-0.0,1.013422264676771,策略3 宏观状态,建信上海金ETF联接A
2022-10-31,0.9545,0.0,0.0,0.0,-0.0,1.013422264676771,策略3 宏观状态,建信上海金ETF联接A
2022-11-01,0.9551,0.0,0.0,0.0,0.0,1.013422264676771,策略3 宏观状态,建信上海金ETF联接A
2022-11-02,0.9567,0.0,0.0,0.0,0.0,1.013422264676771,策略3 宏观状态,建信上海金ETF联接A
2022-11-03,0.9545,0.0,0.0,0.0,-0.0,1.013422264676771,策略3 宏观状态,建信上海金ETF联接A
2022-11-04,0.9544,0.0,0.0,0.0,-0.0,1.013422264676771,策略3 宏观状态,建信上海金ETF联接A
2022-11-07,0.9606,0.0,0.0,0.0,0.0,1.013422264676771,策略3 宏观状态,建信上海金ETF联接A
2022-11-08,0.9633,0.0,0.0,0.0,0.0,1.013422264676771,策略3 宏观状态,建信上海金ETF联接A
2022-11-09,0.9819,0.0,0.0,0.0,0.0,1.013422264676771,策略3 宏观状态,建信上海金ETF联接A
2022-11-10,0.9831,0.0,0.0,0.0,0.0,1.013422264676771,策略3 宏观状态,建信上海金ETF联接A
2022-11-11,0.9914,0.0,0.0,0.0,0.0,1.013422264676771,策略3 宏观状态,建信上海金ETF联接A
2022-11-14,0.9828,0.0,0.0,0.0,-0.0,1.013422264676771,策略3 宏观状态,建信上海金ETF联接A
2022-11-15,0.9854,0.0,0.0,0.0,0.0,1.013422264676771,策略3 宏观状态,建信上海金ETF联接A
2022-11-16,0.9896,0.0,0.0,0.0,0.0,1.013422264676771,策略3 宏观状态,建信上海金ETF联接A
2022-11-17,0.9913,0.0,0.0,0.0,0.0,1.013422264676771,策略3 宏观状态,建信上海金ETF联接A
2022-11-18,0.9904,0.0,0.0,0.0,-0.0,1.013422264676771,策略3 宏观状态,建信上海金ETF联接A
2022-11-21,0.9851,0.0,0.0,0.0,-0.0,1.013422264676771,策略3 宏观状态,建信上海金ETF联接A
2022-11-22,0.9849,0.0,0.0,0.0,-0.0,1.013422264676771,策略3 宏观状态,建信上海金ETF联接A
2022-11-23,0.9839,0.0,0.0,0.0,-0.0,1.013422264676771,策略3 宏观状态,建信上海金ETF联接A
2022-11-24,0.9877,0.0,0.0,0.0,0.0,1.013422264676771,策略3 宏观状态,建信上海金ETF联接A
2022-11-25,0.9906,0.0,0.0,0.0,0.0,1.013422264676771,策略3 宏观状态,建信上海金ETF联接A
2022-11-28,0.9924,0.0,0.0,0.0,0.0,1.013422264676771,策略3 宏观状态,建信上海金ETF联接A
2022-11-29,0.9897,0.0,0.0,0.0,-0.0,1.013422264676771,策略3 宏观状态,建信上海金ETF联接A
2022-11-30,0.9881,0.0,0.0,0.0,-0.0,1.013422264676771,策略3 宏观状态,建信上海金ETF联接A
2022-12-01,0.9904,0.6,0.6,0.008866995073891548,-0.008866995073891548,1.00443625444811,策略3 宏观状态,建信上海金ETF联接A
2022-12-02,0.9966,0.6,0.6,0.0,0.0037560581583199856,1.0082089754361423,策略3 宏观状态,建信上海金ETF联接A
2022-12-05,0.9876,0.6,0.6,0.0,-0.005418422636965681,1.002746073100847,策略3 宏观状态,建信上海金ETF联接A
2022-12-06,0.9778,0.6,0.6,0.0,-0.005953827460510341,0.9967758959949005,策略3 宏观状态,建信上海金ETF联接A
2022-12-07,0.9779,0.6,0.6,0.0,6.13622417672488e-05,0.9968370603984184,策略3 宏观状态,建信上海金ETF联接A
2022-12-08,0.981,0.6,0.6,0.0,0.0019020349729010455,0.99873307934958,策略3 宏观状态,建信上海金ETF联接A
2022-12-09,0.9838,0.6,0.6,0.0,0.0017125382262996869,1.0004434479258362,策略3 宏观状态,建信上海金ETF联接A
2022-12-12,0.9836,0.6,0.6,0.0,-0.00012197601138443925,1.0003214178244426,策略3 宏观状态,建信上海金ETF联接A
2022-12-13,0.983,0.6,0.6,0.0,-0.000366002440016322,0.9999552977447183,策略3 宏观状态,建信上海金ETF联接A
2022-12-14,0.9934,0.6,0.6,0.0,0.006347914547304168,1.006302928525926,策略3 宏观状态,建信上海金ETF联接A
2022-12-15,0.9857,0.6,0.6,0.0,-0.004650694584256065,1.0016229209461094,策略3 宏观状态,建信上海金ETF联接A
2022-12-16,0.9811,0.6,0.6,0.0,-0.0028000405802982796,0.9988183361213036,策略3 宏观状态,建信上海金ETF联接A
2022-12-19,0.9877,0.6,0.6,0.0,0.004036285801651207,1.0028498523898186,策略3 宏观状态,建信上海金ETF联接A
2022-12-20,0.988,0.6,0.6,0.0,0.00018224157132733508,1.0030326133227236,策略3 宏观状态,建信上海金ETF联接A
2022-12-21,0.9962,0.6,0.6,0.0,0.0049797570850202534,1.0080274720854239,策略3 宏观状态,建信上海金ETF联接A
2022-12-22,0.9978,0.6,0.6,0.0,0.0009636619152781022,1.0089988697698267,策略3 宏观状态,建信上海金ETF联接A
2022-12-23,0.99,0.6,0.6,0.0,-0.0046903187011425596,1.0042663435015133,策略3 宏观状态,建信上海金ETF联接A
2022-12-26,0.9909,0.6,0.6,0.0,0.0005454545454545822,1.0048141251434235,策略3 宏观状态,建信上海金ETF联接A
2022-12-27,0.9921,0.6,0.6,0.0,0.0007266121707537821,1.0055442353160982,策略3 宏观状态,建信上海金ETF联接A
2022-12-28,0.9943,0.6,0.6,0.0,0.0013305110371938155,1.0068821230195726,策略3 宏观状态,建信上海金ETF联接A
2022-12-29,0.9932,0.6,0.6,0.0,-0.0006637835663280356,1.0062137712130828,策略3 宏观状态,建信上海金ETF联接A
2022-12-30,0.9987,0.6,0.6,0.0,0.0033225936367298203,1.0095570106865053,策略3 宏观状态,建信上海金ETF联接A
2022-12-31,0.9987,0.6,0.6,0.0,0.0,1.0095570106865053,策略3 宏观状态,建信上海金ETF联接A
2023-01-03,0.9993,0.6,0.6,0.0,0.000360468609191944,1.0099209242980474,策略3 宏观状态,建信上海金ETF联接A
2023-01-04,1.0036,0.6,0.6,0.0,0.002581807265085567,1.0125283454775622,策略3 宏观状态,建信上海金ETF联接A
2023-01-05,1.0037,0.6,0.6,0.0,5.978477481072275e-05,1.012588879256686,策略3 宏观状态,建信上海金ETF联接A
2023-01-06,0.9964,0.6,0.6,0.0,-0.004363853741157775,1.008170089487687,策略3 宏观状态,建信上海金ETF联接A
2023-01-09,1.0064,0.6,0.6,0.0,0.006021678040947398,1.014240965177095,策略3 宏观状态,建信上海金ETF联接A
2023-01-10,1.0057,0.6,0.6,0.0,-0.00041732909379961215,1.013817692914203,策略3 宏观状态,建信上海金ETF联接A
2023-01-11,1.0085,0.6,0.6,0.0,0.0016704782738390822,1.01551125334385,策略3 宏观状态,建信上海金ETF联接A
2023-01-12,1.0073,0.6,0.6,0.0,-0.0007139315815567037,1.0147862477886616,策略3 宏观状态,建信上海金ETF联接A
2023-01-13,1.0082,0.6,0.6,0.0,0.0005360865680531735,1.0153302610655461,策略3 宏观状态,建信上海金ETF联接A
2023-01-16,1.0134,0.6,0.6,0.0,0.0030946240825234115,1.0184723265431543,策略3 宏观状态,建信上海金ETF联接A
2023-01-17,1.0176,0.6,0.6,0.0,0.00248667850799289,1.0210049397885548,策略3 宏观状态,建信上海金ETF联接A
2023-01-18,1.0154,0.6,0.6,0.0,-0.0012971698113207752,1.0196805230034516,策略3 宏观状态,建信上海金ETF联接A
2023-01-19,1.0193,0.6,0.6,0.0,0.0023045105377190733,1.02203038751382,策略3 宏观状态,建信上海金ETF联接A
2023-01-20,1.0262,0.6,0.6,0.0,0.0040616109094476546,1.026181477285533,策略3 宏观状态,建信上海金ETF联接A
2023-01-30,1.0256,0.6,0.6,0.0,-0.00035080880919897696,1.0258214837834645,策略3 宏观状态,建信上海金ETF联接A
2023-01-31,1.0193,0.6,0.6,0.0,-0.003685647425896987,1.0220406674723281,策略3 宏观状态,建信上海金ETF联接A
2023-02-01,1.0234,0.6,0.6,0.0,0.00241342097517907,1.024507281856692,策略3 宏观状态,建信上海金ETF联接A
2023-02-02,1.0313,0.6,0.6,0.0,0.0046316200898964596,1.0292524103655847,策略3 宏观状态,建信上海金ETF联接A
2023-02-03,1.0192,0.6,0.6,0.0,-0.007039658683215388,1.0220068246977343,策略3 宏观状态,建信上海金ETF联接A
2023-02-06,1.0063,0.6,0.6,0.0,-0.007594191522763038,1.0142455091334086,策略3 宏观状态,建信上海金ETF联接A
2023-02-07,1.004,0.6,0.6,0.0,-0.0013713604292953983,1.0128546129765925,策略3 宏观状态,建信上海金ETF联接A
2023-02-08,1.0038,0.6,0.6,0.0,-0.00011952191235058417,1.0127335546563165,策略3 宏观状态,建信上海金ETF联接A
2023-02-09,1.0058,0.6,0.6,0.0,0.0011954572624028436,1.0139442343391094,策略3 宏观状态,建信上海金ETF联接A
2023-02-10,1.0016,0.6,0.6,0.0,-0.0025054682839530384,1.0114038292182757,策略3 宏观状态,建信上海金ETF联接A
2023-02-13,1.0057,0.6,0.6,0.0,0.002456070287539891,1.0138879081119228,策略3 宏观状态,建信上海金ETF联接A
2023-02-14,1.0051,0.6,0.6,0.0,-0.00035795963010831766,1.0135249771713637,策略3 宏观状态,建信上海金ETF联接A
2023-02-15,1.0028,0.6,0.6,0.0,-0.0013729977116706093,1.0121334096969863,策略3 宏观状态,建信上海金ETF联接A
2023-02-16,1.0017,0.6,0.6,0.0,-0.000658157159952033,1.0114672668465674,策略3 宏观状态,建信上海金ETF联接A
2023-02-17,1.0004,0.6,0.6,0.0,-0.0007786762503743993,1.010679661307843,策略3 宏观状态,建信上海金ETF联接A
2023-02-20,1.0043,0.6,0.6,0.0,0.0023390643742503326,1.0130437060973874,策略3 宏观状态,建信上海金ETF联接A
2023-02-21,1.003,0.6,0.6,0.0,-0.0007766603604501431,1.012256915207458,策略3 宏观状态,建信上海金ETF联接A
2023-02-22,1.0056,0.6,0.6,0.0,0.0015553339980061143,1.013831312802397,策略3 宏观状态,建信上海金ETF联接A
2023-02-23,1.0036,0.6,0.6,0.0,-0.001193317422434359,1.0126214902334205,策略3 宏观状态,建信上海金ETF联接A
2023-02-24,1.0055,0.6,0.6,0.0,0.0011359107214029328,1.0137717378408995,策略3 宏观状态,建信上海金ETF联接A
2023-02-27,1.0041,0.6,0.6,0.0,-0.0008354052710094927,1.0129248275875067,策略3 宏观状态,建信上海金ETF联接A
2023-02-28,1.0045,0.6,0.6,0.0,0.0002390200179264834,1.0131669368979548,策略3 宏观状态,建信上海金ETF联接A
2023-03-01,1.0079,0.6,0.6,0.0,0.002030861124937866,1.015224538243173,策略3 宏观状态,建信上海金ETF联接A
2023-03-02,1.0068,0.6,0.6,0.0,-0.0006548268677448954,1.0145597419387375,策略3 宏观状态,建信上海金ETF联接A
2023-03-03,1.011,0.6,0.6,0.0,0.0025029797377830398,1.0170991644155807,策略3 宏观状态,建信上海金ETF联接A
2023-03-06,1.0173,0.6,0.6,0.0,0.0037388724035609666,1.020901968413099,策略3 宏观状态,建信上海金ETF联接A
2023-03-07,1.0182,0.6,0.6,0.0,0.0005308168681804393,1.0214438803986912,策略3 宏观状态,建信上海金ETF联接A
2023-03-08,1.0083,0.6,0.6,0.0,-0.005833824395992914,1.0154849561700836,策略3 宏观状态,建信上海金ETF联接A
2023-03-09,1.0086,0.6,0.6,0.0,0.00017851829812558505,1.0156662388162312,策略3 宏观状态,建信上海金ETF联接A
2023-03-10,1.0141,0.6,0.6,0.0,0.0032718619869126276,1.0189893585744043,策略3 宏观状态,建信上海金ETF联接A
2023-03-13,1.023,0.6,0.6,0.0,0.005265752884330865,1.02435510472842,策略3 宏观状态,建信上海金ETF联接A
2023-03-14,1.0357,0.6,0.6,0.0,0.0074486803519063114,1.0319851984703856,策略3 宏观状态,建信上海金ETF联接A
2023-03-15,1.0365,0.6,0.6,0.0,0.0004634546683401463,1.0324634768282748,策略3 宏观状态,建信上海金ETF联接A
2023-03-16,1.0458,0.6,0.6,0.0,0.005383502170767063,1.0380217461970176,策略3 宏观状态,建信上海金ETF联接A
2023-03-17,1.0505,0.6,0.6,0.0,0.002696500286861747,1.0408207721334064,策略3 宏观状态,建信上海金ETF联接A
2023-03-20,1.0815,0.6,0.6,0.0,0.017705854355068905,1.059249393134531,策略3 宏观状态,建信上海金ETF联接A
2023-03-21,1.0721,0.6,0.6,0.0,-0.00521497919556162,1.0537254295864233,策略3 宏观状态,建信上海金ETF联接A
2023-03-22,1.0565,0.6,0.6,0.0,-0.008730528868575704,1.0445258493038667,策略3 宏观状态,建信上海金ETF联接A
2023-03-23,1.0631,0.6,0.6,0.0,0.003748225272124861,1.0484409674896151,策略3 宏观状态,建信上海金ETF联接A
2023-03-24,1.0668,0.6,0.6,0.0,0.002088232527513867,1.050630356021105,策略3 宏观状态,建信上海金ETF联接A
2023-03-27,1.0627,0.6,0.6,0.0,-0.0023059617547806608,1.0482076426017086,策略3 宏观状态,建信上海金ETF联接A
2023-03-28,1.0561,0.6,0.6,0.0,-0.0037263573915497835,1.044301646304821,策略3 宏观状态,建信上海金ETF联接A
2023-03-29,1.0604,0.6,0.6,0.0,0.0024429504781744438,1.0468528235110195,策略3 宏观状态,建信上海金ETF联接A
2023-03-30,1.0618,0.6,0.6,0.0,0.0007921539041871206,1.0476820920622731,策略3 宏观状态,建信上海金ETF联接A
2023-03-31,1.067,0.6,0.6,0.0,0.002938406479562872,1.0507606079101108,策略3 宏观状态,建信上海金ETF联接A
2023-04-03,1.0555,0.6,0.6,0.0,-0.006466729147141459,1.0439656236602706,策略3 宏观状态,建信上海金ETF联接A
2023-04-04,1.0668,0.6,0.6,0.0,0.00642349597347227,1.050671532640296,策略3 宏观状态,建信上海金ETF联接A
2023-04-06,1.083,0.6,0.6,0.0,0.009111361079865076,1.0602445803505167,策略3 宏观状态,建信上海金ETF联接A
2023-04-07,1.0825,0.6,0.6,0.0,-0.00027700831024930485,1.0599508837908629,策略3 宏观状态,建信上海金ETF联接A
2023-04-10,1.0726,0.6,0.6,0.0,-0.005487297921478063,1.0541346175093684,策略3 宏观状态,建信上海金ETF联接A
2023-04-11,1.076,0.6,0.6,0.0,0.0019019205668469484,1.0561394978186347,策略3 宏观状态,建信上海金ETF联接A
2023-04-12,1.0849,0.6,0.6,0.0,0.0049628252788103564,1.061380933616359,策略3 宏观状态,建信上海金ETF联接A
2023-04-13,1.0856,0.6,0.6,0.0,0.00038713245460408885,1.0617918286224601,策略3 宏观状态,建信上海金ETF联接A
2023-04-14,1.0907,0.6,0.6,0.0,0.002818717759764233,1.064784720106971,策略3 宏观状态,建信上海金ETF联接A
2023-04-17,1.0796,0.6,0.6,0.0,-0.006106170349317019,1.0582829632206479,策略3 宏观状态,建信上海金ETF联接A
2023-04-18,1.0753,0.6,0.6,0.0,-0.0023897739903667946,1.0557539061206949,策略3 宏观状态,建信上海金ETF联接A
2023-04-19,1.0752,0.6,0.6,0.0,-5.579838184692764e-05,1.055694996761105,策略3 宏观状态,建信上海金ETF联接A
2023-04-20,1.0765,0.6,0.6,0.0,0.0007254464285715301,1.056460846926166,策略3 宏观状态,建信上海金ETF联接A
2023-04-21,1.0726,0.6,0.6,0.0,-0.0021737111007896323,1.054164406255653,策略3 宏观状态,建信上海金ETF联接A
2023-04-24,1.0692,0.6,0.6,0.0,-0.0019019205668469484,1.0521594692905574,策略3 宏观状态,建信上海金ETF联接A
2023-04-25,1.0775,0.6,0.6,0.0,0.004657687991021353,1.0570600998153115,策略3 宏观状态,建信上海金ETF联接A
2023-04-26,1.0806,0.6,0.6,0.0,0.0017262180974478181,1.0588848160897026,策略3 宏观状态,建信上海金ETF联接A
2023-04-27,1.0821,0.6,0.6,0.0,0.0008328706274292053,1.0597667301508547,策略3 宏观状态,建信上海金ETF联接A
2023-04-28,1.0746,0.6,0.6,0.0,-0.004158580537843126,1.0553596048521956,策略3 宏观状态,建信上海金ETF联接A
2023-05-04,1.098,0.6,0.6,0.0,0.013065326633165907,1.0691482228050384,策略3 宏观状态,建信上海金ETF联接A
2023-05-05,1.1034,0.6,0.6,0.0,0.0029508196721311107,1.0723030864133154,策略3 宏观状态,建信上海金ETF联接A
2023-05-08,1.0906,0.6,0.6,0.0,-0.00696030451332239,1.0648395304013034,策略3 宏观状态,建信上海金ETF联接A
2023-05-09,1.0925,0.6,0.6,0.0,0.0010452961672474447,1.0659526030811652,策略3 宏观状态,建信上海金ETF联接A
2023-05-10,1.0969,0.6,0.6,0.0,0.002416475972540022,1.0685284519343774,策略3 宏观状态,建信上海金ETF联接A
2023-05-11,1.097,0.6,0.6,0.0,5.469960798616391e-05,1.0685869000218202,策略3 宏观状态,建信上海金ETF联接A
2023-05-12,1.0902,0.6,0.6,0.0,-0.0037192342752962126,1.0646125749971267,策略3 宏观状态,建信上海金ETF联接A
2023-05-15,1.0943,0.6,0.6,0.0,0.0022564667033571515,1.067014837824583,策略3 宏观状态,建信上海金ETF联接A
2023-05-16,1.0916,0.6,0.6,0.0,-0.0014803984282190541,1.0654352307357813,策略3 宏观状态,建信上海金ETF联接A
2023-05-17,1.0872,0.6,0.6,0.0,-0.0024184683034078392,1.0628585094009126,策略3 宏观状态,建信上海金ETF联接A
2023-05-18,1.085,0.6,0.6,0.0,-0.0012141280353201056,1.0615680630870705,策略3 宏观状态,建信上海金ETF联接A
2023-05-19,1.0812,0.6,0.6,0.0,-0.002101382488479264,1.0593373025489705,策略3 宏观状态,建信上海金ETF联接A
2023-05-22,1.0853,0.6,0.6,0.0,0.0022752497225305033,1.061747559452661,策略3 宏观状态,建信上海金ETF联接A
2023-05-23,1.0815,0.6,0.6,0.0,-0.0021008016216714108,1.0595170384579575,策略3 宏观状态,建信上海金ETF联接A
2023-05-24,1.0867,0.6,0.6,0.0,0.00288488210818314,1.0625736202055198,策略3 宏观状态,建信上海金ETF联接A
2023-05-25,1.0825,0.6,0.6,0.0,-0.0023189472715560598,1.0601095680081167,策略3 宏观状态,建信上海金ETF联接A
2023-05-26,1.0768,0.6,0.6,0.0,-0.0031593533487297874,1.05676030729441,策略3 宏观状态,建信上海金ETF联接A
2023-05-29,1.0766,0.6,0.6,0.0,-0.00011144130757800852,1.0566425405439686,策略3 宏观状态,建信上海金ETF联接A
2023-05-30,1.0751,0.6,0.6,0.0,-0.0008359650752368664,1.0557592242830642,策略3 宏观状态,建信上海金ETF联接A
2023-05-31,1.0867,0.6,0.6,0.0,0.006473816389173104,1.0625940156522486,策略3 宏观状态,建信上海金ETF联接A
2023-06-01,1.0877,0.6,0.6,0.0,0.0005521303027514079,1.0631807060078127,策略3 宏观状态,建信上海金ETF联接A
2023-06-02,1.0907,0.6,0.6,0.0,0.001654868070240001,1.06494012981108,策略3 宏观状态,建信上海金ETF联接A
2023-06-05,1.0785,0.6,0.6,0.0,-0.006711286329879873,1.0577930116757384,策略3 宏观状态,建信上海金ETF联接A
2023-06-06,1.0856,0.6,0.6,0.0,0.0039499304589706965,1.0619712205118428,策略3 宏观状态,建信上海金ETF联接A
2023-06-07,1.0876,0.6,0.6,0.0,0.0011053795136329646,1.0631451017430642,策略3 宏观状态,建信上海金ETF联接A
2023-06-08,1.0828,0.6,0.6,0.0,-0.0026480323648399693,1.0603298591051276,策略3 宏观状态,建信上海金ETF联接A
2023-06-09,1.0905,0.6,0.6,0.0,0.0042667159216845715,1.0648539853972088,策略3 宏观状态,建信上海金ETF联接A
2023-06-12,1.0915,0.6,0.6,0.0,0.0005502063273726598,1.0654398747977023,策略3 宏观状态,建信上海金ETF联接A
2023-06-13,1.0941,0.6,0.6,0.0,0.001429225836005532,1.0669626289934737,策略3 宏观状态,建信上海金ETF联接A
2023-06-14,1.088,0.6,0.6,0.0,-0.0033452152454071624,1.0633934093406852,策略3 宏观状态,建信上海金ETF联接A
2023-06-15,1.0793,0.6,0.6,0.0,-0.004797794117647158,1.0582914666966057,策略3 宏观状态,建信上海金ETF联接A
2023-06-16,1.0876,0.6,0.6,0.0,0.004614101732604459,1.063174531186691,策略3 宏观状态,建信上海金ETF联接A
2023-06-19,1.0887,0.6,0.6,0.0,0.0006068407502759054,1.0638197088168704,策略3 宏观状态,建信上海金ETF联接A
2023-06-20,1.0902,0.6,0.6,0.0,0.0008266740148801244,1.0646991409266666,策略3 宏观状态,建信上海金ETF联接A
2023-06-21,1.0858,0.6,0.6,0.0,-0.0024215740231149805,1.062120893144566,策略3 宏观状态,建信上海金ETF联接A
2023-06-26,1.0841,0.6,0.6,0.0,-0.0009393995210904338,1.0611231372862058,策略3 宏观状态,建信上海金ETF联接A
2023-06-27,1.084,0.6,0.6,0.0,-5.534544783689643e-05,1.0610644089509627,策略3 宏观状态,建信上海金ETF联接A
2023-06-28,1.0796,0.6,0.6,0.0,-0.0024354243542436425,1.0584802668479822,策略3 宏观状态,建信上海金ETF联接A
2023-06-29,1.0815,0.6,0.6,0.0,0.0010559466469063138,1.0595979655365768,策略3 宏观状态,建信上海金ETF联接A
2023-06-30,1.0839,0.6,0.6,0.0,0.0013314840499307312,1.061008803327028,策略3 宏观状态,建信上海金ETF联接A
2023-07-03,1.086,0.6,0.6,0.0,0.0011624688624411572,1.0622421930236716,策略3 宏观状态,建信上海金ETF联接A
2023-07-04,1.0875,0.6,0.6,0.0,0.0008287292817678704,1.0631225042333596,策略3 宏观状态,建信上海金ETF联接A
2023-07-05,1.0882,0.6,0.6,0.0,0.0003862068965517551,1.063533089476374,策略3 宏观状态,建信上海金ETF联接A
2023-07-06,1.0883,0.6,0.6,0.0,5.513692335967768e-05,1.0635917294188189,策略3 宏观状态,建信上海金ETF联接A
2023-07-07,1.0858,0.6,0.6,0.0,-0.0013782964256178864,1.0621257847398442,策略3 宏观状态,建信上海金ETF联接A
2023-07-10,1.0892,0.6,0.6,0.0,0.0018787990421807342,1.0641213056468888,策略3 宏观状态,建信上海金ETF联接A
2023-07-11,1.0891,0.6,0.6,0.0,-5.508630187294194e-05,1.0640626871394165,策略3 宏观状态,建信上海金ETF联接A
2023-07-12,1.0891,0.6,0.6,0.0,0.0,1.0640626871394165,策略3 宏观状态,建信上海金ETF联接A
2023-07-13,1.0984,0.6,0.6,0.0,0.005123496464971122,1.069514408555483,策略3 宏观状态,建信上海金ETF联接A
2023-07-14,1.0937,0.6,0.6,0.0,-0.0025673707210488892,1.066768568577218,策略3 宏观状态,建信上海金ETF联接A
2023-07-17,1.0971,0.6,0.6,0.0,0.0018652281247142797,1.0687583353138892,策略3 宏观状态,建信上海金ETF联接A
2023-07-18,1.1002,0.6,0.6,0.0,0.001695378725731489,1.0705702854585286,策略3 宏观状态,建信上海金ETF联接A
2023-07-19,1.1128,0.6,0.6,0.0,0.006871477913106672,1.0779266855294853,策略3 宏观状态,建信上海金ETF联接A
2023-07-20,1.1125,0.6,0.6,0.0,-0.0001617541337167294,1.0777523264322573,策略3 宏观状态,建信上海金ETF联接A
2023-07-21,1.1062,0.6,0.6,0.0,-0.003397752808988752,1.074090390437728,策略3 宏观状态,建信上海金ETF联接A
2023-07-24,1.1052,0.6,0.6,0.0,-0.0005423973964925333,1.073507806606357,策略3 宏观状态,建信上海金ETF联接A
2023-07-25,1.1007,0.6,0.6,0.0,-0.002442996742671011,1.070885230531586,策略3 宏观状态,建信上海金ETF联接A
2023-07-26,1.1039,0.6,0.6,0.0,0.0017443445080403297,1.072753223302205,策略3 宏观状态,建信上海金ETF联接A
2023-07-27,1.1065,0.6,0.6,0.0,0.0014131714829241915,1.0742692075655909,策略3 宏观状态,建信上海金ETF联接A
2023-07-28,1.0987,0.6,0.6,0.0,-0.004229552643470446,1.0697255293989327,策略3 宏观状态,建信上海金ETF联接A
2023-07-31,1.0987,0.6,0.6,0.0,0.0,1.0697255293989327,策略3 宏观状态,建信上海金ETF联接A
2023-08-01,1.102,0.6,0.6,0.0,0.0018021297897515608,1.0716533136423203,策略3 宏观状态,建信上海金ETF联接A
2023-08-02,1.101,0.6,0.6,0.0,-0.0005444646098003991,1.071069836339067,策略3 宏观状态,建信上海金ETF联接A
2023-08-03,1.0968,0.6,0.6,0.0,-0.0022888283378746264,1.0686183413458115,策略3 宏观状态,建信上海金ETF联接A
2023-08-04,1.0953,0.6,0.6,0.0,-0.0008205689277899885,1.0677414663392364,策略3 宏观状态,建信上海金ETF联接A
2023-08-07,1.0979,0.6,0.6,0.0,0.0014242673240209224,1.0692622156202456,策略3 宏观状态,建信上海金ETF联接A
2023-08-08,1.0982,0.6,0.6,0.0,0.00016394935786498977,1.0694375204738857,策略3 宏观状态,建信上海金ETF联接A
2023-08-09,1.0972,0.6,0.6,0.0,-0.000546348570388,1.0688532348134556,策略3 宏观状态,建信上海金ETF联接A
2023-08-10,1.094,0.6,0.6,0.0,-0.0017499088589135292,1.0669828390689773,策略3 宏观状态,建信上海金ETF联接A
2023-08-11,1.0979,0.6,0.6,0.0,0.002138939670932416,1.069265050991666,策略3 宏观状态,建信上海金ETF联接A
2023-08-14,1.0996,0.6,0.6,0.0,0.0009290463612349419,1.0702584477964856,策略3 宏观状态,建信上海金ETF联接A
2023-08-15,1.0996,0.6,0.6,0.0,0.0,1.0702584477964856,策略3 宏观状态,建信上海金ETF联接A
2023-08-16,1.1023,0.6,0.6,0.0,0.0014732630047291195,1.071835219973123,策略3 宏观状态,建信上海金ETF联接A
2023-08-17,1.1025,0.6,0.6,0.0,0.00010886328585684169,1.0719519034770661,策略3 宏观状态,建信上海金ETF联接A
2023-08-18,1.0995,0.6,0.6,0.0,-0.0016326530612245315,1.070201777920369,策略3 宏观状态,建信上海金ETF联接A
2023-08-21,1.1036,0.6,0.6,0.0,0.0022373806275580053,1.0725962266458662,策略3 宏观状态,建信上海金ETF联接A
2023-08-22,1.1028,0.6,0.6,0.0,-0.00043494019572305477,1.072129711433117,策略3 宏观状态,建信上海金ETF联接A
2023-08-23,1.1057,0.6,0.6,0.0,0.0015778019586506263,1.0738213197917437,策略3 宏观状态,建信上海金ETF联接A
2023-08-24,1.1091,0.6,0.6,0.0,0.0018449850773265995,1.0758025041024746,策略3 宏观状态,建信上海金ETF联接A
2023-08-25,1.1064,0.6,0.6,0.0,-0.0014606437652149751,1.0742311398822546,策略3 宏观状态,建信上海金ETF联接A
2023-08-28,1.1067,0.6,0.6,0.0,0.00016268980477223137,1.0744059063366824,策略3 宏观状态,建信上海金ETF联接A
2023-08-29,1.1102,0.6,0.6,0.0,0.0018975332068311257,1.0764446272215717,策略3 宏观状态,建信上海金ETF联接A
2023-08-30,1.1134,0.6,0.6,0.0,0.0017294181228607374,1.0783062500681446,策略3 宏观状态,建信上海金ETF联接A
2023-08-31,1.117,0.6,0.6,0.0,0.0019400035925993375,1.0803981680671992,策略3 宏观状态,建信上海金ETF联接A
2023-09-01,1.1158,0.6,0.6,0.0,-0.0006445837063563387,1.0797017610116861,策略3 宏观状态,建信上海金ETF联接A
2023-09-04,1.121,0.6,0.6,0.0,0.00279620003584875,1.082720823114533,策略3 宏观状态,建信上海金ETF联接A
2023-09-05,1.122,0.6,0.6,0.0,0.0005352363960750228,1.0833003347058523,策略3 宏观状态,建信上海金ETF联接A
2023-09-06,1.1198,0.6,0.6,0.0,-0.001176470588235423,1.0820258637238451,策略3 宏观状态,建信上海金ETF联接A
2023-09-07,1.1194,0.6,0.6,0.0,-0.00021432398642615703,1.0817939596273156,策略3 宏观状态,建信上海金ETF联接A
2023-09-08,1.1263,0.6,0.6,0.0,0.003698409862426377,1.0857948770767147,策略3 宏观状态,建信上海金ETF联接A
2023-09-11,1.1275,0.6,0.6,0.0,0.0006392612980555156,1.0864889837192566,策略3 宏观状态,建信上海金ETF联接A
2023-09-12,1.1291,0.6,0.6,0.0,0.000851441241685169,1.087414065248632,策略3 宏观状态,建信上海金ETF联接A
2023-09-13,1.1322,0.6,0.6,0.0,0.0016473297316447865,1.0892053947689249,策略3 宏观状态,建信上海金ETF联接A
2023-09-14,1.1425,0.6,0.6,0.0,0.005458399576046568,1.0951507130339593,策略3 宏观状态,建信上海金ETF联接A
2023-09-15,1.1343,0.6,0.6,0.0,-0.004306345733041561,1.090434615433848,策略3 宏观状态,建信上海金ETF联接A
2023-09-18,1.1274,0.6,0.6,0.0,-0.003649828087807516,1.08645471654652,策略3 宏观状态,建信上海金ETF联接A
2023-09-19,1.1341,0.6,0.6,0.0,0.0035657264502396034,1.0903287168662976,策略3 宏观状态,建信上海金ETF联接A
2023-09-20,1.1408,0.6,0.6,0.0,0.0035446609646415882,1.0941935625076014,策略3 宏观状态,建信上海金ETF联接A
2023-09-21,1.1387,0.6,0.6,0.0,-0.0011044880785413547,1.092985038762195,策略3 宏观状态,建信上海金ETF联接A
2023-09-22,1.1358,0.6,0.6,0.0,-0.0015280583121103585,1.0913148938887023,策略3 宏观状态,建信上海金ETF联接A
2023-09-25,1.1413,0.6,0.6,0.0,0.0029054410987850777,1.0944856450331226,策略3 宏观状态,建信上海金ETF联接A
2023-09-26,1.1415,0.6,0.6,0.0,0.0001051432576885336,1.0946007228193346,策略3 宏观状态,建信上海金ETF联接A
2023-09-27,1.1239,0.6,0.6,0.0,-0.009250985545335122,1.0844745873546195,策略3 宏观状态,建信上海金ETF联接A
2023-09-28,1.0867,0.6,0.6,0.0,-0.01985941809769547,1.0629375531080183,策略3 宏观状态,建信上海金ETF联接A
2023-10-09,1.095,0.6,0.6,0.0,0.004582681512837005,1.0678086573819465,策略3 宏观状态,建信上海金ETF联接A
2023-10-10,1.0821,0.6,0.6,0.0,-0.0070684931506848955,1.060260859201,策略3 宏观状态,建信上海金ETF联接A
2023-10-11,1.0865,0.6,0.6,0.0,0.0024397005822013097,1.062847578236478,策略3 宏观状态,建信上海金ETF联接A
2023-10-12,1.0925,0.6,0.6,0.0,0.003313391624482298,1.066369208500308,策略3 宏观状态,建信上海金ETF联接A
2023-10-13,1.0963,0.6,0.6,0.0,0.0020869565217390917,1.0685946746745696,策略3 宏观状态,建信上海金ETF联接A
2023-10-16,1.1134,0.6,0.6,0.0,0.009358752166377738,1.07859538740116,策略3 宏观状态,建信上海金ETF联接A
2023-10-17,1.1158,0.6,0.6,0.0,0.001293335728399425,1.079990373352173,策略3 宏观状态,建信上海金ETF联接A
2023-10-18,1.1234,0.6,0.6,0.0,0.004086753898548112,1.0844040282208642,策略3 宏观状态,建信上海金ETF联接A
2023-10-19,1.1307,0.6,0.6,0.0,0.0038988784048425537,1.088631987668619,策略3 宏观状态,建信上海金ETF联接A
2023-10-20,1.1427,0.6,0.6,0.0,0.00636773680021232,1.0955641096383848,策略3 宏观状态,建信上海金ETF联接A
2023-10-23,1.1406,0.6,0.6,0.0,-0.0011026516145969721,1.0943560841039974,策略3 宏观状态,建信上海金ETF联接A
2023-10-24,1.1386,0.6,0.6,0.0,-0.001052077853761202,1.093204736303783,策略3 宏观状态,建信上海金ETF联接A
2023-10-25,1.1371,0.6,0.6,0.0,-0.0007904444054101844,1.0923406187360036,策略3 宏观状态,建信上海金ETF联接A
2023-10-26,1.1432,0.6,0.6,0.0,0.0032187142731510575,1.0958565510766718,策略3 宏观状态,建信上海金ETF联接A
2023-10-27,1.1438,0.6,0.6,0.0,0.0003149055283414359,1.0962016423628749,策略3 宏观状态,建信上海金ETF联接A
2023-10-30,1.1496,0.6,0.6,0.0,0.0030424899457946798,1.0995368248383275,策略3 宏观状态,建信上海金ETF联接A
2023-10-31,1.1504,0.6,0.6,0.0,0.00041753653444680515,1.099995921633667,策略3 宏观状态,建信上海金ETF联接A
2023-11-01,1.1455,0.0,0.0,0.0,-0.0025556328233658607,1.0971847359507714,策略3 宏观状态,建信上海金ETF联接A
2023-11-02,1.1471,0.0,0.0,0.0,0.0,1.0971847359507714,策略3 宏观状态,建信上海金ETF联接A
2023-11-03,1.1471,0.0,0.0,0.0,0.0,1.0971847359507714,策略3 宏观状态,建信上海金ETF联接A
2023-11-06,1.1426,0.0,0.0,0.0,-0.0,1.0971847359507714,策略3 宏观状态,建信上海金ETF联接A
2023-11-07,1.1377,0.0,0.0,0.0,-0.0,1.0971847359507714,策略3 宏观状态,建信上海金ETF联接A
2023-11-08,1.1326,0.0,0.0,0.0,-0.0,1.0971847359507714,策略3 宏观状态,建信上海金ETF联接A
2023-11-09,1.1263,0.0,0.0,0.0,-0.0,1.0971847359507714,策略3 宏观状态,建信上海金ETF联接A
2023-11-10,1.1322,0.0,0.0,0.0,0.0,1.0971847359507714,策略3 宏观状态,建信上海金ETF联接A
2023-11-13,1.1283,0.0,0.0,0.0,-0.0,1.0971847359507714,策略3 宏观状态,建信上海金ETF联接A
2023-11-14,1.1323,0.0,0.0,0.0,0.0,1.0971847359507714,策略3 宏观状态,建信上海金ETF联接A
2023-11-15,1.1362,0.0,0.0,0.0,0.0,1.0971847359507714,策略3 宏观状态,建信上海金ETF联接A
2023-11-16,1.1331,0.0,0.0,0.0,-0.0,1.0971847359507714,策略3 宏观状态,建信上海金ETF联接A
2023-11-17,1.1357,0.0,0.0,0.0,0.0,1.0971847359507714,策略3 宏观状态,建信上海金ETF联接A
2023-11-20,1.1256,0.0,0.0,0.0,-0.0,1.0971847359507714,策略3 宏观状态,建信上海金ETF联接A
2023-11-21,1.1226,0.0,0.0,0.0,-0.0,1.0971847359507714,策略3 宏观状态,建信上海金ETF联接A
2023-11-22,1.1192,0.0,0.0,0.0,-0.0,1.0971847359507714,策略3 宏观状态,建信上海金ETF联接A
2023-11-23,1.1179,0.0,0.0,0.0,-0.0,1.0971847359507714,策略3 宏观状态,建信上海金ETF联接A
2023-11-24,1.1188,0.0,0.0,0.0,0.0,1.0971847359507714,策略3 宏观状态,建信上海金ETF联接A
2023-11-27,1.1289,0.0,0.0,0.0,0.0,1.0971847359507714,策略3 宏观状态,建信上海金ETF联接A
2023-11-28,1.1348,0.0,0.0,0.0,0.0,1.0971847359507714,策略3 宏观状态,建信上海金ETF联接A
2023-11-29,1.1411,0.0,0.0,0.0,0.0,1.0971847359507714,策略3 宏观状态,建信上海金ETF联接A
2023-11-30,1.1415,0.0,0.0,0.0,0.0,1.0971847359507714,策略3 宏观状态,建信上海金ETF联接A
2023-12-01,1.1418,0.6,0.6,0.008866995073891548,-0.008866995073891548,1.087456004301947,策略3 宏观状态,建信上海金ETF联接A
2023-12-04,1.1563,0.6,0.6,0.0,0.007619548081975891,1.095741927613759,策略3 宏观状态,建信上海金ETF联接A
2023-12-05,1.139,0.6,0.6,0.0,-0.00897690910663329,1.0859055519252432,策略3 宏观状态,建信上海金ETF联接A
2023-12-06,1.137,0.6,0.6,0.0,-0.0010535557506584636,1.0847614898863405,策略3 宏观状态,建信上海金ETF联接A
2023-12-07,1.1387,0.6,0.6,0.0,0.0008970976253298346,1.0857346268429666,策略3 宏观状态,建信上海金ETF联接A
2023-12-08,1.1402,0.6,0.6,0.0,0.000790374989022613,1.086592764336739,策略3 宏观状态,建信上海金ETF联接A
2023-12-11,1.1329,0.6,0.6,0.0,-0.0038414313278372966,1.0824186928512145,策略3 宏观状态,建信上海金ETF联接A
2023-12-12,1.1275,0.6,0.6,0.0,-0.0028599170270986016,1.0793230652010797,策略3 宏观状态,建信上海金ETF联接A
2023-12-13,1.1275,0.6,0.6,0.0,0.0,1.0793230652010797,策略3 宏观状态,建信上海金ETF联接A
2023-12-14,1.1418,0.6,0.6,0.0,0.007609756097560982,1.0875364504777316,策略3 宏观状态,建信上海金ETF联接A
2023-12-15,1.1412,0.6,0.6,0.0,-0.00031529164477139826,1.0871935593215116,策略3 宏观状态,建信上海金ETF联接A
2023-12-18,1.1398,0.6,0.6,0.0,-0.000736067297581533,1.0863933116963538,策略3 宏观状态,建信上海金ETF联接A
2023-12-19,1.1409,0.6,0.6,0.0,0.0005790489559572175,1.0870223866092503,策略3 宏观状态,建信上海金ETF联接A
2023-12-20,1.1457,0.6,0.6,0.0,0.00252432290297131,1.0897663821158106,策略3 宏观状态,建信上海金ETF联接A
2023-12-21,1.1446,0.6,0.6,0.0,-0.0005760670332547235,1.0891386036291244,策略3 宏观状态,建信上海金ETF联接A
2023-12-22,1.1509,0.6,0.6,0.0,0.0033024637427922165,1.092735444378485,策略3 宏观状态,建信上海金ETF联接A
2023-12-25,1.1514,0.6,0.6,0.0,0.0002606655660787549,1.0930202828816682,策略3 宏观状态,建信上海金ETF联接A
2023-12-26,1.1561,0.6,0.6,0.0,0.0024491922876497263,1.0956972997287469,策略3 宏观状态,建信上海金ETF联接A
2023-12-27,1.1576,0.6,0.6,0.0,0.0007784793702966919,1.0965502774726756,策略3 宏观状态,建信上海金ETF联接A
2023-12-28,1.1592,0.6,0.6,0.0,0.0008293020041465925,1.0974596488154311,策略3 宏观状态,建信上海金ETF联接A
2023-12-29,1.1551,0.6,0.6,0.0,-0.0021221532091097116,1.0951306712998292,策略3 宏观状态,建信上海金ETF联接A
2023-12-31,1.155,0.6,0.6,0.0,-5.194355467059708e-05,1.095073786319933,策略3 宏观状态,建信上海金ETF联接A
2024-01-02,1.1583,0.6,0.6,0.0,0.0017142857142857348,1.09695105566791,策略3 宏观状态,建信上海金ETF联接A
2024-01-03,1.1585,0.6,0.6,0.0,0.00010360010360015437,1.0970646999109215,策略3 宏观状态,建信上海金ETF联接A
2024-01-04,1.1549,0.6,0.6,0.0,-0.0018644799309452064,1.0950192447949891,策略3 宏观状态,建信上海金ETF联接A
2024-01-05,1.156,0.6,0.6,0.0,0.000571478050047558,1.095645024257769,策略3 宏观状态,建信上海金ETF联接A
2024-01-08,1.1573,0.6,0.6,0.0,0.000674740484429126,1.0963843003121991,策略3 宏观状态,建信上海金ETF联接A
2024-01-09,1.1519,0.6,0.6,0.0,-0.002799619804717901,1.0933148411114633,策略3 宏观状态,建信上海金ETF联接A
2024-01-10,1.1504,0.6,0.6,0.0,-0.0007813178227275896,1.0924606147402502,策略3 宏观状态,建信上海金ETF联接A
2024-01-11,1.1507,0.6,0.6,0.0,0.0001564673157162133,1.0926315491201644,策略3 宏观状态,建信上海金ETF联接A
2024-01-12,1.1527,0.6,0.6,0.0,0.0010428434865734193,1.0937709928143888,策略3 宏观状态,建信上海金ETF联接A
2024-01-15,1.159,0.6,0.6,0.0,0.0032792573956797353,1.0973577494317555,策略3 宏观状态,建信上海金ETF联接A
2024-01-16,1.1603,0.6,0.6,0.0,0.0006729939603105972,1.0980962645694228,策略3 宏观状态,建信上海金ETF联接A
2024-01-17,1.1528,0.6,0.6,0.0,-0.0038783073343100936,1.0938375097727648,策略3 宏观状态,建信上海金ETF联接A
2024-01-18,1.1486,0.6,0.6,0.0,-0.0021859819569743253,1.09144640071254,策略3 宏观状态,建信上海金ETF联接A
2024-01-19,1.1529,0.6,0.6,0.0,0.002246212780776524,1.093898021567353,策略3 宏观状态,建信上海金ETF联接A
2024-01-22,1.1502,0.6,0.6,0.0,-0.001405152224824424,1.0923609283286166,策略3 宏观状态,建信上海金ETF联接A
2024-01-23,1.15,0.6,0.6,0.0,-0.00010432968179447943,1.0922469626605593,策略3 宏观状态,建信上海金ETF联接A
2024-01-24,1.15,0.6,0.6,0.0,0.0,1.0922469626605593,策略3 宏观状态,建信上海金ETF联接A
2024-01-25,1.1444,0.6,0.6,0.0,-0.0029217391304346752,1.0890557019696556,策略3 宏观状态,建信上海金ETF联接A
2024-01-26,1.1494,0.6,0.6,0.0,0.002621461027612604,1.0919106190492682,策略3 宏观状态,建信上海金ETF联接A
2024-01-29,1.1521,0.6,0.6,0.0,0.0014094310074821426,1.0934495917331555,策略3 宏观状态,建信上海金ETF联接A
2024-01-30,1.1547,0.6,0.6,0.0,0.0013540491276800015,1.0949301761990038,策略3 宏观状态,建信上海金ETF联接A
2024-01-31,1.1554,0.6,0.6,0.0,0.0003637308391790217,1.0953284360708353,策略3 宏观状态,建信上海金ETF联接A
2024-02-01,1.157,0.6,0.6,0.0,0.0008308810801454847,1.0962385237449117,策略3 宏观状态,建信上海金ETF联接A
2024-02-02,1.1609,0.6,0.6,0.0,0.002022471910112378,1.0984556353659687,策略3 宏观状态,建信上海金ETF联接A
2024-02-05,1.1543,0.6,0.6,0.0,-0.003411146524248365,1.094708642243349,策略3 宏观状态,建信上海金ETF联接A
2024-02-06,1.1514,0.6,0.6,0.0,-0.0015074070865460198,1.093058470678328,策略3 宏观状态,建信上海金ETF联接A
2024-02-07,1.1542,0.6,0.6,0.0,0.001459093277748824,1.094653344945081,策略3 宏观状态,建信上海金ETF联接A
2024-02-08,1.157,0.6,0.6,0.0,0.001455553630220141,1.0962466715951484,策略3 宏观状态,建信上海金ETF联接A
2024-02-19,1.152,0.6,0.6,0.0,-0.002592912705272288,1.0934041996722568,策略3 宏观状态,建信上海金ETF联接A
2024-02-20,1.1517,0.6,0.6,0.0,-0.0001562499999999911,1.093233355266058,策略3 宏观状态,建信上海金ETF联接A
2024-02-21,1.1515,0.6,0.6,0.0,-0.00010419380046888804,1.0931194471279735,策略3 宏观状态,建信上海金ETF联接A
2024-02-22,1.1509,0.6,0.6,0.0,-0.0003126356925748919,1.0927776989725535,策略3 宏观状态,建信上海金ETF联接A
2024-02-23,1.148,0.6,0.6,0.0,-0.0015118602832566719,1.0911255717710484,策略3 宏观状态,建信上海金ETF联接A
2024-02-26,1.1538,0.6,0.6,0.0,0.003031358885017443,1.0944331649677064,策略3 宏观状态,建信上海金ETF联接A
2024-02-27,1.1531,0.6,0.6,0.0,-0.000364014560582393,1.0940347753600737,策略3 宏观状态,建信上海金ETF联接A
2024-02-28,1.1528,0.6,0.6,0.0,-0.00015610094527795937,1.093863995497473,策略3 宏观状态,建信上海金ETF联接A
2024-02-29,1.1541,0.6,0.6,0.0,0.0006766134628729325,1.0946041186033784,策略3 宏观状态,建信上海金ETF联接A
2024-03-01,1.1587,0.6,0.6,0.0,0.002391473875747385,1.0972218357573038,策略3 宏观状态,建信上海金ETF联接A
2024-03-04,1.1731,0.6,0.6,0.0,0.007456632432898935,1.1054034156838966,策略3 宏观状态,建信上海金ETF联接A
2024-03-05,1.1898,0.6,0.6,0.0,0.008541471315318372,1.1148451872508156,策略3 宏观状态,建信上海金ETF联接A
2024-03-06,1.1972,0.6,0.6,0.0,0.0037317196167423903,1.1190054769057103,策略3 宏观状态,建信上海金ETF联接A
2024-03-07,1.2104,0.6,0.6,0.0,0.006615436017373843,1.126408186041271,策略3 宏观状态,建信上海金ETF联接A
2024-03-08,1.2108,0.6,0.6,0.0,0.00019828155981502782,1.1266315320133875,策略3 宏观状态,建信上海金ETF联接A
2024-03-11,1.2165,0.6,0.6,0.0,0.002824578790882004,1.1298137915438513,策略3 宏观状态,建信上海金ETF联接A
2024-03-12,1.212,0.6,0.6,0.0,-0.0022194821208384673,1.1273061900336432,策略3 宏观状态,建信上海金ETF联接A
2024-03-13,1.2096,0.6,0.6,0.0,-0.0011881188118811892,1.125966816342514,策略3 宏观状态,建信上海金ETF联接A
2024-03-14,1.2117,0.6,0.6,0.0,0.0010416666666666961,1.1271396984428705,策略3 宏观状态,建信上海金ETF联接A
2024-03-15,1.2144,0.6,0.6,0.0,0.0013369645951967434,1.1286466443135297,策略3 宏观状态,建信上海金ETF联接A
2024-03-18,1.2062,0.6,0.6,0.0,-0.004051383399209474,1.1240740640351843,策略3 宏观状态,建信上海金ETF联接A
2024-03-19,1.2081,0.6,0.6,0.0,0.0009451168960371791,1.1251364454255013,策略3 宏观状态,建信上海金ETF联接A
2024-03-20,1.2095,0.6,0.6,0.0,0.00069530667991069,1.1259187603118164,策略3 宏观状态,建信上海金ETF联接A
2024-03-21,1.2315,0.6,0.6,0.0,0.010913600661430411,1.1382065880390722,策略3 宏观状态,建信上海金ETF联接A
2024-03-22,1.2253,0.6,0.6,0.0,-0.0030207064555419993,1.1347684000508422,策略3 宏观状态,建信上海金ETF联接A
2024-03-25,1.2265,0.6,0.6,0.0,0.0005876111972577203,1.1354352026690064,策略3 宏观状态,建信上海金ETF联接A
2024-03-26,1.2286,0.6,0.6,0.0,0.0010273134936812144,1.1366016505739087,策略3 宏观状态,建信上海金ETF联接A
2024-03-27,1.2346,0.6,0.6,0.0,0.002930164414781,1.1399320802842017,策略3 宏观状态,建信上海金ETF联接A
2024-03-28,1.242,0.6,0.6,0.0,0.0035963064960311984,1.1440316254295622,策略3 宏观状态,建信上海金ETF联接A
2024-03-29,1.267,0.6,0.6,0.0,0.012077294685990258,1.1578484324999674,策略3 宏观状态,建信上海金ETF联接A
2024-04-01,1.2746,0.6,0.6,0.0,0.0035990528808209185,1.1620155902365104,策略3 宏观状态,建信上海金ETF联接A
2024-04-02,1.2754,0.6,0.6,0.0,0.00037658873372050646,1.1624531922162011,策略3 宏观状态,建信上海金ETF联接A
2024-04-03,1.2908,0.6,0.6,0.0,0.007244785949505905,1.1708749167701273,策略3 宏观状态,建信上海金ETF联接A
2024-04-08,1.3222,0.6,0.6,0.0,0.014595599628137633,1.1879645382699333,策略3 宏观状态,建信上海金ETF联接A
2024-04-09,1.3263,0.6,0.6,0.0,0.001860535471184388,1.1901747884318938,策略3 宏观状态,建信上海金ETF联接A
2024-04-10,1.3309,0.6,0.6,0.0,0.0020809771544898934,1.1926515149764703,策略3 宏观状态,建信上海金ETF联接A
2024-04-11,1.3229,0.6,0.6,0.0,-0.0036065820121722325,1.1883501194757662,策略3 宏观状态,建信上海金ETF联接A
2024-04-12,1.3539,0.6,0.6,0.0,0.014060019653790912,1.2050583455111803,策略3 宏观状态,建信上海金ETF联接A
2024-04-15,1.3388,0.6,0.6,0.0,-0.006691779304232281,1.1969943610142963,策略3 宏观状态,建信上海金ETF联接A
2024-04-16,1.3469,0.6,0.6,0.0,0.003630116522258708,1.201339590021265,策略3 宏观状态,建信上海金ETF联接A
2024-04-17,1.3491,0.6,0.6,0.0,0.0009800282129333482,1.2025169367127995,策略3 宏观状态,建信上海金ETF联接A
2024-04-18,1.344,0.6,0.6,0.0,-0.002268178785857189,1.1997894133073137,策略3 宏观状态,建信上海金ETF联接A
2024-04-19,1.3496,0.6,0.6,0.0,0.002499999999999858,1.202788886840582,策略3 宏观状态,建信上海金ETF联接A
2024-04-22,1.3277,0.6,0.6,0.0,-0.009736218138707663,1.1910782718634887,策略3 宏观状态,建信上海金ETF联接A
2024-04-23,1.2978,0.6,0.6,0.0,-0.013512088574226144,1.1749843167552332,策略3 宏观状态,建信上海金ETF联接A
2024-04-24,1.3115,0.6,0.6,0.0,0.00633379565418406,1.182426427314432,策略3 宏观状态,建信上海金ETF联接A
2024-04-25,1.3105,0.6,0.6,0.0,-0.00045749142203586055,1.181885477366747,策略3 宏观状态,建信上海金ETF联接A
2024-04-26,1.3195,0.6,0.6,0.0,0.0041205646699732585,1.186755512908739,策略3 宏观状态,建信上海金ETF联接A
2024-04-29,1.3128,0.6,0.6,0.0,-0.003046608563849884,1.1831399333999153,策略3 宏观状态,建信上海金ETF联接A
2024-04-30,1.3091,0.6,0.6,0.0,-0.0016910420475320098,1.1811391940244218,策略3 宏观状态,建信上海金ETF联接A
2024-05-06,1.3016,0.6,0.6,0.0,-0.0034374761286379172,1.1770790562403644,策略3 宏观状态,建信上海金ETF联接A
2024-05-07,1.3049,0.6,0.6,0.0,0.001521204671173848,1.1788696343990581,策略3 宏观状态,建信上海金ETF联接A
2024-05-08,1.3029,0.6,0.6,0.0,-0.0009196106981378182,1.1777855332715548,策略3 宏观状态,建信上海金ETF联接A
2024-05-09,1.3008,0.6,0.6,0.0,-0.0009670734515311973,1.1766465281507303,策略3 宏观状态,建信上海金ETF联接A
2024-05-10,1.3296,0.6,0.6,0.0,0.013284132841328367,1.1922772569379725,策略3 宏观状态,建信上海金ETF联接A
2024-05-13,1.3237,0.6,0.6,0.0,-0.002662454873646136,1.1891028725445008,策略3 宏观状态,建信上海金ETF联接A
2024-05-14,1.32,0.6,0.6,0.0,-0.0016771171715645793,1.1871086076981996,策略3 宏观状态,建信上海金ETF联接A
2024-05-15,1.3282,0.6,0.6,0.0,0.0037272727272726677,1.1915332852359837,策略3 宏观状态,建信上海金ETF联接A
2024-05-16,1.3403,0.6,0.6,0.0,0.00546604427044115,1.1980462589227874,策略3 宏观状态,建信上海金ETF联接A
2024-05-17,1.3412,0.6,0.6,0.0,0.000402894874281845,1.19852894561966,策略3 宏观状态,建信上海金ETF联接A
2024-05-20,1.3728,0.6,0.6,0.0,0.014136594094840537,1.2154720628348024,策略3 宏观状态,建信上海金ETF联接A
2024-05-21,1.3584,0.6,0.6,0.0,-0.006293706293706247,1.2078222386631148,策略3 宏观状态,建信上海金ETF联接A
2024-05-22,1.3597,0.6,0.6,0.0,0.0005742049469963373,1.2085157761676475,策略3 宏观状态,建信上海金ETF联接A
2024-05-23,1.3304,0.6,0.6,0.0,-0.01292932264470099,1.1928904857763647,策略3 宏观状态,建信上海金ETF联接A
2024-05-24,1.3167,0.6,0.6,0.0,-0.00617859290438969,1.1855201010852328,策略3 宏观状态,建信上海金ETF联接A
2024-05-27,1.3211,0.6,0.6,0.0,0.0020050125313283208,1.1878970837440501,策略3 宏观状态,建信上海金ETF联接A
2024-05-28,1.322,0.6,0.6,0.0,0.0004087502838543866,1.1883826370142203,策略3 宏观状态,建信上海金ETF联接A
2024-05-29,1.3291,0.6,0.6,0.0,0.003222390317700352,1.192212069717458,策略3 宏观状态,建信上海金ETF联接A
2024-05-30,1.319,0.6,0.6,0.0,-0.004559476337371171,1.186776206996453,策略3 宏观状态,建信上海金ETF联接A
2024-05-31,1.323,0.6,0.6,0.0,0.0018195602729341063,1.188935617835567,策略3 宏观状态,建信上海金ETF联接A
2024-06-03,1.3134,0.6,0.6,0.0,-0.004353741496598662,1.1837592994994122,策略3 宏观状态,建信上海金ETF联接A
2024-06-04,1.3232,0.6,0.6,0.0,0.004476930105070842,1.1890589071444986,策略3 宏观状态,建信上海金ETF联接A
2024-06-05,1.3168,0.6,0.6,0.0,-0.0029020556227327796,1.1856081920572594,策略3 宏观状态,建信上海金ETF联接A
2024-06-06,1.3356,0.6,0.6,0.0,0.008566221142162744,1.1957643740183816,策略3 宏观状态,建信上海金ETF联接A
2024-06-07,1.3372,0.6,0.6,0.0,0.0007187780772686558,1.1966238632360047,策略3 宏观状态,建信上海金ETF联接A
2024-06-11,1.2976,0.6,0.6,0.0,-0.017768471432844657,1.1753616863062355,策略3 宏观状态,建信上海金ETF联接A
2024-06-12,1.3046,0.6,0.6,0.0,0.003236744759556043,1.17916603208497,策略3 宏观状态,建信上海金ETF联接A
2024-06-13,1.3048,0.6,0.6,0.0,9.19822167714468e-05,1.1792744943905429,策略3 宏观状态,建信上海金ETF联接A
2024-06-14,1.3054,0.6,0.6,0.0,0.00027590435315749673,1.179599861357113,策略3 宏观状态,建信上海金ETF联接A
2024-06-17,1.3076,0.6,0.6,0.0,0.0010111843113222996,1.1807926542305551,策略3 宏观状态,建信上海金ETF联接A
2024-06-18,1.3087,0.6,0.6,0.0,0.0005047415111653741,1.1813886492992245,策略3 宏观状态,建信上海金ETF联接A
2024-06-19,1.3129,0.6,0.6,0.0,0.001925574998089763,1.183663501745342,策略3 宏观状态,建信上海金ETF联接A
2024-06-20,1.323,0.6,0.6,0.0,0.004615736156599937,1.1891269801675959,策略3 宏观状态,建信上海金ETF联接A
2024-06-21,1.3302,0.6,0.6,0.0,0.003265306122449063,1.1930098437763064,策略3 宏观状态,建信上海金ETF联接A
2024-06-24,1.3109,0.6,0.6,0.0,-0.008705457825890871,1.182624146895439,策略3 宏观状态,建信上海金ETF联接A
2024-06-25,1.3124,0.6,0.6,0.0,0.0006865512243497295,1.1834360789514355,策略3 宏观状态,建信上海金ETF联接A
2024-06-26,1.3048,0.6,0.6,0.0,-0.003474550441938473,1.179324170600309,策略3 宏观状态,建信上海金ETF联接A
2024-06-27,1.2972,0.6,0.6,0.0,-0.003494788473329269,1.1752026820825765,策略3 宏观状态,建信上海金ETF联接A
2024-06-28,1.3119,0.6,0.6,0.0,0.006799259944495972,1.1831931906055246,策略3 宏观状态,建信上海金ETF联接A
2024-06-30,1.3119,0.6,0.6,0.0,0.0,1.1831931906055246,策略3 宏观状态,建信上海金ETF联接A
2024-07-01,1.3121,0.6,0.6,0.0,9.147038646237781e-05,1.1833014177439287,策略3 宏观状态,建信上海金ETF联接A
2024-07-02,1.3143,0.6,0.6,0.0,0.0010060208825546813,1.1844918436805356,策略3 宏观状态,建信上海金ETF联接A
2024-07-03,1.3212,0.6,0.6,0.0,0.0031499657612416242,1.1882229524325996,策略3 宏观状态,建信上海金ETF联接A
2024-07-04,1.3285,0.6,0.6,0.0,0.00331516802906453,1.1921621111759049,策略3 宏观状态,建信上海金ETF联接A
2024-07-05,1.3317,0.6,0.6,0.0,0.0014452389913436558,1.193885070342979,策略3 宏观状态,建信上海金ETF联接A
2024-07-08,1.336,0.6,0.6,0.0,0.0019373732822707268,1.1961980713803633,策略3 宏观状态,建信上海金ETF联接A
2024-07-09,1.3295,0.6,0.6,0.0,-0.0029191616766468084,1.1927061758127109,策略3 宏观状态,建信上海金ETF联接A
2024-07-10,1.3353,0.6,0.6,0.0,0.0026175253854832103,1.1958281145053233,策略3 宏观状态,建信上海金ETF联接A
2024-07-11,1.3403,0.6,0.6,0.0,0.0022466861379465187,1.1985147649535492,策略3 宏观状态,建信上海金ETF联接A
2024-07-12,1.3476,0.6,0.6,0.0,0.0032679250913974387,1.2024314214263512,策略3 宏观状态,建信上海金ETF联接A
2024-07-15,1.3473,0.6,0.6,0.0,-0.00013357079251998804,1.2022708117084404,策略3 宏观状态,建信上海金ETF联接A
2024-07-16,1.3605,0.6,0.6,0.0,0.00587842351369412,1.2093382687178156,策略3 宏观状态,建信上海金ETF联接A
2024-07-17,1.3778,0.6,0.6,0.0,0.007629547960308613,1.2185649730392347,策略3 宏观状态,建信上海金ETF联接A
2024-07-18,1.377,0.6,0.6,0.0,-0.000348381477718096,1.2181404475732318,策略3 宏观状态,建信上海金ETF联接A
2024-07-19,1.3435,0.6,0.6,0.0,-0.014596949891067567,1.200359312499723,策略3 宏观状态,建信上海金ETF联接A
2024-07-22,1.343,0.6,0.6,0.0,-0.00022329735764790024,1.2000912754370137,策略3 宏观状态,建信上海金ETF联接A
2024-07-23,1.3364,0.6,0.6,0.0,-0.002948622486969432,1.1965526593158442,策略3 宏观状态,建信上海金ETF联接A
2024-07-24,1.351,0.6,0.6,0.0,0.00655492367554622,1.2043959706714313,策略3 宏观状态,建信上海金ETF联接A
2024-07-25,1.3199,0.6,0.6,0.0,-0.013811991117690535,1.1877608642223354,策略3 宏观状态,建信上海金ETF联接A
2024-07-26,1.3238,0.6,0.6,0.0,0.0017728615804227575,1.1898665998252447,策略3 宏观状态,建信上海金ETF联接A
2024-07-29,1.3332,0.6,0.6,0.0,0.004260462305484092,1.1949359816223546,策略3 宏观状态,建信上海金ETF联接A
2024-07-30,1.3336,0.6,0.6,0.0,0.00018001800180016402,1.1951510916100454,策略3 宏观状态,建信上海金ETF联接A
2024-07-31,1.3456,0.6,0.6,0.0,0.005398920215956826,1.2016036169996616,策略3 宏观状态,建信上海金ETF联接A
2024-08-01,1.3562,0.6,0.6,0.0,0.004726516052318796,1.207283015783935,策略3 宏观状态,建信上海金ETF联接A
2024-08-02,1.3621,0.6,0.6,0.0,0.0026102344786905094,1.2104343075372717,策略3 宏观状态,建信上海金ETF联接A
2024-08-05,1.3319,0.6,0.6,0.0,-0.013302988033184082,1.194331914429148,策略3 宏观状态,建信上海金ETF联接A
2024-08-06,1.3197,0.6,0.6,0.0,-0.00549590810120879,1.1877679759851045,策略3 宏观状态,建信上海金ETF联接A
2024-08-07,1.3234,0.6,0.6,0.0,0.0016822005001135398,1.1897660398683256,策略3 宏观状态,建信上海金ETF联接A
2024-08-08,1.3236,0.6,0.6,0.0,9.067553271888683e-05,1.1898739225378014,策略3 宏观状态,建信上海金ETF联接A
2024-08-09,1.3347,0.6,0.6,0.0,0.005031731640979053,1.195861048802611,策略3 宏观状态,建信上海金ETF联接A
2024-08-12,1.3442,0.6,0.6,0.0,0.0042706226118228935,1.2009681200382258,策略3 宏观状态,建信上海金ETF联接A
2024-08-13,1.355,0.6,0.6,0.0,0.004820711203689943,1.2067576405097684,策略3 宏观状态,建信上海金ETF联接A
2024-08-14,1.3514,0.6,0.6,0.0,-0.001594095940959428,1.20483395305331,策略3 宏观状态,建信上海金ETF联接A
2024-08-15,1.3491,0.6,0.6,0.0,-0.001021163238123446,1.2036036209124092,策略3 宏观状态,建信上海金ETF联接A
2024-08-16,1.3509,0.6,0.6,0.0,0.0008005336891261372,1.204567146159304,策略3 宏观状态,建信上海金ETF联接A
2024-08-19,1.3644,0.6,0.6,0.0,0.0059960026648901545,1.2117897339777142,策略3 宏观状态,建信上海金ETF联接A
2024-08-20,1.3657,0.6,0.6,0.0,0.0005716798592787509,1.2124824897623099,策略3 宏观状态,建信上海金ETF联接A
2024-08-21,1.3705,0.6,0.6,0.0,0.002108808669546747,1.2150393833483941,策略3 宏观状态,建信上海金ETF联接A
2024-08-22,1.3666,0.6,0.6,0.0,-0.0017074060561838688,1.2129648177467631,策略3 宏观状态,建信上海金ETF联接A
2024-08-23,1.3623,0.6,0.6,0.0,-0.0018878969705839132,1.2106748651419144,策略3 宏观状态,建信上海金ETF联接A
2024-08-26,1.3696,0.6,0.6,0.0,0.003215150847830772,1.214567367461023,策略3 宏观状态,建信上海金ETF联接A
2024-08-27,1.3701,0.6,0.6,0.0,0.00021904205607485848,1.214833408794433,策略3 宏观状态,建信上海金ETF联接A
2024-08-28,1.3684,0.6,0.6,0.0,-0.0007444712064813119,1.2139290003009138,策略3 宏观状态,建信上海金ETF联接A
2024-08-29,1.3692,0.6,0.6,0.0,0.00035077462730193076,1.2143548157935653,策略3 宏观状态,建信上海金ETF联接A
2024-08-30,1.3678,0.6,0.6,0.0,-0.0006134969325153561,1.2136098128390909,策略3 宏观状态,建信上海金ETF联接A
2024-09-02,1.359,0.6,0.6,0.0,-0.0038602134815031164,1.2089250198782848,策略3 宏观状态,建信上海金ETF联接A
2024-09-03,1.3613,0.6,0.6,0.0,0.0010154525386313561,1.2101526258587352,策略3 宏观状态,建信上海金ETF联接A
2024-09-04,1.3532,0.6,0.6,0.0,-0.0035701168001175173,1.2058322396384507,策略3 宏观状态,建信上海金ETF联接A
2024-09-05,1.3608,0.6,0.6,0.0,0.003369790127106098,1.2098956412145305,策略3 宏观状态,建信上海金ETF联接A
2024-09-06,1.3649,0.6,0.6,0.0,0.0018077601410935173,1.2120828423296008,策略3 宏观状态,建信上海金ETF联接A
2024-09-09,1.3559,0.6,0.6,0.0,-0.003956333797347766,1.2072874380153071,策略3 宏观状态,建信上海金ETF联接A
2024-09-10,1.3644,0.6,0.6,0.0,0.0037613393318090436,1.211828455740713,策略3 宏观状态,建信上海金ETF联接A
2024-09-11,1.3708,0.6,0.6,0.0,0.0028144239226033374,1.215239054736641,策略3 宏观状态,建信上海金ETF联接A
2024-09-12,1.3691,0.6,0.6,0.0,-0.0007440910417275014,1.2143348062424542,策略3 宏观状态,建信上海金ETF联接A
2024-09-13,1.389,0.6,0.6,0.0,0.008721057629099471,1.2249250900687159,策略3 宏观状态,建信上海金ETF联接A
2024-09-18,1.3881,0.6,0.6,0.0,-0.00038876889848815654,1.2244488772907194,策略3 宏观状态,建信上海金ETF联接A
2024-09-19,1.3861,0.6,0.6,0.0,-0.0008644910309054676,1.2233903522184992,策略3 宏观状态,建信上海金ETF联接A
2024-09-20,1.3981,0.6,0.6,0.0,0.005194430416275741,1.229745168275041,策略3 宏观状态,建信上海金ETF联接A
2024-09-23,1.4105,0.6,0.6,0.0,0.00532150776053224,1.2362892667314938,策略3 宏观状态,建信上海金ETF联接A
2024-09-24,1.4097,0.6,0.6,0.0,-0.00034030485643392615,1.235868551490068,策略3 宏观状态,建信上海金ETF联接A
2024-09-25,1.4186,0.6,0.6,0.0,0.0037880400085125387,1.2405500710083748,策略3 宏观状态,建信上海金ETF联接A
2024-09-26,1.4214,0.6,0.6,0.0,0.0011842661779218665,1.2420192124994887,策略3 宏观状态,建信上海金ETF联接A
2024-09-27,1.4215,0.6,0.6,0.0,4.2211903756816935e-05,1.242071640494951,策略3 宏观状态,建信上海金ETF联接A
2024-09-30,1.4145,0.6,0.6,0.0,-0.002954625395708721,1.2384017840826549,策略3 宏观状态,建信上海金ETF联接A
2024-10-08,1.4132,0.6,0.6,0.0,-0.0005514316012726006,1.2377188902038394,策略3 宏观状态,建信上海金ETF联接A
2024-10-09,1.3962,0.6,0.6,0.0,-0.007217662043589001,1.2287854535493823,策略3 宏观状态,建信上海金ETF联接A
2024-10-10,1.4009,0.6,0.6,0.0,0.0020197679415555835,1.2312673150155111,策略3 宏观状态,建信上海金ETF联接A
2024-10-11,1.4169,0.6,0.6,0.0,0.006852737525876229,1.239704866749503,策略3 宏观状态,建信上海金ETF联接A
2024-10-14,1.4304,0.6,0.6,0.0,0.005716705483802586,1.2467918943595464,策略3 宏观状态,建信上海金ETF联接A
2024-10-15,1.4313,0.6,0.6,0.0,0.00037751677852351225,1.2472625792189944,策略3 宏观状态,建信上海金ETF联接A
2024-10-16,1.45,0.6,0.6,0.0,0.007839027457556024,1.2570399048242742,策略3 宏观状态,建信上海金ETF联接A
2024-10-17,1.4565,0.6,0.6,0.0,0.0026896551724138185,1.2604209087062155,策略3 宏观状态,建信上海金ETF联接A
2024-10-18,1.4665,0.6,0.6,0.0,0.004119464469618972,1.2656131678563958,策略3 宏观状态,建信上海金ETF联接A
2024-10-21,1.4815,0.6,0.6,0.0,0.006137061029662494,1.2733803131074748,策略3 宏观状态,建信上海金ETF联接A
2024-10-22,1.4832,0.6,0.6,0.0,0.000688491393857582,1.2742570244941571,策略3 宏观状态,建信上海金ETF联接A
2024-10-23,1.4907,0.6,0.6,0.0,0.003033980582524265,1.2781230955636176,策略3 宏观状态,建信上海金ETF联接A
2024-10-24,1.4793,0.6,0.6,0.0,-0.004588448379955645,1.2722584937163948,策略3 宏观状态,建信上海金ETF联接A
2024-10-25,1.479,0.6,0.6,0.0,-0.00012167917258163462,1.2721036863555695,策略3 宏观状态,建信上海金ETF联接A
2024-10-28,1.4847,0.6,0.6,0.0,0.0023123732251520757,1.275045264859515,策略3 宏观状态,建信上海金ETF联接A
2024-10-29,1.4954,0.6,0.6,0.0,0.004324105879975803,1.2805586955865296,策略3 宏观状态,建信上海金ETF联接A
2024-10-30,1.5113,0.6,0.6,0.0,0.006379563996255255,1.2887281017359848,策略3 宏观状态,建信上海金ETF联接A
2024-10-31,1.5059,0.6,0.6,0.0,-0.0021438496658505945,1.2859652624257059,策略3 宏观状态,建信上海金ETF联接A
2024-11-01,1.492,0.6,0.6,0.0,-0.0055382163490271365,1.278843308585059,策略3 宏观状态,建信上海金ETF联接A
2024-11-04,1.4817,0.6,0.6,0.0,-0.004142091152814986,1.2735462230307322,策略3 宏观状态,建信上海金ETF联接A
2024-11-05,1.4812,0.6,0.6,0.0,-0.00020247013565499739,1.2732883679541922,策略3 宏观状态,建信上海金ETF联接A
2024-11-06,1.4815,0.6,0.6,0.0,0.00012152308938699895,1.2734431018903465,策略3 宏观状态,建信上海金ETF联接A
2024-11-07,1.4494,0.6,0.6,0.0,-0.013000337495781288,1.2568879117840972,策略3 宏观状态,建信上海金ETF联接A
2024-11-08,1.4607,0.6,0.6,0.0,0.004677797709397069,1.2627673791788099,策略3 宏观状态,建信上海金ETF联接A
2024-11-11,1.4617,0.6,0.6,0.0,0.0004107619634420967,1.263286075986852,策略3 宏观状态,建信上海金ETF联接A
2024-11-12,1.4386,0.6,0.6,0.0,-0.009482109872066746,1.2513074586144926,策略3 宏观状态,建信上海金ETF联接A
2024-11-13,1.4355,0.6,0.6,0.0,-0.0012929236757959872,1.2496896135755498,策略3 宏观状态,建信上海金ETF联接A
2024-11-14,1.4084,0.6,0.6,0.0,-0.011327063740856791,1.2355342996662928,策略3 宏观状态,建信上海金ETF联接A
2024-11-15,1.4096,0.6,0.6,0.0,0.000511218403862479,1.2361659275388854,策略3 宏观状态,建信上海金ETF联接A
2024-11-18,1.4262,0.6,0.6,0.0,0.007065834279228155,1.2449004711245037,策略3 宏观状态,建信上海金ETF联接A
2024-11-19,1.4478,0.6,0.6,0.0,0.009087084560370284,1.2562129869748568,策略3 宏观状态,建信上海金ETF联接A
2024-11-20,1.4512,0.6,0.6,0.0,0.0014090343970162066,1.2579830342834828,策略3 宏观状态,建信上海金ETF联接A
2024-11-21,1.4663,0.6,0.6,0.0,0.006243109151047399,1.2658367596766804,策略3 宏观状态,建信上海金ETF联接A
2024-11-22,1.4837,0.6,0.6,0.0,0.0071199618086339456,1.2748494690615433,策略3 宏观状态,建信上海金ETF联接A
2024-11-25,1.4672,0.6,0.6,0.0,-0.006672507919390691,1.2663430258831991,策略3 宏观状态,建信上海金ETF联接A
2024-11-26,1.4481,0.6,0.6,0.0,-0.007810796074154868,1.2564518787480974,策略3 宏观状态,建信上海金ETF联接A
2024-11-27,1.4616,0.6,0.6,0.0,0.005593536357986295,1.263479888013935,策略3 宏观状态,建信上海金ETF联接A
2024-11-28,1.4536,0.6,0.6,0.0,-0.003284072249589509,1.259330528775794,策略3 宏观状态,建信上海金ETF联接A
2024-11-29,1.4652,0.6,0.6,0.0,0.004788112272977507,1.2653603447363606,策略3 宏观状态,建信上海金ETF联接A
2024-12-02,1.4557,0.6,0.6,0.0,-0.003890253890253925,1.2604377717326771,策略3 宏观状态,建信上海金ETF联接A
2024-12-03,1.4684,0.6,0.6,0.0,0.005234595040186773,1.2670356530410534,策略3 宏观状态,建信上海金ETF联接A
2024-12-04,1.4666,0.6,0.6,0.0,-0.0007354944156905407,1.2661037553937609,策略3 宏观状态,建信上海金ETF联接A
2024-12-05,1.4671,0.6,0.6,0.0,0.00020455475248888353,1.2663627429340705,策略3 宏观状态,建信上海金ETF联接A
2024-12-06,1.4612,0.6,0.6,0.0,-0.002412923454433935,1.2633071065698238,策略3 宏观状态,建信上海金ETF联接A
2024-12-09,1.4686,0.6,0.6,0.0,0.003038598412263793,1.2671457895380485,策略3 宏观状态,建信上海金ETF联接A
2024-12-10,1.4742,0.6,0.6,0.0,0.0022878932316492406,1.2700448838134455,策略3 宏观状态,建信上海金ETF联接A
2024-12-11,1.4867,0.6,0.6,0.0,0.00508750508750504,1.276506243621206,策略3 宏观状态,建信上海金ETF联接A
2024-12-12,1.4966,0.6,0.6,0.0,0.0039954261115221264,1.281606429998491,策略3 宏观状态,建信上海金ETF联接A
2024-12-13,1.4846,0.6,0.6,0.0,-0.004810904717359365,1.2754407435786133,策略3 宏观状态,建信上海金ETF联接A
2024-12-16,1.4701,0.6,0.6,0.0,-0.005860164354034736,1.2679664511974102,策略3 宏观状态,建信上海金ETF联接A
2024-12-17,1.4695,0.6,0.6,0.0,-0.00024488130059177046,1.2676559499237343,策略3 宏观状态,建信上海金ETF联接A
2024-12-18,1.4678,0.6,0.6,0.0,-0.0006941136440966166,1.266776052632872,策略3 宏观状态,建信上海金ETF联接A
2024-12-19,1.4564,0.6,0.6,0.0,-0.00466003542716995,1.2608728313493123,策略3 宏观状态,建信上海金ETF联接A
2024-12-20,1.4572,0.6,0.6,0.0,0.0003295797857731486,1.2612883895469558,策略3 宏观状态,建信上海金ETF联接A
2024-12-23,1.4711,0.6,0.6,0.0,0.005723304968432563,1.268507127653476,策略3 宏观状态,建信上海金ETF联接A
2024-12-24,1.4664,0.6,0.6,0.0,-0.0019169329073483342,1.2660754845972713,策略3 宏观状态,建信上海金ETF联接A
2024-12-25,1.4686,0.6,0.6,0.0,0.0009001636661210899,1.2672151597470724,策略3 宏观状态,建信上海金ETF联接A
2024-12-26,1.4708,0.6,0.6,0.0,0.0008988151981479398,1.2683541519919765,策略3 宏观状态,建信上海金ETF联接A
2024-12-27,1.4718,0.6,0.6,0.0,0.00040794125645904344,1.2688715659783751,策略3 宏观状态,建信上海金ETF联接A
2024-12-30,1.4668,0.6,0.6,0.0,-0.0020383204239705854,1.266285199150046,策略3 宏观状态,建信上海金ETF联接A
2024-12-31,1.4664,0.6,0.6,0.0,-0.00016362148895563423,1.2660780076803184,策略3 宏观状态,建信上海金ETF联接A
2025-01-02,1.4794,0.6,0.6,0.0,0.00531914893617027,1.27281246516798,策略3 宏观状态,建信上海金ETF联接A
2025-01-03,1.4913,0.6,0.6,0.0,0.004826280924699144,1.2789554156893392,策略3 宏观状态,建信上海金ETF联接A
2025-01-06,1.4853,0.6,0.6,0.0,-0.002414001207000593,1.2758680157721651,策略3 宏观状态,建信上海金ETF联接A
2025-01-07,1.4863,0.6,0.6,0.0,0.00040395879620280795,1.2763834138799302,策略3 宏观状态,建信上海金ETF联接A
2025-01-08,1.4921,0.6,0.6,0.0,0.0023413846464375165,1.279371918408156,策略3 宏观状态,建信上海金ETF联接A
2025-01-09,1.4995,0.6,0.6,0.0,0.002975671871858454,1.2831789094394088,策略3 宏观状态,建信上海金ETF联接A
2025-01-10,1.5098,0.6,0.6,0.0,0.0041213737912637605,1.2884673693662747,策略3 宏观状态,建信上海金ETF联接A
2025-01-13,1.5145,0.6,0.6,0.0,0.0018677970592131388,1.2908739649296692,策略3 宏观状态,建信上海金ETF联接A
2025-01-14,1.5046,0.6,0.6,0.0,-0.003922086497193789,1.2858110455822394,策略3 宏观状态,建信上海金ETF联接A
2025-01-15,1.5101,0.6,0.6,0.0,0.002193273959856512,1.288631181465811,策略3 宏观状态,建信上海金ETF联接A
2025-01-16,1.5157,0.6,0.6,0.0,0.002225018210714591,1.291498409311467,策略3 宏观状态,建信上海金ETF联接A
2025-01-17,1.5199,0.6,0.6,0.0,0.0016625981394735145,1.2936456521639212,策略3 宏观状态,建信上海金ETF联接A
2025-01-20,1.5175,0.6,0.6,0.0,-0.0009474307520231261,1.2924200124908403,策略3 宏观状态,建信上海金ETF联接A
2025-01-21,1.5176,0.6,0.6,0.0,3.953871499180472e-05,1.2924711131173638,策略3 宏观状态,建信上海金ETF联接A
2025-01-22,1.5304,0.6,0.6,0.0,0.005060622034791784,1.2990118209117374,策略3 宏观状态,建信上海金ETF联接A
2025-01-23,1.5319,0.6,0.6,0.0,0.0005880815473079615,1.2997757457933508,策略3 宏观状态,建信上海金ETF联接A
2025-01-24,1.5378,0.6,0.6,0.0,0.002310855799986955,1.3027793401141996,策略3 宏观状态,建信上海金ETF联接A
2025-01-27,1.5327,0.6,0.6,0.0,-0.0019898556379243535,1.300186997299302,策略3 宏观状态,建信上海金ETF联接A
2025-02-05,1.5857,0.6,0.6,0.0,0.02074770013701319,1.3271628872413115,策略3 宏观状态,建信上海金ETF联接A
2025-02-06,1.5849,0.6,0.6,0.0,-0.0003027054297787046,1.3267611478291428,策略3 宏观状态,建信上海金ETF联接A
2025-02-07,1.5859,0.6,0.6,0.0,0.00037857278061714794,1.3272634234860914,策略3 宏观状态,建信上海金ETF联接A
2025-02-10,1.6072,0.6,0.6,0.0,0.008058515669335931,1.3379591965815905,策略3 宏观状态,建信上海金ETF联接A
2025-02-11,1.6235,0.6,0.6,0.0,0.006085116973618687,1.3461008347987182,策略3 宏观状态,建信上海金ETF联接A
2025-02-12,1.614,0.6,0.6,0.0,-0.0035109331690790888,1.3413747647288983,策略3 宏观状态,建信上海金ETF联接A
2025-02-13,1.6203,0.6,0.6,0.0,0.002342007434944282,1.34451627440094,策略3 宏观状态,建信上海金ETF联接A
2025-02-14,1.6288,0.6,0.6,0.0,0.003147565265691554,1.3487482271254014,策略3 宏观状态,建信上海金ETF联接A
2025-02-17,1.604,0.6,0.6,0.0,-0.009135559921414526,1.3364266568775958,策略3 宏观状态,建信上海金ETF联接A
2025-02-18,1.6174,0.6,0.6,0.0,0.0050124688279301385,1.3431254538360093,策略3 宏观状态,建信上海金ETF联接A
2025-02-19,1.6282,0.6,0.6,0.0,0.004006430072956713,1.3485065920460118,策略3 宏观状态,建信上海金ETF联接A
2025-02-20,1.6331,0.6,0.6,0.0,0.001805674978503857,1.3509415566576164,策略3 宏观状态,建信上海金ETF联接A
2025-02-21,1.6215,0.6,0.6,0.0,-0.004261833323127839,1.3451840689138548,策略3 宏观状态,建信上海金ETF联接A
2025-02-24,1.6252,0.6,0.6,0.0,0.0013691026827011843,1.3470257640313317,策略3 宏观状态,建信上海金ETF联接A
2025-02-25,1.6248,0.6,0.6,0.0,-0.00014767413241445482,1.3468268431702883,策略3 宏观状态,建信上海金ETF联接A
2025-02-26,1.6115,0.6,0.6,0.0,-0.004911373707533251,1.3402120732241418,策略3 宏观状态,建信上海金ETF联接A
2025-02-27,1.6051,0.6,0.6,0.0,-0.0023828730995966384,1.3370185179271012,策略3 宏观状态,建信上海金ETF联接A
2025-02-28,1.5942,0.6,0.6,0.0,-0.004074512491433535,1.3315708192745295,策略3 宏观状态,建信上海金ETF联接A
2025-03-03,1.5945,0.6,0.6,0.0,0.00011290929619867107,1.3317211659985724,策略3 宏观状态,建信上海金ETF联接A
2025-03-04,1.6048,0.6,0.6,0.0,0.003875823142050727,1.3368826817125086,策略3 宏观状态,建信上海金ETF联接A
2025-03-05,1.617,0.6,0.6,0.0,0.004561316051844466,1.3429806261480366,策略3 宏观状态,建信上海金ETF联接A
2025-03-06,1.6145,0.6,0.6,0.0,-0.0009276437847866247,1.3417348185171016,策略3 宏观状态,建信上海金ETF联接A
2025-03-07,1.612,0.6,0.6,0.0,-0.0009290802105915263,1.3404882392493556,策略3 宏观状态,建信上海金ETF联接A
2025-03-10,1.616,0.6,0.6,0.0,0.0014888337468982103,1.34248400337727,策略3 宏观状态,建信上海金ETF联接A
2025-03-11,1.6074,0.6,0.6,0.0,-0.0031930693069307293,1.3381973589110405,策略3 宏观状态,建信上海金ETF联接A
2025-03-12,1.6124,0.6,0.6,0.0,0.0018663680477790212,1.3406949277033346,策略3 宏观状态,建信上海金ETF联接A
2025-03-13,1.624,0.6,0.6,0.0,0.004316546762589901,1.3464821000531328,策略3 宏观状态,建信上海金ETF联接A
2025-03-14,1.6479,0.6,0.6,0.0,0.008830049261083639,1.3583716033257693,策略3 宏观状态,建信上海金ETF联接A
2025-03-17,1.6507,0.6,0.6,0.0,0.0010194793373385024,1.3597564351077873,策略3 宏观状态,建信上海金ETF联接A
2025-03-18,1.6611,0.6,0.6,0.0,0.0037802144544738956,1.3648966060383456,策略3 宏观状态,建信上海金ETF联接A
2025-03-19,1.6784,0.6,0.6,0.0,0.006248871229907848,1.3734256691716173,策略3 宏观状态,建信上海金ETF联接A
2025-03-20,1.682,0.6,0.6,0.0,0.0012869399428026894,1.3751931855237447,策略3 宏观状态,建信上海金ETF联接A
2025-03-21,1.6747,0.6,0.6,0.0,-0.0026040428061830712,1.3716121236018697,策略3 宏观状态,建信上海金ETF联接A
2025-03-24,1.6746,0.6,0.6,0.0,-3.5827312354452796e-05,1.3715629824258884,策略3 宏观状态,建信上海金ETF联接A
2025-03-25,1.6726,0.6,0.6,0.0,-0.0007165890361877203,1.3705801354302412,策略3 宏观状态,建信上海金ETF联接A
2025-03-26,1.6778,0.6,0.6,0.0,0.0018653593208178608,1.3731367598607935,策略3 宏观状态,建信上海金ETF联接A
2025-03-27,1.6812,0.6,0.6,0.0,0.0012158779353915515,1.3748063265493833,策略3 宏观状态,建信上海金ETF联接A
2025-03-28,1.7093,0.6,0.6,0.0,0.010028551034974997,1.38859364195839,策略3 宏观状态,建信上海金ETF联接A
2025-03-31,1.726,0.6,0.6,0.0,0.005862048791903085,1.3967336456396764,策略3 宏观状态,建信上海金ETF联接A
2025-04-01,1.7417,0.6,0.6,0.0,0.005457705677867919,1.4043566067879534,策略3 宏观状态,建信上海金ETF联接A
2025-04-02,1.7357,0.6,0.6,0.0,-0.0020669460871562293,1.4014538773945808,策略3 宏观状态,建信上海金ETF联接A
2025-04-03,1.7472,0.6,0.6,0.0,0.003975341360834328,1.407025134958689,策略3 宏观状态,建信上海金ETF联接A
2025-04-07,1.6975,0.6,0.6,0.0,-0.017067307692307732,1.3830110040495385,策略3 宏观状态,建信上海金ETF联接A
2025-04-08,1.7021,0.6,0.6,0.0,0.0016259204712813168,1.3852596699530302,策略3 宏观状态,建信上海金ETF联接A
2025-04-09,1.7202,0.6,0.6,0.0,0.006380353680747319,1.3940981165870059,策略3 宏观状态,建信上海金ETF联接A
2025-04-10,1.7586,0.6,0.6,0.0,0.013393791419602329,1.4127703759790327,策略3 宏观状态,建信上海金ETF联接A
2025-04-11,1.7911,0.6,0.6,0.0,0.0110883657454794,1.4284356906222668,策略3 宏观状态,建信上海金ETF联接A
2025-04-14,1.8041,0.6,0.6,0.0,0.004354865724973456,1.4346563362516864,策略3 宏观状态,建信上海金ETF联接A
2025-04-15,1.8047,0.6,0.6,0.0,0.00019954547974054826,1.4349426154385665,策略3 宏观状态,建信上海金ETF联接A
2025-04-16,1.8441,0.6,0.6,0.0,0.013099130049315733,1.4537391153715016,策略3 宏观状态,建信上海金ETF联接A
2025-04-17,1.8645,0.6,0.6,0.0,0.00663738408979988,1.4633881402465883,策略3 宏观状态,建信上海金ETF联接A
2025-04-18,1.8685,0.6,0.6,0.0,0.001287208366854342,1.465271825704669,策略3 宏观状态,建信上海金ETF联接A
2025-04-21,1.899,0.6,0.6,0.0,0.009793952368209834,1.4796226281721003,策略3 宏观状态,建信上海金ETF联接A
2025-04-22,1.9567,0.6,0.6,0.0,0.018230647709320768,1.5065971070490454,策略3 宏观状态,建信上海金ETF联接A
2025-04-23,1.8648,0.6,0.6,0.0,-0.028180099146522218,1.4641410511985398,策略3 宏观状态,建信上海金ETF联接A
2025-04-24,1.8784,0.6,0.6,0.0,0.004375804375804382,1.4705478460171693,策略3 宏观状态,建信上海金ETF联接A
2025-04-25,1.8629,0.6,0.6,0.0,-0.004951022146507688,1.463267131064039,策略3 宏观状态,建信上海金ETF联接A
2025-04-28,1.8456,0.6,0.6,0.0,-0.005571957700359675,1.4551138685054237,策略3 宏观状态,建信上海金ETF联接A
2025-04-29,1.8559,0.6,0.6,0.0,0.0033485045513654385,1.459986323916869,策略3 宏观状态,建信上海金ETF联接A
2025-04-30,1.8473,0.6,0.6,0.0,-0.0027803222156366656,1.4559270915059574,策略3 宏观状态,建信上海金ETF联接A
2025-05-06,1.8796,0.6,0.6,0.0,0.010490986845666628,1.471201203471196,策略3 宏观状态,建信上海金ETF联接A
2025-05-07,1.8941,0.6,0.6,0.0,0.0046286443924238975,1.4780108706717703,策略3 宏观状态,建信上海金ETF联接A
2025-05-08,1.868,0.6,0.6,0.0,-0.008267778892349887,1.4657910035925665,策略3 宏观状态,建信上海金ETF联接A
2025-05-09,1.8623,0.6,0.6,0.0,-0.0018308351177729997,1.4631073819478735,策略3 宏观状态,建信上海金ETF联接A
2025-05-12,1.8185,0.6,0.6,0.0,-0.014111582451806902,1.4424606214916686,策略3 宏观状态,建信上海金ETF联接A
2025-05-13,1.8111,0.6,0.6,0.0,-0.002441572724773211,1.4389387489816754,策略3 宏观状态,建信上海金ETF联接A
2025-05-14,1.7997,0.6,0.6,0.0,-0.0037767102865661206,1.4335042942066578,策略3 宏观状态,建信上海金ETF联接A
2025-05-15,1.745,0.6,0.6,0.0,-0.01823637272878813,1.4073623755891869,策略3 宏观状态,建信上海金ETF联接A
2025-05-16,1.7769,0.6,0.6,0.0,0.010968481375358151,1.4227990035942166,策略3 宏观状态,建信上海金ETF联接A
2025-05-19,1.7862,0.6,0.6,0.0,0.0031403005233834325,1.427267020049873,策略3 宏观状态,建信上海金ETF联接A
2025-05-20,1.7842,0.6,0.6,0.0,-0.0006718172657037113,1.4263081574230339,策略3 宏观状态,建信上海金ETF联接A
2025-05-21,1.8381,0.6,0.6,0.0,0.01812577065351424,1.4521610919657204,策略3 宏观状态,建信上海金ETF联接A
2025-05-22,1.8436,0.6,0.6,0.0,0.0017953321364451824,1.4547682034414218,策略3 宏观状态,建信上海金ETF联接A
2025-05-23,1.8421,0.6,0.6,0.0,-0.0004881753091776408,1.454058021523925,策略3 宏观状态,建信上海金ETF联接A
2025-05-26,1.8381,0.6,0.6,0.0,-0.0013028608653167684,1.4521635862317817,策略3 宏观状态,建信上海金ETF联接A
2025-05-27,1.8238,0.6,0.6,0.0,-0.004667863554757634,1.4453850847520642,策略3 宏观状态,建信上海金ETF联接A
2025-05-28,1.8238,0.6,0.6,0.0,0.0,1.4453850847520642,策略3 宏观状态,建信上海金ETF联接A
2025-05-29,1.8066,0.6,0.6,0.0,-0.005658515188068902,1.4372063512973863,策略3 宏观状态,建信上海金ETF联接A
2025-05-30,1.8224,0.6,0.6,0.0,0.005247426104284259,1.4447479854224274,策略3 宏观状态,建信上海金ETF联接A
2025-06-03,1.85,0.6,0.6,0.0,0.009086918349429407,1.4578762924014637,策略3 宏观状态,建信上海金ETF联接A
2025-06-04,1.8496,0.6,0.6,0.0,-0.00012972972972975503,1.4576871625040708,策略3 宏观状态,建信上海金ETF联接A
2025-06-05,1.8516,0.6,0.6,0.0,0.0006487889273355752,1.458632893794623,策略3 宏观状态,建信上海金ETF联接A
2025-06-06,1.8504,0.6,0.6,0.0,-0.0003888528839921745,1.458065700187185,策略3 宏观状态,建信上海金ETF联接A
2025-06-09,1.8297,0.6,0.6,0.0,-0.006712062256809315,1.4482790724330104,策略3 宏观状态,建信上海金ETF联接A
2025-06-10,1.8326,0.6,0.6,0.0,0.0009509755697654664,1.449656350449097,策略3 宏观状态,建信上海金ETF联接A
2025-06-11,1.838,0.6,0.6,0.0,0.0017679799192404032,1.4522193137664903,策略3 宏观状态,建信上海金ETF联接A
2025-06-12,1.8541,0.6,0.6,0.0,0.005255712731229556,1.4598517613023905,策略3 宏观状态,建信上海金ETF联接A
2025-06-13,1.8761,0.6,0.6,0.0,0.007119357100479995,1.4702449673048668,策略3 宏观状态,建信上海金ETF联接A
2025-06-16,1.8724,0.6,0.6,0.0,-0.001183305793934264,1.468505217916552,策略3 宏观状态,建信上海金ETF联接A
2025-06-17,1.855,0.6,0.6,0.0,-0.005575731681264728,1.4603172268489122,策略3 宏观状态,建信上海金ETF联接A
2025-06-18,1.8561,0.6,0.6,0.0,0.00035579514824797266,1.460836800633128,策略3 宏观状态,建信上海金ETF联接A
2025-06-19,1.8476,0.6,0.6,0.0,-0.0027476967835785124,1.4568228640546952,策略3 宏观状态,建信上海金ETF联接A
2025-06-20,1.8401,0.6,0.6,0.0,-0.0024355921195063244,1.453274637767487,策略3 宏观状态,建信上海金ETF联接A
2025-06-23,1.846,0.6,0.6,0.0,0.0019238084886691541,1.4560704598519918,策略3 宏观状态,建信上海金ETF联接A
2025-06-24,1.8262,0.6,0.6,0.0,-0.006435536294691247,1.4466998655599865,策略3 宏观状态,建信上海金ETF联接A
2025-06-25,1.8292,0.6,0.6,0.0,0.0009856532690832864,1.4481258100118581,策略3 宏观状态,建信上海金ETF联接A
2025-06-26,1.8313,0.6,0.6,0.0,0.0006888257161600908,1.4491233163100294,策略3 宏观状态,建信上海金ETF联接A
2025-06-27,1.8123,0.6,0.6,0.0,-0.006225086004477687,1.4401023990349058,策略3 宏观状态,建信上海金ETF联接A
2025-06-30,1.8095,0.6,0.6,0.0,-0.0009269988412514474,1.438767425779717,策略3 宏观状态,建信上海金ETF联接A
2025-07-01,1.8288,0.6,0.6,0.0,0.006399557888919549,1.447974901209686,策略3 宏观状态,建信上海金ETF联接A
2025-07-02,1.8301,0.6,0.6,0.0,0.0004265091863517423,1.4485924758066588,策略3 宏观状态,建信上海金ETF联接A
2025-07-03,1.8425,0.6,0.6,0.0,0.0040653516201300645,1.4544815135750877,策略3 宏观状态,建信上海金ETF联接A
2025-07-04,1.8327,0.6,0.6,0.0,-0.0031913161465400683,1.4498398032359716,策略3 宏观状态,建信上海金ETF联接A
2025-07-07,1.8199,0.6,0.6,0.0,-0.0041905385496807885,1.4437641936496497,策略3 宏观状态,建信上海金ETF联接A
2025-07-08,1.8313,0.6,0.6,0.0,0.0037584482663882476,1.4491905066803454,策略3 宏观状态,建信上海金ETF联接A
2025-07-09,1.8103,0.6,0.6,0.0,-0.006880358215475324,1.4392195568719186,策略3 宏观状态,建信上海金ETF联接A
2025-07-10,1.8243,0.6,0.6,0.0,0.004640114898083203,1.4458977009793728,策略3 宏观状态,建信上海金ETF联接A
2025-07-11,1.826,0.6,0.6,0.0,0.0005591185660253295,1.446706129228564,策略3 宏观状态,建信上海金ETF联接A
2025-07-14,1.8415,0.6,0.6,0.0,0.005093099671412915,1.454074347739969,策略3 宏观状态,建信上海金ETF联接A
2025-07-15,1.8398,0.6,0.6,0.0,-0.0005538962802062785,1.4532689413676123,策略3 宏观状态,建信上海金ETF联接A
2025-07-16,1.8317,0.6,0.6,0.0,-0.0026415914773344927,1.449429998517821,策略3 宏观状态,建信上海金ETF联接A
2025-07-17,1.8308,0.6,0.6,0.0,-0.00029480810176343294,1.4490026948113188,策略3 宏观状态,建信上海金ETF联接A
2025-07-18,1.8321,0.6,0.6,0.0,0.0004260432597772201,1.4496200326428421,策略3 宏观状态,建信上海金ETF联接A
2025-07-21,1.8434,0.6,0.6,0.0,0.0037006713607335316,1.4549845999815891,策略3 宏观状态,建信上海金ETF联接A
2025-07-22,1.8513,0.6,0.6,0.0,0.0025713355755668577,1.4587258536454235,策略3 宏观状态,建信上海金ETF联接A
2025-07-23,1.8692,0.6,0.6,0.0,0.005801328795981275,1.4671884019456192,策略3 宏观状态,建信上海金ETF联接A
2025-07-24,1.8376,0.6,0.6,0.0,-0.010143376845709406,1.4523061570810305,策略3 宏观状态,建信上海金ETF联接A
2025-07-25,1.8332,0.6,0.6,0.0,-0.00143665650848932,1.450219691988141,策略3 宏观状态,建信上海金ETF联接A
2025-07-28,1.8281,0.6,0.6,0.0,-0.00166921230634951,1.4477989674313638,策略3 宏观状态,建信上海金ETF联接A
2025-07-29,1.8203,0.6,0.6,0.0,-0.002560035009025796,1.4440925513887082,策略3 宏观状态,建信上海金ETF联接A
2025-07-30,1.8248,0.6,0.6,0.0,0.0014832719881338718,1.4462345334184559,策略3 宏观状态,建信上海金ETF联接A
2025-07-31,1.8174,0.6,0.6,0.0,-0.0024331433581762816,1.4427156374691037,策略3 宏观状态,建信上海金ETF联接A
2025-08-01,1.8184,0.6,0.6,0.0,0.0003301419610433509,1.4431919384388856,策略3 宏观状态,建信上海金ETF联接A
2025-08-04,1.842,0.6,0.6,0.0,0.0077870655521337095,1.4544301686678203,策略3 宏观状态,建信上海金ETF联接A
2025-08-05,1.8463,0.6,0.6,0.0,0.0014006514657980862,1.4564673184154657,策略3 宏观状态,建信上海金ETF联接A
2025-08-06,1.8489,0.6,0.6,0.0,0.0008449331094621648,1.4576979358756443,策略3 宏观状态,建信上海金ETF联接A
2025-08-07,1.8518,0.6,0.6,0.0,0.0009411001135810615,1.459069775568664,策略3 宏观状态,建信上海金ETF联接A
2025-08-08,1.8579,0.6,0.6,0.0,0.001976455340749661,1.4619535618191128,策略3 宏观状态,建信上海金ETF联接A
2025-08-11,1.8401,0.6,0.6,0.0,-0.005748425641853716,1.4535496304771525,策略3 宏观状态,建信上海金ETF联接A
2025-08-12,1.8316,0.6,0.6,0.0,-0.0027715885006249995,1.4495209890362344,策略3 宏观状态,建信上海金ETF联接A
2025-08-13,1.8345,0.6,0.6,0.0,0.0009499890805852562,1.4508980181478979,策略3 宏观状态,建信上海金ETF联接A
2025-08-14,1.8378,0.6,0.6,0.0,0.0010793131643499264,1.452463991479014,策略3 宏观状态,建信上海金ETF联接A
2025-08-15,1.8309,0.6,0.6,0.0,-0.0022526934378061412,1.4491920353767598,策略3 宏观状态,建信上海金ETF联接A
2025-08-18,1.8346,0.6,0.6,0.0,0.0012125184335572304,1.450949207433418,策略3 宏观状态,建信上海金ETF联接A
2025-08-19,1.8291,0.6,0.6,0.0,-0.0017987572222827985,1.4483393020673816,策略3 宏观状态,建信上海金ETF联接A
2025-08-20,1.8234,0.6,0.6,0.0,-0.0018697720190257614,1.4456312377663207,策略3 宏观状态,建信上海金ETF联接A
2025-08-21,1.829,0.6,0.6,0.0,0.0018427114182297366,1.4482951189547024,策略3 宏观状态,建信上海金ETF联接A
2025-08-22,1.826,0.6,0.6,0.0,-0.0009841443411700013,1.446869787509039,策略3 宏观状态,建信上海金ETF联接A
2025-08-25,1.8383,0.6,0.6,0.0,0.004041621029572795,1.4527174868692891,策略3 宏观状态,建信上海金ETF联接A
2025-08-26,1.8429,0.6,0.6,0.0,0.0015013871511722952,1.4548985782383579,策略3 宏观状态,建信上海金ETF联接A
2025-08-27,1.8441,0.6,0.6,0.0,0.00039068858863746666,1.4554669905105007,策略3 宏观状态,建信上海金ETF联接A
2025-08-28,1.8487,0.6,0.6,0.0,0.0014966650398568592,1.4576453370718634,策略3 宏观状态,建信上海金ETF联接A
2025-08-29,1.8529,0.6,0.6,0.0,0.0013631200302915757,1.4596322826278871,策略3 宏观状态,建信上海金ETF联接A
2025-09-01,1.8828,0.6,0.6,0.0,0.009682119920125175,1.4737646174275763,策略3 宏观状态,建信上海金ETF联接A
2025-09-02,1.8955,0.6,0.6,0.0,0.0040471637985977525,1.4797291842348834,策略3 宏观状态,建信上海金ETF联接A
2025-09-03,1.9205,0.6,0.6,0.0,0.007913479293062586,1.4914389904936665,策略3 宏观状态,建信上海金ETF联接A
2025-09-04,1.9173,0.6,0.6,0.0,-0.0009997396511325584,1.489947939797625,策略3 宏观状态,建信上海金ETF联接A
2025-09-05,1.9239,0.6,0.6,0.0,0.002065404475042998,1.493025284940064,策略3 宏观状态,建信上海金ETF联接A
2025-09-08,1.9414,0.6,0.6,0.0,0.0054576641197566994,1.501173715467571,策略3 宏观状态,建信上海金ETF联接A
2025-09-09,1.9684,0.6,0.6,0.0,0.00834449366436596,1.5137002500254029,策略3 宏观状态,建信上海金ETF联接A
2025-09-10,1.9658,0.6,0.6,0.0,-0.0007925218451534155,1.5125006095102436,策略3 宏观状态,建信上海金ETF联接A
2025-09-11,1.9613,0.6,0.6,0.0,-0.001373486621222919,1.5104232101584898,策略3 宏观状态,建信上海金ETF联接A
2025-09-12,1.9683,0.6,0.6,0.0,0.0021414368021210437,1.5136576860075013,策略3 宏观状态,建信上海金ETF联接A
2025-09-15,1.9628,0.6,0.6,0.0,-0.0016765736930345332,1.5111199273508815,策略3 宏观状态,建信上海金ETF联接A
2025-09-16,1.9851,0.6,0.6,0.0,0.006816792337477118,1.5214209180926561,策略3 宏观状态,建信上海金ETF联接A
2025-09-17,1.9725,0.6,0.6,0.0,-0.003808372374187718,1.5156267806986805,策略3 宏观状态,建信上海金ETF联接A
2025-09-18,1.9494,0.6,0.6,0.0,-0.0070266159695817395,1.5049770533574975,策略3 宏观状态,建信上海金ETF联接A
2025-09-19,1.9559,0.6,0.6,0.0,0.002000615574022735,1.5079879338889912,策略3 宏观状态,建信上海金ETF联接A
2025-09-22,1.9905,0.6,0.6,0.0,0.01061403957257534,1.5239937774942551,策略3 宏观状态,建信上海金ETF联接A
2025-09-23,2.0128,0.6,0.6,0.0,0.006721929163526719,1.5342379557122272,策略3 宏观状态,建信上海金ETF联接A
2025-09-24,2.0255,0.6,0.6,0.0,0.003785771065182919,1.540046229372068,策略3 宏观状态,建信上海金ETF联接A
2025-09-25,2.0148,0.6,0.6,0.0,-0.0031695877561095597,1.5351649176996076,策略3 宏观状态,建信上海金ETF联接A
2025-09-26,2.0187,0.6,0.6,0.0,0.0011614055985704752,1.536947866829753,策略3 宏观状态,建信上海金ETF联接A
2025-09-29,2.041,0.6,0.6,0.0,0.006628027938772485,1.5471348002315373,策略3 宏观状态,建信上海金ETF联接A
2025-09-30,2.0646,0.6,0.6,0.0,0.0069377756001959496,1.5578684742987978,策略3 宏观状态,建信上海金ETF联接A
2025-10-09,2.1555,0.6,0.6,0.0,0.026416739319965108,1.5990222796791407,策略3 宏观状态,建信上海金ETF联接A
2025-10-10,2.1277,0.6,0.6,0.0,-0.007738343771746736,1.5866484955803013,策略3 宏观状态,建信上海金ETF联接A
2025-10-13,2.1857,0.6,0.6,0.0,0.016355689241904513,1.6125992253101482,策略3 宏观状态,建信上海金ETF联接A
2025-10-14,2.2141,0.6,0.6,0.0,0.007796129386466521,1.625171257519182,策略3 宏观状态,建信上海金ETF联接A
2025-10-15,2.2611,0.6,0.6,0.0,0.01273655209791782,1.6458703359086135,策略3 宏观状态,建信上海金ETF联接A
2025-10-16,2.2835,0.6,0.6,0.0,0.005944009552872531,1.6556534049080436,策略3 宏观状态,建信上海金ETF联接A
2025-10-17,2.3524,0.6,0.6,0.0,0.018103788044668213,1.6856270032259322,策略3 宏观状态,建信上海金ETF联接A
2025-10-20,2.2954,0.6,0.6,0.0,-0.01453834381907839,1.661120778302311,策略3 宏观状态,建信上海金ETF联接A
2025-10-21,2.3395,0.6,0.6,0.0,0.011527402631349703,1.6802691863331025,策略3 宏观状态,建信上海金ETF联接A
2025-10-22,2.2456,0.6,0.6,0.0,-0.024082068818123557,1.6398048281548563,策略3 宏观状态,建信上海金ETF联接A
2025-10-23,2.2235,0.6,0.6,0.0,-0.005904880655504097,1.6301219763462826,策略3 宏观状态,建信上海金ETF联接A
2025-10-24,2.215,0.6,0.6,0.0,-0.0022936811333483576,1.6263829963240806,策略3 宏观状态,建信上海金ETF联接A
2025-10-27,2.2042,0.6,0.6,0.0,-0.002925507900677093,1.6216250000188075,策略3 宏观状态,建信上海金ETF联接A
2025-10-28,2.1267,0.6,0.6,0.0,-0.02109608928409403,1.5874150542330918,策略3 宏观状态,建信上海金ETF联接A
2025-10-29,2.1464,0.6,0.6,0.0,0.005557906615883734,1.5962377588651673,策略3 宏观状态,建信上海金ETF联接A
2025-10-30,2.148,0.6,0.6,0.0,0.0004472605292584308,1.5969516930100196,策略3 宏观状态,建信上海金ETF联接A
2025-10-31,2.1748,0.6,0.6,0.0,0.007486033519553015,1.6089065269129996,策略3 宏观状态,建信上海金ETF联接A
2025-11-03,2.1725,0.6,0.6,0.0,-0.0006345411072282481,1.6078856095839855,策略3 宏观状态,建信上海金ETF联接A
2025-11-04,2.1595,0.6,0.6,0.0,-0.003590333716915972,1.602112763666952,策略3 宏观状态,建信上海金ETF联接A
2025-11-05,2.1516,0.6,0.6,0.0,-0.0021949525353090137,1.5985962021944904,策略3 宏观状态,建信上海金ETF联接A
2025-11-06,2.1656,0.6,0.6,0.0,0.003904071388733854,1.6048372358896168,策略3 宏观状态,建信上海金ETF联接A
2025-11-07,2.1725,0.6,0.6,0.0,0.0019117103804949574,1.6079052198924715,策略3 宏观状态,建信上海金ETF联接A
2025-11-10,2.2059,0.6,0.6,0.0,0.009224395857307277,1.6227371741417904,策略3 宏观状态,建信上海金ETF联接A
2025-11-11,2.2369,0.6,0.6,0.0,0.008431932544539533,1.6364199845316705,策略3 宏观状态,建信上海金ETF联接A
2025-11-12,2.2297,0.6,0.6,0.0,-0.0019312441325048057,1.6332596580382301,策略3 宏观状态,建信上海金ETF联接A
2025-11-13,2.2641,0.6,0.6,0.0,0.00925685069740334,1.6483784988427819,策略3 宏观状态,建信上海金ETF联接A
2025-11-14,2.2477,0.6,0.6,0.0,-0.004346097787200231,1.641214484696493,策略3 宏观状态,建信上海金ETF联接A
2025-11-17,2.1941,0.6,0.6,0.0,-0.01430795924723045,1.617732054733491,策略3 宏观状态,建信上海金ETF联接A
2025-11-18,2.1691,0.6,0.6,0.0,-0.006836516111389712,1.606672403477394,策略3 宏观状态,建信上海金ETF联接A
2025-11-19,2.211,0.6,0.6,0.0,0.011590060393711753,1.625293833666607,策略3 宏观状态,建信上海金ETF联接A
2025-11-20,2.2002,0.6,0.6,0.0,-0.0029308005427407745,1.6205304216167837,策略3 宏观状态,建信上海金ETF联接A
2025-11-21,2.1817,0.6,0.6,0.0,-0.005044995909462768,1.6123548522685671,策略3 宏观状态,建信上海金ETF联接A
2025-11-24,2.189,0.6,0.6,0.0,0.002007608745473721,1.6155918299707885,策略3 宏观状态,建信上海金ETF联接A
2025-11-25,2.2262,0.6,0.6,0.0,0.0101964367291,1.6320651098451366,策略3 宏观状态,建信上海金ETF联接A
2025-11-26,2.2263,0.6,0.6,0.0,2.6951756356163868e-05,1.6321090968663348,策略3 宏观状态,建信上海金ETF联接A
2025-11-27,2.2265,0.6,0.6,0.0,5.3901091497099425e-05,1.632197069328098,策略3 宏观状态,建信上海金ETF联接A
2025-11-28,2.2403,0.6,0.6,0.0,0.003718841230630998,1.6382669510860306,策略3 宏观状态,建信上海金ETF联接A
2025-12-01,2.2628,0.6,0.6,0.0,0.006025978663571818,1.6481391127785099,策略3 宏观状态,建信上海金ETF联接A
2025-12-02,2.2534,0.6,0.6,0.0,-0.0024924871840197316,1.6440311471624278,策略3 宏观状态,建信上海金ETF联接A
2025-12-03,2.2481,0.6,0.6,0.0,-0.0014112008520458462,1.6417110890067623,策略3 宏观状态,建信上海金ETF联接A
2025-12-04,2.2414,0.6,0.6,0.0,-0.0017881766825319277,1.638775419517946,策略3 宏观状态,建信上海金ETF联接A
2025-12-05,2.2574,0.6,0.6,0.0,0.004283037387347166,1.6457943559092072,策略3 宏观状态,建信上海金ETF联接A
2025-12-08,2.2519,0.6,0.6,0.0,-0.0014618587755825584,1.6433884369872171,策略3 宏观状态,建信上海金ETF联接A
2025-12-09,2.2372,0.6,0.6,0.0,-0.0039166925707180495,1.6369517897052652,策略3 宏观状态,建信上海金ETF联接A
2025-12-10,2.2472,0.6,0.6,0.0,0.00268192383336312,1.6413419697241423,策略3 宏观状态,建信上海金ETF联接A
2025-12-11,2.2509,0.6,0.6,0.0,0.000987896048415937,1.642963444970132,策略3 宏观状态,建信上海金ETF联接A
2025-12-12,2.2788,0.6,0.6,0.0,0.007437025189923973,1.655182205496499,策略3 宏观状态,建信上海金ETF联接A
2025-12-15,2.3088,0.6,0.6,0.0,0.00789889415481837,1.6682563145446547,策略3 宏观状态,建信上海金ETF联接A
2025-12-16,2.2831,0.6,0.6,0.0,-0.006678794178794178,1.6571143739823373,策略3 宏观状态,建信上海金ETF联接A
2025-12-17,2.2998,0.6,0.6,0.0,0.004388769655293201,1.6643870672622212,策略3 宏观状态,建信上海金ETF联接A
2025-12-18,2.3019,0.6,0.6,0.0,0.0005478737281502166,1.6652989412098471,策略3 宏观状态,建信上海金ETF联接A
2025-12-19,2.3013,0.6,0.6,0.0,-0.00015639254528863056,1.6650385008697646,策略3 宏观状态,建信上海金ETF联接A
2025-12-22,2.3443,0.6,0.6,0.0,0.011211054621300986,1.6837053384495846,策略3 宏观状态,建信上海金ETF联接A
2025-12-23,2.3777,0.6,0.6,0.0,0.008548393976880097,1.698098315023628,策略3 宏观状态,建信上海金ETF联接A
2025-12-24,2.3816,0.6,0.6,0.0,0.0009841443411701344,1.699769488871109,策略3 宏观状态,建信上海金ETF联接A
2025-12-25,2.3671,0.6,0.6,0.0,-0.003653006382264001,1.6935602200798854,策略3 宏观状态,建信上海金ETF联接A
2025-12-26,2.3839,0.6,0.6,0.0,0.004258375227071065,1.7007720349666264,策略3 宏观状态,建信上海金ETF联接A
2025-12-29,2.3657,0.6,0.6,0.0,-0.004580729057426991,1.6929812590859956,策略3 宏观状态,建信上海金ETF联接A
2025-12-30,2.3166,0.6,0.6,0.0,-0.0124529737498414,1.6718986079076243,策略3 宏观状态,建信上海金ETF联接A
2025-12-31,2.2994,0.6,0.6,0.0,-0.004454804454804506,1.6644506265411358,策略3 宏观状态,建信上海金ETF联接A
2026-01-05,2.3434,0.6,0.6,0.0,0.011481255979820882,1.683560610250228,策略3 宏观状态,建信上海金ETF联接A
2026-01-06,2.3666,0.6,0.6,0.0,0.005940087052999887,1.693561106834116,策略3 宏观状态,建信上海金ETF联接A
2026-01-07,2.3544,0.6,0.6,0.0,-0.0030930448745035252,1.6883228463329643,策略3 宏观状态,建信上海金ETF联接A
2026-01-08,2.3509,0.6,0.6,0.0,-0.0008919469928643675,1.6868169518471934,策略3 宏观状态,建信上海金ETF联接A
2026-01-09,2.3684,0.6,0.6,0.0,0.0044663745799480735,1.694350908201949,策略3 宏观状态,建信上海金ETF联接A
2026-01-12,2.4138,0.6,0.6,0.0,0.011501435568316287,1.713838376002752,策略3 宏观状态,建信上海金ETF联接A
2026-01-13,2.4186,0.6,0.6,0.0,0.001193139448172964,1.7158832241769537,策略3 宏观状态,建信上海金ETF联接A
2026-01-14,2.4474,0.6,0.6,0.0,0.0071446291242867055,1.7281425734342835,策略3 宏观状态,建信上海金ETF联接A
2026-01-15,2.4367,0.6,0.6,0.0,-0.0026231919588134422,1.7236093237319674,策略3 宏观状态,建信上海金ETF联接A
2026-01-16,2.436,0.6,0.6,0.0,-0.00017236426314284347,1.723312235080936,策略3 宏观状态,建信上海金ETF联接A
2026-01-19,2.4683,0.6,0.6,0.0,0.007955665024630586,1.7370223299560874,策略3 宏观状态,建信上海金ETF联接A
2026-01-20,2.4876,0.6,0.6,0.0,0.004691488068711269,1.7451715494921614,策略3 宏观状态,建信上海金ETF联接A
2026-01-21,2.565,0.6,0.6,0.0,0.018668596237337232,1.7777514525145186,策略3 宏观状态,建信上海金ETF联接A
2026-01-22,2.5534,0.6,0.6,0.0,-0.00271345029239769,1.7729276123158828,策略3 宏观状态,建信上海金ETF联接A
2026-01-23,2.6161,0.6,0.6,0.0,0.014733296780762961,1.799048680998942,策略3 宏观状态,建信上海金ETF联接A
2026-01-26,2.6885,0.6,0.6,0.0,0.01660486984442495,1.8289216501907137,策略3 宏观状态,建信上海金ETF联接A
2026-01-27,2.6934,0.6,0.6,0.0,0.0010935465873164406,1.8309216612197492,策略3 宏观状态,建信上海金ETF联接A
2026-01-28,2.7771,0.6,0.6,0.0,0.018645578079750445,1.8650602540119285,策略3 宏观状态,建信上海金ETF联接A
2026-01-29,2.9311,0.6,0.6,0.0,0.03327211839688884,1.9271147596007452,策略3 宏观状态,建信上海金ETF联接A
2026-01-30,2.7363,0.6,0.6,0.0,-0.039875814540616124,1.8502694888484217,策略3 宏观状态,建信上海金ETF联接A
2026-02-02,2.3924,0.6,0.6,0.0,-0.07540839820195155,1.7107436304524186,策略3 宏观状态,建信上海金ETF联接A
2026-02-03,2.5756,0.6,0.6,0.0,0.04594549406453772,1.7893445917713158,策略3 宏观状态,建信上海金ETF联接A
2026-02-04,2.6879,0.6,0.6,0.0,0.026160894548842916,1.8361554469481876,策略3 宏观状态,建信上海金ETF联接A
2026-02-05,2.6081,0.6,0.6,0.0,-0.017813162692064476,1.8034477112437792,策略3 宏观状态,建信上海金ETF联接A
2026-02-06,2.5688,0.6,0.6,0.0,-0.009041064376365914,1.7871426243870145,策略3 宏观状态,建信上海金ETF联接A
2026-02-09,2.6574,0.6,0.6,0.0,0.0206944876985363,1.8241266254429214,策略3 宏观状态,建信上海金ETF联接A
2026-02-10,2.6453,0.6,0.6,0.0,-0.0027319936780310972,1.8191431230342832,策略3 宏观状态,建信上海金ETF联接A
2026-02-11,2.6624,0.6,0.6,0.0,0.003878577099005742,1.8261988098910977,策略3 宏观状态,建信上海金ETF联接A
2026-02-12,2.6575,0.6,0.6,0.0,-0.001104266826922995,1.8241821991259686,策略3 宏观状态,建信上海金ETF联接A
2026-02-13,2.6138,0.6,0.6,0.0,-0.009866415804327455,1.8061840590465392,策略3 宏观状态,建信上海金ETF联接A
2026-02-24,2.7107,0.6,0.6,0.0,0.022243476930140015,1.8463598724955277,策略3 宏观状态,建信上海金ETF联接A
2026-02-25,2.7119,0.6,0.6,0.0,0.0002656140480318925,1.846850291615385,策略3 宏观状态,建信上海金ETF联接A
2026-02-26,2.7027,0.6,0.6,0.0,-0.002035473284413136,1.8430910771864912,策略3 宏观状态,建信上海金ETF联接A
2026-02-27,2.7063,0.6,0.6,0.0,0.0007992007992007721,1.8445640770483787,策略3 宏观状态,建信上海金ETF联接A
2026-03-02,2.8178,0.6,0.6,0.0,0.02472009755016069,1.8901618809705367,策略3 宏观状态,建信上海金ETF联接A
2026-03-03,2.7916,0.6,0.6,0.0,-0.005578820356306391,1.879617007392264,策略3 宏观状态,建信上海金ETF联接A
2026-03-04,2.7215,0.6,0.6,0.0,-0.01506662845679898,1.8512975163008045,策略3 宏观状态,建信上海金ETF联接A
2026-03-05,2.7158,0.6,0.6,0.0,-0.0012566599301854664,1.8489710648932174,策略3 宏观状态,建信上海金ETF联接A
2026-03-06,2.6953,0.6,0.6,0.0,-0.00452905221297597,1.8405969784000342,策略3 宏观状态,建信上海金ETF联接A
2026-03-09,2.6906,0.6,0.6,0.0,-0.0010462657218120784,1.8386712248738635,策略3 宏观状态,建信上海金ETF联接A
2026-03-10,2.7134,0.6,0.6,0.0,0.005084367799003919,1.8480197056425673,策略3 宏观状态,建信上海金ETF联接A
2026-03-11,2.7188,0.6,0.6,0.0,0.001194073855679134,1.850226377657855,策略3 宏观状态,建信上海金ETF联接A
2026-03-12,2.7097,0.6,0.6,0.0,-0.002008238928939132,1.8465106810188925,策略3 宏观状态,建信上海金ETF联接A
2026-03-13,2.6766,0.6,0.6,0.0,-0.007329224637413789,1.832977189442321,策略3 宏观状态,建信上海金ETF联接A
2026-03-16,2.6418,0.6,0.6,0.0,-0.007800941492938817,1.81867824162959,策略3 宏观状态,建信上海金ETF联接A
2026-03-17,2.6362,0.6,0.6,0.0,-0.0012718600953894432,1.816365137347708,策略3 宏观状态,建信上海金ETF联接A
2026-03-18,2.6301,0.6,0.6,0.0,-0.0013883620362643344,1.8138433649470205,策略3 宏观状态,建信上海金ETF联接A
2026-03-19,2.5136,0.6,0.6,0.0,-0.026576936238165903,1.765636965490803,策略3 宏观状态,建信上海金ETF联接A
2026-03-20,2.457,0.6,0.6,0.0,-0.01351050286441755,1.741782322211018,策略3 宏观状态,建信上海金ETF联接A
2026-03-23,2.2285,0.6,0.6,0.0,-0.055799755799755754,1.6445912939753118,策略3 宏观状态,建信上海金ETF联接A
2026-03-24,2.3122,0.6,0.6,0.0,0.022535337671079115,1.6816527141159623,策略3 宏观状态,建信上海金ETF联接A
2026-03-25,2.3986,0.6,0.6,0.0,0.022420205864544674,1.7193557141591125,策略3 宏观状态,建信上海金ETF联接A
2026-03-26,2.35,0.6,0.6,0.0,-0.012157091636788131,1.698453349185845,策略3 宏观状态,建信上海金ETF联接A
2026-03-27,2.3547,0.6,0.6,0.0,0.0011999999999998678,1.7004914932048676,策略3 宏观状态,建信上海金ETF联接A
2026-03-30,2.3915,0.6,0.6,0.0,0.009376990699452215,1.7164369861211475,策略3 宏观状态,建信上海金ETF联接A
2026-03-31,2.4061,0.6,0.6,0.0,0.0036629730294793993,1.7227242485081105,策略3 宏观状态,建信上海金ETF联接A
2026-04-01,2.478,0.0,0.0,0.0,0.01792942936702562,1.7536117112405987,策略3 宏观状态,建信上海金ETF联接A
2026-04-02,2.4182,0.0,0.0,0.0,-0.0,1.7536117112405987,策略3 宏观状态,建信上海金ETF联接A
2026-04-03,2.4411,0.0,0.0,0.0,0.0,1.7536117112405987,策略3 宏观状态,建信上海金ETF联接A
2026-04-07,2.4385,0.0,0.0,0.0,-0.0,1.7536117112405987,策略3 宏观状态,建信上海金ETF联接A
2026-04-08,2.5033,0.0,0.0,0.0,0.0,1.7536117112405987,策略3 宏观状态,建信上海金ETF联接A
2026-04-09,2.4568,0.0,0.0,0.0,-0.0,1.7536117112405987,策略3 宏观状态,建信上海金ETF联接A
2026-04-10,2.4731,0.0,0.0,0.0,0.0,1.7536117112405987,策略3 宏观状态,建信上海金ETF联接A
2026-04-13,2.463,0.0,0.0,0.0,-0.0,1.7536117112405987,策略3 宏观状态,建信上海金ETF联接A
2026-04-14,2.4831,0.0,0.0,0.0,0.0,1.7536117112405987,策略3 宏观状态,建信上海金ETF联接A
2026-04-15,2.4958,0.0,0.0,0.0,0.0,1.7536117112405987,策略3 宏观状态,建信上海金ETF联接A
2026-04-16,2.5028,0.0,0.0,0.0,0.0,1.7536117112405987,策略3 宏观状态,建信上海金ETF联接A
2026-04-17,2.4857,0.0,0.0,0.0,-0.0,1.7536117112405987,策略3 宏观状态,建信上海金ETF联接A
2026-04-20,2.4887,0.0,0.0,0.0,0.0,1.7536117112405987,策略3 宏观状态,建信上海金ETF联接A
2026-04-21,2.4814,0.0,0.0,0.0,-0.0,1.7536117112405987,策略3 宏观状态,建信上海金ETF联接A
2026-04-22,2.4793,0.0,0.0,0.0,-0.0,1.7536117112405987,策略3 宏观状态,建信上海金ETF联接A
2026-04-23,2.4559,0.0,0.0,0.0,-0.0,1.7536117112405987,策略3 宏观状态,建信上海金ETF联接A
2026-04-24,2.4377,0.0,0.0,0.0,-0.0,1.7536117112405987,策略3 宏观状态,建信上海金ETF联接A
2026-04-27,2.4533,0.0,0.0,0.0,0.0,1.7536117112405987,策略3 宏观状态,建信上海金ETF联接A
2026-04-28,2.4167,0.0,0.0,0.0,-0.0,1.7536117112405987,策略3 宏观状态,建信上海金ETF联接A
2026-04-29,2.3898,0.0,0.0,0.0,-0.0,1.7536117112405987,策略3 宏观状态,建信上海金ETF联接A
2026-04-30,2.395,0.0,0.0,0.0,0.0,1.7536117112405987,策略3 宏观状态,建信上海金ETF联接A
2026-05-06,2.4257,0.0,0.0,0.0,0.0,1.7536117112405987,策略3 宏观状态,建信上海金ETF联接A
2026-05-07,2.4549,0.0,0.0,0.0,0.0,1.7536117112405987,策略3 宏观状态,建信上海金ETF联接A
2026-05-08,2.4493,0.0,0.0,0.0,-0.0,1.7536117112405987,策略3 宏观状态,建信上海金ETF联接A
2026-05-11,2.4245,0.0,0.0,0.0,-0.0,1.7536117112405987,策略3 宏观状态,建信上海金ETF联接A
2026-05-12,2.4332,0.0,0.0,0.0,0.0,1.7536117112405987,策略3 宏观状态,建信上海金ETF联接A
2026-05-13,2.433,0.0,0.0,0.0,-0.0,1.7536117112405987,策略3 宏观状态,建信上海金ETF联接A
2026-05-14,2.4286,0.0,0.0,0.0,-0.0,1.7536117112405987,策略3 宏观状态,建信上海金ETF联接A
2026-05-15,2.3724,0.0,0.0,0.0,-0.0,1.7536117112405987,策略3 宏观状态,建信上海金ETF联接A
2026-05-18,2.3602,0.0,0.0,0.0,-0.0,1.7536117112405987,策略3 宏观状态,建信上海金ETF联接A
2026-05-19,2.3596,0.0,0.0,0.0,-0.0,1.7536117112405987,策略3 宏观状态,建信上海金ETF联接A
2026-05-20,2.3258,0.0,0.0,0.0,-0.0,1.7536117112405987,策略3 宏观状态,建信上海金ETF联接A
2026-05-21,2.3469,0.0,0.0,0.0,0.0,1.7536117112405987,策略3 宏观状态,建信上海金ETF联接A
2026-05-22,2.3458,0.0,0.0,0.0,-0.0,1.7536117112405987,策略3 宏观状态,建信上海金ETF联接A
2026-05-25,2.3584,0.0,0.0,0.0,0.0,1.7536117112405987,策略3 宏观状态,建信上海金ETF联接A
2026-05-26,2.3452,0.0,0.0,0.0,-0.0,1.7536117112405987,策略3 宏观状态,建信上海金ETF联接A
2026-05-27,2.32,0.0,0.0,0.0,-0.0,1.7536117112405987,策略3 宏观状态,建信上海金ETF联接A
2026-05-28,2.2675,0.0,0.0,0.0,-0.0,1.7536117112405987,策略3 宏观状态,建信上海金ETF联接A
2026-05-29,2.3294,0.0,0.0,0.0,0.0,1.7536117112405987,策略3 宏观状态,建信上海金ETF联接A
2026-06-01,2.3202,0.0,0.0,0.0,-0.0,1.7536117112405987,策略3 宏观状态,建信上海金ETF联接A
2026-06-02,2.3318,0.0,0.0,0.0,0.0,1.7536117112405987,策略3 宏观状态,建信上海金ETF联接A
2026-06-03,2.3046,0.0,0.0,0.0,-0.0,1.7536117112405987,策略3 宏观状态,建信上海金ETF联接A
2026-06-04,2.304,0.0,0.0,0.0,-0.0,1.7536117112405987,策略3 宏观状态,建信上海金ETF联接A
2026-06-05,2.2953,0.0,0.0,0.0,-0.0,1.7536117112405987,策略3 宏观状态,建信上海金ETF联接A
2026-06-08,2.2228,0.0,0.0,0.0,-0.0,1.7536117112405987,策略3 宏观状态,建信上海金ETF联接A
2026-06-09,2.2353,0.0,0.0,0.0,0.0,1.7536117112405987,策略3 宏观状态,建信上海金ETF联接A
2026-06-10,2.1684,0.0,0.0,0.0,-0.0,1.7536117112405987,策略3 宏观状态,建信上海金ETF联接A
2026-06-11,2.1113,0.0,0.0,0.0,-0.0,1.7536117112405987,策略3 宏观状态,建信上海金ETF联接A
2026-06-12,2.1479,0.0,0.0,0.0,0.0,1.7536117112405987,策略3 宏观状态,建信上海金ETF联接A
2026-06-15,2.2123,0.0,0.0,0.0,0.0,1.7536117112405987,策略3 宏观状态,建信上海金ETF联接A
2026-06-16,2.2227,0.0,0.0,0.0,0.0,1.7536117112405987,策略3 宏观状态,建信上海金ETF联接A
2026-06-17,2.2226,0.0,0.0,0.0,-0.0,1.7536117112405987,策略3 宏观状态,建信上海金ETF联接A
2026-06-18,2.2121,0.0,0.0,0.0,-0.0,1.7536117112405987,策略3 宏观状态,建信上海金ETF联接A
2026-06-22,2.1639,0.0,0.0,0.0,-0.0,1.7536117112405987,策略3 宏观状态,建信上海金ETF联接A
2026-06-23,2.1223,0.0,0.0,0.0,-0.0,1.7536117112405987,策略3 宏观状态,建信上海金ETF联接A
2026-06-24,2.1145,0.0,0.0,0.0,-0.0,1.7536117112405987,策略3 宏观状态,建信上海金ETF联接A
2026-06-25,2.0579,0.0,0.0,0.0,-0.0,1.7536117112405987,策略3 宏观状态,建信上海金ETF联接A
2026-06-26,2.081,0.0,0.0,0.0,0.0,1.7536117112405987,策略3 宏观状态,建信上海金ETF联接A
2026-06-29,2.0964,0.0,0.0,0.0,0.0,1.7536117112405987,策略3 宏观状态,建信上海金ETF联接A
2026-06-30,2.0759,0.0,0.0,0.0,-0.0,1.7536117112405987,策略3 宏观状态,建信上海金ETF联接A
2026-07-01,2.0506,0.0,0.0,0.0,-0.0,1.7536117112405987,策略3 宏观状态,建信上海金ETF联接A
2026-07-02,2.0998,0.0,0.0,0.0,0.0,1.7536117112405987,策略3 宏观状态,建信上海金ETF联接A
2026-07-03,2.1497,0.0,0.0,0.0,0.0,1.7536117112405987,策略3 宏观状态,建信上海金ETF联接A
2026-07-06,2.1432,0.0,0.0,0.0,-0.0,1.7536117112405987,策略3 宏观状态,建信上海金ETF联接A
2026-07-07,2.1332,0.0,0.0,0.0,-0.0,1.7536117112405987,策略3 宏观状态,建信上海金ETF联接A
2026-07-08,2.1297,0.0,0.0,0.0,-0.0,1.7536117112405987,策略3 宏观状态,建信上海金ETF联接A
2026-07-09,2.1197,0.0,0.0,0.0,-0.0,1.7536117112405987,策略3 宏观状态,建信上海金ETF联接A
2026-07-10,2.1205,0.0,0.0,0.0,0.0,1.7536117112405987,策略3 宏观状态,建信上海金ETF联接A
2026-07-13,2.0917,0.0,0.0,0.0,-0.0,1.7536117112405987,策略3 宏观状态,建信上海金ETF联接A
2026-07-14,2.0767,0.0,0.0,0.0,-0.0,1.7536117112405987,策略3 宏观状态,建信上海金ETF联接A
2026-07-15,2.0777,0.0,0.0,0.0,0.0,1.7536117112405987,策略3 宏观状态,建信上海金ETF联接A
2026-07-16,2.0753,0.0,0.0,0.0,-0.0,1.7536117112405987,策略3 宏观状态,建信上海金ETF联接A
2026-07-17,2.0612,0.0,0.0,0.0,-0.0,1.7536117112405987,策略3 宏观状态,建信上海金ETF联接A
2026-07-20,2.0637,0.0,0.0,0.0,0.0,1.7536117112405987,策略3 宏观状态,建信上海金ETF联接A
2026-07-21,2.0989,0.0,0.0,0.0,0.0,1.7536117112405987,策略3 宏观状态,建信上海金ETF联接A
2026-07-22,2.1209,0.0,0.0,0.0,0.0,1.7536117112405987,策略3 宏观状态,建信上海金ETF联接A
2026-07-23,2.1192,0.0,0.0,0.0,-0.0,1.7536117112405987,策略3 宏观状态,建信上海金ETF联接A
2026-07-24,2.0817,0.0,0.0,0.0,-0.0,1.7536117112405987,策略3 宏观状态,建信上海金ETF联接A
2026-07-27,2.1097,0.0,0.0,0.0,0.0,1.7536117112405987,策略3 宏观状态,建信上海金ETF联接A
2026-07-28,2.0849,0.0,0.0,0.0,-0.0,1.7536117112405987,策略3 宏观状态,建信上海金ETF联接A
2026-07-29,2.0816,0.0,0.0,0.0,-0.0,1.7536117112405987,策略3 宏观状态,建信上海金ETF联接A
2026-07-30,2.0773,0.0,0.0,0.0,-0.0,1.7536117112405987,策略3 宏观状态,建信上海金ETF联接A
2026-07-31,2.0918,0.0,0.0,0.0,0.0,1.7536117112405987,策略3 宏观状态,建信上海金ETF联接A
2026-08-03,2.0882,0.0,0.0,0.0,-0.0,1.7536117112405987,策略3 宏观状态,建信上海金ETF联接A
2026-08-04,2.0875,0.0,0.0,0.0,-0.0,1.7536117112405987,策略3 宏观状态,建信上海金ETF联接A
2026-08-05,2.1398,0.0,0.0,0.0,0.0,1.7536117112405987,策略3 宏观状态,建信上海金ETF联接A
2026-08-06,2.1809,0.0,0.0,0.0,0.0,1.7536117112405987,策略3 宏观状态,建信上海金ETF联接A
2026-08-07,2.2014,0.0,0.0,0.0,0.0,1.7536117112405987,策略3 宏观状态,建信上海金ETF联接A
2026-08-10,2.2309,0.0,0.0,0.0,0.0,1.7536117112405987,策略3 宏观状态,建信上海金ETF联接A
2026-08-11,2.237,0.0,0.0,0.0,0.0,1.7536117112405987,策略3 宏观状态,建信上海金ETF联接A
2026-08-12,2.2563,0.0,0.0,0.0,0.0,1.7536117112405987,策略3 宏观状态,建信上海金ETF联接A
2026-08-13,2.2442,0.0,0.0,0.0,-0.0,1.7536117112405987,策略3 宏观状态,建信上海金ETF联接A
2026-08-14,2.2192,0.0,0.0,0.0,-0.0,1.7536117112405987,策略3 宏观状态,建信上海金ETF联接A
2026-08-17,2.2493,0.0,0.0,0.0,0.0,1.7536117112405987,策略3 宏观状态,建信上海金ETF联接A
2026-08-18,2.2518,0.0,0.0,0.0,0.0,1.7536117112405987,策略3 宏观状态,建信上海金ETF联接A
2026-08-19,2.2269,0.0,0.0,0.0,-0.0,1.7536117112405987,策略3 宏观状态,建信上海金ETF联接A
2026-08-20,2.2885,0.0,0.0,0.0,0.0,1.7536117112405987,策略3 宏观状态,建信上海金ETF联接A
2026-08-21,2.3227,0.0,0.0,0.0,0.0,1.7536117112405987,策略3 宏观状态,建信上海金ETF联接A
2026-08-24,2.369,0.0,0.0,0.0,0.0,1.7536117112405987,策略3 宏观状态,建信上海金ETF联接A
2026-08-25,2.3653,0.0,0.0,0.0,-0.0,1.7536117112405987,策略3 宏观状态,建信上海金ETF联接A
2026-08-26,2.36,0.0,0.0,0.0,-0.0,1.7536117112405987,策略3 宏观状态,建信上海金ETF联接A
2026-08-27,2.3445,0.0,0.0,0.0,-0.0,1.7536117112405987,策略3 宏观状态,建信上海金ETF联接A
2026-08-28,2.3474,0.0,0.0,0.0,0.0,1.7536117112405987,策略3 宏观状态,建信上海金ETF联接A
2026-08-31,2.267,0.6,0.6,0.008866995073891548,-0.008866995073891548,1.7380624448355098,策略3 宏观状态,建信上海金ETF联接A
2026-09-01,2.2617,0.6,0.6,0.0,-0.0014027348919277039,1.73562440399979,策略3 宏观状态,建信上海金ETF联接A
2026-09-02,2.2075,0.6,0.6,0.0,-0.014378564796392056,1.7106686160446793,策略3 宏观状态,建信上海金ETF联接A
2026-09-03,2.2563,0.6,0.6,0.0,0.013263873159682847,1.733358707586146,策略3 宏观状态,建信上海金ETF联接A
2026-09-04,2.2737,0.6,0.6,0.0,0.004627044276027048,1.7413790350723841,策略3 宏观状态,建信上海金ETF联接A
