date,full_day,valid_bars,zero_volume_bars,g_close,s_close,g_open,s_open,grv,goc,srv,soc,qrv,gscov,qoc,governight,gtotalrv,gret,sovernight,stotalrv,sret,log_ratio,qret,grv1,grv5,grv22,srv1,srv5,srv22,q_abs,q_scaled,q_pressure,log_gvz,log_vix,gret5,future_rv_1_gap0,future_totalrv_1_gap0,end_1_gap0,future_rv_5_gap0,future_totalrv_5_gap0,end_5_gap0,future_rv_1_gap1,future_totalrv_1_gap1,end_1_gap1,future_rv_5_gap1,future_totalrv_5_gap1,end_5_gap1
2024-09-23,False,5,1,49.599998474121094,29.299999237060547,,,,,,,,,,,,,,,,0.5264033129830616,,,,,,,,,,,,,,-10.812044236820267,-10.396878691261861,2024-09-24,-10.822204577104406,-10.42232230665224,2024-09-30,-11.002434406569122,-10.992997182602842,2024-09-25,-10.760438768677512,-10.020129717395125,2024-10-01
2024-09-24,True,7,0,50.310001373291016,30.780000686645508,49.7599983215332,29.600000381469727,2.0155280651760633e-05,0.01089306711084657,0.0005644398627245948,0.03892828545756967,0.0004344640229370972,7.506556021962911e-05,-0.028035218346723102,0.003220611732483714,3.052762058317238e-05,0.014213088832614407,0.010186884233373246,0.0006682124731087432,0.0492776607347718,0.4913387410809043,-0.03506457190215739,-10.812044236820267,,,-7.479676711981117,,,0.03506457190215739,,,2.8746939451769347,2.765690002154839,,-11.002434406569122,-10.992997182602842,2024-09-25,-10.760438768677512,-10.020129717395125,2024-10-01,-11.441267048875982,-10.898635955458332,2024-09-26,-10.752677206777,-10.01712791216178,2024-10-02
2024-09-25,True,7,0,50.25,30.43000030517578,50.33000183105469,30.489999771118164,1.666109150993111e-05,-0.0017898016003321479,0.00017762874202055344,-0.002627256821794613,0.0001330977000344467,3.059606674801894e-05,0.0008374552214624655,0.0003974653694390314,1.6819070229834415e-05,-0.001193344860623391,-0.00946639722552445,0.00026724141845197043,-0.01143617678124409,0.5015815730015253,0.010242831920620699,-11.002434406569122,,,-8.635814904798874,,,0.010242831920620699,,,2.9580304063699794,2.733717970158959,,-11.441267048875982,-10.898635955458332,2024-09-26,-10.752677206777,-10.01712791216178,2024-10-02,-10.697092234296793,-10.403788649772153,2024-09-27,-10.79298680689868,-10.006416994000078,2024-10-03
2024-09-26,True,7,0,50.5,30.65999984741211,50.38999938964844,30.700000762939453,1.0742883217820701e-05,0.0020815697456757366,4.920164255192726e-05,-0.001466875830812254,2.5676760086333483e-05,1.713388284170724e-05,0.003548445576487991,0.0027821836407681167,1.848342902877843e-05,0.004962789342129348,0.008833705506939186,0.00012723599553525497,0.007529894529234138,0.49901446781442,-0.00256710518710479,-11.441267048875982,,,-9.919583549821512,,,0.00256710518710479,,,2.9512577834521614,2.7350166394301496,,-10.697092234296793,-10.403788649772153,2024-09-27,-10.79298680689868,-10.006416994000078,2024-10-03,-10.428147742618368,-9.851732158053702,2024-09-30,-10.761302691467515,-10.004592687189632,2024-10-04
2024-09-27,True,7,0,50.09000015258789,30.219999313354492,50.36000061035156,30.739999771118164,2.261058871277184e-05,-0.005375830880114962,0.00015563081438857795,-0.016729937016045433,8.030921084106904e-05,4.896609613014036e-05,0.011354106135930471,-0.0027761149853989314,3.0317403124928348e-05,-0.008151945865514154,0.0026058621978226784,0.0001624213321826192,-0.01445493434385936,0.5053174562927655,0.006302988478345206,-10.697092234296793,,,-8.768023929910196,,,0.006302988478345206,,,2.9349201341572337,2.7324175501047714,,-10.428147742618368,-9.851732158053702,2024-09-30,-10.761302691467515,-10.004592687189632,2024-10-04,-10.53794474416267,-9.169197605871798,2024-10-01,-10.995222702546464,-10.213639197151947,2024-10-07
2024-09-30,True,7,0,49.70000076293945,29.75,49.849998474121094,29.84000015258789,2.958782074520397e-05,-0.0032147878213822645,0.00010622693219886135,-0.0028526235570658764,3.765937320232271e-05,4.9077689870871296e-05,-0.0003621642643163881,-0.004802924617359376,5.265590562524068e-05,-0.007816441962322784,-0.012654153673939092,0.00026635453740252754,-0.015674802131395715,0.5131758164618386,0.007858360169072931,-10.428147742618368,-10.822204577104406,,-9.149932882447857,-8.46542841400399,,0.007858360169072931,,,2.922623801733353,2.8308575763821904,0.002014145486283425,-10.53794474416267,-9.169197605871798,2024-10-01,-10.995222702546464,-10.213639197151947,2024-10-07,-10.954001179930012,-10.954001179930012,2024-10-02,-10.507627338470666,-10.343886364950523,2024-10-08
2024-10-01,True,7,0,50.209999084472656,29.950000762939453,50.13999938964844,30.139999389648438,2.6511160991124475e-05,0.0015942974793495962,2.5914054929220714e-05,-0.006657776118721892,2.5144356128791074e-05,1.3640429895777059e-05,0.008252073598071489,0.008814132103722934,0.00010420008573300374,0.010209243359172504,0.013024040956160844,0.0001955396977569758,0.006700218043590667,0.5166848417774204,0.0035090253155818374,-10.53794474416267,-10.760438768677512,,-10.560725075086339,-9.181554322426951,,0.0035090253155818374,,,2.89480635496403,2.817203487636887,-0.0019896999871584775,-10.954001179930012,-10.954001179930012,2024-10-02,-10.507627338470666,-10.343886364950523,2024-10-08,-11.940960429497796,-10.776414255318207,2024-10-03,-10.585745191083669,-10.275521901208032,2024-10-09
2024-10-02,True,7,0,50.220001220703125,30.3799991607666,50.209999084472656,30.520000457763672,1.7487902882411838e-05,0.00039825683595133294,9.163236713042967e-05,-0.004433148295022818,4.613770369713753e-05,3.1491283157852e-05,0.004831405130974151,0.0,1.7487902882411838e-05,0.00019918622390013851,0.018852871379836468,0.0004470631263950867,0.014255119507861291,0.5026289084934593,-0.014055933283961153,-10.954001179930012,-10.752677206777,,-9.297725995746353,-9.364410828890346,,0.014055933283961153,,,2.9215473753646144,2.9580304182537716,-0.000597168902634948,-11.940960429497796,-10.776414255318207,2024-10-03,-10.585745191083669,-10.275521901208032,2024-10-09,-10.560606032571789,-10.390295692298416,2024-10-04,-10.507250276578512,-10.245845998952978,2024-10-10
2024-10-03,True,7,0,50.20000076293945,30.6200008392334,50.029998779296875,30.280000686645508,6.517886249189716e-06,0.003292612962995097,6.528220517113871e-05,0.010839321651150128,3.6545668657936214e-05,1.7627211381196095e-05,-0.00754670868815503,-0.0037905769358592923,2.0886359755858136e-05,-0.0003983361408694819,-0.0032970182973068394,7.61525348239148e-05,0.007868948094460926,0.4943616242581288,-0.008267284235330408,-11.940960429497796,-10.79298680689868,,-9.636791067683822,-9.327579214641421,,0.008267284235330408,,,2.8942531046041373,2.939161901882013,-0.005958294385633778,-10.560606032571789,-10.390295692298416,2024-10-04,-10.507250276578512,-10.245845998952978,2024-10-10,-11.804038314030757,-11.509896041288197,2024-10-07,-10.618883650801322,-10.089248344627332,2024-10-11
2024-10-04,True,7,0,50.08000183105469,30.770000457763672,50.09000015258789,30.59000015258789,2.5917139987104556e-05,-9.984663154416701e-05,0.00038144321114550746,0.00554198892736074,0.00027695379639991057,6.520327736635069e-05,-0.005641835558904906,-0.0021936514798805594,3.072924680228672e-05,-0.0023932785412443813,-0.0009802544865770162,0.0003824041100039618,0.004886786573345958,0.48708155914353823,-0.0072800651145903394,-10.560606032571789,-10.761302691467515,,-7.871548575081478,-8.916926601272419,,0.0072800651145903394,,,2.905807566026004,3.0199369510803917,-0.000199627061364005,-11.804038314030757,-11.509896041288197,2024-10-07,-10.618883650801322,-10.089248344627332,2024-10-11,-9.44304384876178,-9.411098164165551,2024-10-08,-10.626243585691782,-10.10290459745007,2024-10-14
2024-10-07,True,7,0,49.91999816894531,30.309999465942383,50.0,30.389999389648438,7.474313263356897e-06,-0.0016013180467559954,1.9269513050830787e-05,-0.002965899508937833,2.5974938114033516e-05,3.844441000770857e-07,0.0013645814621818372,-0.0015987579262899214,1.0030340170231746e-05,-0.003200075973046168,-0.012426617366156882,0.00017369033221570256,-0.015062530761035031,0.4989440139315274,0.011862454787988863,-11.804038314030757,-10.995222702546464,,-10.85698634566368,-9.055833153269962,,0.011862454787988863,,,2.8610573702273894,2.9554309291215706,0.004416738927912611,-9.44304384876178,-9.411098164165551,2024-10-08,-10.626243585691782,-10.10290459745007,2024-10-14,-11.838594445904913,-10.452512281279144,2024-10-09,-11.35594907823446,-10.48749392699616,2024-10-15
2024-10-08,True,7,0,49.540000915527344,29.34000015258789,49.84000015258789,29.760000228881836,7.923885002771322e-05,-0.006037434998971001,0.0005255435395033387,-0.01523648115401581,0.00022838786891123933,0.00018819726030990628,0.00919904615504481,-0.0016038098406376542,8.181105603263939e-05,-0.007641244839608596,-0.018312455794049845,0.0008608895767123684,-0.032525895534349036,0.5238286646262679,0.02488465069474044,-9.44304384876178,-10.507627338470666,,-7.551077517600192,-8.437300492530769,,0.02488465069474044,,,2.8741294517947424,3.1197182263759906,-0.01343374927086849,-11.838594445904913,-10.452512281279144,2024-10-09,-11.35594907823446,-10.48749392699616,2024-10-15,-10.99193898635871,-10.5544520353341,2024-10-10,-11.198985308489233,-10.23979156258686,2024-10-16
2024-10-09,True,7,0,49.27000045776367,29.18000030517578,49.310001373291016,28.920000076293945,7.2204415825996695e-06,-0.0007100440808096356,8.766946649248423e-05,0.008607386566456205,6.419953021027172e-05,1.5345188932406086e-05,-0.00931743064726584,-0.0046535144555946515,2.8875638371028053e-05,-0.005465056694988757,-0.014418377986846396,0.00029555909026406096,-0.005468224362485508,0.5238318322937643,3.1676674967506813e-06,-11.838594445904913,-10.585745191083669,,-9.341936877787974,-8.44096581252658,,3.1676674967506813e-06,,,2.8701690505786455,3.0643250685814114,-0.019097992189757385,-10.99193898635871,-10.5544520353341,2024-10-10,-11.198985308489233,-10.23979156258686,2024-10-16,-11.374981425770182,-9.707527814183926,2024-10-11,-11.176945070297524,-10.246042839709977,2024-10-17
2024-10-10,True,7,0,49.650001525878906,29.709999084472656,49.41999816894531,29.309999465942383,1.683687752692721e-05,0.004506257292605351,0.00013963100074360863,0.013891460243941483,7.791083780832022e-05,3.927852023110781e-05,-0.00938520295133613,0.0030397776627867404,2.6077125766104428e-05,0.007683035377095582,0.004445182948769036,0.0001593906521916356,0.018000105106026787,0.5135147625648333,-0.010317069728931205,-10.99193898635871,-10.507250276578512,,-8.876507323925573,-8.37434321242847,,0.010317069728931205,,,2.8690346205080335,3.0378334788320487,-0.011016620671792321,-11.374981425770182,-9.707527814183926,2024-10-11,-11.176945070297524,-10.246042839709977,2024-10-17,-11.931800008149903,-11.83944159907269,2024-10-14,-11.074894293275248,-10.326814209840544,2024-10-18
2024-10-11,True,7,0,50.15999984741211,30.139999389648438,50.0,29.979999542236328,1.1479113104415317e-05,0.003394196571010869,4.48384650199059e-05,0.005654433115315573,2.2956575967875375e-05,1.668050107822292e-05,-0.0022602365443047034,0.007024584204257901,6.0823896347124925e-05,0.01021947205875362,0.009046818746428337,0.0001266833944506331,0.014369514288744778,0.5093647203348421,-0.004150042229991158,-11.374981425770182,-10.618883650801322,,-10.012444192730158,-8.719368147387597,,0.004150042229991158,,,2.848970892158587,3.041183551038691,0.0015961299282056807,-11.931800008149903,-11.83944159907269,2024-10-14,-11.074894293275248,-10.326814209840544,2024-10-18,-11.019199206377785,-11.0167708331292,2024-10-15,-10.861226977779012,-10.041666623316678,2024-10-21
2024-10-14,True,7,0,50.099998474121094,29.889999389648438,50.119998931884766,29.81999969482422,6.577867139210257e-06,-0.00039913108255534716,9.624196562517589e-05,0.002177390832308109,7.859872660003991e-05,1.2110553082173111e-05,-0.002576521914863456,-0.000797784565932551,7.2143273528504454e-06,-0.0011969156484878951,-0.010673873845136959,0.00021017354848707474,-0.008329217071878503,0.5164970217582328,0.007132301423390608,-11.931800008149903,-10.626243585691782,,-9.248645062304677,-8.6293272207383,,0.007132301423390608,,,2.848970892158587,3.0184717157762972,0.0035992902527639536,-11.019199206377785,-11.0167708331292,2024-10-15,-10.861226977779012,-10.041666623316678,2024-10-21,-10.972787677161792,-9.595088755317985,2024-10-16,-10.97386787979204,-9.889331555451124,2024-10-22
2024-10-15,True,7,0,50.279998779296875,30.09000015258789,50.09000015258789,29.889999389648438,1.6384099987423456e-05,0.0035870963947845537,9.361297694060316e-05,0.006336540669349879,4.261040932551813e-05,3.3693333801254254e-05,-0.0027494442745653255,-0.00019958721835393084,1.6423935045153717e-05,0.003586381809787209,0.0,9.361297694060316e-05,0.006668939837082721,0.5134144637309376,-0.003082558027295512,-11.019199206377785,-11.35594907823446,,-9.276341541562903,-9.289396837366043,,0.003082558027295512,,,2.8604851241459652,2.9806186744718333,0.014826916902159759,-10.972787677161792,-9.595088755317985,2024-10-16,-10.97386787979204,-9.889331555451124,2024-10-22,-10.905223648331537,-10.59807092600268,2024-10-17,-10.569894799705422,-9.879426233992936,2024-10-23
2024-10-16,True,7,0,50.529998779296875,30.280000686645508,50.63999938964844,30.530000686645508,1.716243323300015e-05,-0.0023724592398356326,9.666589540459815e-05,-0.0075621419018285126,6.727998230894968e-05,2.3274173164324305e-05,0.00518968266199288,0.007134406339223527,6.806218704615301e-05,0.004959835701888071,0.014516933524627807,0.0003074072543630609,0.0062945555327798,0.5120797439000454,-0.0013347198308917285,-10.972787677161792,-11.198985308489233,,-9.244249902256815,-9.27011096314611,,0.0013347198308917285,,,2.8553201198372458,3.0272309110420648,0.025251809299036587,-10.905223648331537,-10.59807092600268,2024-10-17,-10.569894799705422,-9.879426233992936,2024-10-23,-10.87127190546211,-9.964265684708302,2024-10-18,-10.297762711738669,-9.474942608182308,2024-10-24
2024-10-17,True,7,0,50.84000015258789,30.25,50.65999984741211,30.309999465942383,1.8362066064964824e-05,0.0033501259203908493,6.480821170101474e-05,-0.00198148897301219,5.31340505151857e-05,1.5018113625396948e-05,0.005331614893403039,0.0025694464157006765,2.496412094812188e-05,0.00611625417675965,0.0009902222040791974,6.57887517144662e-05,-0.00099126676893313,0.5191872648457383,0.00710752094569278,-10.905223648331537,-11.176945070297524,,-9.644078238853734,-9.443111331693101,,0.00710752094569278,,,2.851284369188118,2.97450863320584,0.023685028098700656,-10.87127190546211,-9.964265684708302,2024-10-18,-10.297762711738669,-9.474942608182308,2024-10-24,-10.595233223721538,-9.700810641478647,2024-10-21,-10.302586767425005,-9.532620754915119,2024-10-25
2024-10-18,True,7,0,51.369998931884766,32.119998931884766,51.11000061035156,30.860000610351562,1.8996194174595625e-05,0.004976854623364797,0.0003360057126718152,0.039395115887705445,0.0002837687264830935,3.561659018165864e-05,-0.03441826126434065,0.005296735399519955,4.705160006712344e-05,0.01037087436399986,0.019964682236244622,0.0007345942494660367,0.05998267134781088,0.46957546786192705,-0.04961179698381102,-10.87127190546211,-11.074894293275248,,-7.998382396146153,-8.892127015427908,,0.04961179698381102,,,2.866192902199006,2.9502117901910383,0.023836430403946895,-10.595233223721538,-9.700810641478647,2024-10-21,-10.302586767425005,-9.532620754915119,2024-10-25,-11.996822617774956,-9.859424302291997,2024-10-22,-10.440603305237152,-9.702119598841119,2024-10-28
2024-10-21,True,7,0,51.380001068115234,32.31999969482422,51.68000030517578,32.630001068115234,2.503506229869436e-05,-0.0060165416928619625,0.00015843808867875328,-0.01016493673118192,8.768437331338369e-05,4.789438883203195e-05,0.0041483950383199575,0.006016541692862033,6.123383624064149e-05,0.00019468878368966713,0.015753287514714904,0.00040660415620002576,0.006207368385913181,0.4635627882597036,-0.006012679602223514,-10.595233223721538,-10.861226977779012,,-8.750146648659026,-8.805500945703702,,0.006012679602223514,,,2.87751164216656,2.8920370752987252,0.025228034836124458,-11.996822617774956,-9.859424302291997,2024-10-22,-10.440603305237152,-9.702119598841119,2024-10-28,-9.723995106747589,-9.558674453857352,2024-10-23,-10.217415000118212,-9.664157370507077,2024-10-29
2024-10-22,True,7,0,51.91999816894531,33.22999954223633,51.72999954223633,32.90999984741211,6.1637659125616804e-06,0.0036661619626581904,6.65132074350921e-05,0.009977462163909361,5.4169153554513576e-05,9.253909896570101e-06,-0.006311300201251171,0.006788862696050751,5.225242261839116e-05,0.010455024658708734,0.018090334108153475,0.00039377339557971307,0.02776684438031385,0.4462509685380989,-0.017311819721605115,-11.996822617774956,-10.97386787979204,,-9.618110021975935,-8.842326396284017,,0.017311819721605115,,,2.900871992530031,2.9107189449120305,0.03209667768504598,-9.723995106747589,-9.558674453857352,2024-10-23,-10.217415000118212,-9.664157370507077,2024-10-29,-9.746199807386217,-8.787484512027294,2024-10-24,-10.546950334730948,-9.853942835409235,2024-10-30
2024-10-23,True,7,0,51.290000915527344,32.150001525878906,51.75,32.58000183105469,5.9830493229469245e-05,-0.00883118630235595,0.00022249743879852624,-0.012975219809581554,8.271286864193758e-05,9.980753169302895e-05,0.004144033507225604,-0.0032796049835085946,7.058630207732365e-05,-0.012208217877793803,-0.01975440921518939,0.0006127341222396858,-0.033040570446019935,0.46708332110632483,0.02083235256822613,-9.723995106747589,-10.569894799705422,-10.760323689070516,-8.41059496744209,-8.681758142842801,-8.726474374758324,0.02083235256822613,,,2.930126516455997,2.901421636002499,0.014928624105364108,-9.746199807386217,-8.787484512027294,2024-10-24,-10.546950334730948,-9.853942835409235,2024-10-30,-10.914908227352926,-10.575126727185443,2024-10-25,-10.48280485195546,-9.963459579763576,2024-10-31
2024-10-24,True,7,0,51.68000030517578,32.150001525878906,51.790000915527344,32.650001525878906,5.8516616145254894e-05,-0.0023197912518747007,0.0005075061282761704,-0.015899175865348364,0.0002376637885920548,0.0001641794779146853,0.013579384613473664,0.00970127886229238,0.00015263142770921583,0.007575046128257323,0.015432404311993263,0.0007456652311249987,0.0,0.474658367234582,0.007575046128257323,-9.746199807386217,-10.297762711738669,-10.68137167117423,-7.5860017717002135,-8.26180661769396,-8.742554660755149,0.007575046128257323,0.746494158992775,,2.9433857931817817,2.956991433341415,0.01638741605686178,-10.914908227352926,-10.575126727185443,2024-10-25,-10.48280485195546,-9.963459579763576,2024-10-31,-12.58824230006707,-12.256312954788438,2024-10-28,-10.540886667575657,-9.993263597602828,2024-11-01
2024-10-25,True,7,0,51.79999923706055,32.18000030517578,51.540000915527344,32.02000045776367,1.818509551100583e-05,0.004935361170454465,0.00019351448096755928,0.0021837380120155857,0.00011843290165592189,4.663333741132161e-05,0.0027516231584388783,-0.002712642391798536,2.554352425678831e-05,0.0023192691574256408,-0.004051776280120371,0.00020993137199170535,0.0009326529027675612,0.4760449834892402,0.0013866162546580796,-10.914908227352926,-10.302586767425005,-10.678360259577582,-8.550158211252938,-8.37876314069677,-8.738041844268308,0.0013866162546580796,0.14299861942458872,,2.926382195419198,2.948640662021506,0.008335810850287562,-12.58824230006707,-12.256312954788438,2024-10-28,-10.540886667575657,-9.993263597602828,2024-11-01,-10.061337247143346,-9.65532794248617,2024-10-29,-10.549283033251994,-9.951825717428248,2024-11-04
2024-10-28,True,7,0,51.779998779296875,32.18000030517578,51.7400016784668,32.16999816894531,3.4118963732233094e-06,0.0009658889151935531,7.625789656167212e-05,0.00031086671478444856,5.30352595594306e-05,1.331726668773242e-05,0.000655022200409105,-0.0011589253385841272,4.755004313635643e-06,-0.0003861837882848107,-0.00031086671478441067,7.635453467603298e-05,0.0,0.47565879970095554,-0.0003861837882848107,-12.58824230006707,-10.440603305237152,-10.692930027682225,-9.481389586374318,-8.453008652886536,-8.730402283730598,0.0003861837882848107,0.03996819217843889,,2.9381031607173544,3.012097623887479,0.007754938278313084,-10.061337247143346,-9.65532794248617,2024-10-29,-10.549283033251994,-9.951825717428248,2024-11-04,-11.669005613900147,-11.062807979784456,2024-10-30,-10.639093402802423,-10.042103077171666,2024-11-05
2024-10-29,True,7,0,52.36000061035156,32.900001525878906,52.02000045776367,32.65999984741211,4.2698906492039245e-05,0.00647075123973737,0.00020942683115246307,0.007017558773297745,8.011140657884034e-05,8.600716553283099e-05,-0.0005468075335603754,0.004624318071676794,6.408322412007583e-05,0.011139001949936667,0.014805931822671597,0.00042864244829006254,0.022127553102987196,0.46467024854790484,-0.01098855115305053,-10.061337247143346,-10.217415000118212,-10.653501419162566,-8.47113613424787,-8.327231911964454,-8.715383745639855,0.01098855115305053,1.1297635323394215,,2.9090844668283187,2.9856818991681933,0.008438915569541017,-11.669005613900147,-11.062807979784456,2024-10-30,-10.639093402802423,-10.042103077171666,2024-11-05,-9.607548952943802,-8.984153438520437,2024-10-31,-10.579986207236805,-8.343774821814389,2024-11-06
2024-10-30,True,7,0,52.650001525878906,32.27000045776367,52.5,32.209999084472656,8.554906209653473e-06,0.0027581064064369385,1.6484682964758545e-05,0.0017060975515634843,1.6646698031180867e-05,4.196445571615577e-06,0.0010520088548734543,0.002670216899050023,1.5684964497625793e-05,0.00552331486301183,-0.021195769231215095,0.0004657453162676831,-0.019334683901327754,0.48952824731224426,0.024857998764339584,-11.669005613900147,-10.546950334730948,-10.694822873487086,-11.01307891336597,-8.514008248812202,-8.740564797038347,0.024857998764339584,2.5558415056517005,,2.9183111265854063,2.9621754979149046,0.02617044831034665,-9.607548952943802,-8.984153438520437,2024-10-31,-10.579986207236805,-8.343774821814389,2024-11-06,-11.485181949710915,-10.890749358132611,2024-11-01,-10.497513094313193,-8.292212958824539,2024-11-07
2024-10-31,True,7,0,51.84000015258789,31.219999313354492,52.25,31.790000915527344,6.721938041753002e-05,-0.007684985598100191,0.00026302235037604373,-0.01841327677367046,8.419492096585654e-05,0.0001230234049138586,0.010728291175570268,-0.007626376716619417,0.00012538100224132479,-0.01550421257408141,-0.014986216527360263,0.00048760903618096964,-0.033079127155779986,0.5071031618939429,0.017574914581698575,-9.607548952943802,-10.48280485195546,-10.616334213041958,-8.243271546978894,-8.793333800827748,-8.67536180161825,0.017574914581698575,1.8162041701122138,,2.9274534328006965,3.013080930634045,0.003091189608007916,-11.485181949710915,-10.890749358132611,2024-11-01,-10.497513094313193,-8.292212958824539,2024-11-07,-12.97963858579734,-11.146623054305094,2024-11-04,-10.485824876146289,-8.29156384421029,2024-11-08
2024-11-01,True,7,0,51.619998931884766,30.93000030517578,51.9900016784668,31.5,1.028131950444299e-05,-0.006948505100602792,9.457575725161895e-05,-0.017937683425594157,5.120034555559388e-05,2.6828365600234024e-05,0.010989178324991366,0.002889369692581655,1.86297767248524e-05,-0.004252881388878471,0.008928652738071958,0.0001742965969686988,-0.00933229652987766,0.5121825770349422,0.005079415140999188,-11.485181949710915,-10.540886667575657,-10.629787866910592,-9.266109380587265,-8.933060942420807,-8.674578522032336,0.005079415140999188,0.5175451941091566,,2.968361076757859,3.142426646116371,-0.003480960938296196,-12.97963858579734,-11.146623054305094,2024-11-04,-10.485824876146289,-8.29156384421029,2024-11-08,-10.36738732595683,-10.042266717409905,2024-11-05,-10.337827798427915,-7.9708682747431965,2024-11-11
2024-11-04,True,7,0,51.70000076293945,31.030000686645508,51.79999923706055,31.209999084472656,2.306824658457735e-06,-0.0020290754016107737,3.213141284831482e-05,-0.0054618021381650905,2.5056759550782915e-05,4.690738977994824e-06,0.003432726736554317,0.0034809609382962237,1.4423913712401861e-05,0.0015486226728524954,0.009011930384626882,0.00011334630210567604,0.0032279040250910995,0.5105032956827037,-0.001679281352238604,-12.97963858579734,-10.549283033251994,-10.637733919735734,-10.345676412933232,-9.002284412771498,-8.683436096147384,0.001679281352238604,0.17089914155222252,,2.9595868269176377,3.0855729391975917,-0.0015461544771588898,-10.36738732595683,-10.042266717409905,2024-11-05,-10.337827798427915,-7.9708682747431965,2024-11-11,-11.052364262609686,-6.920427340906836,2024-11-06,-10.36762951746125,-7.974169058319636,2024-11-12
2024-11-05,True,7,0,51.810001373291016,31.170000076293945,51.880001068115234,31.440000534057617,3.144132882227678e-05,-0.0015432454995556186,6.543417052870959e-05,-0.008464517454268492,1.7156277286699352e-05,3.985961103214351e-05,0.006921271954712873,0.0034755837649989947,4.352101132980137e-05,0.0021254110615567257,0.013126483958842017,0.0002377387516504464,0.00450159563818886,0.508127111106071,-0.0023761845766321343,-10.36738732595683,-10.639093402802423,-10.62732292334863,-9.634465950800497,-9.26871473284488,-8.772059285084149,0.0023761845766321343,0.24247906558131957,,2.991222118076105,3.0901329281491026,-0.01055974536553883,-11.052364262609686,-6.920427340906836,2024-11-06,-10.36762951746125,-7.974169058319636,2024-11-12,-9.456932064354396,-8.577392506299121,2024-11-07,-9.955494299909715,-8.670667440905909,2024-11-13
2024-11-06,True,7,0,50.22999954223633,29.81999969482422,50.220001220703125,29.520000457763672,1.584963220551344e-05,0.00039817753236525344,0.00019732812912486405,0.009104782218726848,0.00011614527848506284,4.851624142265732e-05,-0.008706604686361594,-0.031169829296439182,0.0009874078905746718,-0.030970758684388144,-0.05438808098774694,0.003155391482654584,-0.04427679712425503,0.5214331495459386,0.013306038439866885,-11.052364262609686,-10.579986207236805,-10.611742518369537,-8.530642584774197,-8.944149867480027,-8.721161593600245,0.013306038439866885,1.449892213026594,,2.9750192319564492,3.0199369510803917,-0.047053818912938805,-9.456932064354396,-8.577392506299121,2024-11-07,-9.955494299909715,-8.670667440905909,2024-11-13,-11.338631740961073,-10.848027280659014,2024-11-08,-10.168244447134636,-8.844544503692632,2024-11-14
2024-11-07,True,7,0,51.060001373291016,30.520000457763672,50.7599983215332,30.299999237060547,7.814597043530758e-05,0.005696919886264513,0.00024013860669395968,0.006742889756673101,6.658805229297662e-05,0.0001258482624181453,-0.0010459698704085888,0.010496161130863223,0.0001883153689203515,0.016388990060369313,0.015968388233140538,0.0004951280294582609,0.02320292231240284,0.5146192172939045,-0.006813932252033528,-9.456932064354396,-10.497513094313193,-10.613761857563846,-8.334294273435836,-8.979850945474874,-8.80404443447881,0.006813932252033528,0.7250474179621624,,2.869601996409779,2.78932294936639,-0.015160616278488082,-11.338631740961073,-10.848027280659014,2024-11-08,-10.168244447134636,-8.844544503692632,2024-11-14,-10.61349699482824,-7.624769704112064,2024-11-11,-10.18837871178873,-8.853213789175328,2024-11-15
2024-11-08,True,7,0,50.70000076293945,29.850000381469727,50.91999816894531,30.350000381469727,1.1904051650526026e-05,-0.004329812084512372,0.00013469918885335234,-0.01677923146096629,7.526563870679724e-05,3.566880089854055e-05,0.01244941937645392,-0.002745700979205192,1.9442925517734376e-05,-0.0070755130637176755,-0.0055856913405396185,0.00016589913660513162,-0.022197368796899486,0.5297410730270865,0.01512185573318181,-11.338631740961073,-10.485824876146289,-10.605136404476967,-8.91246649644172,-8.918071572583717,-8.789905269816877,0.01512185573318181,1.6805566170153128,,2.854744580253014,2.721295415303884,-0.017983247953327286,-10.61349699482824,-7.624769704112064,2024-11-11,-10.18837871178873,-8.853213789175328,2024-11-15,-10.531336155066246,-10.182400130799886,2024-11-12,-10.26124687702509,-9.209888961204179,2024-11-18
2024-11-11,True,7,0,49.5099983215332,29.309999465942383,49.619998931884766,29.299999237060547,2.4581977761737678e-05,-0.002219321265993446,3.721845183701144e-05,0.0003412465176651294,1.2180936658624221e-05,2.480974647006245e-05,-0.0025605677836585752,-0.021531968907499675,0.00048820766279527043,-0.02375129017349309,-0.018597362634034244,0.00038308034877878455,-0.018256116116369014,0.5242458989699625,-0.005495174057124075,-10.61349699482824,-10.337827798427915,-10.591034080017229,-10.19870590253704,-8.91050463486732,-8.820955358483353,0.005495174057124075,0.6088140279691361,,2.7669478423496954,2.704042151617877,-0.04328316079967287,-10.531336155066246,-10.182400130799886,2024-11-12,-10.26124687702509,-9.209888961204179,2024-11-18,-9.251040780716155,-8.995821173508011,2024-11-13,-10.311523366078301,-9.15098435547299,2024-11-19
2024-11-12,True,7,0,49.08000183105469,29.389999389648438,49.345001220703125,29.329999923706055,2.6686942554898367e-05,-0.005282997869494088,7.020698478250615e-05,0.0027238669894697545,2.8429193413809506e-05,3.4232366961797504e-05,-0.008006864858963842,-0.003338167109657564,3.78303022068979e-05,-0.008722978321496822,0.0006821438863368798,7.067230506417293e-05,0.002725723161707716,0.5127971974867579,-0.011448701483204538,-10.531336155066246,-10.36762951746125,-10.563909139699172,-9.56406275355584,-8.903456792141522,-8.813173670454447,0.011448701483204538,1.2923274455109401,,2.7738379416402132,2.7060482162691324,-0.05413155018272642,-9.251040780716155,-8.995821173508011,2024-11-13,-10.311523366078301,-9.15098435547299,2024-11-19,-10.329253039217715,-9.87542540072462,2024-11-14,-11.035365045064905,-9.38398523158431,2024-11-20
2024-11-13,True,7,0,48.59000015258789,28.920000076293945,49.34000015258789,29.579999923706055,9.601167294452477e-05,-0.01511161468402794,0.0002944343042438574,-0.022219325166603732,7.264009084670872e-05,0.00015890294317083675,0.0071077104825757915,0.005283457043527845,0.00012392659127532875,-0.01003390559213635,0.006443995039907951,0.00033595937631821567,-0.016121059734837573,0.5188843516294592,0.006087154142701223,-9.251040780716155,-9.955494299909715,-10.417757530699676,-8.130454655330329,-8.769897466845078,-8.754377782210405,0.006087154142701223,0.6860305453767577,,2.7880929087757464,2.688527537206614,-0.03319469709047462,-10.329253039217715,-9.87542540072462,2024-11-14,-11.035365045064905,-9.38398523158431,2024-11-20,-11.726123926465274,-11.23371543646517,2024-11-15,-11.411159740120638,-9.392010406116801,2024-11-21
2024-11-14,True,7,0,48.459999084472656,29.1299991607666,48.380001068115234,28.889999389648438,3.266347622811677e-05,0.0016521692364455803,6.458095357991813e-05,0.00846874079145261,2.727925530937404e-05,3.498258724933043e-05,-0.0068165715550070295,-0.0043312242986258105,5.1422980153123415e-05,-0.0026790550621806908,-0.001037906577265033,6.565820364304814e-05,0.007235142232740799,0.5089701543345376,-0.00991419729492149,-10.329253039217715,-10.168244447134636,-10.393308044693041,-9.64759102687264,-9.026120812035899,-8.762777317253308,0.00991419729492149,1.1192704205186694,,2.8361502037295256,2.640484914257205,-0.05226274221302463,-11.726123926465274,-11.23371543646517,2024-11-15,-11.411159740120638,-9.392010406116801,2024-11-21,-11.384682932087102,-8.203021221974385,2024-11-18,-11.126483162728418,-9.277400100088363,2024-11-22
2024-11-15,True,7,0,48.369998931884766,28.8700008392334,48.56999969482422,29.3799991607666,8.079957652556227e-06,-0.003919522814937324,0.00010120258594869572,-0.017511119436708262,6.341053967884713e-05,2.2936001961202405e-05,0.013591596621770938,0.0022673535784921814,1.3220849902457528e-05,-0.0018589317432380348,0.008545600019537131,0.00017422986564260873,-0.008965519417170942,0.5160767420084706,0.007106587673932907,-11.726123926465274,-10.18837871178873,-10.406874943149358,-9.198386248584653,-9.083455276447982,-8.761460103520866,0.007106587673932907,0.8058902276505469,,2.855895328366192,2.6609586228916786,-0.047046160892544986,-11.384682932087102,-8.203021221974385,2024-11-18,-11.126483162728418,-9.277400100088363,2024-11-22,-10.918749681871557,-9.593344234121817,2024-11-19,-10.82983482764331,-8.842851065347043,2024-11-25
2024-11-18,True,7,0,49.290000915527344,29.729999542236328,49.15999984741211,29.510000228881836,1.1368286876036058e-05,0.0026409576976575582,0.00013696067864704545,0.007091000034813968,8.790366456296853e-05,3.021265048005649e-05,-0.00445004233715641,0.016200516841222867,0.0002738250327987818,0.0188414745388803,0.021926173966688098,0.0006177177834645164,0.02935359886840372,0.5055646176789473,-0.01051212432952342,-11.384682932087102,-10.26124687702509,-10.417448756708739,-8.895816690508312,-8.921580619627006,-8.740740789624041,0.01051212432952342,1.1934300282615233,,2.843163674909384,2.78130062502572,-0.004453396180171598,-10.918749681871557,-9.593344234121817,2024-11-19,-10.82983482764331,-8.842851065347043,2024-11-25,-11.475654712775144,-11.201932400614561,2024-11-20,-10.88607841431714,-8.921277730343984,2024-11-26
2024-11-19,True,7,0,49.7400016784668,29.860000610351562,49.63999938964844,29.799999237060547,1.8115372298698626e-05,0.0019119748356033468,4.837742320336634e-05,0.001843946756694215,9.875921684876022e-06,2.8308436908594475e-05,6.802807890913154e-05,0.007075708749258811,6.818102660303632e-05,0.009088232828478926,0.002351746296722586,5.3908133847514736e-05,0.004363190938843964,0.5102896595685821,0.004725041889634962,-10.918749681871557,-10.311523366078301,-10.418788423507634,-9.936477315809642,-8.954836593653717,-8.82602159722711,0.004725041889634962,0.5310474204781446,,2.831447079246135,2.7459880355456865,0.01335781496980415,-11.475654712775144,-11.201932400614561,2024-11-20,-10.88607841431714,-8.921277730343984,2024-11-26,-11.812296050505749,-9.942987171108879,2024-11-21,-10.829924766760445,-8.83497130612584,2024-11-27
2024-11-20,True,7,0,50.029998779296875,29.520000457763672,49.83000183105469,29.729999542236328,1.0379740165397582e-05,0.004005552061347547,3.100979056841715e-05,-0.009462685608782261,4.710374126327468e-05,-2.8571052647299774e-06,0.013468237670129807,0.0018077769192757162,1.3647797555263582e-05,0.005813328980623478,-0.004363190938844081,5.0047225737228244e-05,-0.011451797312313605,0.5275547858615195,0.017265126292937083,-11.475654712775144,-11.035365045064905,-10.441345562817066,-10.381207578553628,-9.479183858278153,-8.866260312444954,0.017265126292937083,2.113732987560575,,2.8820035082256483,2.794227920674744,0.029205049542563977,-11.812296050505749,-9.942987171108879,2024-11-21,-10.829924766760445,-8.83497130612584,2024-11-27,-10.545541390622992,-9.658937957479008,2024-11-22,,,2024-11-29
2024-11-21,True,7,0,50.439998626708984,29.399999618530273,50.349998474121094,29.6299991607666,7.412846491583809e-06,0.0016868168765960712,7.839703446159505e-05,-0.007962725834640838,5.7016667715522783e-05,1.4396606618828048e-05,0.00964954271123691,0.006375787758440314,4.806351603226117e-05,0.00816168276979834,0.0037193180225291523,9.223036101430522e-05,-0.004073353869696206,0.5397898225010138,0.012235036639494545,-11.812296050505749,-11.411159740120638,-10.439403046585916,-9.453724457068285,-9.44366681128935,-8.862438482088892,0.012235036639494545,1.5190560069839045,,2.9090844668283187,2.842581085167748,0.04004578737454301,-10.545541390622992,-9.658937957479008,2024-11-22,,,2024-11-29,-10.210531912538613,-7.545831985355074,2024-11-25,,,2024-12-02
2024-11-22,True,7,0,51.08000183105469,29.829999923706055,50.75,29.6299991607666,2.631052810722587e-05,0.006677168407458571,0.00010169785214617372,0.006224307225749431,5.562947062220002e-05,3.6189454815599775e-05,0.00045286118170913877,0.0061271340514076995,6.38522997911456e-05,0.012608583140651941,0.007792671892225142,0.0001624235873660495,0.01451993459955725,0.5378784710421083,-0.0019113514589053082,-10.545541390622992,-11.126483162728418,-10.492886322444424,-9.19350437463943,-9.442416754929342,-8.90198516385825,0.0019113514589053082,0.23706980920983323,,2.8673305587494666,2.825536946304965,0.05451330225843298,-10.210531912538613,-7.545831985355074,2024-11-25,,,2024-12-02,-11.273831293041791,-11.196908862127366,2024-11-26,,,2024-12-03
2024-11-25,True,7,0,49.59000015258789,28.969999313354492,49.959999084472656,29.059999465942383,3.67808984084284e-05,-0.007635103393808743,7.541346384782048e-05,-0.003792409391681441,6.357018075717885e-05,2.4312090749535013e-05,-0.0038426940021273025,-0.022170400078970986,0.0005283075380700651,-0.02960386343310928,-0.026151956204652667,0.0007593382771778916,-0.029253807889724204,0.5375284154987234,-0.00035005554338507494,-10.210531912538613,-10.82983482764331,-10.529161298427175,-9.492524733270345,-9.611129735752003,-9.05780930278067,0.00035005554338507494,0.04383536241092492,,2.864483986944037,2.723923535240007,0.006067964286443406,-11.273831293041791,-11.196908862127366,2024-11-26,,,2024-12-03,-11.056436019730624,-9.513821711451412,2024-11-27,,,2024-12-04
2024-11-26,True,7,0,49.689998626708984,29.1200008392334,49.63999938964844,29.149999618530273,1.2700981385431854e-05,0.0008054957272057009,3.7741583509644035e-05,-0.001201402282281167,1.0134318182223209e-05,2.0154123356426335e-05,0.002006898009486868,0.0010077444628153835,1.371653028776692e-05,0.002014474399026689,0.006194111630753169,7.610860240387572e-05,0.00516446406900517,0.5343784258287451,-0.0031499896699784813,-11.273831293041791,-10.88607841431714,-10.538525533018735,-10.184748060513954,-9.64340365679988,-9.12052454233769,0.0031499896699784813,0.4214702582106832,,2.8791984572980396,2.6810215548423537,-0.0010057941430088313,-11.056436019730624,-9.513821711451412,2024-11-27,,,2024-12-04,,,2024-11-29,,,2024-12-05
2024-11-27,True,7,0,49.779998779296875,28.739999771118164,50.06999969482422,29.079999923706055,1.578522756173133e-05,-0.005407051536333108,8.108435066643006e-05,-0.011412882798371191,2.975013692230008e-05,3.3559720652930656e-05,0.006005831262038084,0.007618342269812709,7.382436650174638e-05,0.0018095944404281639,-0.0013746021065826853,8.29738816178516e-05,-0.013135379461311825,0.5493233997304852,0.014944973901739989,-11.056436019730624,-10.829924766760445,-10.517520743822768,-9.420020578885307,-9.499799263017833,-9.11852115982216,0.014944973901739989,2.0940454854273773,,2.833213344056216,2.6461748244387127,-0.005009528683204145,,,2024-11-29,,,2024-12-05,-11.219037637286323,-10.092839136055375,2024-12-02,-10.693597815797776,-10.137353064372666,2024-12-06
2024-11-29,False,3,0,50.25,29.260000228881836,50.150001525878906,29.31999969482422,,,,,,,,0.007405272416756743,,0.009397274521698584,0.01997999392299833,,0.017931530727322453,0.5407891435248612,-0.008534256205623869,,,,,,,0.008534256205623869,1.2084158312991742,,2.805781689595545,2.6461748244387127,-0.0037739369313039006,-11.219037637286323,-10.092839136055375,2024-12-02,-10.693597815797776,-10.137353064372666,2024-12-06,-10.282231963359987,-9.562417070284205,2024-12-03,-10.741948179929516,-9.537940258740873,2024-12-09
2024-12-02,True,7,0,49.790000915527344,29.110000610351562,49.98500061035156,29.200000762939453,1.3416334011000676e-05,-0.0040072496476289635,2.8092372935828864e-05,-0.0027434832539858208,1.775897474099567e-05,1.1874866102916937e-05,-0.0012637663936431428,-0.005287574309346692,4.137477608786383e-05,-0.009196367897318147,-0.002052668012024802,3.230581890341872e-05,-0.0051396246897170705,0.5367324003172598,-0.004056743207601077,-11.219037637286323,,,-10.48001244423843,,,0.004056743207601077,,,2.7954503913830435,2.603430168913768,-0.02557888796927399,-10.282231963359987,-9.562417070284205,2024-12-03,-10.741948179929516,-9.537940258740873,2024-12-09,-12.719760862449943,-10.871177300778186,2024-12-04,-11.07638018335562,-9.444016695655547,2024-12-10
2024-12-03,True,7,0,49.88999938964844,29.6299991607666,50.09000015258789,29.579999923706055,3.42360298738305e-05,-0.004201248190266812,7.380613207409128e-05,0.0013513824695750905,1.978960332143245e-05,4.412627931324466e-05,-0.005552630659841903,0.006007211373933253,7.032261836494355e-05,0.0020063905971330342,0.016016675978805923,0.00033034004148415,0.017705554537093438,0.5210332363772996,-0.015699163939960403,-10.282231963359987,,,-9.514068739374824,,,0.015699163939960403,,,2.7930039069823738,2.5907670519258503,0.006031366060968324,-12.719760862449943,-10.871177300778186,2024-12-04,-11.07638018335562,-9.444016695655547,2024-12-10,-9.956539875399525,-9.875516301869931,2024-12-05,-10.848180429286774,-9.409982863255285,2024-12-11
2024-12-04,True,7,0,50.040000915527344,29.8700008392334,50.09000015258789,29.700000762939453,2.991424500477726e-06,-0.0011985893151095842,6.46649925888627e-05,0.006042260680971568,6.087098595120438e-05,3.392715569068018e-06,-0.007240849996081152,0.00400082077680001,1.8997991388552362e-05,0.003002134255620348,0.002359738235150462,7.023335712729371e-05,0.008067327062514451,0.5159680435704055,-0.005065192806894103,-12.719760862449943,,,-9.646290575705242,,,0.005065192806894103,,,2.785628335747585,2.5877640495686753,0.007019025917561983,-9.956539875399525,-9.875516301869931,2024-12-05,-10.848180429286774,-9.409982863255285,2024-12-11,-11.081897818246675,-11.058456173480433,2024-12-06,-11.297030745313204,-9.183793995548326,2024-12-12
2024-12-05,True,7,0,49.66999816894531,29.920000076293945,49.939998626708984,29.850000381469727,4.741651959113081e-05,-0.005421165097948408,9.87358773827868e-05,0.0023423030380417403,2.6054851840616357e-05,6.0048772566650625e-05,-0.007763468135990149,-0.0020004465418124655,5.1418305957780265e-05,-0.007421611639760517,-0.0006698077060485189,9.918451974586877e-05,0.0016724953319933178,0.5068739365986518,-0.009094106971753835,-9.956539875399525,,,-9.223062178255695,,,0.009094106971753835,,,2.767576180416237,2.598979091866817,-0.002212180162626698,-11.081897818246675,-11.058456173480433,2024-12-06,-11.297030745313204,-9.183793995548326,2024-12-12,-11.72840536469294,-8.498207735158791,2024-12-09,-11.263467219023525,-9.100470415304716,2024-12-13
2024-12-06,True,7,0,49.68000030517578,29.600000381469727,49.63999938964844,29.670000076293945,1.5388380932001267e-05,0.001006729936210957,4.600036939122087e-05,-0.0030379821707350856,2.5521111172404292e-05,1.7933819575408925e-05,0.004044712106946042,-0.000604144214012569,1.575337116332613e-05,0.00020135151319333744,-0.0083907187820603,0.00011640453107084037,-0.01075278143870273,0.5178280695505476,0.010954132951896067,-11.081897818246675,-10.693597815797776,,-9.98686113126349,-9.684192214111476,,0.010954132951896067,,,2.768204123921957,2.605648264666775,-0.011408103171131945,-11.72840536469294,-8.498207735158791,2024-12-09,-11.263467219023525,-9.100470415304716,2024-12-13,-12.559966998324603,-9.153903636483369,2024-12-10,-11.266790794586267,-9.494087972257075,2024-12-16
2024-12-09,True,7,0,50.16999816894531,30.3799991607666,50.380001068115234,30.65999984741211,8.061544740237318e-06,-0.004177090126482457,4.1734495927909894e-05,-0.01016233839236763,1.4400216668143455e-05,1.7697912000001875e-05,0.005985248265885173,0.013991848357586623,0.00020383336520193678,0.009814758231104115,0.03518449424938871,0.001279683131513177,0.026010095325585514,0.5016327324560664,-0.0161953370944814,-11.72840536469294,-10.741948179929516,,-10.084182530656882,-9.64130217371427,,0.0161953370944814,,,2.7107133185216936,2.54709870589125,0.007603022957290317,-12.559966998324603,-9.153903636483369,2024-12-10,-11.266790794586267,-9.494087972257075,2024-12-16,-10.687717679330001,-10.32811271070784,2024-12-11,-11.206409692332516,-9.740727885314833,2024-12-17
2024-12-10,True,7,0,50.83000183105469,30.3799991607666,50.68000030517578,30.579999923706055,3.5097456120071124e-06,0.0027586104124253316,6.971054235893379e-05,-0.006561728462928475,7.013688334895925e-05,1.5417023109908254e-06,0.009320338875353808,0.010114159475402824,0.00010580596750588783,0.013069565482763501,0.00656172846292883,0.00011276682278014413,0.0,0.5147022979388299,0.013069565482763501,-12.559966998324603,-11.07638018335562,,-9.571158998279136,-9.653986347797233,,0.013069565482763501,,,2.7568403652716422,2.6525374616006543,0.018666197842920784,-10.687717679330001,-10.32811271070784,2024-12-11,-11.206409692332516,-9.740727885314833,2024-12-17,-11.308731100102632,-8.769781731065873,2024-12-12,-10.23171021082679,-9.430249075381985,2024-12-18
2024-12-11,True,7,0,51.29999923706055,30.440000534057617,50.9900016784668,30.350000381469727,2.282354956648418e-05,0.006061169319977973,0.00010700128153136528,0.002303759264639868,4.4461744066928805e-05,4.268154351546033e-05,0.003757410055338105,0.003142800502711386,3.270074456632712e-05,0.009203969822689118,-0.0009879394685643492,0.00010797730592491249,0.0019730809949938255,0.5219331867665249,0.007230888827695292,-10.687717679330001,-10.848180429286774,,-9.142669746645444,-9.530042824294018,,0.007230888827695292,,,2.7936160894318567,2.6518325426255456,0.024868033409989554,-11.308731100102632,-8.769781731065873,2024-12-12,-10.23171021082679,-9.430249075381985,2024-12-18,-10.952950097250353,-9.715036589738121,2024-12-13,-10.239514488230737,-9.866296172638913,2024-12-19
2024-12-12,True,7,0,50.56999969482422,29.56999969482422,50.689998626708984,29.989999771118164,1.2265365258993046e-05,-0.002370116335134398,0.00010909492206192155,-0.014780267095466433,8.880968348113613e-05,1.6275301919889232e-05,0.012410150760332035,-0.011962111912303354,0.00015535748666146285,-0.01433222824743785,-0.014893565409105547,0.00033091321265722685,-0.028997226994151415,0.5365981855132386,0.014664998746713565,-11.308731100102632,-11.297030745313204,,-9.123292210095512,-9.501919063004651,,0.014664998746713565,,,2.8249439525737094,2.608598116512439,0.01795741680231222,-10.952950097250353,-9.715036589738121,2024-12-13,-10.239514488230737,-9.866296172638913,2024-12-19,-11.755170730861053,-10.713382464408905,2024-12-16,-10.255652103916912,-9.813905472591106,2024-12-20
2024-12-13,True,7,0,49.97999954223633,29.09000015258789,50.2400016784668,29.18000030517578,1.750629377771774e-05,-0.005388705784082584,0.00011347870814069932,-0.0034329035112978714,7.172057265177627e-05,2.96322146333204e-05,-0.0019558022727847128,-0.006546953488256331,6.0368893755109474e-05,-0.011735592809302808,-0.01327676999090504,0.00028975132953209593,-0.016365845791450173,0.5412284384953864,0.004630252982147365,-10.952950097250353,-11.263467219023525,,-9.083895332114688,-9.33585835783227,,0.004630252982147365,,,2.7363136663750693,2.6333266603871603,0.006020472479816075,-11.755170730861053,-10.713382464408905,2024-12-16,-10.255652103916912,-9.813905472591106,2024-12-20,-11.801901744376751,-10.657825481323949,2024-12-17,-10.236713026256966,-9.842559780595716,2024-12-23
2024-12-16,True,7,0,50.060001373291016,29.1299991607666,50.16999816894531,29.229999542236328,7.848636536598315e-06,-0.0017954386447206292,2.6510489775826502e-05,-0.0030837836408372276,9.196318370988584e-06,1.2581403970718116e-05,0.0012883449961165988,0.00379428575128784,2.2245240899024244e-05,0.0015993971886594238,0.004801085709923257,4.956091376985581e-05,0.0013740644089250686,0.5414537712751205,0.00022533277973435517,-11.755170730861053,-11.266790794586267,,-10.537970062699092,-9.370988243891492,,0.00022533277973435517,,,2.749192144433385,2.6253929978061894,-0.0021948885626286163,-11.801901744376751,-10.657825481323949,2024-12-17,-10.236713026256966,-9.842559780595716,2024-12-23,-8.910679838172637,-8.875238230354153,2024-12-18,,,2024-12-24
2024-12-17,True,7,0,49.90999984741211,29.139999389648438,49.86000061035156,29.030000686645508,7.490299726274272e-06,0.0010022900875382677,1.2676845585323297e-05,0.003781978132067918,2.0108353369755533e-05,2.9395970921017336e-08,-0.00277968804452965,-0.004003223099809991,2.3516094913126586e-05,-0.003000933012271556,-0.0034387404719071423,2.4501781618455453e-05,0.00034323766016086665,0.5381096006026879,-0.0033441706724324227,-11.801901744376751,-11.206409692332516,,-11.275733410777358,-9.514796350834482,,0.0033441706724324227,,,2.733067964077498,2.687166961621,-0.018265387057663673,-8.910679838172637,-8.875238230354153,2024-12-18,,,2024-12-24,-11.42990238426482,-11.210278865565938,2024-12-19,,,2024-12-26
2024-12-18,True,7,0,48.93000030517578,28.15999984741211,49.79999923706055,28.899999618530273,0.00013494006539090851,-0.017624257172518604,0.00027228070260173045,-0.026294240884364817,2.8412988312348838e-05,0.00018940388984014505,0.008669983711846213,-0.0022064117137191894,0.00013980831804134576,-0.019830668886237746,-0.008270197902827191,0.00034067687595365774,-0.034209253950331586,0.5524881856667818,0.01437858506409384,-8.910679838172637,-10.23171021082679,,-8.20867702894959,-9.14447460420991,,0.01437858506409384,,,2.7498317351171653,2.76443052732717,-0.04730002576659054,-11.42990238426482,-11.210278865565938,2024-12-19,,,2024-12-26,-11.131313875264091,-9.507059679292185,2024-12-20,,,2024-12-27
2024-12-19,True,7,0,49.0,27.790000915527344,49.0099983215332,27.860000610351562,1.0865668869890488e-05,1.5178830414797062e-17,0.00024226624978706236,-0.0028756282160099615,0.00016476067806330428,4.418562029682431e-05,0.002875628216009977,0.0016336131360011076,1.3534360748005862e-05,0.0014295865726072776,-0.010710535611768999,0.0003569818228780343,-0.013226249172336946,0.5671440214117259,0.014655835744944223,-11.42990238426482,-10.239514488230737,,-8.325473230858702,-8.921839141290176,,0.014655835744944223,,,2.805781689595545,3.318540178366135,-0.03153821094654541,-11.131313875264091,-9.507059679292185,2024-12-20,,,2024-12-27,-11.398732423511865,-11.139880117934682,2024-12-23,,,2024-12-30
2024-12-20,True,7,0,49.5,28.18000030517578,49.380001068115234,27.889999389648438,1.464643092184914e-05,0.0028311320728005643,0.00010918979837363314,0.01140831280475104,7.168704300179183e-05,2.6074593146845227e-05,-0.008577180731950474,0.0077252074369298564,7.43252608654455e-05,0.010152371464018373,0.003591903056252763,0.00012209156593915107,0.013936240601150285,0.5633601522745938,-0.003783869137131912,-11.131313875264091,-10.255652103916912,,-9.122422920504404,-8.928287987335962,,0.003783869137131912,,,2.761906873892921,3.1817968229608558,-0.009650246673224228,-11.398732423511865,-11.139880117934682,2024-12-23,,,2024-12-30,,,2024-12-24,,,2024-12-31
2024-12-23,True,7,0,49.27000045776367,28.299999237060547,49.40999984741211,28.219999313354492,1.1209684973925659e-05,-0.0026345353149576953,3.6543635593368056e-05,0.0024774955829073206,1.7708721428479456e-05,1.502229956940713e-05,-0.005112030897865016,-0.0018198398051845269,1.4521501890459716e-05,-0.004657283727852235,0.001418404792741956,3.855550774944141e-05,0.004249260390149612,0.5544536081565923,-0.008906544118001847,-11.398732423511865,-10.236713026256966,,-10.217003515703082,-8.913266691151657,,0.008906544118001847,,,2.7555697170701863,2.910174418435893,-0.015906927589735886,,,2024-12-24,,,2024-12-31,-10.780859709404847,-10.244957116317067,2024-12-26,-11.03802164979264,-9.983054934281059,2025-01-02
2024-12-24,False,3,0,49.38999938964844,28.329999923706055,49.380001068115234,28.290000915527344,,,,,,,,0.0022301197007638896,,0.0024325763479442486,-0.0003533600145000403,,0.0010595334591805283,0.5558266510453562,0.0013730428887637203,,,,,,,0.0013730428887637203,,,2.7434173449395014,2.8201877419595305,-0.010473418229520082,-10.780859709404847,-10.244957116317067,2024-12-26,-11.03802164979264,-9.983054934281059,2025-01-02,-11.6893569198102,-9.701520459240273,2024-12-27,-11.182457563028844,-10.04580825712471,2025-01-03
2024-12-26,True,7,0,49.720001220703125,28.450000762939453,49.58000183105469,28.479999542236328,2.0793716475818777e-05,0.002819727655700366,0.00010058276305003164,-0.0017571340734169449,5.597728615332403e-05,3.26995966862632e-05,0.0045768617291173114,0.003839601343623438,3.553625495377369e-05,0.006659328999324199,0.0052807593212313795,0.00012846918205880375,0.004226876239810995,0.5582591038048692,0.002432452759513204,-10.780859709404847,,,-9.204529656430237,,,0.002432452759513204,,,2.688527534613346,2.6581594635674883,0.016016579656041863,-11.6893569198102,-9.701520459240273,2024-12-27,-11.182457563028844,-10.04580825712471,2025-01-03,-10.552245354561775,-10.478037406436485,2024-12-30,-10.92800696971768,-10.098884657811652,2025-01-06
2024-12-27,True,7,0,49.369998931884766,28.049999237060547,49.36000061035156,28.190000534057617,8.382562355937952e-06,0.00020253867342723817,4.818542651154731e-05,-0.004978719301515303,2.7148926158183814e-05,1.4709531354650727e-05,0.005181257974942541,-0.00726689923162174,6.11903867984826e-05,-0.007064360558194149,-0.009180863318239644,0.00013247367777974555,-0.014159582619754474,0.5653543258664293,0.0070952220615603245,-11.6893569198102,,,-9.94045393715828,,,0.0070952220615603245,,,2.7206373166076814,2.689886199397575,0.007522632525240436,-10.552245354561775,-10.478037406436485,2024-12-30,-10.92800696971768,-10.098884657811652,2025-01-06,-11.370566426458563,-11.16457633787637,2024-12-31,-11.03891058735712,-9.780767826643086,2025-01-07
2024-12-30,True,7,0,49.220001220703125,27.68000030517578,49.29999923706055,27.899999618530273,2.6134733195356914e-05,-0.0017256073915899875,0.00016230852497689155,-0.007555318684678271,7.435269539537217e-05,5.704528138843816e-05,0.005829711293088284,-0.001418865062667791,2.814791126141619e-05,-0.0030428608720001193,-0.005361929614867625,0.00019105881417168604,-0.01327846299483193,0.5755899279892616,0.01023560212283181,-10.552245354561775,,,-8.72601155877948,,,0.01023560212283181,,,2.6858045921548905,2.7694588172725547,-0.005672599810778056,-11.370566426458563,-11.16457633787637,2024-12-31,-11.03891058735712,-9.780767826643086,2025-01-07,-11.208972031878869,-9.295493912719637,2025-01-02,-10.995883215981856,-9.699870901618537,2025-01-08
2024-12-31,True,7,0,49.5099983215332,27.56999969482422,49.29999923706055,27.469999313354492,1.1529905422389203e-05,0.0044525720471577735,3.3017545600264254e-05,0.003996394487891482,3.1551724353215535e-05,6.497863334718959e-06,0.0004561775592662916,0.0016239958093320595,1.4167267811117294e-05,0.005874565707892909,-0.0076156666636193315,9.101592433162706e-05,-0.0039819278080250875,0.5854464215051796,0.009856493515917997,-11.370566426458563,,,-10.318471452935615,,,0.009856493515917997,,,2.7093826463359885,2.8564701842969358,0.004859249624967088,-11.208972031878869,-9.295493912719637,2025-01-02,-10.995883215981856,-9.699870901618537,2025-01-08,-11.514757599345478,-10.747779988395035,2025-01-03,-10.86990072302546,-9.660420876036657,2025-01-10
2025-01-02,True,7,0,50.189998626708984,28.219999313354492,49.95000076293945,28.0,1.3552059468687658e-05,0.00489289369506001,4.865241497761704e-05,0.007649246653941137,2.091004281662572e-05,2.064721581483949e-05,-0.002756352958881127,0.008847884896865808,9.183712661687372e-05,0.013641140833236864,0.015476296208623858,0.00028816815931468227,0.02330270812621249,0.5757848542122038,-0.009661567292975626,-11.208972031878869,-11.03802164979264,,-9.930809110736588,-9.451783658947488,,0.009661567292975626,,,2.6823904543216326,2.8535925283795955,0.016067814110259704,-11.514757599345478,-10.747779988395035,2025-01-03,-10.86990072302546,-9.660420876036657,2025-01-10,-10.464069370187664,-9.903855284370449,2025-01-06,-10.872291770373476,-9.503986003503437,2025-01-13
2025-01-03,True,7,0,49.790000915527344,28.260000228881836,50.02000045776367,28.5,9.981695429584117e-06,-0.004608755559218934,5.157916504085589e-05,-0.008102899376546227,2.9093923537963966e-05,1.6233468466238026e-05,0.0034941438173272926,-0.003392841703910894,2.1493070257381095e-05,-0.008001597263129767,0.009873165181811954,0.00014905855574819977,0.0014164632627333695,0.5663667936863405,-0.009418060525863137,-11.514757599345478,-11.182457563028844,,-9.872392745295143,-9.585053960944972,,0.009418060525863137,,,2.712706012638404,2.886475304637442,0.0014068878478057378,-10.464069370187664,-9.903855284370449,2025-01-06,-10.872291770373476,-9.503986003503437,2025-01-13,-10.999261295791317,-9.160000975525007,2025-01-07,-10.952033830291438,-9.582290586918173,2025-01-14
2025-01-06,True,7,0,49.7400016784668,28.549999237060547,49.560001373291016,28.420000076293945,2.854384104972508e-05,0.003323709583075483,0.00018375755278932738,0.00421351877396294,6.946516854733469e-05,7.141811264585891e-05,-0.000889809190887457,-0.004630094571260077,4.9981616788537116e-05,-0.0010047069217997695,0.005645739997944291,0.0002156319329137154,0.01020952402356956,0.5551525627409712,-0.01121423094536933,-10.464069370187664,-10.92800696971768,,-8.601893317100672,-9.252590044758898,,0.01121423094536933,,,2.673458756332591,2.780680840107767,0.007466541484200118,-10.999261295791317,-9.160000975525007,2025-01-07,-10.952033830291438,-9.582290586918173,2025-01-14,-11.103378025452308,-10.17838696057283,2025-01-08,-10.894140127122668,-9.769568234998994,2025-01-15
2025-01-07,True,7,0,50.0099983215332,28.65999984741211,50.209999084472656,28.969999313354492,1.671404296495852e-05,-0.0035913907119593195,3.818276399220604e-05,-0.010758371003354073,3.26057981890341e-05,1.1145504384065231e-05,0.007166980291394752,0.00940471969258285,0.00010516279546101415,0.005413479748121119,0.014603878700212368,0.0002514560370827225,0.00384550769685843,0.556720534792234,0.0015679720512626893,-10.999261295791317,-11.03891058735712,,-10.173126348567589,-9.552297182694307,,0.0015679720512626893,,,2.6919208191723265,2.7750856595161313,0.015922882104321356,-11.103378025452308,-10.17838696057283,2025-01-08,-10.894140127122668,-9.769568234998994,2025-01-15,-10.604249376433902,-9.16950076020219,2025-01-10,-10.997737530951202,-9.727607152910078,2025-01-16
2025-01-08,True,7,0,50.290000915527344,28.739999771118164,50.25,28.93000030517578,1.5061360132127624e-05,0.0005968125047557909,3.951558191537765e-05,-0.0065892568498075975,5.5013138771639996e-05,-2.1809836206735697e-07,0.007186069354563387,0.004787595070996736,3.798242669595986e-05,0.0055833165206431445,0.009376712460854857,0.00012743831848892838,0.002787455611047207,0.55951639570183,0.0027958609095959375,-11.103378025452308,-10.995883215981856,,-10.138815484973211,-9.534167949912401,,0.0027958609095959375,,,2.6864860231863696,2.8803214049171983,0.015631632917071592,-10.604249376433902,-9.16950076020219,2025-01-10,-10.997737530951202,-9.727607152910078,2025-01-16,-11.537776563352558,-9.491709352541799,2025-01-13,-11.119127483675591,-10.01803124794062,2025-01-17
2025-01-10,True,7,0,50.779998779296875,28.90999984741211,50.7400016784668,29.260000228881836,2.4810356865306052e-05,0.0011817523150521253,6.226871587405632e-05,-0.010996663757025738,6.655297357394649e-05,1.0263049582707931e-05,0.012178416072077862,0.008908318862059405,0.00010416850181342943,0.009696283848647624,0.01793153072732259,0.00038380851009897046,0.005897678063221612,0.5633150014872557,0.0037986057854260125,-10.604249376433902,-10.86990072302546,,-9.684051411196252,-9.497212693399975,,0.0037986057854260125,,,2.695977619867941,2.8735646826837065,0.011686775932482352,-11.537776563352558,-9.491709352541799,2025-01-13,-11.119127483675591,-10.01803124794062,2025-01-17,-10.75814728008935,-10.728769255834266,2025-01-14,-11.12761234207434,-9.804908945416363,2025-01-21
2025-01-13,True,7,0,50.25,28.260000228881836,50.369998931884766,28.299999237060547,9.754551480646346e-06,-0.0023851916129888945,6.555937301130278e-06,-0.001768320097750301,5.857005510386993e-06,5.226741635694815e-06,-0.0006168715152385937,-0.008106813685304689,7.547497960888974e-05,-0.010492005298293972,-0.021325773060022913,0.0004613445339087293,-0.02274016539469681,0.5755631615836588,0.012248160096402838,-11.537776563352558,-10.872291770373476,,-11.935139460714408,-9.625006019928605,,0.012248160096402838,,,2.758109400974947,2.972463693468645,0.009196367897318147,-10.75814728008935,-10.728769255834266,2025-01-14,-11.12761234207434,-9.804908945416363,2025-01-21,-10.727385661834607,-9.980505606136148,2025-01-15,-11.407594952728846,-9.781511244628255,2025-01-22
2025-01-14,True,7,0,50.529998779296875,28.520000457763672,50.209999084472656,28.309999465942383,2.127139639289244e-05,0.006155114730679299,8.523977837698986e-05,0.007741109033718951,2.83357751404617e-05,3.90876998147103e-05,-0.001585994303039651,-0.0007963551265353616,2.190557788045159e-05,0.005556648206644255,0.0017676949036537792,8.83645236493934e-05,0.009158226241188672,0.5719615835491144,-0.003601578034544417,-10.75814728008935,-10.952033830291438,,-9.370042350725624,-9.979234132802324,,0.003601578034544417,,,2.725890119230541,2.954389337849604,0.01575772302576217,-10.727385661834607,-9.980505606136148,2025-01-15,-11.407594952728846,-9.781511244628255,2025-01-22,-12.03625540520978,-9.898875273927281,2025-01-16,-11.6009890324505,-9.827709697742597,2025-01-23
2025-01-15,True,7,0,50.90999984741211,29.299999237060547,50.779998779296875,29.020000457763672,2.1935907283517706e-05,0.002458574341655796,6.0357505949289624e-05,0.009943473271679939,2.311406379720943e-05,2.958967471779895e-05,-0.007484898930024143,0.004935357091649752,4.62936569056152e-05,0.007492169771206925,0.0173796516334024,0.0003624097968477163,0.02698187838741717,0.552471874932904,-0.019489708616210244,-10.727385661834607,-10.894140127122668,,-9.715225244512578,-9.887860220187351,,0.019489708616210244,,,2.70805020110221,2.9290580913534825,0.017836413048847977,-12.03625540520978,-9.898875273927281,2025-01-16,-11.6009890324505,-9.827709697742597,2025-01-23,-11.09140632316293,-10.446909310589195,2025-01-17,-11.184752230691423,-9.723433830296319,2025-01-24
2025-01-16,True,7,0,51.25,29.350000381469727,51.25,29.329999923706055,5.9254412258977e-06,3.2656169435263394e-16,5.309484855546809e-05,0.0017032617928112604,2.9380556644048868e-05,1.481986656865846e-05,-0.0017032617928109343,0.006656253101481611,5.023114657688127e-05,0.006656253101481546,0.0010233904040020583,5.414217647447158e-05,0.0017050692872384587,0.5574230587471471,0.0049511838142430875,-12.03625540520978,-10.997737530951202,,-9.843430648443862,-9.835766154416406,,0.0049511838142430875,,,2.7232671669070703,2.780060789140106,0.01890934962968638,-11.09140632316293,-10.446909310589195,2025-01-17,-11.184752230691423,-9.723433830296319,2025-01-24,-11.604138815816688,-8.960110783589206,2025-01-21,-11.205700195418327,-9.587191040978468,2025-01-27
2025-01-17,True,7,0,50.9900016784668,28.940000534057617,51.060001373291016,28.829999923706055,1.5242753881217317e-05,-0.0015680487402804839,4.629333637753497e-05,0.0038082306533259013,1.9298320657889754e-05,2.1118884800431266e-05,-0.005376279393606385,-0.0037141793095472587,2.903788182468627e-05,-0.005086050033885847,-0.017876050267398195,0.000365846509540082,-0.014067819614072441,0.5664048283273339,0.008981769580186594,-11.09140632316293,-11.119127483675591,,-9.980512529961382,-9.897340855998813,,0.008981769580186594,,,2.7343675094195836,2.8094027183426014,0.004127015747152907,-11.604138815816688,-8.960110783589206,2025-01-21,-11.205700195418327,-9.587191040978468,2025-01-27,-12.615076924812913,-10.467815087818328,2025-01-22,-11.289877578291858,-9.96024155592875,2025-01-28
2025-01-21,True,7,0,51.75,29.360000610351562,51.54999923706055,29.270000457763672,9.128229385759719e-06,0.003968870810647749,1.97328718679529e-05,0.0034106574418988345,1.6921837484936034e-05,5.969631884388291e-06,0.0005582133687489143,0.010922627678347415,0.00012843202478556078,0.014794864160846632,0.011338376685842656,0.0001482916577380132,0.014408484877557637,0.566791207610623,0.0003863792832889956,-11.604138815816688,-11.12761234207434,,-10.833224690085814,-9.846282073323104,,0.0003863792832889956,,,2.7067159780890733,2.7707119789475727,0.02941388520629351,-12.615076924812913,-10.467815087818328,2025-01-22,-11.289877578291858,-9.96024155592875,2025-01-28,-11.316770708138165,-10.302695729794996,2025-01-23,-10.892588298998705,-9.90832857019427,2025-01-29
2025-01-22,True,7,0,52.029998779296875,29.399999618530273,52.0099983215332,29.299999237060547,3.321556947699356e-06,0.0005766957240877092,2.929264249467897e-05,0.0032371174429274806,2.9712464575799996e-05,1.450867433289164e-06,-0.002660421718839771,0.005011543367500629,2.84371238720389e-05,0.005396019695208754,-0.0020457345507235067,3.347767234670288e-05,0.0013614368346193118,0.5708257904712122,0.004034582860589442,-12.615076924812913,-11.407594952728846,,-10.438174182871117,-10.083709529814898,,0.004034582860589442,,,2.740840023925201,2.7120422502347417,0.02925325669485801,-11.316770708138165,-10.302695729794996,2025-01-23,-10.892588298998705,-9.90832857019427,2025-01-29,-10.429028190372067,-9.435099746964411,2025-01-24,-10.954365898883475,-9.569484607956236,2025-01-30
2025-01-23,True,7,0,51.97999954223633,28.979999542236328,51.790000915527344,28.829999923706055,1.2167151857527694e-05,0.0034695543954760405,4.2232259050703365e-05,0.008634141037758124,1.3764374276181236e-05,2.0317518316024912e-05,-0.005164586642282083,-0.0046233537272015535,3.354255154435619e-05,-0.0009614314338777241,-0.019578152365502963,0.00042553630909755263,-0.014388740272786915,0.5842530993101211,0.013427308838909191,-11.316770708138165,-11.6009890324505,,-10.072326196470879,-10.17453038365684,,0.013427308838909191,,,2.7239235502585,2.714694769083774,0.02079965548977336,-10.429028190372067,-9.435099746964411,2025-01-24,-10.954365898883475,-9.569484607956236,2025-01-30,-11.190578148123796,-9.528801753301613,2025-01-27,-11.09887565097397,-9.701399852985107,2025-01-31
2025-01-24,True,7,0,52.310001373291016,29.219999313354492,52.349998474121094,29.290000915527344,2.9561781679592518e-05,-0.0007643245334523459,1.2965585895917793e-05,-0.0013666184191110401,1.0234213164161489e-05,1.614657720567441e-05,0.0006022938856586942,0.007092887762096959,7.987083848529733e-05,0.0063285632286445015,0.010640271000288375,0.00012618095285549556,0.008247461726703431,0.5823342008120628,-0.0019188984980589296,-10.429028190372067,-11.184752230691423,,-11.253211949411,-10.41087445756632,,0.0019188984980589296,,,2.7047112998366956,2.7093826768129303,0.020471965616936316,-11.190578148123796,-9.528801753301613,2025-01-27,-11.09887565097397,-9.701399852985107,2025-01-31,-12.52355720721654,-10.741457706331287,2025-01-28,-11.17066367192038,-9.841859852442166,2025-02-03
2025-01-27,True,7,0,51.7599983215332,28.809999465942383,51.90999984741211,28.84000015258789,1.3803641164227635e-05,-0.003280237701375586,0.0001437849455013306,-0.0013879570566435687,0.00013668463880663162,1.0451973929463294e-05,-0.0018922806447320174,-0.007676136735786437,7.272671635071768e-05,-0.01056996587068415,-0.01309006511580081,0.00031513475023723584,-0.0141308522641852,0.5858950872055636,0.0035608863935010504,-11.190578148123796,-11.205700195418327,,-8.847191808690932,-9.911486237654625,,0.0035608863935010504,,,2.6979998652487085,2.6979998909369054,0.014988049780138013,-12.52355720721654,-10.741457706331287,2025-01-28,-11.17066367192038,-9.841859852442166,2025-02-03,-10.29489351201792,-10.101373335233003,2025-01-29,-11.119252390172875,-9.713422584234428,2025-02-04
2025-01-28,True,7,0,52.18000030517578,28.899999618530273,51.97999954223633,28.860000610351562,3.6398895971949886e-06,0.0036485615296443373,4.950911874694103e-05,0.003113655878270712,5.0684416275502334e-05,1.232296034316838e-06,0.0005349056513736256,0.004241402642039536,2.1629385969094944e-05,0.00808166779233277,0.001734043935221254,5.2516027116218643e-05,0.0031190513595356073,0.5908577036383607,0.004962616432797162,-12.52355720721654,-11.289877578291858,,-9.913353688245598,-9.79810265109318,,0.004962616432797162,,,2.7232671669070703,2.8848006915355513,0.00827485341162415,-10.29489351201792,-10.101373335233003,2025-01-29,-11.119252390172875,-9.713422584234428,2025-02-04,-11.928890177064421,-8.918516673892036,2025-01-30,-11.219277705646055,-9.594698971243332,2025-02-05
2025-01-29,True,7,0,52.0,29.329999923706055,52.040000915527344,29.420000076293945,3.380528144144408e-05,-0.0009612465570265419,6.318137685946704e-05,-0.002382158495189115,1.976514634003104e-05,3.8610755980440043e-05,0.0014209119381625728,-0.0026866143200359963,4.102317794606656e-05,-0.0034555669756750618,0.017833135847817667,0.0003812021110261866,0.014769298469392123,0.5726328381932932,-0.018224865445067184,-10.29489351201792,-10.892588298998705,-11.03426099562401,-9.669500970180323,-9.682992991326245,-9.676503630925216,0.018224865445067184,,,2.738256043159276,2.79789089580353,-0.0005767332592596652,-11.928890177064421,-8.918516673892036,2025-01-30,-11.219277705646055,-9.594698971243332,2025-02-05,-10.936268460502463,-10.212111095827867,2025-01-31,-10.9347484389859,-9.952644106661642,2025-02-06
2025-01-30,True,7,0,52.7599983215332,30.110000610351562,52.59000015258789,30.030000686645508,6.597035496303711e-06,0.0030377818534611505,3.4124051167981656e-05,0.002324921107685637,2.0923980263661424e-05,9.898553200311972e-06,0.0007128607457755134,0.01128227192128759,0.00013388669520217808,0.014509577454441036,0.02358602447242291,0.0005904246015817141,0.02624648237623406,0.5608959332715002,-0.011736904921793023,-11.928890177064421,-10.954365898883475,-11.075065994281836,-10.285508109446976,-9.70935245727799,-9.725849712524251,0.011736904921793023,1.8922164625015783,,2.6973262377392344,2.806990116707257,0.014894275629059095,-10.936268460502463,-10.212111095827867,2025-01-31,-10.9347484389859,-9.952644106661642,2025-02-06,-11.668006123098948,-10.330295095992483,2025-02-03,-10.606658953808193,-9.743903933941981,2025-02-07
2025-01-31,True,7,0,52.869998931884766,29.860000610351562,52.9900016784668,30.15999984741211,1.7800776811865127e-05,-0.0023617222452846625,6.916073448986228e-05,-0.008658070442019522,2.9223545850813674e-05,2.8868982725456867e-05,0.0062963481967348595,0.004349952143962992,3.672286046663336e-05,0.0020827540088186325,0.0016591753161068824,7.191359721944065e-05,-0.008337550212883293,0.5713162374932024,0.010420304221701926,-10.936268460502463,-11.09887565097397,-11.047810501101804,-9.57907727705141,-9.539510697611508,-9.710010827089878,0.010420304221701926,1.7158603905000325,,2.7781979610042917,2.7625383960193535,0.010648466409233226,-11.668006123098948,-10.330295095992483,2025-02-03,-10.606658953808193,-9.743903933941981,2025-02-07,-11.820233984462396,-9.75386395476719,2025-02-04,-10.56478306627938,-9.162671681792114,2025-02-10
2025-02-03,True,7,0,53.16999816894531,30.030000686645508,53.130001068115234,30.0,8.563461034237197e-06,0.0004703902089375658,0.00013859140452269318,0.0016652539300607058,0.0001561704860434811,-4.507810243275376e-06,-0.0011948637211231395,0.004905710521970884,3.262945675961304e-05,0.005658243033818344,0.0046775691106705096,0.00016047105730779209,0.005677092309071874,0.5712973882179487,-1.884927525352964e-05,-11.668006123098948,-11.17066367192038,-11.099275408724504,-8.883980489562354,-9.554052029883103,-9.727938775271241,1.884927525352964e-05,0.0030998571814487147,,2.761274962339508,2.7991089506234785,0.02687667531373572,-11.820233984462396,-9.75386395476719,2025-02-04,-10.56478306627938,-9.162671681792114,2025-02-10,-10.528973926667696,-9.444358512387959,2025-02-05,-10.505664316674942,-9.238026440661107,2025-02-11
2025-02-04,True,7,0,53.689998626708984,30.639999389648438,53.54999923706055,30.520000457763672,7.354236733650333e-06,0.002610956209802799,0.0001383936082323225,0.003107856038718382,9.152607082763051e-05,2.711088706917117e-05,-0.0004968998289155823,0.007121489568016688,5.806985040102085e-05,0.00973244577781962,0.01618531655450894,0.0004003580802019837,0.020109420091743324,0.5609204139040249,-0.010376974313923704,-11.820233984462396,-11.119252390172875,-11.11190522575052,-8.885408699139653,-9.33036076428666,-9.65063255398182,0.010376974313923704,1.6266968282612417,,2.821973947420524,2.924236316920531,0.02852745329922257,-10.528973926667696,-9.444358512387959,2025-02-05,-10.505664316674942,-9.238026440661107,2025-02-11,-10.459633382158476,-10.3670764497217,2025-02-06,-10.496546489767173,-9.347876610539071,2025-02-12
2025-02-05,True,7,0,54.02000045776367,30.780000686645508,54.08000183105469,30.780000686645508,2.6750057725346838e-05,-0.0009250403300552199,4.44065603758095e-05,-4.0766001685454967e-17,2.1239694855306182e-05,2.495846162292508e-05,-0.0009250403300551796,0.007237726736642654,7.913474603965875e-05,0.006127617982111033,0.004558825766603841,6.51894527460606e-05,0.0045588257666038245,0.5624892061195319,0.0015687922155072087,-10.528973926667696,-11.219277705646055,-11.072519047856689,-10.022123343229044,-9.373621100301559,-9.653634553476895,0.0015687922155072087,0.23807894212305059,,2.839663087904102,2.8454905570260416,0.03811063825700867,-10.459633382158476,-10.3670764497217,2025-02-06,-10.496546489767173,-9.347876610539071,2025-02-12,-9.856322825772848,-9.29404346469592,2025-02-07,-10.578021805325028,-9.36423127108631,2025-02-13
2025-02-06,True,7,0,53.88999938964844,30.790000915527344,53.93000030517578,30.6200008392334,2.8670742445367713e-05,-0.0006491972806620446,7.712587141515587e-05,0.005861247571215506,3.5885967403231564e-05,3.4955323228646024e-05,-0.006510444851877551,-0.0016674418305616097,3.145110470367437e-05,-0.0024094362189091,-0.00521173308135238,0.00010428803312641864,0.0003248409520724138,0.559754928948551,-0.002734277170981514,-10.459633382158476,-10.9347484389859,-11.019273300153351,-9.470071777064714,-9.27716806265437,-9.635706480773184,0.002734277170981514,0.4148806410644358,,2.844327819394758,2.7581094300024462,0.02119162458365853,-9.856322825772848,-9.29404346469592,2025-02-07,-10.578021805325028,-9.36423127108631,2025-02-13,-11.186808498843195,-8.240374562605933,2025-02-10,-10.260355798001115,-9.344400499949714,2025-02-14
2025-02-07,True,7,0,53.970001220703125,30.469999313354492,54.22999954223633,31.0,5.241473385234311e-05,-0.0048058931630868395,0.0001625418872435106,-0.019544608621316684,4.8097366071018974e-05,8.342962751241737e-05,0.014738715458229846,0.006289331792289872,9.197042824585124e-05,0.0014834386292030821,0.006797212814169756,0.00020874398928462414,-0.01044742120849218,0.5716857887862461,0.011930859837695262,-9.856322825772848,-10.606658953808193,-10.955144121198778,-8.724574821758482,-9.095121809702372,-9.650572415825872,0.011930859837695262,1.8039079987115072,,2.7893229212309465,2.740840023925201,0.02059230920404298,-11.186808498843195,-8.240374562605933,2025-02-10,-10.260355798001115,-9.344400499949714,2025-02-14,-11.09334266892007,-10.81952165934786,2025-02-11,-10.301445309074387,-9.586027011385987,2025-02-18
2025-02-10,True,7,0,54.880001068115234,30.6299991607666,54.83000183105469,30.530000686645508,1.3855774250201697e-05,0.0007292087935149034,7.152123707515315e-05,0.0026169436593025596,4.0320449089347375e-05,2.252828111800373e-05,-0.0018877348657876563,0.01580916356235106,0.00026378542679137014,0.01672064363164072,0.0019672587751472536,7.539134416354702e-05,0.005237322983133286,0.5831691094347534,0.011483320648507434,-11.186808498843195,-10.56478306627938,-10.962609624988088,-9.545516130336509,-9.22243488798148,-9.627310137903818,0.011483320648507434,1.7558439065757123,,2.7868613815264998,2.805781744947862,0.031654709801865355,-11.09334266892007,-10.81952165934786,2025-02-11,-10.301445309074387,-9.586027011385987,2025-02-18,-10.48316184219818,-10.46422879528646,2025-02-12,-10.23642935643657,-9.567308869787967,2025-02-19
2025-02-11,True,7,0,54.689998626708984,30.399999618530273,54.7599983215332,30.239999771118164,1.521326719683361e-05,-0.0014619523320467762,3.8713214725150306e-05,0.004948043102252498,4.832446516900834e-05,2.801008376487791e-06,-0.006409995434299274,-0.0021890331114525034,2.000513315986904e-05,-0.003468150632149225,-0.012814349703128822,0.00020292077303922805,-0.007537297581787783,0.5872382563843921,0.004069146949638558,-11.09334266892007,-10.505664316674942,-10.962211453925693,-10.159329550448547,-9.447814185697316,-9.627863689803995,0.004069146949638558,0.6196533180535164,,2.8673305587494666,2.760642677762601,0.01845411339189651,-10.48316184219818,-10.46422879528646,2025-02-12,-10.23642935643657,-9.567308869787967,2025-02-19,-10.932913939473169,-10.621644952609202,2025-02-13,-10.332408344369309,-9.597888379658377,2025-02-20
2025-02-12,True,7,0,54.75,30.760000228881836,54.650001525878906,30.6299991607666,2.8004038047692443e-05,0.0019194656914161877,6.188913688455326e-05,0.003910100806909345,2.1611857522439345e-05,3.414065870490318e-05,-0.001990635115493157,-0.0007316097047430956,2.853929080776672e-05,0.0010965164483884848,0.00753729758178755,0.0001186999917209737,0.01177255621450568,0.5765622166182751,-0.010676039766117196,-10.48316184219818,-10.496546489767173,-10.953876835419345,-9.690165888269965,-9.404431687818727,-9.62812566757578,0.010676039766117196,1.6315183618551063,,2.8610573702273894,2.773837970214724,0.013423011858173961,-10.932913939473169,-10.621644952609202,2025-02-13,-10.332408344369309,-9.597888379658377,2025-02-20,-9.21001536630672,-9.204791892826647,2025-02-14,-10.29769169448946,-9.596705211898504,2025-02-21
2025-02-13,True,7,0,55.279998779296875,30.889999389648438,54.88999938964844,30.600000381469727,1.7860590158493823e-05,0.0067181176790205455,3.9039003148910295e-05,0.00943246574695195,8.651861338340237e-06,2.412386598453194e-05,-0.002714348067931404,0.002553802745647454,2.4382498622170298e-05,0.00963378868062037,-0.005215130653669184,6.623659088375026e-05,0.004217335093282593,0.5819786702056123,0.005416453587337777,-10.932913939473169,-10.578021805325028,-10.933029077381828,-10.150949330840918,-9.501483148222068,-9.605951252662617,0.005416453587337777,0.8482259975297023,,2.853015971352396,2.765690002154839,0.02546623675770343,-9.21001536630672,-9.204791892826647,2025-02-14,-10.29769169448946,-9.596705211898504,2025-02-21,-11.896795561056841,-8.680150759468747,2025-02-18,-11.0570453700549,-9.883461712013295,2025-02-24
2025-02-14,True,7,0,54.459999084472656,30.709999084472656,55.2400016784668,31.709999084472656,0.00010003250584895263,-0.01440449553536637,0.0003492712477383766,-0.03171817375064519,0.00011632338196879426,0.00016649018580926748,0.017313678215278815,-0.0007237984511502866,0.00010055639004684018,-0.014944686942622187,0.02619957250675677,0.0010356888472751818,-0.0058441825309141215,0.5728781657939044,-0.009100504411708066,-9.21001536630672,-10.260355798001115,-10.750318255858923,-7.959661723486285,-9.096237273083116,-9.441915707264066,0.009100504411708066,1.4229398554304284,,2.8408313123360287,2.714694769083774,0.009038111185878162,-11.896795561056841,-8.680150759468747,2025-02-18,-11.0570453700549,-9.883461712013295,2025-02-24,-10.538605704722753,-10.538605704722753,2025-02-19,-9.970613568268622,-9.887172740808825,2025-02-25
2025-02-18,True,7,0,55.369998931884766,31.31999969482422,55.15999984741211,31.049999237060547,6.812199145647738e-06,0.003619272175727618,7.905455068472344e-05,0.009136870651066553,6.355618685292139e-05,1.1155281488724895e-05,-0.005517598475338935,0.012771579724214928,0.00016992544779762558,0.016571441109762386,0.011010479167464818,0.0002002852021819002,0.019668556738099863,0.5697810501655677,-0.0030971156283374768,-11.896795561056841,-10.301445309074387,-10.782909228626119,-9.445372428796542,-9.082884882254811,-9.431259414655502,0.0030971156283374768,0.46219074500788143,,2.8466520505398383,2.692598127536089,0.008888908663999828,-10.538605704722753,-10.538605704722753,2025-02-19,-9.970613568268622,-9.887172740808825,2025-02-25,-11.364166034710067,-10.925053000704752,2025-02-20,-9.9624000465753,-9.747176725804152,2025-02-26
2025-02-19,True,7,0,55.41999816894531,31.270000457763672,55.369998931884766,31.190000534057617,2.6493643948982044e-05,0.0005417097518069063,2.6617056786144857e-05,0.0022417845727747973,2.672751421308746e-05,1.3191593261019715e-05,-0.0017000748209678902,0.0,2.6493643948982044e-05,0.0009025948508600834,-0.004159313636372313,4.3916946711857526e-05,-0.0015976752699851104,0.5722813202864125,0.002500270120845194,-10.538605704722753,-10.23642935643657,-10.738840840103784,-10.533958315116537,-9.104412226014048,-9.446383987663904,0.002500270120845194,0.36571105003290244,,2.8920370372152258,2.731115498884654,0.013259654147009137,-11.364166034710067,-10.925053000704752,2025-02-20,-9.9624000465753,-9.747176725804152,2025-02-26,-10.653763350834442,-10.60530196539255,2025-02-21,-9.839216040369532,-9.416363070109332,2025-02-27
2025-02-20,True,7,0,55.439998626708984,31.459999084472656,55.279998779296875,31.43000030517578,1.160393799993619e-05,0.0026195843598857465,1.7159041008142343e-05,-0.0012735091094514383,1.3061055763645067e-05,7.850961622216732e-06,0.003893093469337185,-0.0025293490180004663,1.8001544454796114e-05,0.0003608237156553784,0.005103674410355099,4.320653349505581e-05,0.006057682419998489,0.5665844615820689,-0.005696858704343111,-11.364166034710067,-10.332408344369309,-10.746497127025508,-10.97298535077249,-9.188303185586857,-9.463294673124347,0.005696858704343111,0.8343486529312896,,2.818995095053937,2.725890149208515,0.01252396141427603,-10.653763350834442,-10.60530196539255,2025-02-21,-9.839216040369532,-9.416363070109332,2025-02-27,-11.477899783311003,-11.052212736068972,2025-02-24,-9.83107952100288,-9.222803787645503,2025-02-28
2025-02-21,True,7,0,55.38999938964844,31.030000686645508,55.380001068115234,31.520000457763672,2.361181464065737e-05,0.00018052399601093446,0.0002142971484683466,-0.015506684563660531,0.00012467254516871447,5.6618208970144776e-05,0.015687208559671467,-0.0010827930810492058,2.47842554970254e-05,-0.0009022690850386539,0.0019054109838201627,0.00021792773948560912,-0.013762367940088005,0.5794445604371181,0.012860098855049351,-10.653763350834442,-10.29769169448946,-10.716364420837635,-8.448146961833904,-8.893489314000455,-9.355433575350919,0.012860098855049351,1.889213303526126,,2.800325477211381,2.751109680818858,0.0019879036486170065,-11.477899783311003,-11.052212736068972,2025-02-24,-9.83107952100288,-9.222803787645503,2025-02-28,-8.729746268928329,-8.6857261790484,2025-02-25,-9.757840995263289,-9.089097568139206,2025-03-03
2025-02-24,True,7,0,55.68000030517578,30.829999923706055,55.52000045776367,31.0049991607666,1.0356463055735947e-05,0.0028776970634787763,0.00012949526558791302,-0.004687588021066148,8.0093355119654e-05,2.9879186761997475e-05,0.007565285084544925,0.0023442634177247364,1.585203402741841e-05,0.0052219604812036025,-0.0008060458545674665,0.00013014497550757842,-0.006466261165335663,0.5911327820836579,0.011688221646539265,-11.477899783311003,-11.0570453700549,-10.702049746941455,-8.95186623665968,-9.279426685253103,-9.304114579186038,0.011688221646539265,1.632926627054496,,2.806386101823072,2.9019708434634395,0.022154551072442796,-8.729746268928329,-8.6857261790484,2025-02-25,-9.757840995263289,-9.089097568139206,2025-03-03,-10.468360420994722,-9.646075867282473,2025-02-26,-10.397813930577954,-9.216024513775888,2025-03-04
2025-02-25,True,7,0,54.970001220703125,30.219999313354492,55.529998779296875,30.579999923706055,0.00016170348021808274,-0.010317762014719699,0.0003085565191205173,-0.01217323291287939,3.179234942015028e-05,0.0002192338249592249,0.0018554708981596887,-0.002697628236303819,0.0001689806783193864,-0.012833417427767557,-0.008142041417373885,0.000374849357562749,-0.019984305300358773,0.5982836699562494,0.007150887872591216,-8.729746268928329,-9.970613568268622,-10.438063677810792,-8.083605525173702,-8.879419183997879,-9.17928288499246,0.007150887872591216,0.9774240030324709,,2.8172035149987327,2.943385769063569,-0.007250307465087147,-10.468360420994722,-9.646075867282473,2025-02-26,-10.397813930577954,-9.216024513775888,2025-03-04,-10.065957178018595,-8.928087089082846,2025-02-27,-10.273701799116143,-9.216155381389939,2025-03-05
2025-02-26,True,7,0,55.040000915527344,30.350000381469727,54.63999938964844,30.170000076293945,2.842162039261533e-05,0.007294006166824703,6.699027853388753e-05,0.005618923249879356,2.2870509916295094e-05,3.627069450510388e-05,0.0016750829169453465,-0.006021399987165762,6.467887819805516e-05,0.0012726061796586308,-0.0016558784232630459,6.973221188651565e-05,0.004292595951491673,0.5952636801844163,-0.0030199897718330426,-10.468360420994722,-9.9624000465753,-10.439834282019437,-9.610963045609966,-8.823041606910172,-9.15575609182724,0.0030199897718330426,0.4096653275942577,,2.8166056076565553,2.966818279095771,-0.0068802961362885995,-10.065957178018595,-8.928087089082846,2025-02-27,-10.273701799116143,-9.216155381389939,2025-03-05,-10.565530618200285,-9.099837828141203,2025-02-28,-10.458619256009749,-9.414724524524084,2025-03-06
2025-02-27,True,7,0,54.20000076293945,29.790000915527344,54.52000045776367,30.299999237060547,4.250209547230776e-05,-0.0057944263311485895,0.00013486172574387784,-0.01747858490618515,5.36731650695353e-05,6.184532807332517e-05,0.01168415857503656,-0.009492595034358389,0.0001326114559586333,-0.015379287736968283,-0.0016488427387228981,0.00013758040812091707,-0.01862373261662853,0.5985081250640765,0.0032444448796602465,-10.065957178018595,-9.839216040369532,-10.396194012898516,-8.911260558181224,-8.674782014526683,-9.159604034191322,0.0032444448796602465,0.43780538076134873,,2.794839331174601,2.949688355024821,-0.02262040758891226,-10.565530618200285,-9.099837828141203,2025-02-28,-10.458619256009749,-9.414724524524084,2025-03-06,-10.388652064038842,-9.35542905279819,2025-03-03,-10.482154570792748,-9.632202479071177,2025-03-07
2025-02-28,True,7,0,53.869998931884766,29.68000030517578,53.70000076293945,29.549999237060547,2.578982256207667e-05,0.003439099177482731,4.76417519966167e-05,0.004389710547869619,5.199706313410673e-05,1.071725571229332e-05,-0.0009506113703868883,-0.009267906799716629,0.0001116839190103104,-0.006107205657176706,-0.00808907942438466,0.00011307495793061997,-0.00369936887651523,0.5961002882834148,-0.0024078367806614764,-10.565530618200285,-9.83107952100288,-10.363767586292747,-9.951801038405764,-8.89182040162197,-9.160411171988565,0.0024078367806614764,0.3366855024793092,,2.800325477211381,3.0506937919103403,-0.027825344161050314,-10.388652064038842,-9.35542905279819,2025-03-03,-10.482154570792748,-9.632202479071177,2025-03-07,-10.596551445523065,-9.19351098926516,2025-03-04,-10.451402074941315,-9.77214317766472,2025-03-10
2025-03-03,True,7,0,54.56999969482422,30.110000610351562,54.27360153198242,30.200000762939453,3.077979579121983e-05,0.005079749199041588,9.191539363539892e-05,-0.001657039122920723,4.0365593972625856e-05,4.1164797726996454e-05,0.006736788321962311,0.007464232229183569,8.649455856240255e-05,0.012910558740970579,0.01736852106233694,0.0003935809175282408,0.01438393418298567,0.5946269128413995,-0.0014733754420150902,-10.388652064038842,-9.757840995263289,-10.368135233671689,-9.294642038436217,-8.948028925780017,-9.148062918513679,0.0014733754420150902,0.2059006054963062,,2.761274962339508,2.9770589655357758,-0.020136745901283337,-10.596551445523065,-9.19351098926516,2025-03-04,-10.451402074941315,-9.77214317766472,2025-03-10,-9.932446985170747,-9.647082245470243,2025-03-05,-10.602806400449213,-9.807941237295388,2025-03-11
2025-03-04,True,7,1,55.040000915527344,30.399999618530273,55.04999923706055,30.440000534057617,2.5002082276037842e-05,-0.0001816390507191545,0.00018340271960827427,-0.001314954674254954,8.903226899483827e-05,5.968626644473694e-05,0.0011333156235357996,0.008757573703893734,0.00010169717945516886,0.00857593465317441,0.010900187773716397,0.0003022168131105507,0.009585233099461465,0.5936176143951127,-0.0010092984462870547,-10.596551445523065,-10.397813930577954,-10.341855611327052,-8.603826169417209,-9.161908615802357,-9.0862558759168,0.0010092984462870547,0.13977474312585664,,2.821973947420524,3.1258829881615076,0.0012726061796586308,-9.932446985170747,-9.647082245470243,2025-03-05,-10.602806400449213,-9.807941237295388,2025-03-11,-11.223644389124985,-10.05233313923577,2025-03-06,-10.726274524835636,-9.899201693008864,2025-03-12
2025-03-05,True,7,0,55.16999816894531,31.219999313354492,54.81999969482422,30.639999389648438,4.8572793653630075e-05,0.006001688059536128,0.0001435062645823925,0.018233563773393635,5.159112030072139e-05,7.02439689676506e-05,-0.012231875713857508,-0.004005124951172091,6.461381952813132e-05,0.002359083836078746,0.007863729088470628,0.0002053444997592516,0.026616297229685948,0.5693604010015052,-0.024257213393607202,-9.932446985170747,-10.273701799116143,-10.299404089446057,-8.84913186809105,-9.025808167853654,-9.056842806504589,0.024257213393607202,3.2638138047079797,,2.847812143477369,3.157425872287488,0.002359083836078746,-11.223644389124985,-10.05233313923577,2025-03-06,-10.726274524835636,-9.899201693008864,2025-03-12,-10.704132754966817,-10.34910089284964,2025-03-07,-10.417010819589622,-9.772949337943444,2025-03-13
2025-03-06,True,7,0,54.869998931884766,31.100000381469727,54.869998931884766,30.93000030517578,1.3354670433080698e-05,1.8214596497756474e-17,6.901301206421224e-05,0.005802733965051581,3.970048329488911e-05,2.133359960120191e-05,-0.005802733965051562,-0.005452562490424973,4.3085108145070086e-05,-0.005452562490424917,-0.009332296529877705,0.0001561047705857797,-0.003851061642419662,0.5677589001534996,-0.001601500848005255,-11.223644389124985,-10.458619256009749,-10.292953559934306,-9.581215490505352,-9.141786531993924,-9.084343688281427,0.001601500848005255,0.21352617125964585,,2.8284963541780774,3.087855576345701,0.012285809082622112,-10.704132754966817,-10.34910089284964,2025-03-07,-10.417010819589622,-9.772949337943444,2025-03-13,-10.255684918316993,-10.038793512917493,2025-03-10,-10.385773357465126,-9.722202487398182,2025-03-14
2025-03-07,True,7,0,54.90999984741211,31.010000228881836,55.040000915527344,30.770000457763672,2.245195747410006e-05,-0.0023647317470339734,0.0001443742834169896,0.007124360203091288,8.305730308565141e-05,4.188446890271911e-05,-0.009489091950125261,0.0030934786543467575,3.202156765899908e-05,0.0007287469073125052,-0.010667627240198265,0.0002581725543528096,-0.0028980909578342207,0.5713857380186471,0.003626837865146726,-10.704132754966817,-10.482154570792748,-10.272895048071483,-8.84310144004606,-8.975724206207655,-9.081949887744791,0.003626837865146726,0.5080594464020584,,2.8231630082027146,3.2136622915601216,0.019121761647111324,-10.255684918316993,-10.038793512917493,2025-03-10,-10.385773357465126,-9.722202487398182,2025-03-14,-12.269134047920042,-9.297293371679164,2025-03-11,-10.549515261075227,-9.826974828036146,2025-03-17
2025-03-10,True,7,0,54.43000030517578,30.459999084472656,54.75,30.959999084472656,3.515706661212614e-05,-0.005861890643744759,0.00011404560902022807,-0.014313797735163574,8.384028626482793e-05,3.268119468376315e-05,0.008451907091418815,-0.0029181098152985634,4.367243150626796e-05,-0.008780000459042814,-0.0016137213430323114,0.00011664970559318608,-0.01789542308295511,0.5805011606425589,0.009115422623912295,-10.255684918316993,-10.451402074941315,-10.26189764321046,-9.078912110455285,-8.941318489951255,-9.054490272634451,0.009115422623912295,1.281768900660144,,2.784393767689544,3.1514531844614804,-0.002568797552902069,-12.269134047920042,-9.297293371679164,2025-03-11,-10.549515261075227,-9.826974828036146,2025-03-17,-10.284942734383833,-10.11118503949432,2025-03-12,-10.506869853600294,-9.64754195070055,2025-03-18
2025-03-11,True,7,0,55.06999969482422,31.399999618530273,54.939998626708984,31.045000076293945,4.69442911042944e-06,0.0022726250065222002,7.184421058920803e-05,0.011688541418231741,4.341500192569643e-05,1.6561818886970517e-05,-0.009415916411709541,0.009326177618065836,9.16720180741416e-05,0.011689619679926988,0.019023449864077037,0.00043373585532026067,0.030393563355183506,0.5617972169673023,-0.018703943675256518,-12.269134047920042,-10.602806400449213,-10.293586622313937,-9.541010525036308,-9.128238162521354,-9.05654668144805,0.018703943675256518,2.5590578755637337,,2.836736542063533,3.3271919902594687,0.0005448874738505083,-10.284942734383833,-10.11118503949432,2025-03-12,-10.506869853600294,-9.64754195070055,2025-03-18,-9.842409459807142,-9.473372571040832,2025-03-13,-10.657032396804956,-9.729952964023727,2025-03-19
2025-03-12,True,7,0,55.29999923706055,31.68000030517578,54.93000030517578,31.469999313354492,3.4143349510452205e-05,0.006894095925318441,3.8934303898974294e-05,0.0069665012981238415,1.1896133281882803e-05,3.0590760063771846e-05,-7.240537280540048e-05,-0.00254544482254194,4.0622638855057775e-05,0.004167796999122508,0.0022268084917749344,4.3892979958015253e-05,0.008877695813808817,0.5570873181526166,-0.0047098988146863086,-10.284942734383833,-10.726274524835636,-10.318428233607435,-10.153634847636967,-9.342246984723015,-9.105921810324045,0.0047098988146863086,0.6423501288090494,,2.8414149131696336,3.292869507610626,0.002353600636894271,-9.842409459807142,-9.473372571040832,2025-03-13,-10.657032396804956,-9.729952964023727,2025-03-19,-10.512341162659284,-9.968550783782502,2025-03-14,-11.02209478274085,-9.823647648210379,2025-03-20
2025-03-13,True,7,0,56.27000045776367,32.119998931884766,55.56999969482422,31.639999389648438,5.314909610525776e-05,0.012429179554065153,0.00018519222347477163,0.01754435263518548,5.7992356991532916e-05,9.017448129424824e-05,-0.005115173081120326,0.004870587068178092,7.687171449396142e-05,0.017388646848401024,-0.001263452970350517,0.00018678853688305918,0.013793279245362555,0.5606826857556545,0.0035953676030384685,-9.842409459807142,-10.417010819589622,-10.265748563491728,-8.594116226510838,-9.107078923098086,-9.060426983795894,0.0035953676030384685,0.4980278229129239,,2.822568654544802,3.1875915159360004,0.02519480997572021,-10.512341162659284,-9.968550783782502,2025-03-14,-11.02209478274085,-9.823647648210379,2025-03-20,-11.343577359695434,-11.186344879172522,2025-03-17,-10.73661608746724,-9.702880976137212,2025-03-21
2025-03-14,True,7,0,56.290000915527344,32.18000030517578,56.52000045776367,32.400001525878906,2.7198705909268007e-05,-0.003900044321149672,0.0001706917184619021,-0.00650266724463325,7.37764722715222e-05,6.205697604982392e-05,0.0026026229234835767,0.004433024335155659,4.685041066535028e-05,0.00035537416009479017,0.008679614068649165,0.0002460274188425946,0.0018662952229746566,0.5591717646927747,-0.0015109210628798664,-10.512341162659284,-10.385773357465126,-10.250217105370574,-8.675651444502453,-9.060700308939824,-9.010077520824554,0.0015109210628798664,0.20769725892493776,,2.8570447537800976,3.2051824915485305,0.024821437228502496,-11.343577359695434,-11.186344879172522,2025-03-17,-10.73661608746724,-9.702880976137212,2025-03-21,-11.47340135786747,-8.840753584236504,2025-03-18,-10.70923095258058,-9.694705569979808,2025-03-24
2025-03-17,True,7,0,56.619998931884766,32.279998779296875,56.369998931884766,31.899999618530273,1.184532409142874e-05,0.004336914267844757,9.82455257024085e-05,0.012616028624333097,4.393719687126106e-05,3.307682646128809e-05,-0.00827911435648834,0.0014201674047801976,1.3862199549028862e-05,0.005845345078714814,-0.008739153215135987,0.00017461832462003016,0.0031026545380292703,0.5619144552334601,0.002742690540685544,-11.343577359695434,-10.549515261075227,-10.271213668284888,-9.228040848176473,-9.0882856160072,-8.996641700438902,0.002742690540685544,0.37296648520070685,,2.8408313123360287,3.080532896273726,0.039446782766260124,-11.47340135786747,-8.840753584236504,2025-03-18,-10.70923095258058,-9.694705569979808,2025-03-24,-11.102308256695146,-11.102308256695146,2025-03-19,-10.738034665122875,-10.115516538151773,2025-03-25
2025-03-18,True,7,0,57.27000045776367,32.349998474121094,57.279998779296875,32.599998474121094,1.0403155775771993e-05,1.1535911115245767e-16,8.719380588494754e-05,-0.007389130514971716,4.985146217410512e-05,2.38727497433072e-05,0.0073891305149718315,0.011589240522106619,0.0001447136516550101,0.01141467357971937,0.009864435980894043,0.00018450090310610453,0.0021661681934252996,0.5711629606197549,0.00924850538629407,-11.47340135786747,-10.506869853600294,-10.281054534849114,-9.347377263001835,-9.061476366435507,-8.979119112997783,0.00924850538629407,1.2460269245926248,,2.8678989020441064,3.0209125832438133,0.039171836666052506,-11.102308256695146,-11.102308256695146,2025-03-19,-10.738034665122875,-10.115516538151773,2025-03-25,-10.972989531799978,-9.898009182235706,2025-03-20,-10.73726066539276,-10.105422574951636,2025-03-26
2025-03-19,True,7,0,57.5099983215332,32.2400016784668,57.27000045776367,32.18000030517578,1.5077480925860692e-05,0.004008013404459172,6.0988683485274453e-05,0.0021728921941454003,2.1278218304654663e-05,2.7393973053240237e-05,0.001835121210313772,0.0,1.5077480925860692e-05,0.0041818821411663265,-0.0052688227314544546,8.874917646076564e-05,-0.0034060040790393487,0.5787508468399599,0.007587886220205675,-11.102308256695146,-10.657032396804956,-10.4005821448699,-9.704822227636148,-9.024172958297198,-9.088919077260522,0.007587886220205675,1.0053516746767623,,2.863913698933143,3.0773122957049135,0.039185921808096325,-10.972989531799978,-9.898009182235706,2025-03-20,-10.73726066539276,-10.105422574951636,2025-03-26,-9.823071826420804,-9.413583728239777,2025-03-21,-10.7520150078735,-9.96805364018704,2025-03-27
2025-03-20,True,7,0,57.439998626708984,31.989999771118164,57.18000030517578,31.75,1.7158969265870196e-05,0.00436262795880674,2.3177738534734496e-05,0.007217967753046865,1.1834046420264121e-05,1.4251330690170285e-05,-0.0028553397942401248,-0.0057546243087384374,5.0274670200593536e-05,-0.0012179157083131997,-0.015315244361350728,0.00025773444838261974,-0.0077846228934177475,0.5853175540250652,0.006566707185104548,-10.972989531799978,-11.02209478274085,-10.385237345593222,-10.672318285867515,-9.33749789903569,-9.111670437677569,0.006566707185104548,0.9050475625409472,,2.817801065061329,2.9907197125611136,0.0205793592513821,-9.823071826420804,-9.413583728239777,2025-03-21,-10.7520150078735,-9.96805364018704,2025-03-27,-11.116673356347905,-11.020040702574228,2025-03-24,-11.401524125296957,-10.143196650302507,2025-03-28
2025-03-21,True,7,0,56.970001220703125,31.469999313354492,57.13999938964844,31.670000076293945,5.418687560118181e-05,-0.0028918377707451027,0.00014285249267601617,-0.0068119123630792,4.228731899686406e-05,7.737602464016695e-05,0.0039200745923340975,-0.005236514710758193,8.160796191716877e-05,-0.008216065912272974,-0.010053483847056024,0.00024392503013903258,-0.016388657549368357,0.5934901456621605,0.008172591637095383,-9.823071826420804,-10.73661608746724,-10.345289010731117,-8.853697979835141,-9.40281349087804,-9.06491083876516,0.008172591637095383,1.1524024236002854,,2.800325477211381,2.9856818991681933,0.012007919179014337,-11.116673356347905,-11.020040702574228,2025-03-24,-11.401524125296957,-10.143196650302507,2025-03-28,-11.836996302225286,-10.154390846852653,2025-03-25,-11.394318668920398,-9.599264578472471,2025-03-31
2025-03-24,True,7,0,56.70000076293945,31.420000076293945,57.040000915527344,31.68000030517578,1.4862439652419623e-05,-0.005978567967231187,2.344028725474626e-05,-0.007922716060125621,6.071453597836622e-06,1.611563665466463e-05,0.0019441480928944345,0.001227957237234216,1.6370318628895513e-05,-0.004750610729996829,0.006650887322033839,6.767458942513671e-05,-0.0015900540015931774,0.5903295889337565,-0.0031605567284036518,-11.116673356347905,-10.70923095258058,-10.340691756382652,-10.661054338435235,-9.602929706270544,-9.062445206073816,0.0031605567284036518,0.44256344532474906,,2.7713379403381286,2.9590683247967924,0.0014119633703026935,-11.836996302225286,-10.154390846852653,2025-03-25,-11.394318668920398,-9.599264578472471,2025-03-31,-11.096750832227787,-10.974727456673275,2025-03-26,-10.879654209423379,-9.574361534049476,2025-04-01
2025-03-25,True,7,0,56.9900016784668,32.08000183105469,57.02000045776367,31.989999771118164,7.2319901113251435e-06,-0.0008772565932255799,2.3800701059182555e-05,0.0028094932694432547,2.543105046987932e-05,2.800820350314186e-06,-0.0036867498626688344,0.005627867323222007,3.890488071911518e-05,0.005101619109431965,0.017978711550961427,0.00034703477009185636,0.020788204820404665,0.5746430032227839,-0.0156865857109727,-11.836996302225286,-10.738034665122875,-10.364018136368026,-10.645795521452499,-9.810872262469426,-9.140066406269613,0.0156865857109727,2.2034202053719487,,2.760009940032921,2.861057344039536,-0.004901091099984711,-11.096750832227787,-10.974727456673275,2025-03-26,-10.879654209423379,-9.574361534049476,2025-04-01,-11.070268349464081,-9.429041259581368,2025-03-27,-10.8279609694327,-9.555782643532002,2025-04-02
2025-03-26,True,7,0,56.91999816894531,32.029998779296875,57.06999969482422,32.2400016784668,1.516150615293102e-05,-0.0026318381484870595,4.5239118618703576e-05,-0.006847247835303251,1.4551330482200576e-05,2.2924647144717005e-05,0.004215409686816191,0.0014027359023618706,1.712917416470599e-05,-0.0012291022461248247,0.004975129623974797,6.999103339405518e-05,-0.0015599145662541503,0.5749738155429126,0.0003308123201293256,-11.096750832227787,-10.73726066539276,-10.357118734436352,-10.003548389251328,-9.870012784431854,-9.176418477272048,0.0003308123201293256,0.048684676308060566,,2.7232671669070703,2.841998151368816,-0.010312075487275862,-11.070268349464081,-9.429041259581368,2025-03-27,-10.8279609694327,-9.555782643532002,2025-04-02,-12.694532784810617,-10.032375928810142,2025-03-28,-9.242194874994647,-8.488501396148267,2025-04-03
2025-03-27,True,7,0,57.68000030517578,32.81999969482422,57.380001068115234,32.25,1.556838427056674e-05,0.005075973279864315,0.00013816929852607072,0.017520033121693323,7.144794900751243e-05,4.114486689456251e-05,-0.01244405984182901,0.00804908811524852,8.035620375760171e-05,0.013263757214800442,0.006845117731958816,0.00018502493529044773,0.024365150853652207,0.563872421904061,-0.011101393638851764,-11.070268349464081,-10.7520150078735,-10.591713026135693,-8.887030823798858,-9.502025383817749,-9.254234720185758,0.011101393638851764,1.6891635037407409,0.9215764302551639,2.7107133185216936,2.908539057689369,0.00416959743583778,-12.694532784810617,-10.032375928810142,2025-03-28,-9.242194874994647,-8.488501396148267,2025-04-03,-11.089841636958324,-8.74944713538163,2025-03-31,-8.948907153514895,-8.294981873818578,2025-04-04
2025-03-28,True,7,0,58.130001068115234,32.47999954223633,58.04999923706055,32.95000076293945,3.067852400992597e-06,0.001205125323223409,8.795021557250829e-05,-0.01421282098176202,9.224502291220964e-05,-6.134774693543698e-07,0.015417946304985428,0.006394196733566142,4.3953604268540517e-05,0.007771401820318324,0.003953207739500869,0.00010357806700415785,-0.010413575163706668,0.5820573988880865,0.018184976984024992,-12.694532784810617,-11.401524125296957,-10.638669881450685,-9.338739635703458,-9.66101326240458,-9.244329192126996,0.018184976984024992,2.7109962693098466,1.7885105627721705,2.77757626375082,2.9279886500419825,0.020157065168429078,-11.089841636958324,-8.74944713538163,2025-03-31,-8.948907153514895,-8.294981873818578,2025-04-04,-10.006101321194551,-9.95582759264732,2025-04-01,-8.770130079663357,-8.296057105852753,2025-04-07
2025-03-31,True,7,0,58.959999084472656,32.5099983215332,58.83000183105469,32.349998474121094,1.526662267665323e-05,0.0018679940088649231,9.332896933556652e-05,0.005087528770639732,3.656189551128308e-05,3.6016848250468335e-05,-0.0032195347617748086,0.011970059913015724,0.00015854895699783924,0.014177332265286502,-0.004010527420677395,0.0001094132995275718,0.0009231814867982635,0.5953115496665746,0.013254150778488238,-11.089841636958324,-11.394318668920398,-10.691696203105883,-9.279380001675213,-9.46268540886366,-9.264053660418794,0.013254150778488238,1.9101146690786115,1.3639700000185235,2.800325477211381,3.0750054368286497,0.03908500816371241,-10.006101321194551,-9.95582759264732,2025-04-01,-8.770130079663357,-8.296057105852753,2025-04-07,-10.811887631203216,-10.65237884876876,2025-04-02,-8.731647011860684,-8.144250531596922,2025-04-08
2025-04-01,True,7,0,58.86000061035156,32.09000015258789,59.04999923706055,32.43000030517578,4.51237735244329e-05,-0.0032227765482691108,0.00010187839993841792,-0.009916402619950703,3.68468388118641e-05,5.5077667325493355e-05,0.006693626071681593,0.0015252973700024483,4.745030559136929e-05,-0.001697479178266903,-0.002463752957047385,0.00010794847857177766,-0.013003222809802484,0.6066172932981104,0.01130574363153558,-10.006101321194551,-10.879654209423379,-10.653766432442518,-9.191730613331492,-9.2795489767506,-9.238372828493906,0.01130574363153558,1.6426425157819,1.2051589987986902,2.8814431271518632,3.1036894458780013,0.03228590987601354,-10.811887631203216,-10.65237884876876,2025-04-02,-8.731647011860684,-8.144250531596922,2025-04-08,-7.822279902278354,-7.188117573047683,2025-04-03,-8.524282779262675,-7.700335480402784,2025-04-09
2025-04-02,True,7,0,58.95000076293945,32.220001220703125,58.970001220703125,32.279998779296875,2.01584373290942e-05,-0.0005089067030869302,6.824632212196727e-05,-0.0012398358856141201,3.088835473296535e-05,2.8758202359048055e-05,0.0007309291825271904,0.0018671075379476498,2.364452788735513e-05,0.0015278867506509641,0.0059033457089018426,0.00010309581268077707,0.004042955758566613,0.6041022242901944,-0.002515069007915649,-10.811887631203216,-10.8279609694327,-10.674425354799128,-9.592387013674056,-9.231414468037457,-9.249499023427788,0.002515069007915649,0.3681067149770455,0.08591395446316472,2.8875901149342877,3.080532896273726,0.03504289887278933,-7.822279902278354,-7.188117573047683,2025-04-03,-8.524282779262675,-7.700335480402784,2025-04-09,-8.690718346776263,-8.240768678351733,2025-04-04,-8.899549784613626,-7.958642844305868,2025-04-10
2025-04-03,True,7,0,58.599998474121094,30.270000457763672,57.849998474121094,30.350000381469727,0.0004007070676264885,0.01305191363890238,0.0002885080372694105,-0.0023090788287424124,5.955948632885564e-05,0.00031482780928352165,0.015360992467644793,-0.0188362126623117,0.0007555099750863201,-0.0059549693814480165,-0.05979088556080437,0.003863458033414615,-0.062430277479018415,0.6605775323877654,0.0564753080975704,-7.822279902278354,-9.242194874994647,-10.121483072941883,-8.150787613584722,-8.963617890638961,-9.201010746101852,0.0564753080975704,8.304157494862503,5.440001229729374,2.8859174075467844,3.0685179539203564,0.01582417227654087,-8.690718346776263,-8.240768678351733,2025-04-04,-8.899549784613626,-7.958642844305868,2025-04-10,-8.856951962846283,-8.7579478432034,2025-04-07,-9.124114440668919,-7.890260630616151,2025-04-11
2025-04-04,True,7,0,57.2599983215332,28.360000610351562,58.029998779296875,29.3799991607666,0.00016813920057705213,-0.013270490975481566,0.0009446656764548617,-0.034629500020345566,0.0003944513681237322,0.00035917675445409073,0.021359009044864,-0.009774573377285808,0.00026368148528499663,-0.023132400187185986,-0.029842995975366684,0.0018352700852406138,-0.06517741497082108,0.7026225471714006,0.04204501478363509,-8.690718346776263,-8.948907153514895,-9.99469779345122,-6.964679474595227,-8.11397901133336,-8.892951461011805,0.04204501478363509,6.273848382725156,3.631811282090552,2.9101743851923443,3.401863841453939,-0.01507962973096344,-8.856951962846283,-8.7579478432034,2025-04-07,-9.124114440668919,-7.890260630616151,2025-04-11,-9.49020027948041,-8.286247356407264,2025-04-08,-9.417137479552053,-7.934650007993909,2025-04-14
2025-04-07,True,7,0,56.099998474121094,28.540000915527344,57.040000915527344,28.690000534057617,0.00014238840856215266,-0.016438731516011686,0.00013478127912805113,-0.009455523254567832,5.006336754109692e-05,0.00011355316007455343,-0.006983208261443854,-0.0038494782002314425,0.00015720689097620976,-0.020466485027507808,0.011568925422547782,0.0002686213145605235,0.006326920941942316,0.6758291412019493,-0.026793405969450124,-8.856951962846283,-8.770130079663357,-9.87380334486086,-8.911857248002656,-8.086658491433592,-8.871420192317467,0.026793405969450124,3.4447929305100984,2.4019564281490453,3.092405160814252,3.8135277889878307,-0.04972344702375775,-9.49020027948041,-8.286247356407264,2025-04-08,-9.417137479552053,-7.934650007993909,2025-04-14,-8.487091602622577,-7.08805498064572,2025-04-09,-9.604582737629997,-8.077281439357122,2025-04-15
2025-04-08,True,7,0,56.310001373291016,28.489999771118164,56.849998474121094,28.979999542236328,7.558896285031475e-05,-0.009544029701530453,0.00024494050700485566,-0.01740385062607597,7.869730221251559e-05,0.00012091608382132741,0.007859820924545518,0.013280408026723747,0.00025195820020658323,0.0037363783251924687,0.015299276969254727,0.0004790083827868238,-0.001753503651376942,0.681319023178519,0.005489881976569411,-9.49020027948041,-8.731647011860684,-9.827976131758678,-8.314495205458783,-7.997719972922602,-8.83936786039172,0.005489881976569411,0.7030949688573298,0.5045245658734683,2.9796028916241073,3.8497219694869678,-0.04428958952029838,-8.487091602622577,-7.08805498064572,2025-04-09,-9.604582737629997,-8.077281439357122,2025-04-15,-9.315441953057343,-8.33374735870622,2025-04-10,-10.243571046789476,-8.27570833845318,2025-04-16
2025-04-09,True,7,0,58.380001068115234,29.40999984741211,57.7400016784668,28.950000762939453,0.00020611184438080294,0.010937512684879091,0.0002294084189817467,0.01678408162852118,0.0002641629077820464,8.567867779025162e-05,-0.0058465689436420845,0.02507803964960699,0.0008350199170480632,0.03610122006730343,0.016017089896641894,0.0004859555877388545,0.03178160690154774,0.6856386363442746,0.004319613165755687,-8.487091602622577,-8.524282779262675,-9.69334901820918,-8.380006653934819,-7.906176273252341,-8.80382189946499,0.004319613165755687,0.5541187563902884,0.3971774825813565,3.166740070447672,3.9575698553746506,-0.009716256203645912,-9.315441953057343,-8.33374735870622,2025-04-10,-10.243571046789476,-8.27570833845318,2025-04-16,-10.384308977389026,-7.856040000800365,2025-04-11,-10.40408054826764,-8.410140266185614,2025-04-17
2025-04-10,True,7,0,59.810001373291016,29.75,59.099998474121094,29.5,9.002330712928052e-05,0.01194199542390032,0.0002809489677262741,0.006083165235608276,0.0002087998456759034,8.108621458982561e-05,0.005858830188292044,0.012257514871579559,0.0002402699779562746,0.024199510295479065,0.0030555159681699795,0.0002902851455580158,0.011494384614034736,0.6983437620257196,0.01270512568144433,-9.315441953057343,-8.899549784613626,-9.632376509949275,-8.177337514638571,-7.910287766282885,-8.742446156004275,0.01270512568144433,1.5298971260655276,1.0198150936430257,3.199896858270398,3.515121096210236,0.02043822347328117,-10.384308977389026,-7.856040000800365,2025-04-11,-10.40408054826764,-8.410140266185614,2025-04-17,-12.440673850210304,-9.485654201185143,2025-04-14,-10.448681505491878,-8.054517241947968,2025-04-21
2025-04-11,True,7,0,60.959999084472656,30.6200008392334,60.95000076293945,30.18000030517578,3.091376582254907e-05,-4.597017211338539e-17,0.00022119938545219462,0.014147309445376344,0.00013091534403244335,6.0598903621150173e-05,-0.014147309445376392,0.018880974427386316,0.0003874049611501651,0.019045002342539696,0.014350331459918894,0.00042713139846173255,0.028824285645912884,0.6885644787223459,-0.009779283303373187,-10.384308977389026,-9.124114440668919,-9.634617801879111,-8.416446066565005,-8.411681984649077,-8.691858376985273,0.009779283303373187,1.1182112991168487,0.9196765292147276,3.2805352052549286,3.7067194022202417,0.06261562600300685,-12.440673850210304,-9.485654201185143,2025-04-14,-10.448681505491878,-8.054517241947968,2025-04-21,-12.008539110352102,-11.180607078141465,2025-04-15,-9.63050722871807,-7.966596805287183,2025-04-22
2025-04-14,True,7,0,60.59000015258789,30.780000686645508,60.44499969482422,30.510000228881836,3.954430942286192e-06,0.0027260504282022513,9.131120180084288e-05,0.009460158978326194,7.229366740849085e-05,1.1485982667319121e-05,-0.006734108550123942,-0.008484040754759942,7.593337847071384e-05,-0.0060880308846327225,-0.0035989114071105503,0.00010426336511707332,0.005211733081352143,0.6772647147563612,-0.011299763965984866,-12.440673850210304,-9.417137479552053,-9.669394345860775,-9.301237085656757,-8.451584791897156,-8.717595380987465,0.011299763965984866,1.248663532509688,0.9626714046306399,3.34779660493504,3.625939690902655,0.07699408014588194,-12.008539110352102,-11.180607078141465,2025-04-15,-9.63050722871807,-7.966596805287183,2025-04-22,-9.966549817377409,-7.495483750406188,2025-04-16,-9.364213080389861,-7.665836866528882,2025-04-23
2025-04-15,True,7,0,60.939998626708984,30.860000610351562,60.7599983215332,30.860000610351562,6.0919696167085975e-06,0.0027940191659961465,1.143805080007857e-05,-0.0006483130702398619,1.3548281417871002e-05,1.9908694994580825e-06,0.0034423322362360084,0.002801784627770585,1.3941966717120153e-05,0.005759885547164778,0.0025957159941908904,1.817579232257697e-05,0.0025957159941913943,0.6804288843093346,0.0031641695529733838,-12.008539110352102,-9.604582737629997,-9.684693980104596,-11.378564971138246,-8.698348199179806,-8.762828395570901,0.0031641695529733838,0.34827228652605996,0.2719842496797752,3.169685580677429,3.430432487171618,0.07901758736785425,-9.966549817377409,-7.495483750406188,2025-04-16,-9.364213080389861,-7.665836866528882,2025-04-23,-9.662294170957768,-9.43192306960841,2025-04-17,-9.413492182026026,-7.857688604263722,2025-04-24
2025-04-16,True,7,0,62.93000030517578,31.200000762939453,62.33000183105469,31.290000915527344,4.694425061714175e-05,0.009341743398205716,4.0228393005071874e-05,-0.0022396938466980355,6.743088992457871e-05,9.870876848817454e-06,0.011581437244903752,0.02255312917510914,0.0005555878862063009,0.03213325136586054,0.013837720227118268,0.00023171089408906994,0.010957252555528818,0.7016048831196665,0.02117599881033172,-9.966549817377409,-10.243571046789476,-9.659379342884172,-10.120937517988777,-8.95550282572768,-8.779829143737308,0.02117599881033172,2.3704301228776457,1.7223534027408107,3.0699116717282426,3.405189430794687,0.07504961866641136,-9.662294170957768,-9.43192306960841,2025-04-17,-9.413492182026026,-7.857688604263722,2025-04-24,-10.62489739324239,-7.05540835330295,2025-04-21,-9.428779363087425,-7.670482548600075,2025-04-25
2025-04-17,True,7,0,62.630001068115234,30.979999542236328,62.67499923706055,30.989999771118164,6.363835706149713e-05,-0.0005585899326616883,0.00013017645183462676,-0.00048412458337635314,1.7250221421930252e-05,8.82822937370968e-05,-7.446534928533515e-05,-0.004060370516880425,8.012496579584894e-05,-0.004778588796598093,-0.006753554854634686,0.0001757869550091865,-0.007076299056004487,0.7039025933790727,0.0022977102594063936,-9.662294170957768,-10.40408054826764,-9.622167106183433,-8.946619706032418,-9.221697656681417,-8.767206279495035,0.0022977102594063936,0.2555007004077115,0.09408652502827594,3.2857865301508276,3.4855385113964097,0.0460715195743342,-10.62489739324239,-7.05540835330295,2025-04-21,-9.428779363087425,-7.670482548600075,2025-04-25,-8.581781334997801,-8.413275484897586,2025-04-22,-9.355997592603376,-8.094245491981336,2025-04-28
2025-04-21,True,7,0,64.58999633789062,31.200000762939453,64.47000122070312,31.399999618530273,2.4303324816757937e-05,0.0016272734658161463,3.9798931549432876e-05,-0.006069353817225603,5.08446128853988e-05,6.628821740396006e-06,0.007696627283041747,0.028955604665273138,0.0008627303663483455,0.030815129754911297,0.013466060552870671,0.00022113371836301245,0.007076299056004487,0.7276414240779794,0.02373883069890681,-10.62489739324239,-10.448681505491878,-9.615856567078925,-10.131670491525865,-9.678895358243851,-8.773409236334334,0.02373883069890681,2.664231301402125,1.8108851336518619,3.1838702156693857,3.3894621125779762,0.0578416469867058,-8.581781334997801,-8.413275484897586,2025-04-22,-9.355997592603376,-8.094245491981336,2025-04-28,-9.149114075030859,-7.381803430418002,2025-04-23,-9.885950975269358,-8.16582385991638,2025-04-29
2025-04-22,True,7,0,63.65999984741211,30.950000762939453,64.97000122070312,31.280000686645508,0.0001874906960225964,-0.02052629470478412,0.00010494145402704355,-0.01060591384737893,0.00025534723889089156,1.854245557937419e-05,-0.009920380857405191,0.0058661003345558994,0.00022190182915767323,-0.014503123889576308,0.002560818360068893,0.00011149924470030949,-0.008045095487310139,0.7211833956757131,-0.006458028402266169,-8.581781334997801,-9.63050722871807,-9.505979186574443,-9.162107944007497,-9.636263481569546,-8.749683538208233,0.006458028402266169,0.7187328433213026,0.7332487577257354,3.337192051686243,3.5210523344469045,0.04942655398176221,-9.149114075030859,-7.381803430418002,2025-04-23,-9.885950975269358,-8.16582385991638,2025-04-29,-10.54476965650913,-8.82780542307324,2025-04-24,-10.380446545840513,-8.705162363935116,2025-04-30
2025-04-23,True,7,0,62.119998931884766,32.04999923706055,62.22999954223633,31.270000457763672,0.00010631394721824065,-0.0016082099579090223,0.00022952749734967638,0.024637973453197112,0.0003864285768728664,-2.529356615247469e-05,-0.026246183411106135,-0.022719228231897474,0.0006224772786712878,-0.024488438370926957,0.010286162327504176,0.0003353326327774425,0.034924135780701526,0.6617708215240848,-0.05941257415162848,-9.149114075030859,-9.364213080389861,-9.474631172308653,-8.379487721481008,-9.124763355619374,-8.725132583069,0.05941257415162848,6.200785868693309,4.867129335359296,3.34779660493504,3.4200191259198913,0.019178230063670476,-10.54476965650913,-8.82780542307324,2025-04-24,-10.380446545840513,-8.705162363935116,2025-04-30,-9.764639960668685,-7.645367590151304,2025-04-25,-10.403865553253214,-8.364177385380314,2025-05-01
2025-04-24,True,7,0,63.040000915527344,32.040000915527344,62.80500030517578,31.799999237060547,2.633084067626303e-05,0.003576091159684068,2.821816134329e-05,0.007362784533498953,4.769769152085846e-05,3.4256552493472812e-06,-0.003786693373814885,0.010966711912215765,0.0001465996108417982,0.014701478986482108,-0.007830893767691525,8.954105854415997e-05,-0.000312008787346052,0.6767843092979133,0.01501348777382816,-10.54476965650913,-9.413492182026026,-9.467864268809684,-10.475544768046015,-9.147060462362775,-8.723796606570078,0.01501348777382816,1.4483855101075824,1.2564569682013282,3.2280337626529665,3.348148187389192,0.0017464576842920465,-9.764639960668685,-7.645367590151304,2025-04-25,-10.403865553253214,-8.364177385380314,2025-05-01,-9.81467018905537,-9.76858497029195,2025-04-28,-10.545478574989827,-8.726156892284378,2025-05-02
2025-04-25,True,7,0,62.34000015258789,31.5,61.7599983215332,31.450000762939453,5.7447448874541656e-05,0.00918700165826589,5.7583616652053335e-05,0.0017472293506612451,4.090467832315408e-05,3.706319360172046e-05,0.007439772307604646,-0.020513581533309712,0.0004782544761982869,-0.011166183285719278,-0.018586143369414,0.0004030283420004653,-0.016997604943082223,0.682615730955276,0.005831421657362945,-9.764639960668685,-9.428779363087425,-9.43876237577949,-9.762272463845276,-9.293570555594766,-8.714400902576926,0.005831421657362945,0.5576817380907086,0.5465199821911462,3.2160718975354663,3.2760119902984917,-0.004641136804829138,-9.81467018905537,-9.76858497029195,2025-04-28,-10.545478574989827,-8.726156892284378,2025-05-02,-11.544775042279385,-9.057967644084929,2025-04-29,-10.658446356638699,-8.12065703198937,2025-05-05
2025-04-28,True,7,0,63.22999954223633,31.649999618530273,62.2400016784668,31.559999465942383,5.4644051905467555e-05,0.015780957993072407,1.978067448873971e-05,0.0025316445532529348,4.962843907798416e-05,1.2398143658111552e-05,0.013249313439819475,-0.0016053699490732837,5.7221264578855115e-05,0.014175588043999099,0.0019029332241082232,2.3401829344154626e-05,0.0047505907058420505,0.6920407282934331,0.009424997338157048,-9.81467018905537,-9.355997592603376,-9.416460921562498,-10.830805132819249,-9.338056923353435,-8.721473195279552,0.009424997338157048,0.898464338949635,0.8627613579811413,3.151025157960026,3.2124552632081076,-0.021280678515741336,-11.544775042279385,-9.057967644084929,2025-04-29,-10.658446356638699,-8.12065703198937,2025-05-05,-11.861330295289653,-10.410803446552462,2025-04-30,-10.381187145826674,-7.919231158570365,2025-05-06
2025-04-29,True,7,0,62.63999938964844,31.299999237060547,62.58000183105469,31.93000030517578,9.686522784031151e-06,0.0009183849659188349,0.00017600713793660623,-0.019608498003120766,0.00012534169030714378,3.0175985206746796e-05,0.020526882969039602,-0.01033309733070373,0.0001164594232298277,-0.009374822892113777,0.00880787974691203,0.00025358588357266937,-0.011120063366384603,0.6937859687677038,0.001745240474270826,-11.544775042279385,-9.885950975269358,-9.419751888793384,-8.644986007290523,-9.188349771862017,-8.710979927520484,0.001745240474270826,0.16517761816157495,0.21057215203524263,3.1463051320333655,3.224857881377966,-0.016152377518278804,-11.861330295289653,-10.410803446552462,2025-04-30,-10.381187145826674,-7.919231158570365,2025-05-06,-10.691420070196143,-7.634867273836888,2025-05-01,-10.301276935307422,-7.861190470499206,2025-05-07
2025-04-30,True,7,0,62.16999816894531,31.049999237060547,62.34000015258789,31.1299991607666,7.058130838333953e-06,-0.00289157318223196,4.871552323022114e-05,-0.002895232684425513,5.2537556192700744e-05,1.6180489379271781e-06,3.6595021935528424e-06,-0.004800765151885385,3.0105476881891056e-05,-0.007531503109886373,-0.005446115676519655,7.837569919225427e-05,-0.008019289362875881,0.6942737550206937,0.0004877862529895083,-11.861330295289653,-10.380446545840513,-9.417518102427342,-9.929512826505809,-9.624931656284021,-8.721862688820705,0.0004877862529895083,0.0456680028770717,0.09855731561109143,3.095577608523707,3.185112197871947,0.00080455774276178,-10.691420070196143,-7.634867273836888,2025-05-01,-10.301276935307422,-7.861190470499206,2025-05-07,-10.192958030460664,-8.992524852953919,2025-05-02,-9.670888430617241,-8.03000833231492,2025-05-08
2025-05-01,True,7,0,60.86000061035156,30.809999465942383,60.849998474121094,30.8700008392334,2.2739204101324685e-05,0.00032863060088634665,8.790842789843562e-05,-0.0016210457100238294,7.759574280591005e-05,1.652594459692514e-05,0.001949676310910176,-0.02146074447139707,0.00048330275736792463,-0.021296384331257023,-0.005813918108049832,0.00012171007166554535,-0.007759488533497283,0.6807368592229339,-0.01353689579775974,-10.691420070196143,-10.403865553253214,-9.413348272532584,-9.339214877341108,-9.458813576970341,-8.72337557168023,0.01353689579775974,1.277510108327178,1.0003658707896794,3.0689827352935835,3.206803274522168,-0.03519330557497735,-10.192958030460664,-8.992524852953919,2025-05-02,-9.670888430617241,-8.03000833231492,2025-05-08,-10.111973011594428,-7.219098045042399,2025-05-05,-9.766942273100558,-8.041040052106121,2025-05-09
2025-05-02,True,7,0,60.970001220703125,30.530000686645508,61.43000030517578,31.030000686645508,3.743299472892754e-05,-0.0075983886285930224,0.0002346234113935369,-0.0159171708202687,0.00023755837613630748,1.7249014993078458e-05,0.008318782191675677,0.009322165646093152,0.0001243357670621269,0.0018058054434924031,0.007115205314057875,0.0002852495580547343,-0.00912946603703979,0.6916721307034662,0.010935271480532194,-10.192958030460664,-10.545478574989827,-9.41764012199265,-8.357528833912545,-9.08452713165032,-8.686968996088117,0.010935271480532194,1.023522300645562,0.9386714330704136,3.068517943279639,3.2027464584452163,-0.02222131684576567,-10.111973011594428,-7.219098045042399,2025-05-05,-9.766942273100558,-8.041040052106121,2025-05-09,-9.9604569397813,-7.710265658153742,2025-05-06,-9.771927916625199,-8.004110594168361,2025-05-12
2025-05-05,True,7,0,62.790000915527344,30.889999389648438,62.595001220703125,31.020000457763672,4.059064195699425e-05,0.003190001097613044,5.494834972180004e-05,-0.0035524212979393417,2.8990605805218922e-05,3.327419293678768e-05,0.006742422395552386,0.026303462272135265,0.0007324627694586376,0.029413879765702866,0.01592234326781038,0.0003084693648597866,0.011722657933986191,0.7093633525351828,0.017691221831716675,-10.111973011594428,-10.658446356638699,-9.406278191237462,-9.809116909925951,-9.02435412141508,-8.690556929072612,0.017691221831716675,1.593414183441046,1.482053539784593,3.0610517396746335,3.1214834923152734,-0.0069830251240619035,-9.9604569397813,-7.710265658153742,2025-05-06,-9.771927916625199,-8.004110594168361,2025-05-12,-10.821936289740485,-8.882691377344534,2025-05-07,-9.869148712542929,-8.292670303773189,2025-05-13
2025-05-06,True,7,0,64.56999969482422,31.690000534057617,64.05999755859375,31.670000076293945,4.7231149321789724e-05,0.0077748800758430546,2.2138045442096626e-05,0.0006313275958115634,2.703648052593227e-05,2.1166357118977043e-05,0.007143552480031491,0.02002426636296735,0.00044820239269685537,0.02795406220529717,0.024937375787959487,0.0006440107566320046,0.02556870338377104,0.7117487113567085,0.002385358821526129,-9.9604569397813,-10.381187145826674,-9.623748223867109,-10.718212916328966,-9.319410520519268,-8.765278874430487,0.002385358821526129,0.21491987305168225,0.20670424575332422,3.1441522786722644,3.162940166719303,0.030345859973349043,-10.821936289740485,-8.882691377344534,2025-05-07,-9.869148712542929,-8.292670303773189,2025-05-13,-8.678200279127287,-8.60081193179088,2025-05-08,-9.902202259163888,-8.10570994514549,2025-05-14
2025-05-07,True,7,0,63.61000061035156,30.920000076293945,63.869998931884766,31.239999771118164,1.995688642978474e-05,-0.004236304495958543,9.17463925871505e-05,-0.010296091458238054,5.198938997978088e-05,2.9856944518577188e-05,0.006059786962279511,-0.010900151061869512,0.0001387701796013598,-0.014979201626171168,-0.014301872910467035,0.00029628996133430137,-0.024597964368704872,0.7213674740992431,0.009618762742533704,-10.821936289740485,-10.301276935307422,-9.731154245477613,-9.296482389653782,-9.22776199694171,-9.050864824575422,0.009618762742533704,0.8718942127087049,0.7462004622532307,3.20761263258949,3.2092294570604114,0.022898161457064248,-8.678200279127287,-8.60081193179088,2025-05-08,-9.902202259163888,-8.10570994514549,2025-05-14,-11.670654708133767,-9.147573888913053,2025-05-09,-10.66076988070969,-8.19993768877554,2025-05-15
2025-05-08,True,7,0,62.34000015258789,30.8700008392334,63.375,31.040000915527344,0.000170257207483263,-0.016373177902956948,7.829629508396655e-05,-0.004682351480401308,7.499932922492578e-05,8.677708667115188e-05,-0.01169082642255564,-0.0037012383745795947,0.0001839563729887236,-0.020167423499063197,0.003873498623415643,9.330028666956943e-05,-0.0016183604865651624,0.7028184110867446,-0.018549063012498035,-8.678200279127287,-9.670888430617241,-9.710053772206841,-9.45501027302229,-9.247517985683881,-9.072998234292529,0.018549063012498035,1.8004622684514573,1.5068922185561278,3.1350593387750902,3.1591257880658463,0.024027122289258074,-11.670654708133767,-9.147573888913053,2025-05-09,-10.66076988070969,-8.19993768877554,2025-05-15,-10.147716127138006,-7.139654833276566,2025-05-12,-10.674868565849312,-8.062336804659154,2025-05-16
2025-05-09,True,7,0,62.77000045776367,31.229999542236328,62.959999084472656,31.1200008392334,8.540809989346345e-06,-0.00278340055713151,4.588739032140265e-05,0.004168649904565794,4.8315298275849814e-05,3.0564510174495923e-06,-0.006952050461697304,0.009896312780871686,0.00010647781664619063,0.006873982835291059,0.008065860577726066,0.0001109454971807181,0.011594290937049667,0.6980981029849861,-0.004720308101758608,-11.670654708133767,-9.766942273100558,-9.76159209111722,-9.989320199307018,-9.74471964058488,-9.15514987714233,0.004720308101758608,0.4557490684920032,0.353327001304511,3.1170645587215158,3.1126260046623373,0.02909529968105673,-10.147716127138006,-7.139654833276566,2025-05-12,-10.674868565849312,-8.062336804659154,2025-05-16,-10.779910001082563,-10.431282494642518,2025-05-13,-11.02995302127831,-8.578176373897115,2025-05-19
2025-05-12,True,7,0,61.0,31.049999237060547,61.06999969482422,31.100000381469727,3.916542846772048e-05,-0.0009829845854745466,5.745187894006974e-05,-0.0012870309249405684,5.88085647893241e-06,4.53682254644289e-05,0.0003040463394660222,-0.027456517384258403,0.0007930257753398043,-0.02860339544884294,-0.004171325186072655,7.485183274803381e-05,-0.005780372828999791,0.6752750803651427,-0.022823022619843147,-10.147716127138006,-9.771927916625199,-9.902801091109382,-9.76456284854602,-9.736211945911826,-9.231993277547268,0.022823022619843147,2.2179014779017407,1.7552842512119176,3.0846584827483925,3.086486619403746,-0.028921975533489075,-10.779910001082563,-10.431282494642518,2025-05-13,-11.02995302127831,-8.578176373897115,2025-05-19,-11.369291882135016,-7.833845759813015,2025-05-14,-9.987624100996296,-8.437351802345367,2025-05-20
2025-05-13,True,7,0,61.279998779296875,31.40999984741211,61.18000030517578,31.139999389648438,2.0813473821780062e-05,0.0016331618013262282,4.286959961952947e-05,0.008951488450062902,3.600208575050738e-05,1.3840493845401079e-05,-0.007318326648736674,0.0029464795376085515,2.9495215487325965e-05,0.004579641338934515,0.0028943629974407634,5.1246936780483755e-05,0.011527524884446638,0.6683271968196302,-0.0069478835455121235,-10.779910001082563,-9.869148712542929,-9.967739536792493,-10.057347616807156,-9.668410508464824,-9.349186501540691,0.0069478835455121235,0.7160423656917139,0.4937914233145967,3.062455905596899,2.911807005426911,-0.05229639639985173,-11.369291882135016,-7.833845759813015,2025-05-14,-9.987624100996296,-8.437351802345367,2025-05-20,-10.199996267455766,-9.93900343669732,2025-05-15,-9.954170493496198,-8.8516791186011,2025-05-21
2025-05-14,True,7,0,59.970001220703125,30.670000076293945,60.09000015258789,30.864999771118164,1.1544610166829992e-05,-0.001748899743198658,3.0604826113795e-05,-0.006500879496558941,1.069012642195638e-05,1.5729654929334304e-05,0.004751979753360284,-0.019610064627086365,0.0003960992448453339,-0.021609047976597573,-0.017503460262334864,0.00033697594726893066,-0.02384132807887962,0.670559476921912,0.002232280102282047,-11.369291882135016,-9.902202259163888,-9.986694890256521,-10.39435284530473,-9.883253684595354,-9.454033565122094,0.002232280102282047,0.2402981845681285,0.22087830419792986,2.9745086371023644,2.9025198541454498,-0.058926242750278135,-10.199996267455766,-9.93900343669732,2025-05-15,-9.954170493496198,-8.8516791186011,2025-05-21,-11.884054260691952,-8.081938129678631,2025-05-16,-10.008440498387014,-8.875842625319912,2025-05-22
2025-05-15,True,7,0,60.93000030517578,31.040000915527344,60.16999816894531,30.709999084472656,3.717045742424431e-05,0.012551810468128026,4.538966843280909e-05,0.011010479167464981,2.0913936153282553e-05,3.0823094851885426e-05,0.0015413313006630448,0.0033294012652561687,4.825537020933368e-05,0.01588121173338397,0.0013033240269679862,4.708832195208114e-05,0.01199174419636373,0.6744489444589328,0.0038894675370202414,-10.199996267455766,-10.66076988070969,-9.954405410878865,-10.000226046373669,-10.021355456369488,-9.481028166975284,0.0038894675370202414,0.4326109740322476,0.34424064937799875,3.0339909856710814,2.924236316920531,-0.022877607517830967,-11.884054260691952,-8.081938129678631,2025-05-16,-10.008440498387014,-8.875842625319912,2025-05-22,-12.285945244213147,-8.753435928391369,2025-05-19,-10.005322941930443,-8.801865228428323,2025-05-23
2025-05-16,True,7,0,60.20000076293945,30.739999771118164,59.880001068115234,30.6299991607666,6.899550725744106e-06,0.005412858368823826,5.975829973653748e-05,0.003910100806909575,5.3376527457294216e-05,6.640661502493688e-06,0.0015027575619142503,-0.017383091880009045,0.00030907143403458053,-0.012053304280843946,-0.013296831364482183,0.0002365640240720146,-0.009711994145382707,0.6721076343234714,-0.0023413101354612387,-11.884054260691952,-10.674868565849312,-9.953633194310166,-9.725202469074961,-9.960801999449938,-9.452643328383534,0.0023413101354612387,0.2642607443485066,0.14012669988875506,3.0740812399649675,2.880882427596084,-0.04180489463396597,-12.285945244213147,-8.753435928391369,2025-05-19,-10.005322941930443,-8.801865228428323,2025-05-23,-8.682093534708985,-8.66934595691744,2025-05-20,-10.010809304896329,-8.541990165997197,2025-05-27
2025-05-19,True,7,0,60.970001220703125,30.850000381469727,60.95000076293945,30.899999618530273,4.616169800584232e-06,0.00041005063257447405,1.0702787252871823e-05,-0.0014573746213353608,9.180833789481382e-06,3.069061631987337e-06,0.0018674252539098348,0.012381503456556635,0.0001579177976453081,0.012709594952909242,0.005191440893684343,3.765384580548991e-05,0.003572032051986973,0.6812451972243938,0.00913756290092227,-12.285945244213147,-11.02995302127831,-9.994933304254342,-11.445006359495682,-10.181482398549388,-9.469891656927311,0.00913756290092227,1.019654165676759,0.7612052425877047,3.0666566118906897,2.8472322519593383,-0.0004919042322137912,-8.682093534708985,-8.66934595691744,2025-05-20,-10.010809304896329,-8.541990165997197,2025-05-27,-10.852137031118808,-10.45896536237402,2025-05-21,-11.056440700405389,-8.705801792762886,2025-05-28
2025-05-20,True,7,0,62.119998931884766,31.579999923706055,61.060001373291016,30.940000534057617,0.00016959564131862324,0.01705000660057963,0.00014025976514376532,0.020790757238259436,1.643491816023138e-05,0.00014671024415107857,-0.003740750637679806,0.0014750498564791547,0.00017177141339772242,0.01868602114500284,0.0029130996892894954,0.00014874591494350387,0.023387243694898086,0.676543974674499,-0.004701222549895245,-8.682093534708985,-9.987624100996296,-9.89459161275558,-8.872014389291781,-9.766458570236468,-9.463967654116546,0.004701222549895245,0.533474114338349,0.32387389072648626,3.0619880693310564,2.8981194110402666,0.013614475573854534,-10.852137031118808,-10.45896536237402,2025-05-21,-11.056440700405389,-8.705801792762886,2025-05-28,-10.61206614179794,-10.376097002918756,2025-05-22,-11.005884608231245,-8.665711917205991,2025-05-29
2025-05-21,True,7,0,62.59000015258789,31.979999542236328,62.310001373291016,31.670000076293945,1.936318391692504e-05,0.004323818904371226,8.390803255755883e-05,0.009897199024954832,4.798078609062995e-05,2.764521519192696e-05,-0.0055733801205836075,0.0030539675096866287,2.8689901467146586e-05,0.007537542288405419,0.0028458565479756648,9.20069320492148e-05,0.012586686680145398,0.6714948302827587,-0.005049144391739979,-10.852137031118808,-9.954170493496198,-9.899052811485952,-9.38578920941285,-9.595948286266529,-9.438458072022183,0.005049144391739979,0.5730915152001328,0.34660096477787244,3.08876713952118,2.895359307842134,0.042761065838857526,-10.61206614179794,-10.376097002918756,2025-05-22,-11.005884608231245,-8.665711917205991,2025-05-29,-11.787048956443746,-7.921898281279143,2025-05-23,-11.152832401103243,-8.634297039315705,2025-05-30
2025-05-22,True,7,0,62.029998779296875,31.489999771118164,62.43000030517578,31.5,2.4617176134953128e-05,-0.006427814656151661,1.4162672533739979e-05,-0.0003175179870515345,1.1425640899471787e-05,1.3677103884610662e-05,-0.006110296669100127,-0.0025595894125656016,3.116867409587105e-05,-0.008987404068717453,-0.015123147260159663,0.0002428722555862147,-0.015440665247211438,0.6779480914612523,0.006453261178493985,-10.61206614179794,-10.008440498387014,-10.058531252714666,-11.164900749249052,-9.692281993215836,-9.491685923989975,0.006453261178493985,0.7330775081599454,0.5507999114205994,3.101442727976105,3.0383127613015377,0.017892450036756102,-11.787048956443746,-7.921898281279143,2025-05-23,-11.152832401103243,-8.634297039315705,2025-05-30,-12.597406783067111,-7.872278691413361,2025-05-27,-10.86943516838137,-8.645495837630783,2025-06-02
2025-05-23,True,7,0,63.380001068115234,31.920000076293945,63.209999084472656,31.649999618530273,7.602381865298941e-06,0.002606959911039974,1.8741797319712978e-05,0.008494638434339955,9.840058265952648e-06,8.252060459529635e-06,-0.005887678523299981,0.018844382694518817,0.0003627131410027792,0.02153025180954593,0.00506810869289334,4.4427523042694015e-05,0.013562747127233266,0.685915596143565,0.007967504682312665,-11.787048956443746,-10.005322941930443,-10.169225545674687,-10.884754377550495,-9.834801190069712,-9.62743919433682,0.007967504682312665,0.977736889788158,0.6792666841782129,3.070375816549757,3.009635212581242,0.05147600612714598,-12.597406783067111,-7.872278691413361,2025-05-27,-10.86943516838137,-8.645495837630783,2025-06-02,-10.639030652428374,-10.621992205615145,2025-05-28,-10.725040559366136,-9.096565328434854,2025-06-03
2025-05-27,True,7,0,62.310001373291016,31.690000534057617,62.15999984741211,31.520000457763672,3.380770948969607e-06,0.002249709942555949,1.2749403290294835e-05,0.006009780165737211,1.101382493149895e-05,2.558174653882747e-06,-0.0037600702231812616,-0.019436667510702426,0.0003811648148705649,-0.01702642251954689,-0.012610495459131753,0.0001717739990150774,-0.007231584416380166,0.6761207580403982,-0.009794838103166725,-12.597406783067111,-10.010809304896329,-10.19681718733084,-11.270026088216218,-9.827187207963501,-9.638166826559521,0.009794838103166725,1.3951781254823539,0.717029735366347,3.1036894150590832,3.104138188471233,0.021739988654689846,-10.639030652428374,-10.621992205615145,2025-05-28,-10.725040559366136,-9.096565328434854,2025-06-03,-10.660386461271823,-9.679333271775063,2025-05-29,-10.73792738384699,-9.096959141231638,2025-06-04
2025-05-28,True,7,0,62.16999816894531,31.440000534057617,62.349998474121094,31.709999084472656,2.3962255515792866e-05,-0.002971492520970584,3.1004874381519415e-05,-0.008710154832617483,1.9016788733840453e-05,1.7975170581735914e-05,0.0057386623116469,0.0006416990574606446,2.4374033196138747e-05,-0.0022494097669252255,0.0006308691229856073,3.140287023185605e-05,-0.007920206007817843,0.6817915542812911,0.005670796240892617,-10.639030652428374,-11.056440700405389,-10.238491613359237,-10.381366127726215,-10.346238539081218,-9.656872353003791,0.005670796240892617,0.8217693357272907,0.4884253153433063,3.050220458838061,2.9423314485395675,0.00080455774276178,-10.660386461271823,-9.679333271775063,2025-05-29,-10.73792738384699,-9.096959141231638,2025-06-04,-11.229870238567292,-9.74345208247708,2025-05-30,-10.606291675304467,-9.13673703948847,2025-06-05
2025-05-29,True,7,0,62.540000915527344,31.799999237060547,62.560001373291016,31.78499984741211,2.3455947716357724e-05,-0.0004796961313108536,8.484058904275988e-05,8.933825901280557e-17,4.5182318735426557e-05,3.155710901184553e-05,-0.00047969613131094296,0.006253579359776048,6.256320252537473e-05,0.005933827839901262,0.010913491040175237,0.00020394487572674504,0.011385281246753198,0.6763401008744394,-0.005451453406851936,-10.660386461271823,-11.005884608231245,-10.278934217199206,-9.374736485307926,-10.340447435682014,-9.61168998220698,0.005451453406851936,0.7983678360307186,0.3918271770216419,2.9801108926510342,2.9606230687833737,-0.0007991567057423765,-11.229870238567292,-9.74345208247708,2025-05-30,-10.606291675304467,-9.13673703948847,2025-06-05,-10.378790718775166,-7.949588089674737,2025-06-02,-10.141086239139222,-9.08399016261333,2025-06-06
2025-05-30,True,7,0,62.15999984741211,31.450000762939453,62.119998931884766,31.649999618530273,1.3271784550854067e-05,0.00016100018112039875,5.0623723855472e-05,-0.006180185940931006,4.2000515386970146e-05,1.094749650967796e-05,0.006341186122051406,-0.006738385582663093,5.867762481149589e-05,-0.006094663064131645,-0.004728129256895008,7.297893012537854e-05,-0.011067258389068968,0.6813126961993765,0.004972595324937323,-11.229870238567292,-11.152832401103243,-10.274201022235253,-9.891090240648438,-10.136881520881577,-9.700671574294734,0.004972595324937323,0.7298222803045571,0.4300838417051767,2.9780773383152703,2.9538680853664383,0.0020935842988434317,-10.378790718775166,-7.949588089674737,2025-06-02,-10.141086239139222,-9.08399016261333,2025-06-06,-10.9161662469008,-9.691159136367602,2025-06-03,-10.208491133868892,-9.974798253982723,2025-06-09
2025-06-02,True,7,0,63.77000045776367,33.119998931884766,63.28499984741211,32.369998931884766,3.1084827524355304e-05,0.007477676323909022,0.00012237164658406564,0.02320721361084599,5.3747713064443726e-05,4.985438052198862e-05,-0.01572953728693697,0.017936628228657242,0.00035280745973741915,0.02557116390090286,0.02883302753582469,0.0009537151234656904,0.05173828986194717,0.6551455702383325,-0.026167125961044313,-10.378790718775166,-10.86943516838137,-10.24304675304531,-9.008447860275043,-9.715879204967175,-9.647445414399888,0.026167125961044313,4.007511195329386,2.022370527004971,2.9496883350525844,2.921547358930808,0.006134496390200361,-10.9161662469008,-9.691159136367602,2025-06-03,-10.208491133868892,-9.974798253982723,2025-06-09,-10.69957127235815,-10.63108362037739,2025-06-04,-10.165295859049747,-9.994683692969154,2025-06-10
2025-06-03,True,7,0,63.22999954223633,32.97999954223633,63.349998474121094,32.78499984741211,1.8162232689326584e-05,-0.0020541565843774437,2.3011927486574048e-05,0.005778563268182161,3.614028127206941e-05,2.5169394519156092e-06,-0.007832719852559605,-0.0066079848248733536,6.182769613508311e-05,-0.008504002674672329,-0.010166208205817812,0.00012636371677061145,-0.004235994015788336,0.6508775615794481,-0.004268008658883993,-10.9161662469008,-10.725040559366136,-10.248907138026208,-10.679497890081782,-9.682417312726338,-9.694191158041749,0.004268008658883993,0.6532268518329825,0.30303568927737595,3.0252910757955354,2.910174418435893,0.014656916235074924,-10.69957127235815,-10.63108362037739,2025-06-04,-10.165295859049747,-9.994683692969154,2025-06-10,-10.15901893146263,-10.108701448369365,2025-06-05,-9.969740078182914,-9.803209664301143,2025-06-11
2025-06-04,True,7,0,63.619998931884766,32.849998474121094,63.310001373291016,32.834999084472656,2.255460562353859e-05,0.0048060017318596274,2.18249421520003e-05,0.0013696109129659457,2.719600096637306e-05,8.591773404582913e-06,0.003436390818893682,0.0012644514167066238,2.4153443008749978e-05,0.006149004701150318,-0.004406311491144841,4.1240523108995375e-05,-0.003949604770686399,0.6609761710512849,0.010098609471836717,-10.69957127235815,-10.73792738384699,-10.268198342517643,-10.73245710678048,-9.712296020140949,-9.864885118240515,0.010098609471836717,1.580895881351609,0.8104512602723959,3.0007198150650303,2.8729995383614964,0.023055330703150467,-10.15901893146263,-10.108701448369365,2025-06-05,-9.969740078182914,-9.803209664301143,2025-06-11,-9.35417771489863,-9.340136077923134,2025-06-06,-10.106902041663556,-9.559660367689565,2025-06-12
2025-06-05,True,7,1,63.290000915527344,34.029998779296875,63.709999084472656,34.02000045776367,3.872524165244913e-05,-0.0067722175892731724,0.00013466450089262197,0.00044080199321266684,7.8313926277027e-05,4.753790813402207e-05,-0.00721301958248584,0.0014136522261540077,4.072365426895931e-05,-0.005200516279206369,0.0349969019427101,0.0013594476464802879,0.03529075416070393,0.6204849006113744,-0.0404912704399103,-10.15901893146263,-10.606291675304467,-10.270643473265272,-8.912724051281089,-9.559907093661886,-9.797483468655233,0.0404912704399103,7.2440662179360364,3.1211443826097423,2.986691528901842,2.8684669571674872,0.011920986584042836,-9.35417771489863,-9.340136077923134,2025-06-06,-10.106902041663556,-9.559660367689565,2025-06-12,-10.912154383956905,-10.910750842358873,2025-06-09,-10.518963361929261,-9.127483306076458,2025-06-13
2025-06-06,True,7,0,62.470001220703125,34.290000915527344,63.220001220703125,34.52000045776367,8.660286022849512e-05,-0.012094388899170187,6.739304241549035e-05,-0.0071226095089613325,9.911386849819816e-06,7.204225789708283e-05,-0.004971779390208855,-0.0011066271565222975,8.782748389204775e-05,-0.013040892206698018,0.014296426834620126,0.00027178086265313675,0.007611340532940325,0.5998326678717358,-0.020652232739638343,-9.35417771489863,-10.141086239139222,-10.22026331224239,-9.604968773631235,-9.513431057635419,-9.761148652150919,0.020652232739638343,3.5689429679482223,1.5711334733600966,2.9801108926510342,2.916689041442776,0.004974757441476463,-10.912154383956905,-10.910750842358873,2025-06-09,-10.518963361929261,-9.127483306076458,2025-06-13,-10.546067631065375,-9.768183781810922,2025-06-10,-10.171447076819357,-8.989023417350396,2025-06-16
2025-06-09,True,7,0,62.7400016784668,35.02000045776367,62.47999954223633,34.72999954223633,1.8235243434256447e-05,0.00415273131040283,4.811702793084132e-05,0.008315486353857288,2.1557584369078738e-05,2.2397343498009512e-05,-0.004162755043454458,0.00016003715875939173,1.8260855326440227e-05,0.004312768469161732,0.012750060400969276,0.00021068106815920611,0.021065546754826414,0.5830798895860716,-0.016752778285664682,-10.912154383956905,-10.208491133868892,-10.222414069150478,-9.941874432463479,-9.737934332174895,-9.796155144174836,0.016752778285664682,2.929320730330033,1.3239199505205186,2.9528247725427144,2.8195916031316988,-0.016283637990264666,-10.546067631065375,-9.768183781810922,2025-06-10,-10.171447076819357,-8.989023417350396,2025-06-16,-9.654854159257932,-9.534502496854598,2025-06-11,-10.22691320911494,-9.043926188972705,2025-06-17
2025-06-10,True,7,0,62.77000045776367,34.83000183105469,63.09000015258789,34.939998626708984,2.6296686085710583e-05,-0.005244379680674706,2.6589379682875244e-05,-0.003153128452542471,1.1493386270142974e-05,2.0696339749221432e-05,-0.002091251228132235,0.005563051286023117,5.724422569663404e-05,0.00047803010688429737,-0.0022870745275534545,3.18200895774591e-05,-0.005440202980095954,0.5889981226730522,0.005918233086980251,-10.546067631065375,-10.165295859049747,-10.420908606288195,-10.534998681944417,-9.725880782656802,-9.839294736869705,0.005918233086980251,1.0574400290299932,0.3340921760663936,2.9678470700644555,2.842581085167748,-0.00730160520870804,-9.654854159257932,-9.534502496854598,2025-06-11,-10.22691320911494,-9.043926188972705,2025-06-17,-11.64798824090059,-9.05386789773917,2025-06-12,-10.1476195295481,-9.016335984388828,2025-06-18
2025-06-11,True,7,0,63.119998931884766,34.529998779296875,62.95000076293945,34.54999923706055,6.41135928704097e-05,0.002459225846468461,3.624219377289334e-05,-0.00028942890666994094,2.750590439950258e-05,3.642494112190022e-05,0.002748654753138402,0.0028635129879703643,7.231329950268465e-05,0.005560399993486342,-0.008071608817607623,0.00010139306267737446,-0.008650660899160556,0.603209183565699,0.014211060892646898,-9.654854159257932,-9.969740078182914,-10.339551349529154,-10.225286544049526,-9.67872564843839,-9.847551913994277,0.014211060892646898,2.6649209779322027,0.9568250196430341,2.9444389791664403,2.8302678788376356,-0.007890209916372015,-11.64798824090059,-9.05386789773917,2025-06-12,-10.1476195295481,-9.016335984388828,2025-06-18,-10.941166810701134,-8.186318664292964,2025-06-13,-10.121659567358048,-9.186499933090357,2025-06-20
2025-06-12,True,7,0,63.88999938964844,34.70000076293945,63.779998779296875,34.459999084472656,8.736610650803483e-06,0.0015666976248294784,1.008762496367103e-05,0.00578707535308412,5.54877919108858e-06,6.637728211692966e-06,-0.0042203777282546415,0.010401982826992826,0.00011693785738385714,0.012125185445448494,-0.002029271517986396,1.4205567857381841e-05,0.004911232889599049,0.6104231361215482,0.0072139525558494455,-11.64798824090059,-10.106902041663556,-10.383276642280764,-11.504201136472592,-10.18622576593928,-9.88912005639876,0.0072139525558494455,1.3758680694642504,0.4696161137155479,2.9528247725427144,2.8483916989161067,0.009435491808282848,-10.941166810701134,-8.186318664292964,2025-06-13,-10.121659567358048,-9.186499933090357,2025-06-20,-9.506404135618142,-9.221128186584474,2025-06-16,-10.03174595987241,-9.821112608043387,2025-06-23
2025-06-13,True,7,0,64.73999786376953,34.58000183105469,64.93000030517578,34.63999938964844,1.7713795579418555e-05,-0.0032394796089359953,1.7796125763973434e-05,-0.002167496407839945,1.9465633228781545e-05,8.022144057305219e-06,-0.0010719832010960507,0.01614692615937989,0.0002784370199758852,0.013216370439936398,-0.001730642865155598,2.079125049068741e-05,-0.0034641757331344003,0.6271036822946189,0.016680546173070798,-10.941166810701134,-10.518963361929261,-10.387839996981047,-10.936529778065598,-10.491681365088974,-9.911845243387667,0.016680546173070798,3.1822407840142524,1.1912035129176384,2.9806186357439426,2.891482277583281,0.035692754454917264,-9.506404135618142,-9.221128186584474,2025-06-16,-10.03174595987241,-9.821112608043387,2025-06-23,-11.044270273624397,-10.640967266713098,2025-06-17,-10.313992008314441,-9.0625294046948,2025-06-24
2025-06-16,True,7,0,63.79999923706055,34.7400016784668,64.41999816894531,34.72999954223633,7.437400029369388e-05,-0.009514176077533498,6.804290578881652e-05,-0.002883464317371501,8.32032204980711e-06,6.704829201635165e-05,-0.006630711760161997,-0.004955100021671941,9.892701651846715e-05,-0.014626037108580014,0.00432832036893495,8.677726300495371e-05,0.004616275921657476,0.6078613692643813,-0.01924231303023749,-9.506404135618142,-10.171447076819357,-10.299180091020672,-9.595372084281859,-10.35756599162459,-9.878100785378356,0.01924231303023749,3.7222305346636793,1.4615975454065673,3.052112606990099,3.0359140485290044,0.016753948877175517,-11.044270273624397,-10.640967266713098,2025-06-17,-10.313992008314441,-9.0625294046948,2025-06-24,-9.445515847140141,-9.32875217180838,2025-06-18,-10.351312360270146,-9.072484102416572,2025-06-25
2025-06-17,True,7,0,63.81999969482422,35.369998931884766,63.97999954223633,35.26580047607422,1.5978439533343642e-05,-0.0023471994121854966,3.3436928498177686e-05,0.003233049636901215,8.397740831459115e-05,-1.728102014153491e-05,-0.005580249049086711,0.0028173489741330844,2.3915894775392387e-05,0.00031343767583180693,0.015021860156476436,0.00025909321105891195,0.017972163890986437,0.5902026430492268,-0.01765872621515463,-11.044270273624397,-10.22691320911494,-10.328214717756998,-10.305849625097396,-10.315338332996093,-9.888751042029151,0.01765872621515463,3.4228068467224255,1.3769028926256688,2.9892110565637253,2.9502117901910383,0.016589356446123027,-9.445515847140141,-9.32875217180838,2025-06-18,-10.351312360270146,-9.072484102416572,2025-06-25,-11.184533357308071,-10.726720665377334,2025-06-20,-10.850383449345543,-9.166154394080026,2025-06-26
2025-06-18,True,7,0,63.47999954223633,34.90999984741211,64.0199966430664,35.38999938964844,7.904321362500089e-05,-0.008391814970153674,0.0001972658757847413,-0.013799226660722749,4.008852263058606e-05,0.00011811028338957809,0.005407411690569075,0.003128866037737367,8.883301630710722e-05,-0.005341727621217096,0.0005653040918801611,0.00019758544450103774,-0.013090656272999102,0.5979515717010091,0.0077489286517820055,-9.445515847140141,-10.1476195295481,-10.232639984248182,-8.530958115876366,-9.636122089400557,-9.77258867083203,0.0077489286517820055,1.427099672460553,0.478532073845887,3.0160249768217535,3.0726933323507546,0.0056872288314195885,-11.184533357308071,-10.726720665377334,2025-06-20,-10.850383449345543,-9.166154394080026,2025-06-26,-10.214819776764926,-10.182162552923899,2025-06-23,-10.663826523082749,-8.475377353837887,2025-06-27
2025-06-20,True,7,0,63.45000076293945,34.34000015258789,63.29999923706055,34.380001068115234,1.388733398551849e-05,0.002524454630833738,2.6156641917250954e-05,-0.0011641711098527418,6.407323199678271e-05,-1.2014628047006632e-05,0.00368862574068648,-0.002839571349685856,2.1950499435475247e-05,-0.00047268226240149147,-0.015298285723424267,0.0002601941879927777,-0.016462456833277184,0.6139413462718849,0.015989774570875692,-11.184533357308071,-10.121659567358048,-10.220994449863163,-10.551407406692597,-9.58809748345076,-9.760338765628715,0.015989774570875692,2.975429852667987,1.105977433493963,2.9745086371023644,3.002707856984976,-0.006910638876430397,-10.214819776764926,-10.182162552923899,2025-06-23,-10.663826523082749,-8.475377353837887,2025-06-27,-10.805068190498595,-7.806431648207427,2025-06-24,-10.92007442671618,-8.4886706179197,2025-06-30
2025-06-23,True,7,0,63.66999816894531,34.56999969482422,63.52000045776367,34.41999816894531,3.6623524549920276e-05,0.0022015953115401363,4.2188938858635905e-05,0.004059246086297104,2.067442660353265e-05,2.906901840251177e-05,-0.001857650774756967,0.0011026179608282349,3.783929091746129e-05,0.0034612590857596714,0.0023268776732126304,4.7603298564731326e-05,0.006675385192995709,0.6107272201646482,-0.003214126107236037,-10.214819776764926,-10.03174595987241,-10.402585684198668,-10.073352483634354,-9.519337904373081,-9.840751112575012,0.003214126107236037,0.5738201378922728,0.2781898580089221,2.958549482426275,3.026261519288784,-0.016665750230607124,-10.805068190498595,-7.806431648207427,2025-06-24,-10.92007442671618,-8.4886706179197,2025-06-30,-11.522601356546025,-10.915501459680868,2025-06-25,-11.02521781418267,-8.745873501545077,2025-07-01
2025-06-24,True,7,0,62.68000030517578,34.209999084472656,62.43000030517578,34.119998931884766,2.0296376396234053e-05,0.0038369010572399847,0.00016647325753496947,0.0029266128174486594,9.491569119274061e-05,4.592697136923146e-05,0.0009102882397913244,-0.019667531308477797,0.00040710816416618845,-0.01567104291380783,-0.01310255378695872,0.0003381501732751158,-0.010468272878237261,0.6055244501290777,-0.00520277003557057,-10.805068190498595,-10.313992008314441,-10.401189216691291,-8.7006758768494,-9.281789881542318,-9.77262994228878,0.00520277003557057,0.9260146073081658,0.43622610091369307,2.9454910571172443,2.9871959386843043,-0.01771075603583494,-11.522601356546025,-10.915501459680868,2025-06-25,-11.02521781418267,-8.745873501545077,2025-07-01,-11.025886481327412,-10.190740569104692,2025-06-26,-11.004201014083122,-8.750269914886509,2025-07-02
2025-06-25,True,7,0,62.849998474121094,34.630001068115234,62.5,34.099998474121094,9.90370769246807e-06,0.005663922341586284,4.584860310064608e-05,0.015134179353225958,1.6537207055231865e-05,1.9607551868941144e-05,-0.009470257011639675,-0.00287586561425468,1.817431072372052e-05,0.0027084884015406985,-0.0032206326852445974,5.622107799391191e-05,0.012202417030437118,0.5960305215001815,-0.00949392862889642,-11.522601356546025,-10.351312360270146,-10.423437352541768,-9.990165826451197,-9.255477251412024,-9.747671804366165,0.00949392862889642,1.635416122718652,0.7578567862719086,2.905807566026004,2.861057344039536,-0.015315705310126049,-11.025886481327412,-10.190740569104692,2025-06-26,-11.004201014083122,-8.750269914886509,2025-07-02,-10.295686851644641,-7.520125420435095,2025-06-27,,,2025-07-03
2025-06-26,True,7,0,62.79999923706055,34.97999954223633,62.56100082397461,34.75,1.6274900536328735e-05,0.0037333293760725937,1.5473834532229727e-05,0.006311013971634952,2.5397734611520328e-05,3.1755002285190685e-06,-0.0025776845955623583,-0.0046088168233781495,3.751609304778219e-05,-0.0007958494327153787,0.0034591827528316034,2.7439779849717358e-05,0.01005606724604613,0.5851786048214196,-0.010851916678761508,-11.025886481327412,-10.850383449345543,-10.410263883216096,-11.076360055171312,-9.734111846344211,-9.750217269315279,0.010851916678761508,1.8629311392368841,0.8692798045233985,2.8524391037275145,2.818995108710371,-0.010769827121624331,-10.295686851644641,-7.520125420435095,2025-06-27,,,2025-07-03,-11.492780536033889,-10.634540415505667,2025-06-30,,,2025-07-07
2025-06-27,True,7,0,61.650001525878906,34.220001220703125,61.400001525878906,34.15999984741211,3.377847300758667e-05,0.004225559978794107,7.16547626895938e-05,0.0020470747154113615,1.9202085215112043e-05,4.311557524103422e-05,0.002178485263382746,-0.022545201320891026,0.0005420645756070932,-0.018481806964411263,-0.023721092050505384,0.0006343449707581435,-0.02196615236775612,0.588662950224765,0.0034843454033448573,-10.295686851644641,-10.663826523082749,-10.365413849632453,-9.543650934306855,-9.59119268516886,-9.70530058950858,0.0034843454033448573,0.5920149319290353,0.16357572295784792,2.8124102164264526,2.8088001133999354,-0.028778951823634102,-11.492780536033889,-10.634540415505667,2025-06-30,,,2025-07-07,-11.393511757517864,-8.657848414944153,2025-07-01,,,2025-07-08
2025-06-30,True,7,0,62.36000061035156,34.40999984741211,61.880001068115234,34.349998474121094,1.0203492074366931e-05,0.007727011011186601,1.051711151146252e-05,0.0015998929271972247,1.021569065064166e-05,5.252456467593896e-06,0.006127118083989377,0.0037237886049141865,2.4070093648455674e-05,0.011450799616100404,0.0037916701105864844,2.4893873738977444e-05,0.005536911238723796,0.5945768386021413,0.005913888377376608,-11.492780536033889,-10.92007442671618,-10.385465291161756,-11.462506959510023,-9.688480793330735,-9.720695209034353,0.005913888377376608,0.9994564158278468,0.34136927333439426,2.8027541365715076,2.7923913308364643,-0.02078941129329337,-11.393511757517864,-8.657848414944153,2025-07-01,,,2025-07-08,-11.361648013616898,-11.128733216141255,2025-07-02,,,2025-07-09
2025-07-01,True,7,0,62.91999816894531,34.34000015258789,63.15999984741211,34.54999923706055,1.1268360023222393e-05,-0.0035862348005069513,0.00010644428263859642,-0.006387867325027467,6.361998552072638e-05,2.704632857054622e-05,0.0028016325245205156,0.012747132994422195,0.00017375775960070937,0.008939995111637344,0.004060312756511235,0.00012293042231928427,-0.0020363554622093716,0.6055531891759884,0.010976350573846716,-11.393511757517864,-11.02521781418267,-10.403569127212341,-9.147888877427482,-9.903733204816065,-9.704468840252034,0.010976350573846716,1.8657099293265862,0.7272156675524892,2.851284369188118,2.817203487636887,0.003821626732151806,-11.361648013616898,-11.128733216141255,2025-07-02,,,2025-07-09,,,2025-07-03,,,2025-07-10
2025-07-02,True,7,0,63.310001373291016,34.86000061035156,63.029998779296875,34.619998931884766,1.1633193778459699e-05,0.004116569094805242,8.970182161218884e-06,0.006621574526831219,1.1879709182127319e-05,4.361833378775633e-06,-0.002505005432025977,0.0017467350692383964,1.4684277180566965e-05,0.006179267158806567,0.008120658982740007,7.491528447517485e-05,0.015029197687751239,0.5967032586470434,-0.008849930528944672,-11.361648013616898,-11.004201014083122,-10.406028330256634,-11.621604574271577,-10.063373839735691,-9.735993767123702,0.008849930528944672,1.4863832080116228,0.7105329839609074,2.818995095053937,2.8231630036695035,0.007292405489417675,,,2025-07-03,,,2025-07-10,-10.701263389629485,-9.28469133604946,2025-07-07,-10.455946565132463,-9.700023399101962,2025-07-11
2025-07-03,False,3,0,62.869998931884766,35.119998931884766,62.83000183105469,35.06999969482422,,,,,,,,-0.007610620689713726,,-0.006974230841866991,0.0060059978496570885,,0.007430680753086172,0.5822983470520907,-0.014404911594953163,,,,,,,0.014404911594953163,2.467483491404857,1.133757459721663,2.825536896557877,2.8118093987132804,0.0011140240802660628,-10.701263389629485,-9.28469133604946,2025-07-07,-10.455946565132463,-9.700023399101962,2025-07-11,-9.732945835676217,-9.560267625602568,2025-07-08,-10.58001116299526,-10.032667801504624,2025-07-14
2025-07-07,True,7,0,62.91999816894531,35.06999969482422,62.345001220703125,34.68000030517578,2.251647285746958e-05,0.009101127567386676,5.043473267683971e-05,0.011468058988419058,1.934504684392008e-05,2.6803079345194607e-05,-0.002366931421032381,-0.008385589377345053,9.283458206291178e-05,0.0007949636830604234,-0.01260757764150739,0.00020938574666347676,-0.0014246829034290087,0.5845179936385799,0.002219646586489432,-10.701263389629485,,,-9.894830479821682,,,0.002219646586489432,,0.06799260168695655,2.784393767689544,2.7960610271896718,0.02039079472773775,-9.732945835676217,-9.560267625602568,2025-07-08,-10.58001116299526,-10.032667801504624,2025-07-14,-11.115112139935002,-10.857770086939848,2025-07-09,-10.864334456838348,-10.241435234347643,2025-07-15
2025-07-08,True,7,0,62.2599983215332,34.93000030517578,62.709999084472656,34.970001220703125,5.92973562445982e-05,-0.007041133719913731,5.069736670173796e-05,-0.0011445184269143881,1.2375254402520012e-05,4.880973427190807e-05,-0.0058966152929993436,-0.0033431391332167087,7.047393550864317e-05,-0.010544911034291893,-0.0028554694677460192,5.8851072582967695e-05,-0.003999987894660606,0.5779730704989483,-0.006544923139631287,-9.732945835676217,,,-9.88963658753774,,,0.006544923139631287,,0.563058152159258,2.827905162910489,2.8786365531407747,-0.0016049159226545484,-11.115112139935002,-10.857770086939848,2025-07-09,-10.864334456838348,-10.241435234347643,2025-07-15,-10.830414784594383,-10.575626669294124,2025-07-10,-9.9506902108027,-9.661663418043746,2025-07-16
2025-07-09,True,7,1,62.52000045776367,34.63999938964844,62.130001068115234,34.720001220703125,1.4885661259401035e-05,0.006177536916461301,1.7755666540412306e-05,-0.002595535692679216,4.704800321853904e-05,-7.203337709362852e-06,0.008773072609140517,-0.0020901567872500127,1.925441665468833e-05,0.004167374820680969,-0.0060301426048732076,5.411828637551934e-05,-0.008337001481136586,0.5904774468007661,0.012504376301817555,-11.115112139935002,,,-10.938805851276273,,,0.012504376301817555,,0.8171840711451767,2.785011242238338,2.8219739156502905,-0.006377536213610924,-10.830414784594383,-10.575626669294124,2025-07-10,-9.9506902108027,-9.661663418043746,2025-07-16,-10.505138402234364,-9.227317531207074,2025-07-11,-9.94512990225975,-9.427990811583879,2025-07-17
2025-07-10,True,7,0,62.66999816894531,35.36000061035156,62.66999816894531,34.97999954223633,1.9788397347116992e-05,2.463307335887066e-16,0.00011020804424625992,0.010663355604551977,5.152791219584074e-05,3.9234264698768096e-05,-0.010663355604551731,0.0023963221440283333,2.553075716507754e-05,0.0023963221440288507,0.00976739042963053,0.000205609960051098,0.020572188956130777,0.5723015799886638,-0.018175866812101926,-10.830414784594383,,,-9.113140667119579,,,0.018175866812101926,,1.4236433314990915,2.7638002162067017,2.768831647037307,-0.01016048122838864,-10.505138402234364,-9.227317531207074,2025-07-11,-9.94512990225975,-9.427990811583879,2025-07-17,-12.070042866383558,-12.002615522601737,2025-07-14,-10.052939564181445,-9.603363267364848,2025-07-18
2025-07-11,True,7,0,63.29999923706055,36.70000076293945,63.20000076293945,35.869998931884766,2.739531889991559e-05,0.0012649909442547643,0.0002612472091194746,0.02287551408227185,0.00021974732329065112,3.4447602364369536e-05,-0.021610523138017083,0.008421478205458416,9.831661406492669e-05,0.010002482078194319,0.014320006736277521,0.0004663098020465082,0.037195520818549266,0.5451085412483091,-0.027193038740354947,-10.505138402234364,-10.455946565132463,,-8.250043437538585,-9.22984328485038,,0.027193038740354947,,2.12601556897534,2.7750856024383683,2.7587432984957503,0.0068162316916726695,-12.070042866383558,-12.002615522601737,2025-07-14,-10.052939564181445,-9.603363267364848,2025-07-18,-10.488884800113484,-10.445521819857031,2025-07-15,-10.003449846107827,-9.273004260980514,2025-07-21
2025-07-14,True,7,0,63.04999923706055,36.349998474121094,63.2599983215332,36.95000076293945,5.728580057659731e-06,-0.0034044632630978013,8.987495033905149e-05,-0.016508991518951417,5.2560177522079825e-05,2.1521676437315693e-05,0.013104528255853613,-0.0006321257527015657,6.128163024888252e-06,-0.003957266786992264,0.006788892193033087,0.00013596400754767708,-0.00958261384694925,0.550733888308266,0.005625347059956987,-12.070042866383558,-10.58001116299526,,-9.31709129447897,-9.15248053440273,,0.005625347059956987,,0.2320526889082987,2.8296776892239084,2.797281311569803,0.002064001221619982,-10.488884800113484,-10.445521819857031,2025-07-15,-10.003449846107827,-9.273004260980514,2025-07-21,-8.754708335329994,-8.744477709853083,2025-07-16,-10.10389282278203,-9.278276815837044,2025-07-22
2025-07-15,True,7,0,62.779998779296875,35.959999084472656,62.97999954223633,36.400001525878906,2.7844229840482082e-05,-0.003101019393877377,9.764850060300707e-05,-0.012161632418628391,6.841364053306226e-05,2.8539544955213448e-05,0.009060613024751014,-0.0011108419059009933,2.9078199580387832e-05,-0.0042915183407155055,0.0013746545603282913,9.953817576323844e-05,-0.010786977858300517,0.5572293478258513,0.006495459517585012,-10.488884800113484,-10.864334456838348,,-9.234136255567387,-9.067566672371063,,0.006495459517585012,,0.3045682445082521,2.8326249356838407,2.844909428176351,0.00831739391519637,-8.754708335329994,-8.744477709853083,2025-07-16,-10.10389282278203,-9.278276815837044,2025-07-22,-10.765381156144157,-9.121034557298632,2025-07-17,-10.569603403355234,-9.349896918352218,2025-07-23
2025-07-16,True,7,0,63.11000061035156,36.08000183105469,62.86000061035156,36.11000061035156,0.00015771698972563968,0.0038107042861320224,0.00015509719088637142,-0.0004154667816305916,3.399299039882759e-05,0.00013941059510659174,0.004226171067762614,0.001273509109451508,0.00015933881517749565,0.005242713297715085,0.004162668048113888,0.0001724249961651597,0.0033315618004587932,0.5591404993231075,0.0019111514972562915,-8.754708335329994,-9.9506902108027,,-8.77145859957461,-8.853959217917641,,0.0019111514972562915,,0.012352489127106207,2.7954503913830435,2.855320071549938,0.009392732392230485,-10.765381156144157,-9.121034557298632,2025-07-17,-10.569603403355234,-9.349896918352218,2025-07-23,-12.755270378384209,-10.300390327646289,2025-07-18,-10.56580585461749,-9.340186494810212,2025-07-24
2025-07-17,True,7,0,62.959999084472656,36.349998474121094,62.52000045776367,35.9900016784668,2.1118076963335353e-05,0.006854259734973879,2.2534204915943356e-05,0.010090564782558036,7.041992110476918e-06,1.83051448844009e-05,-0.0032363050475841555,-0.009392732392230289,0.00010934149875538749,-0.002379655699646932,-0.0024975772163037466,2.8772096867342928e-05,0.007455416057841724,0.549305427565619,-0.009835071757488656,-10.765381156144157,-9.94512990225975,,-10.700476184629878,-8.984956043696759,,0.009835071757488656,,0.8409602079382289,2.848970892158587,2.842581085167748,0.004616754548554702,-12.755270378384209,-10.300390327646289,2025-07-18,-10.56580585461749,-9.340186494810212,2025-07-24,-11.003008852194437,-8.886439144392567,2025-07-21,-10.501735587854277,-9.236490165052027,2025-07-25
2025-07-18,True,7,0,63.130001068115234,36.33000183105469,63.310001373291016,36.5,2.88706431989867e-06,-0.0029264286520449493,1.2518214942420388e-05,-0.004530821716691275,1.2426592746815445e-05,1.4893432577518072e-06,0.0016043930646463252,0.0055437266798338955,3.361996982060082e-05,0.002696519731096636,0.004118098586329862,2.9476950909152398e-05,-0.0005502653683824299,0.5525522126650976,0.003246785099479066,-12.755270378384209,-10.052939564181445,,-11.28832577894131,-9.490919565207099,,0.003246785099479066,,0.0881924043490004,2.827905162910489,2.804571795802497,-0.0026892077985429808,-11.003008852194437,-8.886439144392567,2025-07-21,-10.501735587854277,-9.236490165052027,2025-07-25,-11.9867606016121,-10.534277276447641,2025-07-22,-10.434987586342984,-9.473964225885158,2025-07-28
2025-07-21,True,7,0,64.08999633789062,37.06999969482422,63.83000183105469,36.845001220703125,1.6651523367252206e-05,0.003909003380221642,5.180585375501431e-05,0.0059531337080685875,3.0145362991868853e-05,1.915600706519883e-05,-0.0020441303278469457,0.011027218655562025,0.00013825107464482736,0.015092179077196732,0.014076060715995688,0.00024994133903541134,0.020164112296487957,0.5474802794458066,-0.005071933219291225,-11.003008852194437,-10.003449846107827,,-9.868007408230072,-9.597168340226174,,0.005071933219291225,,0.5333055405327082,2.8172035149987327,2.79789089580353,0.016360238065646016,-11.9867606016121,-10.534277276447641,2025-07-22,-10.434987586342984,-9.473964225885158,2025-07-28,-9.414389447934287,-8.970923481222082,2025-07-23,-10.437695442156642,-9.525087797007428,2025-07-29
2025-07-22,True,7,0,64.69999694824219,37.439998626708984,64.37999725341797,37.310001373291016,6.226098896641193e-06,0.004803684587358373,5.483663246798431e-05,0.003745306294792041,6.50751562282382e-05,-2.0062124318063502e-06,0.0010583782925663318,0.004514694832594783,2.6608568328099226e-05,0.00947286596300767,0.006453415110429768,9.648319905550757e-05,0.009931605999387472,0.5470215394094268,-0.0004587400363798011,-11.9867606016121,-10.10389282278203,,-9.811152111647514,-9.731916586926872,,0.0004587400363798011,,0.19628768503969227,2.8780742300857587,2.812410193515358,0.03012462236936919,-9.414389447934287,-8.970923481222082,2025-07-23,-10.437695442156642,-9.525087797007428,2025-07-29,-10.742506904332616,-9.082960349678542,2025-07-24,-10.531820034453167,-9.580654142736295,2025-07-30
2025-07-23,True,7,0,63.90999984741211,37.45000076293945,64.26499938964844,37.59230041503906,8.15422352572113e-05,-0.005617563582840372,0.00014786938370567137,-0.0037925228951278533,4.74545392483496e-05,9.097853985726654e-05,-0.0018250406877125197,-0.0067460042743587995,0.0001270508089268785,-0.012285313064388959,0.004059638300962107,0.00016435004684030985,0.00026711540583423954,0.5344691109392038,-0.012552428470223198,-9.414389447934287,-10.569603403355234,,-8.819181216399349,-9.756571126236393,,0.012552428470223198,,1.0605235305645186,2.9486406660201405,2.803360380906535,0.012596596007265148,-10.742506904332616,-9.082960349678542,2025-07-24,-10.531820034453167,-9.580654142736295,2025-07-30,-11.380412999377738,-9.4136902949491,2025-07-25,-10.565985170186918,-9.474954366191016,2025-07-31
2025-07-24,True,7,0,63.529998779296875,37.2400016784668,63.29999923706055,37.11000061035156,2.160670436139562e-05,0.003390771768483347,2.0817858849935388e-05,0.0032283840694686287,6.694233288247905e-06,1.7865164961541547e-05,0.00016238769901471845,-0.009590524177272715,0.00011358485835624811,-0.005963625210799073,-0.009120238815845855,0.00010399661490799679,-0.005623232854966798,0.5341287185833719,-0.00034039235583227523,-10.742506904332616,-10.56580585461749,,-10.779699341087307,-9.762516102880236,,0.00034039235583227523,,0.17841396962160017,2.914522218128448,2.7324175501047714,0.009012626496113008,-11.380412999377738,-9.4136902949491,2025-07-25,-10.565985170186918,-9.474954366191016,2025-07-31,-10.552093389747364,-10.251975223314243,2025-07-28,-10.524239676205196,-8.937684436646798,2025-08-01
2025-07-25,True,7,0,62.90999984741211,36.36000061035156,63.0,37.029998779296875,1.1416932478832585e-05,-0.0015090939939408953,0.00018784145645114387,-0.0179841323294053,0.00012014045006723709,3.955896943136966e-05,0.016475038335464404,-0.008377489672315486,8.159926568858522e-05,-0.009807084907405006,-0.005655135520203364,0.00021982201420300964,-0.02391421138485228,0.5482358450608188,0.014107126477447274,-11.380412999377738,-10.501735587854277,,-8.579912267675173,-9.28685175412781,,0.014107126477447274,,0.8734424885163965,2.8803214220426634,2.733717970158959,-0.0034909781423886344,-10.552093389747364,-10.251975223314243,2025-07-28,-10.524239676205196,-8.937684436646798,2025-08-01,-12.052704556062016,-11.80542603641335,2025-07-29,-10.704992263063833,-8.944292415777028,2025-08-04
2025-07-28,True,7,0,62.52000045776367,36.34000015258789,62.720001220703125,36.349998474121094,2.6138705057020586e-05,-0.0031938826297416593,1.3165953951044785e-05,-3.447762908503904e-17,1.2202182340048464e-05,1.3551238334008456e-05,-0.0031938826297416246,-0.003024735651549881,3.528773081877747e-05,-0.006218618281291555,-0.00027512409350848147,1.324164721787365e-05,-0.0005502189287027726,0.5425674457082302,-0.005668399352588782,-10.552093389747364,-10.434987586342984,,-11.2378763064908,-9.373962767890845,,0.005668399352588782,,0.5323546423986119,2.8361502037295256,2.7033726319915394,-0.02480177550087692,-12.052704556062016,-11.80542603641335,2025-07-29,-10.704992263063833,-8.944292415777028,2025-08-04,-9.590444064166643,-9.13966745647567,2025-07-30,-10.660255942794494,-8.935184032116,2025-08-05
2025-07-29,True,7,0,62.689998626708984,36.349998474121094,62.599998474121094,36.349998474121094,5.8287700087450625e-06,0.0012771686256200388,2.817182798628209e-05,0.0001375715084126483,3.9522702554724146e-05,-2.761052279848498e-06,0.0011395971172073905,0.0012787408558385417,7.4639481851357485e-06,0.002715410504663396,0.0002750948351946213,2.8247505154632848e-05,0.0002750948351946114,0.5450077613776991,0.0024403156694687844,-12.052704556062016,-10.437695442156642,,-10.477188086939517,-9.43883199641315,,0.0024403156694687844,,0.05038139261797537,2.8207834710894493,2.7100481859984953,-0.031559230959221196,-9.590444064166643,-9.13966745647567,2025-07-30,-10.660255942794494,-8.935184032116,2025-08-05,-10.974851220145514,-8.791122805952938,2025-07-31,-11.424834938604155,-9.088576640347982,2025-08-06
2025-07-30,True,7,0,61.619998931884766,35.18000030517578,62.29999923706055,35.83000183105469,6.83790501801199e-05,-0.011056038915897723,0.0002969445508683261,-0.018307834436708147,9.940614366200455e-05,0.00013295872869322072,0.007251795520810424,-0.006240509832626873,0.00010732301315123257,-0.017215447545198437,-0.014408579581300431,0.0005045517164189938,-0.032716414018008955,0.5605087278505092,0.015500966472810518,-9.590444064166643,-10.531820034453167,,-8.12196513400475,-9.120606349888403,,0.015500966472810518,,1.0002515965995422,2.8100049236252036,2.771337911692091,-0.036489365440030674,-10.974851220145514,-8.791122805952938,2025-07-31,-11.424834938604155,-9.088576640347982,2025-08-06,-10.987521562605872,-7.944598235289307,2025-08-01,-11.477711191473796,-9.3269863424397,2025-08-07
2025-07-31,True,7,0,62.0099983215332,34.959999084472656,62.34000015258789,34.939998626708984,1.7127054329816566e-05,-0.0052269953615695945,4.086320619527474e-05,0.0005722591978361965,2.3643006028113478e-05,1.7173627248488918e-05,-0.005799254559405791,0.011616800952246773,0.00015207711869393812,0.006309159459490843,-0.00684548258246254,8.772383798207274e-05,-0.006273223384626103,0.5730911106946256,0.012582382844116946,-10.974851220145514,-10.565985170186918,,-10.105280503829578,-9.084612102644282,,0.012582382844116946,,0.8037079029699004,2.8021475244813256,2.739548838590284,-0.02421658076974076,-10.987521562605872,-7.944598235289307,2025-08-01,-11.477711191473796,-9.3269863424397,2025-08-07,-12.450172135778997,-10.382736411062,2025-08-04,-11.412185148256725,-10.66886995427459,2025-08-08
2025-08-01,True,7,0,63.290000915527344,35.22999954223633,63.15999984741211,35.439998626708984,1.691141766611659e-05,0.001898117197346792,5.343317704701759e-05,-0.005659238289563976,3.0802144730384355e-05,1.977122499137492e-05,0.007557355486910767,0.018375551677440143,0.00035457231711638983,0.020431717958699025,0.013636562387651652,0.0002393890107993333,0.007693454760089313,0.5858293738932357,0.012738263198609712,-10.987521562605872,-10.524239676205196,,-9.837078711905416,-9.355184158163878,,0.012738263198609712,,0.8207291219562135,2.7750856024383683,2.8166055665892396,0.006022222096363272,-12.450172135778997,-10.382736411062,2025-08-04,-11.412185148256725,-10.66886995427459,2025-08-08,-11.421214834522026,-11.217767039170395,2025-08-05,-11.293534293841404,-9.76357686666738,2025-08-11
2025-08-04,True,7,0,63.63999938964844,35.650001525878906,63.619998931884766,35.59000015258789,3.917048443803266e-06,0.0001572044990342282,1.834725192089649e-05,0.0015441936024062305,7.412847642267718e-06,7.42572636121602e-06,-0.0013869891033720023,0.005200516279206586,3.0962418014095986e-05,0.005514840626089423,0.010166724449911757,0.00012170953796133002,0.011851210302385784,0.579493004216939,-0.006336369676296361,-12.450172135778997,-10.704992263063833,,-10.906030753757916,-9.343277623382596,,0.006336369676296361,,0.5482569853337529,2.8507065015037334,3.014553986615314,0.01775568100374425,-11.421214834522026,-11.217767039170395,2025-08-05,-11.293534293841404,-9.76357686666738,2025-08-11,-12.077089905812084,-11.198234539913187,2025-08-06,-10.796423923504753,-9.636836672887538,2025-08-12
2025-08-05,True,7,0,63.689998626708984,36.0099983215332,63.540000915527344,35.709999084472656,1.0960476133811287e-05,0.002279434355481921,5.0529502792307555e-05,0.008643616487892917,1.8500308217605998e-05,2.1494835354256428e-05,-0.006364182132410997,-0.0015725506288481641,1.3433391614102044e-05,0.0007853489422648963,0.001681546306558236,5.33571007734072e-05,0.01004744138769631,0.5702309117715079,-0.009262092445431414,-11.421214834522026,-10.660255942794494,-10.435932836782165,-9.892953178560292,-9.293466168368875,-9.393038688664825,0.009262092445431414,,0.7629337649342106,2.837322536806349,2.8633431116363086,0.01582561944134575,-12.077089905812084,-11.198234539913187,2025-08-06,-10.796423923504753,-9.636836672887538,2025-08-12,-11.154217482225818,-10.340950924161149,2025-08-07,-10.667888581923172,-9.591700099532279,2025-08-13
2025-08-06,True,7,0,63.560001373291016,36.060001373291016,63.5099983215332,36.06999969482422,5.688352437414648e-06,0.0007083301618941518,5.912293704492e-06,-0.0005546438872050174,8.192045254810684e-06,1.7043004435479824e-06,0.0012629740490991692,-0.0028301954346635068,1.3698358635804803e-05,-0.002043179546430629,0.0016648554051411247,8.684037224519618e-06,0.0013876248090181065,0.5668001074160591,-0.0034308043554487355,-12.077089905812084,-11.424834938604155,-10.462332659582918,-12.038476696172786,-10.294544370422848,-9.417632777097307,0.0034308043554487355,0.5025093155347184,0.3549890818974213,2.8142103969306005,2.882003529596501,0.03099788744011356,-11.154217482225818,-10.340950924161149,2025-08-07,-10.667888581923172,-9.591700099532279,2025-08-13,-10.799054237638803,-10.560834167278125,2025-08-08,-10.703056494185537,-9.60658542540149,2025-08-14
2025-08-07,True,7,0,64.08000183105469,36.459999084472656,63.83000183105469,36.58000183105469,1.4314787240432735e-05,0.00390900338022152,3.923401974234209e-05,-0.0031487923981892534,2.7309895804382057e-05,1.3119455589196383e-05,0.007057795778410772,0.00423896467966346,3.2283608795867074e-05,0.008147968059884825,0.0143174371602174,0.0002442230265791162,0.011031488281386892,0.5639165871945573,-0.002883520221502067,-11.154217482225818,-11.477711191473796,-10.536526224298346,-10.145966336962475,-10.304226375902276,-9.424064251308797,0.002883520221502067,0.42466432166129203,0.3312813775842229,2.7985001040242823,2.8195916031316988,0.03283669604050754,-10.799054237638803,-10.560834167278125,2025-08-08,-10.703056494185537,-9.60658542540149,2025-08-14,-11.42826320374506,-8.506173235653241,2025-08-11,-10.847935878449329,-9.669210476016469,2025-08-15
2025-08-08,True,7,0,64.05999755859375,36.58000183105469,63.93000030517578,36.4900016784668,2.0418805619897805e-05,0.002031366517539685,2.1169751066697374e-05,0.002736686754973793,2.4390799331209914e-05,8.598878677692633e-06,-0.0007053202374341086,-0.002343591782386587,2.5911228062367744e-05,-0.00031222526484686597,0.0008225523062917774,2.1846343363283295e-05,0.0032859488788306024,0.5603184130508799,-0.0035981741436774684,-10.799054237638803,-11.412185148256725,-10.527097444878585,-10.76293723166333,-10.518246420428305,-9.422144461216478,0.0035981741436774684,0.5260548694980058,0.38548397558023056,2.830267833826459,2.8075938130211036,0.01209275281696165,-11.42826320374506,-8.506173235653241,2025-08-11,-10.847935878449329,-9.669210476016469,2025-08-15,-9.882558474042302,-9.858767281387147,2025-08-12,-10.911140654215952,-10.640635982105119,2025-08-18
2025-08-11,True,7,0,63.16999816894531,35.880001068115234,63.18000030517578,36.04999923706055,1.0883494268167704e-05,-0.00024377666880888047,1.0792341891791814e-05,-0.00500558080079525,8.869700653962711e-06,6.4030677529984025e-06,0.0047618041319863694,-0.013832305865569572,0.0002022161798268381,-0.013990630145302774,-0.014594850451299286,0.00022380200158758276,-0.019321626059195296,0.5656494089647721,0.005330995913892522,-11.42826320374506,-11.293534293841404,-10.542315784663415,-11.436673759446482,-10.575751049586058,-9.479613935699234,0.005330995913892522,0.788117006922625,0.2528811982892785,2.794839331174601,2.718000506775858,-0.007412717954430548,-9.882558474042302,-9.858767281387147,2025-08-12,-10.911140654215952,-10.640635982105119,2025-08-18,-10.833440415507997,-10.45623624781046,2025-08-13,-11.37410670560207,-10.979941282380015,2025-08-19
2025-08-12,True,7,0,63.099998474121094,36.11000061035156,63.099998474121094,35.93000030517578,5.105748137998647e-05,-7.91989133115084e-05,7.974492770951981e-05,0.0049972425728814695,1.7394697843777484e-05,5.67038556228644e-05,-0.005076441486192978,-0.0011087305592140124,5.228676483292149e-05,-0.0011087305592143437,0.0013925426593549611,8.16841027676432e-05,0.0063897852322365445,0.5581508931733214,-0.007498515791450888,-9.882558474042302,-10.796423923504753,-10.502376547710533,-9.436677420710504,-10.369637279278377,-9.593897415835352,0.007498515791450888,1.1328194465793833,0.6565335349571869,2.8296776892239084,2.7880929087757464,-0.009306797455909788,-10.833440415507997,-10.45623624781046,2025-08-13,-11.37410670560207,-10.979941282380015,2025-08-19,-11.484116797929637,-10.510882168791262,2025-08-14,-11.665289461382697,-10.635792103207525,2025-08-20
2025-08-13,True,7,0,63.290000915527344,36.72999954223633,63.290000915527344,36.619998931884766,1.9728615444964128e-05,4.0549161250957866e-16,2.4937900160379377e-05,0.0029993372898124817,4.070669487227659e-06,2.0297923059057923e-05,-0.002999337289812076,0.003006607887555146,2.8768306434472943e-05,0.003006607887555468,0.014024657886896797,0.00022162892900487588,0.017023995176709494,0.5441335058841673,-0.014017387289154026,-10.833440415507997,-10.667888581923172,-10.479475870504693,-10.599121816911433,-10.255152549695389,-9.638179372765904,0.014017387289154026,2.3824145778306725,1.126412748688508,2.7942278973432626,2.689886199397575,-0.004257010021923691,-11.484116797929637,-10.510882168791262,2025-08-14,-11.665289461382697,-10.635792103207525,2025-08-20,-12.155066646936246,-12.112764828595955,2025-08-15,-11.865878180068576,-10.840350720343254,2025-08-21
2025-08-14,True,7,0,62.900001525878906,36.20000076293945,63.029998779296875,36.369998931884766,1.0292276504625227e-05,-0.0020645961928000486,2.2969317061414385e-05,-0.004546948215448976,6.089803376245287e-06,1.3585895094897161e-05,0.002482352022648927,-0.0041165690948054175,2.723841761693232e-05,-0.0061811652876055945,-0.009849617737771236,0.00011998428664163215,-0.014534707461238305,0.5524870480578,0.008353542173632711,-11.484116797929637,-10.703056494185537,-10.508271004138168,-10.681351273467808,-10.352188579525771,-9.69165366554817,0.008353542173632711,1.4672568708088312,0.48813350738815525,2.7694588292308535,2.673458740536743,-0.01858614336941411,-12.155066646936246,-12.112764828595955,2025-08-15,-11.865878180068576,-10.840350720343254,2025-08-21,-12.220440831251839,-12.051360688132126,2025-08-18,-10.276350280012297,-9.935513314399289,2025-08-22
2025-08-15,True,7,0,62.939998626708984,36.189998626708984,62.93000030517578,36.040000915527344,5.261646028799266e-06,0.00015886742891975305,1.5803565623607838e-05,0.004291521170443784,7.324760863659454e-06,6.870225394373824e-06,-0.004132653741524031,0.0004768144230897445,5.488998022865671e-06,0.000635681852009462,-0.004429681764174321,3.542564615546636e-05,-0.00027634027844847253,0.5533990701882585,0.0009120221304579346,-12.155066646936246,-10.847935878449329,-10.800964076838621,-11.055274971011292,-10.386386433645823,-9.799747555092091,0.0009120221304579346,0.16768730987170405,0.05232028671000879,2.7298116928837226,2.6966521510052726,-0.017638236252557782,-12.220440831251839,-12.051360688132126,2025-08-18,-10.276350280012297,-9.935513314399289,2025-08-22,-10.968592620185975,-10.932490210478928,2025-08-19,-10.267228837507009,-9.90365237890294,2025-08-25
2025-08-18,True,7,0,62.84000015258789,36.2599983215332,63.0,36.349998474121094,4.9286727202837095e-06,-0.002622497894764885,6.5480762528529985e-06,-0.002616829717376219,1.1176271852616558e-06,5.179560893937526e-06,-5.668177388666162e-06,0.0009528565743223448,5.8366083715130234e-06,-0.0015900540015927334,0.0044113623731641795,2.60081942402217e-05,0.0019323594079891926,0.5498766567786761,-0.003522413409581926,-12.220440831251839,-10.911140654215952,-10.83774043281786,-11.936339253310454,-10.414287931235616,-9.812934899816248,0.003522413409581926,0.6613343543152983,0.365750593247135,2.7226103524335397,2.7140322828916124,-0.0052376601088477415,-10.968592620185975,-10.932490210478928,2025-08-19,-10.267228837507009,-9.90365237890294,2025-08-25,-12.163663492125831,-9.66026317801442,2025-08-20,-10.309559180100559,-9.917010706018482,2025-08-26
2025-08-19,True,7,0,62.4900016784668,35.54999923706055,62.790000915527344,36.189998626708984,1.7234581846218915e-05,-0.004789268906044011,0.00010074861119046229,-0.017842664840727742,7.016857459306824e-05,2.390730922180647e-05,0.013053395934683732,-0.0007959761088166371,1.786815981202579e-05,-0.005585245014860796,-0.0019323594079892002,0.00010448262407210666,-0.01977502424871691,0.564066436012532,0.014189779233856115,-10.968592620185975,-11.37410670560207,-10.80508062236415,-9.202882141942544,-10.283241228950988,-9.742229106809537,0.014189779233856115,2.67687142965948,0.9069769445569332,2.7013612129514133,2.707383296845538,-0.009714174564494193,-12.163663492125831,-9.66026317801442,2025-08-20,-10.309559180100559,-9.917010706018482,2025-08-26,-12.903623978911797,-12.205618822474854,2025-08-21,-10.307868889796932,-10.16473479480448,2025-08-27
2025-08-20,True,7,0,63.130001068115234,36.130001068115234,62.970001220703125,35.900001525878906,5.216606349413411e-06,0.0024584457094019166,1.236215685425765e-05,0.005970999980599755,1.063033469942576e-05,3.4742142521226493e-06,-0.0035125542711978396,0.00765187108536616,6.37677374564761e-05,0.010189538498075024,0.009797203209598744,0.00010834734758442958,0.016183439934435828,0.558072534576171,-0.0059939014363608045,-12.163663492125831,-11.665289461382697,-10.83102351969895,-11.300870618386913,-10.359624714467445,-9.773222130066221,0.0059939014363608045,1.0813613199670795,0.5431030399072315,2.695977619867941,2.745345966245664,-0.002531243953974638,-12.903623978911797,-12.205618822474854,2025-08-21,-10.307868889796932,-10.16473479480448,2025-08-27,-8.85742500484829,-8.807240507543613,2025-08-22,-10.230747578496048,-10.089806556199742,2025-08-28
2025-08-21,True,7,0,62.900001525878906,36.310001373291016,63.029998779296875,36.18000030517578,2.4890138280936276e-06,-0.0019056530015577264,1.2352630782475552e-05,0.0035867348454537364,1.3323290094609044e-05,7.591772579800695e-07,-0.005492387847011463,-0.0015853251408305125,5.002269630242912e-06,-0.0036499213336309566,0.0013829136794189718,1.426508102719967e-05,0.004969648524872916,0.5494529647176676,-0.008619569858503873,-12.903623978911797,-11.865878180068576,-10.83965004560326,-11.301641498751644,-10.428986703167036,-9.807714866639614,0.008619569858503873,1.5780053531571492,0.7361552197761987,2.7343675094195836,2.753023540000728,0.0,-8.85742500484829,-8.807240507543613,2025-08-22,-10.230747578496048,-10.089806556199742,2025-08-28,-11.942712203177464,-11.199941413754686,2025-08-25,-11.052042328230492,-10.817341426904797,2025-08-29
2025-08-22,True,7,0,63.58000183105469,37.06999969482422,62.72999954223633,36.18000030517578,0.00014232106879282942,0.01330186133640502,0.0004418183450651589,0.02457130167676817,9.103427792654558e-05,0.00024655256796572136,-0.01126944034036315,-0.0027063931539132572,0.00014964563269637796,0.010752796316680246,-0.003586734845453621,0.00045468301191675014,0.020714785682688586,0.539490975351659,-0.00996198936600834,-8.85742500484829,-10.276350280012297,-10.707827249899637,-7.72461174437913,-9.072615598621129,-9.59033131721833,0.00996198936600834,1.9002096641493489,0.8455585531397479,2.73696154459663,2.8094027183426014,0.010117114464670784,-11.942712203177464,-11.199941413754686,2025-08-25,-11.052042328230492,-10.817341426904797,2025-08-29,-11.509686377776877,-11.137828063322914,2025-08-26,-10.628256231807326,-10.048229604164288,2025-09-02
2025-08-25,True,7,0,63.439998626708984,36.75,63.40999984741211,36.79999923706055,6.506478382528881e-06,0.0003153651514562362,6.133527428697204e-05,-0.003266168734620283,3.317501612503361e-05,1.7333368272233657e-05,0.003581533886076519,-0.002677408976309935,1.3674997208953894e-05,-0.002204428602373021,-0.007310184487386982,0.00011477407152660531,-0.00866978327137602,0.5459563300206625,0.006465354669002998,-11.942712203177464,-10.267228837507009,-10.738991793673662,-9.699155443540882,-8.981426273255774,-9.5637569039431,0.006465354669002998,1.1910654180787577,0.34891973309666646,2.7180005319553784,2.6546494431534917,0.009502739863890497,-11.509686377776877,-11.137828063322914,2025-08-26,-10.628256231807326,-10.048229604164288,2025-09-02,-12.111055478461916,-11.54871914847152,2025-08-27,-10.59532379261693,-9.844364304343129,2025-09-03
2025-08-26,True,7,0,63.880001068115234,36.75,63.57500076293945,36.63999938964844,1.0032443387047785e-05,0.004942521752285644,1.0737820101733846e-05,0.002997702510982766,1.5076073556301994e-05,2.847094966239819e-06,0.0019448192413028774,0.002125767629295523,1.4551331400808493e-05,0.006911784387955144,-0.002997702510982993,1.972404044608759e-05,0.0,0.5528681144086176,0.006911784387955144,-11.509686377776877,-10.309559180100559,-10.7418983767353,-11.441738459528166,-9.135963728463876,-9.685504565142956,0.006911784387955144,1.2480710774463757,0.39797602586813036,2.7140322727797574,2.6939512741434677,0.021999769266706437,-12.111055478461916,-11.54871914847152,2025-08-27,-10.59532379261693,-9.844364304343129,2025-09-03,-11.051351799550835,-10.820686718523365,2025-08-28,-10.479925802189111,-9.754108042613089,2025-09-04
2025-08-27,True,7,0,64.01000213623047,36.70000076293945,63.75,36.459999084472656,5.498388666033852e-06,0.004070170488762502,2.7955836460541743e-05,0.006697291308387674,1.2254074518369084e-05,1.0600075304103255e-05,-0.0026271208196251717,-0.0020371560289278146,9.648393352230796e-06,0.0020330144598350586,-0.007922481518788299,9.072154987608389e-05,-0.0013614498097802574,0.5562625786782326,0.003394464269615316,-12.111055478461916,-10.307868889796932,-10.786263219523473,-10.48488456225412,-9.107423006325913,-9.674750666025334,0.003394464269615316,0.667076897439911,0.15537529820479629,2.7650604558189897,2.6823904464939363,0.013843245228466472,-11.051351799550835,-10.820686718523365,2025-08-28,-10.479925802189111,-9.754108042613089,2025-09-04,-10.092938142825746,-10.068658905404453,2025-08-29,-10.470527135944739,-9.547341434041615,2025-09-05
2025-08-28,True,7,0,64.48999786376953,37.25,64.13999938964844,37.16999816894531,1.586568749894215e-05,0.005131833507883012,6.063118857266692e-05,0.0024183850784909346,4.3722079165711014e-05,1.6387398452949025e-05,0.002713448429392077,0.002028830221783769,1.9981839567765326e-05,0.007470785369999788,0.01272515919846692,0.00022256086519899416,0.014875168976502984,0.5488581950717291,-0.007404383606503195,-11.051351799550835,-10.230747578496048,-10.76444367896859,-9.710701134367245,-9.023896549262302,-9.651546833804083,0.007404383606503195,1.4550361698930918,0.6234104389409244,2.766319109226186,2.6979998909369054,0.024963951932097217,-10.092938142825746,-10.068658905404453,2025-08-29,-10.470527135944739,-9.547341434041615,2025-09-05,-9.937210749147074,-8.949959784856103,2025-09-02,-10.714592472570763,-9.463335014327697,2025-09-08
2025-08-29,True,7,0,65.0999984741211,37.95000076293945,64.42500305175781,37.15700149536133,4.137067990768669e-05,0.010269067414468685,0.0001802001137205419,0.02151246772318991,0.00012439201394834112,4.8589389839943725e-05,-0.011243400308721226,-0.0010083359897148758,4.2387421375840964e-05,0.009414385878224962,-0.0024997258643882966,0.0001864487431176337,0.018617579119876826,0.5396550018300781,-0.009203193241651864,-10.092938142825746,-11.052042328230492,-10.824276849441404,-8.621442581710648,-9.593475950618487,-9.73764396314729,0.009203193241651864,1.8018916700368302,0.7541225347364365,2.7936160894318567,2.669309393934482,0.023625541493641933,-9.937210749147074,-8.949959784856103,2025-09-02,-10.714592472570763,-9.463335014327697,2025-09-08,-11.17023940650679,-9.664998901610158,2025-09-03,-10.937145347762353,-9.65587955268834,2025-09-09
2025-09-02,True,7,0,66.6500015258789,38.9900016784668,65.69000244140625,38.45000076293945,4.8341954596929075e-05,0.014658383746775909,7.15642713113307e-05,0.013689966541831142,2.5707130942500345e-05,4.70995474828797e-05,0.0009684172049447661,0.009022218294427122,0.00012974237754922451,0.023530543743101262,0.013089191848586073,0.0002428912145604228,0.027035722097707993,0.5361498234754712,-0.0035051783546067306,-9.937210749147074,-10.628256231807326,-10.755438695393565,-9.544914612573313,-9.563908062240701,-9.714274363354402,0.0035051783546067306,0.6718100023334147,0.3464604784397915,2.855895328366192,2.731766705367784,0.049360513839116216,-11.17023940650679,-9.664998901610158,2025-09-03,-10.937145347762353,-9.65587955268834,2025-09-09,-10.78015146339054,-10.268762616713888,2025-09-04,-10.893366055031983,-9.730198597572803,2025-09-10
2025-09-03,True,7,0,67.19999694824219,39.189998626708984,67.12000274658203,39.16999816894531,1.4087264347561276e-05,0.0007445889393445058,0.00013209682603764795,0.00025531937408064705,8.86462529733266e-05,2.8768918705941332e-05,0.0004892695652638588,0.007027033560796614,6.346646501212321e-05,0.008218132597415995,0.004605854888231549,0.00015331072528909442,0.005116331126512996,0.539251624946374,0.0031018014709029984,-11.17023940650679,-10.59532379261693,-10.761475449277205,-8.931975373691733,-9.267020282687707,-9.656775196942501,0.0031018014709029984,0.5934760774474411,0.12956884335985627,2.9861868607104594,2.8431636793528288,0.050666862048577066,-10.78015146339054,-10.268762616713888,2025-09-04,-10.893366055031983,-9.730198597572803,2025-09-10,-10.971055932405605,-9.353547100298039,2025-09-05,-10.97528089635524,-9.698353381979807,2025-09-11
2025-09-04,True,7,0,66.91000366210938,38.7599983215332,66.94999694824219,39.02000045776367,2.0808448759060055e-05,-0.000821850811087719,0.00014789047445630147,-0.006814539632296631,7.447396123737441e-05,4.711248098899356e-05,0.005992688821208913,-0.003727175561500672,3.4700286425307906e-05,-0.004324714589446721,-0.004347230243187209,0.000166788885243583,-0.011032833451198432,0.5459597438081257,0.006708118861751711,-10.78015146339054,-10.479925802189111,-10.725900485054343,-8.819038595620471,-9.040795297776954,-9.568747175207795,0.006708118861751711,1.2258421347155302,0.3910408888933405,2.9719517448885875,2.794227920674744,0.044309132999295286,-10.971055932405605,-9.353547100298039,2025-09-05,-10.97528089635524,-9.698353381979807,2025-09-11,-11.448838267705224,-9.515923021754084,2025-09-08,-11.090902021033864,-9.951066317601848,2025-09-12
2025-09-05,True,7,0,67.76000213623047,39.04999923706055,67.47000122070312,39.279998779296875,1.7192179936169386e-05,0.00406762410947625,0.00010117694262572193,-0.00587259566110831,8.296270532302753e-05,1.7703208619431903e-05,0.00994021977058456,0.008334585205272395,8.665749048011488e-05,0.01262359434362903,0.01332670869083361,0.000278778107156062,0.007454113029725207,0.5511292251220294,0.005169481313903823,-10.971055932405605,-10.470527135944739,-10.713089026583326,-9.198639666737089,-8.974590806346471,-9.536333273429547,0.005169481313903823,0.8999758683286709,0.26909545579670313,2.9085390618516134,2.7278528408647205,0.04946194197292453,-11.448838267705224,-9.515923021754084,2025-09-08,-11.090902021033864,-9.951066317601848,2025-09-12,-10.550662813711499,-9.6924849062757,2025-09-09,-10.86053196858629,-10.116772074297359,2025-09-15
2025-09-08,True,7,0,68.54000091552734,39.380001068115234,68.30000305175781,39.43000030517578,1.0661853631559817e-05,0.0033617765266401936,4.3707000149125483e-05,-0.0019039356664595306,5.7446890272770386e-05,-1.5390182460425436e-06,0.005265712193099724,0.007937729388187539,7.366940147165593e-05,0.011445447933803088,0.009684098881028022,0.00013748877128665367,0.008415243586077814,0.5541594294697543,0.003030204347725274,-11.448838267705224,-10.714592472570763,-10.70298072581891,-10.03800228221237,-9.217494875348029,-9.512811636415371,0.003030204347725274,0.5055687035021788,0.11585597396878676,2.9069010598473755,2.71997879207129,0.051493004028502654,-10.550662813711499,-9.6924849062757,2025-09-09,-10.86053196858629,-10.116772074297359,2025-09-15,-10.921431663186404,-10.113481407682672,2025-09-10,-11.017703090306147,-10.322804659277807,2025-09-16
2025-09-09,True,7,0,68.41000366210938,39.0099983215332,68.94999694824219,39.27180099487305,2.617612522189744e-05,-0.008008713042187683,3.203380973977495e-05,-0.007073323997516442,1.9043143670789953e-05,1.9583395645441223e-05,-0.0009353890446712407,0.005964030174837591,6.174578114827075e-05,-0.0018984634993355343,-0.0027513709453756536,3.960385181883227e-05,-0.009440119842284211,0.5617010858127032,0.007541656342948677,-10.550662813711499,-10.937145347762353,-10.679277944522628,-10.348718658557312,-9.300472862558783,-9.517250252271538,0.007541656342948677,1.2208066150671975,0.45118285912379813,2.949164637737656,2.715356753563089,0.026063996786065857,-10.921431663186404,-10.113481407682672,2025-09-10,-11.017703090306147,-10.322804659277807,2025-09-16,-11.212711765744988,-10.024067543799864,2025-09-11,-10.871012888372718,-10.301909003253437,2025-09-17
2025-09-10,True,7,0,68.63999938964844,39.2400016784668,68.73500061035156,39.20000076293945,1.806685230262722e-05,-0.0015288229027566758,4.265801237343654e-05,0.001019911212387085,1.4222268464024598e-05,2.325129810601958e-05,-0.0025487341151437604,0.004739473498471908,4.052946134534477e-05,0.0033563799829483543,0.0048587857671712545,6.62658115047025e-05,0.005878696979558118,0.559178768816094,-0.0025223169966097636,-10.921431663186404,-10.893366055031983,-10.683933462835798,-10.062295438284147,-9.51831702169503,-9.504061587381146,0.0025223169966097636,0.41032548500365595,0.26670707289211354,2.8898160479624417,2.710713315985326,0.021202244171598217,-11.212711765744988,-10.024067543799864,2025-09-11,-10.871012888372718,-10.301909003253437,2025-09-17,-11.755518220903848,-10.918555612899421,2025-09-12,-10.71062403262811,-10.3520347615369,2025-09-18
2025-09-11,True,7,0,68.52999877929688,39.65999984741211,68.26000213623047,39.22999954223633,1.3501473021818051e-05,0.003947613010995281,9.745695164209127e-05,0.010523099718182714,6.285741419161534e-05,2.405050523614699e-05,-0.006575486707187432,-0.0055514715135834,4.432030898794602e-05,-0.0016038585025883734,-0.00025492891879809313,9.752194039573084e-05,0.010646441772705018,0.5469284685408001,-0.012250300275293391,-11.212711765744988,-10.97528089635524,-10.67875272856682,-9.236099799079419,-9.665943495126825,-9.45256825565535,0.012250300275293391,2.005155493309226,1.0009539450204177,2.854744580253014,2.731115498884654,0.023923100258456564,-11.755518220903848,-10.918555612899421,2025-09-12,-10.71062403262811,-10.3520347615369,2025-09-18,-10.400535269630964,-10.197399169003667,2025-09-15,-10.60320460521269,-10.300269917079124,2025-09-19
2025-09-12,True,7,0,68.68000030517578,40.220001220703125,68.75,40.119998931884766,7.845909687356254e-06,-0.00116434057864655,3.3069863829676306e-05,0.002365127679612657,1.3060894729200758e-05,1.3927439393915901e-05,-0.0035294682582592066,0.003205148761630854,1.811888827154005e-05,0.0021864526876695933,0.011531817226472901,0.00016605267237445345,0.014021295450905136,0.5350936257775644,-0.011834842763235542,-11.755518220903848,-11.090902021033864,-10.767901501604932,-10.31688814861811,-9.907794262174694,-9.479971208331072,0.011834842763235542,1.876449095514689,0.9832357030581855,2.8021475244813256,2.688527537206614,0.013485958602497128,-10.400535269630964,-10.197399169003667,2025-09-15,-10.60320460521269,-10.300269917079124,2025-09-19,-11.31303240784739,-10.631717410568305,2025-09-16,-10.748185682362307,-9.899835107043298,2025-09-22
2025-09-15,True,7,0,69.37999725341797,40.689998626708984,68.86000061035156,40.209999084472656,3.041619778333643e-05,0.007379070216398137,4.9954236090784926e-05,0.011620880541687785,7.911566360139477e-06,3.622943375699094e-05,-0.004241810325289648,0.002617426301317186,3.726711822616339e-05,0.010140561481365218,-0.00024871655462085506,5.001609601532739e-05,0.01161791356835673,0.5336162736905727,-0.0014773520869915124,-10.400535269630964,-10.86053196858629,-10.745101408916227,-9.90440324984327,-9.883007218951354,-9.465190790087796,0.0014773520869915124,0.23482067138894833,0.2254246334129799,2.7960610784249234,2.691920834679226,0.012181072150059258,-11.31303240784739,-10.631717410568305,2025-09-16,-10.748185682362307,-9.899835107043298,2025-09-22,-10.380579482507361,-10.031314138023832,2025-09-17,-10.434750430016617,-9.517752758812174,2025-09-23
2025-09-16,True,7,0,69.54000091552734,40.529998779296875,69.62000274658203,40.939998626708984,1.2212721448192476e-05,-0.0012216462380698657,9.589002046848195e-05,-0.010435285841292167,5.441966907440028e-05,2.684153642113707e-05,0.009213639603222301,0.0034533198802565944,2.4138139643567897e-05,0.0023035377911089228,0.006125218425639674,0.0001334083212302777,-0.003939917741802912,0.5398597292234846,0.006243455532911835,-11.31303240784739,-11.017703090306147,-10.741059008426719,-9.252308643340767,-9.659666198087871,-9.423313079153255,0.006243455532911835,0.9901971169546765,0.33703677511659125,2.884800712846709,2.753023540000728,0.016383073440503715,-10.380579482507361,-10.031314138023832,2025-09-17,-10.434750430016617,-9.517752758812174,2025-09-23,-10.413335813852857,-10.228820359053746,2025-09-18,-10.371021676995454,-9.524809716708763,2025-09-24
2025-09-17,True,7,0,69.0,39.68000030517578,69.29000091552734,39.93000030517578,3.102927381330274e-05,-0.004049156264383316,7.084153186475912e-05,-0.006658718882442246,2.0639671580800113e-05,4.061556704863088e-05,0.00260956261805893,-0.0036015308929240545,4.4000298585989076e-05,-0.007795635147934021,-0.01491448180380949,0.0002932832993409235,-0.021195120414114754,0.5532592144896654,0.013399485266180733,-10.380579482507361,-10.871012888372718,-10.688343653368905,-9.555065120992658,-9.575011186727881,-9.392827400345187,0.013399485266180733,2.068738794359574,0.8650267201871158,2.9107188992270343,2.794839368482153,0.005231058309621339,-10.413335813852857,-10.228820359053746,2025-09-18,-10.371021676995454,-9.524809716708763,2025-09-24,-10.795381835820896,-10.53459226430025,2025-09-19,-10.442504492736264,-9.549259744996483,2025-09-25
2025-09-18,True,7,0,68.70999908447266,39.86000061035156,68.83000183105469,39.7400016784668,3.0029335206707396e-05,-0.001744987294368964,1.939585825862451e-05,0.0025131571865396954,2.0757338003276685e-05,1.433392773102761e-05,-0.004258144480908659,-0.0024667815844199247,3.611434659194067e-05,-0.004211768878788824,0.001510989252281145,2.1678946779133644e-05,0.004526039989436903,0.5445214056214398,-0.008737808868225727,-10.413335813852857,-10.71062403262811,-10.639533620716257,-10.850451006511094,-9.829674013249154,-9.385842808699584,0.008737808868225727,1.33939867296961,0.7305075156010145,2.8570447537800976,2.7549338039876257,0.0026231479334208885,-10.795381835820896,-10.53459226430025,2025-09-19,-10.442504492736264,-9.549259744996483,2025-09-25,-11.201294806922132,-9.027503882313313,2025-09-22,-10.329218143322596,-9.491795992292499,2025-09-26
2025-09-19,True,7,0,69.44000244140625,40.970001220703125,68.87999725341797,40.130001068115234,2.049392953695049e-05,0.008025207745720657,0.0001449534917250638,0.020471747484307457,6.217474271314084e-05,5.1636339274436715e-05,-0.0124465397385868,0.0024710845261195122,2.6600188272177785e-05,0.010568369792123278,0.006750880798171748,0.0001905278832761878,0.02746679125679652,0.5276229841567668,-0.01689842146467324,-10.795381835820896,-10.60320460521269,-10.633366833506777,-8.83909761371763,-9.482056872732402,-9.362177170671128,0.01689842146467324,2.5635727686512886,1.321209895062865,2.800325477211381,2.753660700205545,0.011005065037874573,-11.201294806922132,-9.027503882313313,2025-09-22,-10.329218143322596,-9.491795992292499,2025-09-26,-9.86896081799537,-8.867481401828378,2025-09-23,-10.369676296504363,-9.268054528512664,2025-09-29
2025-09-22,True,7,0,70.62999725341797,42.029998779296875,70.16000366210938,41.45000076293945,1.3656502079580395e-05,0.006535029132181982,3.712899462966271e-05,0.013300784257534582,1.5547429237777956e-05,1.7619033735732573e-05,-0.0067657551253526,0.010315294749873711,0.00012006180785635253,0.01699183902333168,0.011647778633735666,0.0001727997417301718,0.025543498619582827,0.519071324560516,-0.008551659596251149,-11.201294806922132,-10.748185682362307,-10.617572809365193,-10.201112367177622,-9.516295322692327,-9.34915870590737,0.008551659596251149,1.3027870297048705,0.7069009756269519,2.818995095053937,2.737608990998456,0.017856342579841034,-9.86896081799537,-8.867481401828378,2025-09-23,-10.369676296504363,-9.268054528512664,2025-09-29,-10.109280375895983,-10.091872860443234,2025-09-24,-10.214346015956096,-9.374525834683691,2025-09-30
2025-09-23,True,7,0,70.94000244140625,41.93000030517578,71.30000305175781,42.29999923706055,5.1756485086169824e-05,-0.005132439875465738,0.00010298233687113321,-0.009024071682792158,1.1415645693973192e-05,7.166158813166493e-05,0.0038916318073264197,0.0094414256879756,0.00014089700410773535,0.00437953922663592,0.006403448042428207,0.00014398648370321084,-0.0023820515125185793,0.5258329152996701,0.006761590739154499,-9.86896081799537,-10.434750430016617,-10.530045044721257,-9.180953071128188,-9.497216866728179,-9.30291469750447,0.006761590739154499,1.0274209791658555,0.4118925358826691,2.9139797716817317,2.778819295684189,0.01993234401536803,-10.109280375895983,-10.091872860443234,2025-09-24,-10.214346015956096,-9.374525834683691,2025-09-30,-10.859384827380046,-10.50876403873056,2025-09-25,-10.273327717819445,-9.390395613172542,2025-10-01
2025-09-24,True,7,0,70.29000091552734,41.79999923706055,71.0,42.119998931884766,4.070008504761233e-05,-0.010192631091558657,6.379573779646897e-05,-0.007865563539280352,1.8321658764842314e-05,4.30870820396195e-05,-0.002327067552278306,0.0008453932807536451,4.141477484675574e-05,-0.009204929547746765,0.00452109344602146,8.423602374412717e-05,-0.0031052471823209693,0.5197332329342449,-0.006099682365425796,-10.109280375895983,-10.371021676995454,-10.719829562458838,-9.659824175543108,-9.51616898335162,-9.511779308555578,0.006099682365425796,0.9277734567971254,0.5204369935892443,2.947591898226056,2.8118093987132804,0.018523049615555287,-10.859384827380046,-10.50876403873056,2025-09-25,-10.273327717819445,-9.390395613172542,2025-10-01,-10.178275584237246,-9.951157027016476,2025-09-26,-9.795401333292254,-9.102946020378141,2025-10-02
2025-09-25,True,7,0,70.58000183105469,43.04999923706055,70.48999786376953,42.45000076293945,1.9223350857812888e-05,0.0012760187097482123,6.64945640480616e-05,0.013803006395057561,8.008415434288147e-05,2.8168802814965096e-06,-0.012526987685309349,0.002841271267528457,2.7296173273495654e-05,0.0041172899772767835,0.015430609451446598,0.00030459827209113467,0.029465891872998196,0.49438463103852287,-0.025348601895721412,-10.859384827380046,-10.442504492736264,-10.694012765786535,-9.61839035728183,-9.395814593028737,-9.50861416783763,0.025348601895721412,4.012008092980508,1.927686006465306,2.9069010598473755,2.7837759304916423,0.026852108471620895,-10.178275584237246,-9.951157027016476,2025-09-26,-9.795401333292254,-9.102946020378141,2025-10-02,-11.844122601444676,-8.446364502073235,2025-09-29,-9.910466532394295,-9.096848360852022,2025-10-03
2025-09-26,True,7,0,70.98999786376953,43.939998626708984,70.80000305175781,43.27000045776367,3.7986657275050655e-05,0.002539150708829728,0.00017654157209612617,0.01513790011852064,0.00013193557527480413,4.129632704818634e-05,-0.012598749409690913,0.0031121996135053754,4.767244370935366e-05,0.005792147769210665,0.0050973516644634885,0.00020252456608733487,0.020462822551116755,0.4797139562566173,-0.01467067478190609,-10.178275584237246,-10.329218143322596,-10.639501704064484,-8.641954173369772,-9.322516941035211,-9.411889433773553,0.01467067478190609,2.2623430350724085,1.1163824124026778,2.9481164196123277,2.817801051388579,0.022075886448708282,-11.844122601444676,-8.446364502073235,2025-09-29,-9.910466532394295,-9.096848360852022,2025-10-03,-9.457345508874415,-9.280446831822708,2025-09-30,-9.858716371315166,-9.180725274813302,2025-10-06
2025-09-29,True,7,0,72.16000366210938,44.619998931884766,72.0199966430664,44.560001373291016,7.180635985604265e-06,0.0018034947589840441,4.605868920627141e-05,0.0011214363841713787,1.8865793619359523e-05,1.7186765786258083e-05,0.0006820583748126654,0.01440481965029531,0.00021467946514313815,0.016346934544917424,0.014011590735261432,0.00024238336413873543,0.01535712936366318,0.4807037614378711,0.000989805181254244,-11.844122601444676,-10.369676296504363,-10.636314192997183,-9.985594122372875,-9.302734427766433,-9.40187378015428,0.000989805181254244,0.14382287927646542,0.017875337725818202,2.922623801733353,2.727199017446074,0.021430981970294027,-9.457345508874415,-9.280446831822708,2025-09-30,-9.858716371315166,-9.180725274813302,2025-10-06,-10.407441060535113,-10.267777206780686,2025-10-01,-10.061125862924344,-9.240753836821378,2025-10-07
2025-09-30,True,7,0,72.7699966430664,44.47999954223633,71.87999725341797,43.86000061035156,7.811366809014358e-05,0.012168359305177848,0.00018717845679394176,0.01358713103824612,3.230091465631426e-05,0.00011649560511388554,-0.0014187717330682728,-0.0038879027995192016,9.322945626865282e-05,0.008417809724039493,-0.017179408160702316,0.00048231052154594706,-0.003142525415471553,0.49226409657738146,0.011560335139511047,-9.457345508874415,-10.214346015956096,-10.52498815299553,-8.58344808177208,-9.133251524302343,-9.334528661542214,0.011560335139511047,1.674461559098649,0.801776589943176,2.9543893100196086,2.780060789140106,0.0254692524676976,-10.407441060535113,-10.267777206780686,2025-10-01,-10.061125862924344,-9.240753836821378,2025-10-07,-8.9868119696749,-8.701291815406703,2025-10-02,-10.137889931892735,-8.924659345188246,2025-10-08
2025-10-01,True,7,0,72.87999725341797,45.040000915527344,72.92500305175781,45.18000030517578,3.020687348814042e-05,-0.0006173423363388733,0.00013777008794988452,-0.002992568340574487,5.5517747565439237e-05,5.622960693629286e-05,0.002375226004235614,0.0021278213734212477,3.47344972853287e-05,0.00151047903708168,0.015614878143645095,0.00038159450739076977,0.012511364507540979,0.48126321110692216,-0.011000885470459298,-10.407441060535113,-10.273327717819445,-10.54406336789199,-8.889924291525997,-9.004882909413078,-9.356607202857528,0.011000885470459298,1.6021769738899472,0.8275038149530969,2.9932291433358724,2.7899374027516357,0.036184661052526046,-8.9868119696749,-8.701291815406703,2025-10-02,-10.137889931892735,-8.924659345188246,2025-10-08,-11.77272833631777,-9.882170397789663,2025-10-03,-9.36112369930032,-8.666585797723728,2025-10-09
2025-10-02,True,7,0,72.6500015258789,44.63999938964844,73.3499984741211,45.70000076293945,0.00012504811563146436,-0.009795555050948722,0.000758788930036748,-0.023848868806071663,0.0002765888930066577,0.00030362407633077726,0.014053313755122938,0.006428268520938173,0.000166370751808749,-0.0031608042458985963,0.0145473104362581,0.0009704131709656117,-0.008920699758113049,0.4870231066191372,0.005759895512214452,-8.9868119696749,-9.795401333292254,-10.419791887008957,-7.183786908785863,-8.249965590561505,-9.047964757117315,0.005759895512214452,0.8681967605351624,0.40597257787794155,2.94706710157271,2.7905514788157535,0.028906566829350666,-11.77272833631777,-9.882170397789663,2025-10-03,-9.36112369930032,-8.666585797723728,2025-10-09,-10.801622063805594,-8.681967675020106,2025-10-06,-9.069504159965811,-8.523892755618792,2025-10-10
2025-10-03,True,7,0,73.22000122070312,45.709999084472656,73.12999725341797,45.47999954223633,7.712035971460543e-06,0.0012299826384756965,0.00018263388367426806,0.004825655777505489,0.00012180056462063787,3.4272677512545354e-05,-0.0035956731390297918,0.006585230705888437,5.107729942123647e-05,0.007815213344364302,0.01864235441686568,0.0005301712618782994,0.023686767914309126,0.47115155204919273,-0.015871554569944823,-11.77272833631777,-9.910466532394295,-10.429551864444067,-8.608027044727333,-8.245312774373037,-9.028624511334261,0.015871554569944823,2.1320350485754775,1.1609404084491866,2.89314568477889,2.811208242739808,0.030929632404504304,-10.801622063805594,-8.681967675020106,2025-10-06,-9.069504159965811,-8.523892755618792,2025-10-10,-10.407463337529526,-9.668847946713507,2025-10-07,-9.063600262605437,-8.307185514005539,2025-10-13
2025-10-06,True,7,0,74.62000274658203,46.279998779296875,74.12000274658203,46.18000030517578,2.0366440937007116e-05,0.006528782743297563,1.684204590767987e-05,0.001082117563512527,1.0877895538269327e-05,1.3165295653208831e-05,0.005446665179785036,0.012216814109233943,0.00016961698791658465,0.01893998023679,0.010229738220132123,0.00012148958996011181,0.012392803634388994,0.47769872865159313,0.006547176602401006,-10.801622063805594,-9.858716371315166,-10.430232088204551,-10.99163206557466,-8.267825787297571,-9.079570110242317,0.006547176602401006,0.8677662825563768,0.5471786959802152,2.8713021951758138,2.812410193515358,0.03352267809637688,-10.407463337529526,-9.668847946713507,2025-10-07,-9.063600262605437,-8.307185514005539,2025-10-13,-11.146334946304242,-8.444657289467902,2025-10-08,-9.030769045861401,-8.318345010535788,2025-10-14
2025-10-07,True,7,0,75.01000213623047,45.5099983215332,75.05000305175781,46.130001068115234,3.020620057728373e-05,-0.0007972107099967246,0.00022781467708368977,-0.013861114393175035,0.00011522559581014578,7.139764092541384e-05,0.01306390368317831,0.00574599414186903,6.322264925567694e-05,0.005212861860223406,-0.003246355224814738,0.00023835349932937173,-0.016777830801727678,0.4996894213135446,0.021990692661951083,-10.407463337529526,-10.061125862924344,-10.410395522941657,-8.386978079335345,-8.23664931689835,-9.030297639945893,0.021990692661951083,2.9916068138265746,1.7842734814836922,2.97092715463502,2.7954504426495905,0.03031773023256079,-11.146334946304242,-8.444657289467902,2025-10-08,-9.030769045861401,-8.318345010535788,2025-10-14,-7.936922857010567,-7.923127101300913,2025-10-09,-9.006901685291503,-8.33821872158282,2025-10-15
2025-10-08,True,7,0,76.22000122070312,46.7400016784668,76.08000183105469,46.619998931884766,1.4428069956040763e-05,0.0018384691566111725,7.082473062587313e-05,0.0023567362198914713,5.5303592434394574e-05,1.4974604073759663e-05,-0.0005182670632802987,0.014163975843805085,0.00021504628165993476,0.016002445000416365,0.024097565549240554,0.0006515173960258183,0.026668319874150193,0.4890235464398107,-0.010665874873733827,-11.146334946304242,-10.137889931892735,-10.404727539896344,-9.555302315631232,-8.288541424351811,-9.020054973527438,0.010665874873733827,1.431684233129149,0.860741224061106,2.9927277645336923,2.8472322519593383,0.044809696195895476,-7.936922857010567,-7.923127101300913,2025-10-09,-9.006901685291503,-8.33821872158282,2025-10-15,-8.783028578400371,-8.605100223332576,2025-10-10,-9.72919521125889,-8.548528107745955,2025-10-16
2025-10-09,True,7,0,74.83000183105469,46.849998474121094,76.38999938964844,48.2599983215332,0.0003573042647312192,-0.02069977660983549,0.0011106605902010728,-0.02975871995572138,0.00044105916554448935,0.0005134528446939012,0.009058943345885882,0.0022278781020910977,0.00036226770556899623,-0.018405012899442852,0.03200266039579097,0.0021348308626094005,0.0023506110935511693,0.4682679224468167,-0.02075562399299402,-7.936922857010567,-9.36112369930032,-10.001315821552781,-6.802800314368054,-8.041719595072403,-8.679782908667054,0.02075562399299402,2.788483342073605,1.6682464916036446,3.0823685802135374,2.7911650610066143,0.02956548754235122,-8.783028578400371,-8.605100223332576,2025-10-10,-9.72919521125889,-8.548528107745955,2025-10-16,-10.646880896346024,-7.799398054095462,2025-10-13,-8.906578538570626,-8.237610690108129,2025-10-17
2025-10-10,True,7,0,75.58000183105469,47.5099983215332,75.23999786376953,47.665000915527344,0.00015331306074842322,0.00450874610744036,0.0002923504420536809,-0.0008395617062151618,0.0005724362955776083,-6.338639638775215e-05,0.0053483078136555215,0.005464077478817865,0.00018316920344294783,0.009972823586258173,0.01724641903810336,0.0005897894116915349,0.013989203755147006,0.4642515422779281,-0.004016380168888833,-8.783028578400371,-9.069504159965811,-9.87416594792003,-8.137557331273682,-7.975745746610337,-8.615149947101445,0.004016380168888833,0.4650575075177993,0.2891965581840063,3.084200921541599,2.7991089506234785,0.03172309778424509,-10.646880896346024,-7.799398054095462,2025-10-13,-8.906578538570626,-8.237610690108129,2025-10-17,-9.912894644429311,-9.912894644429311,2025-10-14,-8.871762704639156,-8.159326348450408,2025-10-20
2025-10-13,True,7,0,77.43000030517578,49.70000076293945,77.08000183105469,49.5,2.3774882389806953e-05,0.004272151223167311,0.00012685950402968892,0.004132898927903566,0.00011614192600863853,1.7246230205428674e-05,0.00013925229526374518,0.019652145153363648,0.00040998169151868126,0.024182584191891898,0.04103248970452084,0.0018105247153812978,0.0450647685833534,0.4433693578864667,-0.0208821843914615,-10.646880896346024,-9.063600262605437,-9.865137238762234,-8.972430351353987,-7.913691794489569,-8.60780685582425,0.0208821843914615,2.0886446523746818,1.6563372010893747,3.1688448912626357,3.075467234528159,0.03696570173934699,-9.912894644429311,-9.912894644429311,2025-10-14,-8.871762704639156,-8.159326348450408,2025-10-20,-10.452328492608633,-8.563028991374022,2025-10-15,-8.566287281674526,-7.289006399080698,2025-10-21
2025-10-14,True,7,0,78.02999877929688,49.09000015258789,77.43000030517578,48.65999984741211,4.953185081886097e-05,0.007719046144702927,0.0003166556000846752,0.008899887265776979,0.00013367360552606,0.0001162569226887381,-0.001180841121074052,0.0,4.953185081886097e-05,0.007719046144702979,-0.021147614233897973,0.0007638771878704393,-0.01234959727518703,0.4634380013063561,0.02006864341989001,-9.912894644429311,-9.030769045861401,-9.829316057271326,-8.057695809749488,-7.866248714890834,-8.539621011261001,0.02006864341989001,1.9833888930533154,1.680197574725743,3.199896858270398,2.946016717390323,0.03947188602382656,-10.452328492608633,-8.563028991374022,2025-10-15,-8.566287281674526,-7.289006399080698,2025-10-21,-10.07545949353773,-8.90706725008811,2025-10-16,-8.445893998663413,-7.2450278071647,2025-10-22
2025-10-15,True,7,0,79.31999969482422,50.66999816894531,79.02999877929688,50.15999984741211,2.8880945873928967e-05,0.003788878624590841,0.000208967881799121,0.010412142646344519,0.00011734069025576888,6.025406870864053e-05,-0.006623264021753678,0.012734159286164436,0.0001910397585993369,0.01639694731954844,0.021562542104351313,0.0006739111038010442,0.03167863217266742,0.4481563164532371,-0.015281684853118982,-10.452328492608633,-9.006901685291503,-9.83061280723701,-8.47332999341106,-7.7966769742236455,-8.503328473455438,0.015281684853118982,1.4714101978002625,1.174484043525376,3.2623183827110376,3.035433614742034,0.039866388342958636,-10.07545949353773,-8.90706725008811,2025-10-16,-8.445893998663413,-7.2450278071647,2025-10-22,-7.536641467520674,-7.530265462212107,2025-10-17,-8.451193366502979,-7.241179970122646,2025-10-23
2025-10-16,True,7,0,81.1500015258789,51.560001373291016,80.08999633789062,50.52000045776367,4.2100139929611145e-05,0.013025093645434046,0.0003015124121729451,0.020182889119650778,0.00017509852171167646,8.425701519543988e-05,-0.007157795474216733,0.009660656806468186,0.00013542842986197123,0.022809012959595698,-0.002964676807628925,0.00031030172074663796,0.01741222135484266,0.45355310805799004,0.005396791604753037,-10.07545949353773,-9.72919521125889,-9.805665815258202,-8.106699374574946,-8.296977249258646,-8.458270119321877,0.005396791604753037,0.5080525186376312,0.48310145118819753,3.3002714630721948,3.0272309110420648,0.08108041420199719,-7.536641467520674,-7.530265462212107,2025-10-17,-8.451193366502979,-7.241179970122646,2025-10-23,-9.94896454980114,-7.566154570240287,2025-10-20,-9.057654215073953,-7.387861625397519,2025-10-24
2025-10-17,True,7,0,79.62999725341797,49.29999923706055,81.30000305175781,50.959999084472656,0.0005331853383421226,-0.02113198040975655,0.0010576679110456742,-0.03474092353443384,0.00018047907556488426,0.0007051870869114562,0.013608943124677288,0.0018467413269701255,0.0005365957918708619,-0.01890844098623834,-0.011705211407499883,0.0011946798851399396,-0.04482213913260136,0.47946680620435395,0.025913698146363018,-7.536641467520674,-8.906578538570626,-9.45926870010059,-6.851688878517569,-7.818231294567511,-8.266455980535861,0.025913698146363018,2.38229034806862,2.0878355295064135,3.4898185733156835,3.231199553456376,0.052199149629500674,-9.94896454980114,-7.566154570240287,2025-10-20,-9.057654215073953,-7.387861625397519,2025-10-24,-8.111234739423349,-6.197609176504845,2025-10-21,-8.934663070846803,-7.416704823432293,2025-10-27
2025-10-20,True,7,0,82.5,49.95000076293945,81.375,50.06999969482422,4.777707911944725e-05,0.013487779879941202,8.705720876055397e-05,-1.1796119636642288e-16,7.874215127035071e-05,2.804606830482525e-05,0.01348777987994132,0.02167722875118031,0.0005176793254504454,0.03540742156308241,0.01549795467367174,0.0003272438078277377,0.013098454795426484,0.5017757729720098,0.022308966767655924,-9.94896454980114,-8.871762704639156,-9.448974528501742,-9.34894508345501,-7.838215417505123,-8.254559776356183,0.022308966767655924,1.9906941211025087,1.7316125428055897,3.4404180948154366,3.033991018714657,0.06342398700069118,-8.111234739423349,-6.197609176504845,2025-10-21,-8.934663070846803,-7.416704823432293,2025-10-27,-8.800273305300259,-7.973185632138553,2025-10-22,-9.438558808901584,-8.318097713591643,2025-10-28
2025-10-21,True,7,0,77.37999725341797,46.02000045776367,79.13500213623047,47.380001068115234,0.00030014803967965016,-0.022233146128205518,0.0011632152253538014,-0.030211184901749143,0.00040431755068207065,0.0005295228571756904,0.007978038773543627,-0.04164301156062753,0.0020342884515182082,-0.06406997956299598,-0.05282229909439769,0.003953410506971808,-0.0819464258143463,0.5196522192233595,0.01787644625135032,-8.111234739423349,-8.566287281674526,-9.299369954777193,-6.7565673620738105,-7.4810165204020995,-8.09076726152641,0.01787644625135032,1.5786877800354069,1.3744956925134195,3.447762850809476,2.903068563580112,-0.008365038707007777,-8.800273305300259,-7.973185632138553,2025-10-22,-9.438558808901584,-8.318097713591643,2025-10-28,-10.220277487084552,-8.81031561331137,2025-10-23,-9.652917755816233,-8.362047029268536,2025-10-29
2025-10-22,True,7,0,77.27999877929688,46.09000015258789,76.30999755859375,45.959999084472656,0.00015069188457617882,0.012631214800140607,6.438428870095421e-05,0.003041483842812021,5.813146068670782e-05,7.84723562952126e-05,0.009589730957328586,-0.013924354469364823,0.00034457953196469893,-0.0012931396692241748,-0.0013046614938145387,6.60864303143966e-05,0.0015199154887883815,0.5168391640653469,-0.0028130551580125562,-8.800273305300259,-8.445893998663413,-9.233499157961656,-9.650640918888987,-7.533678654745271,-8.0867314849538,0.0028130551580125562,0.23460371322129542,0.24357529389083407,3.3951793093365925,2.8831233761345922,-0.02605512569578039,-10.220277487084552,-8.81031561331137,2025-10-23,-9.652917755816233,-8.362047029268536,2025-10-29,-9.956077228514626,-9.94734587609453,2025-10-24,-9.563393968461357,-8.402438139905712,2025-10-30
2025-10-23,True,7,0,77.55000305175781,46.41999816894531,78.1050033569336,47.0,3.642418841627524e-05,-0.007131189288044516,0.00012031263147819761,-0.012309510905095356,5.4682754138976055e-05,5.1027032877748393e-05,0.00517832161705084,0.010618944154309348,0.0001491861633686159,0.003487754866264403,0.019551591666991015,0.0005025773681909501,0.0071343513578394635,0.5131925675737717,-0.0036465964915750604,-10.220277487084552,-8.451193366502979,-9.240657223875491,-9.025416940676969,-7.6038518987290304,-8.084173779036972,0.0036465964915750604,0.30209283475001814,0.3055517172851325,3.3028492586443794,2.9231616012282804,-0.045376383789111685,-9.956077228514626,-9.94734587609453,2025-10-24,-9.563393968461357,-8.402438139905712,2025-10-30,-8.995158366901759,-7.752365329219991,2025-10-27,-9.395974790408841,-8.346752215532142,2025-10-31
2025-10-24,True,7,0,77.30999755859375,46.209999084472656,77.5,46.27000045776367,4.743846177156166e-05,-0.0025839412865227233,5.8728689640967296e-05,-0.0012976077423687265,1.4610224824972794e-05,4.577846329377807e-05,-0.001286333544153996,-0.0006449926153774066,4.785447724545304e-05,-0.0030996472217328375,-0.0032365485886841107,6.92039364078804e-05,-0.00453415633105303,0.5146270766830922,0.0014345091093201923,-9.956077228514626,-9.057654215073953,-9.237505019439352,-9.74258220025772,-8.115938237626752,-8.084920927048387,0.0014345091093201923,0.11804423143537479,0.12492616055829263,3.283914221047423,2.8507064574031857,-0.029567590024606183,-8.995158366901759,-7.752365329219991,2025-10-27,-9.395974790408841,-8.346752215532142,2025-10-31,-10.141442875653945,-8.29824481741164,2025-10-28,-9.672748752897228,-8.760977786932273,2025-11-03
2025-10-27,True,7,0,75.1500015258789,44.529998779296875,75.97000122070312,45.20000076293945,0.0001240087578659879,-0.010719318313913182,0.0004292765491896206,-0.013587481655970911,0.00012425491810337432,0.00021451519447611715,0.0028681633420577293,-0.017484740169590188,0.0004297248966640686,-0.02833714524951958,-0.022099101352477234,0.0009176468297766817,-0.037033113149293584,0.523323044582866,0.008695967899774004,-8.995158366901759,-8.934663070846803,-9.18972364113652,-7.753409209919669,-7.909648897853706,-8.032790600452296,0.008695967899774004,0.7159910407065369,0.7483432256098461,3.2088254890146994,2.7954504426495905,-0.09331215683720817,-10.141442875653945,-8.29824481741164,2025-10-28,-9.672748752897228,-8.760977786932273,2025-11-03,-9.512716389745707,-8.138381137355555,2025-10-29,-9.611061534078651,-8.728746221563139,2025-11-04
2025-10-28,True,7,0,74.58999633789062,44.86000061035156,74.06999969482422,44.494998931884766,3.9411895315959174e-05,0.007062909294123183,8.636472968597426e-05,0.007500799708213978,3.330413949452707e-05,4.6236242753703175e-05,-0.00043789041409079445,-0.014475548598328348,0.000248953402538525,-0.007479735632875517,-0.0007862926170219531,8.69829857655575e-05,0.007383450777198597,0.5084598581727923,-0.014863186410074114,-10.141442875653945,-9.438558808901584,-9.189089226456735,-9.356931186726381,-8.792858569486903,-8.045497079676892,0.014863186410074114,1.2155306578439526,1.2785531267311914,3.1755507001298273,2.7593768258516564,-0.036721912907087706,-9.512716389745707,-8.138381137355555,2025-10-29,-9.611061534078651,-8.728746221563139,2025-11-04,-9.618238791453017,-9.18120697655392,2025-10-30,-9.853836104693414,-8.95936593242861,2025-11-05
2025-10-29,True,7,0,74.30999755859375,45.40999984741211,75.69999694824219,46.040000915527344,7.390601129001659e-05,-0.018263456758231805,8.118247136673476e-05,-0.013558107375588279,4.171564247477959e-05,5.668642009098589e-05,-0.0047053493826435255,0.014771719259009244,0.0002921097011570012,-0.0037609015555171155,0.025964061041399294,0.0007553149371282434,0.012185799051874113,0.49251315756540087,-0.01594670060739123,-9.512716389745707,-9.652917755816233,-9.15982952214375,-9.418811203967694,-8.770969842445009,-8.040528705856948,0.01594670060739123,1.3241450320116444,1.3814885769985652,3.1793030497483774,2.7985001086706855,-0.03918967479338065,-9.618238791453017,-9.18120697655392,2025-10-30,-9.853836104693414,-8.95936593242861,2025-11-05,-9.101869143521634,-9.096266744000912,2025-10-31,-9.971596236477387,-9.063394310911665,2025-11-06
2025-10-30,True,7,0,75.79000091552734,46.560001373291016,74.76000213623047,45.88999938964844,6.650464311557498e-05,0.013551378320068082,0.00010337890689732491,0.014494617811839432,4.475751225931175e-05,6.256301887679407e-05,-0.0009432394917713504,0.0060375118468390734,0.00010295619241629714,0.019720870588693984,0.010514873356791488,0.00021394146860668838,0.025009491168630937,0.4872245369854646,-0.0052886205799369534,-9.618238791453017,-9.563393968461357,-9.16485906107389,-9.177109611890076,-8.793037149293236,-8.05242349131546,0.0052886205799369534,0.4375801542185679,0.4771783502136686,3.2068032436339315,2.8284963586871754,-0.022956559070951066,-9.101869143521634,-9.096266744000912,2025-10-31,-9.971596236477387,-9.063394310911665,2025-11-06,-10.65414868507672,-10.499375239338505,2025-11-03,-10.391334450067923,-9.16593410060548,2025-11-07
2025-10-31,True,7,0,75.38999938964844,46.20000076293945,75.8499984741211,46.69499969482422,0.00011145728400938868,-0.006215734274975624,0.00011761703755260941,-0.010440880956314178,1.2562130313461208e-05,0.00010825609562426842,0.004225146681338554,0.0007913157737539365,0.00011208346466318047,-0.005291737776039973,0.002895253107904127,0.00012599952811143792,-0.007762018316729957,0.48969481752615435,0.002470280540689984,-9.101869143521634,-9.395974790408841,-9.130177563374938,-9.048076655845389,-8.718306580228754,-8.055305311157753,0.002470280540689984,0.20399588300626548,0.19209702695932002,3.211649779776461,2.827905153886959,-0.0251486496252582,-10.65414868507672,-10.499375239338505,2025-11-03,-10.391334450067923,-9.16593410060548,2025-11-07,-9.730412798009084,-8.200110055253505,2025-11-04,-10.411354234138328,-8.590354493080792,2025-11-10
2025-11-03,True,7,0,75.54000091552734,45.91999816894531,75.54000091552734,46.470001220703125,2.360271795269923e-05,-0.00013241724055477327,0.00010710541979130839,-0.011688464383444898,9.766111289821135e-05,1.6523512422898138e-05,0.011556047142890125,0.0019876972763911327,2.755365841527196e-05,0.00198769727639192,0.005827154763980321,0.00014106115243468694,-0.006079102465108122,0.4977616172676538,0.008066799741500041,-10.65414868507672,-9.672748752897228,-9.173669150164182,-9.141696976830096,-9.219081332518732,-8.153274324075465,0.008066799741500041,0.6706364914652089,0.6639502088212198,3.12060125559986,2.858766449103403,0.005176192900653298,-9.730412798009084,-8.200110055253505,2025-11-04,-10.411354234138328,-8.590354493080792,2025-11-10,-13.276803148682191,-8.983826859285658,2025-11-05,-10.38198959610832,-8.822595454319616,2025-11-11
2025-11-04,True,7,0,74.20999908447266,44.900001525878906,74.44000244140625,45.209999084472656,5.944774907646768e-05,-0.0032293555264945005,0.00015404859879796423,-0.007214655242139484,3.75014207714695e-05,8.799746355148121e-05,0.003985299715644984,-0.014668864833062845,0.0002746233445671355,-0.01776342975901901,-0.015582431080461855,0.0003968607571753079,-0.022462883404278156,0.5024610709129133,0.004699453645259144,-9.730412798009084,-9.611061534078651,-9.151252799695179,-8.778242428724312,-9.091078546879736,-8.157799381818839,0.004699453645259144,0.402157327730797,0.36790660280610044,3.062455905596899,2.8431636793528288,-0.005107501225490196,-13.276803148682191,-8.983826859285658,2025-11-05,-10.38198959610832,-8.822595454319616,2025-11-11,-10.196029581951157,-10.14013895644607,2025-11-06,-9.83097745481189,-8.835828698293597,2025-11-12
2025-11-05,True,7,0,75.05000305175781,45.81999969482422,75.04000091552734,45.65999984741211,1.7137902005696627e-06,0.00019986527967451187,2.6500578343635512e-05,0.0034980326052103583,3.1846684850278185e-05,-1.8161581530365075e-06,-0.003298167325535846,0.011122417253432063,0.0001254219557600129,0.011255699097404204,0.01678480902767296,0.0003082303924390872,0.020282841632883297,0.4934339283774345,-0.009027142535479094,-13.276803148682191,-9.853836104693414,-9.159276925379238,-10.53834400092211,-9.193187248806796,-8.156268142152324,0.009027142535479094,0.7835727662588776,0.8301126373207195,3.064791809485486,2.9444389791664403,0.009909099427431123,-10.196029581951157,-10.14013895644607,2025-11-06,-9.83097745481189,-8.835828698293597,2025-11-12,-10.36856685675041,-9.796586331465326,2025-11-07,-9.632239466665785,-8.7467573992907,2025-11-13
2025-11-06,True,7,0,74.97000122070312,45.709999084472656,75.16000366210938,45.869998931884766,3.731819375697934e-05,-0.0025979341735003856,0.00012027927526487874,-0.0032754196972239226,3.025459989647914e-05,6.367143456268947e-05,0.0006774855237235361,0.0014646245269777556,3.946331876200415e-05,-0.0010665489449399601,0.001090614958345363,0.0001214687162522454,-0.0024035980504168997,0.4947709774829109,0.0013370491054769396,-10.196029581951157,-9.971596236477387,-9.156209839770808,-9.025694225262175,-9.160501406086087,-8.1734502616869,0.0013370491054769396,0.11564385063738955,0.04369847451018414,3.0032042883926917,2.890927171896462,-0.010878320106202821,-10.36856685675041,-9.796586331465326,2025-11-07,-9.632239466665785,-8.7467573992907,2025-11-13,-10.792138753913989,-7.741772576346634,2025-11-10,-9.497388440751164,-8.0940245644745,2025-11-14
2025-11-07,True,7,0,75.43000030517578,46.09000015258789,75.33999633789062,46.220001220703125,3.140426467019142e-05,0.0009287871210797386,0.0001737843471517785,-0.0025997143536697215,7.981024444757919e-05,6.268918368719535e-05,0.003528501474749462,0.00492310385859875,5.5641216272741325e-05,0.0061170281138283045,0.011095558942332277,0.00029689577539454825,0.00827893772845334,0.4926090678682863,-0.002161909614625035,-10.36856685675041,-10.391334450067923,-9.148926567036664,-8.65769541160669,-9.05896229910303,-8.156993283479773,0.002161909614625035,0.18974889815736518,0.2465929365741715,3.0022112396517002,2.970414465569701,0.0005304457836654564,-10.792138753913989,-7.741772576346634,2025-11-10,-9.497388440751164,-8.0940245644745,2025-11-14,-9.657706186043264,-9.408799051658796,2025-11-11,-9.332622245200955,-8.329833292302203,2025-11-17
2025-11-10,True,7,0,77.47000122070312,48.09000015258789,76.9800033569336,47.41999816894531,2.056050091890793e-05,0.006215970803783676,6.680610806153239e-05,0.013822286286745655,4.133286189234756e-05,2.3016873544046378e-05,-0.007606315482961978,0.020340613552112172,0.00043430106059527733,0.02668570248956481,0.028448031980637903,0.0008760966316329293,0.04247824841946857,0.47681652193838225,-0.015792545929903756,-10.792138753913989,-10.411354234138328,-9.304350557220411,-9.613716043554986,-9.130755170259851,-8.33789593479774,0.015792545929903756,1.3801886699358017,1.45095925215296,3.013572191682322,2.948640662021506,0.025228450996838347,-9.657706186043264,-9.408799051658796,2025-11-11,-9.332622245200955,-8.329833292302203,2025-11-17,-9.065487438974662,-9.064202470067995,2025-11-12,-9.451088591488876,-8.32766241057454,2025-11-18
2025-11-11,True,7,0,77.80000305175781,48.77000045776367,77.80000305175781,48.599998474121094,6.393099969032822e-05,-6.433218001870942e-05,0.00023335023822753132,0.003594418283449018,6.892082775579541e-05,0.00011418020508103205,-0.0036587504634677274,0.00425069000910546,8.19993652438372e-05,0.004250690009105718,0.010549241047225912,0.00034463672490000737,0.014041120645598149,0.4670260913018895,-0.009790430636492431,-9.657706186043264,-10.38198959610832,-9.35001024513639,-8.362970064666758,-8.994067494498859,-8.349167345720135,0.009790430636492431,0.9219978433727091,0.9143969000495644,3.15016862685841,2.867898923718522,0.04724257076496308,-9.065487438974662,-9.064202470067995,2025-11-12,-9.451088591488876,-8.32766241057454,2025-11-18,-9.246824052479614,-9.140789034693382,2025-11-13,-9.41412585526939,-8.257321366676031,2025-11-19
2025-11-12,True,7,0,79.04000091552734,50.720001220703125,77.83000183105469,49.439998626708984,0.0001155869567499503,0.015553617763260055,0.00032587815561429737,0.02595480187837755,7.06547862711437e-05,0.00018540516304655199,-0.010401184115117498,0.0003855140876079181,0.00011573557786169446,0.01581259461267681,0.013644406264378663,0.0005120479779217131,0.03920495508832644,0.44363373082624036,-0.02339236047564963,-9.065487438974662,-9.83097745481189,-9.303137864654154,-8.028987002246032,-8.600468149173143,-8.31164456974217,0.02339236047564963,2.4675540299102363,2.1035345731528494,3.1497400860333387,2.8495498031123385,0.051799466280235684,-9.246824052479614,-9.140789034693382,2025-11-13,-9.41412585526939,-8.257321366676031,2025-11-19,-9.449334043617514,-7.146579863428989,2025-11-14,-9.375621421824755,-8.252832660887014,2025-11-20
2025-11-13,True,7,0,78.41000366210938,49.83000183105469,79.30000305175781,50.689998626708984,9.641738285994208e-05,-0.011159193609654429,0.0001871582102661305,-0.017914446350439518,3.779436496012256e-05,0.00012289061408297502,0.006755252740785089,0.003284102101805518,0.0001072027094750255,-0.008002548075249472,-0.0005917088041545523,0.00018750832957504452,-0.017703085157117826,0.4533342679081082,0.009700537081868355,-9.246824052479614,-9.632239466665785,-9.280023144450944,-8.583556254599443,-8.530301674070605,-8.335899269434718,0.009700537081868355,1.0352436458502414,0.797969255058678,3.2511493854184965,2.862772159369253,0.04486346714992617,-9.449334043617514,-7.146579863428989,2025-11-14,-9.375621421824755,-8.252832660887014,2025-11-20,-9.34076657725448,-9.08308592808615,2025-11-17,-9.465266862243215,-9.091749349883303,2025-11-21
2025-11-14,True,7,0,76.9800033569336,48.220001220703125,76.3499984741211,48.04999923706055,7.874198654322528e-05,0.008347503863776671,0.0002664252096034167,0.0036354076126956583,7.167938863346581e-05,0.0001367439037565881,0.0047120962510810134,-0.026623505268126135,0.0007875530193051653,-0.018405825483985616,-0.03637512950107376,0.001589575255823303,-0.032843350971031526,0.4677717933951547,0.01443752548704591,-9.449334043617514,-9.497388440751164,-9.25601395267582,-8.230416993131781,-8.440585989009845,-8.32506491538443,0.01443752548704591,1.580500128079595,1.1842279714378938,3.211649779776461,2.995732273553991,0.020340613552112252,-9.34076657725448,-9.08308592808615,2025-11-17,-9.465266862243215,-9.091749349883303,2025-11-21,-11.141272042596528,-9.377334883280934,2025-11-18,-9.56743592543384,-9.203665658020046,2025-11-24
2025-11-17,True,7,0,76.11000061035156,47.7400016784668,76.58999633789062,48.09000015258789,8.777212617551551e-05,-0.006286801808407589,0.00020036936367235294,-0.007304602393352648,3.920308507940124e-05,0.0001244692023842336,0.0010178005849450578,-0.005079219356423509,0.00011357059544618276,-0.011366021164830542,-0.0026996396057750727,0.00020765741767342233,-0.01000424199912775,0.4664100142294512,-0.0013617791657027922,-9.34076657725448,-9.332622245200955,-9.23451652322869,-8.515348076326736,-8.323947209554513,-8.344216075955266,0.0013617791657027922,0.150965558702105,0.18659158734084544,3.1834558796369405,2.9871959386843043,-0.0177111101022831,-11.141272042596528,-9.377334883280934,2025-11-18,-9.56743592543384,-9.203665658020046,2025-11-24,-8.94501233893987,-8.49828747036954,2025-11-19,-9.527437889674022,-9.320667891757191,2025-11-25
2025-11-18,True,7,0,76.69000244140625,48.38999938964844,76.75,48.13999938964844,1.4501303114699597e-05,-0.00104291277878755,6.114042735966162e-05,0.00476634507645993,3.851106087941477e-05,1.8565334797473222e-05,-0.0058092578552474804,0.008373716168671618,8.462042558817208e-05,0.007591683312872632,0.008343763607064236,0.0001307588184902312,0.013523512122867842,0.4604781854194563,-0.00593182880999521,-11.141272042596528,-9.451088591488876,-9.510974926297942,-9.70233725167221,-8.477038907910151,-8.555564670359065,0.00593182880999521,0.6840749979312504,0.6019229786480982,3.1809662517949806,3.1081676653845203,-0.014370116798516186,-8.94501233893987,-8.49828747036954,2025-11-19,-9.527437889674022,-9.320667891757191,2025-11-25,-9.093211405105412,-9.08779903578658,2025-11-20,-9.90531644616678,-9.840179623466716,2025-11-26
2025-11-19,True,7,0,76.77999877929688,48.75,77.3499984741211,49.15999984741211,0.00013038586143349307,-0.007396383618194507,0.0005136353063990088,-0.00837508415007468,0.0001556178962340518,0.00024420163579922505,0.0009787005318801709,0.008569203680625784,0.00020381711315354355,0.0011728200624316898,0.01578711340187914,0.0007628682559628007,0.007412029251804508,0.4542389762300832,-0.0062392091893728185,-8.94501233893987,-9.41412585526939,-9.461500591845734,-7.573997064962489,-8.311213282466786,-8.45958020839419,0.0062392091893728185,0.7525394046798469,0.6306051350788944,3.173878458937465,3.206398324987611,-0.029009891348761307,-9.093211405105412,-9.08779903578658,2025-11-20,-9.90531644616678,-9.840179623466716,2025-11-26,-10.068338612616047,-9.946187195581189,2025-11-21,,,2025-11-28
2025-11-20,True,7,0,76.77999877929688,48.09000015258789,76.83999633789062,48.54999923706055,0.00011242644132045896,-0.0007811165675218681,0.00022572243588472136,-0.009831871678204877,3.827436955525238e-05,0.00014993725382496395,0.009050755110683009,0.000781116567521896,0.00011303658441251615,0.0,-0.0041110184210322665,0.00024262290834278799,-0.01363093898131984,0.4678699152114029,0.01363093898131984,-9.093211405105412,-9.375621421824755,-9.577686728222101,-8.396204473300434,-8.280310264737892,-8.684147348709544,0.01363093898131984,1.6038292493610469,1.0853828694936511,3.173459961337718,3.1637858521010482,-0.021007343273511836,-10.068338612616047,-9.946187195581189,2025-11-21,,,2025-11-28,-9.900727129623965,-9.827185262285932,2025-11-24,,,2025-12-01
2025-11-21,True,7,0,76.61000061035156,47.540000915527344,76.5999984741211,47.099998474121094,4.240099993566809e-05,0.00013056766927010618,0.00019268937502497156,0.009508804320613625,7.247830968105376e-05,8.130603263979294e-05,-0.009378236651343519,-0.0023471168474840653,4.790995743141162e-05,-0.002216549178213789,-0.02080128983674455,0.0006253830338972237,-0.011502777272446085,0.4771561433056353,0.009286228094232296,-10.068338612616047,-9.465266862243215,-9.651412038874692,-8.554431121453948,-8.340255343862044,-8.65026908642552,0.009286228094232296,1.2454405195855904,0.6999716929268518,3.132446096869813,3.2741213019819138,-0.004818066967740009,-9.900727129623965,-9.827185262285932,2025-11-24,,,2025-12-01,-10.45588711262321,-10.446757314458695,2025-11-25,,,2025-12-02
2025-11-24,True,7,0,77.83999633789062,48.939998626708984,76.76000213623047,47.65999984741211,5.013821181938091e-05,0.01416446644165714,0.00014544015497012906,0.026502561484814214,4.4032904220597155e-05,7.577273128445642e-05,-0.012338095043157072,0.0019560744737688635,5.3964439166311044e-05,0.015927766335396498,0.0025209872789134407,0.00015179553183057245,0.029023548763727813,0.46406036087730457,-0.013095782428331315,-9.900727129623965,-9.56743592543384,-9.641769273184712,-8.835745862009484,-8.387369426372556,-8.643766616092142,0.013095782428331315,1.746154885101194,1.2426157927766777,3.0878555624297968,3.1540172655447054,0.02247572053248703,-10.45588711262321,-10.446757314458695,2025-11-25,,,2025-12-02,-11.055551938713377,-10.707100087534636,2025-11-26,,,2025-12-03
2025-11-25,True,7,0,77.83000183105469,48.959999084472656,77.87999725341797,48.869998931884766,2.8778352216092746e-05,-0.0007706816023034975,0.0001561514212291909,0.002248352752284151,9.259623905738861e-05,4.616676719394753e-05,-0.0030190343545876477,0.0005137544060291419,2.9042295805807103e-05,-0.00012840633349053832,-0.0014313405280107227,0.0001582001569363169,0.0004085895507559556,0.4635233649930579,-0.0005369958842464939,-10.45588711262321,-9.527437889674022,-9.65491273110691,-8.764684372584702,-8.30722510174852,-8.618948013298077,0.0005369958842464939,0.07191164475878388,0.16983057227859474,3.1157350659486873,3.0214000426107397,0.01475563088612386,-11.055551938713377,-10.707100087534636,2025-11-26,,,2025-12-03,,,2025-11-28,,,2025-12-04
2025-11-26,True,7,0,78.44000244140625,50.790000915527344,78.02999877929688,49.689998626708984,1.579918915245087e-05,0.005240679968004081,0.00011099705462384543,0.02219110296759244,7.63830408902687e-05,2.5206601443013796e-05,-0.01695042299958836,0.0025663679870146375,2.2385433797224433e-05,0.007807047955019186,0.014800058472484034,0.0003300387854127919,0.036695883334319834,0.4346345296137574,-0.028888835379300648,-11.055551938713377,-9.90531644616678,-9.73473732151362,-9.10600689192431,-8.702318143975248,-8.702421288347917,0.028888835379300648,3.7512439551733308,2.6478368260531995,3.109060958860994,2.921008698583398,0.021389858778711357,,,2025-11-28,,,2025-12-04,-10.317047789016431,-9.339784264632511,2025-12-01,-9.896155313220868,-9.560175741173136,2025-12-05
2025-11-28,False,3,0,79.41000366210938,53.709999084472656,79.05000305175781,52.119998931884766,,,,,,,,0.007746569808241183,,0.012290318570943981,0.025849228924365353,,0.05589968403272216,0.391025164151979,-0.04360936546177818,,,,,,,0.04360936546177818,5.7695510361857805,3.855209993531408,3.08876713952118,2.8443278504626814,0.03368017734965534,-10.317047789016431,-9.339784264632511,2025-12-01,-9.896155313220868,-9.560175741173136,2025-12-05,-9.080358049165925,-9.026551559371699,2025-12-02,-9.952304888577308,-9.766295017544937,2025-12-08
2025-12-01,True,7,0,79.80999755859375,55.13999938964844,80.0,54.59000015258789,3.306458496481332e-05,-0.0023151473691264968,0.000364851016934968,0.010024675937696754,0.0003127000575501611,4.260777217481013e-05,-0.012339823306823254,0.007402283650286896,8.7858388204118e-05,0.00502442827409233,0.016251531717212317,0.000628963300090526,0.026276207654909456,0.36977338477116173,-0.021251779380817126,-10.317047789016431,,,-7.916021460487877,,,0.021251779380817126,,1.8621639737104974,3.12982600803469,2.794227920674744,0.04092115480196146,-9.080358049165925,-9.026551559371699,2025-12-02,-9.952304888577308,-9.766295017544937,2025-12-08,-11.239490863005635,-10.608683157605798,2025-12-03,-10.48126136064065,-10.216945198466389,2025-12-09
2025-12-02,True,7,0,79.29000091552734,55.779998779296875,79.61000061035156,55.45000076293945,0.00011388082522171365,-0.004027691936381306,0.00044910528277027013,0.00575437105409661,0.00017877009440846715,0.00019210800679175834,-0.009782062990477916,-0.0025090585304303175,0.0001201761999308388,-0.0065367504668119025,0.0056063330289029285,0.000480536252801238,0.011539965788573525,0.35169666851577625,-0.018076716255385428,-9.080358049165925,,,-7.7082532149242455,,,0.018076716255385428,,1.4091038319111868,3.15016862685841,2.8472322519593383,0.018456637999753056,-11.239490863005635,-10.608683157605798,2025-12-03,-10.48126136064065,-10.216945198466389,2025-12-09,-11.332457954133465,-11.332457954133465,2025-12-04,-10.16520944875747,-9.95804426473158,2025-12-10
2025-12-03,True,7,0,79.2300033569336,55.70000076293945,79.55999755859375,55.68000030517578,1.3144713925543938e-05,-0.004219536982501745,7.308763989290791e-05,-1.2836953722228372e-16,3.8303667647807444e-05,2.39643430853222e-05,-0.004219536982501617,0.00339939446854277,2.470059667830312e-05,-0.000756971484249469,-0.0017943388080476803,7.630729165097388e-05,-0.00143519968456296,0.3523748967160903,0.000678228200313491,-11.239490863005635,,,-9.523851290417348,,,0.000678228200313491,,0.21039645277948918,3.1130707659712242,2.8088001133999354,0.017828072848994125,-11.332457954133465,-11.332457954133465,2025-12-04,-10.16520944875747,-9.95804426473158,2025-12-10,-9.436339241739786,-9.136262191147402,2025-12-05,-9.974534169752843,-9.800391200278034,2025-12-11
2025-12-04,True,7,0,79.27999877929688,54.369998931884766,79.2300033569336,54.91999816894531,1.1977772060691565e-05,0.0006308172777418322,0.00020605890729707865,-0.010248947048474484,0.00017367414252029788,2.2181268418736155e-05,0.010879764326216316,0.0,1.1977772060691565e-05,0.0006308172777416132,-0.014102613071164226,0.0004049426027320507,-0.024167649118011614,0.377173363111843,0.024798466395753227,-11.332457954133465,,,-8.48734847230001,,,0.024798466395753227,,2.067865693978656,3.08922261664133,2.777576259006172,0.010651842171716552,-9.436339241739786,-9.136262191147402,2025-12-05,-9.974534169752843,-9.800391200278034,2025-12-11,-10.854703265423879,-10.714581886159626,2025-12-08,-9.844592986188854,-9.195313184126242,2025-12-12
2025-12-05,True,7,0,79.13999938964844,55.56999969482422,79.69999694824219,55.36000061035156,7.977190032762165e-05,-0.007051119260630555,0.00024967459475087954,0.004056041880265232,9.24746995879878e-05,0.0001184858977452567,-0.011107161140895787,0.005283672881239251,0.00010768909944356474,-0.001767446379391302,0.018044810822026615,0.0005752897923536084,0.021830970287569418,0.35357494644488274,-0.02359841666696072,-9.436339241739786,-9.896155313220868,,-8.295352108942913,-8.222453004922658,,0.02359841666696072,,1.8474405272135164,3.0238337036648657,2.7587432984957503,-0.0034059227786187307,-10.854703265423879,-10.714581886159626,2025-12-08,-9.844592986188854,-9.195313184126242,2025-12-12,-11.038021015362649,-11.03403703235427,2025-12-09,-9.81031977191887,-9.119780234556835,2025-12-15
2025-12-08,True,7,0,78.94999694824219,55.33000183105469,79.2750015258789,55.52000045776367,1.9313557154287366e-05,-0.00423473851026574,3.387984554793714e-05,-0.0034280344402109458,5.6264976957368365e-06,2.378345250324383e-05,-0.0008067040700547945,0.001704411427355004,2.221857546798569e-05,-0.002403726197636402,-0.0009001573565216696,3.469012881443722e-05,-0.0043281917967323835,0.3554994120439787,0.0019244655990959814,-10.854703265423879,-9.952304888577308,,-10.292690246988418,-8.505456071426837,,0.0019244655990959814,,0.40021941295284635,2.991724252156452,2.7350166394301496,-0.010834077250347462,-11.038021015362649,-11.03403703235427,2025-12-09,-9.81031977191887,-9.119780234556835,2025-12-15,-9.636680415017699,-9.449893268788147,2025-12-10,-9.810376640961538,-9.080757908253664,2025-12-16
2025-12-09,True,7,0,79.33999633789062,57.880001068115234,78.97000122070312,56.060001373291016,1.6078605584384486e-05,0.004674319961720755,0.00036472069892692677,0.03203568442766569,0.0002423340824619284,6.923261102469149e-05,-0.027361364465944935,0.00025334691995795996,1.6142790246236672e-05,0.004927666881679116,0.013107280230087962,0.0005365214939569815,0.04505663021388173,0.3153704487117757,-0.040128963332202616,-11.038021015362649,-10.48126136064065,,-7.916378705722564,-8.59254011461292,,0.040128963332202616,,3.034437959924913,2.9745086371023644,2.8130106275797595,0.0006303400981435558,-9.636680415017699,-9.449893268788147,2025-12-10,-9.810376640961538,-9.080757908253664,2025-12-16,-9.856582488670561,-9.856582488670561,2025-12-11,-9.944925378521086,-9.114095869079197,2025-12-17
2025-12-10,True,7,0,79.66999816894531,58.81999969482422,79.05000305175781,57.900001525878906,6.528942922086406e-05,0.0078124781483931115,0.000633503341664241,0.01559452089053849,0.00033661876786525934,0.00018108700150992285,-0.007782042742145379,-0.0036617666681270536,7.869796435267036e-05,0.0041507114802668,0.0003454907154001625,0.0006336227054986686,0.016110007720306463,0.3034111524717366,-0.011959296240039663,-9.636680415017699,-10.16520944875747,,-7.3642452832931715,-8.119869543109415,,0.011959296240039663,,0.4502517392514592,3.013080911888604,2.829087214170784,0.005538023062659825,-9.856582488670561,-9.856582488670561,2025-12-11,-9.944925378521086,-9.114095869079197,2025-12-17,-9.096269695139751,-7.992139637373169,2025-12-12,-9.623711163826917,-8.952936890255998,2025-12-18
2025-12-11,True,7,0,80.54000091552734,60.470001220703125,79.66999816894531,59.619998931884766,5.240112545754218e-05,0.010798837605626879,0.0003110829504462189,0.014652294702255445,0.00012236760586800056,0.0001205582350178803,-0.0038534570966285674,0.0,5.240112545754218e-05,0.010860886381384383,0.013509142396991237,0.0004935798787484051,0.027665466534492644,0.2866065723186276,-0.01680458015310826,-9.856582488670561,-9.974534169752843,,-8.075450959656925,-8.051661150250355,,0.01680458015310826,,0.8009299028750477,3.005682604407159,2.7581094300024462,0.015768092166302594,-9.096269695139751,-7.992139637373169,2025-12-12,-9.623711163826917,-8.952936890255998,2025-12-18,-10.463532246951004,-9.687700348509342,2025-12-15,-9.96669945867839,-9.634149112048265,2025-12-19
2025-12-12,True,7,0,80.98999786376953,58.86000061035156,81.76000213623047,61.4900016784668,0.00011208313388980277,-0.00952419270849672,0.0010952927509847042,-0.04371283408708539,0.0005323787881991846,0.00033749854833766134,0.034188641378588666,0.015034185792787313,0.0003381098763418507,0.005571697093755823,0.016727192789916936,0.0013750917296157534,-0.026985641297168073,0.31916391070955197,0.032557338390923896,-9.096269695139751,-9.844592986188854,,-6.816733598948536,-7.625818466179335,,0.032557338390923896,,3.2100897349550856,3.0430928449138284,2.6979998909369054,0.02310723563944972,-10.463532246951004,-9.687700348509342,2025-12-15,-9.96669945867839,-9.634149112048265,2025-12-19,-11.038992035609677,-10.179883980630136,2025-12-16,-9.97561813835269,-8.90012791662201,2025-12-22
2025-12-15,True,7,0,81.08000183105469,60.9900016784668,81.45999908447266,60.709999084472656,2.855917672822231e-05,-0.004799115746019281,7.917409301636151e-05,0.004437519991320734,4.839111760432227e-05,2.9671076070130783e-05,-0.009236635737340015,0.005786427096859996,6.20419152754979e-05,0.0011106802826823525,0.030946660887130075,0.0010368699130793879,0.035548190653851286,0.2847264003383827,-0.03443751037116893,-10.463532246951004,-9.81031977191887,,-9.443861421034784,-7.607414080186465,,0.03443751037116893,,2.415827341372229,3.0661907372025525,2.756205228447844,0.026621642119768474,-11.038992035609677,-10.179883980630136,2025-12-16,-9.97561813835269,-8.90012791662201,2025-12-22,-10.389756853879968,-9.720572971882309,2025-12-17,-9.76897842874318,-8.811800390878586,2025-12-23
2025-12-16,True,7,0,81.08000183105469,60.61000061035156,81.45999908447266,60.5,1.6063000510465556e-05,-0.00467574681417742,3.3704739538957045e-05,0.0018165409965446438,2.339201427680815e-05,1.3187862886307228e-05,-0.0064922878107220635,0.004675746814177994,3.7925608780761215e-05,0.0,-0.008066578791929475,9.877443294536344e-05,-0.006250037795385133,0.29097643813376817,0.006250037795385133,-11.038992035609677,-9.810376640961538,,-10.297872091356524,-7.75044343841491,,0.006250037795385133,,0.972155962471811,3.054001181677967,2.803360380906535,0.021693975238089358,-10.389756853879968,-9.720572971882309,2025-12-17,-9.76897842874318,-8.811800390878586,2025-12-23,-8.85086772606129,-8.813778220053212,2025-12-18,,,2025-12-24
2025-12-17,True,7,0,81.76000213623047,63.279998779296875,81.5199966430664,62.220001220703125,3.0745809362904996e-05,0.003000923984444859,0.00018366100817035383,0.016734779305240588,0.00010858443151890714,5.2911193007175836e-05,-0.01373385532079573,0.005412003568096723,6.003559198399666e-05,0.008351808416349193,0.026216605055294676,0.0008709713887956562,0.043109398135553256,0.2562188484145637,-0.03475758971920406,-10.389756853879968,-9.944925378521086,,-8.602418846463932,-7.984851384531785,,0.03475758971920406,,2.219710408454316,3.004692014925463,2.8021474967044036,0.02589507217417175,-8.85086772606129,-8.813778220053212,2025-12-18,,,2025-12-24,-11.039130846403012,-10.892298991140986,2025-12-19,,,2025-12-26
2025-12-18,True,7,0,81.62999725341797,62.25,81.56999969482422,62.810001373291016,0.00014325737417093627,0.0007352642453266819,0.0003032359717787403,-0.008955782985682614,9.830771859201245e-05,0.000174092813678832,0.009691047231009296,-0.0023266090122431075,0.00014867048366678712,-0.0015913447669166914,-0.007454985838394864,0.00035881278562940823,-0.016410768824076882,0.2710382724717237,0.014819424057160191,-8.85086772606129,-9.623711163826917,,-8.100999270802076,-7.989470000965864,,0.014819424057160191,,1.7647859569425173,3.054944133185837,2.8690346681376235,0.013442841025870678,-11.039130846403012,-10.892298991140986,2025-12-19,,,2025-12-26,-10.539294844666884,-7.783324521213028,2025-12-22,,,2025-12-29
2025-12-19,True,7,0,81.70999908447266,63.97999954223633,81.5,62.75,1.6060770947368674e-05,0.0026957646402335066,0.00014265098993869238,0.019568269369617523,8.064477578548213e-05,3.9033492550289445e-05,-0.016872504729384015,-0.0015937875697236547,1.8600929764774308e-05,0.0009795743754814623,0.00800004266707637,0.00020665167261373478,0.027411992021762366,0.24460585482544372,-0.026432417646280904,-11.039130846403012,-9.96669945867839,,-8.85510954069553,-8.815024187149309,,0.026432417646280904,,1.5405988482590975,3.0591764461105257,2.825536946304965,0.008850718307596317,-10.539294844666884,-7.783324521213028,2025-12-22,,,2025-12-29,-9.574839744285365,-9.201456945067436,2025-12-23,,,2025-12-30
2025-12-22,True,7,0,83.58999633789062,65.58999633789062,83.33999633789062,65.72000122070312,2.6475392410325754e-05,0.0030551422396852853,6.881590183344807e-05,-0.0022088325288667186,8.213398408980083e-05,6.578655076986505e-06,0.005263974768552004,0.01975219986048678,0.00041662479173893975,0.022747469708664703,0.02683278437679047,0.0007888142192447787,0.02485266210571435,0.24250066242839383,-0.002105192397049649,-10.539294844666884,-9.97561813835269,,-9.584075708431582,-8.82907422959979,,0.002105192397049649,,0.44011580072664797,3.031099417391282,2.7020321185427174,0.030487507733578667,-9.574839744285365,-9.201456945067436,2025-12-23,,,2025-12-30,,,2025-12-24,,,2025-12-31
2025-12-23,True,7,0,84.68000030517578,68.08000183105469,84.05999755859375,66.83000183105469,6.945442719513886e-05,0.0073486493371797985,0.0005956102584344512,0.018384474054923657,0.0002674457038726326,0.0001988094908784788,-0.011035824717743859,0.005606948632668249,0.00010089230016451921,0.012955597969848576,0.01872891944937862,0.000946382682175764,0.03726032168845794,0.21819593870978393,-0.024304723718609367,-9.574839744285365,-9.76897842874318,,-7.425924033604876,-8.259474987689085,,0.024304723718609367,,1.2348846416061463,3.169685580677429,2.6447553453112924,0.04344310570342724,,,2025-12-24,,,2025-12-31,-9.810290269127282,-8.613358746709258,2025-12-26,-9.216676377108323,-7.843168301375134,2026-01-02
2025-12-24,False,3,0,84.33999633789062,68.48999786376953,84.44000244140625,68.31999969482422,,,,,,,,-0.0028381979775042756,,-0.004023244972912288,0.0035190338527045614,,0.006004206858662542,0.2081684868782098,-0.01002745183157483,,,,,,,0.01002745183157483,,0.015018214055694309,3.199896858270398,2.6390573296152584,0.03106805231416576,-9.810290269127282,-8.613358746709258,2025-12-26,-9.216676377108323,-7.843168301375134,2026-01-02,-8.148742890162978,-6.651716966921365,2025-12-29,-9.25711584447147,-7.716771111795656,2026-01-05
2025-12-26,True,7,0,85.33999633789062,74.66000366210938,85.29499816894531,71.23999786376953,5.488391338093558e-05,0.0004688614769270058,0.0004445703457415719,0.04662211992674713,0.0003643662170191367,6.754402105168541e-05,-0.046153258449820114,0.011259609767543508,0.00018166272549829677,0.011787029950237837,0.039366710415656106,0.0019943082346916986,0.08625680451751006,0.13369871231093744,-0.07446977456727222,-9.810290269127282,,,-7.718402257395542,,,0.07446977456727222,,4.7561671423130285,3.170105660498771,2.6004650102462374,0.04444642703132029,-8.148742890162978,-6.651716966921365,2025-12-29,-9.25711584447147,-7.716771111795656,2026-01-05,-9.848502070833641,-8.45338007068434,2025-12-30,-10.141890742573707,-8.543245574709093,2026-01-06
2025-12-29,True,7,0,81.61000061035156,69.33000183105469,82.68000030517578,68.95999908447266,0.000289098559932594,-0.01290337487610995,0.001122516076489414,0.005638081510293932,0.0006473287234669387,0.00038214295647753463,-0.018541456386403882,-0.03166549634324661,0.0012918022185967586,-0.04469142388782732,-0.07941790945769474,0.007429720419120014,-0.07406678317181292,0.16307407159492238,0.029375359283985603,-8.148742890162978,,,-6.792182616410857,,,0.029375359283985603,,3.32471236358785,3.2495989975110415,2.6100698207912507,-0.0012245712319884916,-9.848502070833641,-8.45338007068434,2025-12-30,-10.141890742573707,-8.543245574709093,2026-01-06,-10.816721169592824,-10.780760788390344,2025-12-31,-10.330160566957893,-8.614146371833426,2026-01-07
2025-12-30,True,7,0,81.70999908447266,72.4000015258789,82.6500015258789,72.56999969482422,5.282626378079326e-05,-0.01143846053694595,0.0007872274139927483,-0.002207147109421232,0.000565590388452949,0.00013723164466029634,-0.009231313427524718,0.012663031768934331,0.00021317863736183338,0.0012245712319884916,0.04567386971967358,0.0028733297891624632,0.043328581102235475,0.12097006172467635,-0.04210400987024698,-9.848502070833641,,,-7.146993388146686,,,0.04210400987024698,,1.9715539115485257,3.246880021277798,2.653241951175182,-0.022747469708664703,-10.816721169592824,-10.780760788390344,2025-12-31,-10.330160566957893,-8.614146371833426,2026-01-07,-9.433833489810766,-8.275505033892555,2026-01-02,-10.106764800146426,-8.539440267935055,2026-01-08
2025-12-31,True,7,0,81.16999816894531,67.63999938964844,81.63999938964844,68.80500030517578,2.0061235851170896e-05,-0.005896770385800222,0.0003214375874732792,-0.01663349796707162,0.00023427503526759507,5.361189402842752e-05,0.0107367275812714,-0.0008570517265121185,2.0795773513088298e-05,-0.006630683977206786,-0.050929899314728834,0.002915292231681696,-0.06800680546049698,0.18234618320796558,0.06137612148329019,-10.816721169592824,,,-8.042707162297644,,,0.06137612148329019,,5.085981556965789,3.2120525995200753,2.662355236516009,-0.042333751655720064,-9.433833489810766,-8.275505033892555,2026-01-02,-10.106764800146426,-8.539440267935055,2026-01-08,-10.254671283059004,-7.715136794803333,2026-01-05,-10.458522216962672,-8.794182044985408,2026-01-09
2026-01-02,True,7,0,81.55999755859375,69.02999877929688,82.25,70.70999908447266,7.997203956567066e-05,-0.008424473873095695,0.0008317796364402405,-0.02404581763679063,0.0004354538098696905,0.00023814893306811028,0.015621343763694936,0.013217691430666098,0.00025467940632197466,0.0047932175575704505,0.04438747766166381,0.002802027809604944,0.020341660024873143,0.16679774074066334,-0.015548442467302692,-9.433833489810766,-9.216676377108323,,-7.091943012272471,-7.262280803111786,,0.015548442467302692,,0.48078428624247643,3.1747149290824312,2.7047112870785104,-0.033517289125237326,-10.254671283059004,-7.715136794803333,2026-01-05,-10.458522216962672,-8.794182044985408,2026-01-09,-11.627329012501363,-10.136535277924148,2026-01-06,-10.195527380460558,-8.89530482209515,2026-01-12
2026-01-05,True,7,0,83.70999908447266,72.51000213623047,83.2300033569336,72.98999786376953,3.51927211216929e-05,0.005511625125581674,8.707618238999691e-05,-0.0070117081460683295,0.00013396907635641777,-5.8500864223639686e-06,0.012523333271650004,0.02026898431883307,0.00044602444643879386,0.026019517962685867,0.055781241164377195,0.003198623048228406,0.04918333781296269,0.14363392089038654,-0.023163819850276823,-10.254671283059004,-9.25711584447147,,-9.348727162820804,-7.369779025382001,,0.023163819850276823,,0.8784965349310565,3.169685580677429,2.674838082670172,-0.019284801112789296,-11.627329012501363,-10.136535277924148,2026-01-06,-10.195527380460558,-8.89530482209515,2026-01-12,-10.869795699277903,-8.828532340053346,2026-01-07,-10.077030929609279,-8.86346078539446,2026-01-13
2026-01-06,True,7,0,84.62000274658203,77.38999938964844,84.17500305175781,75.19999694824219,8.918979600297814e-06,0.0045053854976186015,0.0005994664943783926,0.025730045124861076,0.00047505423710049737,6.666561843909652e-05,-0.021224659627242473,0.0055395675669849195,3.960578842948904e-05,0.010812244014684502,0.036426677529222476,0.0019263693301963545,0.06513305255098434,0.08931311235408662,-0.054320808536299836,-11.627329012501363,-10.141890742573707,,-7.419470474335646,-7.55135550955028,,0.054320808536299836,,2.6644535197010324,3.188416617383492,2.701361187349418,0.036218866789722526,-10.869795699277903,-8.828532340053346,2026-01-07,-10.077030929609279,-8.86346078539446,2026-01-13,-9.706195400880109,-9.302501279165401,2026-01-08,-9.975029352377137,-8.859809940282117,2026-01-14
2026-01-07,True,7,0,83.80999755859375,74.5199966430664,83.66999816894531,73.2699966430664,1.902425718220906e-05,0.0016718345573006593,0.00025602880987001604,0.016560667623732442,0.00015354685856098366,6.0753104245620734e-05,-0.014888833066431783,-0.01129020932649316,0.0001464930838182422,-0.00961837476919225,-0.05470636303973373,0.003248814966905161,-0.03779006470970092,0.11748480229459586,0.02817168994050867,-10.869795699277903,-10.330160566957893,,-8.270220581261949,-7.777263236073098,,0.02817168994050867,,2.5343721928009026,3.211649779776461,2.691243082785829,0.025375920788541784,-9.706195400880109,-9.302501279165401,2026-01-08,-9.975029352377137,-8.859809940282117,2026-01-14,-10.846525853564358,-10.267509754004532,2026-01-09,-10.163946097295428,-8.896901388079861,2026-01-15
2026-01-08,True,7,0,84.27999877929688,73.19999694824219,83.3499984741211,70.66000366210938,6.090499293089363e-05,0.011095983562170553,0.0004786094781021771,0.03504247000307899,0.0002216756219175705,0.00015891942455775014,-0.023946486440908438,-0.005503712090647092,9.119583970762862e-05,0.0055922714715235244,-0.05318780692777899,0.003307552283888872,-0.017872121409384434,0.14094919517550328,0.02346439288090796,-9.706195400880109,-10.106764800146426,,-7.644625578878787,-7.7049480173889755,,0.02346439288090796,,1.9459344234686404,3.1834558796369405,2.73306797151839,0.037598876237272094,-10.846525853564358,-10.267509754004532,2026-01-09,-10.163946097295428,-8.896901388079861,2026-01-15,-9.454141717703079,-7.893622502969254,2026-01-12,-9.772888746208793,-8.788209779069092,2026-01-16
2026-01-09,True,7,0,84.88999938964844,75.98999786376953,84.61000061035156,74.93000030517578,1.9472139578809454e-05,0.0031859917972014476,0.00024890770327677214,0.01391584349225362,0.00015848190773507962,5.4948967560251025e-05,-0.010729851695052174,0.00390789569802646,3.4743788365463165e-05,0.00721171910787799,0.023358969172446533,0.0007945491440760796,0.03740634529311393,0.11075456899026659,-0.03019462618523594,-10.846525853564358,-10.458522216962672,,-8.29842839978571,-8.004316471775873,,0.03019462618523594,,1.2719782002324436,3.1809662517949806,2.737608990998456,0.04001737778757963,-9.454141717703079,-7.893622502969254,2026-01-12,-9.772888746208793,-8.788209779069092,2026-01-16,-10.337214735810873,-9.692012411597743,2026-01-13,-9.84260033891615,-7.957074148056796,2026-01-20
2026-01-12,True,7,0,86.48999786376953,81.08000183105469,86.36000061035156,79.91000366210938,7.836432928899459e-05,0.0013885994342751904,0.0004860569680118877,0.014658556581123139,0.0001997276117896656,0.00018234684275560833,-0.01326995714684795,0.017168319154167676,0.0003731155118683553,0.018672482059293394,0.05029932264459533,0.003016078826516988,0.0648346195974101,0.06459243145215095,-0.04616213753811671,-9.454141717703079,-10.195527380460558,,-7.629184722801832,-7.790094224516757,,0.04616213753811671,,2.0607681565831237,3.1540172525197043,2.673458740536743,0.03267034188418716,-10.337214735810873,-9.692012411597743,2026-01-13,-9.84260033891615,-7.957074148056796,2026-01-20,-10.087568410770533,-8.811026605996421,2026-01-14,-9.553044372450431,-7.6953057320606995,2026-01-21
2026-01-13,True,7,0,86.36000061035156,82.55000305175781,86.95999908447266,84.02999877929688,3.2404452044952845e-05,-0.007039445362984618,0.000848547215482345,-0.017889626372494503,0.0006531216202466324,0.00011391502364033277,0.010850181009509885,0.005419456665551722,6.177496259474584e-05,-0.0015041629051264493,0.03573751924602693,0.00212571749734249,0.017967863167626774,0.04512040537939784,-0.019472026072753224,-10.337214735810873,-10.077030929609279,,-7.071984829013362,-7.676423662254169,,0.019472026072753224,,0.33363548608767885,3.2200751054436827,2.716018363182543,0.020353934964376208,-10.087568410770533,-8.811026605996421,2026-01-14,-9.553044372450431,-7.6953057320606995,2026-01-21,-10.778627775843988,-9.635805181282011,2026-01-15,-9.445999959318938,-7.725288604679693,2026-01-22
2026-01-14,True,7,0,87.2300033569336,88.77999877929688,87.26000213623047,87.52999877929688,4.159342688429918e-05,-0.0003438452478427478,0.00044492865390478306,0.014405106566530601,0.00026791560373637,0.00010930323852635609,-0.01474895181437335,0.010367579462541352,0.00014908013079640843,0.010023734214699154,0.05857737046350022,0.0038762369843229312,0.0727571783214005,-0.017613038727304037,-0.06273344410670134,-10.087568410770533,-9.975029352377137,,-7.7175966169558485,-7.598086420792537,,0.06273344410670134,,2.7180568104109804,3.168003494494444,2.771337911692091,0.03999604394826761,-10.778627775843988,-9.635805181282011,2026-01-15,-9.445999959318938,-7.725288604679693,2026-01-22,-9.099915500651685,-9.085589283140648,2026-01-16,-9.330983686780911,-7.713519681116548,2026-01-23
2026-01-15,True,7,0,86.70999908447266,87.4800033569336,86.6500015258789,84.77999877929688,2.0840178500264327e-05,0.0005768148161470932,0.0007284622880314969,0.03135058265628156,0.0005799878980342803,8.465728424874039e-05,-0.03077376784013447,-0.006671313157534967,6.53465977461635e-05,-0.005979140098260061,-0.04610173413012446,0.0028538321778361795,-0.01475115147384276,-0.008841027351721579,0.0087720113755827,-10.778627775843988,-10.163946097295428,,-7.224574700269504,-7.503085305295931,,0.0087720113755827,,1.589381576533206,3.1599747169480397,2.8183982582710754,0.028424632378484027,-9.099915500651685,-9.085589283140648,2026-01-16,-9.330983686780911,-7.713519681116548,2026-01-23,-9.73490227289952,-6.599247144289294,2026-01-20,-9.176826146077149,-7.533108200809033,2026-01-26
2026-01-16,True,7,0,86.2699966430664,85.05000305175781,86.5999984741211,84.29000091552734,0.00011167524457682729,-0.003933781963825447,0.000646181015279695,0.008564459459082062,0.0002501864575243507,0.00025383490116608575,-0.01249824142290751,-0.0012694088820306842,0.00011328664348660567,-0.0050873326540310515,-0.03714698931126559,0.002026079830170975,-0.0281708794584965,0.014242519452744391,0.02308354680446545,-9.099915500651685,-9.772888746208793,,-7.344430884021705,-7.368465857665516,,0.02308354680446545,,2.2022494542414277,3.0937660138253564,2.7625383960193535,0.016125580616574986,-9.73490227289952,-6.599247144289294,2026-01-20,-9.176826146077149,-7.533108200809033,2026-01-26,-9.014495341366388,-7.442731179695425,2026-01-21,-8.934399558032505,-8.101424022654268,2026-01-27
2026-01-20,True,7,0,89.55000305175781,89.6500015258789,89.44000244140625,90.52999877929688,5.918145810028776e-05,0.0012291258821644476,0.00047285294039318444,-0.00976805693184472,0.00021474436699192142,0.00015864501575077537,0.010997182814009167,0.036086162526829745,0.001361392584013059,0.03731528840899401,0.062441919279590134,0.0043718462237120346,0.052673862347745626,-0.0011160544860078802,-0.015358573938751618,-9.73490227289952,-9.84260033891615,,-7.656726126073987,-7.372660849252689,,0.015358573938751618,,0.09513870128527041,3.101442727976105,2.7638001945596176,0.0347683869662756,-9.014495341366388,-7.442731179695425,2026-01-21,-8.934399558032505,-8.101424022654268,2026-01-27,-9.41252920512909,-9.410161090052146,2026-01-22,-8.770552085026559,-8.168186256944468,2026-01-28
2026-01-21,True,7,0,90.87000274658203,88.11000061035156,91.5,89.9000015258789,0.00012163383955086324,-0.00679904753070764,0.00044568360086064276,-0.01965803229673666,0.00018984026759288376,0.0001887385864093111,0.012858984766029018,0.02154180969594116,0.0005856834045270078,0.014632781347120094,0.002784741379101311,0.00045343838540912184,-0.017327176265749422,0.030843903126861864,0.031959957612869516,-9.014495341366388,-9.553044372450431,,-7.715901272808849,-7.509925838428677,,0.031959957612869516,,2.459765003120598,3.210440346047099,3.000222186422059,0.05090533121852214,-9.41252920512909,-9.410161090052146,2026-01-22,-8.770552085026559,-8.168186256944468,2026-01-28,-9.581542924440397,-9.29937790328709,2026-01-23,-6.754134269697684,-6.516711177740312,2026-01-29
2026-01-22,True,7,0,92.55999755859375,91.47000122070312,90.91000366210938,89.06999969482422,8.169406478978205e-05,0.01798701009238185,0.0002546065096956616,0.026697831832868037,7.908262194311734e-05,0.00012860897627116317,-0.00871082174048619,0.00044010248391182467,8.18877549861274e-05,0.018427112576294036,0.010836533211738863,0.000372036961744781,0.03742502220787358,0.011845993495282517,-0.018997909631579546,-9.41252920512909,-9.445999959318938,,-8.275791303842373,-7.581968305628121,,0.018997909631579546,,0.4497313377132546,3.2684276036974484,2.8273135993568546,0.059308709580117025,-9.581542924440397,-9.29937790328709,2026-01-23,-6.754134269697684,-6.516711177740312,2026-01-29,-8.592233079761588,-7.496690356726312,2026-01-26,,,2026-01-30
2026-01-23,True,7,0,93.79000091552734,97.54000091552734,93.0,94.7300033569336,6.899041856124434e-05,0.008458757129051727,0.00021088339757619664,0.029141516570705378,9.005218277755588e-05,9.491081667994258e-05,-0.02068275944165365,0.004742436644307143,9.148112388651154e-05,0.01320119377335871,0.03501971231063454,0.001437263647895805,0.0642514966544141,-0.03920430938577256,-0.05105030288105539,-9.581542924440397,-9.330983686780911,,-8.46420519536017,-7.809055204665588,,0.05105030288105539,,2.079857974060821,3.3361253849184407,2.7498317570687476,0.0784890434517358,-8.592233079761588,-7.496690356726312,2026-01-26,,,2026-01-30,-8.512079712690923,-8.509394691850506,2026-01-27,,,2026-02-02
2026-01-26,True,7,0,95.18000030517578,103.30000305175781,95.61000061035156,104.41000366210938,0.00018554129618280414,-0.0044098773160281095,0.0032045053789114793,-0.011075391236951601,0.0021016204723176787,0.0006442131013883023,0.006665513920923488,0.019219173198810353,0.0005549179146286743,0.01471158861695887,0.06806293170825486,0.007837068051634045,0.05737484600018217,-0.08186756676899648,-0.042663257383223296,-8.592233079761588,-9.176826146077149,,-5.743197528472024,-6.993633081814411,,0.042663257383223296,,1.4394004273635543,3.4015306594522756,2.7781979704876907,0.09828796472272572,-8.512079712690923,-8.509394691850506,2026-01-27,,,2026-02-02,-8.339305750990706,-7.625591890411583,2026-01-28,,,2026-02-03
2026-01-27,True,7,0,97.4800033569336,106.69999694824219,95.25,102.81999969482422,0.00020102531497408443,0.02303963686619352,0.001962861911231833,0.03666635584757693,0.001152254369848937,0.0005058164281784901,-0.013626718981383412,0.0007351751075443903,0.00020156579741283735,0.02387742429489048,-0.004657522008962454,0.0019845544224958026,0.03238372403815326,-0.0903738665122586,-0.00850629974326278,-8.512079712690923,-8.934399558032505,,-6.233351711943226,-6.712428524526422,,0.00850629974326278,,0.46151316005406606,3.487375077903208,2.781920026048249,0.08485010060862219,-8.339305750990706,-7.625591890411583,2026-01-28,,,2026-02-03,-5.271529543818562,-5.106565858912328,2026-01-29,,,2026-02-04
2026-01-28,True,7,0,101.25,110.87000274658203,99.02999877929688,108.0,0.0002389381679547617,0.021972366565497774,0.001217755497905631,0.025595574731904273,0.000696731905580772,0.00037998088013981046,-0.003623208166406499,0.015775559012454973,0.00048780643011021104,0.03794544279249212,0.012110097417804104,0.0013644099573743367,0.03833723885083984,-0.09076566257060716,-0.00039179605834771536,-8.339305750990706,-8.770552085026559,-9.366336612869235,-6.710745870481301,-6.592855098569651,-7.219919759871734,0.00039179605834771536,,0.8556739322035908,3.5004392163118045,2.794227920674744,0.10816276205399422,-5.271529543818562,-5.106565858912328,2026-01-29,,,2026-02-04,,,2026-01-30,,,2026-02-05
2026-01-29,True,7,0,101.56999969482422,110.8499984741211,104.37000274658203,114.91999816894531,0.005135749208956365,-0.0273909860696102,0.015010183282397154,-0.03623870586893717,0.0026625583426054715,0.008741687074374022,0.00884771979932697,0.030349598161130406,0.006056847317498454,0.0031555069601747476,0.03587784962053425,0.016297403375790824,-0.00018044626019353416,-0.08742970935023793,0.003335953220368282,-5.271529543818562,-6.754134269697684,-8.058172582909712,-4.1990264227252965,-5.444213368328093,-6.575624986071393,0.003335953220368282,0.1575370061720952,0.9830056925505817,3.6805952345262387,2.794227920674744,0.09289115643787493,,,2026-01-30,,,2026-02-05,,,2026-02-02,,,2026-02-06
2026-01-30,False,1,0,91.19999694824219,79.19999694824219,95.48999786376953,93.7750015258789,,,,,,,,-0.06172670535596103,,-0.10769334932879548,-0.16727961005740843,,-0.3362016620089783,0.14107860332994465,0.2285083126801828,,,,,,,0.2285083126801828,9.718280522021477,12.402314474022385,3.82907608460722,2.8261294394501912,-0.02800338666427926,,,2026-02-02,,,2026-02-06,-8.499706333679534,-5.670962132424645,2026-02-03,-8.721883962303716,-6.836010088876763,2026-02-09
2026-02-02,False,3,0,87.56999969482422,76.0999984741211,,,,,,,,,,,,-0.040616393568829956,,,-0.039928015471415,0.14039022523252906,-0.0006883780974149545,,,,,,,0.0006883780974149545,,0.02450681398226449,3.786006164844659,2.858766449103403,-0.08333136885006809,-8.499706333679534,-5.670962132424645,2026-02-03,-8.721883962303716,-6.836010088876763,2026-02-09,-8.163385392821294,-7.4099195363653845,2026-02-04,-8.793734561287723,-7.785720475300995,2026-02-10
2026-02-03,True,7,0,93.02999877929688,80.83999633789062,92.69999694824219,83.02999877929688,0.00020352812959230845,0.003875980530735056,0.0022194549806552623,-0.027224970275656804,0.001466090641603736,0.0004784462343219175,0.03110095080639186,0.056929969601814914,0.0034445495684558786,0.06048353860966138,0.0871537287553178,0.00981522741661077,0.0604236024180409,0.14045016142415045,5.993619162047992e-05,-8.499706333679534,,,-6.110493617448382,,,5.993619162047992e-05,,0.04860344884514617,3.6211358020274167,2.793616098770161,-0.04672525453529719,-8.163385392821294,-7.4099195363653845,2026-02-04,-8.793734561287723,-7.785720475300995,2026-02-10,-9.075696422196884,-7.496607845047952,2026-02-05,-9.123784501613956,-8.043948725275436,2026-02-11
2026-02-04,True,7,0,92.91999816894531,83.13999938964844,94.70999908447266,86.76000213623047,0.0002848962745691424,-0.018757900236170785,0.0019600673927199666,-0.04213877259734371,0.0008868947135673073,0.0006790344768609008,0.023380872361172922,0.017897572912511515,0.0006052193907278083,-0.0011831204623629077,0.07067386334626062,0.0069548623530058876,0.028054079248531316,0.11121296171325604,-0.029237199710894224,-8.163385392821294,,,-6.23477642229003,,,0.029237199710894224,,0.9760353849349964,3.714547200862514,2.8903717578961645,-0.08585381779015222,-9.075696422196884,-7.496607845047952,2026-02-05,-9.123784501613956,-8.043948725275436,2026-02-11,-9.061715060791188,-7.602139955271962,2026-02-06,-7.911869759098911,-7.607620490807383,2026-02-12
2026-02-05,True,7,0,90.52999877929688,70.0,90.98999786376953,71.62000274658203,0.0001144129344315506,-0.005068312887572579,0.002185740548312061,-0.022593535335636104,0.0013553559277801467,0.0004723987774817325,0.017525222448063524,-0.020989301305537857,0.0005549637037262038,-0.026057614193110368,-0.1491515235635829,0.02443191752965009,-0.17203068443388148,0.25718603195402745,0.1459730702407711,-9.075696422196884,,,-6.125800584143637,,,0.1459730702407711,,5.141630205397966,3.6090242288644716,2.925309776513262,-0.11506693894343734,-9.061715060791188,-7.602139955271962,2026-02-06,-7.911869759098911,-7.607620490807383,2026-02-12,-9.250765450592299,-8.225294647294522,2026-02-09,-7.953851924375082,-7.658416449030471,2026-02-13
2026-02-06,True,7,0,93.23999786376953,73.66999816894531,92.31999969482422,71.02999877929688,0.00011602381794864059,0.01002325906976581,0.0012879369943614377,0.036766178022171685,0.0006849322833743403,0.000359514264467869,-0.026742918952405874,0.019579525450772906,0.0004993816348261046,0.029495517253074865,0.01460706377461921,0.0015013033064772306,0.05110039379054143,0.2355811554165608,-0.021604876537466566,-9.061715060791188,,,-6.654713569917715,,,0.021604876537466566,,0.6706125322080677,3.5703774100329357,3.080532896273726,0.022121927638433014,-9.250765450592299,-8.225294647294522,2026-02-09,-7.953851924375082,-7.658416449030471,2026-02-13,-8.824866394656736,-8.79968408450243,2026-02-10,-7.9463456917770765,-7.434719975416432,2026-02-17
2026-02-09,True,7,0,95.62999725341797,79.80999755859375,94.47000122070312,76.44000244140625,9.60381114898252e-05,0.012099695219247314,0.00065748058616707,0.043017391387411744,0.00030998219797705157,0.0002217682498399218,-0.030917696168164435,0.013105545446177036,0.00026779343293163683,0.025309758384064907,0.036910515471028395,0.0020198667385040964,0.08005314345778647,0.18083777034283907,-0.05474338507372156,-9.250765450592299,-8.721883962303716,,-7.327095321090376,-6.399651696344993,,0.05474338507372156,,1.7215831326293143,3.5251833614431467,3.014063271438193,0.08804807959132788,-8.824866394656736,-8.79968408450243,2026-02-10,-7.9463456917770765,-7.434719975416432,2026-02-17,-9.543017370158898,-8.930632931150564,2026-02-11,-7.974770294746309,-7.362917753062685,2026-02-18
2026-02-10,True,7,0,94.70999908447266,77.06999969482422,95.44499969482422,78.51000213623047,0.00014703110504016612,-0.00773058058409434,0.0009488735666035379,-0.01903109190206318,0.0004128493405543681,0.00034152766554466793,0.011300511317968845,-0.0019363874850603642,0.00015078070153246452,-0.009666968069154791,-0.016422746877862535,0.0012185801816178815,-0.03493468346750728,0.2061054857411915,0.025267715398352486,-8.824866394656736,-8.793734561287723,,-6.960234996255765,-6.565570946322033,,0.025267715398352486,,0.8003560571760031,3.4916472845842277,2.854168744390704,0.017897572912511706,-9.543017370158898,-8.930632931150564,2026-02-11,-7.974770294746309,-7.362917753062685,2026-02-18,-6.570532337508409,-6.547963383103149,2026-02-12,-7.96902825722799,-7.378307966995864,2026-02-19
2026-02-11,True,7,0,95.76000213623047,80.41000366210938,95.44999694824219,80.73999786376953,7.17001749625392e-05,0.0032425653584510087,0.0006099245264163927,-0.0043443062191634435,0.00035051207810608175,0.00016555631163642508,0.007586871577614451,0.0077829366280661874,0.00013227427751903348,0.011025501986517305,0.04651999313647147,0.002774034287833745,0.04242449627283662,0.17470649145487238,-0.031398994286319315,-9.543017370158898,-9.123784501613956,,-7.402175335637998,-6.77849063718097,,0.031398994286319315,,0.9724527099589696,3.3624565533457247,2.8786365531407747,0.03010619536139192,-6.570532337508409,-6.547963383103149,2026-02-12,-7.96902825722799,-7.378307966995864,2026-02-19,-10.109012847069677,-7.884879056631941,2026-02-13,-9.43839377992326,-7.908397493335497,2026-02-20
2026-02-12,True,7,0,92.4800033569336,71.06999969482422,95.22000122070312,78.9800033569336,0.0014010513813826986,-0.029305735795571768,0.007529508496369147,-0.10468554823022325,0.0026298267251538073,0.0031503665762990193,0.07537981243465147,-0.00565506697169735,0.0014330311638370808,-0.034852642334799455,-0.017943893740923006,0.007851491818954682,-0.12347328955822956,0.2633271386783022,0.0886206472234301,-6.570532337508409,-7.911869759098911,,-4.888925512027233,-6.116236775073348,,0.0886206472234301,,2.766652078409786,3.380314170745731,2.87073576176629,0.02131116721970283,-10.109012847069677,-7.884879056631941,2026-02-13,-9.43839377992326,-7.908397493335497,2026-02-20,-9.121664367918777,-7.059167738677812,2026-02-17,-9.371356115183834,-7.984780063693585,2026-02-23
2026-02-13,True,7,0,94.75,73.22000122070312,94.19000244140625,74.83999633789062,4.071097495021221e-05,0.005822230192516507,0.0003093802097009911,-0.02188382810956664,0.00022638545662251655,6.185286401434339e-05,0.02770605830208315,0.018321603531651656,0.0003763921309212426,0.024249402739446424,0.051687149928586446,0.0029809416774411648,0.02980332181901968,0.25777321959872856,-0.005553919079573255,-10.109012847069677,-7.953851924375082,,-8.080939585345554,-6.209106521362788,,0.005553919079573255,,0.1565584042358228,3.408834808791367,3.0359140485290044,0.01606505270607439,-9.121664367918777,-7.059167738677812,2026-02-17,-9.371356115183834,-7.984780063693585,2026-02-23,-9.236330989631961,-7.900565934358259,2026-02-18,-9.546541426414096,-8.154659576507843,2026-02-24
2026-02-17,True,7,0,91.81999969482422,69.69999694824219,92.19000244140625,70.61000061035156,0.00010927265599947365,-0.004021555795390558,0.0008626275843794617,-0.012828019807301232,0.00036265878487417354,0.00030462072775238095,0.008806464011910674,-0.02739015266970041,0.0008594931192689702,-0.03141170846509045,-0.03629683819156979,0.002180088047084461,-0.049268350381516335,0.2756298615151546,0.017856641916425886,-9.121664367918777,-7.9463456917770765,,-7.055527496080207,-6.188909710479363,,0.017856641916425886,,0.5519948511016466,3.4288125486951286,3.025291094313483,-0.040656414143080966,-9.236330989631961,-7.900565934358259,2026-02-18,-9.546541426414096,-8.154659576507843,2026-02-24,-9.41360941609732,-9.386666358595212,2026-02-19,-9.610191609103493,-8.378793373689048,2026-02-25
2026-02-18,True,7,0,93.8499984741211,73.61000061035156,93.3499984741211,73.12999725341797,9.743442311988321e-05,0.005235311678236033,0.00039912219955469787,0.0062025464489795755,0.00014217381708986189,0.00017719140279235957,-0.0009672347707435427,0.016525718144502637,0.00037053378331142694,0.021867611276373822,0.04803836774304049,0.0027068069749702907,0.0545806203800181,0.24291685241151062,-0.032713009103644275,-9.236330989631961,-7.974770294746309,,-7.826242923415709,-6.243978927640441,,0.032713009103644275,,0.9723155044856485,3.5037539699872475,3.010128198959819,-0.009121834797552353,-9.41360941609732,-9.386666358595212,2026-02-19,-9.610191609103493,-8.378793373689048,2026-02-25,-9.581158415070398,-8.818549671592102,2026-02-20,-9.563141220750511,-8.356261115041503,2026-02-26
2026-02-19,True,7,0,94.12000274658203,74.58999633789062,93.70999908447266,74.18000030517578,8.160586561039367e-05,0.004365695674926982,0.0001283798046945525,0.005645910580139669,3.214896912977468e-05,8.891835058758575e-05,-0.001280214905212687,-0.0014928494078799276,8.383446496500112e-05,0.002872846267046647,0.007713681813126746,0.00018788069180871483,0.013225506508242724,0.23256419217031454,-0.010352660241196077,-9.41360941609732,-7.96902825722799,,-8.960517463389227,-6.294840508829112,,0.010352660241196077,,0.3035607389513294,3.518980417318539,2.9765494969115993,-0.01727449051702301,-9.581158415070398,-8.818549671592102,2026-02-20,-9.563141220750511,-8.356261115041503,2026-02-26,-9.591462605937847,-8.329830889865901,2026-02-23,-9.723530172196664,-8.430818821488645,2026-02-27
2026-02-20,True,7,0,95.94999694824219,80.43000030517578,94.95999908447266,76.7300033569336,6.901695112430404e-05,0.010371449987776456,0.0005279342934690737,0.04672138522399178,0.00034332912120977216,0.00012681106169180276,-0.036349935236215325,0.008885147619357395,0.00014796279934207643,0.01925659760713394,0.028286409068970605,0.0013280552314862163,0.07538084383972965,0.17643994593771847,-0.05612424623259571,-9.581158415070398,-9.43839377992326,,-7.546538726189193,-7.716338410448632,,0.05612424623259571,,1.6847844659186093,3.5133348815990053,3.007166628551692,0.036834749424910385,-9.591462605937847,-8.329830889865901,2026-02-23,-9.723530172196664,-8.430818821488645,2026-02-27,-10.105039820218511,-7.429605377809984,2026-02-24,-9.770166533355463,-8.443723711524118,2026-03-02
2026-02-23,True,7,0,98.56999969482422,84.5999984741211,97.22000122070312,82.2699966430664,6.830943871834503e-05,0.013790488407916286,0.0002811790914866415,0.027927768198805887,0.0001283704464955562,0.00011055904185471517,-0.014137279790889601,0.013149273525400799,0.00024121283296415138,0.02693976193331693,0.022619235666697265,0.0007928089136322312,0.05054700386550248,0.1528327040055328,-0.023607241932185552,-9.591462605937847,-9.371356115183834,,-8.17651875539163,-7.72907999318513,,0.023607241932185552,,0.7062874688395931,3.5956670723917576,2.9491646457307357,0.03952510861878089,-10.105039820218511,-7.429605377809984,2026-02-24,-9.770166533355463,-8.443723711524118,2026-03-02,-9.492642433894062,-9.408756156575699,2026-02-25,-8.6261767865004,-7.604340244793898,2026-03-03
2026-02-24,True,7,0,97.19999694824219,83.06999969482422,96.27999877929688,82.13500213623047,4.087304248297069e-05,0.00951007983351495,0.00029620474551377235,0.01107861180339961,0.00015090341821317668,9.308718489178314e-05,-0.0015685319698846602,-0.023506352345123445,0.0005934216430560611,-0.01399627251160851,-0.029569987573849203,0.0011705889106313687,-0.018250626398521597,0.15708705789244584,0.004254353886913087,-10.105039820218511,-9.546541426414096,,-8.124459634943006,-8.02688452757337,,0.004254353886913087,,0.1236829984094195,3.6496187401606335,3.0449985257508563,0.05694054457226283,-9.492642433894062,-9.408756156575699,2026-02-25,-8.6261767865004,-7.604340244793898,2026-03-03,-9.233050887279527,-9.11498451493504,2026-02-26,-8.687492825685592,-7.556803802036699,2026-03-04
2026-02-25,True,7,0,96.97000122070312,84.02999877929688,97.44999694824219,85.97000122070312,7.540458815843626e-05,-0.004628416134046867,0.0005148332958508642,-0.02281029446303063,0.0002500026240202074,0.00017011762999454653,0.018181878328983762,0.0025687145677219738,8.200288268886335e-05,-0.002369015164791044,0.034314790208266444,0.001692338122888203,0.011490241235873278,0.14322780149178155,-0.013859256400664322,-9.492642433894062,-9.610191609103493,,-7.571667407078805,-7.958417052450283,,0.013859256400664322,,0.41539557617271267,3.6256733782101436,2.972975247406338,0.032703918131097964,-9.233050887279527,-9.11498451493504,2026-02-26,-8.687492825685592,-7.556803802036699,2026-03-04,-10.98524433374136,-9.663337246097557,2026-02-27,-8.712356550609364,-7.565245824477672,2026-03-05
2026-02-26,True,7,0,97.79000091552734,84.48999786376953,97.30999755859375,82.62000274658203,9.775454272588745e-05,0.005022874499897098,0.0008145911914159208,0.02249971915096101,0.00037667775532922485,0.0002678339894062917,-0.01747684465106391,0.0035000688400254115,0.00011000502461080428,0.008420666781444375,-0.016922048200967793,0.0011009469067317982,0.005459295467791669,0.14618917280543423,0.0029613713136527053,-9.233050887279527,-9.563141220750511,,-7.112824176194235,-7.627352141603444,,0.0029613713136527053,,0.08520145904474134,3.5542045507873348,2.886475304637442,0.03825173864549569,-10.98524433374136,-9.663337246097557,2026-02-27,-8.712356550609364,-7.565245824477672,2026-03-05,-9.81415814461004,-8.38952967594976,2026-03-02,-8.55437520465077,-7.517115553620668,2026-03-06
2026-02-27,True,7,0,99.06999969482422,89.26000213623047,98.45999908447266,87.43000030517578,1.6949972717241884e-05,0.006226743242411927,0.0002972027477290712,0.020602943976433297,0.00025877898763293744,2.7686866406687827e-05,-0.01437620073402137,0.006828033345223401,6.357201208072456e-05,0.013004336218171986,0.03420531780238813,0.0014672065136914414,0.054920324252870856,0.10427318477073581,-0.04191598803469887,-10.98524433374136,-9.723530172196664,,-8.121095999776223,-7.726914276546413,,0.04191598803469887,,1.2516500481345527,3.4986265269937014,2.924773139566078,0.03199947725653374,-9.81415814461004,-8.38952967594976,2026-03-02,-8.55437520465077,-7.517115553620668,2026-03-06,-7.335521234448394,-6.21031420706747,2026-03-03,-8.537184111942356,-7.52924214341699,2026-03-09
2026-03-02,True,7,0,100.37999725341797,85.68000030517578,100.37999725341797,85.26499938964844,5.467203925348758e-05,-0.00019922928509887635,0.0010390393848029528,0.004388409987949385,0.0008240356513179463,0.00013483788636924708,-0.004587639273048262,0.013136288960408743,0.0002272341269048442,0.013136288960408748,-0.04578943652720946,0.0031357118822822965,-0.04093405343249579,0.15834352716363975,0.054070342392904536,-9.81415814461004,-9.770166533355463,,-6.8694586611321276,-7.431371904834875,,0.054070342392904536,,1.5986207075738257,3.503453082366503,2.988707689349733,0.018196004283625555,-7.335521234448394,-6.21031420706747,2026-03-03,-8.537184111942356,-7.52924214341699,2026-03-09,-10.721222317575798,-8.500846390923053,2026-03-04,-9.483452221004411,-8.548610818026571,2026-03-10
2026-03-03,True,7,0,95.91999816894531,78.44000244140625,96.75,77.8499984741211,0.000651963985550876,-0.008303141261891644,0.0017216863972047461,0.007167638267687078,0.0005057681321134215,0.0009339411253211003,-0.015470779529578722,-0.0368326249550508,0.002008606246630307,-0.045448465235077506,-0.09583555102153782,0.010906139236806525,-0.08828539724865081,0.20118045917721344,0.0428369320135733,-7.335521234448394,-8.6261767865004,,-6.3644510050060275,-7.0384671035834545,,0.0428369320135733,,1.2505836995784203,3.5504790843779097,3.065258361112005,-0.013256188439843442,-10.721222317575798,-8.500846390923053,2026-03-04,-9.483452221004411,-8.548610818026571,2026-03-10,-9.471150347429615,-9.337704795379715,2026-03-05,-9.462555198825381,-8.73126110853507,2026-03-11
2026-03-04,True,7,0,96.6500015258789,79.06999969482422,97.22000122070312,80.12000274658203,2.207152332661415e-05,-0.005984762608294001,0.00015789170950563017,-0.013065523621595368,0.00011557374655760621,3.219474313731905e-05,0.0070807610133013675,0.013461972543535518,0.00020329622808951827,0.007581729812151217,0.021191512625820072,0.0006069719168759217,0.00799949977062031,0.20076268921874502,-0.00041776995846909415,-10.721222317575798,-8.687492825685592,,-8.753601142795283,-7.123324728693907,,0.00041776995846909415,,0.01128591328739111,3.657646751682838,3.159974704000404,-0.003305443462901181,-9.471150347429615,-9.337704795379715,2026-03-05,-9.462555198825381,-8.73126110853507,2026-03-11,-8.754496072149083,-8.561589277247982,2026-03-06,-9.515840329666393,-8.76217555897472,2026-03-12
2026-03-05,True,7,0,95.5199966430664,78.0,96.33000183105469,78.66000366210938,7.704273058056023e-05,-0.008444201277163155,0.000225732086819091,-0.008297762575565568,7.105573757417267e-05,0.00011585953991273926,-0.0001464387015975878,-0.003316405664338119,8.804127711101418e-05,-0.011760606941501273,-0.005198718663425271,0.00025275876256053724,-0.01362470553367956,0.20262678781092253,0.001864098592178287,-9.471150347429615,-8.712356550609364,-8.6281845142608,-8.396161718454106,-7.281270564240995,-6.780930742826264,0.001864098592178287,,0.055270597309488634,3.5967641652061304,3.051639887455893,-0.023486717185846828,-8.754496072149083,-8.561589277247982,2026-03-06,-9.515840329666393,-8.76217555897472,2026-03-12,-9.547508771823441,-8.54524727159811,2026-03-09,-9.711565710435586,-8.862932107884289,2026-03-13
2026-03-06,True,7,0,96.9800033569336,79.80000305175781,96.07499694824219,78.88999938964844,0.00015775047078883526,0.009375701605326256,0.0004075197516882621,0.011092982470123143,0.00014643663724558898,0.00020941679261575417,-0.0017172808647968867,0.005793490186064852,0.000191314999324865,0.015169191791390979,0.011345642680664585,0.0005362433595255799,0.022814716008749514,0.19498126359356396,-0.007645524217358535,-8.754496072149083,-8.55437520465077,-8.639877906940027,-7.805421156057365,-7.249719154682401,-6.85624774506701,0.007645524217358535,0.32895135959859834,0.22095416465441603,3.564166209940295,3.1675825304806504,-0.021321861612627835,-9.547508771823441,-8.54524727159811,2026-03-09,-9.711565710435586,-8.862932107884289,2026-03-13,-9.85927461043816,-8.138924173720342,2026-03-10,-9.811287479440347,-9.10279699055557,2026-03-16
2026-03-09,True,7,0,96.77999877929688,82.19999694824219,95.91000366210938,80.2699966430664,7.137886278852501e-05,0.00892670428040583,0.0007757235026663602,0.023516056845808837,0.00038880282181768286,0.0002291497718186012,-0.014589352565403009,-0.01109451636927744,0.0001944671562566901,-0.0020644575399080267,0.005872367624617406,0.0008102082041850149,0.02963172223778532,0.16328508381587092,-0.031696179777693345,-9.547508771823441,-8.537184111942356,-8.696300938084349,-7.16171441227186,-7.326745404821406,-6.908732451045115,0.031696179777693345,1.4464074583789306,0.9239451153838689,3.5339784928959737,3.3840512150658477,-0.03652260811294461,-9.85927461043816,-8.138924173720342,2026-03-10,-9.811287479440347,-9.10279699055557,2026-03-16,-10.41076672710848,-10.089359322597012,2026-03-11,-9.962174861479763,-9.794833047334008,2026-03-17
2026-03-10,True,7,0,97.8499984741211,84.11000061035156,98.29000091552734,84.97000122070312,5.2260244965856544e-05,-0.004537695501034679,0.0002573008964405591,-0.010529519035508712,8.60521508720083e-05,0.00011175449526720366,0.005991823534474035,0.015481953141093303,0.00029195111802886536,0.01099532949602633,0.03314300244560739,0.0013557595075500966,0.022970208294807115,0.15131020501709053,-0.011974878798780786,-9.85927461043816,-9.483452221004411,-8.71334165435699,-8.265264354654043,-7.916069227730981,-7.000564934562583,0.011974878798780786,0.5598116207518495,0.3555407990134067,3.5121422756138823,3.2386784521643803,0.019921186618159226,-10.41076672710848,-10.089359322597012,2026-03-11,-9.962174861479763,-9.794833047334008,2026-03-17,-9.77454379279404,-9.665005245989414,2026-03-12,-9.780254439030525,-8.430346516257057,2026-03-18
2026-03-11,True,7,0,97.55000305175781,81.80999755859375,97.5199966430664,81.94999694824219,3.010658235855909e-05,0.000358873900117033,0.00017913254685060785,-0.0015875591791630547,0.00011039545397904156,4.9421837615062705e-05,0.0019464330792800869,-0.003378227498035298,4.151900338704092e-05,-0.0030705798948664764,-0.02601620528036081,0.0008559754840404817,-0.02772601754772097,0.17596564266994438,0.024655437652854495,-10.41076672710848,-9.462555198825381,-8.737386647380488,-8.627384540948492,-7.904492375069692,-7.0574546660796225,0.024655437652854495,1.2329640660492285,0.7072370146102368,3.4691675081014224,3.2160719097767734,0.009268876911141533,-9.77454379279404,-9.665005245989414,2026-03-12,-9.780254439030525,-8.430346516257057,2026-03-18,-9.290824470268332,-9.059390027329034,2026-03-13,-9.710432515399795,-7.054898381769926,2026-03-19
2026-03-12,True,7,0,95.6500015258789,80.31999969482422,97.30000305175781,82.51000213623047,5.688130709894643e-05,-0.016946505649270832,0.0002420235021183937,-0.02652745081369785,0.00010176876090666963,9.856802415533523e-05,0.00958094516442702,-0.002566077796780523,6.346606235807642e-05,-0.01966938651416239,0.00852006832360337,0.00031461506635726324,-0.0183808035392925,0.17467705969507488,-0.0012885829748698896,-9.77454379279404,-9.515840329666393,-8.748539938116904,-8.32647572033135,-7.895703035318502,-7.079632754761231,0.0012885829748698896,0.06665242840379557,0.04180112665482423,3.4236109764990554,3.1875915159360004,0.001360097338480415,-9.290824470268332,-9.059390027329034,2026-03-13,-9.710432515399795,-7.054898381769926,2026-03-19,-10.062929871184515,-10.041841791145577,2026-03-16,-8.639733264897318,-6.930691536406448,2026-03-20
2026-03-13,True,7,0,94.37999725341797,76.30999755859375,96.12000274658203,79.88999938964844,9.226695754891343e-05,-0.018162310572200135,0.0009789023673790773,-0.04558461105500866,0.0005463794166408978,0.00026239495414354656,0.027422300482808526,0.00490172760378435,0.00011629389105061489,-0.013366554642067818,-0.005367971289868674,0.0010077174831479316,-0.0512146928356465,0.2125251978886532,0.037848138193578684,-9.290824470268332,-9.711565710435586,-8.764350414228804,-6.9290786472923385,-7.62803408978272,-7.078013150141119,0.037848138193578684,1.9829760334211217,1.0948763357033242,3.4368862240706624,3.3065203682683353,-0.027175649094978382,-10.062929871184515,-10.041841791145577,2026-03-16,-8.639733264897318,-6.930691536406448,2026-03-20,-11.186172198510297,-11.185362927176554,2026-03-17,-7.911760506224095,-6.683973179337239,2026-03-23
2026-03-16,True,7,0,94.33000183105469,76.91000366210938,94.47000122070312,76.91999816894531,4.263095731014121e-05,-0.0013770976647276018,0.00024307213868572728,0.0001300245218558687,0.00016199319379564428,6.185495110011211e-05,-0.0015071221865834697,0.0009531795057115385,4.3539508480249704e-05,-0.0005298651240055463,0.007961937607641799,0.0003064645891537081,0.007831995376204048,0.20416333738844347,-0.008361860500209595,-10.062929871184515,-9.811287479440347,-8.772845407587763,-8.322152291660567,-7.875112251299191,-7.097981379383255,0.008361860500209595,0.4344979886368926,0.2337759223768143,3.475376779836407,3.3028492782860717,-0.025641056679075902,-11.186172198510297,-11.185362927176554,2026-03-17,-7.911760506224095,-6.683973179337239,2026-03-23,-9.469847076623322,-7.066101572115322,2026-03-18,-7.825209509361535,-6.643433517323281,2026-03-24
2026-03-17,True,7,0,94.06999969482422,75.26000213623047,94.33999633789062,76.80999755859375,1.3864593489514542e-05,-0.002706619772156363,0.0001798702421944409,-0.020120329163964987,0.00013516740584443225,2.928371491976158e-05,0.017413709391808623,0.00010594696498938669,1.3875818248905003e-05,-0.002760109333196148,-0.001301146458892923,0.0001815632243019305,-0.021687141134513865,0.22309036918976155,0.018927031801317717,-11.186172198510297,-9.962174861479763,-9.295589974198805,-8.62327484372816,-7.91670925840316,-7.615614729812022,0.018927031801317717,0.9950627592862569,0.5517302708242565,3.4196919642983197,3.157425872287488,-0.03939649550829838,-9.469847076623322,-7.066101572115322,2026-03-18,-7.825209509361535,-6.643433517323281,2026-03-24,-9.467406915157069,-5.717296723000165,2026-03-19,-7.8172566144073015,-6.538129147661236,2026-03-25
2026-03-18,True,7,0,91.12000274658203,72.16999816894531,91.48500061035156,73.0,7.714320357970513e-05,-0.0037782519492528116,0.000216640568682124,-0.011157875178147305,6.277393803953624e-05,0.00011550491711114644,0.007379623228894494,-0.02786415165159309,0.000853554150842683,-0.03186183345832738,-0.030489372401572432,0.0011462423981238906,-0.041924391837192765,0.23315292756862685,0.010062558378865383,-9.469847076623322,-9.780254439030525,-9.27771688523193,-8.437270943234005,-7.896343182467187,-7.624207371765028,0.010062558378865383,0.6384550010034432,0.3031199537939246,3.331489969237335,3.107720813018059,-0.06818774907175928,-9.467406915157069,-5.717296723000165,2026-03-19,-7.8172566144073015,-6.538129147661236,2026-03-25,-7.302725616274242,-7.283080850234766,2026-03-20,-7.751129706569602,-7.01041431340809,2026-03-26
2026-03-19,True,7,0,87.37000274658203,68.9800033569336,86.0999984741211,64.95999908447266,7.733167530967065e-05,0.014585326627699952,0.0006231342277692677,0.06047977082817206,0.00041138693063432364,0.00014453948622230738,-0.04589444420047211,-0.05666795556988389,0.003288588863780005,-0.04202534353518139,-0.10525273995305783,0.011701273495395282,-0.045207765538759936,0.23633534957220578,0.0031824220035785444,-9.467406915157069,-9.710432515399795,-9.293369296767938,-7.380748608500421,-7.709994575764315,-7.646744924526092,0.0031824220035785444,0.20501238136610941,0.11032125993259755,3.3816747151732915,3.222469366459953,-0.09054370609277829,-7.302725616274242,-7.283080850234766,2026-03-20,-7.751129706569602,-7.01041431340809,2026-03-26,-6.917800320964502,-6.563521941282192,2026-03-23,-7.822014841012557,-7.003868665582239,2026-03-27
2026-03-20,True,7,0,84.69999694824219,64.63999938964844,87.69000244140625,67.8499984741211,0.0006737000227194668,-0.03463324222284209,0.0019893233672350005,-0.04893015677509601,0.0004719963354664816,0.001095513527243993,0.014296914552253927,0.003655889886377287,0.0006870655535807825,-0.031036440118406894,-0.016517292382136946,0.002262144314872,-0.0649832514034916,0.2702821608572896,0.0339468112850847,-7.302725616274242,-8.639733264897318,-9.042909605110031,-6.219960714529265,-7.3379105322294995,-7.5058139687550565,0.0339468112850847,2.176879780212481,1.0046744548901572,3.435598808379488,3.180550688349624,-0.10821359156911736,-6.917800320964502,-6.563521941282192,2026-03-23,-7.822014841012557,-7.003868665582239,2026-03-27,-8.625367586553992,-8.207432371059157,2026-03-24,-8.365622934601522,-7.28829748493292,2026-03-30
2026-03-23,True,7,0,82.77999877929688,65.61000061035156,82.9800033569336,64.33000183105469,0.000990005240946298,-0.002534019019519624,0.0024247015270015986,0.02000675274976755,0.0004544662688801489,0.001480120249533874,-0.022540771769287173,-0.020515910268357345,0.0014109078150855883,-0.022929094053576904,-0.004807290884146554,0.002447811572646397,0.014894727888988157,0.2324583389147253,-0.03782382194256506,-6.917800320964502,-7.911760506224095,-8.74335865252926,-6.022046843816684,-6.824578423353247,-7.332011318993844,0.03782382194256506,2.3540209280545414,1.0500306195448363,3.5624655292582776,3.2876553659032615,-0.13061282049868872,-8.625367586553992,-8.207432371059157,2026-03-24,-8.365622934601522,-7.28829748493292,2026-03-30,-9.281902533905846,-6.452367173269016,2026-03-25,-8.375845501772433,-7.2672124208524425,2026-03-31
2026-03-24,True,7,0,82.76000213623047,66.11000061035156,81.98500061035156,64.70999908447266,0.0001794942136382765,0.009891787101686624,0.0005723300031079754,0.022160371146737055,0.00030139733162829743,0.0002252134425589772,-0.012268584045050431,-0.00965016042772765,0.00027261980991915717,-0.0002415928845360682,-0.01381239773849168,0.0007631123343942655,0.007591897918342916,0.22462484811184613,-0.007833490802878984,-8.625367586553992,-7.825209509361535,-8.712363432137924,-7.465794804433301,-6.754840271919088,-7.328931668233336,0.007833490802878984,0.47035578143141227,0.20675794339001766,3.769537357131391,3.263849175923179,-0.12809430405002864,-9.281902533905846,-6.452367173269016,2026-03-25,-8.375845501772433,-7.2672124208524425,2026-03-31,-8.444929762616038,-7.4790482581504625,2026-03-26,-8.372339977246098,-7.762044787419322,2026-04-01
2026-03-25,True,7,0,85.2699966430664,68.48999786376953,86.01000213623047,69.37000274658203,9.309384068684328e-05,-0.008523647296915727,0.0001818813933257021,-0.012766818971020569,4.0351369897384e-05,0.00011731193205758068,0.004243171674104841,0.03851871471069242,0.0015767852236505558,0.029877774695976633,0.048134506412584044,0.0024988121009087965,0.035367687441563156,0.21913493536625944,-0.005489912745586523,-9.281902533905846,-7.8172566144073015,-8.705539973105978,-8.61215576835008,-6.7608242234476945,-7.335832934936299,0.005489912745586523,0.3307759365956398,0.14359497526560952,3.735285826928092,3.2939833256644473,-0.06635469589572462,-8.444929762616038,-7.4790482581504625,2026-03-26,-8.372339977246098,-7.762044787419322,2026-04-01,-7.549286809758009,-7.240856669623566,2026-03-27,-8.354196342468242,-7.395656720759294,2026-04-02
2026-03-26,True,7,0,82.08999633789062,63.84000015258789,83.69000244140625,65.25,0.00021498769530454252,-0.01905970606276378,0.0007580599901464112,-0.021846090671088017,0.00029262335780695095,0.0003402121638220014,0.0027863846083242376,-0.018703128168872218,0.0005647946986058039,-0.03800649163640646,-0.04846167181661093,0.003106593625407313,-0.07030776248769932,0.251436206217552,0.03230127085129286,-8.444929762616038,-7.751129706569602,-8.65887321338636,-7.184748032780153,-6.737793746751803,-7.304130495709131,0.03230127085129286,1.960492046293437,0.9403583701508643,3.654546775033431,3.2319894610015845,-0.06233584399694969,-7.549286809758009,-7.240856669623566,2026-03-27,-8.354196342468242,-7.395656720759294,2026-04-02,-8.807553334701977,-8.157575448691926,2026-03-30,-8.88118133067338,-7.642445607771654,2026-04-06
2026-03-27,True,7,0,84.94999694824219,66.66000366210938,83.2300033569336,64.52999877929688,0.0005264854775571619,0.020337253536621015,0.0018137719646856044,0.03262483613460458,0.0003942084317356257,0.0009730245052535705,-0.01228758259798357,0.013791738341952797,0.0007166975240500528,0.034246650444508475,0.01075025749920231,0.0019293400009847599,0.04322517228501166,0.242457684377049,-0.008978521840503184,-7.549286809758009,-7.822014841012557,-8.547222280485911,-6.312346643743763,-6.7678638009505985,-7.220007559689285,0.008978521840503184,0.5385891327500667,0.22671384751928522,3.808216836702557,3.3120018223204255,0.0029472465659656777,-8.807553334701977,-8.157575448691926,2026-03-30,-8.88118133067338,-7.642445607771654,2026-04-06,-8.693577116882226,-7.970685596717013,2026-03-31,-9.04798351345522,-7.749603917444392,2026-04-07
2026-03-30,True,7,0,84.93000030517578,66.69999694824219,85.94999694824219,67.75,0.00014959882679979969,-0.011758208875279026,0.00027047209007835597,-0.015169782538083494,5.489868271582797e-05,0.00018258611708116382,0.0034115736628044704,0.011702884128883102,0.0002865563237338637,-0.00023542080859506598,0.016219331943083795,0.0005335388187582943,0.0005997793513605743,0.24162248421709379,-0.0008352001599556402,-8.807553334701977,-8.365622934601522,-8.535153418609234,-8.215341644008983,-7.23722774766377,-7.25438908957362,0.0008352001599556402,0.049520043023693595,0.0014201136564427309,3.8179320820285505,3.4355987838081687,0.025640919810947516,-8.693577116882226,-7.970685596717013,2026-03-31,-9.04798351345522,-7.749603917444392,2026-04-07,-9.239370938955496,-8.447496081316709,2026-04-01,-9.167418871385356,-7.697982709814341,2026-04-08
2026-03-31,True,7,0,88.16000366210938,71.61000061035156,86.06999969482422,69.1500015258789,0.00016765921566695054,0.023765537373331008,0.0004996623176612983,0.03488687063495447,0.0001081677340002744,0.0002795768996639872,-0.011121333261623463,0.013333523730533162,0.0003454420707396415,0.0373259955587768,0.03607317300889739,0.0018009361285911416,0.07102983037403465,0.20791864940183552,-0.03370383481525785,-8.693577116882226,-8.375845501772433,-8.500874865384407,-7.601578052380943,-7.2576396863477965,-7.241457683928105,0.03370383481525785,2.051787335177347,0.9447512670376518,3.754433084853375,3.421326772896934,0.06320850825426039,-9.239370938955496,-8.447496081316709,2026-04-01,-9.167418871385356,-7.697982709814341,2026-04-08,-8.351040043392498,-6.498009819907676,2026-04-02,-9.300388927000597,-7.772858168140275,2026-04-09
2026-04-01,True,7,0,89.68000030517578,71.56999969482422,89.12000274658203,71.33999633789062,9.713867716534434e-05,0.005985150330873535,0.00021964058706551543,0.0027996180307304514,5.8122827413056226e-05,0.00012932821840890176,0.003185532300143083,0.010830420053935424,0.00021443667571003093,0.01709439522288836,-0.0037776089445613896,0.00023391091640354565,-0.000558750055633439,0.2255717946803579,0.017653145278521798,-9.239370938955496,-8.372339977246098,-8.491424372072894,-8.4235180427038,-7.24698135805075,-7.294857754758391,0.017653145278521798,1.0885678395114793,0.5082911123190913,3.660737148167656,3.228826155721369,0.05042512878117211,-8.351040043392498,-6.498009819907676,2026-04-02,-9.300388927000597,-7.772858168140275,2026-04-09,-10.023354254122054,-9.999987490200196,2026-04-06,-9.866651079235929,-8.964588048634024,2026-04-10
2026-04-02,True,7,0,87.94000244140625,69.11000061035156,86.54000091552734,66.72000122070312,0.00023615078360123213,0.01582054389301511,0.0005929602858624945,0.03533938788582792,0.00014549120641617222,0.00034180993152377716,-0.01951884399281281,-0.03564103679086815,0.0015064342871292493,-0.01959299065199982,-0.07017121114008663,0.005516959158729112,-0.03497654055158961,0.24095534457994683,0.015383549899589788,-8.351040043392498,-8.354196342468242,-8.588044175325416,-7.4303831327733345,-7.294445568587115,-7.3734230802955585,0.015383549899589788,1.0184161429267853,0.4550111787855929,3.5865698352893665,3.2003044765903175,0.06883862976557875,-10.023354254122054,-9.999987490200196,2026-04-06,-9.866651079235929,-8.964588048634024,2026-04-10,-10.058053343862275,-10.05774917160647,2026-04-07,-9.716080171640456,-8.864047277363207,2026-04-13
2026-04-06,True,7,0,87.61000061035156,69.41999816894531,87.8499984741211,69.16999816894531,4.435193348423696e-05,-0.002735643619005616,8.383684687322926e-05,0.0036077679164789895,5.534727152645121e-05,3.64207544155075e-05,-0.0063434115354846065,-0.001023994250878773,4.540049771006974e-05,-0.0037596378698845356,0.0008677692057906104,8.458987026774773e-05,0.004475537122269557,0.23272016958779293,-0.008235174992154093,-10.023354254122054,-8.88118133067338,-8.58262337945197,-9.386637946958157,-8.006424292734549,-7.378800016950833,0.008235174992154093,0.5658665998409973,0.2113158337251755,3.6336309798834576,3.1726224755092383,0.03083234145118574,-10.058053343862275,-10.05774917160647,2026-04-07,-9.716080171640456,-8.864047277363207,2026-04-13,-9.19597185064377,-7.685188619929143,2026-04-08,-9.69324229921858,-8.750901934195985,2026-04-14
2026-04-07,True,7,0,88.45999908447266,69.25,87.62000274658203,68.61000061035156,4.2839356056341516e-05,0.009597638436555892,0.0005195933922781051,0.0102951548462293,0.0003538316591012817,0.00010430054461658242,-0.0006975164096734085,0.00011416008731061274,4.285238858187628e-05,0.009655308445600141,-0.01173667845841211,0.00065734301351426,-0.002451838989720123,0.2448273170231133,0.012107147435320265,-10.058053343862275,-9.04798351345522,-8.590957132823291,-7.5624639901884425,-7.867113530024361,-7.35763166269569,0.012107147435320265,0.8373520587547205,0.36649717754891925,3.6119984097779785,3.185112197871947,0.04072307070538095,-9.19597185064377,-7.685188619929143,2026-04-08,-9.69324229921858,-8.750901934195985,2026-04-14,-10.344970352312567,-9.888206934262396,2026-04-09,-9.866473882963039,-9.411564313729105,2026-04-15
2026-04-08,True,7,0,89.04000091552734,70.91999816894531,90.1500015258789,73.25,0.00010144722447235656,-0.012501588700889726,0.0005451296517507585,-0.03246672893680243,0.00019175518513116452,0.00022741084554597527,0.019965140235912702,0.01892450448476508,0.0004595840944662502,0.0065352551589308305,0.05615510282972874,0.0036985252255681677,0.02382931031996538,0.2275332618620794,-0.01729405516103455,-9.19597185064377,-9.167418871385356,-8.604828674057634,-7.5144868984724535,-7.843656667026755,-7.347870881467614,0.01729405516103455,1.1609316736426316,0.4670880879785598,3.6224725219163374,3.249599024145855,0.009932330305534975,-10.344970352312567,-9.888206934262396,2026-04-09,-9.866473882963039,-9.411564313729105,2026-04-15,-10.16256365320134,-10.109662128611996,2026-04-10,-9.911805140309069,-9.447068070629099,2026-04-16
2026-04-09,True,7,0,89.72000122070312,71.83999633789062,89.42500305175781,71.0,3.215410758460031e-05,0.003293403986173204,0.00022001165752601247,0.011970369203056053,0.0001046499715723139,7.375789676914945e-05,-0.008676965216882847,0.004314602022038921,5.076989819318266e-05,0.007608006008211987,0.0011274216539027381,0.00022128273711170127,0.012888917630619723,0.22225235023967146,-0.005280911622407736,-10.344970352312567,-9.300388927000597,-8.614607549114764,-8.421830024261165,-7.84346747531605,-7.387886267086632,0.005280911622407736,0.35286802894239283,0.13236278359196899,3.5325179989895132,3.0464254313831653,0.00044594109085860367,-10.16256365320134,-10.109662128611996,2026-04-10,-9.911805140309069,-9.447068070629099,2026-04-16,-9.355357692127496,-9.087967559025069,2026-04-13,-9.975428388942703,-9.142492983752682,2026-04-17
2026-04-10,True,7,0,89.55999755859375,72.61000061035156,89.8499984741211,72.55999755859375,3.8588214451655046e-05,-0.0031211571670699146,8.823458928370409e-05,0.0006888896378866522,1.3572013282551174e-05,5.662539522640398e-05,-0.0038100468049565668,0.001447872989349293,4.068455064494231e-05,-0.0017849587871578976,0.009972399142124447,0.00018768333393354852,0.010661288780011269,0.2098061026725026,-0.012446247567169166,-10.16256365320134,-9.866651079235929,-8.618038635863355,-9.335511503080115,-8.140946728847359,-7.400384938471252,0.012446247567169166,0.8567219943318096,0.33687772355446405,3.4550540544528663,2.969901501775917,0.018253972955700526,-9.355357692127496,-9.087967559025069,2026-04-13,-9.975428388942703,-9.142492983752682,2026-04-17,-9.907397434696808,-8.967109847311125,2026-04-14,-10.323952376264016,-9.255457188283714,2026-04-20
2026-04-13,True,7,0,89.20999908447266,71.77999877929688,89.0999984741211,70.56999969482422,8.650073109234828e-05,0.0013459260307655688,0.00034918465396959776,0.016443321638440693,0.00012524788807974683,0.00015521874849109958,-0.015097395607675125,-0.005149447119247739,0.00011301753672627712,-0.003915633807462626,-0.02849754110974565,0.0011612945032712413,-0.011496793084756263,0.21738726194979532,0.0075811592772936365,-9.355357692127496,-9.716080171640456,-8.603961394116203,-7.959909681214212,-7.973617390563228,-7.3878138454010225,0.0075811592772936365,0.5259609209315581,0.22786392339116757,3.4164143474670157,2.956471535796025,0.018097977018122435,-9.907397434696808,-8.967109847311125,2026-04-14,-10.323952376264016,-9.255457188283714,2026-04-20,-9.857007469092636,-9.473571827715597,2026-04-15,-9.825331375947055,-9.079220336567507,2026-04-21
2026-04-14,True,7,0,91.18000030517578,75.6500015258789,90.0,73.86000061035156,4.980488757382303e-05,0.012916205182585058,0.00038300501475463914,0.024144296550690503,0.00021193898319321765,0.00011043545956762225,-0.011228091368105445,0.00881653966718202,0.00012753625927681706,0.02184244746917141,0.02856554897475733,0.0011989956029838987,0.052511591691319914,0.18671811772764704,-0.030669144222148503,-9.907397434696808,-9.69324229921858,-8.605716991862703,-7.867462475515196,-8.05625202294851,-7.377510293512044,0.030669144222148503,2.124296078369544,0.8632911717997998,3.4011973816621555,2.9507349515162145,0.030285116041693705,-9.857007469092636,-9.473571827715597,2026-04-15,-9.825331375947055,-9.079220336567507,2026-04-21,-10.78747891768271,-10.217969970971946,2026-04-16,-9.941007975429127,-8.808054626706838,2026-04-22
2026-04-15,True,7,0,90.23999786376953,75.5,90.7300033569336,75.52999877929688,5.237886073649837e-05,-0.005526096970101419,0.00030976836619142184,-0.0005297433101835412,0.00015108762563906716,0.00010552980064442652,-0.0049963536599178775,-0.004947477951560313,7.68563988176738e-05,-0.010362814055272729,-0.001587548241082962,0.00031228867560918744,-0.0019848041496288715,0.17834010782200269,-0.008378009905643857,-9.857007469092636,-9.866473882963039,-8.615670947892035,-8.079685745616622,-8.216937290617011,-7.427385850039144,0.008378009905643857,0.573454442553848,0.2430876831179856,3.435276695315018,2.910174418435893,0.013387046827490146,-10.78747891768271,-10.217969970971946,2026-04-16,-9.941007975429127,-8.808054626706838,2026-04-22,-10.666822234187183,-8.616005992388864,2026-04-17,-9.897092981304286,-8.805090932413261,2026-04-23
2026-04-16,True,7,0,90.16000366210938,74.87000274658203,90.5999984741211,75.52999877929688,2.065653305927592e-05,-0.004646519829990996,0.00011478917056298584,-0.008910201534001995,4.2260231140120226e-05,4.6592736241070764e-05,0.004263681704010999,0.003981432130021109,3.650833486524035e-05,-0.0008868537275672495,0.00039725590854615655,0.00011494698281986067,-0.008379343327705513,0.18583259742214087,0.0074924896001382635,-10.78747891768271,-9.911805140309069,-8.62119722474066,-9.072413411603488,-8.298072284287324,-7.437238583763223,0.0074924896001382635,0.5358944319484624,0.20406923561370685,3.4001968813285717,2.899771886606976,0.004892187091710909,-10.666822234187183,-8.616005992388864,2026-04-17,-9.897092981304286,-8.805090932413261,2026-04-23,-10.92294047910571,-9.792671708192087,2026-04-20,-9.840008026711864,-9.016507197344017,2026-04-24
2026-04-17,True,7,0,91.33999633789062,77.31999969482422,91.30000305175781,77.58000183105469,2.330547528590683e-05,0.0005474450938321024,0.000280299987839011,-0.003357035220759032,0.00015437615492283383,7.461465410104203e-05,0.0039044803145911345,0.01256491067711334,0.00018118245560974362,0.01300285731427575,0.03555637268669573,0.0015445556264742132,0.03219933746593728,0.16663611727047944,-0.019196480151661532,-10.666822234187183,-9.975428388942703,-8.618819225108952,-8.17965014317915,-8.15460274330145,-7.429516872957905,0.019196480151661532,1.392535345098703,0.5518605991285823,3.3551534431607486,2.8870328863997474,0.019680003193144557,-10.92294047910571,-9.792671708192087,2026-04-20,-9.840008026711864,-9.016507197344017,2026-04-24,-8.766023868315694,-8.423494918405774,2026-04-21,-9.859243656357188,-9.070988533316957,2026-04-27
2026-04-20,True,7,0,90.56999969482422,75.79000091552734,90.77999877929688,76.36000061035156,1.8039613302747097e-05,-0.0022055252386438823,2.0661752337365953e-05,-0.007360673941644116,1.5829896317420506e-05,1.143573466134627e-05,0.0051551487030002344,-0.006149784082199932,5.585945756042676e-05,-0.008465738646335375,-0.012493643542584643,0.0001767528813065329,-0.01998628048948259,0.17815665911362683,0.011520541843147214,-10.92294047910571,-10.323952376264016,-8.633800399922185,-10.787226279991302,-8.4141635275673,-7.444640801296656,0.011520541843147214,0.8338004279023109,0.31474241529509733,3.3655702040190043,2.861057344039536,0.015129898354271809,-8.766023868315694,-8.423494918405774,2026-04-21,-9.859243656357188,-9.070988533316957,2026-04-27,-10.68657397304601,-8.276510944966292,2026-04-22,-10.621273011510873,-8.694755051802918,2026-04-28
2026-04-21,True,7,0,88.04000091552734,71.95999908447266,89.8499984741211,74.61000061035156,0.0001559423970917893,-0.02029356963111737,0.0008210419137626589,-0.036164158304376415,0.0003104777956812692,0.0003332532575865895,0.01587058867325905,-0.007981432770301633,0.00021964566615863412,-0.028331761960101787,-0.015691815239745725,0.001067274979280975,-0.051855973544121525,0.20168087069764723,0.02352421158401974,-8.766023868315694,-9.825331375947055,-8.613923547123765,-7.104936397728895,-8.081159311843956,-7.429369150575964,0.02352421158401974,1.7121628401841937,0.6656222562798844,3.3484995926617063,2.9375734038549357,-0.03504431107500139,-10.68657397304601,-8.276510944966292,2026-04-22,-10.621273011510873,-8.694755051802918,2026-04-28,-10.366583529173099,-10.158964840103295,2026-04-23,-10.42969309601449,-8.753556584360227,2026-04-29
2026-04-22,True,7,0,89.19000244140625,73.94999694824219,89.38999938964844,74.11000061035156,2.28496679365713e-05,-0.002239859220588991,1.4151771277960133e-05,-0.0024317805021095706,2.167850672450552e-05,7.661466245012957e-06,0.00019192128152057883,0.015217545214544942,0.00025442335029329094,0.0129776859939561,0.029440087839412668,0.0008808705432702937,0.02727875152934711,0.1873798051622557,-0.014301065535391011,-10.68657397304601,-9.941007975429127,-8.791787653158789,-11.165670763054795,-8.293294248857862,-7.593368283103542,0.014301065535391011,1.0537552594167932,0.39714935554686687,3.377928754722801,2.970414465569701,-0.01170381102577256,-10.366583529173099,-10.158964840103295,2026-04-23,-10.42969309601449,-8.753556584360227,2026-04-29,-10.175660446041272,-10.170293888110608,2026-04-24,-10.50320033077105,-8.408234375753258,2026-04-30
2026-04-23,True,7,0,88.33999633789062,71.83000183105469,88.94999694824219,72.26000213623047,3.146661142093487e-05,-0.006937985102776791,0.00016391113512580023,-0.006247047158517458,7.309053514787532e-05,6.114360569942988e-05,-0.0006909379442593335,-0.0026945732480542135,3.8727336410064306e-05,-0.00957598833754325,-0.023118392606348123,0.0006983712118270517,-0.029086906310740623,0.206890723135453,0.019510917973197373,-10.366583529173099,-9.897092981304286,-9.129626137113144,-8.716186135987734,-8.254777727995746,-7.821503956494825,0.019510917973197373,1.5248616029114455,0.5653493445130555,3.2991646560970036,2.9402195676561815,-0.02039294563574856,-10.175660446041272,-10.170293888110608,2026-04-24,-10.50320033077105,-8.408234375753258,2026-04-30,-11.253294995199022,-10.651014158378068,2026-04-27,-9.875940401804167,-8.278697517820014,2026-05-01
2026-04-24,True,7,0,88.75,72.27999877929688,88.37999725341797,71.73999786376953,3.808612764111546e-05,0.003952420054745323,0.00011962039174308451,0.007222312955867265,6.73022786314314e-05,4.520212037638428e-05,-0.003269892901121941,0.00045270391196377315,3.829106847302276e-05,0.004630463641858817,-0.0012537992514742803,0.00012119240430608198,0.006245207257282281,0.2052759795200301,-0.001614743615423464,-10.175660446041272,-9.840008026711864,-9.190748881953615,-9.031187231457016,-8.386702824310216,-7.874181014108972,0.001614743615423464,0.13346263447530038,0.022645162406579416,3.327550841493857,2.9606230687833737,-0.028765339308165494,-11.253294995199022,-10.651014158378068,2026-04-27,-9.875940401804167,-8.278697517820014,2026-05-01,-11.006654421019956,-7.637171026434711,2026-04-28,-9.560292637780703,-8.13514254668913,2026-05-04
2026-04-27,True,7,0,88.06999969482422,71.81999969482422,88.45999908447266,71.79000091552734,1.2964509203327923e-05,-0.004418512738343828,5.9455708300353576e-05,0.00027850478284327865,3.722064695325131e-05,1.7599785275215095e-05,-0.004697017521187107,-0.0032729662649640854,2.367681737492088e-05,-0.0076914790033075775,-0.006802245494250187,0.00010572625206440054,-0.006384464286734115,0.2039689648034566,-0.0013070147165734625,-11.253294995199022,-9.859243656357188,-9.227118094813108,-9.730278920928074,-8.35322153545833,-7.888916315624769,0.0013070147165734625,0.11218231616652087,0.014248154378446265,3.2534704696327,2.9290580913534825,-0.027991079665137697,-11.006654421019956,-7.637171026434711,2026-04-28,-9.560292637780703,-8.13514254668913,2026-05-04,-9.931835912890106,-8.484687888839911,2026-04-29,-9.534780228823392,-8.351450340991216,2026-05-05
2026-04-28,True,7,0,86.45999908447266,69.54000091552734,86.19000244140625,69.12999725341797,1.6590929609233245e-05,0.003243357104237841,5.9025313320025115e-05,0.0062009041617436915,2.8484802613106873e-05,2.3565720158075747e-05,-0.0029575470575058504,-0.021577759367046083,0.00048219062891137823,-0.018450080701759575,-0.0381742343222703,0.0015162974794116252,-0.0322608448035675,0.21777972890526456,0.013810764101807926,-11.006654421019956,-10.621273011510873,-9.323305405190606,-9.73754416674715,-9.393868288688411,-7.97748482412542,0.013810764101807926,1.186012863988797,0.4206714882055744,3.2335673736111907,2.891482277583281,-0.018109398406795485,-9.931835912890106,-8.484687888839911,2026-04-29,-9.534780228823392,-8.351450340991216,2026-05-05,-10.771070424608501,-7.91739551744104,2026-04-30,-9.565350674186798,-7.929579791429305,2026-05-06
2026-04-29,True,7,0,85.55000305175781,68.13999938964844,85.37999725341797,68.2249984741211,4.860248421203982e-05,0.0019891868495154653,0.00010038014428530026,-0.001540148114762968,6.769102114149945e-05,4.064580367792032e-05,0.0035293349642784343,-0.012570019489558177,0.00020660787417991222,-0.01058083264004317,-0.019091095516183876,0.00046485007229335636,-0.02033773646969017,0.22753663273491098,0.009756903829647001,-9.931835912890106,-10.42969309601449,-9.601958273448652,-9.206546136347603,-9.205566399986777,-8.234951446110806,0.009756903829647001,0.877638244900476,0.3191036794146146,3.2653776585196206,2.880882427596084,-0.041667917040794755,-10.771070424608501,-7.91739551744104,2026-04-30,-9.565350674186798,-7.929579791429305,2026-05-06,-8.754015333929043,-8.555347607699582,2026-05-01,-9.42506108837133,-8.035136468252418,2026-05-07
2026-04-30,True,7,0,86.8499984741211,70.02999877929688,87.1500015258789,70.02999877929688,2.0998271679404503e-05,-0.0036785843143157526,6.320152600742258e-05,-0.00014283665225821134,2.2469358889456017e-05,3.086521939868553e-05,-0.003535747662057541,0.018529753464265705,0.0003643500351258714,0.015081439107569317,0.027359300960776992,0.0008117328750697954,0.027359300960776878,0.2152587708817036,-0.012277861853207561,-10.771070424608501,-10.50320033077105,-9.692404354096848,-9.669182111415898,-9.429285041803896,-8.271120678898942,0.012277861853207561,1.1773511970556498,0.3019224653509248,3.323956301318708,2.934388614920721,-0.017010489595682188,-8.754015333929043,-8.555347607699582,2026-05-01,-9.42506108837133,-8.035136468252418,2026-05-07,-9.130209795069174,-8.423589488186607,2026-05-04,-9.88891576536011,-8.136239141996466,2026-05-08
2026-05-01,True,7,0,86.72000122070312,71.72000122070312,86.33999633789062,71.0,0.00015782632570108965,0.004391604055359271,0.0007290520299511707,0.01008978871601655,0.0002559796143050162,0.000315449370673622,-0.005698184660657279,-0.005889527405633688,0.00019251285876279993,-0.0014979233502740996,0.013756172805034873,0.0009182843201931516,0.023845961521051784,0.18991488601037723,-0.025343884871325884,-8.754015333929043,-9.875940401804167,-9.699668636004462,-7.223765456827322,-8.506139784161475,-8.231167736408748,0.025343884871325884,2.446920810117289,0.6917882351287665,3.2824138456721883,2.826721694682848,-0.023138876587815105,-9.130209795069174,-8.423589488186607,2026-05-04,-9.88891576536011,-8.136239141996466,2026-05-08,-10.56916905697981,-8.531424510386339,2026-05-05,-10.335547189123613,-8.28426878685158,2026-05-11
2026-05-04,True,7,0,84.97000122070312,69.27999877929688,85.80999755859375,69.76000213623047,0.00010834285291852604,-0.009601943992272514,0.000369429370240576,-0.006904563588962938,0.00015295160599061554,0.00016241030858424324,-0.002697380403309576,-0.010549030399982824,0.00021962489529828781,-0.02038628438597634,-0.02770885553403904,0.001137210045246822,-0.03461341912300142,0.2041420207474027,0.014227134737025082,-9.130209795069174,-9.560292637780703,-9.691395463846433,-7.903550985399313,-8.238737261373483,-8.205914782246158,0.014227134737025082,1.3325183648700063,0.42053154458317327,3.2744997286161976,2.8326249222122786,-0.035833681970483866,-10.56916905697981,-8.531424510386339,2026-05-05,-10.335547189123613,-8.28426878685158,2026-05-11,-10.185333325762786,-7.098883742017372,2026-05-06,-10.0764677872346,-8.316474205354668,2026-05-12
2026-05-05,True,7,0,85.69000244140625,69.2699966430664,86.08999633789062,70.13999938964844,2.569615837059207e-05,-0.004657056959539149,0.00012013197889219397,-0.012481372437194008,4.584790824680606e-05,4.9990114507989985e-05,0.007824315477654858,0.013094950749978353,0.0001971738935149507,0.0084378937904388,0.012336989375796933,0.0002723332857507204,-0.00014438306139741286,0.2127242975992392,0.008582276851836212,-10.56916905697981,-9.534780228823392,-9.859528717621638,-9.02691959544405,-8.193520340445756,-8.287901963798017,0.008582276851836212,0.7890398667904672,0.2739601252980503,3.329343277894172,2.9063545124589427,-0.008945707478285492,-10.185333325762786,-7.098883742017372,2026-05-06,-10.0764677872346,-8.316474205354668,2026-05-12,-9.51417181852588,-8.600229614083538,2026-05-07,-10.162633284694328,-9.320323751988614,2026-05-13
2026-05-06,True,7,0,88.30000305175781,73.69000244140625,88.12999725341797,73.0999984741211,3.771950113503358e-05,0.0018138953365897563,9.742700470212545e-05,0.007767289958024899,2.503517389058701e-05,5.5055665973286006e-05,-0.005953394621435144,0.02807680477427619,0.0008260264674678517,0.030003980998984936,0.053816482308942835,0.0029936407728108827,0.06185527433674132,0.18087300426148262,-0.03185129333775638,-10.185333325762786,-9.565350674186798,-9.865315605461157,-9.236407130075396,-8.19565918391938,-8.28544918047286,0.03185129333775638,2.9860707734510106,0.8771477185240139,3.281287084989598,2.855320071549938,0.031639106160742614,-9.51417181852588,-8.600229614083538,2026-05-07,-10.162633284694328,-9.320323751988614,2026-05-13,-11.722094455290842,-10.210241940561012,2026-05-08,-10.523930715170234,-9.793169118941105,2026-05-14
2026-05-07,True,7,0,88.45999908447266,75.25,89.23210144042969,77.0,7.379852459274765e-05,-0.008916472868801022,0.0005467702673929444,-0.023388252583055137,0.00023144610636097854,0.00019456134281235676,0.014471779714254118,0.010500714292115736,0.00018406352523739133,0.0018103199194037245,0.043938283944009005,0.002477343063337304,0.020948765719310813,0.161734558461576,-0.01913844579990709,-9.51417181852588,-9.42506108837133,-9.838585453405917,-7.51148183024588,-7.895106741473661,-8.280562205984944,0.01913844579990709,1.805200177927554,0.5455158198885696,3.271088696315135,2.8558952932683437,0.01836798697257702,-11.722094455290842,-10.210241940561012,2026-05-08,-10.523930715170234,-9.793169118941105,2026-05-14,-10.984305116000762,-10.912408999342162,2026-05-11,-10.39977577217422,-8.771138044906095,2026-05-15
2026-05-08,True,7,0,88.87000274658203,76.73999786376953,88.93499755859375,77.01000213623047,8.112581292875454e-06,-0.0007310797198622023,5.7113757900461533e-05,-0.0035773757097331584,2.710494012600908e-05,1.9060699533663953e-05,0.0028462959898709565,0.005355276285299366,3.679156538476523e-05,0.004624196565437444,0.023119407661823504,0.0005916207685340448,0.019607153352572126,0.14675160167444148,-0.014982956787134682,-11.722094455290842,-9.88891576536011,-9.921442911438222,-9.770465526358594,-8.342507061168813,-8.372174830270191,0.014982956787134682,1.4495680121233263,0.4486695777905303,3.2969473602883563,2.8379081838935654,0.024490106888288565,-10.984305116000762,-10.912408999342162,2026-05-11,-10.39977577217422,-8.771138044906095,2026-05-15,-9.515615591509189,-8.758188349029604,2026-05-12,-10.128270646315366,-8.672751224953972,2026-05-18
2026-05-11,True,7,0,89.05999755859375,81.91000366210938,88.97000122070312,80.95999908447266,1.696589991070107e-05,0.0008987960287645314,0.00022550602319458508,0.011787944708691104,0.00015623324402772354,4.31193395387813e-05,-0.010889148679926573,0.001124589321067552,1.8230601051760246e-05,0.002135613824506777,0.053532137249207086,0.0030911957416625297,0.06519807125489319,0.08368914424405484,-0.06306245743038641,-10.984305116000762,-10.335547189123613,-9.935600274196423,-8.397163688980985,-8.471312940672334,-8.371095262866314,0.06306245743038641,6.3267791813066605,1.8478520583115474,3.2763897310688073,2.8443278504626814,0.04701200509877168,-9.515615591509189,-8.758188349029604,2026-05-12,-10.128270646315366,-8.672751224953972,2026-05-18,-10.802008162468036,-9.870638362514175,2026-05-13,-10.435351540338353,-8.580409513817907,2026-05-19
2026-05-12,True,7,0,88.70999908447266,82.54000091552734,88.25,80.30999755859375,7.369205315551952e-05,0.005198916398636753,0.0006373334886879084,0.027146531722216986,0.0003252735255464919,0.00019287600814846804,-0.021947615323580232,-0.009136576667099647,0.0001571690863493092,-0.0039376602684626505,-0.019727012435859496,0.0010264885083324637,0.007661907179907779,0.07208957679568406,-0.01159956744837043,-9.515615591509189,-10.0764677872346,-9.903177603373424,-7.358217509263889,-8.06985029952756,-8.268690150953937,0.01159956744837043,1.1502400045869394,0.4416076511468351,3.3134584673541485,2.9112630712673986,0.03463645103987023,-10.802008162468036,-9.870638362514175,2026-05-13,-10.435351540338353,-8.580409513817907,2026-05-19,-11.087827023244186,-11.087827023244186,2026-05-14,-10.261861480925184,-8.581595010811391,2026-05-20
2026-05-13,True,7,0,88.19000244140625,83.38999938964844,88.21499633789062,82.63999938964844,2.0358578999242137e-05,-0.00017004665425707308,0.00034924582866998407,0.008974645266708155,0.00025093199014168005,5.933620876377305e-05,-0.009144691920965228,-0.005595637145469206,5.16697340629969e-05,-0.005879006628472183,0.0012107820093567349,0.000350711821744166,0.01024535536329374,0.055965214803918494,-0.016124361991765923,-10.802008162468036,-10.162633284694328,-9.965170668331703,-7.959734503577888,-7.920573780407016,-8.268679306858763,0.016124361991765923,1.49798198404835,0.5850587826551422,3.3017453026904953,2.8898160352397158,-0.0012465365875868883,-11.087827023244186,-11.087827023244186,2026-05-14,-10.261861480925184,-8.581595010811391,2026-05-20,-10.561939791058956,-7.536299412176765,2026-05-15,-10.097828323772937,-8.44869584323468,2026-05-21
2026-05-14,True,7,0,87.54000091552734,79.36000061035156,88.19000244140625,81.22000122070312,1.5297410025961273e-05,-0.007512027785334919,0.00021780128309247838,-0.023041039580168107,0.00017930265516853718,2.689801897495124e-05,0.015529011794833188,0.0,1.5297410025961273e-05,-0.007397763362432919,-0.02636685349191287,0.0009130122461564763,-0.049533920112112995,0.09810137155359866,0.042136156749680076,-11.087827023244186,-10.523930715170234,-9.999106412696198,-8.431927456332728,-8.120432267350884,-8.298401237587393,0.042136156749680076,3.821446225812478,1.052473008799746,3.279406324608233,2.8831233761345922,-0.010454619869423531,-10.561939791058956,-7.536299412176765,2026-05-15,-10.097828323772937,-8.44869584323468,2026-05-21,-9.649749274907359,-9.22613014143914,2026-05-18,-9.953428125843274,-9.006220500337532,2026-05-22
2026-05-15,True,7,0,85.51000213623047,72.54000091552734,85.58999633789062,73.25,2.5882595823590207e-05,-0.0009350579567740645,0.00022504625592373206,-0.009740101421420348,0.00011285223159507987,6.903831007612119e-05,0.008805043464646283,-0.022527431114270455,0.0005333677484317908,-0.023462489071044423,-0.08011622277036248,0.006643655406914081,-0.08985632419178291,0.1644952066743372,0.06639383512073849,-10.561939791058956,-10.39977577217422,-10.025968432928737,-8.39920459500566,-8.013432739561484,-8.313993363665576,0.06639383512073849,6.058519003019884,1.776509168494273,3.2499868198932536,2.8483916989161067,-0.0385413055059054,-9.649749274907359,-9.22613014143914,2026-05-18,-9.953428125843274,-9.006220500337532,2026-05-22,-10.775909603269152,-8.334988036868852,2026-05-19,-10.183642424480604,-9.135251743945728,2026-05-26
2026-05-18,True,7,0,85.76000213623047,73.51000213623047,86.01000213623047,73.75,6.444172216578232e-05,-0.003027507354339388,0.0002685789641845521,-0.003531681747464925,8.248333755362567e-05,0.00012526867439835438,0.0005041743931255352,0.005830240250295663,9.843342354194995e-05,0.0029193690818019036,0.01654284874417295,0.0005422448087571367,0.013283333970646183,0.15413124178549317,-0.01036396488884428,-9.649749274907359,-10.128270646315366,-9.9819599945427,-8.222365593455244,-7.987738675642112,-8.28586758697263,0.01036396488884428,0.9526428398668025,0.2985888772739262,3.271088696315135,2.913979788240374,-0.03775755024861027,-10.775909603269152,-8.334988036868852,2026-05-19,-10.183642424480604,-9.135251743945728,2026-05-26,-9.940477329065827,-9.892398868719582,2026-05-20,-9.83452620820518,-8.573180765404187,2026-05-27
2026-05-19,True,7,0,84.31999969482422,70.27999877929688,84.5,70.01000213623047,2.089690276015683e-05,-0.00219172028520464,0.00012978626190046123,0.004418129534781769,9.768409152423088e-05,2.6499536568193585e-05,-0.00660984981998641,-0.014801187868767208,0.00023997206508669837,-0.01693364105810069,-0.04878336094407738,0.002509602566900595,-0.044934234496645686,0.1821318352240381,0.028000593438544996,-10.775909603269152,-10.435351540338353,-9.984331160667805,-8.949621599816117,-8.342854585612889,-8.313385900834726,0.028000593438544996,2.5541279502863317,0.7589944391144062,3.265759410767051,2.8803214049171983,-0.05075353103824831,-9.940477329065827,-9.892398868719582,2026-05-20,-9.83452620820518,-8.573180765404187,2026-05-27,-9.977375280758968,-8.814474331167517,2026-05-21,-9.681359458281083,-8.503268746841245,2026-05-28
2026-05-20,True,7,0,85.52999877929688,72.23999786376953,84.44999694824219,71.22000122070312,4.818429937568829e-05,0.012590620346640808,0.0001819053657435301,0.014220184547909102,0.00013118934704832628,4.945015903544605e-05,-0.0016295642012682937,0.0015405259431538747,5.055751955721842e-05,0.014248096146673994,0.013286449039767008,0.0003584350938298557,0.027506633587676355,0.16887329778303561,-0.01325853744100236,-9.940477329065827,-10.261861480925184,-9.955052266508783,-8.61202397456009,-8.494338236191906,-8.283934465176749,0.01325853744100236,1.2225808371542932,0.3467328664054058,3.282038399825841,2.8936995184175425,-0.030626428263102135,-9.977375280758968,-8.814474331167517,2026-05-21,-9.681359458281083,-8.503268746841245,2026-05-28,-9.75748829951697,-9.488830901326594,2026-05-22,-9.444407478539171,-8.477522535181453,2026-05-29
2026-05-21,True,7,0,85.43000030517578,72.95999908447266,84.66999816894531,71.02999877929688,4.643879816579515e-05,0.008936004707352278,0.00022663531445577009,0.026260618876024235,7.787555230918951e-05,9.759928015618787e-05,-0.017324614168671957,-0.010105851292061669,0.00014856702850305964,-0.0011698465847089778,-0.016891573713454698,0.0005119605769728438,0.009917453680296617,0.15778599751802974,-0.011087300265005595,-9.977375280758968,-10.097828323772937,-10.06577890782828,-8.392168376606612,-8.485740879880835,-8.397087766716874,0.011087300265005595,1.0003126497490407,0.30716801403903865,3.2256528091472245,2.858766449103403,-0.024398511485378194,-9.75748829951697,-9.488830901326594,2026-05-22,-9.444407478539171,-8.477522535181453,2026-05-29,-11.072292156793429,-10.6291295715838,2026-05-26,-9.531168694599065,-8.258891512575381,2026-06-01
2026-05-22,True,7,0,84.80999755859375,71.81999969482422,85.06999969482422,72.36000061035156,5.785976618238685e-05,-0.0031199364780828192,0.00031155162974113546,-0.0073514273838117955,0.00010547608373668632,0.000131967656093418,0.004231490905728976,-0.004222887335315308,7.569254362915328e-05,-0.007283899148924355,-0.008257664255704915,0.00037974064870108205,-0.01574834866896868,0.1662504470380736,0.008464449520044326,-9.75748829951697,-9.953428125843274,-10.029027167934286,-8.073945487913626,-8.405242655298004,-8.338874133289622,0.008464449520044326,0.7988224996907559,0.22124255896495082,3.202339856228101,2.818995108710371,-0.008219921563258126,-11.072292156793429,-10.6291295715838,2026-05-26,-9.531168694599065,-8.258891512575381,2026-06-01,-9.212052579255616,-7.343886150859288,2026-05-27,-9.492374996934037,-8.216531807091817,2026-06-02
2026-05-26,True,7,0,84.80999755859375,73.22000122070312,85.05999755859375,72.52999877929688,1.55369087213406e-05,-0.0029434295364860145,9.77801952349218e-05,0.009877995352176643,5.592063063679742e-05,2.8698236659732496e-05,-0.012821424888662659,0.0029434295364860253,2.420068615759894e-05,0.0,0.009837267996239438,0.0001945520368647585,0.019305639815045517,0.14694480722302777,-0.019305639815045517,-11.072292156793429,-10.183642424480604,-10.0455820478458,-9.232788504140355,-8.57095398328299,-8.351528898303656,0.019305639815045517,1.7918076261599247,0.5398836811557411,3.17220341666977,2.8154087651077058,-0.01113929064506003,-9.212052579255616,-7.343886150859288,2026-05-27,-9.492374996934037,-8.216531807091817,2026-06-02,-9.288102669604296,-9.036147803511358,2026-05-28,-9.759355689307466,-8.748874370726137,2026-06-03
2026-05-27,True,7,0,83.7300033569336,70.93000030517578,82.8499984741211,70.30000305175781,9.982892577112097e-05,0.010565650853498719,0.00017454391594835326,0.009062641533448395,1.9778682259059245e-05,0.00012729707973020753,0.0015030093200503244,-0.023381706131630788,0.0006465331073970618,-0.012816055278132232,-0.04069678213669365,0.0018307719922298607,-0.03177514484731869,0.16590389679221543,0.01895908956918646,-9.212052579255616,-9.83452620820518,-9.982888950965283,-8.653334180658895,-8.524805671837628,-8.341007536779502,0.01895908956918646,1.7655883644396229,0.496833681255537,3.18924101973851,2.8338014198634927,-0.0070217048650915714,-9.288102669604296,-9.036147803511358,2026-05-28,-9.759355689307466,-8.748874370726137,2026-06-03,-8.948666164877546,-8.650648967447935,2026-05-29,-9.948735694607794,-8.627460893995787,2026-06-04
2026-05-28,True,7,0,84.58999633789062,71.83000183105469,83.30000305175781,69.97000122070312,9.251843189150732e-05,0.015367427214915984,0.00034613643045170806,0.026235645374315046,0.00010066268096958867,0.00016899609068681337,-0.010868218159399062,-0.005148790500158826,0.0001190284755060331,0.010218636714757423,-0.013626883312589539,0.0005318283792666393,0.01260876206172501,0.16351377144524676,-0.0023901253469675865,-9.288102669604296,-9.681359458281083,-9.907504772168437,-7.968677552961491,-8.371667469117352,-8.287817762303245,0.0023901253469675865,0.22469803903033458,0.06080618538134685,3.19744787745458,2.7905514788157535,-0.011051164297008143,-8.948666164877546,-8.650648967447935,2026-05-29,-9.948735694607794,-8.627460893995787,2026-06-04,-10.59746266171571,-8.016557762681034,2026-06-01,-9.827187011633571,-8.363598561108297,2026-06-05
2026-05-29,True,7,0,85.48999786376953,71.79000091552734,85.16000366210938,72.0999984741211,0.000129910323486577,0.004101470122121788,0.00045581340164730575,-0.004308819786289234,0.00024107972167639356,0.0001723220017287445,0.008410289908411021,0.006715870004511213,0.00017501323340407044,0.010583372026607307,0.003751781549320871,0.00046988926644113025,-0.000557038236967955,0.17465418170882277,0.011140410263575262,-8.948666164877546,-9.444407478539171,-9.809079170685841,-7.693427039111688,-8.190897147757648,-8.21857616304823,0.011140410263575262,1.034224443600314,0.3163639396078536,3.2120525995200753,2.756205228447844,0.0007020543143081426,-10.59746266171571,-8.016557762681034,2026-06-01,-9.827187011633571,-8.363598561108297,2026-06-05,-10.418093892689614,-9.430697654489279,2026-06-02,-9.80816754286516,-8.650804210395899,2026-06-08
2026-06-01,True,7,0,84.2699966430664,71.0999984741211,84.01000213623047,70.94000244140625,2.497931035046741e-05,0.0031494144210303344,9.891067392131482e-05,0.002532751488784706,2.6632353855698346e-05,4.8628815208041936e-05,0.0006166629322456284,-0.01746352024502434,0.0003299538496988424,-0.014373495101258627,-0.011910719580683075,0.000240775914850982,-0.00965788799307532,0.1699385746006391,-0.004715607108183306,-10.59746266171571,-9.531168694599065,-9.828813516458682,-9.221293398755655,-8.357471245208858,-8.218823947603207,0.004715607108183306,0.4206106084457846,0.10026055541123279,3.215269329274089,2.729159144392355,-0.0063875416380261285,-10.418093892689614,-9.430697654489279,2026-06-02,-9.80816754286516,-8.650804210395899,2026-06-08,-11.37627767488011,-9.327096681431733,2026-06-03,-9.522035918829337,-8.604213060126508,2026-06-09
2026-06-02,True,7,0,84.41999816894531,71.44000244140625,84.87000274658203,72.19000244140625,2.9886792645672048e-05,-0.005316387679278686,0.00013073032329269824,-0.010583612530987347,3.9426704745981135e-05,6.059520559619459e-05,0.005267224851708661,0.007094816395001325,8.022321232445165e-05,0.0017784287157223133,0.015214250622074637,0.0003622037452839967,0.004770655394293222,0.16694634792206886,-0.0029922266785709084,-10.418093892689614,-9.492374996934037,-9.821342443778452,-8.94237395741339,-8.329772370280017,-8.207500075536357,0.0029922266785709084,0.26889670044674086,0.06385792008982273,3.2441536320524693,2.7757088020408553,-0.004609112922303815,-11.37627767488011,-9.327096681431733,2026-06-03,-9.522035918829337,-8.604213060126508,2026-06-09,-10.06132562892578,-8.41543179936863,2026-06-04,-9.224000341408715,-8.023144848573402,2026-06-10
2026-06-03,True,7,0,83.58999633789062,69.56999969482422,83.68000030517578,70.41000366210938,1.1464242954062673e-05,-0.0010761520628641808,4.7376869872736696e-05,-0.012001914993302087,4.6614314469844836e-05,6.113399178477271e-06,0.010925762930437906,-0.0088043147009806,8.898020030796579e-05,-0.009880466763844353,-0.01452262020021104,0.00025828336735231447,-0.02652453519351372,0.18359041635173748,0.016644068429669368,-11.37627767488011,-9.759355689307466,-9.95209299764889,-9.95737642573137,-8.441188441468064,-8.328160378842353,0.016644068429669368,1.4910870281436246,0.4816450622499654,3.1962211343033946,2.7581094300024462,-0.0016735244080159362,-10.06132562892578,-8.41543179936863,2026-06-04,-9.224000341408715,-8.023144848573402,2026-06-10,-8.735399107384865,-7.716454722454588,2026-06-05,-8.801165999267203,-7.972142499155531,2026-06-11
2026-06-04,True,7,0,84.27999877929688,70.37999725341797,84.71499633789062,70.93000030517578,4.2699402580106464e-05,-0.005385356477774004,0.00011410502146093544,-0.007784386648086094,2.4899205849670744e-05,6.595260909568557e-05,0.00239903017031209,0.013368786480798775,0.00022142385454929455,0.008220722551400605,0.019360043967538102,0.0004889163238859439,0.011575657319452759,0.18023548158368533,-0.0033549347680521535,-10.06132562892578,-9.948735694607794,-10.01678948729206,-9.07839129276633,-8.683322996763081,-8.377385744876442,0.0033549347680521535,0.3127378713547607,0.0426953704547479,3.1982648709640764,2.776331675264716,-0.0036714385713727538,-8.735399107384865,-7.716454722454588,2026-06-05,-8.801165999267203,-7.972142499155531,2026-06-11,-10.408984407512115,-10.155389262639208,2026-06-08,-8.870002536898088,-8.187171848679995,2026-06-12
2026-06-05,True,7,0,81.22000122070312,64.68000030517578,82.87000274658203,67.33999633789062,0.0001607919752888376,-0.020173233924392547,0.0007856366554159077,-0.039993205011512656,0.00031485904122681896,0.0003157847947389632,0.019819971087120105,-0.01687142644787631,0.00044543700567493787,-0.036983037164348254,-0.04415473351785405,0.002735277147448612,-0.08445705344125543,0.2277094978605931,0.04747401627690717,-8.735399107384865,-9.827187011633571,-9.887914044967802,-7.149016142878219,-8.354428679707189,-8.253826818591506,0.04747401627690717,4.541743701974812,1.3858489918701138,3.1726224403507386,2.7343674846488217,-0.051237847762328315,-10.408984407512115,-10.155389262639208,2026-06-08,-8.870002536898088,-8.187171848679995,2026-06-12,-9.019833262276391,-9.011884958344965,2026-06-09,-8.875523088629144,-7.599914616799583,2026-06-15
2026-06-08,True,7,0,81.37999725341797,64.69000244140625,81.45999908447266,65.16999816894531,3.0160289757934012e-05,-0.0009825821578291621,0.00016122091080641903,-0.00692892063616647,6.453141550983419e-05,6.342489252725942e-05,0.005946338478337308,0.002950553693546508,3.8866056856434955e-05,0.001967971535717261,0.007547172820553557,0.00021818072838972137,0.00015462836883450848,0.22952284102747622,0.0018133431668827527,-10.408984407512115,-9.80816754286516,-9.894702854956696,-8.732735016661813,-8.302832270057584,-8.242746819033883,0.0018133431668827527,0.16451716907149694,0.22088445526248868,3.363495514478144,3.0685179539203564,-0.03489638112535243,-9.019833262276391,-9.011884958344965,2026-06-09,-8.875523088629144,-7.599914616799583,2026-06-15,-8.884073698782634,-7.116923063536068,2026-06-10,-8.992305097219083,-7.62737674108313,2026-06-16
2026-06-09,True,7,0,80.06999969482422,61.97999954223633,81.45999908447266,64.95999908447266,0.00012098629753694414,-0.017085933109003092,0.000911213816444616,-0.04663729671462157,0.00045126170141497493,0.00029046920628329265,0.029551363605618483,0.0009825821578291942,0.00012195176523382841,-0.016228260550276374,0.004165013963732718,0.0009285611577627045,-0.04279492282204611,0.25608950329924546,0.026566662271769736,-9.019833262276391,-9.522035918829337,-9.85305932912355,-7.0007329830351335,-7.814316855945564,-8.181699942289876,0.026566662271769736,2.392670236923479,0.9460138474617273,3.3021134234382563,2.9402195676561815,-0.052903070391351115,-8.884073698782634,-7.116923063536068,2026-06-10,-8.992305097219083,-7.62737674108313,2026-06-16,-8.10418968650193,-8.088070563481374,2026-06-11,-8.508924698684586,-7.752365161626483,2026-06-17
2026-06-10,True,7,0,76.79000091552734,60.61000061035156,78.0199966430664,61.18000030517578,0.00013857848712795973,-0.015890725786998204,0.0004700648670499288,-0.009855507886429542,0.00017820891005584284,0.00021521722206102275,-0.006035217900568664,-0.02593608722124829,0.0008112591074761586,-0.041826813008246866,-0.012991401263014816,0.0006388413738265918,-0.02235183894059478,0.23661452923159357,-0.019474974067652084,-8.884073698782634,-9.224000341408715,-9.746204577230241,-7.662639857783515,-7.624277019962074,-8.1167522747897,0.019474974067652084,1.6869445427038372,0.28615708866960204,3.3336320621663895,2.9892110987999296,-0.08484941663575363,-8.10418968650193,-8.088070563481374,2026-06-11,-8.508924698684586,-7.752365161626483,2026-06-17,-9.108542043757053,-9.099344650276839,2026-06-12,-8.780113976804504,-7.847667216996267,2026-06-18
2026-06-11,True,7,0,79.12999725341797,63.93000030517578,76.62000274658203,60.38999938964844,0.0003022700646156159,0.03236025312567126,0.0008651258300079092,0.05696522133925024,0.00021343188545375511,0.00047698200458488497,-0.024604968213578986,-0.002216260145628373,0.0003071818736487166,0.03001759964642403,-0.003636387820361753,0.0008783491463879845,0.053328833518888175,0.2133032953591294,-0.023311233872464143,-8.10418968650193,-8.801165999267203,-9.546027003113856,-7.052635593394633,-7.3561502015891085,-8.023808326804192,0.023311233872464143,1.969143396857749,0.4360465281187482,3.471345141564237,3.1009927533093453,-0.0630525395407302,-9.108542043757053,-9.099344650276839,2026-06-12,-8.780113976804504,-7.847667216996267,2026-06-18,-10.546260115172892,-6.767698538273346,2026-06-15,-8.926677408780956,-7.874149857918591,2026-06-22
2026-06-12,True,7,0,79.19000244140625,64.43000030517578,79.05000305175781,63.630001068115234,0.00011071601662490477,0.0018956580271915378,0.000405770037549937,0.01264952216422869,0.00010581269621137075,0.00020533667898173547,-0.01075386413703715,-0.0010114326504653474,0.00011173901263133213,0.0007580241406923705,-0.004703665521180895,0.00042789450688508296,0.00779062833487032,0.20627069116495086,-0.007032604194177949,-9.108542043757053,-8.870002536898088,-9.522757644941585,-7.809723968808794,-7.482801088121217,-8.056468293122308,0.007032604194177949,0.588622266428634,0.05367986184530112,3.3439213138424253,2.9673328265043923,-0.025311478235689577,-10.546260115172892,-6.767698538273346,2026-06-15,-8.926677408780956,-7.874149857918591,2026-06-22,-10.032246930723735,-9.823500293988852,2026-06-16,-8.911979503312063,-8.413378246205983,2026-06-23
2026-06-15,True,7,0,81.26000213623047,66.69000244140625,81.88999938964844,67.58999633789062,2.6291624878675293e-05,-0.007599972369611838,7.653170217511768e-05,-0.013404935678536154,3.159512034115753e-05,3.5614103356317735e-05,0.0058049633089243165,0.03352681677673703,0.001150339068059571,0.025803857796362628,0.047880621043931856,0.002369085573727728,0.034475685365396025,0.197598863595917,-0.008671827569033397,-10.546260115172892,-8.875523088629144,-9.519078584008735,-9.477805495456986,-7.513365594462087,-8.096352095001798,0.008671827569033397,0.7525970251519127,0.11910475602983076,3.2902658209548736,2.8724340744705708,-0.0014755919750442104,-10.032246930723735,-9.823500293988852,2026-06-16,-8.911979503312063,-8.413378246205983,2026-06-23,-7.551986988090338,-7.551729081530987,2026-06-17,-8.718747379886796,-7.655489256139583,2026-06-24
2026-06-16,True,7,0,81.5,66.5999984741211,81.5199966430664,66.91000366210938,4.395927456510272e-05,6.139265687779474e-05,0.000276242841206622,-0.0044937619384433445,0.00010883395561380276,0.00010568408007896099,0.004555154595321138,0.00319443088679249,5.416366325559657e-05,0.0029491033984045956,0.0032934342740983573,0.0002870895505244278,-0.001350498617246565,0.2018984656115686,0.0042996020156511605,-10.032246930723735,-8.992305097219083,-9.501493641905332,-8.194230219652264,-7.778243506257711,-8.087670219883604,0.0042996020156511605,0.3879991851233362,0.22075005496588018,3.27601201623901,2.785011289333365,0.01770177197363676,-7.551986988090338,-7.551729081530987,2026-06-17,-8.718747379886796,-7.655489256139583,2026-06-24,-9.676031890943596,-9.098189058843975,2026-06-18,-9.631777788555725,-7.849431578168501,2026-06-25
2026-06-17,True,7,0,79.63999938964844,63.689998626708984,81.52999877929688,66.79000091552734,0.0005250657904451387,-0.02345456417026444,0.0011963039657711472,-0.04727461266037247,0.00022505437925571662,0.0007481576884802846,0.02382004849010803,0.0003680154555610955,0.0005252012258206705,-0.02308654871470317,0.002848827809847205,0.001204419785661306,-0.044677011814087564,0.223488928710953,0.021590463099384394,-7.551986988090338,-8.508924698684586,-9.236373751588964,-6.728518503762277,-7.480465392780285,-7.953434698386533,0.021590463099384394,1.974257621518511,0.7402598181764051,3.2260500286162013,2.79789089580353,0.036442036267180455,-9.676031890943596,-9.098189058843975,2026-06-18,-9.631777788555725,-7.849431578168501,2026-06-25,-12.03956564670512,-9.709746028379836,2026-06-22,-9.652421449786825,-7.8479752863072445,2026-06-26
2026-06-18,True,7,0,79.33000183105469,62.54999923706055,80.19999694824219,63.84000015258789,6.277008880023176e-05,-0.011159283508479263,0.00042616529197099024,-0.020733533474386986,0.00020192212452999303,0.00014350662812061447,0.009574249965907725,0.00700700528851149,0.00011186821191345976,-0.003900081136711364,0.002352412710554016,0.0004316991375317663,-0.018061318105513813,0.23765016567975566,0.014161236968802449,-9.676031890943596,-8.780113976804504,-9.237153929959483,-7.760683277629481,-7.649666811801643,-7.933258465757502,0.014161236968802449,1.268162608236526,0.5827312905190395,3.34814816057234,2.9145222470903573,0.00252435548404506,-12.03956564670512,-9.709746028379836,2026-06-22,-9.652421449786825,-7.8479752863072445,2026-06-26,-10.22858079804517,-7.936450973253236,2026-06-23,-9.621409360524394,-7.839184514277421,2026-06-29
2026-06-22,True,7,0,78.80000305175781,61.93000030517578,78.74500274658203,63.119998931884766,5.905859013281259e-06,0.0006982170857332138,8.865428149450609e-05,-0.019032939737918073,9.088451886821304e-05,1.8378108197871648e-06,0.019731156823651286,-0.0074015718894123285,6.068912544742005e-05,-0.006703354803678785,0.009071434899994327,0.00017094521263934118,-0.009961504837924018,0.24090831571400062,0.003258150034245233,-12.03956564670512,-8.926677408780956,-9.244177832862768,-9.330766229999968,-7.792596723592448,-7.938485578571201,0.003258150034245233,0.28562134672139405,0.3201838455066726,3.32862668882732,2.797281311569803,-0.004937023460326095,-10.22858079804517,-7.936450973253236,2026-06-23,-9.621409360524394,-7.839184514277421,2026-06-29,-8.581227615549244,-6.636233590967262,2026-06-24,-9.412112272405041,-7.969806891456943,2026-06-30
2026-06-23,True,7,0,77.33000183105469,58.58000183105469,77.4000015258789,59.0,3.6122999217608785e-05,-0.0007755614815092614,4.310471016254367e-05,-0.00722944648685831,2.9217212633232726e-05,2.5005248373459866e-05,0.006453885005349049,-0.017926235281844748,0.00035747291059766423,-0.018831033292327604,-0.04846727597200372,0.0023921815503089128,-0.05561134722080041,0.27768862964247376,0.03678031392847281,-10.22858079804517,-8.911979503312063,-9.249865068852325,-10.051878282311915,-7.808925360947468,-7.956329003046294,0.03678031392847281,3.2281328121150925,1.2663617461460963,3.263849190510932,2.8495498031123385,-0.04957191454901633,-8.581227615549244,-6.636233590967262,2026-06-24,-9.412112272405041,-7.969806891456943,2026-06-30,-10.24153604816428,-9.134506813551004,2026-06-25,-9.295672851965495,-8.854941380172315,2026-07-01
2026-06-24,True,7,0,74.98999786376953,54.41999816894531,74.77999877929688,55.65999984741211,0.00018759454201552718,0.0026710028537762793,0.0006314483817073906,-0.023449241843792018,0.00032664213449566713,0.0002462003946136253,0.026120244697568296,-0.03353154907435342,0.001311959325341299,-0.030727259472969948,-0.05113161930060547,0.0032458908740094403,-0.0736616729485462,0.3206230431180501,0.04293441347557625,-8.581227615549244,-8.718747379886796,-9.185249872047489,-7.367494358695253,-7.6477104045419,-7.905153558060565,0.04293441347557625,3.83739558199744,1.5372048932346367,3.3109079103146946,2.969901501775917,-0.08324827742039087,-10.24153604816428,-9.134506813551004,2026-06-25,-9.295672851965495,-8.854941380172315,2026-07-01,-9.788957320146967,-9.073104598037103,2026-06-26,-9.321808376776891,-8.57458530807247,2026-07-02
2026-06-25,True,7,0,75.70999908447266,55.0099983215332,75.62999725341797,55.400001525878906,3.565803509417216e-05,0.0009251265776616339,0.0001316806774150521,-0.007064664920842339,8.527386984155975e-05,4.1032421333832254e-05,0.007989791498503974,0.008498250725472022,0.0001078783004871579,0.009555497196234164,0.01784792158780213,0.0004502289824193854,0.010783256666959673,0.31939528364732445,-0.001227759470725509,-10.24153604816428,-9.631777788555725,-9.195140261481347,-8.935130676645253,-8.238763786108066,-7.927569729483332,0.001227759470725509,0.10509096326316364,0.357844489614884,3.4531571205928664,2.924773139566078,-0.050606231509453536,-9.788957320146967,-9.073104598037103,2026-06-26,-9.321808376776891,-8.57458530807247,2026-07-02,-11.041192461197436,-9.459691592850687,2026-06-29,-9.39797644725994,-8.647336525041405,2026-07-06
2026-06-26,True,7,0,76.55999755859375,56.0099983215332,76.29199981689453,55.59000015258789,5.6067327076827127e-05,0.003572004039764985,0.00015584526320617728,0.006991144199776974,3.6881909880774384e-05,8.751534020111502e-05,-0.003419140160011989,0.00765784109145895,0.00011470985725886432,0.011164475233242044,0.010488375334922537,0.0002658512803723887,0.018015259879134327,0.31254449900143155,-0.006850784645892283,-9.788957320146967,-9.652421449786825,-9.177157912870298,-8.766646945500094,-8.46770487673853,-7.920278382126071,0.006850784645892283,0.5883805126732519,0.18670325237261706,3.3870984572826535,2.9386326492025887,-0.03554167513950013,-11.041192461197436,-9.459691592850687,2026-06-29,-9.39797644725994,-8.647336525041405,2026-07-06,-9.08553259230761,-9.059762139159094,2026-06-30,-9.184639974011612,-8.605988689382672,2026-07-07
2026-06-29,True,7,0,75.52999877929688,55.34000015258789,75.95999908447266,55.4900016784668,1.6027693932121195e-05,-0.005809396505006498,8.070925559714225e-05,-0.002706877469844944,6.378206148368444e-05,1.6477444022789506e-05,-0.0031025190351615557,-0.007867841364572848,7.793062167020473e-05,-0.013544803092377045,-0.009327361668565935,0.00016770893129337534,-0.012034239138410285,0.3110339350474649,-0.0015105639539667592,-11.041192461197436,-9.621409360524394,-9.21470220280827,-9.424657297850526,-8.475295019617763,-7.932087996141004,0.0015105639539667592,0.13015104488900456,0.3017484740722084,3.3024814087229974,2.912893986956671,-0.04238312342819839,-9.08553259230761,-9.059762139159094,2026-06-30,-9.184639974011612,-8.605988689382672,2026-07-07,-8.342998938455086,-8.123107595325013,2026-07-01,-9.139807126566108,-8.452855149117957,2026-07-08
2026-06-30,True,7,0,75.51000213623047,56.220001220703125,75.66000366210938,56.029998779296875,0.00011329306598284373,-0.0026469652035213268,0.00046989438506428905,0.0033853474007606126,0.00015952448405819823,0.0002118314834944673,-0.0060323126042819385,0.0017197554435426034,0.00011625062476843815,-0.0002647860574951366,0.012391262674534165,0.0006234377757335926,0.01577661007529496,0.2949925389146753,-0.016041396132790098,-9.08553259230761,-9.412112272405041,-9.205262602066101,-7.663002601141008,-8.132217931853457,-7.916541510187746,0.016041396132790098,1.3719873726660416,0.12195249976623006,3.3214324131932926,2.87073576176629,-0.02381687619336592,-8.342998938455086,-8.123107595325013,2026-07-01,-9.139807126566108,-8.452855149117957,2026-07-08,-10.645213121002039,-7.990315641063232,2026-07-02,-9.704030607993296,-8.628048584780451,2026-07-09
2026-07-01,True,7,0,75.95999908447266,56.31999969482422,76.08999633789062,56.040000915527344,0.00023805735201846338,-0.0018416131991368483,0.0009782198108206997,0.004806425848735762,0.0002629476022515615,0.0004766647802938007,-0.00664803904787261,0.0076516759537451386,0.00029660549691958493,0.005941747785299434,-0.0032068493855153223,0.0009885036938020798,0.001777119239828373,0.29915716746014615,0.004164628545471061,-8.342998938455086,-9.295672851965495,-9.157512253354003,-6.929776157742789,-7.920364533210288,-7.853456615035791,0.004164628545471061,0.3527567664963987,0.38745477254309135,3.3032169733019514,2.800325523590678,0.01285213106490346,-10.645213121002039,-7.990315641063232,2026-07-02,-9.704030607993296,-8.628048584780451,2026-07-09,-10.668539876595384,-9.934860874802538,2026-07-06,-9.663530183716526,-8.927134343605426,2026-07-10
2026-07-02,True,7,0,77.51000213623047,57.81999969482422,77.31999969482422,57.93000030517578,2.3814566635467666e-05,0.0023252859660902155,0.00010477945114451586,-0.0017276865437027052,4.802924026105935e-05,4.0282388759462086e-05,0.004052972509792921,0.017745776501882037,0.00033872715029021635,0.020200113962798305,0.028185683945359166,0.0008992122306121933,0.026285024878985652,0.29307225654395913,-0.006084910916187347,-10.645213121002039,-9.321808376776891,-9.158014565645718,-9.16365288216822,-7.935285906338088,-7.852770038877172,0.006084910916187347,0.5135824936198683,0.0973950697012887,3.3002714630721948,2.8088001133999354,0.0234967478314676,-10.668539876595384,-9.934860874802538,2026-07-06,-9.663530183716526,-8.927134343605426,2026-07-10,-9.074182424561787,-9.07063301528844,2026-07-07,-9.352143835844632,-8.641801410996415,2026-07-13
2026-07-06,True,7,0,78.30000305175781,58.9900016784668,77.9000015258789,58.56999969482422,2.3265479172556073e-05,0.005121669507587446,6.450051932889626e-05,0.006975780734547207,3.500962184585549e-05,2.6378188327798418e-05,-0.0018541112269597612,0.005018984610237404,4.845568569035598e-05,0.01014065411782461,0.012887883581077104,0.00023059806252829305,0.02003323515822686,0.2831796755035563,-0.009892581040402249,-10.668539876595384,-9.39797644725994,-9.160874905426954,-9.648837282584166,-7.987681197280878,-7.860545619631177,0.009892581040402249,0.8320823021578995,0.03658834019054683,3.258096538021482,2.781920026048249,0.022472926716050168,-9.074182424561787,-9.07063301528844,2026-07-07,-9.352143835844632,-8.641801410996415,2026-07-13,-8.896870402459017,-8.225752734467298,2026-07-08,-9.509848860341283,-8.319121109754414,2026-07-14
2026-07-07,True,7,0,77.37000274658203,57.27000045776367,78.3499984741211,58.20000076293945,0.00011458628653793124,-0.012457635549229606,0.0005153997318551133,-0.016632383834748063,0.00015209701746923517,0.00023894450046190471,0.0041747482855184585,0.00063830735491582,0.00011499372281727087,-0.01194849791127428,-0.01348259862207856,0.000697180197459188,-0.029591032069550494,0.3008222096618324,0.017642534158276213,-9.074182424561787,-9.184639974011612,-9.117229916023474,-7.5705677800117375,-7.75976038190567,-7.8068517950254295,0.017642534158276213,1.484999479577984,0.7409977161936296,3.231989464013584,2.745345966245664,0.024069231897152932,-8.896870402459017,-8.225752734467298,2026-07-08,-9.509848860341283,-8.319121109754414,2026-07-14,-11.913083336079374,-8.98543177701037,2026-07-09,-9.635439824321274,-8.473679538485188,2026-07-15
2026-07-08,True,7,0,76.73999786376953,55.52000045776367,76.48999786376953,55.459999084472656,0.00013681643755080784,0.003263071576015561,0.0004816007068901702,0.0012613695910005905,0.00012281236157452816,0.0002478023914332249,0.0020017019850149705,-0.011439158655135567,0.00026767078828817076,-0.008176087079120542,-0.032114910719099436,0.001512968197385898,-0.03103360995527371,0.3236797325379852,0.02285752287615317,-8.896870402459017,-9.139807126566108,-9.078993358985015,-7.638395196175536,-7.7542866638350585,-7.766622969265385,0.02285752287615317,1.8920849537923932,0.911609617364872,3.266141017335315,2.780680840107767,0.016157930875527526,-11.913083336079374,-8.98543177701037,2026-07-09,-9.635439824321274,-8.473679538485188,2026-07-15,-10.220162043642313,-9.139432022851718,2026-07-10,-9.50678136721269,-8.387891791475523,2026-07-16
2026-07-09,True,7,0,77.51000213623047,56.900001525878906,77.58000183105469,56.88999938964844,6.702142302193382e-06,-0.0009672706441944778,6.710877659476772e-05,0.0003515018998884248,4.892255742154941e-05,1.2444180737705846e-05,-0.001318772544082903,0.01088662863241227,0.00012522082528225204,0.009983930872570213,0.024376243590357505,0.0006613100281712131,0.024552043505566168,0.30911161990499025,-0.014568112632995955,-11.913083336079374,-9.704030607993296,-9.142380273232655,-9.609195723810274,-8.307427375664838,-7.846851218827175,0.014568112632995955,1.187932126831594,0.1512441952608027,3.3178157727231046,2.8273135993568546,0.020200113962798305,-10.220162043642313,-9.139432022851718,2026-07-10,-9.50678136721269,-8.387891791475523,2026-07-16,-8.878431129275034,-8.225983241614385,2026-07-13,-9.36919431637983,-8.395761181373944,2026-07-17
2026-07-10,True,7,0,77.26000213623047,56.709999084472656,76.86000061035156,56.40999984741211,3.6428393592692114e-05,0.00519079181024496,9.672757793364088e-05,0.005833013915519478,2.5245031071417994e-05,5.39554702274575e-05,-0.0006422221052745179,-0.008421394776347721,0.00010734828357178879,-0.0032306029661031133,-0.008648922902232105,0.00017153144530239592,-0.003344822067220754,0.30922583900610745,0.00011421910111764078,-10.220162043642313,-9.663530183716526,-9.139721866599242,-9.243612005537038,-8.313977028096788,-7.854377311644282,0.00011421910111764078,0.009712301779750057,0.2446249161367983,3.231989464013584,2.7625383960193535,-0.0032306029661031133,-8.878431129275034,-8.225983241614385,2026-07-13,-9.36919431637983,-8.395761181373944,2026-07-17,-9.878178428926505,-7.703597044592301,2026-07-14,-9.713408929902055,-8.645468026453264,2026-07-20
2026-07-13,True,7,0,75.25,54.83000183105469,76.38999938964844,55.68000030517578,0.00013936263610086377,-0.01503588593434254,0.0001958162789833512,-0.015565936199280785,3.8215804405726144e-05,0.0001484815553392444,0.0005300502649382439,-0.01132459532469673,0.0002676090953690068,-0.026360481259039226,-0.018329524374865954,0.0005317877427921563,-0.03371302307083557,0.3165783808179039,0.007352541811796343,-8.878431129275034,-9.352143835844632,-9.131968641439414,-8.538333690448741,-8.212172501129402,-7.941896533230632,0.007352541811796343,0.6292785805861328,0.4485609235176219,3.175968323856924,2.7100481859984953,-0.03973173834296695,-9.878178428926505,-7.703597044592301,2026-07-14,-9.713408929902055,-8.645468026453264,2026-07-20,-9.28207693123682,-9.281892435248981,2026-07-15,-9.77560456825692,-9.064312098696684,2026-07-21
2026-07-14,True,7,0,76.2699966430664,55.88999938964844,76.7699966430664,56.2599983215332,5.1281605931438046e-05,-0.006468644504951891,4.6179924162002465e-05,-0.00659831086658322,4.708216458136126e-06,4.6376656817652185e-05,0.00012966636163132825,0.01999799148366728,0.00045120126931226707,0.01346372853334632,0.025746250416523224,0.0007090493346723248,0.01914793954993943,0.3108941698013118,-0.00568421101659311,-9.878178428926505,-9.509848860341283,-9.169347941608084,-9.982965396265291,-8.63661514673362,-7.997613802841155,0.00568421101659311,0.523844959301373,0.0701388668735045,3.2932409068235073,2.842581085167748,-0.014319511898346349,-9.28207693123682,-9.281892435248981,2026-07-15,-9.77560456825692,-9.064312098696684,2026-07-21,-9.872386165919963,-8.427445514986191,2026-07-16,-10.029362853236488,-8.94706797540847,2026-07-22
2026-07-15,True,7,0,76.27999877929688,54.880001068115234,76.26000213623047,55.400001525878906,9.307760678511333e-05,0.0005898885003774064,0.0005703896063512578,-0.009430618415807293,0.00022869623209481843,0.00021738549052077627,0.0100205069161847,-0.00013104972045142326,9.309478081434372e-05,0.00013113256696151154,-0.008805841064842215,0.0006479324432105192,-0.01823645948064989,0.3292617618489223,0.018367592047611403,-9.28207693123682,-9.635439824321274,-9.265053466899028,-7.469190910714535,-8.541258282813578,-8.038270200056951,0.018367592047611403,1.7524243270117248,0.762569398297218,3.219675505038765,2.803360380906535,-0.006012292252264295,-9.872386165919963,-8.427445514986191,2026-07-16,-10.029362853236488,-8.94706797540847,2026-07-22,-9.301807589548758,-9.226187243128079,2026-07-17,-10.239175442932943,-8.787833167587818,2026-07-23
2026-07-16,True,7,0,74.80000305175781,52.91999816894531,75.30000305175781,53.52000045776367,5.157950440065059e-05,-0.0066622495545076,0.0001349188065027352,-0.0110851327375613,3.1219791731993877e-05,7.763925958569596e-05,0.0044228831830537,-0.012930589395453787,0.00021877964651447252,-0.019592838949961333,-0.025093578507264867,0.0007646064888030005,-0.036367698234045065,0.34603662113300626,0.016774859284083732,-9.872386165919963,-9.50678136721269,-9.293856223102335,-8.910837393772482,-8.474102865330682,-8.077147790091143,0.016774859284083732,1.5954337850535643,0.7443782491192228,3.2140642678709788,2.7517480612367198,-0.03558906207479584,-9.301807589548758,-9.226187243128079,2026-07-17,-10.239175442932943,-8.787833167587818,2026-07-23,-11.098280714535749,-10.919151305037516,2026-07-20,-10.572577332567137,-8.865792356924945,2026-07-24
2026-07-17,True,7,0,75.5,53.369998931884766,74.5999984741211,52.25,9.12591232617493e-05,0.011992169499404723,0.00029877231701849494,0.021021522200820278,7.774842093827083e-05,0.00015614150967098672,-0.009029352701415555,-0.002677439023757887,9.842780298769089e-05,0.009314730475646904,-0.01274141380140526,0.00046111594267713536,0.008467465686126108,0.34688388592252717,0.0008472647895207963,-9.301807589548758,-9.36919431637983,-9.26225787528859,-8.115828756191421,-8.297193028962,-8.04513732836667,0.0008472647895207963,0.08184709012198851,0.2957198728977417,3.2827891506118534,2.817203487636887,-0.023043728633045824,-11.098280714535749,-10.919151305037516,2026-07-20,-10.572577332567137,-8.865792356924945,2026-07-24,-10.317475649460292,-8.803515358295977,2026-07-21,-10.507863918493516,-8.818245928509649,2026-07-27
2026-07-20,True,7,0,75.3499984741211,53.59000015258789,75.37000274658203,53.86000061035156,1.5138328566915667e-05,-0.0003982006405706907,7.590042250581126e-05,-0.005212200424957167,3.7123874639912454e-05,2.6957438216407232e-05,0.004813999784386475,-0.0017233019582846112,1.810809820634324e-05,-0.0019887514330241274,0.009139328383187354,0.00015942774580154524,0.004113716021627134,0.34078141846787563,-0.006102467454651261,-11.098280714535749,-9.713408929902055,-9.27615249680414,-9.486088306966705,-8.398378619940088,-8.07394778022919,0.006102467454651261,0.5838207438832652,0.11708229642788018,3.242592351485517,2.9322598749864657,0.0013280011929692748,-10.317475649460292,-8.803515358295977,2026-07-21,-10.507863918493516,-8.818245928509649,2026-07-27,-10.434386626468063,-8.709135590447923,2026-07-22,-10.554181225957537,-8.745904723072497,2026-07-28
2026-07-21,True,7,0,76.81999969482422,55.79999923706055,76.16999816894531,55.56999969482422,3.305044096285952e-05,0.008367147879941635,0.00010127452977298944,0.004309607606788184,3.4553294770729906e-05,4.988583798255953e-05,0.0040575402731534505,0.010823755523688566,0.00015020412459943827,0.019321114123195926,0.036280995446014604,0.001417585160326722,0.04041136936043577,0.3196911632306351,-0.02109025523723984,-10.317475649460292,-9.77560456825692,-9.549086409482035,-9.19767561195725,-8.350615181315186,-8.248018133552293,0.02109025523723984,2.0484849163255494,0.3481499374029579,3.2335673736111907,2.9258461256356836,0.007185386782818881,-10.434386626468063,-8.709135590447923,2026-07-22,-10.554181225957537,-8.745904723072497,2026-07-28,-11.52703938513467,-8.013149920439158,2026-07-23,-9.749088554566406,-8.703909304433441,2026-07-29
2026-07-22,True,7,0,77.69000244140625,56.70000076293945,77.72000122070312,56.529998779296875,2.9403800405865836e-05,-0.0003860598283582251,0.00017228265816622177,0.00273820060297144,8.781667640695874e-05,5.693489108256443e-05,-0.003124260431329665,0.011647621270510923,0.0001650708816671243,0.011261561442152512,0.01299759337878482,0.0003412200918064528,0.016000368474913707,0.31495235619787454,-0.004738807032761194,-10.434386626468063,-10.029362853236488,-9.570597551376192,-8.666374068560144,-8.761625838466657,-8.293103165845082,0.004738807032761194,0.48031444383347355,0.10167551087075527,3.1755507001298273,2.836150158982343,0.018315815658009882,-11.52703938513467,-8.013149920439158,2026-07-23,-9.749088554566406,-8.703909304433441,2026-07-29,-10.111958839395982,-10.096765798023595,2026-07-24,-9.590606858192958,-8.97762591407106,2026-07-30
2026-07-23,True,7,0,76.1500015258789,54.720001220703125,76.30999755859375,54.7400016784668,9.85985214266912e-06,-0.0023615900676785956,0.0001961263673666104,-0.00054824293351284,0.00013988026430245391,3.305297760341283e-05,-0.0018133471341657556,-0.017922621079029515,0.0003310801984851422,-0.020021481008327235,-0.03517948991436778,0.0014337228780017146,-0.035544928566962675,0.3304758037565104,0.01552344755863544,-11.52703938513467,-10.239175442932943,-9.568024123494542,-8.536751375021497,-8.686373914610112,-8.27376938026835,0.01552344755863544,1.6170928108588325,0.7192781298519185,3.1788868166518376,2.8118093987132804,0.01788717359964398,-10.111958839395982,-10.096765798023595,2026-07-24,-9.590606858192958,-8.97762591407106,2026-07-30,-10.650100485255562,-9.85525164497965,2026-07-27,-9.700722140383903,-8.647344084974334,2026-07-31
2026-07-24,True,7,0,76.2300033569336,55.279998779296875,76.08999633789062,55.029998779296875,4.059121721970349e-05,0.0018383279773156735,0.00016901332559797363,0.0049848569831040575,4.817549842876935e-05,8.071452219445387e-05,-0.003146529005788384,-0.0007882973192013619,4.121262988316355e-05,0.001050030658114487,0.0056491732666985985,0.00020092648419515574,0.010181861754764654,0.32134397265986037,-0.009131831096650167,-10.111958839395982,-10.572577332567137,-9.565123964291782,-8.685532996457523,-8.853229298382367,-8.251584410427771,0.009131831096650167,0.9399812096140437,0.01317145846172649,3.2244602031621015,2.928523564659441,0.009622473782111562,-10.650100485255562,-9.85525164497965,2026-07-27,-9.700722140383903,-8.647344084974334,2026-07-31,-10.52458896092732,-8.488978135877057,2026-07-28,-9.72052449733668,-8.66695779043786,2026-08-03
2026-07-27,True,7,0,76.77999877929688,55.63999938964844,76.63999938964844,55.7599983215332,2.369846013228008e-05,0.0018250479752116517,0.00012811072526440617,-0.0021543802650518667,4.747581367167838e-05,5.2166685862503925e-05,0.003979428240263518,0.005363995661637003,5.247090959034067e-05,0.007189043636849135,0.008645578973409309,0.00020285676104986333,0.0064911987083569045,0.3220418175883515,0.0006978449284922306,-10.650100485255562,-10.507863918493516,-9.677425097510183,-8.962615626848931,-8.78271253991223,-8.343382920201412,0.0006978449284922306,0.07150666810470117,0.2796414779517558,3.1917101567954314,2.922085729279452,0.018800268851984825,-10.52458896092732,-8.488978135877057,2026-07-28,-9.72052449733668,-8.66695779043786,2026-08-03,-8.564693902917197,-8.521240741434838,2026-07-29,-9.739772984802782,-8.851585346304738,2026-08-04
2026-07-28,True,7,0,75.69999694824219,54.33000183105469,75.76000213623047,54.220001220703125,2.686761336238356e-05,-0.0007923569456017238,4.862112489279348e-05,0.0021187030807256124,1.02346426805442e-05,3.262704778731642e-05,-0.002911060026327336,-0.01337369659877697,0.00020572337407852225,-0.014166053544379054,-0.025852489501178473,0.0007169723383013367,-0.023825761819695757,0.3317015258636688,0.009659708275316703,-10.52458896092732,-10.554181225957537,-9.68381990129714,-9.931452452922848,-8.85384956318608,-8.359375561578249,0.009659708275316703,1.0631651490559906,0.5989016351957962,3.1834558796369405,2.9269179616400773,-0.014686898815590155,-8.564693902917197,-8.521240741434838,2026-07-29,-9.739772984802782,-8.851585346304738,2026-08-04,-9.72182709281319,-8.929596103572297,2026-07-30,-9.883132298958545,-8.113836727986044,2026-08-05
2026-07-29,True,7,0,76.04000091552734,54.43000030517578,75.4800033569336,54.349998474121094,0.00019072195892762026,0.007654705426861419,0.000613158254723531,0.0005518733538477268,0.00014886019448990458,0.0003275100095806234,0.007102832073013694,-0.002910355154734264,0.00019919212605430857,0.0044814095307437185,0.00036799122627730366,0.0006132936722661481,0.0018388837869740549,0.33434405160743835,0.0026425257437696636,-8.564693902917197,-9.749088554566406,-9.590082201966188,-7.396887491034286,-8.373067048774997,-8.274335331048496,0.0026425257437696636,0.2970425452064548,0.47076496462717393,3.2035591207563074,2.9019708434634395,-0.02146705072699895,-9.72182709281319,-8.929596103572297,2026-07-30,-9.883132298958545,-8.113836727986044,2026-08-05,-12.216547515249447,-8.15197719338516,2026-07-31,-9.802916259650328,-8.148600333840115,2026-08-06
2026-07-30,True,7,0,77.30000305175781,56.220001220703125,76.69000244140625,55.02000045776367,5.996034728433037e-05,0.007793239352624926,0.0001496651012833476,0.021753650346816,5.680726476902467e-05,7.640909189932666e-05,-0.013960410994191073,0.008511823951203918,0.00013241149426061904,0.016434465412474175,0.01078128576351317,0.0002659012239978793,0.032357109138489104,0.31842140788142326,-0.01592264372601493,-9.72182709281319,-9.590606858192958,-9.561306822697698,-8.807110418076135,-8.41412361938108,-8.262117592296242,0.01592264372601493,1.734920528259278,0.06216316645478055,3.204371138665319,3.028199456305825,0.014988895693802462,-12.216547515249447,-8.15197719338516,2026-07-31,-9.802916259650328,-8.148600333840115,2026-08-06,-10.942245811643017,-10.248274033931306,2026-08-03,-9.723181176661518,-7.914143456238654,2026-08-07
2026-07-31,True,7,0,76.16999816894531,55.04999923706055,76.01000213623047,54.619998931884766,4.947899003368097e-06,0.002102721663096906,4.3730164245153e-05,0.007660113768770243,2.6605387724715507e-05,1.1036337761902796e-05,-0.005557392105673338,-0.016829056390231696,0.0002881650379889664,-0.01472633472713536,-0.028872490701182925,0.0008773508835350475,-0.021030737881693184,0.3247258110359816,0.006304403154557825,-12.216547515249447,-9.700722140383903,-9.633827552593177,-10.037472436654593,-8.534049086777218,-8.340132383467807,0.006304403154557825,0.6882199338419056,0.6435782393448778,3.1978564576441255,2.8384935060559893,-0.0007874696914473844,-10.942245811643017,-10.248274033931306,2026-08-03,-9.723181176661518,-7.914143456238654,2026-08-07,-10.764125163591261,-9.711450088526087,2026-08-04,-9.61571810709025,-7.902659705212759,2026-08-10
2026-08-03,True,7,0,76.19000244140625,55.130001068115234,75.8499984741211,53.86000061035156,1.7694692685177833e-05,0.004406875198075201,0.00011956457500003635,0.023487295810886048,9.685106789446014e-05,2.0204099895377023e-05,-0.019080420612810844,-0.004209974668160859,3.5418579391733964e-05,0.00026259218293223086,-0.02185375059402238,0.00059715099002577,0.001452202666412994,0.3235362005525003,-0.001189610483480763,-10.942245811643017,-9.72052449733668,-9.799858030849595,-9.031653955974209,-8.542778501694167,-8.518639476422411,0.001189610483480763,0.13480748787129956,0.4968172225781608,3.1488824530476656,2.771963512531802,-0.007713921145364289,-10.764125163591261,-9.711450088526087,2026-08-04,-9.61571810709025,-7.902659705212759,2026-08-10,-8.79562879849681,-6.927693268082248,2026-08-05,-9.56622102771131,-7.912601507412112,2026-08-11
2026-08-04,True,7,0,76.69000244140625,56.599998474121094,76.66999816894531,56.75,2.1144617774774468e-05,6.527611300538583e-05,8.298747680522506e-05,-0.0028233625107041953,5.02257648236826e-05,2.6953164878158474e-05,0.002888638623709581,0.006280221159943961,6.058579559258234e-05,0.006541101082932599,0.02896160438543725,0.0009217620053838032,0.02631490627407107,0.3037623953613623,-0.01977380519113847,-10.764125163591261,-9.739772984802782,-9.802048716901549,-9.396820843416249,-8.508128825134303,-8.52361170716892,0.01977380519113847,2.3580013221434033,0.5058064437256707,3.1633631149379418,2.7638001945596176,0.012993233481947364,-8.79562879849681,-6.927693268082248,2026-08-05,-9.56622102771131,-7.912601507412112,2026-08-11,-9.417733523088389,-9.417733523088389,2026-08-06,-9.98028274580258,-8.52087065679987,2026-08-12
2026-08-05,True,7,0,79.8499984741211,58.939998626708984,78.93000030517578,58.97999954223633,0.0001513934018992458,0.011588467964983615,7.914110741847947e-05,-0.0006784416160583494,3.934984796412339e-05,9.559233067680091e-05,0.012266909581041964,0.028790033975213628,0.0009802594581932009,0.04037850194019743,0.04118943737564727,0.001775710858740848,0.04051099575958883,0.30362990154197017,-0.00013249381939139937,-8.79562879849681,-9.883132298958545,-9.70198271734001,-9.444278128947463,-9.261447526315727,-8.520268469938424,0.00013249381939139937,0.015788516673955692,0.20911429163538497,3.1570004211501135,2.803360380906535,0.048890325891401076,-9.417733523088389,-9.417733523088389,2026-08-06,-9.98028274580258,-8.52087065679987,2026-08-12,-10.487122794600511,-7.308008360371865,2026-08-07,-10.287771727465676,-8.537315170039966,2026-08-13
2026-08-06,True,7,0,79.87000274658203,58.689998626708984,79.8499984741211,58.33000183105469,8.127000732330277e-05,0.000375618612057824,0.00011174542249030101,0.006152759014331228,3.241888098008015e-05,8.029827441676181e-05,-0.005777140402273404,0.0,8.127000732330277e-05,0.0002504917657475403,-0.010403381852886254,0.00021997577646726404,-0.004250622838554818,0.3081310161462734,0.004501114604302359,-9.417733523088389,-9.802916259650328,-9.727054444422414,-9.099287287365035,-9.344629203478389,-8.616803792298137,0.004501114604302359,0.5356218770186764,0.3859161161048654,3.2422016501716975,2.760642677762601,0.03270635224467444,-10.487122794600511,-7.308008360371865,2026-08-07,-10.287771727465676,-8.537315170039966,2026-08-13,-9.870805532351222,-9.780770444597565,2026-08-10,-10.405307144370768,-9.485533078500449,2026-08-14
2026-08-07,True,7,0,81.68000030517578,60.459999084472656,81.91999816894531,60.970001220703125,2.7893334775844374e-05,-0.003056423989434274,0.00011990208151082425,-0.008399985732480492,5.332937456794054e-05,4.723302085936405e-05,0.005343561743046217,0.025342791622002384,0.0006701504219720786,0.022408830275193914,0.03811262876991808,0.0015724745532644119,0.02971264303743748,0.3008272033840295,-0.007303812762243567,-10.487122794600511,-9.723181176661518,-9.813707524433058,-9.028835135690969,-9.184008784751274,-8.712009771092294,0.007303812762243567,0.9046788526951701,0.05803098696592521,3.213260086082565,2.718000506775858,0.06984151724700371,-9.870805532351222,-9.780770444597565,2026-08-10,-10.405307144370768,-9.485533078500449,2026-08-14,-10.176339598260073,-10.07080581422517,2026-08-11,-10.291823593057483,-9.436164493905318,2026-08-17
2026-08-10,True,7,0,82.51000213623047,62.439998626708984,81.5,60.76499938964844,5.166109716390792e-05,0.0123165037599989,0.00035280982630111416,0.02751238191880946,0.0001472758249455967,0.0001285975492597127,-0.015195878158810558,-0.0022061573458293767,5.652822739846484e-05,0.010110346414169413,0.0050319810696875114,0.0003781306597868076,0.03222409944484372,0.27871345035335504,-0.02211375303067431,-9.870805532351222,-9.61571810709025,-9.77702637028525,-7.949581381892085,-8.80943777025452,-8.636069464533682,0.02211375303067431,2.80797198229608,0.8045685195880781,3.2441536320524693,2.701361187349418,0.0796892714782409,-10.176339598260073,-10.07080581422517,2026-08-11,-10.291823593057483,-9.436164493905318,2026-08-17,-10.330120140304619,-8.83132797575884,2026-08-12,-10.002763853425655,-9.202337547715599,2026-08-18
2026-08-11,True,7,0,82.18000030517578,61.560001373291016,82.68000030517578,61.709999084472656,3.8060270144604384e-05,-0.006065771335846942,8.898117177267644e-05,-0.002433646218161164,4.834456370926227e-05,3.9348439104009274e-05,-0.003632125117685777,0.00205821449779869,4.2296517063553096e-05,-0.00400755683804821,-0.011760096156449549,0.0002272810333816159,-0.01419374237461124,0.2888996358899186,0.01018618553656303,-10.176339598260073,-9.56622102771131,-9.775719930183937,-9.327085763728647,-8.801441686024361,-8.6380542145259,0.01018618553656303,1.2491882719480383,0.5778853961241956,3.32862668882732,2.7382560456267386,0.06914061355726009,-10.330120140304619,-8.83132797575884,2026-08-12,-10.002763853425655,-9.202337547715599,2026-08-18,-10.820548305870965,-9.640818158844649,2026-08-13,-9.729412788352997,-8.416742711069947,2026-08-19
2026-08-12,True,7,0,82.9800033569336,62.06999969482422,83.05999755859375,62.59000015258789,3.2635165968079735e-05,-0.0009635534498692957,4.931411102352204e-05,-0.008181618004461459,2.946650338711859e-05,2.6241386802241595e-05,0.007218064554592164,0.010651241640554037,0.000146084114453552,0.00968768819068444,0.016593192095656486,0.0003246481349468789,0.008250444230072596,0.2903368798505298,0.0014372439606118448,-10.330120140304619,-9.98028274580258,-9.864974829352557,-9.917300290213303,-8.841881474014249,-8.676351703879538,0.0014372439606118448,0.17488179433127277,0.19012371516422757,3.2577118486533987,2.7265447662626667,0.0384497998077471,-10.820548305870965,-9.640818158844649,2026-08-13,-9.729412788352997,-8.416742711069947,2026-08-19,-11.61652448151118,-9.570103134457062,2026-08-14,-9.423577279875316,-8.29561088848039,2026-08-20
2026-08-13,True,7,0,81.77999877929688,61.16999816894531,82.42500305175781,61.81999969482422,1.9984605498595243e-05,-0.007862189951055316,8.013613961329023e-05,-0.011387804384890045,2.8748774027408906e-05,3.568598554223828e-05,0.0035256144338347284,-0.006710829376995568,6.501983642574196e-05,-0.014566955349627264,-0.004035843741473935,9.642417431888456e-05,-0.014605932188317183,0.29037585668922017,3.897683868991919e-05,-10.820548305870965,-10.287771727465676,-9.89273345326207,-9.431783624451949,-8.88660124379656,-8.667343655158614,3.897683868991919e-05,0.004756670787753372,0.1301347297206426,3.2418107961506966,2.6775910067264266,0.023632352692372294,-11.61652448151118,-9.570103134457062,2026-08-14,-9.423577279875316,-8.29561088848039,2026-08-20,-9.569157711962365,-9.488144016501934,2026-08-17,-9.379874979864976,-8.21189617940321,2026-08-21
2026-08-14,True,7,0,82.27999877929688,61.470001220703125,82.41999816894531,61.83000183105469,9.01586746321019e-06,-0.0017000537457339338,0.00010419617224815669,-0.005676801960155062,7.035561097192809e-05,2.14282143697194e-05,0.003976748214421128,0.007795403684700441,6.97841860706514e-05,0.006095349938966876,0.010731869864212212,0.00021936920303054292,0.004892427456830717,0.291578779171356,0.0012029224821361595,-11.61652448151118,-10.405307144370768,-9.971346385761175,-9.169235163982346,-8.909587958357283,-8.798726966617679,0.0012029224821361595,0.1456225236162044,0.1750611729223323,3.1726224403507386,2.6830742228543785,0.007318872356145256,-9.569157711962365,-9.488144016501934,2026-08-17,-9.379874979864976,-8.21189617940321,2026-08-21,-9.262820796699167,-8.82246386897235,2026-08-18,-9.452889977572248,-8.130870906246807,2026-08-24
2026-08-17,True,7,0,83.11000061035156,62.61000061035156,82.4800033569336,62.02000045776367,6.985019280714692e-05,0.00748880309076741,0.00022162341982841842,0.009627777787958092,8.661718426880834e-05,0.00010242821418337851,-0.002138974697190682,0.002427830459882354,7.574455354907948e-05,0.010036988960043125,0.008907650275770647,0.00030096965326385533,0.018375748728250763,0.2832400194031486,-0.008338759768207638,-9.569157711962365,-10.291823593057483,-9.953726575328751,-8.414530923529135,-9.125537906277989,-8.77294901180633,0.008338759768207638,1.0673239319301393,0.27660181189282956,3.1747149290824312,2.6567569067146595,0.007245514902018968,-9.262820796699167,-8.82246386897235,2026-08-18,-9.452889977572248,-8.130870906246807,2026-08-24,-9.173062117556187,-7.198461203690837,2026-08-19,-9.60613333729394,-8.146747315865493,2026-08-25
2026-08-18,True,7,0,81.70999908447266,60.369998931884766,82.51000213623047,61.619998931884766,9.488728953237818e-05,-0.00986555949407624,0.00032217601714733225,-0.020659831823114285,8.040867711066438e-05,0.00016832731478452306,0.010794272329038046,-0.007245514902019493,0.0001473847757277647,-0.016988656716812933,-0.015938543671070105,0.0005762131915019412,-0.03643274439016686,0.3026841070765027,0.019444087673353927,-9.262820796699167,-10.002763853425655,-9.95026430489244,-8.040412524667985,-8.768934462389172,-8.766103312530143,0.019444087673353927,2.43895737003149,1.074698128545594,3.223664341599998,2.7206372889831454,-0.005735584976745756,-9.173062117556187,-7.198461203690837,2026-08-19,-9.60613333729394,-8.146747315865493,2026-08-25,-8.975815272987742,-8.480856871688394,2026-08-20,-9.867766485171478,-8.644694977894146,2026-08-26
2026-08-19,True,7,0,84.83999633789062,63.09000015258789,83.80999755859375,61.939998626708984,0.00010379818036834926,0.012155879722479588,0.00022705476106189195,0.018237638748591925,5.3348930492073805e-05,0.0001387520054690837,-0.006081759026112339,0.025375920788541978,0.0007477355362347062,0.037590704339566905,0.025673877258225442,0.0008862027345323176,0.04407000568577324,0.2962048057302965,-0.006479301346206334,-9.173062117556187,-9.729412788352997,-9.86918247403001,-8.390319331418002,-8.563041850662225,-8.722984046571172,0.006479301346206334,0.8119552211045489,0.16206995833040108,3.177220149599368,2.7625383960193535,0.02216743117213671,-8.975815272987742,-8.480856871688394,2026-08-20,-9.867766485171478,-8.644694977894146,2026-08-26,-10.517369376146315,-8.629454011319403,2026-08-21,-10.35092160244943,-8.872249851143183,2026-08-27
2026-08-20,True,7,0,85.12999725341797,64.83000183105469,84.08000183105469,63.400001525878906,0.00012643082048945643,0.012528204884982637,0.0005925784433466648,0.02261300172242327,0.0001863494492229366,0.0002663299073065923,-0.010084796837440634,-0.008998338185364486,0.00020740091058764505,0.0034123811009898475,0.004901604709377529,0.0006166041720736567,0.0272062066295522,0.27241098020173465,-0.02379382552856235,-8.975815272987742,-9.423577279875316,-9.790345010873969,-7.431027299884245,-8.133545144945309,-8.59443792668142,0.02379382552856235,2.9646108661851276,1.056812496561461,3.283914221047423,2.700689869753188,0.04014676762275382,-10.517369376146315,-8.629454011319403,2026-08-21,-10.35092160244943,-8.872249851143183,2026-08-27,-10.12329084472994,-8.567037994478255,2026-08-24,-8.922176352232437,-8.461513647249353,2026-08-28
2026-08-21,True,7,0,86.79000091552734,65.9000015258789,86.18499755859375,66.08999633789062,2.7062288265323537e-05,0.006995297926072215,3.021889301237983e-05,-0.0024238163174214312,2.492348579895089e-05,1.6178847739376242e-05,0.009419114243493646,0.012316652646267271,0.00017876222067412612,0.01931195057234003,0.01924890664056984,0.00040073929986975354,0.016369977232075783,0.2753529535419975,0.002941973340264248,-10.517369376146315,-9.379874979864976,-9.79224775178749,-10.407043232750908,-8.185265885652134,-8.629940853779624,0.002941973340264248,0.34837425093779906,0.22718661932284454,3.3061538329752613,2.773213541304803,0.053363368256126975,-10.12329084472994,-8.567037994478255,2026-08-24,-8.922176352232437,-8.461513647249353,2026-08-28,-10.148163772687127,-8.993567568489143,2026-08-25,-8.890393944273342,-8.581647878677355,2026-08-31
2026-08-24,True,7,0,87.47000122070312,65.37000274658203,87.86000061035156,66.02999877929688,4.01338337600992e-05,-0.004563109977678669,8.484489843398457e-05,-0.009739833480216228,4.1266660315503225e-05,4.1856035939290274e-05,0.005176723502537558,0.012253227289579751,0.0001902754127702011,0.007804473182521754,0.0019707010564599847,8.872856108791708e-05,-0.008074985022343384,0.2912324117468632,0.015879458204865138,-10.12329084472994,-9.452889977572248,-9.76792162496575,-9.374685692617406,-8.288566290775938,-8.658659040303519,0.015879458204865138,1.9192294197773236,0.8771963674446153,3.306520334720247,2.7166795353641056,0.051130852478605604,-10.148163772687127,-8.993567568489143,2026-08-25,-8.890393944273342,-8.581647878677355,2026-08-31,-10.545301529365258,-8.624516123666847,2026-08-26,-8.879122884929984,-8.124366698353791,2026-09-01
2026-08-25,True,7,0,87.76000213623047,65.47000122070312,86.66699981689453,64.13999938964844,3.9147900161514314e-05,0.012418675964855491,0.00011708486254437049,0.020905661036281126,5.188960027305578e-05,5.217158121641451e-05,-0.008486985071425635,-0.009222705006320586,0.00012420618779512512,0.003309948921266681,-0.018995294891496102,0.0004779060905592684,0.001528561457650568,0.2930137992104787,0.0017813874636161131,-10.148163772687127,-9.60613333729394,-9.76906804150361,-9.052611565192535,-8.466707457538591,-8.672347660865132,0.0017813874636161131,0.22271777510932245,0.18128216013124507,3.342154841028372,2.76316952439078,0.07142945811668522,-10.545301529365258,-8.624516123666847,2026-08-26,-8.879122884929984,-8.124366698353791,2026-09-01,-10.513922421313435,-10.474672587343036,2026-08-27,-8.822885603059786,-8.165677403154815,2026-09-02
2026-08-26,True,7,0,86.37000274658203,64.7699966430664,86.68000030517578,64.80000305175781,2.631683974051719e-05,-0.003582755096496438,3.576755172074755e-05,-0.000463169086956536,6.118325989676278e-06,2.798303273579424e-05,-0.0031195860095399016,-0.01238266011983168,0.0001796471113837871,-0.015965415216328438,-0.010286390644972684,0.0001415773842217291,-0.010749559731928926,0.2877979437260805,-0.005215855484399512,-10.545301529365258,-9.867766485171478,-9.766989250679735,-10.238469452080615,-8.667441073176171,-8.697162541430485,0.005215855484399512,0.6512530362380177,0.176319643909568,3.3210713371828704,2.737608990998456,0.017873338560789875,-10.513922421313435,-10.474672587343036,2026-08-27,-8.822885603059786,-8.165677403154815,2026-09-02,-7.534677105163817,-7.533454432643209,2026-08-28,-8.776843719475348,-7.906434899130373,2026-09-03
2026-08-27,True,7,0,86.62000274658203,65.94999694824219,86.27999877929688,64.83000183105469,2.7155731705787154e-05,0.003932960122088379,0.00014037483592140682,0.017279996380514438,6.277561243457045e-05,5.2377477596311766e-05,-0.01334703625842606,-0.0010426177195823443,2.824278341497424e-05,0.0028903424025061852,0.0009260060645458573,0.00014123232315298254,0.018054351523212553,0.2726339346053731,-0.015164009120706368,-10.513922421313435,-10.35092160244943,-9.766760770700904,-8.871194313765429,-9.412968212962848,-8.672504126952253,0.015164009120706368,1.921752381540437,0.7002449867277899,3.2943542860441064,2.721953108779221,0.017351299862306213,-7.534677105163817,-7.533454432643209,2026-08-28,-8.776843719475348,-7.906434899130373,2026-09-03,-9.693667783195778,-9.558548607907108,2026-08-31,-9.829011738925793,-8.09273876672971,2026-09-04
2026-08-28,True,7,0,83.81999969482422,63.130001068115234,86.55000305175781,67.19999694824219,0.0005342337369302281,-0.032431309973584885,0.002308975389568381,-0.06263554250039968,0.0006428468084810082,0.0011001811590088007,0.030204232526814805,-0.0008084506126117265,0.0005348873293232603,-0.03285912863880647,0.018776369226528342,0.0026615274308993014,-0.04370072359068011,0.2834755295572473,0.010841594951873645,-7.534677105163817,-8.922176352232437,-9.525874543693156,-6.0709514071471435,-7.528750170019439,-8.300822996247755,0.010841594951873645,1.3483519464635512,0.6074251853917149,3.288401887516811,2.674838082670172,-0.034819779348840285,-9.693667783195778,-9.558548607907108,2026-08-31,-9.829011738925793,-8.09273876672971,2026-09-04,-9.96637990543194,-7.311538354250672,2026-09-01,-9.975354976936362,-8.078803431166039,2026-09-08
2026-08-31,True,7,0,83.70999908447266,63.25,83.56999969482422,63.47999954223633,6.167278666909184e-05,0.0017933117969745954,0.00015483461503217288,-0.003787849564568773,3.05421077740306e-05,9.298264696361705e-05,0.0055811613615433684,-0.0029870384944722687,7.0595185636551e-05,-0.0013132051210069662,0.005528779148229085,0.00018540201390206563,0.0018990183087979062,0.28026330612744205,-0.0032122234298048724,-9.693667783195778,-8.890393944273342,-9.524807958255542,-8.773153010486986,-7.503036546666789,-8.29987714415071,0.0032122234298048724,0.3441776475416495,0.09492628317423228,3.2256528091472245,2.669309393934482,-0.043937457652369005,-9.96637990543194,-7.311538354250672,2026-09-01,-9.975354976936362,-8.078803431166039,2026-09-08,-9.616825871670237,-9.030472475367995,2026-09-02,-9.856442175691125,-8.326358845400172,2026-09-09
2026-09-01,True,7,0,81.3499984741211,60.88999938964844,81.6500015258789,61.41999816894531,4.695222768377287e-05,-0.003803982647686331,6.444699499804314e-05,-0.008830754102619498,1.8657341500049337e-05,4.637094059088334e-05,0.005026771454933167,-0.02491659563055227,0.0006677889655002292,-0.028597618826987414,-0.029359642406980593,0.0009264355972638164,-0.03802618001098601,0.28969186731144053,0.009428561183998596,-9.96637990543194,-8.879122884929984,-9.498995712560134,-9.649667454987357,-7.522313341760508,-8.296095592217345,0.009428561183998596,1.0172299708130454,0.567356123585617,3.1945831322991562,2.70270259988915,-0.0758450254006231,-9.616825871670237,-9.030472475367995,2026-09-02,-9.856442175691125,-8.326358845400172,2026-09-09,-9.690577509423557,-7.708821554888429,2026-09-03,-9.925262350651026,-8.309411972606307,2026-09-10
2026-09-02,True,7,0,82.55000305175781,62.099998474121094,81.94499969482422,61.7599983215332,6.659867525577187e-05,0.007355920543098568,5.265152854594262e-05,0.005329069295056645,1.1054994155193504e-05,5.40976048232605e-05,0.0020268512480419226,0.007287471883552831,0.00011970592170934492,0.014643392426650692,0.014186930942629536,0.000253920538116882,0.019677016771470157,0.284658242966621,-0.005033624344819465,-9.616825871670237,-8.822885603059786,-9.46975964410495,-9.85181528759408,-7.516089597358513,-8.308361436049978,0.005033624344819465,0.5442138559154772,0.1984193728796161,3.2359295794340284,2.793616098770161,-0.04523621775764397,-9.690577509423557,-7.708821554888429,2026-09-03,-9.925262350651026,-8.309411972606307,2026-09-10,-10.342226190759964,-8.413662543177265,2026-09-04,-9.991908836164544,-8.457823076270486,2026-09-11
2026-09-03,True,7,0,84.0999984741211,63.65999984741211,84.19000244140625,63.11000061035156,6.186366724891396e-05,-0.0011885680534134378,0.0002063546041906695,0.00875573013840338,5.720297938939263e-05,0.00010550764602509542,-0.009944298191816818,0.019671971013604912,0.00044885011080902584,0.018602341500542074,0.016133280899267976,0.0004666373567653544,0.024810455088913663,0.2784501293782493,-0.006208113588371589,-9.690577509423557,-8.776843719475348,-9.44605239435643,-8.4859144894841,-7.492133033187586,-8.285862726750793,0.006208113588371589,0.6870365287726464,0.2723277084069075,3.2634667081960758,2.721295415303884,-0.02952421865960808,-10.342226190759964,-8.413662543177265,2026-09-04,-9.991908836164544,-8.457823076270486,2026-09-11,-10.596373471086936,-9.293199892466884,2026-09-08,-9.898892165905377,-8.37299032490775,2026-09-14
2026-09-04,True,7,0,83.38999938964844,62.90999984741211,82.94999694824219,62.22999954223633,3.224246482822034e-05,0.005290410933528857,9.648697766499914e-05,0.010867939931313311,3.3858952702865606e-05,4.7435244895176934e-05,-0.005577528997784454,-0.013768568989153148,0.0002218159568372901,-0.008478158055624796,-0.022719228231897474,0.0006126503091180463,-0.01185128830058435,0.28182325962320903,0.0033731302449595546,-10.342226190759964,-9.829011738925793,-9.517071220511204,-9.246102505202122,-9.070970296924338,-8.282739528862948,0.0033731302449595546,0.3725730857561612,0.24128569307600564,3.3024814087229974,2.6616571402213416,-0.00514324807642641,-10.596373471086936,-9.293199892466884,2026-09-08,-9.898892165905377,-8.37299032490775,2026-09-14,-9.480430717925161,-8.022988176235343,2026-09-09,-9.917979370817708,-8.436643124695111,2026-09-15
2026-09-08,True,7,0,81.94999694824219,62.439998626708984,82.70999908447266,62.95000076293945,2.5006532403525716e-05,-0.009231234684116706,0.00010827663984794532,-0.00829483864818515,5.271080721610017e-05,4.0286182517685434e-05,-0.0009363960359315554,-0.008187888144962465,9.204804467794259e-05,-0.017419122829079647,0.0006356414536817377,0.00010868067990558395,-0.007499057502982076,0.2719031942971116,-0.009920065326097571,-10.596373471086936,-9.975354976936362,-9.552444386233004,-9.1308211257652,-9.155441768562278,-8.283363318170265,0.009920065326097571,1.0973751132736864,0.4847225310259181,3.282038399825841,2.6762154592044345,-0.02124916578449909,-9.480430717925161,-8.022988176235343,2026-09-09,-9.917979370817708,-8.436643124695111,2026-09-15,-9.920197937572123,-8.87108057292172,2026-09-10,-9.235350370097144,-8.311791895162145,2026-09-16
2026-09-09,True,7,0,82.69000244140625,63.869998931884766,83.26000213623047,64.31999969482422,7.633105292074138e-05,-0.006627764789483307,0.00047700533315755755,-0.00702086927583466,0.00021536999439444312,0.00016898319584192793,0.0003931044863513516,0.015858999473600626,0.0003278389172244063,0.008989437308308368,0.029664546472601784,0.0013569906505827086,0.02264367719676663,0.2582489544086534,-0.013654239888458264,-9.480430717925161,-9.856442175691125,-9.52191703753002,-7.647982886514625,-8.578244378078463,-8.22110453302478,0.013654239888458264,1.5020032527470146,0.7270125379404512,3.3054204262683866,2.7549338039876257,0.01633789035079669,-9.920197937572123,-8.87108057292172,2026-09-10,-9.235350370097144,-8.311791895162145,2026-09-16,-9.984864267710964,-8.184032860011209,2026-09-11,-9.29631836024027,-8.0611656962443,2026-09-17
2026-09-10,True,7,0,81.2699966430664,60.47999954223633,81.90399932861328,61.38999938964844,4.917142294966072e-05,-0.007770918058813378,0.00010176224615738197,-0.015264971288589356,2.7141014571698723e-05,6.189632726767198e-05,0.007494053229775977,-0.009550883740893664,0.00014039080318172767,-0.01732180179970655,-0.03960280535302149,0.0016701444379866898,-0.05453702654779402,0.2954641791567407,0.03721522474808747,-9.920197937572123,-9.925262350651026,-9.523463614927087,-9.192871385528589,-8.527358886429862,-8.264465135306784,0.03721522474808747,3.922697196248314,2.0685241120423408,3.3246762437544124,2.8009331396275767,-0.01562730387556055,-9.984864267710964,-8.184032860011209,2026-09-11,-9.29631836024027,-8.0611656962443,2026-09-17,-9.816389830044917,-8.06050768709247,2026-09-14,-9.233409309772345,-8.181820928691264,2026-09-18
2026-09-11,True,7,0,81.70999908447266,61.150001525878906,82.5199966430664,61.7599983215332,4.609231762574662e-05,-0.009741862635756986,9.72681082267357e-05,-0.010089572059436117,2.580951702133796e-05,5.877545441557217e-05,0.00034770942367913244,0.01526374406363362,0.0002790742004658572,0.00539947873284774,0.020943154236839158,0.0005358838176147697,0.011017162783796053,0.289846495105793,-0.005617684050948313,-9.984864267710964,-9.991908836164544,-9.51848269865173,-9.238039389953705,-8.64411867398361,-8.263003410949487,0.005617684050948313,0.6109594233110901,0.23020039579268894,3.349202086543775,2.881443135704996,-0.028830166643254884,-9.816389830044917,-8.06050768709247,2026-09-14,-9.233409309772345,-8.181820928691264,2026-09-18,-10.80695028235243,-10.779945410714259,2026-09-15,-9.27657875189059,-8.401607052918227,2026-09-21
2026-09-14,True,7,0,80.54000091552734,59.77000045776367,80.4000015258789,59.810001373291016,5.455016450342515e-05,0.0016155754855747186,0.00014135183886705797,-0.0003344558121629957,3.0502143872854528e-05,8.269992974881429e-05,0.0019500312977377143,-0.016162187028508503,0.00031576645404791367,-0.01442241540135214,-0.02215699306887094,0.0006322841807210528,-0.022826016591313447,0.29825009629575433,0.008403601189961307,-9.816389830044917,-9.898892165905377,-9.505017398349496,-8.864258464591588,-8.594436972962455,-8.24691100846232,0.008403601189961307,0.9195332415052437,0.5291410821113036,3.2457124788217606,2.7625383960193535,-0.03477442398898223,-10.80695028235243,-10.779945410714259,2026-09-15,-9.27657875189059,-8.401607052918227,2026-09-21,-8.054787218121378,-7.658587568663854,2026-09-16,-9.253495933274406,-8.38414670360175,2026-09-22
2026-09-15,True,7,0,80.77999877929688,60.459999084472656,80.5999984741211,60.43000030517578,2.0258212676634724e-05,0.0023545762427214997,0.00010283531998085475,0.000827048878895704,4.079363395389421e-05,4.114994935179763e-05,0.0015275273638257966,0.0007446637904123018,2.081273683738594e-05,0.0029754282331442283,0.010981804928622042,0.0002234353594711621,0.01147810371370106,0.2897474208151975,-0.008502675480556832,-10.80695028235243,-9.917979370817708,-9.504850425770805,-9.182381684372858,-8.600332605350358,-8.24298164765161,0.008502675480556832,0.9301120020968177,0.39025859138022856,3.2786530289040616,2.8390784858167852,-0.014379872926758352,-8.054787218121378,-7.658587568663854,2026-09-16,-9.253495933274406,-8.38414670360175,2026-09-22,-10.803483902516444,-7.620764889994409,2026-09-17,,,
2026-09-16,True,7,0,80.31999969482422,60.0099983215332,81.79000091552734,61.36000061035156,0.0003175779626498345,-0.01863448921794927,0.0006091673123447663,-0.02249695939311197,6.201633291894206e-05,0.0004323644710378294,0.0038624701751627,0.012425602916702512,0.00047197357049340045,-0.005710742879894148,0.014776192797443336,0.0008275031859319826,-0.00747078717698102,0.29150746511228376,0.0017600442970868713,-8.054787218121378,-9.235350370097144,-9.332336320033821,-7.403417595072323,-8.466134340210385,-8.159337487094996,0.0017600442970868713,0.1919045406276211,0.16428340511924305,3.292126286607793,2.844909428176351,-0.02908005311496087,-10.803483902516444,-7.620764889994409,2026-09-17,,,,-9.486322346691946,-9.212930144738664,2026-09-18,,,
2026-09-17,True,7,0,81.69000244140625,62.02000045776367,82.08000183105469,62.04999923706055,2.0328557186528415e-05,-0.0050076887806095125,9.6022431850498e-05,-0.0006448640609498547,7.676219309849128e-05,1.979439796926756e-05,-0.004362824719659658,0.021675751586710403,0.0004901667640353069,0.016912973096088635,0.033429312323420696,0.0012135413542673048,0.032945734021570416,0.2754747041868019,-0.01603276092548178,-10.803483902516444,-9.29631836024027,-9.358095737995779,-9.250928728682524,-8.471603370247733,-8.179497741598507,0.01603276092548178,1.7520670864133066,0.8242052537308439,3.279029747687948,2.8741294000992386,0.005154721780834315,-9.486322346691946,-9.212930144738664,2026-09-18,,,,-10.291904568815271,-10.130720092655954,2026-09-21,,,
2026-09-18,True,7,0,82.2300033569336,63.0099983215332,82.08999633789062,63.18000030517578,7.588266087032754e-05,0.001582434567256076,0.00012811801088012442,-0.0026943828883370727,2.4936311981073953e-05,8.953217988468901e-05,0.004276817455593149,0.0048845365092575295,9.974135778059727e-05,0.006588614566503281,0.018530879150991515,0.0004715114929887764,0.015836496262655153,0.26622682249065044,-0.009247881696151872,-9.486322346691946,-9.233409309772345,-9.368160179505134,-8.962558758787761,-8.442554368688409,-8.211467792784115,0.009247881696151872,1.0133265959318027,0.4683805446945331,3.2180755046974316,2.7369615174193824,0.006343857614489856,-10.291904568815271,-10.130720092655954,2026-09-21,,,,-10.375556080560072,-10.112121046426907,2026-09-22,,,
2026-09-21,True,7,0,81.66999816894531,62.7400016784668,82.02999877929688,63.22999954223633,3.390647466268101e-05,-0.004275841540832711,7.401044791293957e-05,-0.008098469325969072,2.1985977475665036e-05,4.296547254997777e-05,0.00382262778513636,-0.002435220673033068,3.983677438904864e-05,-0.0068335248564910245,0.0034854475150004473,8.615879229276236e-05,-0.004294187800591764,0.26368748543475146,-0.00253933705589926,-10.291904568815271,-9.27657875189059,-9.406069778413286,-9.511304286713496,-8.50709086917456,-8.237422338676346,0.00253933705589926,0.2825549913901642,0.10997370754716816,3.1488824530476656,2.6953026566130425,0.013932748159350972,-10.375556080560072,-10.112121046426907,2026-09-22,,,,,,,,,
2026-09-22,True,7,0,,,81.41999816894531,62.36000061035156,3.118553848933258e-05,0.007464098547650615,0.0002258713980434819,0.023925696873103017,9.93422073428258e-05,7.885736459499433e-05,-0.016461598325452402,-0.003065794364192652,4.0584633572848004e-05,,-0.006075175538145166,0.0002627791558627593,,,,-10.375556080560072,-9.253495933274406,-9.460159850544372,-8.395544755859797,-8.39215687912389,-8.302497910287633,,,,3.1518809560439225,2.6993457527759697,,,,,,,,,,,,,
