date,full_day,valid_bars,zero_volume_bars,g_close,s_close,g_open,s_open,grv,goc,srv,soc,qrv,gscov,qoc,governight,gtotalrv,gret,sovernight,stotalrv,sret,log_ratio,qret,grv1,grv5,grv22,srv1,srv5,srv22,q_abs,q_scaled,q_pressure,log_gvz,log_vix,gret5,future_rv_1_gap0,future_totalrv_1_gap0,end_1_gap0,future_rv_5_gap0,future_totalrv_5_gap0,end_5_gap0,future_rv_1_gap1,future_totalrv_1_gap1,end_1_gap1,future_rv_5_gap1,future_totalrv_5_gap1,end_5_gap1
2024-09-23,False,5,1,242.67999267578125,27.979999542236328,,,,,,,,,,,,,,,,2.1602537200165886,,,,,,,,,,,,,,-10.826624478313828,-10.469183503860448,2024-09-24,-10.815004655133755,-10.44683306892813,2024-09-30,-10.951067849540689,-10.937607380279891,2024-09-25,-10.71030185068946,-10.010639769579512,2024-10-01
2024-09-24,True,7,0,246.07000732421875,29.3799991607666,243.38999938964844,28.270000457763672,1.9863543757854772e-05,0.010829004485087541,0.0005676183393564828,0.038512954282886425,0.0004352745178146679,7.610368264983481e-05,-0.027683949797798885,0.002921419673838501,2.8398236668545426e-05,0.013872405171650115,0.010311235021112525,0.0006739399070171002,0.0488241893039989,2.12530193588424,-0.034951784132348784,-10.826624478313828,,,-7.474061302847144,,,0.034951784132348784,,,2.8746939451769347,2.765690002154839,,-10.951067849540689,-10.937607380279891,2024-09-25,-10.71030185068946,-10.010639769579512,2024-10-01,-11.448001381074228,-10.871322976025912,2024-09-26,-10.715083997363806,-10.01407379751253,2024-10-02
2024-09-25,True,7,0,245.72999572753906,29.059999465942383,246.19000244140625,29.100000381469727,1.753927598969441e-05,-0.0018702506491510315,0.00019116928556714031,-0.001719730251428464,0.00013835007490343044,3.517924332670216e-05,-0.0001505203977225679,0.0004875273927751408,1.7776958948400536e-05,-0.001382723256375229,-0.009575954894573267,0.00028286819771004205,-0.010951502416565617,2.13487071504443,0.009568779160190388,-10.951067849540689,,,-8.562351210590238,,,0.009568779160190388,,,2.9580304063699794,2.733717970158959,,-11.448001381074228,-10.871322976025912,2024-09-26,-10.715083997363806,-10.01407379751253,2024-10-02,-10.74959301176106,-10.453981882147282,2024-09-27,-10.755752507297768,-10.005407100479124,2024-10-03
2024-09-26,True,7,0,246.97999572753906,29.260000228881836,246.44000244140625,29.31999969482422,1.06707801290379e-05,0.002148310651192527,4.823758451817901e-05,-0.0020450735182991455,2.2774446532687073e-05,1.8066959057264915e-05,0.004193384169491672,0.002885211244256422,1.899522405302159e-05,0.005073989582053073,0.008907226845620023,0.00012757627459751304,0.0068587636499439775,2.133085940976539,-0.001784774067890904,-11.448001381074228,,,-9.93937207897605,,,0.001784774067890904,,,2.9512577834521614,2.7350166394301496,,-10.74959301176106,-10.453981882147282,2024-09-27,-10.755752507297768,-10.005407100479124,2024-10-03,-10.383112805629676,-9.879833030128365,2024-09-30,-10.72088813576031,-10.003656793262662,2024-10-04
2024-09-27,True,7,0,245.02000427246094,28.860000610351562,246.30999755859375,29.34000015258789,2.1454138121896805e-05,-0.005251037980376658,0.00015043153498067925,-0.01662692885827462,7.425262367716772e-05,4.8816524712704155e-05,0.01137589087789796,-0.0027164491072699387,2.8833233874284454e-05,-0.007967487087646496,0.0027303745011896525,0.0001578864798974259,-0.013764828919896388,2.1388832828087896,0.0057973418322498915,-10.74959301176106,,,-8.802002494353406,,,0.0057973418322498915,,,2.9349201341572337,2.7324175501047714,,-10.383112805629676,-9.879833030128365,2024-09-30,-10.72088813576031,-10.003656793262662,2024-10-04,-10.382994841210422,-9.135279414848842,2024-10-01,-10.974607669164353,-10.209304058291613,2024-10-07
2024-09-30,True,7,0,243.05999755859375,28.40999984741211,243.9199981689453,28.4950008392334,3.0950766121145555e-05,-0.0034085650973023837,0.00011326747584673285,-0.002987472243740817,3.780635774444587e-05,5.3205942111716266e-05,-0.00042109285356156656,-0.004499562130001438,5.119682548288863e-05,-0.008031540905022005,-0.012727911755511969,0.00027526721350283265,-0.015715383999252985,2.14656712590302,0.00768384309423098,-10.383112805629676,-10.815004655133755,,-9.08575849339359,-8.448857930523143,,0.00768384309423098,,,2.922623801733353,2.8308575763821904,0.0015646435046594576,-10.382994841210422,-9.135279414848842,2024-10-01,-10.974607669164353,-10.209304058291613,2024-10-07,-10.981885030305014,-10.981885030305014,2024-10-02,-10.5192144935024,-10.35527959251321,2024-10-08
2024-10-01,True,7,0,245.61000061035156,28.579999923706055,245.1999969482422,28.780000686645508,3.095441742565426e-05,0.0017114146866366855,2.960549346296944e-05,-0.006973555485413787,2.0434448431830126e-05,2.0062731228396788e-05,0.008684970172050473,0.008765875217867066,0.00010779498576087023,0.010436598143315656,0.012939534822473123,0.000197037054884964,0.005965979337059668,2.151037744709276,0.004470618806255988,-10.382994841210422,-10.71030185068946,,-10.427550623888763,-9.146968704393071,,0.004470618806255988,,,2.89480635496403,2.817203487636887,-0.0018711635236750013,-10.981885030305014,-10.981885030305014,2024-10-02,-10.5192144935024,-10.35527959251321,2024-10-08,-11.983624094763446,-10.77368233636059,2024-10-03,-10.590986094028327,-10.261214036637801,2024-10-09
2024-10-02,True,7,0,245.66000366210938,29.0,245.61000061035156,29.1299991607666,1.700700856556042e-05,0.00012213243494836427,0.0001140855532872383,-0.004127936138338839,6.25920173627876e-05,3.425027224500555e-05,0.004250068573287203,0.0,1.700700856556042e-05,0.00020356647666464056,0.019061372329173886,0.00047742146835863417,0.014588660154239985,2.136652651031701,-0.014385093677575345,-10.981885030305014,-10.715083997363806,,-9.078561923597738,-9.30327256881375,,0.014385093677575345,,,2.9215473753646144,2.9580304182537716,-0.00028487379063513174,-11.983624094763446,-10.77368233636059,2024-10-03,-10.590986094028327,-10.261214036637801,2024-10-09,-10.587213158381168,-10.440357521891606,2024-10-04,-10.511735762603365,-10.235434973196682,2024-10-10
2024-10-03,True,7,0,245.49000549316406,29.229999542236328,244.72000122070312,28.90999984741211,6.245657755684109e-06,0.0032637228823517534,5.803923781614798e-05,0.010665832073168506,2.969309657305687e-05,1.729589949938761e-05,-0.007402109190816752,-0.0038337761873646153,2.0943497610488072e-05,-0.0006922454344495677,-0.0031082792362508893,6.770063762665638e-05,0.007899733475932091,2.1280606721213187,-0.008591978910381659,-11.983624094763446,-10.755752507297768,,-9.754391262078828,-9.281988274812129,,0.008591978910381659,,,2.8942531046041373,2.939161901882013,-0.006051108807137773,-10.587213158381168,-10.440357521891606,2024-10-04,-10.511735762603365,-10.235434973196682,2024-10-10,-11.988964138916293,-11.601080381724065,2024-10-07,-10.606227715719891,-10.074708475294228,2024-10-11
2024-10-04,True,7,0,245.0,29.360000610351562,245.0,29.229999542236328,2.5236652436622862e-05,-4.0794737546341955e-05,0.00041065666364430874,0.004539844521060873,0.0003096567957071297,6.311826018690094e-05,-0.004580639258607213,-0.00199802503899798,2.9228756493085743e-05,-0.0019980250389979304,0.0,0.00041065666364430874,0.0044376610724494725,2.1216249860098717,-0.006435686111447403,-10.587213158381168,-10.72088813576031,,-7.797753060844569,-8.837874568818444,,0.006435686111447403,,,2.905807566026004,3.0199369510803917,-8.164675848920666e-05,-11.988964138916293,-11.601080381724065,2024-10-07,-10.606227715719891,-10.074708475294228,2024-10-11,-9.428990375548675,-9.399249454358836,2024-10-08,-10.608350075674263,-10.082377712500376,2024-10-14
2024-10-07,True,7,0,244.1699981689453,28.93000030517578,244.5800018310547,29.010000228881836,6.212394560016548e-06,-0.0015958404525942662,1.7875969187542407e-05,-0.002761476486260103,2.294848525542572e-05,5.69939246066615e-07,0.0011656360336658369,-0.0017157492969765561,9.156190210092094e-06,-0.003393514036765133,-0.011992618511786407,0.00016169886795678443,-0.014754094998046696,2.1329855669711533,0.011360580961281563,-11.988964138916293,-10.974607669164353,,-10.932053250571977,-8.978811408866905,,0.011360580961281563,,,2.8610573702273894,2.9554309291215706,0.004556380109767666,-9.428990375548675,-9.399249454358836,2024-10-08,-10.608350075674263,-10.082377712500376,2024-10-14,-11.780402327492169,-10.328090960361452,2024-10-09,-11.330875490474579,-10.46091760221509,2024-10-15
2024-10-08,True,7,0,242.3699951171875,28.010000228881836,243.7899932861328,28.40999984741211,8.036029270933105e-05,-0.005965487747230585,0.0005379990423880055,-0.014893895145084327,0.00024461168010530394,0.00018687382749601626,0.008928407397853742,-0.0015575250688073896,8.278617704929451e-05,-0.007399232494345043,-0.018137939041634375,0.00086698387506605,-0.03231753209335908,2.1579038665701673,0.024918299599014038,-9.428990375548675,-10.5192144935024,,-7.527653777752019,-8.387344162345183,,0.024918299599014038,,,2.8741294517947424,3.1197182263759906,-0.013279450527893033,-11.780402327492169,-10.328090960361452,2024-10-09,-11.330875490474579,-10.46091760221509,2024-10-15,-11.005297054042035,-10.576491668269917,2024-10-10,-11.205513168182096,-10.268244576743673,2024-10-16
2024-10-09,True,7,0,241.0500030517578,27.860000610351562,241.16000366210938,27.6200008392334,7.653080377159077e-06,-0.0004977618382990847,8.105544036985935e-05,0.008472288672837851,5.931600859721205e-05,1.469625607490319e-05,-0.008970050511136935,-0.005004835207019762,3.2701455826583616e-05,-0.005461070501716847,-0.014021419077315366,0.0002776556333115626,-0.005369607183981273,2.1578124032524313,-9.146331773557392e-05,-11.780402327492169,-10.590986094028327,,-9.420377188409624,-8.416781181375757,,9.146331773557392e-05,,,2.8701690505786455,3.0643250685814114,-0.01894408750627452,-11.005297054042035,-10.576491668269917,2024-10-10,-11.205513168182096,-10.268244576743673,2024-10-16,-11.253073748148509,-9.712762352605834,2024-10-11,-11.195576204816621,-10.281797113652985,2024-10-17
2024-10-10,True,7,0,242.82000732421875,28.3799991607666,241.77000427246094,27.969999313354492,1.6613464880074057e-05,0.004292355767742954,0.0001308250448910769,0.014552159496088582,7.097365364251492e-05,3.823242806431804e-05,-0.010259803728345626,0.0029824851642219243,2.5508682634877936e-05,0.007316064767088903,0.003940492405042812,0.00014635252528527698,0.01849265190113103,2.14663581611839,-0.011176587134042126,-11.005297054042035,-10.511735762603365,,-8.941649662567695,-8.35302528581848,,0.011176587134042126,,,2.8690346205080335,3.0378334788320487,-0.01093577730473605,-11.253073748148509,-9.712762352605834,2024-10-11,-11.195576204816621,-10.281797113652985,2024-10-17,-12.032134295019468,-11.794389986117363,2024-10-14,-11.125187931859598,-10.356552211711616,2024-10-18
2024-10-11,True,7,0,245.47000122070312,28.799999237060547,244.5,28.600000381469727,1.2967377880081946e-05,0.0037149872502984117,5.188421277764261e-05,0.00679503244428179,2.5074967350892305e-05,1.9888311653416127e-05,-0.0030800451939833784,0.006894850635937069,6.0506343171963746e-05,0.010854286868861251,0.007722089003309678,0.00011151487135267887,0.014690718490347088,2.1427993844969038,-0.0038364316214858363,-11.253073748148509,-10.606227715719891,,-9.866495999468071,-8.71608360521446,,0.0038364316214858363,,,2.848970892158587,3.041183551038691,0.0019165346031231323,-12.032134295019468,-11.794389986117363,2024-10-14,-11.125187931859598,-10.356552211711616,2024-10-18,-10.994139223460069,-10.987813924281697,2024-10-15,-10.902921856166264,-10.079323839881244,2024-10-21
2024-10-14,True,7,0,245.07000732421875,28.540000915527344,245.16000366210938,28.469999313354492,5.949911008819749e-06,-0.0004692138792727206,9.678049337589319e-05,0.0022805214695441767,7.837081221220255e-05,1.2179796086255209e-05,-0.002749735348816898,-0.0012636715926896264,7.546776902990486e-06,-0.0016308312397317337,-0.011524483479213223,0.0002295942128385517,-0.009068716523513487,2.150237269780685,0.007437885283781753,-12.032134295019468,-10.608350075674263,,-9.243065098700407,-8.624172534665933,,0.007437885283781753,,,2.848970892158587,3.0184717157762972,0.0036792174001565314,-10.994139223460069,-10.987813924281697,2024-10-15,-10.902921856166264,-10.079323839881244,2024-10-21,-11.064116751986463,-9.670424415554894,2024-10-16,-11.030993183882394,-9.896414323756336,2024-10-22
2024-10-15,True,7,0,245.9199981689453,28.709999084472656,244.99000549316406,28.520000457763672,1.6799873128474936e-05,0.003626216090146177,9.298089965240178e-05,0.006988108675038591,4.378816654994536e-05,3.299630311546568e-05,-0.003361892584892414,-0.0003264981009384881,1.6906474138391374e-05,0.0034623584364341653,-0.0007010325307188359,9.347234626152783e-05,0.00593881811674235,2.147760810100377,-0.002476459680308185,-10.994139223460069,-11.330875490474579,,-9.283116465986097,-9.307895669825855,,0.002476459680308185,,,2.8604851241459652,2.9806186744718333,0.01454080833093574,-11.064116751986463,-9.670424415554894,2024-10-16,-11.030993183882394,-9.896414323756336,2024-10-22,-10.965237812866425,-10.672568073704115,2024-10-17,-10.590882268342389,-9.863039061400228,2024-10-23
2024-10-16,True,7,0,247.14999389648438,28.90999984741211,247.6199951171875,29.1200008392334,1.5664449879511063e-05,-0.00206170918234414,0.00011472059297118898,-0.006891852219645819,7.176695906518315e-05,2.930904189275844e-05,0.004830143037301679,0.006889020929018015,6.31230592399593e-05,0.004989142712823025,0.014179789904137341,0.00031578703469666426,0.006942088506047384,2.1458078643071525,-0.0019529457932243588,-11.064116751986463,-11.205513168182096,,-9.073011012270072,-9.236291726930613,,0.0019529457932243588,,,2.8553201198372458,3.0272309110420648,0.02499102154547561,-10.965237812866425,-10.672568073704115,2024-10-17,-10.590882268342389,-9.863039061400228,2024-10-23,-10.926505517268755,-9.940753430368016,2024-10-18,-10.317513258519654,-9.472694025480848,2024-10-24
2024-10-17,True,7,0,248.6300048828125,28.889999389648438,247.75,28.920000076293945,1.7292497641393886e-05,0.0035054335138112788,6.363649688646989e-05,-0.0010379065772646908,5.028380822148227e-05,1.5322593153190746e-05,0.0045433400910759696,0.0024247581527216348,2.317194974058392e-05,0.005970452161761841,0.000345849178444067,6.375610854070033e-05,-0.0006920573988207224,2.152470373867735,0.0066625095605825635,-10.965237812866425,-11.195576204816621,,-9.662323401791191,-9.3846873408949,,0.0066625095605825635,,,2.851284369188118,2.97450863320584,0.02364540894014855,-10.926505517268755,-9.940753430368016,2024-10-18,-10.317513258519654,-9.472694025480848,2024-10-24,-10.62545958679751,-9.749628209631402,2024-10-21,-10.302184839961887,-9.519524942220999,2024-10-25
2024-10-18,True,7,0,251.27000427246094,30.639999389648438,250.0,29.469999313354492,1.797541589397542e-05,0.004987541511039174,0.0003178772758817372,0.0392598764864365,0.00026843923577664835,3.370672799953217e-05,-0.034272334975397334,0.005495050643108955,4.817099746430757e-05,0.010562207979592841,0.019877280098387375,0.000712983539991484,0.05881083160089773,2.1042217502464307,-0.04824862362130489,-10.926505517268755,-11.125187931859598,,-8.053845174572475,-8.894077025245988,,0.04824862362130489,,,2.866192902199006,2.9502117901910383,0.02335333005088014,-10.62545958679751,-9.749628209631402,2024-10-21,-10.302184839961887,-9.519524942220999,2024-10-25,-12.06840373430053,-9.738104848380612,2024-10-22,-10.436759613111144,-9.677571655261133,2024-10-28
2024-10-21,True,7,0,251.22000122070312,30.850000381469727,252.74000549316406,31.1299991607666,2.428966548413213e-05,-0.0059526346145921125,0.0001536455613022885,-0.009197317094084084,8.430141544138231e-05,4.681690567251915e-05,0.003244682479491971,0.005833238866250164,5.8316341154863625e-05,-0.00019902108052338718,0.01586563254222502,0.00040536385726719804,0.0068304377644037295,2.097192291401503,-0.007029458844927117,-10.62545958679751,-10.902921856166264,,-8.780862158172852,-8.814439755885195,,0.007029458844927117,,,2.87751164216656,2.8920370752987252,0.024785140210088485,-12.06840373430053,-9.738104848380612,2024-10-22,-10.436759613111144,-9.677571655261133,2024-10-28,-9.71409813919924,-9.543467584568454,2024-10-23,-10.22852208345727,-9.672565681218993,2024-10-29
2024-10-22,True,7,0,253.92999267578125,31.739999771118164,253.05999755859375,31.399999618530273,5.737977656871535e-06,0.0032744948325461967,7.145790793635016e-05,0.010612311225700687,5.635099209275769e-05,1.042244675023199e-05,-0.007337816393154492,0.007297550995371365,5.8992228186917136e-05,0.010729555523637302,0.01767111804878628,0.00038372632103049036,0.02844094517041107,2.0794809017547298,-0.017711389646773767,-12.06840373430053,-11.030993183882394,,-9.546401981807215,-8.84384087839218,,0.017711389646773767,,,2.900871992530031,2.9107189449120305,0.03205233729729162,-9.71409813919924,-9.543467584568454,2024-10-23,-10.22852208345727,-9.672565681218993,2024-10-29,-9.775668691792994,-8.82187224973745,2024-10-24,-10.568001227742174,-9.869934942203686,2024-10-30
2024-10-23,True,7,0,250.8699951171875,30.709999084472656,253.0800018310547,31.100000381469727,6.0425573567425995e-05,-0.008770794303536479,0.00022135282313512627,-0.012945152006496964,8.057563982737598e-05,0.00010060137843758813,0.004174357702960485,-0.003352958128078742,7.16679017760753e-05,-0.012123752431614676,-0.02036987643601902,0.0006362846891538093,-0.032989403246411086,2.1003465525695257,0.02086565081479641,-9.71409813919924,-10.590882268342389,-10.75837489645549,-8.41575264469928,-8.705971469876836,-8.70813279643853,0.02086565081479641,,,2.930126516455997,2.901421636002499,0.014939442152853921,-9.775668691792994,-8.82187224973745,2024-10-24,-10.568001227742174,-9.869934942203686,2024-10-30,-10.793726191535898,-10.395355056125231,2024-10-25,-10.494124544285384,-9.955531756889556,2024-10-31
2024-10-24,True,7,0,252.8000030517578,30.690000534057617,253.27000427246094,31.190000534057617,5.681735734878008e-05,-0.0018970522570426612,0.00047444842931480786,-0.016812567128695444,0.0002205827590573155,0.00015534151380313624,0.014915514871652782,0.00952127301602267,0.0001474719971944215,0.007663817134298867,0.015509243101727316,0.0007149850509032842,-0.0006514186073771633,2.1086617883112027,0.00831523574167603,-9.775668691792994,-10.317513258519654,-10.682354986467589,-7.65335763008891,-8.303064554556752,-8.734096870834165,0.00831523574167603,0.8154407792407148,,2.9433857931817817,2.956991433341415,0.016632807125390947,-10.793726191535898,-10.395355056125231,2024-10-25,-10.494124544285384,-9.955531756889556,2024-10-31,-12.664386581632082,-12.276223902576952,2024-10-28,-10.56367001041398,-9.993849445793453,2024-11-01
2024-10-25,True,7,0,253.32000732421875,30.6299991607666,252.0,30.579999923706055,2.0527888298322914e-05,0.005263906347483538,0.0001832151229837952,0.0016336954395978834,0.0001077584938181755,4.79922587319713e-05,0.003630210907885654,-0.0031695868331057756,3.0574168990920415e-05,0.0020548662166115506,-0.0035906880273071247,0.00019610816349324193,-0.0019569925877092054,2.1126736471155234,0.004011858804320756,-10.793726191535898,-10.302184839961887,-10.676452264410127,-8.604849560093045,-8.418144694496142,-8.736345044993412,0.004011858804320756,0.4132978525477472,,2.926382195419198,2.948640662021506,0.008125465362409656,-12.664386581632082,-12.276223902576952,2024-10-28,-10.56367001041398,-9.993849445793453,2024-11-01,-10.13433476901575,-9.711795518132622,2024-10-29,-10.570554979462157,-9.955575985517827,2024-11-04
2024-10-28,True,7,0,253.3300018310547,30.729999542236328,253.00999450683594,30.709999084472656,3.1617446394289256e-06,0.0012245486342926755,6.386774916554872e-05,0.0006510566053773963,4.5373755817778055e-05,1.082786899359979e-05,0.0005734920289152787,-0.001224548634293404,4.661263997178767e-06,3.945329776655626e-05,0.0026084111950864975,7.067155812820129e-05,0.0032594678004636,2.109453632612826,-0.003220014502697044,-12.664386581632082,-10.436759613111144,-10.691349879207339,-9.658696031883071,-8.502953032930613,-8.731932098055381,0.003220014502697044,0.3341979479376373,,2.9381031607173544,3.012097623887479,0.0083639397406996,-10.13433476901575,-9.711795518132622,2024-10-29,-10.570554979462157,-9.955575985517827,2024-11-04,-11.68360755696334,-11.090396071116425,2024-10-30,-10.630847292678222,-10.017786148366104,2024-11-05
2024-10-29,True,7,0,256.0899963378906,31.389999389648438,254.49000549316406,31.170000076293945,3.9693037280482555e-05,0.00613067247712155,0.00023665581387267444,0.007192562919937421,9.865607182590444e-05,8.884638966362627e-05,-0.001061890442815871,0.004568570213835822,6.0564871079230446e-05,0.010835937036952181,0.014216734980836955,0.00043877136738802757,0.02124999016364093,2.0990395794861376,-0.01041405312668875,-10.13433476901575,-10.22852208345727,-10.655542582006,-8.348903734524505,-8.352068711613553,-8.707931900486711,0.01041405312668875,1.0749199684573736,,2.9090844668283187,2.9856818991681933,0.008470321254014479,-11.68360755696334,-11.090396071116425,2024-10-30,-10.630847292678222,-10.017786148366104,2024-11-05,-9.615605379503107,-8.977141457126985,2024-10-31,-10.580287543353622,-8.342358304651855,2024-11-06
2024-10-30,True,7,0,257.5,30.809999465942383,256.760009765625,30.739999771118164,8.430895557928106e-06,0.0028002553754444557,1.8440081527586382e-05,0.0019499345440503538,1.8400992439065624e-05,4.234992323224433e-06,0.0008503208313941019,0.00261290358177633,1.5258160685587681e-05,0.00549078920793189,-0.020924620745005097,0.0004562798348498841,-0.01865005613505044,2.1231804248291195,0.02414084534298233,-11.68360755696334,-10.568001227742174,-10.699943548918595,-10.900983918609896,-8.540843470638801,-8.734358651205334,0.02414084534298233,2.4771803783622,,2.9183111265854063,2.9621754979149046,0.026084862893561045,-9.615605379503107,-8.977141457126985,2024-10-31,-10.580287543353622,-8.342358304651855,2024-11-06,-11.397494138534215,-10.740386493463161,2024-11-01,-10.50236178570439,-8.29267271498402,2024-11-07
2024-10-31,True,7,0,253.50999450683594,29.809999465942383,255.52000427246094,30.34000015258789,6.668000804017984e-05,-0.007503044818400185,0.0002801447123388338,-0.017958611040287214,0.00010112003649226988,0.00012285234194337185,0.010455566221887029,-0.007719018916436908,0.00012626326107249066,-0.015616471787271102,-0.015372316325020372,0.0005164528215353217,-0.03299540550007629,2.140559358541925,0.01737893371280519,-9.615605379503107,-10.494124544285384,-10.63039417965238,-8.180204258523988,-8.762680158239252,-8.66599773758377,0.01737893371280519,1.7916555235565599,,2.9274534328006965,3.013080930634045,0.0028045739719910756,-11.397494138534215,-10.740386493463161,2024-11-01,-10.50236178570439,-8.29267271498402,2024-11-07,-12.993383028532445,-11.207474541805585,2024-11-04,-10.495000471987893,-8.295876885533318,2024-11-08
2024-11-01,True,7,0,252.47000122070312,29.540000915527344,254.3300018310547,30.059999465942383,1.1223574356164956e-05,-0.007260977843361567,0.00010355462631424005,-0.017788647550137385,5.8187918705801684e-05,2.8295140982301655e-05,0.010527669706775818,0.0032293952535683793,2.1652568059934936e-05,-0.004110813705941574,0.00835147678384525,0.00017330179078534622,-0.009098581678560702,2.145547126514544,0.004987767972619128,-11.397494138534215,-10.56367001041398,-10.641330146937564,-9.175411294015506,-8.870071091517335,-8.66877900483737,0.004987767972619128,0.5044686040590138,,2.968361076757859,3.142426646116371,-0.003361105950562049,-12.993383028532445,-11.207474541805585,2024-11-04,-10.495000471987893,-8.295876885533318,2024-11-08,-10.343980673823404,-9.98141592215295,2024-11-05,-10.33454069171968,-7.97780797106689,2024-11-11
2024-11-04,True,7,0,252.8300018310547,29.6299991607666,253.32000732421875,29.799999237060547,2.275335534982023e-06,-0.001936207200958869,3.667825792341038e-05,-0.005754766256456059,2.9735911396798108e-05,4.60884103079715e-06,0.00381855905549719,0.0033611059505626725,1.3572368745889829e-05,0.0014248987496037202,0.008763059813329036,0.00011346947521539269,0.0030420251656657626,2.1439300000984822,-0.0016171264160620424,-12.993383028532445,-10.570554979462157,-10.648907515331178,-10.213326405613087,-8.909534555845468,-8.674444410645608,0.0016171264160620424,0.16372575612585386,,2.9595868269176377,3.0855729391975917,-0.001975660498724885,-10.343980673823404,-9.98141592215295,2024-11-05,-10.33454069171968,-7.97780797106689,2024-11-11,-11.127980902616812,-6.924586319384275,2024-11-06,-10.372661303905506,-7.982352353612556,2024-11-12
2024-11-05,True,7,0,253.39999389648438,29.75,253.77999877929688,29.950000762939453,3.2185945565298645e-05,-0.0017352995585125583,4.2621441038357796e-05,-0.006700218043590504,6.655637265801767e-06,3.407587466892735e-05,0.004964918485077946,0.0037504117985021216,4.6251534223642565e-05,0.0022519104403704304,0.010742016773529041,0.00015801236540113707,0.004041798729938595,2.142140111808913,-0.0017898882895681645,-10.343980673823404,-10.630847292678222,-10.635682239904279,-10.063153120547753,-9.248168687149361,-8.777461156064245,0.0017898882895681645,0.18121520229475388,,2.991222118076105,3.0901329281491026,-0.010559687095306636,-11.127980902616812,-6.924586319384275,2024-11-06,-10.372661303905506,-7.982352353612556,2024-11-12,-9.472000367887055,-8.58474392132444,2024-11-07,-9.952958025950242,-8.682631114145272,2024-11-13
2024-11-06,True,7,0,245.6999969482422,28.43000030517578,245.63499450683594,28.190000534057617,1.469532851740043e-05,0.0003460093637163014,0.00020593146328335308,0.00900506340303136,0.00012731655188860742,4.665511995607302e-05,-0.00865905403931506,-0.03112257190067954,0.000983309810230368,-0.030857976694085743,-0.053861807920686344,0.003107025815768263,-0.04538419559444362,2.156666330709271,0.014526218900357879,-11.127980902616812,-10.580287543353622,-10.619771805934382,-8.487967147040447,-8.919268300721587,-8.723498205066237,0.014526218900357879,1.5869712051335723,,2.9750192319564492,3.0199369510803917,-0.04690845299732427,-9.472000367887055,-8.58474392132444,2024-11-07,-9.952958025950242,-8.682631114145272,2024-11-13,-11.310929030365923,-10.94487365350965,2024-11-08,-10.154386650110263,-8.853865796243795,2024-11-14
2024-11-07,True,7,0,249.64999389648438,29.110000610351562,248.2899932861328,28.92099952697754,7.697727050861127e-05,0.005462521697909871,0.0002748313433136481,0.006857293664622732,7.991857737806477e-05,0.0001359450182220973,-0.001394771966712862,0.010486123693951556,0.0001869360606334635,0.015948645391861582,0.01712302208649495,0.000568029228688242,0.02363684232741159,2.148978133773721,-0.007688196935550007,-9.472000367887055,-10.50236178570439,-10.6260866260765,-8.199352945482541,-8.92724309584961,-8.799855824703107,0.007688196935550007,0.8171115201436914,,2.869601996409779,2.78932294936639,-0.015343335818191584,-11.310929030365923,-10.94487365350965,2024-11-08,-10.154386650110263,-8.853865796243795,2024-11-14,-10.543696473986278,-7.640045530193532,2024-11-11,-10.169406544218411,-8.8556356090122,2024-11-15
2024-11-08,True,7,0,247.9600067138672,28.479999542236328,249.07000732421875,28.969999313354492,1.2238436446167175e-05,-0.004345565938770302,0.00014275185899644097,-0.016883133719827748,7.866694716493232e-05,3.816167413883789e-05,0.012537567781057447,-0.0023259016374498204,1.764825487325893e-05,-0.006792442588198,-0.004820990645298794,0.00016599380979849946,-0.021879708253994323,2.1640653994395183,0.015087265665796323,-11.310929030365923,-10.495000471987893,-10.617537074498397,-8.854402686770806,-8.869855675257297,-8.781424454107215,0.015087265665796323,1.6759169568763272,,2.854744580253014,2.721295415303884,-0.01802496470044801,-10.543696473986278,-7.640045530193532,2024-11-11,-10.169406544218411,-8.8556356090122,2024-11-15,-10.553208524572536,-10.165480654645975,2024-11-12,-10.252923243965036,-9.197754196202576,2024-11-18
2024-11-11,True,7,0,242.13999938964844,27.969999313354492,242.72999572753906,27.969999313354492,2.6359113642601924e-05,-0.00255752602844738,3.760934460784728e-05,0.0003574702124352659,1.2256957721067547e-05,2.585575026469083e-05,-0.002914996240882646,-0.021317773023973943,0.00048080656034427306,-0.02375140115119212,-0.018069587806100955,0.0003641193480902396,-0.01806958780610124,2.1583835860944274,-0.00568181334509088,-10.543696473986278,-10.33454069171968,-10.599605180734153,-10.188258011641647,-8.868531754567996,-8.809404746321508,0.00568181334509088,0.627747288470095,,2.7669478423496954,2.704042151617877,-0.04320126460124385,-10.553208524572536,-10.165480654645975,2024-11-12,-10.252923243965036,-9.197754196202576,2024-11-18,-9.248572794534944,-8.998008812022414,2024-11-13,-10.29973809657935,-9.146447360510507,2024-11-19
2024-11-12,True,7,0,240.0500030517578,28.06999969482422,241.2899932861328,28.0,2.6109573122762658e-05,-0.005110619831984174,6.196160697993087e-05,0.002140545466408463,2.222647901951597e-05,3.2922350541588785e-05,-0.0072511652983926365,-0.003516566999739539,3.84758165864198e-05,-0.008668821068980037,0.0010720275106926558,6.311084996361277e-05,0.003568896837324864,2.1461458681881225,-0.012237717906304901,-10.553208524572536,-10.372661303905506,-10.575921872915345,-9.688995606988039,-8.841420835912839,-8.806341822739377,0.012237717906304901,1.3746448655831542,,2.7738379416402132,2.7060482162691324,-0.05412199611059432,-9.248572794534944,-8.998008812022414,2024-11-13,-10.29973809657935,-9.146447360510507,2024-11-19,-10.301902302357007,-9.83477906925692,2024-11-14,-11.025627448287864,-9.378006490758175,2024-11-20
2024-11-13,True,7,0,237.6300048828125,27.610000610351562,241.30999755859375,28.25,9.624892106871062e-05,-0.015325482923974312,0.00029634825380393337,-0.022915409544209526,7.694106919259601e-05,0.00015782805284002402,0.007589926620235215,0.005235156153169088,0.0001236557810167748,-0.010132384997697308,0.006392078090614103,0.0003372069161204422,-0.016523331453595524,2.1525368146440207,0.0063909464558982165,-9.248572794534944,-9.952958025950242,-10.426800082131956,-8.123975262091525,-8.723599584061056,-8.74754113693269,0.0063909464558982165,0.718472745890377,,2.7880929087757464,2.688527537206614,-0.03339640441420588,-10.301902302357007,-9.83477906925692,2024-11-14,-11.025627448287864,-9.378006490758175,2024-11-20,-11.581362672638484,-11.019115351066246,2024-11-15,-11.41161686804682,-9.385167801176516,2024-11-21
2024-11-14,True,7,0,237.00999450683594,27.809999465942383,236.57000732421875,27.59000015258789,3.356917568585714e-05,0.0019003656016785483,6.204532780407283e-05,0.007582599492980289,1.7822017257017643e-05,3.8896243116456174e-05,-0.005682233891301741,-0.004470684507896677,5.355619565500449e-05,-0.00261255153137796,-0.000724654288495043,6.257045164190709e-05,0.0072176009938349495,2.1427066621188073,-0.00983015252521291,-10.301902302357007,-10.154386650110263,-10.40139816893546,-9.687645346423857,-9.026825540430771,-8.756432608447465,0.00983015252521291,1.1055637797625852,,2.8361502037295256,2.640484914257205,-0.051957601337445425,-11.581362672638484,-11.019115351066246,2024-11-15,-11.41161686804682,-9.385167801176516,2024-11-21,-11.417135852819868,-8.201435490162543,2024-11-18,-11.156764125601901,-9.277436063116644,2024-11-22
2024-11-15,True,7,0,236.58999633789062,27.56999969482422,237.63999938964844,28.040000915527344,9.338520970132054e-06,-0.004343702261576097,0.00010241578060018862,-0.01708522340102052,5.9878839151970105e-05,2.593773120917528e-05,0.01274152113944442,0.002654609758270673,1.6385473938837936e-05,-0.0017736414154017055,0.008236445775074465,0.00017025481960593062,-0.008667435075495167,2.1496004557789012,0.006893793660093461,-11.581362672638484,-10.169406544218411,-10.410904965360517,-9.186469749808479,-9.096332785396287,-8.759991339906678,0.006893793660093461,0.7811745184393012,,2.855895328366192,2.6609586228916786,-0.04693880016464913,-11.417135852819868,-8.201435490162543,2024-11-18,-11.156764125601901,-9.277436063116644,2024-11-22,-10.922496069320998,-9.639092556473662,2024-11-19,-10.866282803766321,-8.822757152278498,2024-11-25
2024-11-18,True,7,0,241.08999633789062,28.3799991607666,240.4600067138672,28.18000030517578,1.100527502021301e-05,0.0024506100442062365,0.0001306065706815614,0.006895958501515651,8.372273236367431e-05,2.8944556669050055e-05,-0.004445348457309414,0.016225113722212834,0.0002742595903189522,0.018841622825925164,0.021884303333470613,0.0006095293030729144,0.028956428194019335,2.1394856504108066,-0.01011480536809417,-11.417135852819868,-10.252923243965036,-10.420444000843329,-8.943321030890116,-8.942793346065116,-8.740773953973545,0.01011480536809417,1.1501626531997,,2.843163674909384,2.78130062502572,-0.004345776187531847,-10.922496069320998,-9.639092556473662,2024-11-19,-10.866282803766321,-8.822757152278498,2024-11-25,-11.571086461244624,-11.213956835614633,2024-11-20,-10.935527232812927,-8.896791617738046,2024-11-26
2024-11-19,True,7,0,243.25,28.5,242.75,28.459999084472656,1.804763206508752e-05,0.0019342814003451858,4.2292476019990015e-05,0.001229102246125587,7.94784874917149e-06,2.6196129667953022e-05,0.0007051791542195985,0.00686181460002795,6.513213167024426e-05,0.008919428494707837,0.002814918332190389,5.0216241236891535e-05,0.0042194451140051825,2.1441856337915097,0.004699983380702655,-10.922496069320998,-10.29973809657935,-10.420333915576025,-10.070901359600967,-8.973359544613395,-8.822336971436988,0.004699983380702655,0.529263338686098,,2.831447079246135,2.7459880355456865,0.013242473376156028,-11.571086461244624,-11.213956835614633,2024-11-20,-10.935527232812927,-8.896791617738046,2024-11-26,-11.800008251717545,-9.892763651929496,2024-11-21,-10.869418910880583,-8.809070509709695,2024-11-27
2024-11-20,True,7,0,244.6199951171875,28.100000381469727,243.74000549316406,28.389999389648438,9.434980355398796e-06,0.0035221422737817852,3.405033733467426e-05,-0.00973371538280761,4.7129221873292595e-05,-1.8219520916097738e-06,0.013255857656589397,0.002012384866223893,1.3484673205205752e-05,0.0056162450322965185,-0.0038671382885474737,4.9005095877424146e-05,-0.014134497359469922,2.1639363761832753,0.01975074239176644,-11.571086461244624,-11.025627448287864,-10.44323722215584,-10.287670618378936,-9.50764057082743,-8.859913575171223,0.01975074239176644,2.412611817900034,,2.8820035082256483,2.794227920674744,0.028991103406149854,-11.800008251717545,-9.892763651929496,2024-11-21,-10.869418910880583,-8.809070509709695,2024-11-27,-10.58078062126123,-9.654483177117458,2024-11-22,,,2024-11-29
2024-11-21,True,7,0,246.66000366210938,28.040000915527344,246.22999572753906,28.270000457763672,7.504495989840144e-06,0.0016232165020810094,6.808577394658925e-05,-0.007812583128621327,4.779383708094095e-05,1.3898216427744226e-05,0.009435799630702336,0.006560075029789166,5.0539080386303474e-05,0.00830491888622209,0.006031597982923683,0.00010446594817419829,-0.0021374950979851093,2.1743787901674825,0.0104424139842072,-11.800008251717545,-11.41161686804682,-10.44048592060883,-9.594742266094052,-9.491507874173884,-8.860993835113554,0.0104424139842072,1.2919621705991307,,2.9090844668283187,2.842581085167748,0.039908573823749904,-10.58078062126123,-9.654483177117458,2024-11-22,,,2024-11-29,-10.258181463753747,-7.517638149302696,2024-11-25,,,2024-12-02
2024-11-22,True,7,0,249.83999633789062,28.469999313354492,248.1999969482422,28.270000457763672,2.539951137673516e-05,0.006625901743985514,9.18601673063651e-05,0.006698372594731022,4.6126298473345145e-05,3.556669010487755e-05,-7.247085074550859e-05,0.006223975490314962,6.413738228077653e-05,0.012809813332371967,0.008169093080908827,0.00015859424907091756,0.015218782354583738,2.171969821145271,-0.002408969022211771,-10.58078062126123,-11.156764125601901,-10.49650310198247,-9.295243057749266,-9.51987188022166,-8.903385043885566,0.002408969022211771,0.2989350591402845,,2.8673305587494666,2.825536946304965,0.054492028571523576,-10.258181463753747,-7.517638149302696,2024-11-25,,,2024-12-02,-11.359218763596083,-11.284958850214005,2024-11-26,,,2024-12-03
2024-11-25,True,7,0,242.47999572753906,27.6299991607666,244.27000427246094,27.719999313354492,3.5069404869199174e-05,-0.007313693310621788,7.056454574472332e-05,-0.0028901727336554557,6.500948884969414e-05,2.0312230882114176e-05,-0.004423520576966333,-0.022546509939362643,0.0005434145153149775,-0.0299014831873059,-0.026696727620792813,0.0007832798114035252,-0.029948768610400744,2.172017106568366,4.728542309484496e-05,-10.258181463753747,-10.866282803766321,-10.532932807980957,-9.558982724521089,-9.698578686032574,-9.04847949656233,4.728542309484496e-05,0.005939817867649768,,2.864483986944037,2.723923535240007,0.005748922558292513,-11.359218763596083,-11.284958850214005,2024-11-26,,,2024-12-03,-11.073237177435725,-9.482034344172474,2024-11-27,,,2024-12-04
2024-11-26,True,7,0,242.9499969482422,27.799999237060547,242.7100067138672,27.799999237060547,1.1661488067725262e-05,0.0009883056133899292,2.929233320265419e-05,-0.00035971655382513977,6.385484956900618e-06,1.7284168156739414e-05,0.001348022167215069,0.0009481275475642268,1.2560433914175417e-05,0.001936433160953932,0.006133884691392979,6.691687460995933e-05,0.006133884691392755,2.1678196550379276,-0.004197451530438823,-11.359218763596083,-10.935527232812927,-10.54817420129114,-10.43818474162005,-9.741868292000115,-9.109833032483145,0.004197451530438823,0.559401315643403,,2.8791984572980396,2.6810215548423537,-0.0012340727754613923,-11.073237177435725,-9.482034344172474,2024-11-27,,,2024-12-04,,,2024-11-29,,,2024-12-05
2024-11-27,True,7,0,243.49000549316406,27.450000762939453,244.85000610351562,27.75,1.5522232957423573e-05,-0.0055699065982411505,8.063705014143219e-05,-0.01105184931013122,3.1520213870262195e-05,3.231953461429679e-05,0.0054819427118900695,0.007790154785243253,7.620874453547193e-05,0.002220248187002838,-0.001800153060282319,8.387760118187599e-05,-0.012669797503399138,2.182709700728329,0.014890045690401976,-11.073237177435725,-10.869418910880583,-10.526989686686926,-9.4255523348977,-9.59470995264457,-9.102963141208617,0.014890045690401976,2.0709760119703384,,2.833213344056216,2.6461748244387127,-0.004630069620755073,,,2024-11-29,,,2024-12-05,-11.222051824946087,-10.032469000731647,2024-12-02,-10.735636877293759,-10.13196960638743,2024-12-06
2024-11-29,False,3,0,245.58999633789062,27.920000076293945,245.25,27.969999313354492,,,,,,,,0.007202201967816967,,0.008587567442534194,0.018766286915184963,,0.016977084877436432,2.174320183293427,-0.008389517434902238,,,,,,,0.008389517434902238,1.1740251845714684,,2.805781689595545,2.6461748244387127,-0.004347421064442969,-11.222051824946087,-10.032469000731647,2024-12-02,-10.735636877293759,-10.13196960638743,2024-12-06,-10.341994213145199,-9.552920197619088,2024-12-03,-10.765253942324438,-9.565550481030323,2024-12-09
2024-12-02,True,7,0,243.44000244140625,27.790000915527344,244.2357940673828,27.810100555419922,1.3375955547289923e-05,-0.003181442229447055,2.235961035845025e-05,-0.0007230073412242003,1.7226885821766078e-05,9.254340041987047e-06,-0.0024584348882228553,-0.005529336132413171,4.394951361249976e-05,-0.008792948302693837,-0.003943996586638142,3.791471943386356e-05,-0.0046670039278624564,2.170194238918595,-0.004125944374831381,-11.222051824946087,,,-10.708254335658802,,,0.004125944374831381,,,2.7954503913830435,2.603430168913768,-0.025950182699508773,-10.341994213145199,-9.552920197619088,2024-12-03,-10.765253942324438,-9.565550481030323,2024-12-09,-12.608619907443858,-10.815754561132891,2024-12-04,-11.079547099220608,-9.468959628349047,2024-12-10
2024-12-03,True,7,0,243.92999267578125,28.280000686645508,244.9600067138672,28.229999542236328,3.224994522591423e-05,-0.004172655894071442,6.999473404734528e-05,0.0014159618481645658,1.9800506726710614e-05,4.122208627327446e-05,-0.005588617742236008,0.0062244436998917544,7.099364459903638e-05,0.002010753244455543,0.015708949350993533,0.0003167658237594254,0.017478588609722845,2.1547264035533282,-0.015467835365267302,-10.341994213145199,,,-9.567090546639742,,,0.015467835365267302,,,2.7930039069823738,2.5907670519258503,0.00596205373225267,-12.608619907443858,-10.815754561132891,2024-12-04,-11.079547099220608,-9.468959628349047,2024-12-10,-10.018665442733004,-9.932312747284769,2024-12-05,-10.859433478445798,-9.439430368892747,2024-12-11
2024-12-04,True,7,0,244.6699981689453,28.530000686645508,244.92999267578125,28.361000061035156,3.343073690836832e-06,-0.001062069183566498,6.107272161260604e-05,0.005239946827461454,5.4106499006564605e-05,5.1546481484391285e-06,-0.006302016011027952,0.004091156669643852,2.0080636586408205e-05,0.003029087486077664,0.002860098816620766,6.925288685344155e-05,0.00880132398427591,2.1489541670551304,-0.005772236498198247,-12.608619907443858,,,-9.703445246262833,,,0.005772236498198247,,,2.785628335747585,2.5877640495686753,0.007054708057376402,-10.018665442733004,-9.932312747284769,2024-12-05,-10.859433478445798,-9.439430368892747,2024-12-11,-11.091002125283087,-11.085566115222782,2024-12-06,-11.270152539095982,-9.169610065965806,2024-12-12
2024-12-05,True,7,0,242.86000061035156,28.559999465942383,244.17999267578125,28.489999771118164,4.456037963553865e-05,-0.0053381139344754296,9.757242230663704e-05,0.002103768903039268,2.760754275065941e-05,5.7262629595758125e-05,-0.007441882837514698,-0.0020047281024825852,4.8579314400422075e-05,-0.007425208209173917,-0.001403048816842584,9.954096828908041e-05,0.0010509294789877721,2.1404780293669683,-0.008476137688161689,-10.018665442733004,,,-9.234915662805992,,,0.008476137688161689,,,2.767576180416237,2.598979091866817,-0.0025907483388003527,-11.091002125283087,-11.085566115222782,2024-12-06,-11.270152539095982,-9.169610065965806,2024-12-12,-11.492975450529368,-8.539809845053714,2024-12-09,-11.24546212218726,-9.088185583920824,2024-12-13
2024-12-06,True,7,0,242.9499969482422,28.25,242.7899932861328,28.31999969482422,1.5248916215336381e-05,0.0007000038483858115,5.405220303342738e-05,-0.0031830319996442123,3.4085132248046915e-05,1.7607993500358427e-05,0.0038830358480300238,-0.00028830361611650553,1.5332035190402233e-05,0.00037050015179751483,-0.008438860722349135,0.00012526657332463434,-0.010913661179436929,2.151762190698203,0.011284161331234444,-11.091002125283087,-10.735636877293759,,-9.825560255534345,-9.70446722828723,,0.011284161331234444,,,2.768204123921957,2.605648264666775,-0.010807815629537032,-11.492975450529368,-8.539809845053714,2024-12-09,-11.24546212218726,-9.088185583920824,2024-12-13,-12.488670806892273,-9.146998977602934,2024-12-10,-11.266006771021642,-9.435400613571824,2024-12-16
2024-12-09,True,7,0,245.36000061035156,28.979999542236328,246.27999877929688,29.209999084472656,1.0201503459668328e-05,-0.0037425727928708337,6.280040907501388e-05,-0.007905163960018788,2.390825931096299e-05,2.4546826611859607e-05,0.0041625911671479545,0.01361344679578999,0.00019552743712147308,0.009870874002919194,0.033417627464256916,0.001179538234414872,0.02551246350423808,2.1361206011968834,-0.015641589501318887,-11.492975450529368,-10.765253942324438,,-9.675548970577994,-9.57997756382333,,0.015641589501318887,,,2.7107133185216936,2.54709870589125,0.007856006676076,-12.488670806892273,-9.146998977602934,2024-12-10,-11.266006771021642,-9.435400613571824,2024-12-16,-10.709482510725191,-10.360752076390252,2024-12-11,-11.216383314445968,-9.658950530861993,2024-12-17
2024-12-10,True,7,0,248.58999633789062,28.989999771118164,247.86000061035156,29.170000076293945,3.7691132103504395e-06,0.002659269287898234,5.954601286923487e-05,-0.006189851456758773,5.6701839832952495e-05,3.3066431233164016e-06,0.008849120744657006,0.010137550805641564,0.00010653904954731436,0.013078415980993796,0.006534865398435157,0.00010225047864489995,0.00034501394167651966,2.148854003236201,0.012733402039317276,-12.488670806892273,-11.079547099220608,,-9.728761218741452,-9.610687293684084,,0.012733402039317276,,,2.7568403652716422,2.6525374616006543,0.018923669412614252,-10.709482510725191,-10.360752076390252,2024-12-11,-11.216383314445968,-9.658950530861993,2024-12-17,-11.315119618449524,-8.6695497235233,2024-12-12,-10.238830868984294,-9.375029983661424,2024-12-18
2024-12-11,True,7,0,250.9600067138672,29.040000915527344,249.35000610351562,28.950000762939453,2.233216569938663e-05,0.006057411260817751,0.00011991812098916933,0.0031039911103201666,5.41848361916196e-05,4.403272524846819e-05,0.002953420150497584,0.003052618195270145,3.165064354548099e-05,0.00948865236059504,-0.0013807046656662493,0.00012182446636296187,0.0017232864446539153,2.1566193691521423,0.007765365915941125,-10.709482510725191,-10.859433478445798,,-9.028701373162193,-9.448878899470637,,0.007765365915941125,,,2.7936160894318567,2.6518325426255456,0.02538323428713163,-11.315119618449524,-8.6695497235233,2024-12-12,-10.238830868984294,-9.375029983661424,2024-12-18,-10.991620145421328,-9.729350262710447,2024-12-13,-10.240734702183854,-9.837247541591196,2024-12-19
2024-12-12,True,7,0,247.27999877929688,28.200000762939453,247.80999755859375,28.6200008392334,1.2187257510050088e-05,-0.0021410207666298533,0.00011901201565572561,-0.01442931089171965,0.00010442485864403733,1.3387207260869175e-05,0.012288290125089796,-0.012631276981191722,0.00017173641568563394,-0.014772297747821739,-0.014568418031394765,0.0003312508195931937,-0.029352216484360483,2.171199287888681,0.014579918736538744,-11.315119618449524,-11.270152539095982,,-9.03628609805321,-9.39587806710895,,0.014579918736538744,,,2.8249439525737094,2.608598116512439,0.018036144748483807,-10.991620145421328,-9.729350262710447,2024-12-13,-10.240734702183854,-9.837247541591196,2024-12-19,-11.632501156230589,-10.421102793601264,2024-12-16,-10.242055467198483,-9.787109655376984,2024-12-20
2024-12-13,True,7,0,244.2899932861328,27.75,245.6699981689453,27.84000015258789,1.6842246668646072e-05,-0.005182962172924881,0.00011372073833856648,-0.0028776970634793626,6.91696415106959e-05,3.0696671748258315e-05,-0.0023052651094455185,-0.006532128390442563,5.951094797787182e-05,-0.012165276223374377,-0.012848164051552362,0.00027879605783416887,-0.016086164806214498,2.175120176471521,0.003920888582840121,-10.991620145421328,-11.24546212218726,,-9.081764778601721,-9.26163935705843,,0.003920888582840121,,,2.7363136663750693,2.6333266603871603,0.005500368373311915,-11.632501156230589,-10.421102793601264,2024-12-16,-10.242055467198483,-9.787109655376984,2024-12-20,-11.865989129132597,-10.536011008310691,2024-12-17,-10.230443109188458,-9.842247287976617,2024-12-23
2024-12-16,True,7,0,244.8800048828125,27.799999237060547,245.41000366210938,27.90999984741211,8.872968446607636e-06,-0.00218241990051945,3.248296018091248e-05,-0.0037691704659909547,1.1018847755915052e-05,1.5168540435802532e-05,0.0015867505654715043,0.004574279501259981,2.97970014022549e-05,0.0024122979128051725,0.005749201888646826,6.553628253733271e-05,0.0018001530602820282,2.1757323213240443,0.0006121448525231443,-11.632501156230589,-11.266006771021642,,-10.334794908248773,-9.327593889776276,,0.0006121448525231443,,,2.749192144433385,2.6253929978061894,-0.0019582077168021073,-11.865989129132597,-10.536011008310691,2024-12-17,-10.230443109188458,-9.842247287976617,2024-12-23,-8.918825618563286,-8.899393881599032,2024-12-18,,,2024-12-24
2024-12-17,True,7,0,243.94000244140625,27.809999465942383,243.8000030517578,27.709999084472656,7.025324658125126e-06,0.0008609559832740577,1.9442024470262582e-05,0.0032426674174401374,2.612733000784308e-05,1.7000956027231476e-07,-0.0023817114341660797,-0.004420085012134749,2.656247617262337e-05,-0.00384601115345351,-0.0032426674174403005,2.995691645039153e-05,0.00035965578934993303,2.171526654381241,-0.004205666942803443,-11.865989129132597,-11.216383314445968,,-10.848073624937314,-9.422109212213313,,0.004205666942803443,,,2.733067964077498,2.687166961621,-0.018882634851249414,-8.918825618563286,-8.899393881599032,2024-12-18,,,2024-12-24,-11.343416720869785,-11.122320992575437,2024-12-19,,,2024-12-26
2024-12-18,True,7,0,239.25999450683594,26.850000381469727,243.5449981689453,27.555999755859375,0.00013384533801001503,-0.01758371519092533,0.00028568130068064665,-0.02558207505262036,3.329149981607684e-05,0.00019311756943729238,0.007998359861695028,-0.001620580565210188,0.000136471619378352,-0.019371499639531997,-0.009175360170925202,0.0003698685349468472,-0.035129813879763105,2.187284968621472,0.01575831424023111,-8.918825618563286,-10.238830868984294,,-8.160633701759831,-9.078717480561368,,0.01575831424023111,,,2.7498317351171653,2.76443052732717,-0.04774278685137645,-11.343416720869785,-11.122320992575437,2024-12-19,,,2024-12-26,-11.00570228046516,-9.52169720244527,2024-12-20,,,2024-12-27
2024-12-19,True,7,0,239.60000610351562,26.520000457763672,239.6699981689453,26.56999969482422,1.1847227063221719e-05,-0.00020865468772405128,0.00021452091748207737,-0.0018835657072593746,0.000141509140116965,4.242950221416704e-05,0.0016749110195353224,0.0017121657383766503,1.477873857889258e-05,0.0014200879312813441,-0.010483086876317644,0.0003244160279385006,-0.012366652583577054,2.2010717091363303,0.013786740514858398,-11.343416720869785,-10.240734702183854,,-8.447103306951753,-8.923887142514076,,0.013786740514858398,,,2.805781689595545,3.318540178366135,-0.03155040117227337,-11.00570228046516,-9.52169720244527,2024-12-20,,,2024-12-27,-11.421776292140155,-11.125590415326814,2024-12-23,,,2024-12-30
2024-12-20,True,7,0,242.10000610351562,26.920000076293945,241.41000366210938,26.610000610351562,1.6606734028976463e-05,0.002854141158915755,0.0001065178632743382,0.011582399684103968,6.605201320767727e-05,2.8536292047818687e-05,-0.008728258525188215,0.0075258562807528845,7.32452467875241e-05,0.01037999743966811,0.0033879253477869156,0.00011799590143651529,0.014970325031890663,2.1964813815441078,-0.004590327592222554,-11.00570228046516,-10.242055467198483,,-9.147197856604468,-8.93476367569687,,0.004590327592222554,,,2.761906873892921,3.1817968229608558,-0.009005127509230881,-11.421776292140155,-11.125590415326814,2024-12-23,,,2024-12-30,,,2024-12-24,,,2024-12-31
2024-12-23,True,7,0,240.9600067138672,26.989999771118164,241.6300048828125,26.93000030517578,1.0954324018225332e-05,-0.0028182203243508706,3.109958379851773e-05,0.002595947848635243,1.743735957444856e-05,1.230827412114725e-05,-0.005414168172986114,-0.0019432384095639432,1.4730499534629935e-05,-0.004719916680210545,0.00037141054506780775,3.123752959150529e-05,0.0025969109390415746,2.1891645539248556,-0.00731682761925212,-11.421776292140155,-10.230443109188458,,-10.378316121552952,-8.936866221163601,,0.00731682761925212,,,2.7555697170701863,2.910174418435893,-0.0161373421022466,,,2024-12-24,,,2024-12-31,-10.692343898641585,-10.174260868119967,2024-12-26,-10.984376692822428,-9.950331351296013,2025-01-02
2024-12-24,False,3,0,241.44000244140625,27.020000457763672,241.49000549316406,27.0,,,,,,,,0.0021971146402428032,,0.0019900326568702553,0.0003704474546617318,,0.0011109309240455723,2.1900436556576803,0.0008791017328246831,,,,,,,0.0008791017328246831,,,2.7434173449395014,2.8201877419595305,-0.010301298291922834,-10.692343898641585,-10.174260868119967,2024-12-26,-10.984376692822428,-9.950331351296013,2025-01-02,-11.52472176611051,-9.573778651956987,2024-12-27,-11.158940990723774,-10.022840377082101,2025-01-03
2024-12-26,True,7,0,243.07000732421875,27.139999389648438,242.38999938964844,27.1200008392334,2.271820667825087e-05,0.002883733375197196,0.00011425364317403998,0.00036860171968301856,5.020137126923885e-05,4.338523929152599e-05,0.002515131655514178,0.003926991569322565,3.8139469463781376e-05,0.006728492701914668,0.003694144543665262,0.0001279003470835318,0.004431282444005813,2.192340865915589,0.002297210257908855,-10.692343898641585,,,-9.077089640960596,,,0.002297210257908855,,,2.688527534613346,2.6581594635674883,0.01579869404952383,-11.52472176611051,-9.573778651956987,2024-12-27,-11.158940990723774,-10.022840377082101,2025-01-03,-10.49457796833427,-10.432965370627496,2024-12-30,-10.935894586820266,-10.112562006134361,2025-01-06
2024-12-27,True,7,0,241.39999389648438,26.760000228881836,241.1999969482422,26.889999389648438,9.882730024436938e-06,0.0008702957951833975,5.648523787565271e-05,-0.0040990816794243086,3.470827231246584e-05,1.58298477938119e-05,0.004969377474607706,-0.007723045632673774,6.952816386879839e-05,-0.00689421445370364,-0.009254184335033076,0.0001421251655824243,-0.01410038810455827,2.1995470395664443,0.00720617365085463,-11.52472176611051,,,-9.78153123048766,,,0.00720617365085463,,,2.7206373166076814,2.689886199397575,0.0074843916645388475,-10.49457796833427,-10.432965370627496,2024-12-30,-10.935894586820266,-10.112562006134361,2025-01-06,-11.357647303460759,-11.126237041560001,2024-12-31,-11.0495093558407,-9.7814985802252,2025-01-07
2024-12-30,True,7,0,240.6300048828125,26.43000030517578,241.0800018310547,26.600000381469727,2.7686158346777292e-05,-0.001785265823565767,0.00014150664873538023,-0.0069791648529686345,5.9451096432131646e-05,5.4870855325012925e-05,0.005193899029402867,-0.0013264471695453323,2.9445620440372117e-05,-0.00319477904087595,-0.005997013684540084,0.00017747082186794126,-0.012408503650395364,2.2087607641759632,0.009213724609519414,-10.49457796833427,,,-8.863163854455673,,,0.009213724609519414,,,2.6858045921548905,2.7694588172725547,-0.006090384816005212,-11.357647303460759,-11.126237041560001,2024-12-31,-11.0495093558407,-9.7814985802252,2025-01-07,-11.261660660111843,-9.352769766583622,2025-01-02,-11.031352724985751,-9.710416025542385,2025-01-08
2024-12-31,True,7,0,242.1300048828125,26.329999923706055,241.0500030517578,26.229999542236328,1.1679828037834015e-05,0.004408449069696167,3.066624397448363e-05,0.0030452983266766277,3.542856809531958e-05,3.4587519584990378e-06,0.0013631507430195392,0.0017438891731712297,1.472097748613785e-05,0.006214287831739718,-0.007595963735895932,8.83649090515297e-05,-0.0037907695521526286,2.2187658215598556,0.010005057383892346,-11.357647303460759,,,-10.392348053119088,,,0.010005057383892346,,,2.7093826463359885,2.8564701842969358,0.004843819695945051,-11.261660660111843,-9.352769766583622,2025-01-02,-11.031352724985751,-9.710416025542385,2025-01-08,-11.603788025044118,-10.749598813301363,2025-01-03,-10.873879688175954,-9.659805498921102,2025-01-10
2025-01-02,True,7,0,245.4199981689453,26.93000030517578,244.22000122070312,26.719999313354492,1.2856504857540434e-05,0.005023784667493615,4.165565019709744e-05,0.007457184639992253,1.817021384549775e-05,1.8170970604570065e-05,-0.002433399972498638,0.008594671232782054,8.672487845715182e-05,0.013496228917031061,0.014703352360020972,0.0002578442208200317,0.022531947545081366,2.2097301029318053,-0.009035718628050304,-11.261660660111843,-10.984376692822428,,-10.086073539558335,-9.47282934193178,,0.009035718628050304,,,2.6823904543216326,2.8535925283795955,0.016350015956105857,-11.603788025044118,-10.749598813301363,2025-01-03,-10.873879688175954,-9.659805498921102,2025-01-10,-10.494683266366536,-9.89377058335571,2025-01-06,-10.859355946354786,-9.52439509812229,2025-01-13
2025-01-03,True,7,0,243.49000549316406,26.979999542236328,244.55999755859375,27.190000534057617,9.131432046097147e-06,-0.004425881521485694,5.797650777357511e-05,-0.00793875300027071,3.688629569378728e-05,1.5110822062942488e-05,0.003512871478785016,-0.0035103534877721004,2.1454013655210895e-05,-0.007895124609843762,0.009608360130377696,0.00015029709216860681,0.001854915657137468,2.199980062664824,-0.00975004026698123,-11.603788025044118,-11.158940990723774,,-9.755472667854695,-9.631050227332956,,0.00975004026698123,,,2.712706012638404,2.886475304637442,0.0017263986443474266,-10.494683266366536,-9.89377058335571,2025-01-06,-10.859355946354786,-9.52439509812229,2025-01-13,-10.918288855790635,-9.123728599234859,2025-01-07,-10.98008376146732,-9.620590946170458,2025-01-14
2025-01-06,True,7,0,243.19000244140625,27.239999771118164,242.3300018310547,27.1299991607666,2.7683243202264567e-05,0.0034809201364808078,0.00016993302863189128,0.0033118762604860564,6.423170878293926e-05,6.669228152560829e-05,0.00016904387599475136,-0.004775455308995233,5.048821661047532e-05,-0.0012328556129919122,0.005544261924230178,0.0002006718689163598,0.009590639066062945,2.189156567985769,-0.010823494679054857,-10.494683266366536,-10.935894586820266,,-8.680106147756563,-9.33423134470715,,0.010823494679054857,,,2.673458756332591,2.780680840107767,0.007387757485059154,-10.918288855790635,-9.123728599234859,2025-01-07,-10.98008376146732,-9.620590946170458,2025-01-14,-11.240153931137229,-10.245190726606268,2025-01-08,-10.960827699411231,-9.844525372268638,2025-01-15
2025-01-07,True,7,0,244.55999755859375,27.329999923706055,245.52000427246094,27.639999389648438,1.8123722258511326e-05,-0.0037541795070422075,3.682167013685428e-05,-0.010913139940359091,3.8440883364359123e-05,8.25225451550324e-06,0.007158960433316885,0.009535386848498882,0.00010904732460903677,0.00561762673506383,0.014577503938390333,0.00024932529121063997,0.0032985242694998362,2.1914756704513327,0.0023191024655639936,-10.918288855790635,-11.0495093558407,,-10.209424023686308,-9.604707983574704,,0.0023191024655639936,,,2.6919208191723265,2.7750856595161313,0.016200163260998934,-11.240153931137229,-10.245190726606268,2025-01-08,-10.960827699411231,-9.844525372268638,2025-01-15,-10.532376050917255,-9.185968422313826,2025-01-10,-11.049315230619504,-9.787672606418381,2025-01-16
2025-01-08,True,7,0,245.86000061035156,27.399999618530273,245.72000122070312,27.610000610351562,1.3136000973600597e-05,0.0004475663167731415,4.530245146738584e-05,-0.0069053711316523735,5.65537746777972e-05,9.423388815946217e-07,0.007352937448425516,0.0047320136638617635,3.552795428857503e-05,0.005301603121984577,0.010193050899846009,0.00014920073811423737,0.0025580023233771065,2.19421927124994,0.0027436007986074706,-11.240153931137229,-11.031352724985751,,-10.002149410661685,-9.56220033170239,,0.0027436007986074706,,,2.6864860231863696,2.8803214049171983,0.015287478551243794,-10.532376050917255,-9.185968422313826,2025-01-10,-11.049315230619504,-9.787672606418381,2025-01-16,-11.462483474701205,-9.600293034323913,2025-01-13,-11.225212932605741,-10.101878114084956,2025-01-17
2025-01-10,True,7,0,248.2100067138672,27.610000610351562,248.00999450683594,27.93000030517578,2.6659205338467082e-05,0.0011686590209960411,6.398314770783689e-05,-0.011161212517401889,6.73685549284336e-05,1.163689905893519e-05,0.01232987153839793,0.008706775062020077,0.0001024671373190818,0.009512918374949386,0.019158391411764963,0.00043102710919422637,0.007635048576469128,2.196097141048421,0.0018778697984802584,-10.532376050917255,-10.873879688175954,,-9.656890826343677,-9.500647738919747,,0.0018778697984802584,,,2.695977619867941,2.8735646826837065,0.011304168009162119,-11.462483474701205,-9.600293034323913,2025-01-13,-11.225212932605741,-10.101878114084956,2025-01-17,-10.996989038204765,-10.98284560539432,2025-01-14,-11.240234863053198,-9.859707885938894,2025-01-21
2025-01-13,True,7,0,245.74000549316406,26.959999084472656,246.33999633789062,27.0,1.0517358506716e-05,-0.0026420920521595323,1.0105991146805692e-05,-0.0016680599311159226,8.43538012550019e-06,6.093984764010752e-06,-0.0009740321210436097,-0.007562508449400248,6.770889255396614e-05,-0.010001100303675514,-0.022341182043911265,0.0005092344062659889,-0.023823795962864214,2.2099198367076096,0.0138226956591887,-11.462483474701205,-10.859355946354786,,-11.502382127128417,-9.637602450142893,,0.0138226956591887,,,2.758109400974947,2.972463693468645,0.009198192315330367,-10.996989038204765,-10.98284560539432,2025-01-14,-11.240234863053198,-9.859707885938894,2025-01-21,-10.83083872318441,-10.066262591212732,2025-01-15,-11.464139959320585,-9.831432269357457,2025-01-22
2025-01-14,True,7,0,247.02999877929688,27.200000762939453,245.6199951171875,27.030000686645508,1.6752064757181186e-05,0.005683716003182375,7.695136264182734e-05,0.007371904183217568,2.9442650613346534e-05,3.2130388392831e-05,-0.0016881881800351935,-0.0004884824902875518,1.6990679900498713e-05,0.005235693007988651,0.0025931336060690782,8.367570454075216e-05,0.008862749265819314,2.2062927804497785,-0.003627056257830663,-10.996989038204765,-10.98008376146732,,-9.47233698969027,-9.973203729399456,,0.003627056257830663,,,2.725890119230541,2.954389337849604,0.01566674093631093,-10.83083872318441,-10.066262591212732,2025-01-15,-11.464139959320585,-9.831432269357457,2025-01-22,-12.060843711421711,-9.882877552693992,2025-01-16,-11.61476775010124,-9.854710002886218,2025-01-23
2025-01-15,True,7,0,248.8800048828125,27.959999084472656,248.2100067138672,27.690000534057617,1.978001005981974e-05,0.0026153027034138327,5.115416360915251e-05,0.010061126194619675,1.8470855339278634e-05,2.6231659164846807e-05,-0.007445823491205842,0.0047654072956872405,4.2489116753608916e-05,0.007461090407550941,0.017854355118695712,0.00036993216031364827,0.027557883270230565,2.186195987587099,-0.020096792862679624,-10.83083872318441,-10.960827699411231,,-9.880666668896007,-9.913549538667562,,0.020096792862679624,,,2.70805020110221,2.9290580913534825,0.01751020460879804,-12.060843711421711,-9.882877552693992,2025-01-16,-11.61476775010124,-9.854710002886218,2025-01-23,-11.188110717358331,-10.527762023389721,2025-01-17,-11.185838117323863,-9.733397809957665,2025-01-24
2025-01-16,True,7,0,250.60000610351562,28.040000915527344,250.55999755859375,27.979999542236328,5.781521287265973e-06,-3.131175874138137e-16,4.4567325620466824e-05,0.0023204128037657363,2.0928734056845958e-05,1.4710056425443422e-05,-0.0023204128037660494,0.006727530850114182,5.104119262650402e-05,0.006887194609051406,0.0007150682555200575,4.507864823051932e-05,0.002857210195723603,2.1902259720004267,0.004029984413327803,-12.060843711421711,-11.049315230619504,,-10.01850957683424,-9.916524198630858,,0.004029984413327803,,,2.7232671669070703,2.780060789140106,0.01909579609586487,-11.188110717358331,-10.527762023389721,2025-01-17,-11.185838117323863,-9.733397809957665,2025-01-24,-11.561763814913023,-8.996160484185076,2025-01-21,-11.161218277591425,-9.61229279367627,2025-01-27
2025-01-17,True,7,0,249.27000427246094,27.610000610351562,249.6999969482422,27.5,1.3837742747458024e-05,-0.00184387534835219,6.296652298458484e-05,0.0043541736936090775,3.354822549236641e-05,2.162802011983823e-05,-0.0061980490419612675,-0.003597881753546496,2.678249585996083e-05,-0.0053214033326849375,-0.019446090144624405,0.0004411169448974433,-0.015454046768909269,2.2003586154366515,0.010132643436224331,-11.188110717358331,-11.225212932605741,,-9.672907354002831,-9.920652568098888,,0.010132643436224331,,,2.7343675094195836,2.8094027183426014,0.004261474388230546,-11.561763814913023,-8.996160484185076,2025-01-21,-11.161218277591425,-9.61229279367627,2025-01-27,-12.540949556281124,-10.617599568130032,2025-01-22,-11.242088357748273,-9.951258901030576,2025-01-28
2025-01-21,True,7,0,253.1300048828125,28.040000915527344,251.9499969482422,27.940000534057617,9.523350622738607e-06,0.004435516228028372,2.3085595793361932e-05,0.0025022245001886344,2.2735101770538298e-05,4.936922322781118e-06,0.001933291727839737,0.01069397952916187,0.00012388454879287174,0.015366546556983884,0.01188132489502106,0.00016425147705440913,0.015454046768909269,2.200271115224726,-8.750021192538426e-05,-11.561763814913023,-11.240234863053198,,-10.676301693659047,-9.869182862287401,,8.750021192538426e-05,,,2.7067159780890733,2.7707119789475727,0.029629121248889945,-12.540949556281124,-10.617599568130032,2025-01-22,-11.242088357748273,-9.951258901030576,2025-01-28,-11.294685610273165,-10.223496790570087,2025-01-23,-10.8244695439657,-9.873840559764826,2025-01-29
2025-01-22,True,7,0,254.42999267578125,28.049999237060547,254.2899932861328,27.959999084472656,3.5771307109983963e-06,0.0003931984990325815,3.579234350736702e-05,0.0030354810592855518,3.1067342450376405e-05,4.151065883994506e-06,-0.00264228256025297,0.0045721115770959875,2.4481334984413555e-05,0.00512251021306831,-0.0028572101957235565,4.395599360991366e-05,0.00035650995228753146,2.2050371154855073,0.004766000260780778,-12.540949556281124,-11.464139959320585,,-10.237776555940052,-10.04244644047714,,0.004766000260780778,,,2.740840023925201,2.7120422502347417,0.029515938453969603,-11.294685610273165,-10.223496790570087,2025-01-23,-10.8244695439657,-9.873840559764826,2025-01-29,-10.415345278781205,-9.374068137483166,2025-01-24,-10.885848437044363,-9.52399665659483,2025-01-30
2025-01-23,True,7,0,254.07000732421875,27.770000457763672,253.19000244140625,27.520000457763672,1.2438853835932511e-05,0.0034696437672735985,4.7440400906288656e-05,0.008704688428335935,1.7788604441303046e-05,2.104532515045906e-05,-0.005235044661062336,-0.004885515593039093,3.630711644576063e-05,-0.0014158718257650804,-0.019075575070440318,0.00041131796517429283,-0.010032286966621395,2.213653530626363,0.008616415140856315,-11.294685610273165,-11.61476775010124,,-9.956036352503416,-10.059663400509802,,0.008616415140856315,,,2.7239235502585,2.714694769083774,0.020638976220653582,-10.415345278781205,-9.374068137483166,2025-01-24,-10.885848437044363,-9.52399665659483,2025-01-30,-11.070407149576805,-9.642108750935991,2025-01-27,-11.04675042618646,-9.680622200792683,2025-01-31
2025-01-24,True,7,0,255.64999389648438,27.90999984741211,255.9600067138672,27.940000534057617,2.9969052898664592e-05,-0.0010554257507798294,1.332322142485177e-05,-0.0010743308621709666,1.1052392008907169e-05,1.6119941157304603e-05,1.890511139113725e-05,0.007411360072222009,8.489731101879122e-05,0.006199449222330067,0.006103055140445744,5.057050347217299e-05,0.005028724278274499,2.2148242555704187,0.0011707249440555678,-10.415345278781205,-11.185838117323863,,-11.226002073380121,-10.217606228209652,,0.0011707249440555678,,,2.7047112998366956,2.7093826768129303,0.019951230833932243,-11.070407149576805,-9.642108750935991,2025-01-27,-11.04675042618646,-9.680622200792683,2025-01-31,-12.428762910984238,-10.493493552016686,2025-01-28,-11.125968607530966,-9.797115553964806,2025-02-03
2025-01-27,True,7,0,252.99000549316406,27.459999084472656,253.86000061035156,27.5,1.556622352703425e-05,-0.0033143824919293265,0.0001656698613014494,-0.001091529561539302,0.00016039763392424074,1.0419225452121449e-05,-0.0022228529303900263,-0.007026361287193897,6.493597646521133e-05,-0.010459313683880644,-0.014799037408564673,0.00038468136952154596,-0.016254675081664782,2.220619616968203,0.005795361397784138,-11.070407149576805,-11.161218277591425,,-8.705513537211925,-9.77136717465825,,0.005795361397784138,,,2.6979998652487085,2.6979998909369054,0.014813320482736536,-12.428762910984238,-10.493493552016686,2025-01-28,-11.125968607530966,-9.797115553964806,2025-02-03,-10.18967663590516,-10.038938313293055,2025-01-29,-11.08304564601843,-9.688192679074293,2025-02-04
2025-01-28,True,7,0,255.17999267578125,27.6299991607666,254.22500610351562,27.530000686645508,4.001813554438823e-06,0.0035142778770019677,5.674411519500196e-05,0.0036257644650988363,5.819037741308322e-05,1.2777756681787736e-06,-0.000111486588096869,0.004869741717893975,2.7716197953435785e-05,0.008619165823802177,0.0025459770968081206,6.322611457247346e-05,0.00617174156190714,2.223067041230098,0.002447424261895037,-12.428762910984238,-11.242088357748273,,-9.776958603984038,-9.659851596708254,,0.002447424261895037,,,2.7232671669070703,2.8848006915355513,0.008065939749554829,-10.18967663590516,-10.038938313293055,2025-01-29,-11.08304564601843,-9.688192679074293,2025-02-04,-11.941648877250085,-8.84452095498889,2025-01-30,-11.275950373824863,-9.580706207713133,2025-02-05
2025-01-29,True,7,0,254.1999969482422,28.0,254.5500030517578,28.059999465942383,3.755602890546774e-05,-0.0011792574085105253,6.774836885670774e-05,-0.0017834581981626997,1.6638327867718766e-05,4.433303494722836e-05,0.000604200789652174,-0.0024718574542512547,4.366610817960523e-05,-0.0038478030414186293,0.015442947080279986,0.00030623298338103587,0.013302401613870973,2.2059168365748083,-0.017150204655289603,-10.18967663590516,-10.8244695439657,-11.023625733812139,-9.599710174410045,-9.564373187457246,-9.652280754427501,0.017150204655289603,,,2.738256043159276,2.79789089580353,-0.00090437350493211,-11.941648877250085,-8.84452095498889,2025-01-30,-11.275950373824863,-9.580706207713133,2025-02-05,-11.039376142664947,-10.352111609545018,2025-01-31,-10.975926340833634,-9.974212426969466,2025-02-06
2025-01-30,True,7,0,258.04998779296875,28.719999313354492,257.20001220703125,28.649999618530273,6.5134005693070656e-06,0.002989618894930297,2.349587542010433e-05,0.0024402904258296254,1.7240884685604052e-05,6.384195651903675e-06,0.0005493284691006715,0.011732693074692454,0.00014416948735424334,0.015031970539816086,0.022948919670719957,0.0005501487894732617,0.025389210096549597,2.1955595970180743,-0.01035723955673351,-11.941648877250085,-10.885848437044363,-11.069833637601539,-10.658685666256666,-9.635045052799281,-9.718611885330493,0.01035723955673351,1.6282725066681716,,2.6973262377392344,2.806990116707257,0.015543468860649057,-11.039376142664947,-10.352111609545018,2025-01-31,-10.975926340833634,-9.974212426969466,2025-02-06,-11.564579526886806,-10.395105852379572,2025-02-03,-10.64994479373603,-9.734964454906548,2025-02-07
2025-01-31,True,7,0,258.55999755859375,28.510000228881836,259.0799865722656,28.770000457763672,1.605683178344231e-05,-0.0020477908573858015,5.332374251831058e-05,-0.008727581877887802,2.3592912672076942e-05,2.2893830814837977e-05,0.006679791020502,0.003983525196361357,3.1925304773488094e-05,0.001974448600582157,0.0017394732028489942,5.6349509541740316e-05,-0.0073388093190480674,2.204872854937705,0.009313257919630225,-11.039376142664947,-11.04675042618646,-11.051975541348519,-9.839128875351188,-9.519635769896011,-9.721003706221842,0.009313257919630225,1.4920315278948024,,2.7781979610042917,2.7625383960193535,0.011318468238901147,-11.564579526886806,-10.395105852379572,2025-02-03,-10.64994479373603,-9.734964454906548,2025-02-07,-11.837160229701308,-9.72594072889388,2025-02-04,-10.56718287536603,-9.165929976747124,2025-02-10
2025-02-03,True,7,0,259.94000244140625,28.670000076293945,259.75,28.549999237060547,9.49657332662764e-06,0.00046185720506548063,0.00012789564554003833,0.004194373177289917,0.00014143372593351965,-2.0207535334268607e-06,-0.003732515972224437,0.004591864088926285,3.058178913779846e-05,0.005323078655223412,0.001401998426390598,0.00012986124512764005,0.005596371603680428,2.204599561989248,-0.0002732929484570157,-11.564579526886806,-11.125968607530966,-11.105529211187164,-8.964295895775795,-9.628259467455127,-9.731366911989998,0.0002732929484570157,0.04406959424434616,,2.761274962339508,2.7991089506234785,0.027100860578005204,-11.837160229701308,-9.72594072889388,2025-02-04,-10.56718287536603,-9.165929976747124,2025-02-10,-10.634425201625024,-9.447962475447332,2025-02-05,-10.491792955945474,-9.237606868140077,2025-02-11
2025-02-04,True,7,0,262.5,29.219999313354492,261.8299865722656,29.110000610351562,7.2308046866040765e-06,0.002555695114068924,0.00014958984440710174,0.0037716040987847855,9.980497713763628e-05,2.8507835978034772e-05,-0.0012159089847158609,0.007244542371975231,5.9714198865948575e-05,0.009800237486044416,0.01523049616822125,0.0003815578579373039,0.019002100267005773,2.195397699208287,-0.009201862780961356,-11.837160229701308,-11.08304564601843,-11.119076440490948,-8.807613379707453,-9.37981644225287,-9.644256276919041,0.009201862780961356,1.4167819290403512,,2.821973947420524,2.924236316920531,0.028281932240247443,-10.634425201625024,-9.447962475447332,2025-02-05,-10.491792955945474,-9.237606868140077,2025-02-11,-10.459095221705352,-10.354215888175137,2025-02-06,-10.468647710915699,-9.34702624513703,2025-02-12
2025-02-05,True,7,0,264.1300048828125,29.350000381469727,264.45001220703125,29.360000610351562,2.4072867017114535e-05,-0.0011729225993076732,4.820518292403428e-05,-0.0001703506127680044,1.8096337246477324e-05,2.7090856347335748e-05,-0.0010025719865396684,0.007401161640382295,7.885006064418087e-05,0.0061903426424301244,0.004779841711464279,7.105206971068805e-05,0.004439176447978976,2.197148865402738,0.001751166194451148,-10.634425201625024,-11.275950373824863,-11.085268332689154,-9.940044013144327,-9.427227806637799,-9.63967233455713,0.001751166194451148,0.2607300260870263,,2.839663087904102,2.8454905570260416,0.038320077924096196,-10.459095221705352,-10.354215888175137,2025-02-06,-10.468647710915699,-9.34702624513703,2025-02-12,-9.923193867648719,-9.26284864998301,2025-02-07,-10.55361598638417,-9.363970288015178,2025-02-13
2025-02-06,True,7,0,263.42999267578125,29.3799991607666,263.6600036621094,29.239999771118164,2.868617605762091e-05,-0.0007588868511272488,7.679093558298627e-05,0.0049467207998027405,2.8237426485613018e-05,3.861984257749709e-05,-0.005705607650929989,-0.0017810164547701203,3.185819566978284e-05,-0.0026537744373777983,-0.003754932217488766,9.089045154092137e-05,0.0010215829095749918,2.1934735080557854,-0.00367535734695279,-10.459095221705352,-10.975926340833634,-11.028929346115522,-9.474423951039494,-9.30288261391794,-9.626620021557017,0.00367535734695279,0.5472419976127058,,2.844327819394758,2.7581094300024462,0.020634332946902312,-9.923193867648719,-9.26284864998301,2025-02-07,-10.55361598638417,-9.363970288015178,2025-02-13,-10.833773024913102,-8.264884905746326,2025-02-10,-10.221967353856693,-9.349505752183886,2025-02-14
2025-02-07,True,7,0,263.8999938964844,29.030000686645508,265.2200012207031,29.56999969482422,4.902432925596849e-05,-0.004837861013522065,0.00018235784736727229,-0.018086102060914717,5.7774725264628085e-05,8.680372567930633e-05,0.013248241047392655,0.006772024615327969,9.488464664657642e-05,0.0017825701444094122,0.006446181362987976,0.0002239111015318058,-0.011984340491444367,2.2072404186916392,0.01376691063585378,-9.923193867648719,-10.64994479373603,-10.97086267059165,-8.609539606991884,-9.053611095323832,-9.618092901471003,0.01376691063585378,2.0588144223750198,,2.7893229212309465,2.740840023925201,0.020442454490729567,-10.833773024913102,-8.264884905746326,2025-02-10,-10.221967353856693,-9.349505752183886,2025-02-14,-10.964143372230568,-10.655981886453192,2025-02-11,-10.302278425828653,-9.586171378729663,2025-02-18
2025-02-10,True,7,0,268.3699951171875,29.200000762939453,268.0,29.149999618530273,1.972205461307512e-05,0.0012678390041955222,5.8108621412374675e-05,0.0013713034518718376,2.9242454145639717e-05,2.4294110939905044e-05,-0.00010346444767631545,0.015416760129716526,0.00025739854751029225,0.016796386802506724,0.0041250980205602555,7.512505509160482e-05,0.005838933712797978,2.2181978717813475,0.010957453089708746,-10.833773024913102,-10.56718287536603,-10.966646543561065,-9.753196515917498,-9.18067976580272,-9.603650627329504,0.010957453089708746,1.6440702896971204,,2.7868613815264998,2.805781744947862,0.03191576263801288,-10.964143372230568,-10.655981886453192,2025-02-11,-10.302278425828653,-9.586171378729663,2025-02-18,-10.507771176873213,-10.468374849140286,2025-02-12,-10.229833732149535,-9.567807970427308,2025-02-19
2025-02-11,True,7,0,267.3900146484375,29.0,267.70001220703125,28.860000610351562,1.7311433613766787e-05,-0.0013457532809700544,4.520016529439115e-05,0.004494360543937168,6.314924079803589e-05,-3.188209449389685e-07,-0.0058401138249072225,-0.0024996110576724294,2.355948905340507e-05,-0.00365828558987058,-0.011712160907871846,0.00018237487842627262,-0.00687290541582497,2.221412491607302,0.00321461982595439,-10.964143372230568,-10.491792955945474,-10.955715613979507,-10.004409814177219,-9.407176146071057,-9.603719527720129,0.00321461982595439,0.4846118103727655,,2.8673305587494666,2.760642677762601,0.018457239562097882,-10.507771176873213,-10.468374849140286,2025-02-12,-10.229833732149535,-9.567807970427308,2025-02-19,-10.975638395738063,-10.615581998572704,2025-02-13,-10.31759037941405,-9.599771606157535,2025-02-20
2025-02-12,True,7,0,267.6700134277344,29.34000015258789,267.1099853515625,29.200000762939453,2.7323288061182207e-05,0.0021690999644642037,6.782967720687878e-05,0.004101131207700455,2.9831777173665537e-05,3.266059404719773e-05,-0.0019320312432362522,-0.001047817857795525,2.8421210324297408e-05,0.0010466070727144228,0.006872905415825075,0.00011506650606175642,0.011655947929039456,2.210803150750977,-0.010609340856325034,-10.507771176873213,-10.468647710915699,-10.953988061895076,-9.598510741872412,-9.360495468771548,-9.601131751405518,0.010609340856325034,1.5939633298421845,,2.8610573702273894,2.773837970214724,0.01331350399238218,-10.975638395738063,-10.615581998572704,2025-02-13,-10.31759037941405,-9.599771606157535,2025-02-20,-9.206915364819432,-9.199083603752936,2025-02-14,-10.27254458580642,-9.597665606233454,2025-02-21
2025-02-13,True,7,0,270.30999755859375,29.459999084472656,268.3999938964844,29.190000534057617,1.7113577635634136e-05,0.006906112386970394,3.3364375079841244e-05,0.00920717679558684,8.172439650472812e-06,2.1152756532501284e-05,-0.002301064408616446,0.002723453690664522,2.4530777640828342e-05,0.009814510830151058,-0.005125574753580244,5.9635891634380425e-05,0.004081602042006693,2.2165360595391213,0.005732908788144364,-10.975638395738063,-10.55361598638417,-10.936988709679605,-10.30802184159555,-9.466883825742162,-9.585625603365735,0.005732908788144364,0.8784021364705076,,2.853015971352396,2.765690002154839,0.025781789259911037,-9.206915364819432,-9.199083603752936,2025-02-14,-10.27254458580642,-9.597665606233454,2025-02-21,-12.076559162169257,-8.705237047905927,2025-02-18,-10.98496057348511,-9.8741880376963,2025-02-24
2025-02-14,True,7,0,266.2900085449219,29.309999465942383,270.07000732421875,30.239999771118164,0.00010034308791957732,-0.0142830908224028,0.0003309123995669311,-0.0315780537583564,0.00011619406161462923,0.0001575307129359396,0.017294962935953603,-0.0008882277211769616,0.00010113203640424455,-0.01498346692654895,0.02613216378496816,0.0010138023836513326,-0.005104643455723146,2.206657236068295,-0.009878823470825804,-9.206915364819432,-10.221967353856693,-10.743393687395956,-8.01365687149057,-9.141905877706666,-9.430326282344852,0.009878823470825804,1.513855817102562,,2.8408313123360287,2.714694769083774,0.009015752188952675,-12.076559162169257,-8.705237047905927,2025-02-18,-10.98496057348511,-9.8741880376963,2025-02-24,-10.417066523380754,-10.416883714121532,2025-02-19,-9.936067362881005,-9.855712906109392,2025-02-25
2025-02-18,True,7,0,270.70001220703125,29.90999984741211,269.67999267578125,29.6200008392334,5.691372295623346e-06,0.0036273904117732356,8.13690005043063e-05,0.008739495004834381,7.019975012272504e-05,8.430311338602311e-06,-0.005112104593061145,0.01265007119678829,0.00016571567357943605,0.016425269144477284,0.010521100671190609,0.00019206255983763378,0.020264131038491673,2.2028183741742815,-0.0038388618940143893,-12.076559162169257,-10.302278425828653,-10.7735074926559,-9.416516186675056,-9.099379456102064,-9.413357669437207,0.0038388618940143893,0.5627961496272854,,2.8466520505398383,2.692598127536089,0.008644634530923234,-10.417066523380754,-10.416883714121532,2025-02-19,-9.936067362881005,-9.855712906109392,2025-02-25,-11.316726029942881,-10.957916563933328,2025-02-20,-9.933966797311319,-9.735284925281608,2025-02-26
2025-02-19,True,7,0,270.8500061035156,29.809999465942383,270.67999267578125,29.75,2.9917513197150224e-05,0.00070169865565554,3.0829776303947014e-05,0.0020147577829564807,3.6111818972928604e-05,1.2317735264084319e-05,-0.0013130591273009407,-7.395740913432437e-05,2.9922982895516085e-05,0.0005539429240091209,-0.005363735548650127,5.9599435339800094e-05,-0.0033489777656936504,2.2067212948639834,0.0039029206897027713,-10.417066523380754,-10.229833732149535,-10.722458746958704,-10.387029571884073,-9.12543829879105,-9.421036982098379,0.0039029206897027713,0.5582551257900625,,2.8920370372152258,2.731115498884654,0.012856863044802935,-11.316726029942881,-10.957916563933328,2025-02-20,-9.933966797311319,-9.735284925281608,2025-02-26,-10.607621853364183,-10.58688736156628,2025-02-21,-9.817236047306851,-9.41093294445572,2025-02-27
2025-02-20,True,7,0,270.989990234375,29.950000762939453,270.2300109863281,29.979999542236328,1.2167695476058297e-05,0.0027715690754061004,1.426596062830879e-05,-0.0015021308687430696,7.905660660455135e-06,9.263997721955976e-06,0.00427369994414917,-0.002291695752752173,1.7419564899240646e-05,0.0005166991544358623,0.005686587630887834,4.66032395120753e-05,0.004685460260634322,2.2025525337577854,-0.00416876110619846,-11.316726029942881,-10.31759037941405,-10.725908274284825,-11.157634233939183,-9.229030933197116,-9.448745843470139,0.00416876110619846,0.5921141050524991,,2.818995095053937,2.725890149208515,0.012326955126524375,-10.607621853364183,-10.58688736156628,2025-02-21,-9.817236047306851,-9.41093294445572,2025-02-27,-11.308311798022956,-10.864245195979946,2025-02-24,-9.817016521344152,-9.231041787612893,2025-02-28
2025-02-21,True,7,0,270.739990234375,29.59000015258789,270.7950134277344,30.020000457763672,2.4726825442215492e-05,-5.5448084210209594e-05,0.00018601513342280084,-0.013751678727417886,9.870169686351724e-05,5.6020131000749544e-05,0.013696230643207677,-0.0007197571499396457,2.5244875797104734e-05,-0.0009229691054981615,0.0023344914187097537,0.0001914649836068303,-0.01209287846637297,2.21372244311866,0.011169909360874808,-10.607621853364183,-10.27254458580642,-10.694935511518944,-8.589682525072645,-8.958193869302084,-9.358907618174483,0.011169909360874808,1.6055178783790016,,2.800325477211381,2.751109680818858,0.0015894751908751559,-11.308311798022956,-10.864245195979946,2025-02-24,-9.817016521344152,-9.231041787612893,2025-02-28,-8.7223509896372,-8.676681463106064,2025-02-25,-9.717332775596887,-9.100773430510197,2025-03-03
2025-02-24,True,7,0,272.2099914550781,29.440000534057617,271.45001220703125,29.56999969482422,1.227050923051774e-05,0.002759129741999419,0.00012959700953567188,-0.0047457509290045295,7.579866028143406e-05,3.303442924237778e-05,0.007504880671003949,0.0026190906336650446,1.9130144977869704e-05,0.005414881156990958,-0.0006761480249234867,0.00013005418568727981,-0.0050821595676371345,2.224219483843288,0.010497040724628093,-11.308311798022956,-10.98496057348511,-10.677646991277399,-8.951080848882755,-9.33346466590073,-9.310624320285596,0.010497040724628093,1.4577021353575024,,2.806386101823072,2.9019708434634395,0.021987823274415064,-8.7223509896372,-8.676681463106064,2025-02-25,-9.717332775596887,-9.100773430510197,2025-03-03,-10.400201367060138,-9.664730472797997,2025-02-26,-10.34393772110892,-9.24724898081292,2025-03-04
2025-02-25,True,7,0,268.6199951171875,28.829999923706055,271.4599914550781,29.170000076293945,0.0001629037553312224,-0.010368114126287416,0.0003132170241483812,-0.01172427749115161,3.305516349180636e-05,0.00022153280799389857,0.0013561633648641967,-0.0027590284523349926,0.00017051599333201643,-0.01327607254097618,-0.009213525506095896,0.0003981060763998608,-0.020937802997247346,2.2318812142995594,0.007661730456271165,-8.7223509896372,-9.936067362881005,-10.417857002183933,-8.068614239806376,-8.911829784033152,-9.185269213020606,0.007661730456271165,1.0437036306518326,,2.8172035149987327,2.943385769063569,-0.0077135184110384,-10.400201367060138,-9.664730472797997,2025-02-26,-10.34393772110892,-9.24724898081292,2025-03-04,-10.073264092256535,-8.94223605848176,2025-02-27,-10.247646238575866,-9.247895221987061,2025-03-05
2025-02-26,True,7,0,269.0299987792969,28.940000534057617,267.0799865722656,28.780000686645508,3.042635552572484e-05,0.00734900185097227,6.645962290897391e-05,0.005544014339650448,2.0495702496664114e-05,3.819513796901732e-05,0.0018049875113218218,-0.005749534589940777,6.348350352665031e-05,0.0015251697060953973,-0.0017357836863243674,6.947256791468372e-05,0.003808230653326028,2.229598153352329,-0.0022830609472306307,-10.400201367060138,-9.933966797311319,-10.41716190124242,-9.618915969008574,-8.860310808848666,-9.161987452680544,0.0022830609472306307,0.3090220344596434,,2.8166056076565553,2.966818279095771,-0.006742291628952124,-10.073264092256535,-8.94223605848176,2025-02-27,-10.247646238575866,-9.247895221987061,2025-03-05,-10.60520506370368,-9.153225904460351,2025-02-28,-10.426616679496622,-9.45898827680496,2025-03-06
2025-02-27,True,7,0,264.92999267578125,28.399999618530273,266.51019287109375,28.940000534057617,4.219266816188707e-05,-0.005758097144631301,0.0001598416658066762,-0.01830753268835289,6.757462851109423e-05,6.722985272873452e-05,0.01254943554372159,-0.009410402964048532,0.00013074835210766047,-0.015357280506671067,0.0,0.0001598416658066762,-0.01883560792217054,2.2330764807678283,0.0034783274154994714,-10.073264092256535,-9.817236047306851,-10.377500719558462,-8.741326821404897,-8.673694433191383,-9.164514775447085,0.0034783274154994714,0.4689660758398632,,2.794839331174601,2.949688355024821,-0.022616271290059053,-10.60520506370368,-9.153225904460351,2025-02-28,-10.426616679496622,-9.45898827680496,2025-03-06,-10.105781558329655,-9.346482806788472,2025-03-03,-10.430456016269478,-9.66276045460681,2025-03-07
2025-02-28,True,7,0,263.2699890136719,28.309999465942383,262.55499267578125,28.18000030517578,2.4786657249605526e-05,0.002947391494736811,4.195611929037468e-05,0.004779201127014044,5.249375631019857e-05,7.124510114890814e-06,-0.0018318096322772325,-0.009005056504742932,0.00010587769990321851,-0.006285532695668117,-0.007776614435076793,0.00010243185136221942,-0.0031740514759475147,2.2299649995481077,-0.003111481219720602,-10.60520506370368,-9.817016521344152,-10.347598324302583,-10.078886264643325,-8.858175565066206,-9.170956213384326,0.003111481219720602,0.4365820576995447,,2.800325477211381,3.0506937919103403,-0.02797883488022901,-10.105781558329655,-9.346482806788472,2025-03-03,-10.430456016269478,-9.66276045460681,2025-03-07,-10.693664588558097,-9.266903124824337,2025-03-04,-10.483047260393077,-9.818016156758775,2025-03-10
2025-03-03,True,7,0,266.739990234375,28.75,265.07000732421875,28.860000610351562,4.0842736630534964e-05,0.00601801959590378,8.66794283705096e-05,-0.0038188072510681485,5.257874868263335e-05,3.747170815920559e-05,0.009836826846971928,0.00681388987187499,8.727183181657554e-05,0.013094284775934106,0.01924149423524735,0.0004569145287755666,0.015422686984179368,2.2276365973398624,-0.0023284022082452616,-10.105781558329655,-9.717332775596887,-10.342950671874219,-9.35329397602818,-8.920429993256521,-9.162717532484125,0.0023284022082452616,0.32754164817987674,,2.761274962339508,2.9770589655357758,-0.02029943126128586,-10.693664588558097,-9.266903124824337,2025-03-04,-10.483047260393077,-9.818016156758775,2025-03-10,-9.971898625911026,-9.669646352515704,2025-03-05,-10.614209794733261,-9.841624055829424,2025-03-11
2025-03-04,True,7,0,269.05999755859375,29.0,269.010009765625,29.040000915527344,2.2688222775846697e-05,0.0002600933208618981,0.0002016617862528523,-0.0017232864446539691,0.00010698319699878453,5.868340601495725e-05,0.0019833797655158664,0.008474225350932327,9.450071807423082e-05,0.008660029400338942,0.010036454239659104,0.0003023921999576235,0.008658062743114758,2.227638563997087,1.9666572241838765e-06,-10.693664588558097,-10.34393772110892,-10.320387790575511,-8.508918589293456,-9.103104095924474,-9.088335567983252,1.9666572241838765e-06,0.00027228791492304067,,2.821973947420524,3.1258829881615076,0.0016366706800292619,-9.971898625911026,-9.669646352515704,2025-03-05,-10.614209794733261,-9.841624055829424,2025-03-11,-11.23875885258179,-10.149265025308498,2025-03-06,-10.719012147571915,-9.928419700446828,2025-03-12
2025-03-05,True,7,0,269.6199951171875,29.770000457763672,267.9700012207031,29.229999542236328,4.6693825144838804e-05,0.005878818109033325,0.00015867030726499158,0.017969654193406785,6.0831667024851566e-05,7.226623269248941e-05,-0.01209083608437346,-0.004059355481622304,6.317219207101586e-05,0.0020791481693782643,0.007899733475932062,0.00022107609625575324,0.02620536041788757,2.2035123517485773,-0.024126212248509304,-9.971898625911026,-10.247646238575866,-10.278998091210298,-8.74868204771677,-8.949809622778043,-9.046824258242504,0.024126212248509304,3.216920764512219,,2.847812143477369,3.157425872287488,0.002190649143312129,-11.23875885258179,-10.149265025308498,2025-03-06,-10.719012147571915,-9.928419700446828,2025-03-12,-10.628377669772652,-10.289329515905361,2025-03-07,-10.413936990015745,-9.796273129441555,2025-03-13
2025-03-06,True,7,0,268.25,29.690000534057617,268.25,29.5,1.3154339515742231e-05,-0.00011183767688745065,6.929826810411946e-05,0.006251586386040141,4.014901337669192e-05,2.115179712158489e-05,-0.006363424062927591,-0.005094160642131142,3.91048121635802e-05,-0.005094160642131307,-0.009110927058587626,0.00015230725997102362,-0.002690883640898978,2.201109074747345,-0.002403277001232329,-11.23875885258179,-10.426616679496622,-10.274169100312275,-9.57709064336325,-9.10011308159274,-9.069701284214345,0.002403277001232329,0.3157306143490174,,2.8284963541780774,3.087855576345701,0.01245376900785189,-10.628377669772652,-10.289329515905361,2025-03-07,-10.413936990015745,-9.796273129441555,2025-03-13,-10.310525157951142,-10.088950503276271,2025-03-10,-10.385726045366333,-9.755381578021955,2025-03-14
2025-03-07,True,7,0,268.3900146484375,29.59000015258789,269.0899963378906,29.389999389648438,2.4218889540072323e-05,-0.0026419776599499543,0.00012934692393119725,0.006105863880428456,7.754379811303207e-05,3.801100767911876e-05,-0.00874784154037841,0.003126501015606147,3.399389814065859e-05,0.0005218196474086056,-0.010155847099957913,0.0002324881542489208,-0.0033738351946062117,2.20500472958936,0.0038956548420148174,-10.628377669772652,-10.430456016269478,-10.252042076394389,-8.953012430587584,-8.95468051045511,-9.077727547904633,0.0038956548420148174,0.5334232406223572,,2.8231630082027146,3.2136622915601216,0.01926112135092861,-10.310525157951142,-10.088950503276271,2025-03-10,-10.385726045366333,-9.755381578021955,2025-03-14,-12.115446560717926,-9.336500178020536,2025-03-11,-10.528857643399553,-9.855624770975275,2025-03-17
2025-03-10,True,7,0,266.0400085449219,29.110000610351562,267.6199951171875,29.559999465942383,3.3280957947307666e-05,-0.005658343543339637,0.00013140439518668584,-0.014996825864785734,0.00010188510830420838,3.140012241489256e-05,0.009338482321446098,-0.0028731555266938453,4.153598062787906e-05,-0.008794495623059895,-0.0010143935557576011,0.00013243338947264838,-0.01635469284424973,2.2125649268105496,0.007560197221189835,-10.310525157951142,-10.483047260393077,-10.240250032301406,-8.937231003563838,-8.887703865251407,-9.045143224519423,0.007560197221189835,1.045162551298951,,2.784393767689544,3.1514531844614804,-0.0026276590480653894,-12.115446560717926,-9.336500178020536,2025-03-11,-10.528857643399553,-9.855624770975275,2025-03-17,-10.275325134980648,-10.100429026826408,2025-03-12,-10.50543917421661,-9.680388813264813,2025-03-18
2025-03-11,True,7,0,269.1600036621094,29.959999084472656,268.4700012207031,29.59000015258789,5.474297720496849e-06,0.0026410931864318515,9.271386833593787e-05,0.012092878466372742,5.850397390303148e-05,1.9842096076701622e-05,-0.00945178527994089,0.009092474874608496,8.814739706588364e-05,0.011659306390657598,0.016354692844249775,0.0003601898463656926,0.028781349366088893,2.1954428838351183,-0.017122042975431295,-12.115446560717926,-10.614209794733261,-10.270246425593582,-9.285992492095176,-9.05945141236882,-9.039026382863858,0.017122042975431295,2.2853313766499257,,2.836736542063533,3.3271919902594687,0.00037161794225326616,-10.275325134980648,-10.100429026826408,2025-03-12,-10.50543917421661,-9.680388813264813,2025-03-18,-9.852623680790657,-9.517490467819496,2025-03-13,-10.66085623030447,-9.767764964096322,2025-03-19
2025-03-12,True,7,0,270.3299865722656,30.219999313354492,268.4700012207031,30.020000457763672,3.4473310742402154e-05,0.0069412320996071405,3.4117684562868115e-05,0.006970952194732118,8.375442521428096e-06,3.0107776391921085e-05,-2.9720095124978647e-05,-0.0025668315160491885,4.1061934774185526e-05,0.004337373317600424,0.002000713363243452,3.812053852472904e-05,0.008640806032338855,2.1911394511203803,-0.004303432714738431,-10.275325134980648,-10.719012147571915,-10.28951992291128,-10.28569469922415,-9.300525200595729,-9.097474775567003,0.004303432714738431,0.567480190748913,,2.8414149131696336,3.292869507610626,0.0026298430904754255,-9.852623680790657,-9.517490467819496,2025-03-13,-10.66085623030447,-9.767764964096322,2025-03-19,-10.465171453851985,-9.995392033732175,2025-03-14,-11.018737554828652,-9.8507716823213,2025-03-20
2025-03-13,True,7,0,275.1300048828125,30.739999771118164,271.57000732421875,30.200000762939453,5.260898260771723e-05,0.012914730117141667,0.00020969841982135528,0.01739741160236155,7.905656816443852e-05,9.162541713231699e-05,-0.004482681485219884,0.00457657475650719,7.355401910961608e-05,0.017600345742840418,-0.0006619844793150108,0.00021013664327220924,0.017060796541682244,2.191679000321538,0.0005395492011581737,-9.852623680790657,-10.413936990015745,-10.246476959423696,-8.469840155509898,-9.032560292366028,-9.03774436007314,0.0005395492011581737,0.07257972142343318,,2.822568654544802,3.1875915159360004,0.02532434947544715,-10.465171453851985,-9.995392033732175,2025-03-14,-11.018737554828652,-9.8507716823213,2025-03-20,-11.274156571300345,-11.18479433919646,2025-03-17,-10.673368721578127,-9.716330316000516,2025-03-21
2025-03-14,True,7,0,275.239990234375,30.709999084472656,276.2699890136719,30.90999984741211,2.851240067693008e-05,-0.0038441970751730845,0.00017808483132837266,-0.006491446566799574,7.756394127178673e-05,6.451664536675802e-05,0.0026472494916264903,0.004134877648495402,4.5609613844956944e-05,0.00039967786762495905,0.0055150205427865005,0.00020850028291572977,-0.000976426024013044,2.193055104213176,0.001376103891638003,-10.465171453851985,-10.385726045366333,-10.23222994483937,-8.633250540704129,-8.95411924687905,-8.988166862796392,0.001376103891638003,0.18143276726552565,,2.8570447537800976,3.2051824915485305,0.025202207695663503,-11.274156571300345,-11.18479433919646,2025-03-17,-10.673368721578127,-9.716330316000516,2025-03-21,-11.658661634773308,-8.885530746374288,2025-03-18,-10.641248981365788,-9.700326940040839,2025-03-24
2025-03-17,True,7,0,276.7300109863281,30.809999465942383,275.5400085449219,30.420000076293945,1.2696850704171698e-05,0.004273329412242203,0.00010581226143032991,0.012901312406132875,4.67019257610528e-05,3.5903593186724395e-05,-0.008627982993890672,0.0010894307741207369,1.3883710115773007e-05,0.005398932434642845,-0.009488015301537724,0.0001958346957925439,0.003250990633967721,2.1952030460138516,0.002147941800675124,-11.274156571300345,-10.528857643399553,-10.250874810902097,-9.153844152718897,-8.994540414195114,-8.974436306419156,0.002147941800675124,0.2815968225507611,,2.8408313123360287,3.080532896273726,0.03939563575336624,-11.658661634773308,-8.885530746374288,2025-03-18,-10.641248981365788,-9.700326940040839,2025-03-24,-11.123415912381496,-11.113011315486615,2025-03-19,-10.650446857220397,-10.098158611660738,2025-03-25
2025-03-18,True,7,0,279.9599914550781,30.850000381469727,279.8999938964844,31.100000381469727,8.643857241597308e-06,0.0002143305840507819,8.968193562692285e-05,-0.007422965750977024,5.476135596035875e-05,2.17822184540807e-05,0.007637296335027806,0.011390033426826734,0.00013837671870582766,0.01160436401087761,0.009368536176424663,0.0001774514057159005,0.0012974674420322962,2.205509942582696,0.010306896568845314,-11.658661634773308,-10.50543917421661,-10.26183257719631,-9.319241195725413,-8.99943924179215,-8.954418556029234,0.010306896568845314,1.3424246263886759,,2.8678989020441064,3.0209125832438133,0.039340693373586255,-11.123415912381496,-11.113011315486615,2025-03-19,-10.650446857220397,-10.098158611660738,2025-03-25,-10.962341606954146,-9.88868733324087,2025-03-20,-10.664671490357689,-10.09381034693731,2025-03-26
2025-03-19,True,7,0,281.1099853515625,30.75,279.8500061035156,30.68000030517578,1.4762565900822468e-05,0.004492232551769691,5.4366617928500985e-05,0.0026041656322206234,1.8696870215621786e-05,2.5216156806850833e-05,0.0018880669195490678,-0.00039293815207768536,1.4916966292180693e-05,0.004099294399691367,-0.005525776270589126,8.490082132110686e-05,-0.003246768464177041,2.212856005446565,0.007346062863868408,-11.123415912381496,-10.66085623030447,-10.379861115442202,-9.81976023347729,-8.967168232801932,-9.056804930449427,0.007346062863868408,0.9400537781619094,,2.863913698933143,3.0773122957049135,0.0391026144556772,-10.962341606954146,-9.88868733324087,2025-03-20,-10.664671490357689,-10.09381034693731,2025-03-26,-9.683210565896143,-9.39028905271977,2025-03-21,-10.683523549985397,-9.946614149511394,2025-03-27
2025-03-20,True,7,0,280.75,30.5,279.489990234375,30.270000457763672,1.7342652870177494e-05,0.00446246048196773,2.5317135610950578e-05,0.007897368074129055,1.5394578571389283e-05,1.3632604954869394e-05,-0.0034349075921613252,-0.005779520860180111,5.074551424343454e-05,-0.0012814060805395044,-0.015732856096214814,0.0002728398965551542,-0.008163310639160759,2.2197379100051866,0.006881904558621255,-10.962341606954146,-11.018737554828652,-10.362949314478163,-10.584029094617298,-9.308476420554145,-9.07889904664611,0.006881904558621255,0.9144636846886259,,2.817801065061329,2.9907197125611136,0.020220862632297276,-9.683210565896143,-9.39028905271977,2025-03-21,-10.683523549985397,-9.946614149511394,2025-03-27,-11.013628902007595,-10.88448724878074,2025-03-24,-11.421769468853043,-10.120758582711462,2025-03-28
2025-03-21,True,7,0,278.489990234375,30.020000457763672,279.4599914550781,30.209999084472656,6.232109624995313e-05,-0.003477022062143836,0.00014022127304101663,-0.006808958621449144,3.66927532640006e-05,8.292480801348457e-05,0.0033319365593053084,-0.004605454542798398,8.353130779573554e-05,-0.008082476604942102,-0.009553718520225803,0.00023149481060472213,-0.015862842159426904,2.227518275559671,0.007780365554484803,-9.683210565896143,-10.673368721578127,-10.317365972571872,-8.872288861343364,-9.39570842790919,-9.036223719700097,0.007780365554484803,1.0573668610245088,,2.800325477211381,2.9856818991681933,0.011738708159730216,-11.013628902007595,-10.88448724878074,2025-03-24,-11.421769468853043,-10.120758582711462,2025-03-28,-11.794051572469455,-10.182256165773941,2025-03-25,-11.370016342656822,-9.569196326093156,2025-03-31
2025-03-24,True,7,0,277.25,29.959999084472656,278.9100036621094,30.1299991607666,1.6475619069115446e-05,-0.0060416360689648394,2.7549518486715994e-05,-0.00515761164862197,2.1291836842391444e-05,1.1366650356719995e-05,-0.0008840244203428701,0.0015070452523413586,1.8746804461720074e-05,-0.004462490783133433,0.0036574838345234265,4.092670648651618e-05,-0.002000713363243367,2.225056498139781,-0.0024617774198900655,-11.013628902007595,-10.641248981365788,-10.311459377637265,-10.499525500314242,-9.604460634808333,-9.03116343979156,0.0024617774198900655,0.3344788018680361,,2.7713379403381286,2.9590683247967924,0.0018772849419539384,-11.794051572469455,-10.182256165773941,2025-03-25,-11.370016342656822,-9.569196326093156,2025-03-31,-11.243695041061716,-11.05463488705387,2025-03-26,-10.911345703917007,-9.554397542476986,2025-04-01
2025-03-25,True,7,0,278.4700012207031,30.579999923706055,278.7799987792969,30.549999237060547,7.549331267483701e-06,-0.0011125979024564252,1.9073575526700186e-05,0.0013019555221691994,2.20969564933334e-05,2.262975150425242e-06,-0.0024145534246256244,0.005503309692531012,3.7835748839389483e-05,0.004390711790074775,0.019501532553440195,0.0003993833474595878,0.02048306991532378,2.208964140014532,-0.016092358125249007,-11.794051572469455,-10.650446857220397,-10.335222135159885,-10.867206661081593,-9.8394687141832,-9.09669936835954,0.016092358125249007,2.174272689281755,,2.760009940032921,2.861057344039536,-0.005336367278848897,-11.243695041061716,-11.05463488705387,2025-03-26,-10.911345703917007,-9.554397542476986,2025-04-01,-11.096733842829417,-9.390424593107015,2025-03-27,-10.834405966888289,-9.524781010476893,2025-04-02
2025-03-26,True,7,0,278.239990234375,30.530000686645508,278.92999267578125,30.709999084472656,1.3089567212232669e-05,-0.0025126787749776155,4.322036545702436e-05,-0.00587847540307195,1.607656862861579e-05,2.0116682020320623e-05,0.003365796628094335,0.0016504900055169076,1.5813684470543872e-05,-0.0008263225124265361,0.004242106634684307,6.121583415705698e-05,-0.001636368768387797,2.2097741862704936,0.0008100462559612609,-11.243695041061716,-10.664671490357689,-10.33407616570818,-10.049198751182637,-9.882188523359256,-9.132372670848238,0.0008100462559612609,0.11310073906557569,,2.7232671669070703,2.841998151368816,-0.0102619841909668,-11.096733842829417,-9.390424593107015,2025-03-27,-10.834405966888289,-9.524781010476893,2025-04-02,-12.900936287939377,-10.003048580666222,2025-03-28,-9.246674629773992,-8.482261359660614,2025-04-03
2025-03-27,True,7,0,281.9700012207031,31.31999969482422,280.54998779296875,30.770000457763672,1.5161763739987056e-05,0.004942372316182872,0.00013708515611050634,0.017557028820848523,7.161273664708504e-05,4.031709160170419e-05,-0.012614656504665653,0.008267903177782934,8.351998669718019e-05,0.013316671121390122,0.007830374973266137,0.000198399928332459,0.025547032141171933,2.1975438252507113,-0.01223036101978181,-11.096733842829417,-10.683523549985397,-10.565493867011918,-8.894908247786447,-9.519178289859202,-9.209313099626792,0.01223036101978181,1.7546951369953734,1.0356140465481278,2.7107133185216936,2.908539057689369,0.004336093010962827,-12.900936287939377,-10.003048580666222,2025-03-28,-9.246674629773992,-8.482261359660614,2025-04-03,-10.851017530016751,-8.69867716050564,2025-03-31,-8.95308428912185,-8.292098170595056,2025-04-04
2025-03-28,True,7,0,284.05999755859375,31.0,283.82000732421875,31.389999389648438,2.495712526072228e-06,0.0009155811551416163,7.509583854510274e-05,-0.012824786995732688,7.717884346816167e-05,2.0635380150664324e-07,0.013740368150874302,0.006539573582734741,4.526173517007432e-05,0.007384788228781858,0.00223249003091841,8.007985028325283e-05,-0.01026965689365733,2.2151982703731505,0.01765444512243919,-12.900936287939377,-11.421769468853043,-10.61597268363505,-9.496745412911883,-9.7144404823744,-9.20539924673019,0.01765444512243919,2.488403339668524,1.75244887351427,2.77757626375082,2.9279886500419825,0.019803357844686786,-10.851017530016751,-8.69867716050564,2025-03-31,-8.95308428912185,-8.292098170595056,2025-04-04,-10.099063050282188,-10.053323249269281,2025-04-01,-8.77506399062106,-8.301582404015011,2025-04-07
2025-03-31,True,7,0,288.1400146484375,30.989999771118164,287.5299987792969,30.770000457763672,1.9384873160960425e-05,0.002223431990739097,7.608133860030696e-05,0.006963031901464301,2.2386121884111357e-05,3.654004493857801e-05,-0.004739599910725204,0.012141723515858622,0.00016680632309651466,0.014261049112946012,-0.0074470002742484925,0.00013153915168496408,-0.0003226400711571209,2.2297819595572537,0.014583689184103132,-10.851017530016751,-11.370016342656822,-10.659170876342523,-9.483707545240664,-9.565427222632454,-9.244020765281588,0.014583689184103132,2.0049058900386783,1.500302789097854,2.800325477211381,3.0750054368286497,0.03852689774076623,-10.099063050282188,-10.053323249269281,2025-04-01,-8.77506399062106,-8.301582404015011,2025-04-07,-10.80059025448827,-10.539570818341328,2025-04-02,-8.73521075597678,-8.113553277888574,2025-04-08
2025-04-01,True,7,0,287.57000732421875,30.6299991607666,288.5400085449219,30.8700008392334,4.111806273996232e-05,-0.00333271842454313,8.487923578408674e-05,-0.007804972254501455,2.6822146228260886e-05,4.958757614789409e-05,0.004472253829958324,0.001387230160723581,4.30424702587835e-05,-0.0019801896396476337,-0.0038796987138706852,9.993129789449659e-05,-0.01168467096837178,2.239486440885978,0.009704481328724146,-10.099063050282188,-10.911345703917007,-10.628050506689519,-9.374281067185333,-9.393393553549423,-9.22404283922449,0.009704481328724146,1.3608072604042745,1.0610009676793437,2.8814431271518632,3.1036894458780013,0.03215599631104382,-10.80059025448827,-10.539570818341328,2025-04-02,-8.73521075597678,-8.113553277888574,2025-04-08,-7.8271186267087165,-7.190157316191352,2025-04-03,-8.521048030327746,-7.676618262400847,2025-04-09
2025-04-02,True,7,0,288.1600036621094,30.760000228881836,288.2799987792969,30.739999771118164,2.03874660656231e-05,-0.0005899250068381952,6.943970639083172e-05,0.00048782470790821944,3.138503926570141e-05,2.92210665953767e-05,-0.001077749714746415,0.0024658914902092634,2.6468086907109562e-05,0.002049559804647494,0.0035848372190992713,8.229076427827111e-05,0.004235258632717898,2.237300742057908,-0.0021856988280704037,-10.80059025448827,-10.834405966888289,-10.667184701776296,-9.575051715863749,-9.332324349526242,-9.23201891579771,0.0021856988280704037,0.3100666065306594,0.06022401907760697,2.8875901149342877,3.080532896273726,0.03503187862811785,-7.8271186267087165,-7.190157316191352,2025-04-03,-8.521048030327746,-7.676618262400847,2025-04-09,-8.69736761872092,-8.24657714779457,2025-04-04,-8.882629288647186,-7.927980330848018,2025-04-10
2025-04-03,True,7,0,286.4200134277344,28.889999389648438,282.7799987792969,28.948999404907227,0.00039877283992025215,0.013034391597631464,0.00036264911115847033,-0.0020401472000754674,6.190367575207673e-05,0.0003497591376633229,0.015074538797706932,-0.018846688289343026,0.0007539704993959116,-0.00605658220441363,-0.06067951152685734,0.004044652230296483,-0.06271965872693297,2.2939638185804268,0.05666307652251934,-7.8271186267087165,-9.246674629773992,-10.11688414362616,-7.922074827120299,-8.920442909595648,-9.159903180384923,0.05666307652251934,8.117382941442264,5.504739916898771,2.8859174075467844,3.0685179539203564,0.0156586253023141,-8.69736761872092,-8.24657714779457,2025-04-04,-8.882629288647186,-7.927980330848018,2025-04-10,-8.836078502638685,-8.772188511974027,2025-04-07,-9.096285755523638,-7.85696353070919,2025-04-11
2025-04-04,True,7,0,279.7200012207031,27.079999923706055,283.6400146484375,27.959999084472656,0.00016702490603707514,-0.013237744068511376,0.0008348972082102332,-0.032718281614838265,0.0003335044566743496,0.00033420882878647945,0.019480537546326893,-0.009753431851564296,0.0002621543389201841,-0.023670204732145095,-0.03272060872997565,0.0019055354438703917,-0.06470004812468222,2.334993661972964,0.041029843392537124,-8.69736761872092,-8.95308428912185,-9.989887205801265,-7.088201944631171,-8.160955723055242,-8.903512749962191,0.041029843392537124,6.005439737247131,3.567236263358854,2.9101743851923443,3.401863841453939,-0.015396367658612853,-8.836078502638685,-8.772188511974027,2025-04-07,-9.096285755523638,-7.85696353070919,2025-04-11,-9.531450701964864,-8.11276944180437,2025-04-08,-9.386807431705911,-7.902427640568666,2025-04-14
2025-04-07,True,7,0,273.7099914550781,27.139999389648438,278.8550109863281,27.299999237060547,0.00014539178371103767,-0.017965353449570395,0.00010787582455221883,-0.005878042326694463,5.592587145824749e-05,9.86708684025045e-05,-0.012087311122875932,-0.0030971343397194497,0.0001549840248293071,-0.02171998668570385,0.008091229017693158,0.00017334381156897862,0.002213186690998903,2.3110604885962616,-0.023933173376702754,-8.836078502638685,-8.77506399062106,-9.866728093362402,-9.13452976500038,-8.138934109712807,-8.890693229082853,0.023933173376702754,3.113934675681443,2.1838398451663883,3.092405160814252,3.8135277889878307,-0.051377403457262716,-9.531450701964864,-8.11276944180437,2025-04-08,-9.386807431705911,-7.902427640568666,2025-04-14,-8.456904014903687,-7.0739249961907635,2025-04-09,-9.557786502521001,-8.071372210698534,2025-04-15
2025-04-08,True,7,0,275.20001220703125,27.139999389648438,277.8664855957031,27.6299991607666,7.253432194660896e-05,-0.009533579021180877,0.0002528190798350711,-0.016788682315054648,8.58367256778364e-05,0.00011975833805192185,0.007255103293873771,0.015071610169858444,0.00029968775505878945,0.005429029902152216,0.017893476643613748,0.0005729955862306217,0.0,2.3164895184984133,0.005429029902152216,-9.531450701964864,-8.73521075597678,-9.825261974514737,-8.282836424508458,-8.030036931897516,-8.85073378991311,0.005429029902152216,0.7021197098110079,0.48640155497357146,2.9796028916241073,3.8497219694869678,-0.043968183915462866,-8.456904014903687,-7.0739249961907635,2025-04-09,-9.557786502521001,-8.071372210698534,2025-04-15,-9.245820015210835,-8.339715108550317,2025-04-10,-10.207904720678853,-8.271369852149373,2025-04-16
2025-04-09,True,7,0,285.3800048828125,28.059999465942383,282.2200012207031,27.610000610351562,0.00021242872982721526,0.01071416637442028,0.00022884080242598263,0.016167007593372324,0.000254807463311934,9.323103447063194e-05,-0.005452841218952046,0.025188762538842207,0.0008469024880653957,0.036323492196158824,0.017169416130521337,0.0005236296526889889,0.03333642372389356,2.3194765869706786,0.002987068472265264,-8.456904014903687,-8.521048030327746,-9.684972155031303,-8.38248398207655,-7.936609054679648,-8.820290196479952,0.002987068472265264,0.385096314893939,0.27291128284417604,3.166740070447672,3.9575698553746506,-0.009694251523951536,-9.245820015210835,-8.339715108550317,2025-04-10,-10.207904720678853,-8.271369852149373,2025-04-16,-10.30284349689598,-7.837075308642026,2025-04-11,-10.409777960309755,-8.406610678186228,2025-04-17
2025-04-10,True,7,0,292.3500061035156,28.280000686645508,288.80499267578125,28.110000610351562,9.651423812070065e-05,0.012063180078742394,0.00026666321061471094,0.006736371058790951,0.00017874355374199234,9.221694749670966e-05,0.005326809019951443,0.011930051915472275,0.00023884037682656435,0.024130092886814225,0.0017803509897965936,0.0002698328602615806,0.007809809667010725,2.3357968701904825,0.0163202832198035,-9.245820015210835,-8.882629288647186,-9.62057300920912,-8.229524079243275,-7.991816277675922,-8.768143037482378,0.0163202832198035,1.9921000700672056,1.3149264895198922,3.199896858270398,3.515121096210236,0.02049242356727632,-10.30284349689598,-7.837075308642026,2025-04-11,-10.409777960309755,-8.406610678186228,2025-04-17,-12.404935929581562,-9.581834673747922,2025-04-14,-10.482789412608751,-8.059141676104032,2025-04-21
2025-04-11,True,7,0,297.92999267578125,29.190000534057617,297.9599914550781,28.790000915527344,3.3537595424939626e-05,-0.0001009929264837164,0.00023416573521396164,0.014140598978029412,0.00013419156991455688,6.675588036217222e-05,-0.014241591904513125,0.019007485130885484,0.00039482208642577243,0.018906799500581606,0.01787327111564656,0.0005536195555873673,0.03167133785331,2.3230323318377533,-0.012764538352728394,-10.30284349689598,-9.096285755523638,-9.621214251364458,-8.359481423166367,-8.430681007414247,-8.71135230506834,0.012764538352728394,1.4982665803588393,1.2135021693390073,3.2805352052549286,3.7067194022202417,0.06306942780000302,-12.404935929581562,-9.581834673747922,2025-04-14,-10.482789412608751,-8.059141676104032,2025-04-21,-11.918466206288219,-11.31107833542974,2025-04-15,-9.655223857217653,-7.967613660743349,2025-04-22
2025-04-14,True,7,0,296.2300109863281,29.3799991607666,295.5400085449219,29.100000381469727,4.098309732667916e-06,0.002331996320633839,0.00010411111515925445,0.009235586498667884,8.534309462896126e-05,1.1433165131480569e-05,-0.0069035901780340435,-0.008054314611287618,6.897029359026912e-05,-0.005722318290653838,-0.0030880158755613564,0.00011364695720697342,0.006487939019012234,2.3108220745280876,-0.012210257309666073,-12.404935929581562,-9.386807431705911,-9.655034607424339,-9.170051814179159,-8.434139688509022,-8.740924734587285,0.012210257309666073,1.379875668514006,1.0550310252405772,3.34779660493504,3.625939690902655,0.07906709619505303,-11.918466206288219,-11.31107833542974,2025-04-15,-9.655223857217653,-7.967613660743349,2025-04-22,-10.041096414589076,-7.480803359596634,2025-04-16,-9.371031646899317,-7.667152165262671,2025-04-23
2025-04-15,True,7,0,297.7799987792969,29.40999984741211,296.92999267578125,29.360000610351562,6.6661624643352845e-06,0.002865322504190628,7.123404062797094e-06,0.0013614368346195386,4.461156818255135e-06,4.664204854438621e-06,0.0015038856695710895,0.002360179412184616,1.2236609322035403e-05,0.005218738019025615,-0.0006809176460897186,7.587052903553458e-06,0.001020605196658586,2.3150202073504547,0.004198132822367029,-11.918466206288219,-9.557786502521001,-9.670646947493445,-11.852124848085705,-8.690470648680371,-8.790742437798066,0.004198132822367029,0.4735657734569459,0.3547932296285106,3.169685580677429,3.430432487171618,0.07885680431192643,-10.041096414589076,-7.480803359596634,2025-04-16,-9.371031646899317,-7.667152165262671,2025-04-23,-9.675431514176973,-9.470469259933264,2025-04-17,-9.41863446250336,-7.8724193673598135,2025-04-24
2025-04-16,True,7,0,307.4700012207031,29.760000228881836,304.6499938964844,29.850000381469727,4.3571973907133426e-05,0.009246523551164587,5.263101889426657e-05,-0.0028516665184932285,7.54444270569534e-05,1.0379282872223292e-05,0.012098190069657816,0.02280860193192731,0.0005638042959962516,0.03202257075367587,0.014850105240562303,0.00027315664455004256,0.011830470278209049,2.335212307825922,0.020192100475466823,-10.041096414589076,-10.207904720678853,-9.648652661297422,-9.85220489921413,-8.925620957948547,-8.806759399180459,0.020192100475466823,2.327485013371471,1.6481200164890524,3.0699116717282426,3.405189430794687,0.07455588286944348,-9.675431514176973,-9.470469259933264,2025-04-17,-9.41863446250336,-7.8724193673598135,2025-04-24,-10.683146641100073,-7.059876655598723,2025-04-21,-9.431207766192296,-7.679191569778105,2025-04-25
2025-04-17,True,7,0,306.1199951171875,29.549999237060547,306.30999755859375,29.549999237060547,6.280778581826087e-05,-0.0007184886752448078,0.00013620475001444406,-0.0003384099374782578,1.8322978636435448e-05,9.034477859813474e-05,-0.00038007873776654995,-0.003779872415325408,7.70952212943988e-05,-0.004400359490662531,-0.007081499622300191,0.00018635238691508182,-0.0070814996223003135,2.337893447957559,0.0026811401316377825,-9.675431514176973,-10.409777960309755,-9.611199722629037,-8.901351289567387,-9.144110737805299,-8.792733809440811,0.0026811401316377825,0.30639938897946095,0.12126519218117347,3.2857865301508276,3.4855385113964097,0.04602543049196672,-10.683146641100073,-7.059876655598723,2025-04-21,-9.431207766192296,-7.679191569778105,2025-04-25,-8.59799424668456,-8.419593639947998,2025-04-22,-9.350709867898564,-8.103083217691905,2025-04-28
2025-04-21,True,7,0,315.5899963378906,29.790000915527344,315.1000061035156,29.950000762939453,2.2928115689898696e-05,0.001585540177802174,4.054267295731396e-05,-0.00602815963086745,5.0104791664255276e-05,6.6829984914786955e-06,0.007613699808669624,0.028912902142247753,0.0008588840259770934,0.030466725196562017,0.013445632001716513,0.00022132769288289717,0.00808907942438486,2.360271093729737,0.022377645772177157,-10.683146641100073,-10.482789412608751,-9.60567318502595,-10.113155485287765,-9.594201649200103,-8.79688091711679,0.022377645772177157,2.5854217394098793,1.7097053480335813,3.1838702156693857,3.3894621125779762,0.057585356187947134,-8.59799424668456,-8.419593639947998,2025-04-22,-9.350709867898564,-8.103083217691905,2025-04-28,-9.097063893608622,-7.386670404163325,2025-04-23,-9.862791580012502,-8.169850856495913,2025-04-29
2025-04-22,True,7,0,311.1099853515625,29.5,317.489990234375,29.790000915527344,0.00018447543505441442,-0.020315779923999737,0.00011283204504611978,-0.009443600746972501,0.00024042825659296538,2.8439611753784423e-05,-0.010872179177027236,0.0060023998272652375,0.00022050423874076818,-0.014297390879939975,0.0,0.00011283204504611978,-0.009782534112123376,2.3557562369619203,-0.0045148567678166,-8.59799424668456,-9.655223857217653,-9.498788986821724,-9.089610171957172,-9.568920297884457,-8.77091252622053,0.0045148567678166,0.5167277409956647,0.5829941462095396,3.337192051686243,3.5210523344469045,0.049010283598661,-9.097063893608622,-7.386670404163325,2025-04-23,-9.862791580012502,-8.169850856495913,2025-04-29,-10.646723903037664,-8.95092317666505,2025-04-24,-10.372819163932649,-8.707725381434118,2025-04-30
2025-04-23,True,7,0,303.6499938964844,30.559999465942383,304.17999267578125,29.809999465942383,0.00011199415297541146,-0.0016121550477446265,0.00022953093014869006,0.02517523614529609,0.0004025753403093926,-3.0525128592645616e-05,-0.026787391193040716,-0.02252689294203967,0.0006194550585975282,-0.02427079806460597,0.01045362642882117,0.0003388092356620385,0.03530168347683782,2.296183755420476,-0.05957248154144379,-9.097063893608622,-9.371031646899317,-9.469105951152063,-8.379472765654873,-9.07626164930762,-8.745089027424841,0.05957248154144379,6.402647400398868,4.943866422227596,3.34779660493504,3.4200191259198913,0.019520747515029413,-10.646723903037664,-8.95092317666505,2025-04-24,-10.372819163932649,-8.707725381434118,2025-04-30,-9.759643849212917,-7.634910527983898,2025-04-25,-10.37266966798916,-8.36154723935786,2025-05-01
2025-04-24,True,7,0,308.07000732421875,30.559999465942383,306.7900085449219,30.309999465942383,2.377861518025311e-05,0.004163551362398521,2.5565690418548006e-05,0.007886987194272924,4.889325653538831e-05,2.255245317064034e-07,-0.0037234358318744033,0.010287800047353657,0.00012961744499458301,0.014451351409752178,-0.008214273372749426,9.303997746080825e-05,0.0,2.3106351068302287,0.014451351409752178,-10.646723903037664,-9.41863446250336,-9.464815264415865,-10.574259323399637,-9.12475718529227,-8.7456554600394,0.014451351409752178,1.4225398525982025,1.2164761987146224,3.2280337626529665,3.348148187389192,0.0019495281711057189,-9.759643849212917,-7.634910527983898,2025-04-25,-10.37266966798916,-8.36154723935786,2025-05-01,-9.780647970027326,-9.718421178512305,2025-04-28,-10.506823104328554,-8.733503327372537,2025-05-02
2025-04-25,True,7,0,304.7300109863281,30.049999237060547,301.7799987792969,29.959999084472656,5.7735180904103494e-05,0.009530996677774333,5.6888132183286115e-05,0.0026667292821798486,3.925584003503621e-05,3.76837365261767e-05,0.0068642673955944845,-0.020628782612345496,0.00048328185297151136,-0.010900878955956372,-0.019828818731916498,0.0004500701844864887,-0.016829311230396105,2.316563539104668,0.005928432274439732,-9.759643849212917,-9.431207766192296,-9.435817557644112,-9.774423811815124,-9.282138308079569,-8.734913302404212,0.005928432274439732,0.5800586880561854,0.5548956644667695,3.2160718975354663,3.2760119902984917,-0.0045509912941881225,-9.780647970027326,-9.718421178512305,2025-04-28,-10.506823104328554,-8.733503327372537,2025-05-02,-11.479418123467493,-9.005101129450397,2025-04-29,-10.606775928198443,-8.124884477731314,2025-05-05
2025-04-28,True,7,0,309.07000732421875,30.190000534057617,304.1499938964844,30.0625,5.65351510928014e-05,0.015884983470850943,1.9670129667517537e-05,0.004232213542652092,4.129984750010582e-05,1.745271663010655e-05,0.011652769928198851,-0.0019051939976224364,6.016491526137796e-05,0.014141637459613499,0.000415912273763673,1.9843112686984807e-05,0.004648125816415938,2.326057050747866,0.00949351164319756,-9.780647970027326,-9.350709867898564,-9.4113760362315,-10.836409333438743,-9.328027825406329,-8.741589761523405,0.00949351164319756,0.9254300631304849,0.8723664936572249,3.151025157960026,3.2124552632081076,-0.02087607903113664,-11.479418123467493,-9.005101129450397,2025-04-29,-10.606775928198443,-8.124884477731314,2025-05-05,-11.74041085996955,-10.392125787693287,2025-04-30,-10.339095716704739,-7.92323858973077,2025-05-06
2025-04-29,True,7,0,306.05999755859375,29.829999923706055,305.80999755859375,30.450000762939453,1.034075035363112e-05,0.0009151783024440286,0.00017601831217346764,-0.02007536710215435,0.0001237263318565416,3.131636533527857e-05,0.02099054540459838,-0.010603826067776635,0.00012278187762929042,-0.009786658970495132,0.008575257802756626,0.000249553358557206,-0.011996165439599693,2.32826655721697,0.0022095064691045607,-11.479418123467493,-9.862791580012502,-9.414058950488897,-8.64492252189842,-9.195110547570785,-8.73057621047501,0.0022095064691045607,0.2142195240457991,0.24596480197867385,3.1463051320333655,3.224857881377966,-0.016365347121691798,-11.74041085996955,-10.392125787693287,2025-04-30,-10.339095716704739,-7.92323858973077,2025-05-06,-10.645741309716934,-7.659568658301051,2025-05-01,-10.273799712284404,-7.867282732538924,2025-05-07
2025-04-30,True,7,0,303.7699890136719,29.600000381469727,304.6050109863281,29.68000030517578,7.965340547929494e-06,-0.0025146563530287374,4.555722058039326e-05,-0.0023612658548614425,4.6770971411450636e-05,3.3757948584360603e-06,-0.00015339049816729452,-0.004765261821754455,3.067306077780008e-05,-0.007510353244041923,-0.00504116738764987,7.097058921069787e-05,-0.007740221751526999,2.328496425724455,0.00022986850748507592,-11.74041085996955,-10.372819163932649,-9.411015628184725,-9.996541426944345,-9.645132900375033,-8.738921076482807,0.00022986850748507592,0.02204251480396711,0.07361466206168141,3.095577608523707,3.185112197871947,0.00039509769887224877,-10.645741309716934,-7.659568658301051,2025-05-01,-10.273799712284404,-7.867282732538924,2025-05-07,-10.17522303300325,-9.025066093125528,2025-05-02,-9.637623390763228,-8.02778398554952,2025-05-08
2025-05-01,True,7,0,297.4599914550781,29.389999389648438,297.4100036621094,29.40999984741211,2.3801991371469323e-05,0.0002353622445088648,7.873723648828375e-05,-0.00034008600812902856,6.73950013481007e-05,1.7572113255826193e-05,0.0005754482526378933,-0.021159129420054282,0.000471510749186076,-0.020991066503797562,-0.006439626839901307,0.00012020603032546104,-0.007119914554000406,2.314625273774658,-0.013871151949797156,-10.645741309716934,-10.37266966798916,-9.408564668488564,-9.449394369733575,-9.493045434069032,-8.73816791112536,0.013871151949797156,1.3386643682576116,1.0439344669228903,3.0689827352935835,3.206803274522168,-0.03504732021467749,-10.17522303300325,-9.025066093125528,2025-05-02,-9.637623390763228,-8.02778398554952,2025-05-08,-10.042108819438672,-7.215539218820021,2025-05-05,-9.733430444021229,-8.032832948339337,2025-05-09
2025-05-02,True,7,0,297.9800109863281,29.1200008392334,300.1700134277344,29.6200008392334,3.810279065395728e-05,-0.007255539056300549,0.00025759412814431513,-0.017368058448381,0.0002636437035850504,1.6026607606611013e-05,0.010112519392080452,0.00906929212354249,0.00012035485027610712,0.001746673590377057,0.007795377509483062,0.00031836203865966947,-0.009229207515191629,2.3256011548802267,0.010975881105568686,-10.17522303300325,-10.506823104328554,-9.410237124343059,-8.2641253584647,-9.066106656716723,-8.69036830537308,0.010975881105568686,1.0493005426661857,0.9457277983221326,3.068517943279639,3.2027464584452163,-0.02239976766834406,-10.042108819438672,-7.215539218820021,2025-05-05,-9.733430444021229,-8.032832948339337,2025-05-09,-9.937669566252872,-7.698462777138145,2025-05-06,-9.748951521352085,-7.975968348612894,2025-05-12
2025-05-05,True,7,0,306.8800048828125,29.479999542236328,305.9200134277344,29.549999237060547,4.352788375175287e-05,0.0030353749699873088,4.473513936665315e-05,-0.0025412586679331413,2.1078429889563993e-05,3.359229661442101e-05,0.00557663363792045,0.02629726672745587,0.0007350741210867105,0.029430400577679094,0.014658465885199711,0.0002596057614742169,0.012286799644882329,2.3427447558130234,0.017143600932796765,-10.042108819438672,-10.606775928198443,-9.397473090514305,-10.014751249586688,-9.023625087168883,-8.697066956321562,0.017143600932796765,1.5638160761621307,1.4451956717619312,3.0610517396746335,3.1214834923152734,-0.007111004550278466,-9.937669566252872,-7.698462777138145,2025-05-06,-9.748951521352085,-7.975968348612894,2025-05-12,-10.877553548694983,-8.91093393443265,2025-05-07,-9.844918314082387,-8.260068046370264,2025-05-13
2025-05-06,True,7,0,315.4800109863281,30.219999313354492,313.1199951171875,30.200000762939453,4.831977956876243e-05,0.007635548540813295,2.134178468369075e-05,0.0006619844793149549,2.922576509067813e-05,2.0217899580887523e-05,0.00697356406149834,0.02012968044748517,0.0004535238144866292,0.027638515747737458,0.02412989785052368,0.000603593754960398,0.024791882329838977,2.345591389230922,0.002846633417898481,-9.937669566252872,-10.339095716704739,-9.61076299155215,-10.754843684674194,-9.32023222919862,-8.794521302860934,0.002846633417898481,0.2601736431958458,0.2423440281663876,3.1441522786722644,3.162940166719303,0.030314170167954124,-10.877553548694983,-8.91093393443265,2025-05-07,-9.844918314082387,-8.260068046370264,2025-05-13,-8.637600992771276,-8.581765984647273,2025-05-08,-9.874196855088739,-8.07847391864858,2025-05-14
2025-05-07,True,7,0,310.75,29.489999771118164,312.1000061035156,29.770000457763672,1.887724086229145e-05,-0.004141883679933397,8.320937530337843e-05,-0.009449975338514278,4.383958333135795e-05,2.9123516417155968e-05,0.005308091658580882,-0.010771654520940739,0.0001349057819807945,-0.015106592963135768,-0.015002743718672596,0.00030829169439154847,-0.024452719057186822,2.354937515324973,0.009346126094051055,-10.877553548694983,-10.273799712284404,-9.716681121660178,-9.394150532550633,-9.239526855725039,-9.049978732645435,0.009346126094051055,0.859556774389453,0.726870874768324,3.20761263258949,3.2092294570604114,0.02271793044886028,-8.637600992771276,-8.581765984647273,2025-05-08,-9.874196855088739,-8.07847391864858,2025-05-14,-11.69847615855358,-9.095771631758577,2025-05-09,-10.66655792579519,-8.17366466852822,2025-05-15
2025-05-08,True,7,0,304.6300048828125,29.459999084472656,309.760009765625,29.600000381469727,0.0001773117646199053,-0.01663427895464844,7.998455254683619e-05,-0.005080438213646857,7.149577391458902e-05,9.290027162607623e-05,-0.011553840741001584,-0.00319089477618512,0.0001874935740925908,-0.01989078892817897,0.0037231591516577126,9.384646661540877e-05,-0.001017835108327425,2.336064561505121,-0.018872953819851546,-8.637600992771276,-9.637623390763228,-9.692892728281125,-9.433677035099825,-9.236961634124034,-9.060836915629794,0.018872953819851546,1.8412881001553818,1.5462275472839435,3.1350593387750902,3.1591257880658463,0.02381820802447887,-11.69847615855358,-9.095771631758577,2025-05-09,-10.66655792579519,-8.17366466852822,2025-05-15,-10.152876773978655,-7.094027213391282,2025-05-12,-10.66924078049658,-8.035750399546991,2025-05-16
2025-05-09,True,7,0,306.8399963378906,29.799999237060547,307.75,29.700000762939453,8.306467260545465e-06,-0.002961337908382766,4.106194343588286e-05,0.0026899788162822224,4.294295359418163e-05,3.212728551123352e-06,-0.005651316724664989,0.010189823601921394,0.00011213897229881975,0.007228485693538289,0.008113691539330468,0.00010689393383128569,0.011474987951843207,2.331818059246817,-0.004246502258304918,-11.69847615855358,-9.733430444021229,-9.741349025468526,-10.10042881588417,-9.82529469507719,-9.147361590949144,0.004246502258304918,0.4129099477261572,0.320011406724228,3.1170645587215158,3.1126260046623373,0.029300020127640103,-10.152876773978655,-7.094027213391282,2025-05-12,-10.66924078049658,-8.035750399546991,2025-05-16,-10.741878027631442,-10.461377496072823,2025-05-13,-11.009050739877695,-8.576810206831697,2025-05-19
2025-05-12,True,7,0,298.19000244140625,29.6299991607666,298.3299865722656,29.670000076293945,3.896383015929087e-05,-0.0005699438969317353,4.922254584005065e-05,-0.0020242741476262927,5.526472776588771e-06,4.1329951611376386e-05,0.0014543302506945582,-0.028126215805882045,0.0008300478457183399,-0.02859555174099615,-0.004371931035215859,6.833632681673427e-05,-0.00572103464766327,2.308943542153484,-0.02287451709333288,-10.152876773978655,-9.748951521352085,-9.885325704169622,-9.919158790648401,-9.8088313981604,-9.227120800536014,0.02287451709333288,2.244999078737463,1.774608019141098,3.0846584827483925,3.086486619403746,-0.02872593219103514,-10.741878027631442,-10.461377496072823,2025-05-13,-11.009050739877695,-8.576810206831697,2025-05-19,-11.397045248154122,-7.843181115110238,2025-05-14,-9.950443452446192,-8.429134006726258,2025-05-20
2025-05-13,True,7,0,299.4599914550781,29.93000030517578,298.9800109863281,29.690000534057617,2.1620296587826987e-05,0.0017042771415296878,4.7404673664868005e-05,0.008719043271766872,3.9598483302599624e-05,1.4713243475047689e-05,-0.007014766130237185,0.00264584285221362,2.862078098643689e-05,0.004249948759953881,0.0020229735017624896,5.1497095453701196e-05,0.010073998799224881,2.3031194921142126,-0.005824050039271,-10.741878027631442,-9.844918314082387,-9.954525746467837,-9.956789733599313,-9.718226683785014,-9.333981851674492,0.005824050039271,0.6055991743366609,0.4128405867363313,3.062455905596899,2.911807005426911,-0.05211449917881872,-11.397045248154122,-7.843181115110238,2025-05-14,-9.950443452446192,-8.429134006726258,2025-05-20,-10.219871696336167,-9.972035940517904,2025-05-15,-9.917473337562676,-8.833226737529714,2025-05-21
2025-05-14,True,7,0,293.1600036621094,29.25,293.6700134277344,29.43000030517578,1.1228613641682483e-05,-0.0017040423219571652,2.4153955130160378e-05,-0.006476945561047219,7.657993980862472e-06,1.3862287395490197e-05,0.004772903239090054,-0.01952409050980132,0.0003924187238765965,-0.021262276625643395,-0.016846759445996194,0.0003079672589614224,-0.022981758383059603,2.3048389738716293,0.001719481757416208,-11.397045248154122,-9.874196855088739,-9.976099661479504,-10.631062417769503,-9.936723102793936,-9.44829721632023,0.001719481757416208,0.18524209479916867,0.17987048850542467,2.9745086371023644,2.9025198541454498,-0.058270182841326346,-10.219871696336167,-9.972035940517904,2025-05-15,-9.917473337562676,-8.833226737529714,2025-05-21,-11.736797068585217,-8.045213454592574,2025-05-16,-9.96209867890106,-8.854431525977168,2025-05-22
2025-05-15,True,7,0,297.8399963378906,29.610000610351562,294.1000061035156,29.25,3.643897201427278e-05,0.012602942528562089,5.121600939743226e-05,0.01223258904865583,1.6815985786958164e-05,3.541949781237344e-05,0.0003703534799062596,0.0032013187636528075,4.668741384078832e-05,0.015837869719407927,0.0,5.121600939743226e-05,0.012232589048655651,2.308444254542381,0.0036052806707522755,-10.219871696336167,-10.66655792579519,-9.944974261793984,-9.879458391250525,-10.063378749462636,-9.479274651260434,0.0036052806707522755,0.4020524990235205,0.3220027739321948,3.0339909856710814,2.924236316920531,-0.02254152419373945,-11.736797068585217,-8.045213454592574,2025-05-16,-9.96209867890106,-8.854431525977168,2025-05-22,-12.115493585198276,-8.780082587219635,2025-05-19,-9.964138585182077,-8.799859962936488,2025-05-23
2025-05-16,True,7,0,294.239990234375,29.299999237060547,292.6199951171875,29.200000762939453,7.994177701319922e-06,0.005588941193377062,5.50681449996794e-05,0.004101131207700641,4.793376904635173e-05,7.5642768273237975e-06,0.0014878099856764212,-0.017681595005416332,0.00032063297963688366,-0.012160689602209729,-0.013943427324221843,0.0002494873105455357,-0.010524672742389107,2.30680823768256,-0.0016360168598206215,-11.736797068585217,-10.66924078049658,-9.94371662654566,-9.806939139664708,-9.999710701228109,-9.451155981573423,0.0016360168598206215,0.18608457292943162,0.0888399159572662,3.0740812399649675,2.880882427596084,-0.041930699489487466,-12.115493585198276,-8.780082587219635,2025-05-19,-9.964138585182077,-8.799859962936488,2025-05-23,-8.637122852387172,-8.630651685448905,2025-05-20,-9.97347942834925,-8.539215240949046,2025-05-27
2025-05-19,True,7,0,298.0299987792969,29.420000076293945,297.8450012207031,29.43000030517578,5.474040300543822e-06,0.0004866750647846904,3.180350349217616e-06,-0.0006798252373247996,2.564246284296838e-06,3.0450721827322998e-06,0.0011665003021094902,0.012177493392243596,0.00015376538561868026,0.012798420816745093,0.0044270826307968025,2.2779410969120354e-05,0.004087227782427316,2.3155194307168783,0.008711193034317777,-12.115493585198276,-11.009050739877695,-9.980438915356228,-12.658519194530813,-10.226323637678743,-9.480170784664553,0.008711193034317777,0.9784051527753851,0.7319802175904103,3.0666566118906897,2.8472322519593383,-0.0005367269317462231,-8.637122852387172,-8.630651685448905,2025-05-20,-9.97347942834925,-8.539215240949046,2025-05-27,-10.859344005593215,-10.434483080614482,2025-05-21,-11.050559982365481,-8.71130084016662,2025-05-28
2025-05-20,True,7,0,303.5799865722656,30.1299991607666,298.3500061035156,29.530000686645508,0.00017739656480672805,0.017410780414247547,0.0001265479543584255,0.02011460628015939,2.1097978686325718e-05,0.00014142327023941389,-0.0027038258659118387,0.00107316594222139,0.00017854824994627196,0.01845097448398647,0.003732001241743792,0.0001404757876268027,0.023846607521903262,2.310123797678962,-0.005395633037916792,-8.637122852387172,-9.950443452446192,-9.873825353081749,-8.974889235794226,-9.863626989380853,-9.485936425852703,0.005395633037916792,0.6190889819421421,0.3848809405967815,3.0619880693310564,2.8981194110402666,0.013664298792286367,-10.859344005593215,-10.434483080614482,2025-05-21,-11.050559982365481,-8.71130084016662,2025-05-28,-10.569819880412217,-10.36898514438906,2025-05-22,-11.015738758877287,-8.672319929168456,2025-05-29
2025-05-21,True,7,0,305.82000732421875,30.510000228881836,304.54998779296875,30.18000030517578,1.9224135605361068e-05,0.004226840213916685,8.46432535336051e-05,0.01054722016180804,4.637475336976858e-05,2.8746317884598793e-05,-0.006320379947891357,0.0031901142328776308,2.9400964424169502e-05,0.007351594562024388,0.0016581381630951548,8.739267570151768e-05,0.012533180941978639,2.3049422112990072,-0.0051815863799542505,-10.859344005593215,-9.917473337562676,-9.877099548653176,-9.377065150923823,-9.654580469155684,-9.459872521463534,0.0051815863799542505,0.5940364844945614,0.36317986364589927,3.08876713952118,2.895359307842134,0.04227816997995415,-10.569819880412217,-10.36898514438906,2025-05-22,-11.015738758877287,-8.672319929168456,2025-05-29,-11.79877953534779,-7.927560474397679,2025-05-23,-11.152137958037589,-8.642831101403223,2025-05-30
2025-05-22,True,7,0,303.1099853515625,30.030000686645508,305.0899963378906,30.010000228881836,2.567944014949676e-05,-0.0066100502842155505,1.0124363831614221e-05,0.0006662377814288757,1.7740308372541647e-05,9.03174780428467e-06,-0.007276288065644426,-0.0023899144863186624,3.1391131401412556e-05,-0.008900989925318292,-0.016523839151313186,0.0002831616241300847,-0.015857601369884566,2.311898822743573,0.006956611444566274,-10.569819880412217,-9.96209867890106,-10.028620874003966,-11.500565778391158,-9.79171698377486,-9.521659722018354,0.006956611444566274,0.7984221055413172,0.5930316137619926,3.101442727976105,3.0383127613015377,0.01753931033522793,-11.79877953534779,-7.927560474397679,2025-05-23,-11.152137958037589,-8.642831101403223,2025-05-30,-12.625691769645305,-7.880052692628062,2025-05-27,-10.742713268219623,-8.66204849136838,2025-06-02
2025-05-23,True,7,0,309.75,30.450000762939453,308.8599853515625,30.190000534057617,7.513722554164108e-06,0.002845151992148704,1.831493569824305e-05,0.008246789129452666,6.784460340404302e-06,9.522098956001426e-06,-0.005401637137303962,0.01879232476328871,0.00036066519256307814,0.021669792905121277,0.005313856548075044,4.6552007111763073e-05,0.013889114350831733,2.3196795012978635,0.007780678554289544,-11.79877953534779,-9.964138585182077,-10.142510205656016,-10.9077936726191,-9.932665693221523,-9.66215420196546,0.007780678554289544,0.9592385194410317,0.6676861931733405,3.070375816549757,3.009635212581242,0.05136979284255894,-12.625691769645305,-7.880052692628062,2025-05-27,-10.742713268219623,-8.66204849136838,2025-06-02,-10.650563409603475,-10.64168115068727,2025-05-28,-10.694831045040576,-9.090701115687523,2025-06-03
2025-05-27,True,7,0,304.5,30.229999542236328,303.80999755859375,30.040000915527344,3.286485603838633e-06,0.002334232384146597,1.2744934097243972e-05,0.00647035653922159,1.064417110916095e-05,2.693624295960827e-06,-0.004136124155074993,-0.019363022532912593,0.00037821312721391943,-0.01709443335929972,-0.013556161838512859,0.0001965144578891963,-0.007251225562717067,2.3098362935012804,-0.009843207796582654,-12.625691769645305,-9.97347942834925,-10.1664538107608,-11.270376691020967,-9.894030644310215,-9.671352491385436,0.009843207796582654,1.4236719276052703,0.7301774025898443,3.1036894150590832,3.104138188471233,0.021476938666514123,-10.650563409603475,-10.64168115068727,2025-05-28,-10.694831045040576,-9.090701115687523,2025-06-03,-10.722772624801866,-9.686146960197458,2025-05-29,-10.7159288700384,-9.090254258235275,2025-06-04
2025-05-28,True,7,0,303.80999755859375,29.979999542236328,304.6400146484375,30.149999618530273,2.3687492076962624e-05,-0.0026953548008038656,1.985748239331008e-05,-0.005654433115316049,5.198269124110707e-06,1.9173352673081e-05,0.002959078314512183,0.00045971253746699125,2.3898827694066965e-05,-0.002268589173612945,-0.002649883127872754,2.6879362984694773e-05,-0.008304316243188392,2.3158720205708563,0.006035727069575447,-10.650563409603475,-11.050559982365481,-10.207549184446913,-10.826929675091408,-10.443501922751842,-9.698405458545274,0.006035727069575447,0.8892988599529076,0.5187082828434648,3.050220458838061,2.9423314485395675,0.0007573750089147069,-10.722772624801866,-9.686146960197458,2025-05-29,-10.7159288700384,-9.090254258235275,2025-06-04,-11.09435340485047,-9.772132752392489,2025-05-30,-10.590568797002506,-9.13392063130792,2025-06-05
2025-05-29,True,7,0,305.6099853515625,30.299999237060547,305.739990234375,30.290000915527344,2.2037332194738046e-05,-0.0004907133717917101,7.973765733022897e-05,0.00033003207125847575,4.391208245518833e-05,2.8931453534889353e-05,-0.0008207454430501863,0.006332537655601715,6.213836535435172e-05,0.005907233361944542,0.010287177859061494,0.00018556368563419398,0.010617209930320115,2.31116204400248,-0.0047099765683755734,-10.722772624801866,-11.015738758877287,-10.250985111320798,-9.436768595296044,-10.477754533495236,-9.654884709055493,0.0047099765683755734,0.7059272687564334,0.3401119001266346,2.9801108926510342,2.9606230687833737,-0.0006869861911651398,-11.09435340485047,-9.772132752392489,2025-05-30,-10.590568797002506,-9.13392063130792,2025-06-05,-10.035830585371388,-7.975222058927096,2025-06-02,-10.106005760830085,-9.06690777270658,2025-06-06
2025-05-30,True,7,0,303.6000061035156,30.0,303.6400146484375,30.1200008392334,1.5197898369280485e-05,-9.890258344778325e-05,3.010079231450675e-05,-0.004325445665708135,3.4121726867123776e-05,5.588481908331731e-06,0.004226543082260351,-0.0064668939469376754,5.7018615690219635e-05,-0.006598665713002383,-0.005958256541116105,6.560161332425961e-05,-0.00995030567364763,2.314513683963126,0.0033516399606452474,-11.09435340485047,-11.152137958037589,-10.244754205331203,-10.410959063814794,-10.345062015654925,-9.764090551456972,0.0033516399606452474,0.5016723272156043,0.30246330910121544,2.9780773383152703,2.9538680853664383,0.0016153380211507695,-10.035830585371388,-7.975222058927096,2025-06-02,-10.106005760830085,-9.06690777270658,2025-06-06,-11.665596268501936,-9.476773151019405,2025-06-03,-10.245208794302494,-9.899575486163933,2025-06-09
2025-06-02,True,7,0,311.6700134277344,31.59000015258789,308.9049987792969,30.850000381469727,4.3802021644873677e-05,0.008750698810145403,0.00012884356451743506,0.02382732280754803,4.96855084543304e-05,6.148003885398917e-05,-0.015076623997402627,0.017322716684657777,0.0003438785349817946,0.026233913208447035,0.027939381054548622,0.0009094525782287055,0.05164323798209747,2.289104359189475,-0.025409324773650432,-10.035830585371388,-10.742713268219623,-10.199943834513835,-8.95691156765117,-9.821780640317119,-9.700305715372787,0.025409324773650432,3.989640056195266,1.9868906091551506,2.9496883350525844,2.921547358930808,0.006179458324476528,-11.665596268501936,-9.476773151019405,2025-06-03,-10.245208794302494,-9.899575486163933,2025-06-09,-10.755772892705867,-10.631196849431785,2025-06-04,-10.149435598492703,-9.982444730427652,2025-06-10
2025-06-03,True,7,0,308.9100036621094,31.440000534057617,309.1099853515625,31.270000457763672,8.584122615881473e-06,-0.0006147660475593749,2.0780898615070207e-05,0.00542179843875258,2.327583219115625e-05,3.044594519897715e-06,-0.006036564486311955,-0.008247825618402142,7.661075004745215e-05,-0.00889499464201915,-0.010181433535434782,0.0001244424874515462,-0.004759635096681869,2.2849689996441374,-0.0041353595453372805,-11.665596268501936,-10.694831045040576,-10.218727612103814,-10.781476328999602,-9.7925889776623,-9.744257504011209,0.0041353595453372805,0.6482548871055882,0.29838230653587156,3.0252910757955354,2.910174418435893,0.0143788970417571,-10.755772892705867,-10.631196849431785,2025-06-04,-10.149435598492703,-9.982444730427652,2025-06-10,-10.208531722337975,-10.176631344244708,2025-06-05,-9.969463395293147,-9.814172654678963,2025-06-11
2025-06-04,True,7,0,310.8999938964844,31.34000015258789,309.42999267578125,31.31999969482422,2.1321962936641897e-05,0.004707327351884327,1.730424291548013e-05,0.0009574178682196228,2.151247864311098e-05,8.556863604505525e-06,0.0037499094836647047,0.0016818874383927947,2.4150708292065374e-05,0.006421313241234294,-0.0038241231687676856,3.1928160925385935e-05,-0.0031857427509058844,2.294576055636278,0.009607055992140179,-10.755772892705867,-10.7159288700384,-10.239858027938258,-10.964558831300623,-9.801771910874656,-9.95040902557949,0.009607055992140179,1.54453055912228,0.7790920721829416,3.0007198150650303,2.8729995383614964,0.02306879945660434,-10.208531722337975,-10.176631344244708,2025-06-05,-9.969463395293147,-9.814172654678963,2025-06-11,-9.276424032432518,-9.2677010356909,2025-06-06,-10.091328004705247,-9.547450168061243,2025-06-12
2025-06-05,True,7,0,309.3299865722656,32.45000076293945,311.239990234375,32.625,3.685454082586433e-05,-0.0065759311795502776,8.829191967625862e-05,-0.005686678728907865,2.1232318049834725e-05,5.195707122614412e-05,-0.0008892524506424124,0.001092989939275474,3.8049167833221734e-05,-0.00506267264407434,0.04018362384619244,0.0017030155450885442,0.03480522486466464,2.254708158127539,-0.03986789750873898,-10.208531722337975,-10.590568797002506,-10.24838677582522,-9.334861964436792,-9.771332143006669,-9.909747711385045,0.03986789750873898,7.577333299619124,3.1114184759331294,2.986691528901842,2.8684669571674872,0.012098893450585457,-9.276424032432518,-9.2677010356909,2025-06-06,-10.091328004705247,-9.547450168061243,2025-06-12,-10.966500262480796,-10.93946532802243,2025-06-09,-10.558628630094544,-9.138503235491845,2025-06-13
2025-06-06,True,7,0,305.17999267578125,32.689998626708984,309.04998779296875,32.900001525878906,9.360525504322548e-05,-0.012470204544568469,5.303018743856265e-05,-0.006709424820516592,1.394486052756392e-05,6.634529097711209e-05,-0.005760779724051877,-0.0009055881821517272,9.442534499887835e-05,-0.013506882324947789,0.013772237489293284,0.00024270471290005805,0.007368712065274341,2.233832563737317,-0.02087559439022213,-9.276424032432518,-10.106005760830085,-10.191889426316393,-9.844649232245532,-9.69403469035965,-9.881171386837117,0.02087559439022213,3.967135606951355,1.6072755772850635,2.9801108926510342,2.916689041442776,0.0051906768386400515,-10.966500262480796,-10.93946532802243,2025-06-09,-10.558628630094544,-9.138503235491845,2025-06-13,-10.540697855781398,-9.778606362586622,2025-06-10,-10.181763312410306,-8.99766004266641,2025-06-16
2025-06-09,True,7,0,306.6199951171875,33.38999938964844,305.3900146484375,33.099998474121094,1.727068050882793e-05,0.003888992667096635,5.851478423442424e-05,0.008573410749799091,2.7298630583219025e-05,2.4243417080016572e-05,-0.004684418082702457,0.0006879538084744968,1.7743960951422496e-05,0.0047074374937485786,0.012464057557351159,0.00021386751502738678,0.021187256949486866,2.217352744281579,-0.016479819455738287,-10.966500262480796,-10.245208794302494,-10.193840075686165,-9.746231113699308,-9.953005443339224,-9.90337015368352,0.016479819455738287,3.171809704318165,1.3180229020305985,2.9528247725427144,2.8195916031316988,-0.016335798876058405,-10.540697855781398,-9.778606362586622,2025-06-10,-10.181763312410306,-8.99766004266641,2025-06-16,-9.723341357417963,-9.618503148690879,2025-06-11,-10.244575298241047,-9.054753370512149,2025-06-17
2025-06-10,True,7,0,306.7099914550781,33.22999954223633,308.30999755859375,33.310001373291016,2.6438273185944027e-05,-0.005203114506074444,2.5320681410894603e-05,-0.003006685612343735,1.2975001603117545e-05,1.9391976496860543e-05,-0.0021964288937307086,0.005496582428747741,5.665069158196244e-05,0.00029346792267404,-0.002398742242914005,3.107464575883471e-05,-0.00480336708520257,2.222449579289456,0.00509683500787661,-10.540697855781398,-10.149435598492703,-10.396404311054786,-10.583889049087757,-9.934104233550606,-9.954335706604152,0.00509683500787661,0.9949217470902202,0.27712695571186935,2.9678470700644555,2.842581085167748,-0.0071473363113652155,-9.723341357417963,-9.618503148690879,2025-06-11,-10.244575298241047,-9.054753370512149,2025-06-17,-11.512635360635642,-9.014706420315536,2025-06-12,-10.147706863403934,-9.01991663833871,2025-06-18
2025-06-11,True,7,0,308.3699951171875,32.95000076293945,307.5,32.91999816894531,5.9869620162518783e-05,0.002857717330386214,3.8656123145502886e-05,0.0003037854681601439,2.8199426273117786e-05,3.516315851745194e-05,0.0025539318622260707,0.0025724393662285776,6.648706445544127e-05,0.00539769697833048,-0.009372748403366025,0.00012650453577830325,-0.00846178448791246,2.2363090607556986,0.01385948146624294,-9.723341357417963,-9.969463395293147,-10.322467007596895,-10.160805369980704,-9.849705313700737,-9.95663955421472,0.01385948146624294,2.853923416183187,0.9411028903043899,2.9444389791664403,2.8302678788376356,-0.00817095257426903,-11.512635360635642,-9.014706420315536,2025-06-12,-10.147706863403934,-9.01991663833871,2025-06-18,-11.026758099782867,-8.199647934006467,2025-06-13,-10.130332788886916,-9.198964839714767,2025-06-20
2025-06-12,True,7,0,312.20001220703125,33.060001373291016,311.6449890136719,32.849998474121094,1.0002901464189181e-05,0.0014909586075934763,1.0148630998310975e-05,0.005767277881714642,6.459283418583111e-06,6.8461245219585235e-06,-0.004276319274121165,0.010564339376085325,0.00012160816791729605,0.012343702322692884,-0.0030395856222480543,1.9387711753288065e-05,0.003332849829254414,2.2453199132491366,0.00901085249343847,-11.512635360635642,-10.091328004705247,-10.363319741270205,-11.498171738586898,-10.200975372693872,-9.994820113514795,0.00901085249343847,1.8824399464111343,0.6095495036463224,2.9528247725427144,2.8483916989161067,0.009235422392498194,-11.026758099782867,-8.199647934006467,2025-06-13,-10.130332788886916,-9.198964839714767,2025-06-20,-9.475602480229128,-9.22040714942952,2025-06-16,-10.035950898308073,-9.836159533861105,2025-06-23
2025-06-13,True,7,0,316.2900085449219,32.970001220703125,317.260009765625,33.02000045776367,1.6260721213038167e-05,-0.0031254133498169016,1.3485689586845948e-05,-0.00212216825223022,1.618056872630885e-05,6.7829210367876335e-06,-0.001003245097586682,0.016077610580083414,0.0002747502831778483,0.013015494091699331,-0.0012106815770240797,1.495143946779146e-05,-0.0027260398239290495,2.2610614471647645,0.01574153391562838,-11.026758099782867,-10.558628630094544,-10.371066524194866,-11.21388146535369,-10.440479827351059,-10.029188327774431,0.01574153391562838,3.2854952738140337,1.135712737032412,2.9806186357439426,2.891482277583281,0.035757798809145314,-9.475602480229128,-9.22040714942952,2025-06-16,-10.035950898308073,-9.836159533861105,2025-06-23,-11.113116437486653,-10.709673460782447,2025-06-17,-10.334055372697488,-9.080615238066652,2025-06-24
2025-06-16,True,7,0,311.7799987792969,33.029998779296875,314.79998779296875,33.099998474121094,7.670048853161633e-05,-0.00960756609169146,6.126881204024849e-05,-0.002419783928749095,9.162277752485538e-06,6.440351140968965e-05,-0.007187782162942365,-0.004722063506919525,9.899837229499745e-05,-0.014361734303801832,0.003935142175653955,7.675415598285904e-05,0.001818108336990143,2.2448816045239726,-0.016179842640791975,-9.475602480229128,-10.181763312410306,-10.280311071266944,-9.700239620344849,-10.421808280002923,-9.991641983009616,0.016179842640791975,3.458103934643378,1.246831019883228,3.052112606990099,3.0359140485290044,0.016688627011594903,-11.113116437486653,-10.709673460782447,2025-06-17,-10.334055372697488,-9.080615238066652,2025-06-24,-9.459450057348205,-9.347348340166167,2025-06-18,-10.360904537024073,-9.086666650712772,2025-06-25
2025-06-17,True,7,0,311.94000244140625,33.7400016784668,312.6300048828125,33.615299224853516,1.4915398273267642e-05,-0.002305701892042917,3.7506455355020085e-05,0.003406338093070417,8.967368988370224e-05,-1.862591812770726e-05,-0.005712039985113333,0.0027225913216843652,2.2327901778178662e-05,0.0005130624809401851,0.01756509496378665,0.00034603901644186325,0.021267924419619,2.224126742585294,-0.020754861938678815,-11.113116437486653,-10.244575298241047,-10.309247328006743,-10.190997497002245,-10.343136045042565,-10.00534727500604,0.020754861938678815,4.42900739845582,1.621231859302551,2.9892110565637253,2.9502117901910383,0.01690822156986105,-9.459450057348205,-9.347348340166167,2025-06-18,-10.360904537024073,-9.086666650712772,2025-06-25,-11.217649059305037,-10.704337778419664,2025-06-20,-10.839366842860253,-9.179200409505725,2025-06-26
2025-06-18,True,7,0,310.260009765625,33.27000045776367,312.8900146484375,33.73500061035156,7.794944695546439e-05,-0.008537744609857078,0.00019022998526908836,-0.013879788382482694,3.790242847000404e-05,0.00011513850187727434,0.005342043772625616,0.0030408684381394184,8.719632781353685e-05,-0.005400182338402892,-0.00014823469299006138,0.00019025195879329422,-0.014028023075472795,2.232754583322364,0.008627840737069903,-9.459450057348205,-10.147706863403934,-10.218107958962733,-8.567276769021602,-9.679897466534928,-9.877789947018782,0.008627840737069903,1.7162760419344314,0.5514827269307343,3.0160249768217535,3.0726933323507546,0.006110342253127676,-11.217649059305037,-10.704337778419664,2025-06-20,-10.839366842860253,-9.179200409505725,2025-06-26,-10.232451455148347,-10.21979918102655,2025-06-23,-10.650193075721706,-8.495220977895201,2025-06-27
2025-06-20,True,7,0,310.1300048828125,32.720001220703125,309.3299865722656,32.779998779296875,1.3434976577331013e-05,0.0024216606094340453,2.687878857865531e-05,-0.001831987034319164,6.469394223158107e-05,-1.2190088537797384e-05,0.00425364764375321,-0.0030020623229326917,2.244735476810304e-05,-0.0004191069541601422,-0.014837567713020252,0.0002470322042171163,-0.016669554747339443,2.249005031115543,0.0162504477931793,-11.217649059305037,-10.130332788886916,-10.20824367408985,-10.524173111083266,-9.627767548711216,-9.857009897958847,0.0162504477931793,3.2621512681242146,1.1400478924742894,2.9745086371023644,3.002707856984976,-0.00665246702372535,-10.232451455148347,-10.21979918102655,2025-06-23,-10.650193075721706,-8.495220977895201,2025-06-27,-10.807272542210885,-7.821936982260439,2025-06-24,-10.88398267323525,-8.5053059710787,2025-06-30
2025-06-23,True,7,0,311.0799865722656,32.959999084472656,310.3399963378906,32.810001373291016,3.598344972244879e-05,0.0023816118068266667,4.18505980590721e-05,0.003954294229935788,2.0585396772490555e-05,2.862432550451517e-05,-0.0015726824231091208,0.0006768786973827904,3.644161449341942e-05,0.0030584905042090327,0.0027468397867785673,4.939572687330183e-05,0.007308128222250687,2.2447553933975017,-0.0042496377180416545,-10.232451455148347,-10.035950898308073,-10.39984207711558,-10.081404470591542,-9.545156989844962,-9.93335201560463,0.0042496377180416545,0.8083258371642192,0.35534248381928235,2.958549482426275,3.026261519288784,-0.01660947061121565,-10.807272542210885,-7.821936982260439,2025-06-24,-10.88398267323525,-8.5053059710787,2025-06-30,-11.453757564293953,-10.876693111586105,2025-06-25,-10.974178264209002,-8.777520228268507,2025-07-01
2025-06-24,True,7,0,306.19000244140625,32.61000061035156,305.07000732421875,32.54999923706055,2.0251685319694063e-05,0.0036645497911024496,0.00017591052164587912,0.002148219233106827,0.00010558481999682811,4.5288693484372524e-05,0.0015163305579956217,-0.019508788182373046,0.0004008445016643923,-0.015844238391270693,-0.012517332048770816,0.00033259412326506414,-0.010675668746422229,2.2395868237526533,-0.005168569644848464,-10.807272542210885,-10.334055372697488,-10.398308727517815,-8.645535091944412,-9.267172453146209,-9.851324684796824,0.005168569644848464,0.9835309934607593,0.4381749046818321,2.9454910571172443,2.9871959386843043,-0.01809197469868451,-11.453757564293953,-10.876693111586105,2025-06-25,-10.974178264209002,-8.777520228268507,2025-07-01,-10.937404840783675,-10.199524962658803,2025-06-26,-10.966838141014064,-8.784249538952743,2025-07-02
2025-06-25,True,7,0,307.1199951171875,33.0099983215332,305.30999755859375,32.529998779296875,1.0609533605732567e-05,0.005845801445994274,4.0700331065364515e-05,0.014344858506678066,1.3755469663735206e-05,1.877719750368094e-05,-0.008499057060683792,-0.0028781863951134867,1.8893490530748934e-05,0.0030327025232494975,-0.002456305558124774,4.6733768060239176e-05,0.012191486499951498,2.2304280397759517,-0.009158783976702,-11.453757564293953,-10.360904537024073,-10.421035707746505,-10.109274331264668,-9.260433913475014,-9.825283163141158,0.009158783976702,1.663649946889344,0.7399372234632384,2.905807566026004,2.861057344039536,-0.015572334656375197,-10.937404840783675,-10.199524962658803,2025-06-26,-10.966838141014064,-8.784249538952743,2025-07-02,-10.293391326260535,-7.544809892548341,2025-06-27,,,2025-07-03
2025-06-26,True,7,0,306.7799987792969,33.34000015258789,305.7699890136719,33.130001068115234,1.778055984936023e-05,0.0033303528734800122,1.536054361857621e-05,0.006018698704855462,2.8120257169300397e-05,2.5104231493180216e-06,-0.0026883458313754494,-0.004405385376868371,3.7187980168085905e-05,-0.0011076604529494105,0.0036287535340473022,2.8528395829436992e-05,0.009947386881491216,2.21937299244151,-0.011055047334440626,-10.937404840783675,-10.839366842860253,-10.405496330864114,-11.083708439036636,-9.718832776591029,-9.827770024725497,0.011055047334440626,2.014124830361042,0.8919607601560275,2.8524391037275145,2.818995108710371,-0.011279812770921716,-10.293391326260535,-7.544809892548341,2025-06-27,,,2025-07-03,-11.392173512138077,-10.550347190640181,2025-06-30,,,2025-07-07
2025-06-27,True,7,0,301.2200012207031,32.619998931884766,300.0299987792969,32.560001373291016,3.385610141471327e-05,0.003991663443083797,7.477002756384317e-05,0.002300697344104305,1.8121977835484433e-05,4.525207557153601e-05,0.0016909660989794916,-0.02224840875294891,0.0005288477934530069,-0.01828997550464706,-0.02367329858778818,0.0006351950935904171,-0.021832317450684702,2.222915334387548,0.0035423419460376415,-10.293391326260535,-10.650193075721706,-10.360608036137572,-9.501093454304087,-9.571046223538957,-9.776815881320749,0.0035423419460376415,0.6352375672033408,0.17128022371156326,2.8124102164264526,2.8088001133999354,-0.029150681321408634,-11.392173512138077,-10.550347190640181,2025-06-30,,,2025-07-07,-11.317089392840064,-8.742302346502113,2025-07-01,,,2025-07-08
2025-06-30,True,7,0,304.8299865722656,32.810001373291016,302.385009765625,32.720001220703125,1.1283449948720742e-05,0.007954711567344206,1.1344604191315719e-05,0.0021370697353897605,9.073200064511733e-06,6.777427037762363e-06,0.0058176418319544464,0.003860173359598919,2.6184388314877946e-05,0.011913301279754762,0.00306098459341369,2.0714230872431692e-05,0.00580782438019245,2.2290208112871106,0.006105476899562312,-11.392173512138077,-10.88398267323525,-10.378579859366708,-11.386768328722244,-9.662626595635338,-9.783657450261684,0.006105476899562312,1.0889416747930458,0.3621237951016382,2.8027541365715076,2.7923913308364643,-0.020295870545862904,-11.317089392840064,-8.742302346502113,2025-07-01,,,2025-07-08,-11.395956599880023,-11.196367735830968,2025-07-02,,,2025-07-09
2025-07-01,True,7,0,307.54998779296875,32.72999954223633,308.55499267578125,32.93000030517578,1.2163274990147014e-05,-0.003392446927561724,0.00011055010614065455,-0.006244840487035154,6.35394611848983e-05,2.9586959972951633e-05,0.00285239355947343,0.012145885611672217,0.0001596858122819732,0.008883435847179655,0.003650716826804874,0.0001238778394901708,-0.0024413143018460204,2.2403455614361363,0.011324750149025675,-11.317089392840064,-10.974178264209002,-10.393120601647379,-9.110041690546812,-9.892644105462669,-9.759113111237905,0.011324750149025675,2.0141898424824363,0.7633000088522759,2.851284369188118,2.817203487636887,0.004431803692587444,-11.395956599880023,-11.196367735830968,2025-07-02,,,2025-07-09,,,2025-07-03,,,2025-07-10
2025-07-02,True,7,0,309.25,33.2400016784668,308.0350036621094,33.029998779296875,1.1240844308783404e-05,0.003904218103134052,8.62618735013333e-06,0.0060368661455968975,8.62582375435446e-06,5.620603952281137e-06,-0.0021326480424628457,0.0015757888065350153,1.3723954671584452e-05,0.005512375309430162,0.009124127918260127,9.18758976189072e-05,0.015461945955606016,2.23039599078996,-0.009949570646175854,-11.395956599880023,-10.966838141014064,-10.399007709223072,-11.660707940738066,-10.028364077716429,-9.776155359862068,0.009949570646175854,1.7451498722628258,0.7969923213588291,2.818995095053937,2.8231630036695035,0.006911476478768108,,,2025-07-03,,,2025-07-10,-10.939786517111381,-9.664962290588514,2025-07-07,-10.509726451250486,-9.804031745840778,2025-07-11
2025-07-03,False,3,0,307.1400146484375,33.5099983215332,307.04998779296875,33.415000915527344,,,,,,,,-0.007139450253031755,,-0.006846293882021293,0.005250907879089411,,0.008089831178045959,2.2154598657298936,-0.014936125060067251,,,,,,,0.014936125060067251,2.667778817193504,1.1834071064168858,2.825536896557877,2.8118093987132804,0.001172843049696226,-10.939786517111381,-9.664962290588514,2025-07-07,-10.509726451250486,-9.804031745840778,2025-07-11,-9.79068777904039,-9.594074451655862,2025-07-08,-10.603002665140744,-10.038985944965411,2025-07-14
2025-07-07,True,7,0,307.3699951171875,33.43000030517578,305.07000732421875,33.060001373291016,1.7738262699927226e-05,0.0075760648457587135,5.2485037405656856e-05,0.011279162647166796,3.353113436685996e-05,1.834608286936206e-05,-0.003703097801408083,-0.006762434911099318,6.346878862678207e-05,0.0007485003525822265,-0.013519717728452726,0.0002352678048626958,-0.0023901420998759804,2.218598508182351,0.003138642452458207,-10.939786517111381,,,-9.854982430784439,,,0.003138642452458207,,0.13634691359756615,2.784393767689544,2.7960610271896718,0.020211318906925513,-9.79068777904039,-9.594074451655862,2025-07-08,-10.603002665140744,-10.038985944965411,2025-07-14,-11.121303917462237,-10.90114172059817,2025-07-09,-10.862139572316604,-10.239619449429002,2025-07-15
2025-07-08,True,7,0,304.1600036621094,33.290000915527344,306.29998779296875,33.33000183105469,5.597038877012414e-05,-0.006876343772695331,5.1196668589530245e-05,-0.0009005731814778076,1.3843656866796156e-05,4.6661700246429105e-05,-0.005975770591217524,-0.0034872437576167464,6.81312577951611e-05,-0.010498326962964377,-0.0029957623040259653,6.017126037175321e-05,-0.004196630472301788,2.2122968116916892,-0.006301696490662589,-9.79068777904039,,,-9.879836094646473,,,0.006301696490662589,,0.5486410545481425,2.827905162910489,2.8786365531407747,-0.0022003093357936265,-11.121303917462237,-10.90114172059817,2025-07-09,-10.862139572316604,-10.239619449429002,2025-07-15,-10.81530836001905,-10.645335959992673,2025-07-10,-9.968804912205686,-9.672814935171882,2025-07-16
2025-07-09,True,7,0,305.5199890136719,33.0,303.5799865722656,33.09000015258789,1.4793777312570153e-05,0.006141016092440637,1.7049236724246168e-05,-0.00257202904186152,4.707622466651626e-05,-7.61660531484997e-06,0.008713045134302157,-0.0019087678127702435,1.843717187563785e-05,0.004461316177626351,-0.0060259525436856,5.3361340782997124e-05,-0.008749517622025138,2.22550764549134,0.013210833799651489,-11.121303917462237,,,-10.979405122143199,,,0.013210833799651489,,0.8793657583707466,2.785011242238338,2.8219739156502905,-0.00662242900534693,-10.81530836001905,-10.645335959992673,2025-07-10,-9.968804912205686,-9.672814935171882,2025-07-16,-10.492002636272739,-9.187663897606622,2025-07-11,-9.968625005071868,-9.453505808395166,2025-07-17
2025-07-10,True,7,0,306.20001220703125,33.75,306.1099853515625,33.310001373291016,2.008959858809859e-05,0.00032664655145235675,9.328566838267466e-05,0.012529942068971062,4.382721606519017e-05,3.477402545279154e-05,-0.012203295517518706,0.001929259668812835,2.38116414578064e-05,0.002223316131964914,0.009350131966696934,0.00018071063617732251,0.022472855852058604,2.2052581057712466,-0.02024953972009369,-10.81530836001905,,,-9.279844069812615,,,0.02024953972009369,,1.586365471352919,2.7638002162067017,2.768831647037307,-0.009911488182812178,-10.492002636272739,-9.187663897606622,2025-07-11,-9.968625005071868,-9.453505808395166,2025-07-17,-12.09359761491157,-12.084471742027427,2025-07-14,-10.084941479540339,-9.655265558757737,2025-07-18
2025-07-11,True,7,0,309.1400146484375,35.029998779296875,308.8550109863281,34.20000076293945,2.7757551288836188e-05,0.0009708186333227983,0.0002852106544144771,0.023408020647346674,0.0002563193101843226,2.8324447759495305e-05,-0.022437202014023876,0.008633423580786616,0.00010229355401411859,0.009555773018863789,0.013245249058191574,0.00046064727702800184,0.037224385043493236,2.1775894937466176,-0.027668612024629446,-10.492002636272739,-10.509726451250486,,-8.162282512427394,-9.211887036412042,,0.027668612024629446,,2.174702052468209,2.7750856024383683,2.7587432984957503,0.0064905787180729035,-12.09359761491157,-12.084471742027427,2025-07-14,-10.084941479540339,-9.655265558757737,2025-07-18,-10.497108263588075,-10.46759687252712,2025-07-15,-10.03632999661198,-9.299374751096876,2025-07-21
2025-07-14,True,7,0,308.010009765625,34.630001068115234,309.07000732421875,35.220001220703125,5.595221573598199e-06,-0.0034355304719705763,9.613772999101199e-05,-0.016893748469463128,5.7714220636643474e-05,2.2009365463983365e-05,0.013458217997492552,-0.00022648395215144044,5.646516554180335e-06,-0.003662014424121729,0.005409335365400896,0.00012539863908638883,-0.011484413104062341,2.185411892426558,0.007822398679940612,-12.09359761491157,-10.603002665140744,,-9.249728707270746,-9.128060246539844,,0.007822398679940612,,0.39519133201882495,2.8296776892239084,2.797281311569803,0.002080063941368948,-10.497108263588075,-10.46759687252712,2025-07-15,-10.03632999661198,-9.299374751096876,2025-07-21,-8.784197421064269,-8.77423826807514,2025-07-16,-10.137005563244678,-9.306580990270147,2025-07-22
2025-07-15,True,7,0,306.7300109863281,34.2599983215332,307.7300109863281,34.689998626708984,2.761619274585926e-05,-0.0031245655124714916,9.867133180872479e-05,-0.011889363274336751,7.457648737667671e-05,2.5855518588953663e-05,0.00876479776186526,-0.0009094708453568176,2.8443329964413305e-05,-0.0041643640755140154,0.0017310321361695513,0.0001016678040651765,-0.010741945354022508,2.1919894737050662,0.006577581278508493,-10.497108263588075,-10.862139572316604,,-9.223716111580892,-9.044225060972,,0.006577581278508493,,0.3163533554597556,2.8326249356838407,2.844909428176351,0.00841402682881931,-8.784197421064269,-8.77423826807514,2025-07-16,-10.137005563244678,-9.306580990270147,2025-07-22,-10.813213118088205,-9.2001839490503,2025-07-17,-10.622841185943926,-9.379624048877979,2025-07-23
2025-07-16,True,7,0,308.260009765625,34.40999984741211,307.1099853515625,34.38999938964844,0.00015313396658892472,0.003737672496306752,0.00014313234464576687,0.0005814086787462478,2.615632171451812e-05,0.00013505499476008676,0.003156263817560505,0.0012380242930849343,0.00015466667073919316,0.0049756967893914705,0.003787362792290345,0.00015747646156619218,0.004368771471036315,2.192596399023422,0.000606925318355156,-8.784197421064269,-9.968804912205686,,-8.851740868670106,-8.850657136547406,,0.000606925318355156,,0.10501303662477032,2.7954503913830435,2.855320071549938,0.00892840744058443,-10.813213118088205,-9.2001839490503,2025-07-17,-10.622841185943926,-9.379624048877979,2025-07-23,-13.104006999707904,-10.39259163072224,2025-07-18,-10.614649510148693,-9.364080730299126,2025-07-24
2025-07-17,True,7,0,307.5899963378906,34.650001525878906,305.5,34.29999923706055,2.0131735285306468e-05,0.006752948817950355,2.5024440874055412e-05,0.009863734145624244,6.746869719736365e-06,1.920465321981276e-05,-0.0031107853276738893,-0.008993835786755229,0.00010102081744442551,-0.002175898954109634,-0.0032018834462223832,3.5276498477248335e-05,0.006950554297837197,2.183469945771475,-0.009126453251946831,-10.813213118088205,-9.968625005071868,,-10.59565757570768,-8.950785431915394,,0.009126453251946831,,0.7924617036294379,2.848970892158587,2.842581085167748,0.004529192354509881,-13.104006999707904,-10.39259163072224,2025-07-18,-10.614649510148693,-9.364080730299126,2025-07-24,-11.044059168589193,-8.855344562097557,2025-07-21,-10.525986948640847,-9.279418853303039,2025-07-25
2025-07-18,True,7,0,308.3900146484375,34.61000061035156,309.239990234375,34.790000915527344,2.0370517832590244e-06,-0.002752379631193202,1.4366965910333499e-05,-0.004898496584155108,1.1455394827252196e-05,2.4743114331701626e-06,0.0021461169529619073,0.005349927428541494,3.065877527391963e-05,0.002597547797348554,0.004032245806848889,3.062597215718395e-05,-0.001155094390446365,2.187222587959269,0.003752642187794919,-13.104006999707904,-10.084941479540339,,-11.15057902071407,-9.491820878670316,,0.003752642187794919,,0.1286666903910675,2.827905162910489,2.804571795802497,-0.002429032867005354,-11.044059168589193,-8.855344562097557,2025-07-21,-10.525986948640847,-9.279418853303039,2025-07-25,-11.920703155677447,-10.590295136793351,2025-07-22,-10.454354191132857,-9.539576747484789,2025-07-28
2025-07-21,True,7,0,313.1300048828125,35.349998474121094,311.8800048828125,35.11000061035156,1.5981813018451145e-05,0.003808317005861488,5.841640711892868e-05,0.0062465056339228685,3.3412169105014115e-05,2.049302551618285e-05,-0.0024381886280613815,0.011253250855816938,0.00014261746784239579,0.015253192127432591,0.014343332281947027,0.00026414758806927237,0.021155673895315363,2.181320106191387,-0.005902481767882772,-11.044059168589193,-10.03632999661198,,-9.747913763770145,-9.597146181557692,,0.005902481767882772,,0.5943898839030689,2.8172035149987327,2.79789089580353,0.016486173684548966,-11.920703155677447,-10.590295136793351,2025-07-22,-10.454354191132857,-9.539576747484789,2025-07-28,-9.472161380884785,-9.00594237843082,2025-07-23,-10.45621457461691,-9.588416032009176,2025-07-29
2025-07-22,True,7,0,316.1000061035156,35.720001220703125,314.4800109863281,35.54999923706055,6.6512672623998624e-06,0.0049957098523881315,4.970267175310106e-05,0.004490601180290095,6.0326143668001525e-05,-1.986102326250294e-06,0.0005051086720980376,0.0043020606794302516,2.5158993351899738e-05,0.009440183161308013,0.005641785610534628,8.153241662833664e-05,0.01041244100482741,2.180347848347867,-0.0009722578435193974,-11.920703155677447,-10.137005563244678,,-9.909451868698913,-9.752853344361272,,0.0009722578435193974,,0.234048383107205,2.8780742300857587,2.812410193515358,0.030090720921370995,-9.472161380884785,-9.00594237843082,2025-07-23,-10.45621457461691,-9.588416032009176,2025-07-29,-10.764660295215771,-9.136779091210585,2025-07-24,-10.51072133593606,-9.640613713249921,2025-07-30
2025-07-23,True,7,0,312.17999267578125,35.689998626708984,313.9700012207031,35.75,7.696487716530117e-05,-0.005621432881841024,0.00012948563148039693,-0.0013995589835702439,3.223005202398053e-05,8.71102283108588e-05,-0.00422187389827078,-0.006761194699814283,0.00012267863093409792,-0.012478717461641864,0.0008394789574994321,0.00013019035640048126,-0.0008402911587626072,2.1687094220449876,-0.011638426302879257,-9.472161380884785,-10.622841185943926,,-8.95194063679984,-9.800944981865905,,0.011638426302879257,,0.9985649214896232,2.9486406660201405,2.803360380906535,0.01263630667033766,-10.764660295215771,-9.136779091210585,2025-07-24,-10.51072133593606,-9.640613713249921,2025-07-30,-11.21882911087123,-9.588119658965125,2025-07-25,-10.53275881597218,-9.486254871496365,2025-07-31
2025-07-24,True,7,0,310.2699890136719,35.4900016784668,309.2900085449219,35.36000061035156,2.113330564812334e-05,0.0032924142188944325,2.7674907059463306e-05,0.0035288341466992506,6.357532338432091e-06,2.122534018457728e-05,-0.00023641992780481808,-0.009300545342997311,0.00010763344932527232,-0.0061370703288572415,-0.009289243993238461,0.00011396496102538013,-0.005619485071273633,2.1681918367874045,-0.0005175852575836082,-10.764660295215771,-10.614649510148693,,-10.494984437660188,-9.79142186689816,,0.0005175852575836082,,0.1897674053604794,2.914522218128448,2.7324175501047714,0.008675135295590053,-11.21882911087123,-9.588119658965125,2025-07-25,-10.53275881597218,-9.486254871496365,2025-07-31,-10.559573158318454,-10.239597802280683,2025-07-28,-10.502732016222541,-8.917967851579471,2025-08-01
2025-07-25,True,7,0,307.3999938964844,34.65999984741211,307.9750061035156,35.279998779296875,1.3419131962748974e-05,-0.0018688194170484469,0.00019228538688736648,-0.01758563773299524,0.00012098948189391514,4.2357518478100156e-05,0.01571681831594679,-0.0074242200736300765,6.853817566444076e-05,-0.009293039490678723,-0.0059348174143198104,0.00022750744462868018,-0.023664734067441184,2.1825635313641674,0.014371694576762462,-11.21882911087123,-10.525986948640847,,-8.556529899482364,-9.29902950987603,,0.014371694576762462,,0.9029537647048508,2.8803214220426634,2.733717970158959,-0.003215451992437224,-10.559573158318454,-10.239597802280683,2025-07-28,-10.502732016222541,-8.917967851579471,2025-08-01,-11.961807811663965,-11.734587994615193,2025-07-29,-10.674053503821982,-8.920469000911606,2025-08-04
2025-07-28,True,7,0,305.4100036621094,34.63999938964844,306.44000244140625,34.650001525878906,2.5943922963059386e-05,-0.0031704075023901157,1.234518120136335e-05,-0.0002887035984350365,1.2773303732008846e-05,1.2757900216206942e-05,-0.0028817039039550794,-0.0031278256335908875,3.5727216157207624e-05,-0.006494663067577733,-0.0002885102122190948,1.2428419343918057e-05,-0.0005772138106543423,2.176646082107243,-0.0059174492569233905,-10.559573158318454,-10.454354191132857,,-11.302244757157126,-9.405154569759604,,0.0059174492569233905,,0.5557280708460137,2.8361502037295256,2.7033726319915394,-0.024963307187447548,-11.961807811663965,-11.734587994615193,2025-07-29,-10.674053503821982,-8.920469000911606,2025-08-04,-9.576571957459565,-9.159124999377351,2025-07-30,-10.632027475389341,-8.910996355618343,2025-08-05
2025-07-29,True,7,0,306.25,34.65999984741211,305.79998779296875,34.63999938964844,6.383411972282645e-06,0.0012909242371576847,3.1294135577422514e-05,0.0002887035984353581,4.5536657106105354e-05,-3.929554778200104e-06,0.0010022206387223266,0.0012761053949831142,8.011856951387655e-06,0.0027466136773082184,0.0,3.1294135577422514e-05,0.0005772138106543423,2.178815481973897,0.002169399866653876,-11.961807811663965,-10.45621457461691,,-10.37207983971626,-9.450921980761233,,0.002169399866653876,,0.0313589848479473,2.8207834710894493,2.7100481859984953,-0.03165687667144734,-9.576571957459565,-9.159124999377351,2025-07-30,-10.632027475389341,-8.910996355618343,2025-08-05,-10.91605094036625,-8.728490305249727,2025-07-31,-11.396328183879486,-9.05950346479624,2025-08-06
2025-07-30,True,7,0,300.9599914550781,33.5099983215332,304.4200134277344,34.119998931884766,6.933422146237896e-05,-0.011198447459387357,0.0003000918401542746,-0.01744316724697077,0.00010464461260774624,0.0001323907245044537,0.006244719787583412,-0.0059933908981785015,0.00010525495592074788,-0.01742442469843475,-0.01570258856622868,0.0005466631278345303,-0.03374242822435658,2.195133485499819,0.01631800352592183,-9.576571957459565,-10.51072133593606,,-8.111421996309897,-9.090441441507295,,0.01631800352592183,,1.067553525495168,2.8100049236252036,2.771337911692091,-0.03660258390824023,-10.91605094036625,-8.728490305249727,2025-07-31,-11.396328183879486,-9.05950346479624,2025-08-06,-10.954411624431026,-7.932466073439904,2025-08-01,-11.495307802817283,-9.320726263268265,2025-08-07
2025-07-31,True,7,0,302.9599914550781,33.31999969482422,304.5899963378906,33.29999923706055,1.8164327034181183e-05,-0.005365842569409889,3.778585784678532e-05,0.0004503307177945032,1.915730963497557e-05,1.839643762299547e-05,-0.005816173287204392,0.01198926079766073,0.0001619067015085056,0.006623418228250522,-0.006286477585379906,7.73056582782693e-05,-0.0056860435209782345,2.2074429472490484,0.012309461749228756,-10.91605094036625,-10.53275881597218,,-10.183575656380635,-9.072663381312271,,0.012309461749228756,,0.788058065096699,2.8021475244813256,2.739548838590284,-0.023842095351132464,-10.954411624431026,-7.932466073439904,2025-08-01,-11.495307802817283,-9.320726263268265,2025-08-07,-12.351078096082103,-10.287561965622027,2025-08-04,-11.406983701506206,-10.66204053040567,2025-08-08
2025-08-01,True,7,0,309.1099853515625,33.59000015258789,308.6099853515625,33.7599983215332,1.7480726541685025e-05,0.0018130345128806575,4.780794791108946e-05,-0.0050482118432771065,2.4039953044443055e-05,2.0624360704165712e-05,0.006861246356157764,0.01847754095643906,0.0003589002463385679,0.02009639782657313,0.013118811870431863,0.00021991117280287343,0.00807060002715465,2.219468745048466,0.01202579779941848,-10.954411624431026,-10.502732016222541,,-9.948318657998326,-9.362734349430134,,0.01202579779941848,,0.7728631212267522,2.7750856024383683,2.8166055665892396,0.00554734196611939,-12.351078096082103,-10.287561965622027,2025-08-04,-11.406983701506206,-10.66204053040567,2025-08-08,-11.386388047691163,-11.150307639978317,2025-08-05,-11.280443855005533,-9.727924402981293,2025-08-11
2025-08-04,True,7,0,310.9100036621094,33.97999954223633,310.79998779296875,33.93000030517578,4.325087891373307e-06,0.0002892271166751194,1.6070211813050603e-05,0.0011782303168173416,6.831629293616518e-06,6.7818352054036965e-06,-0.0008890032001422222,0.005452426002003385,3.405403719869592e-05,0.00580633979396783,0.010071179623554971,0.00011749887082295946,0.011543694605364418,2.2137313902370694,-0.005737354811396589,-12.351078096082103,-10.674053503821982,,-11.0385431976514,-9.354095291086919,,0.005737354811396589,,0.506335284377632,2.8507065015037334,3.014553986615314,0.017848344827664953,-11.386388047691163,-11.150307639978317,2025-08-05,-11.280443855005533,-9.727924402981293,2025-08-11,-12.233591804460783,-11.316401231302379,2025-08-06,-10.801276029529149,-9.611165893365898,2025-08-12
2025-08-05,True,7,0,311.1600036621094,34.349998474121094,310.3699951171875,34.0099983215332,1.1348919149491182e-05,0.0024779003174314473,6.703691268687632e-05,0.009510665741141136,2.767758139422026e-05,2.535412522107363e-05,-0.007032765423709689,-0.0017383745878593137,1.437086535720622e-05,0.000803768098495361,0.0008824468947236371,6.781562520888372e-05,0.010829871474622443,2.2037052868609432,-0.010026103376127082,-11.386388047691163,-10.632027475389341,-10.457671910393696,-9.6102671546576,-9.27478765373043,-9.385474816103041,0.010026103376127082,,0.8204408063341745,2.837322536806349,2.8633431116363086,0.015905499248852095,-12.233591804460783,-11.316401231302379,2025-08-06,-10.801276029529149,-9.611165893365898,2025-08-12,-11.260636818112122,-10.474507135052402,2025-08-07,-10.64963833777852,-9.562779155750476,2025-08-13
2025-08-06,True,7,0,310.5,34.349998474121094,310.32000732421875,34.38999938964844,4.864280217467362e-06,0.000579854639673464,7.516159962913497e-06,-0.001018251537712208,8.573424165239044e-06,1.9035080075709078e-06,0.0015981061773856723,-0.002703214373929579,1.2171648168886848e-05,-0.002123359734255814,0.0011638324493912066,8.870665933169432e-06,0.0,2.201581927126687,-0.002123359734255814,-12.233591804460783,-11.396328183879486,-10.478252642605002,-11.79845519365477,-10.253231768292718,-9.410129071625546,0.002123359734255814,0.3051508590511596,0.26212830576185575,2.8142103969306005,2.882003529596501,0.03120656421303103,-11.260636818112122,-10.474507135052402,2025-08-07,-10.64963833777852,-9.562779155750476,2025-08-13,-10.71632432805466,-10.474703768939316,2025-08-08,-10.672649123666506,-9.562919771308641,2025-08-14
2025-08-07,True,7,0,313.1199951171875,34.7599983215332,311.7200012207031,34.849998474121094,1.2869674627914789e-05,0.0042735176659112525,3.4653176073579004e-05,-0.0024276031503107417,2.270030052510433e-05,1.2411275088194733e-05,0.006701120816221994,0.003921451517851028,2.824745663477092e-05,0.008402586680171353,0.014451119175499022,0.00024348802149805451,0.011865277863036372,2.1981192359438215,-0.0034626911828650186,-11.260636818112122,-11.495307802817283,-10.550410521227501,-10.270121174953875,-10.27116908478882,-9.419354219228902,0.0034626911828650186,0.5035620499904023,0.37200151128903963,2.7985001040242823,2.8195916031316988,0.03298573266495186,-10.71632432805466,-10.474703768939316,2025-08-08,-10.672649123666506,-9.562919771308641,2025-08-14,-11.345413569233369,-8.44511702067463,2025-08-11,-10.830917244086796,-9.628962763356723,2025-08-15
2025-08-08,True,7,0,313.04998779296875,34.880001068115234,312.3500061035156,34.779998779296875,2.2179894600610833e-05,0.002078817059944745,2.15995294582945e-05,0.002727766313240605,2.155652150753008e-05,1.1111451275687623e-05,-0.0006489492532958596,-0.0024621145734963525,2.8241902773633958e-05,-0.00022360485625672055,0.0005752217184062609,2.193040948362075e-05,0.0034463775534652186,2.1944492535340996,-0.003669982409721939,-10.71632432805466,-11.406983701506206,-10.537669361947547,-10.742839027849655,-10.435359845133126,-9.41680834309726,0.003669982409721939,0.5314498458949942,0.39009176556293895,2.830267833826459,2.8075938130211036,0.01266572998212201,-11.345413569233369,-8.44511702067463,2025-08-11,-10.830917244086796,-9.628962763356723,2025-08-15,-9.900890822593068,-9.87830711847603,2025-08-12,-10.893375764817296,-10.627221967575917,2025-08-18
2025-08-11,True,7,0,308.54998779296875,34.18000030517578,308.6199951171875,34.34000015258789,1.1823593551370285e-05,-8.098927163573176e-05,9.356663847800286e-06,-0.004523868374690406,8.03779241978781e-06,6.57123248969138e-06,0.004442879103054674,-0.01425215237582827,0.0002149474408951977,-0.01447901799294371,-0.015602769750574097,0.00025280308773723036,-0.02027294304741334,2.2002431785885697,0.005793925054469629,-11.345413569233369,-11.280443855005533,-10.551939218783591,-11.579421757526866,-10.482146420206655,-9.464842030167251,0.005793925054469629,0.8494123013817618,0.2877227854503159,2.794839331174601,2.718000506775858,-0.0076196278047895305,-9.900890822593068,-9.87830711847603,2025-08-12,-10.893375764817296,-10.627221967575917,2025-08-18,-10.745417554639472,-10.456038577798866,2025-08-13,-11.325276442438918,-10.948875875142262,2025-08-19
2025-08-12,True,7,0,308.2699890136719,34.40999984741211,308.2200012207031,34.2400016784668,5.013000521832246e-05,6.485096828920964e-05,9.232238661888369e-05,0.005243137291803878,1.9309457174654397e-05,6.15714673312759e-05,-0.005178286323514669,-0.0010700475367797873,5.127500694929095e-05,-0.0009078785028293623,0.001753913678247986,9.539859980962907e-05,0.006706528759048869,2.1926287713266914,-0.007614407261878231,-9.900890822593068,-10.801276029529149,-10.51377759257021,-9.290223903947604,-10.316292032293399,-9.584850155190074,0.007614407261878231,1.1363446150258556,0.6641748873040277,2.8296776892239084,2.7880929087757464,-0.009331274406114254,-10.745417554639472,-10.456038577798866,2025-08-13,-11.325276442438918,-10.948875875142262,2025-08-19,-11.495777431705207,-10.476258237146636,2025-08-14,-11.638055104543499,-10.642933318584983,2025-08-20
2025-08-13,True,7,0,309.2099914550781,35.0,309.1000061035156,34.869998931884766,2.1543906236741255e-05,0.00022646197391496458,3.0629038527414705e-05,0.0037212314332059756,6.037797396633952e-06,2.3067573683761003e-05,-0.003494769459291011,0.0026888821824827993,2.8773993628014717e-05,0.0030446433804476314,0.01327961468122405,0.00020697720460919602,0.01700084611442998,2.178672568592709,-0.013956202733982348,-10.745417554639472,-10.64963833777852,-10.487435808773245,-10.393562027510574,-10.185527998128697,-9.629119310818847,0.013956202733982348,2.3889966893297903,1.1233748371936858,2.7942278973432626,2.689886199397575,-0.004163271291410808,-11.495777431705207,-10.476258237146636,2025-08-14,-11.638055104543499,-10.642933318584983,2025-08-20,-12.162664399227628,-12.060791828246725,2025-08-15,-11.81783245792052,-10.853402578317558,2025-08-21
2025-08-14,True,7,0,307.25,34.5,307.8999938964844,34.650001525878906,1.0172959048136393e-05,-0.002145865761933182,2.517651535193186e-05,-0.0040486812000232915,5.86666215264646e-06,1.4741406123710896e-05,0.0019028154380901097,-0.0042455949747133796,2.8198035737447896e-05,-0.006358881635978086,-0.010050291816593171,0.00012618488095061153,-0.014388737452099232,2.1867024244088302,0.008029855816121145,-11.495777431705207,-10.672649123666506,-10.51628201043958,-10.58959892844298,-10.237092753729796,-9.681235807664121,0.008029855816121145,1.4244300092247097,0.46783166063437504,2.7694588292308535,2.673458740536743,-0.018924739607560248,-12.162664399227628,-12.060791828246725,2025-08-15,-11.81783245792052,-10.853402578317558,2025-08-21,-12.05148781443795,-11.84064926045899,2025-08-18,-10.29429364046822,-9.96665438308519,2025-08-22
2025-08-15,True,7,0,307.42999267578125,34.5,307.4800109863281,34.34000015258789,5.221820828210451e-06,-6.511051867741499e-05,1.973894254580229e-05,0.004503495120948028,1.0525040026976298e-05,7.217861673518222e-06,-0.004568605639625444,0.0007483317650065588,5.781821258728282e-06,0.0005856467855478442,-0.004648464124539926,4.134716126293703e-05,0.0,2.1872880711943785,0.0005856467855478442,-12.162664399227628,-10.830917244086796,-10.801523348223792,-10.832917094502108,-10.247536557918822,-9.775349498917649,0.0005856467855478442,0.10940398909515067,0.07476829700222375,2.7298116928837226,2.6966521510052726,-0.018115487965755683,-12.05148781443795,-11.84064926045899,2025-08-18,-10.29429364046822,-9.96665438308519,2025-08-22,-10.950687496828984,-10.929071621781189,2025-08-19,-10.29062932183236,-9.943853304020557,2025-08-25
2025-08-18,True,7,0,306.95001220703125,34.54999923706055,307.7900085449219,34.65999984741211,5.835866432213223e-06,-0.0028305889508009213,9.407094961981158e-06,-0.0031787517535446074,8.546165331855926e-07,7.194172430504393e-06,0.0003481628027436857,0.0011703647785205418,7.20562014701466e-06,-0.0015624875893935908,0.004626955847725446,3.0815815378781857e-05,0.0014482040941805607,2.1842773795108035,-0.0030106916835741515,-12.05148781443795,-10.893375764817296,-10.83394621214842,-11.57404637020441,-10.247252036245303,-9.787918226135876,0.0030106916835741515,0.5695288778148239,0.3284028598722726,2.7226103524335397,2.7140322828916124,-0.005198957562205564,-10.950687496828984,-10.929071621781189,2025-08-19,-10.29062932183236,-9.943853304020557,2025-08-25,-12.139811141650757,-9.717343643378321,2025-08-20,-10.343649595327122,-9.955010594789265,2025-08-26
2025-08-19,True,7,0,305.2699890136719,33.869998931884766,306.760009765625,34.470001220703125,1.7545948369726936e-05,-0.004803542205028411,0.00010007186391216603,-0.01696944833309067,6.432210038774838e-05,2.6647855947072302e-05,0.01216590612806226,-0.0006191929108998817,1.7929348230635605e-05,-0.005488312721199762,-0.002318112189227785,0.00010544550803401247,-0.019877892837546707,2.198666959627151,0.014389580116346945,-10.950687496828984,-11.325276442438918,-10.79881999448506,-9.209621990951971,-10.20446586795504,-9.720811162679473,0.014389580116346945,2.735198294724924,0.9262007967660973,2.7013612129514133,2.707383296845538,-0.009779391780575963,-12.139811141650757,-9.717343643378321,2025-08-20,-10.343649595327122,-9.955010594789265,2025-08-26,-12.746179258185155,-12.102270926883733,2025-08-21,-10.340426923038589,-10.188630714695874,2025-08-27
2025-08-20,True,7,0,308.3599853515625,34.43000030517578,307.5400085449219,34.209999084472656,5.342530495623846e-06,0.0026303333593212844,1.4199366451640085e-05,0.006119765358453798,1.1077465537841655e-05,4.2322157047111385e-06,-0.0034894319991325136,0.007408592951197231,6.0229780012153136e-05,0.010071289165623831,0.00998833693358455,0.0001139662411504493,0.016398650920143254,2.1923395978726314,-0.006327361754519423,-12.139811141650757,-11.638055104543499,-10.822783525902441,-11.16231321043407,-10.297456298443294,-9.75487052757707,0.006327361754519423,1.1536755902530604,0.5687450759109197,2.695977619867941,2.745345966245664,-0.0027527459953997635,-12.746179258185155,-12.102270926883733,2025-08-21,-10.340426923038589,-10.188630714695874,2025-08-27,-8.891958964756151,-8.847191013298117,2025-08-22,-10.270444302054017,-10.122398034971253,2025-08-28
2025-08-21,True,7,0,307.2900085449219,34.61000061035156,307.8599853515625,34.47999954223633,2.9134306367366744e-06,-0.0018206571874985755,1.835423774473257e-05,0.003185194841123339,1.5820391685556084e-05,2.723638347956582e-06,-0.005005852028621915,-0.001622797486285552,5.546902318231381e-06,-0.003475929162815916,0.0014511463051922464,2.046006334380568e-05,0.005214389068282976,2.183649279641532,-0.008690318231098892,-12.746179258185155,-11.81783245792052,-10.831340685600347,-10.905650070358735,-10.338763589958326,-9.779740126684514,0.008690318231098892,1.6119518571521305,0.7424691970732307,2.7343675094195836,2.753023540000728,0.0001302064777624068,-8.891958964756151,-8.847191013298117,2025-08-22,-10.270444302054017,-10.122398034971253,2025-08-28,-11.950385772166028,-11.28035188578738,2025-08-25,-11.062478132728687,-10.81400313816241,2025-08-29
2025-08-22,True,7,0,310.5799865722656,35.34000015258789,306.5199890136719,34.459999084472656,0.0001374900558235609,0.01307802549824724,0.00046176585229494956,0.024933308666288623,0.00010530936484086344,0.0002469732716388235,-0.011855283168041382,-0.002508984663828715,0.00014378505986688858,0.01064951898275357,-0.004343470750418927,0.00048063159045469433,0.0208727959268864,2.1734260026973993,-0.01022327694413283,-8.891958964756151,-10.29429364046822,-10.701052217362033,-7.680452608570157,-9.021708077565203,-9.543157255527335,0.01022327694413283,1.965949226883134,0.8639873363798367,2.73696154459663,2.8094027183426014,0.010194078674968132,-11.950385772166028,-11.28035188578738,2025-08-25,-11.062478132728687,-10.81400313816241,2025-08-29,-11.643004706734393,-11.089930501934818,2025-08-26,-10.614468294781114,-10.064277818889675,2025-09-02
2025-08-25,True,7,0,309.8299865722656,35.02000045776367,309.80999755859375,35.06999969482422,6.456741545370568e-06,6.973852390415982e-05,5.147185682999703e-05,-0.0011412530881501973,2.6973702042672464e-05,1.547744816634757e-05,0.0012109916120543567,-0.0024822754355717817,1.2618432883413648e-05,-0.002417757282480615,-0.0076694157590784,0.00011029179491559714,-0.00909613128006237,2.180104376694981,0.006678373997581755,-11.950385772166028,-10.29062932183236,-10.731121477281102,-9.874475368983807,-8.954360788996715,-9.528181691494291,0.006678373997581755,1.2119764251251717,0.3664060158164927,2.7180005319553784,2.6546494431534917,0.009338808981881108,-11.643004706734393,-11.089930501934818,2025-08-26,-10.614468294781114,-10.064277818889675,2025-09-02,-12.046991934386746,-11.439583058316769,2025-08-27,-10.580666362733945,-9.884743036197529,2025-09-03
2025-08-26,True,7,0,312.0799865722656,35.02000045776367,310.6199951171875,34.900001525878906,8.780258518463308e-06,0.004657260666628392,1.4974706442238535e-05,0.0034324669993592463,2.0689830586316506e-05,1.5325671871926672e-06,0.0012247936672691458,0.0025465677981163113,1.5265266068866267e-05,0.007235805547642471,-0.0034324669993591912,2.6756536143928427e-05,0.0,2.187340182242624,0.007235805547642471,-11.643004706734393,-10.343649595327122,-10.74081675575911,-11.10914801734432,-9.095644728946818,-9.645560054286852,0.007235805547642471,1.2933317413678107,0.42217462445769577,2.7140322727797574,2.6939512741434677,0.02206292725072334,-12.046991934386746,-11.439583058316769,2025-08-27,-10.580666362733945,-9.884743036197529,2025-09-03,-11.133073335426133,-10.902146276679193,2025-08-28,-10.461121554981618,-9.799337299625162,2025-09-04
2025-08-27,True,7,0,312.7099914550781,34.9900016784668,311.3900146484375,34.72999954223633,5.862162856177272e-06,0.004230023271709508,2.665517494184112e-05,0.00717260292867478,1.0589442315784642e-05,1.0963947741116875e-05,-0.002942579656965273,-0.002213329283360053,1.0760989372756397e-05,0.0020166939883496937,-0.00831548635385709,9.58024882430246e-05,-0.0008569855797029291,2.190213861810677,0.002873679568052623,-12.046991934386746,-10.340426923038589,-10.783907092788676,-10.532527244520649,-9.073675693777671,-9.6355587485568,0.002873679568052623,0.5557052888489281,0.11856586128713323,2.7650604558189897,2.6823904464939363,0.014008332073449203,-11.133073335426133,-10.902146276679193,2025-08-28,-10.461121554981618,-9.799337299625162,2025-09-04,-10.06058945677724,-10.042385614215908,2025-08-29,-10.433767561905283,-9.55980120701464,2025-09-05
2025-08-28,True,7,0,315.0299987792969,35.52000045776367,313.32000732421875,35.40999984741211,1.4620683767314537e-05,0.005220563630101859,6.407281685819775e-05,0.002820037872918032,4.486788607281787e-05,1.6912807276347207e-05,0.0024005257571838275,0.0019488397150261066,1.8418660002177574e-05,0.007391652350960953,0.01193190746514177,0.0002064432326149037,0.015033576661964698,2.182571937499673,-0.007641924311003745,-11.133073335426133,-10.270444302054017,-10.766006835661642,-9.655490357957522,-8.996939474776013,-9.613019714002407,0.007641924311003745,1.4805275215625184,0.6411996906244781,2.766319109226186,2.6979998909369054,0.024875913587226073,-10.06058945677724,-10.042385614215908,2025-08-29,-10.433767561905283,-9.55980120701464,2025-09-05,-9.887680918352077,-8.987941849858764,2025-09-02,-10.682248471314615,-9.482006362699918,2025-09-08
2025-08-29,True,7,0,318.07000732421875,36.189998626708984,314.7510070800781,35.35499954223633,4.273084826434355e-05,0.010426692205625395,0.0001917867863048707,0.023619327798832378,0.00011776595680048035,5.837583888436695e-05,-0.013192635593206981,-0.0008859959728016838,4.3515837128164354e-05,0.009603638858147079,-0.00465611890289194,0.00021346622954273835,0.018686868617491914,2.1734887077403275,-0.009083229759344835,-10.06058945677724,-11.062478132728687,-10.82501076440878,-8.559126290980611,-9.569987324024357,-9.689510907845888,0.009083229759344835,1.760767272178349,0.7461383545554467,2.7936160894318567,2.669309393934482,0.023830033462619582,-9.887680918352077,-8.987941849858764,2025-09-02,-10.682248471314615,-9.482006362699918,2025-09-08,-11.250425641521472,-9.770217386344177,2025-09-03,-10.903081199774777,-9.64024711193929,2025-09-09
2025-09-02,True,7,0,325.5899963378906,37.150001525878906,320.82000732421875,36.625,5.079661099246032e-05,0.014881541452709614,7.880640774710575e-05,0.014367251417857461,2.8697812468676768e-05,5.045260313544466e-05,0.000514290034852153,0.008608733649097788,0.00012490690603356885,0.02336740250914282,0.01194826770827954,0.00022156750897582136,0.026181012608271548,2.1706750976411993,-0.002813610099128727,-9.887680918352077,-10.614468294781114,-10.753105666481494,-9.44851624781882,-9.494572688898282,-9.659847390697008,0.002813610099128727,0.5394020848481564,0.29671212241015144,2.855895328366192,2.731766705367784,0.04961519325424302,-11.250425641521472,-9.770217386344177,2025-09-03,-10.903081199774777,-9.64024711193929,2025-09-09,-10.72489408719123,-10.304787486935615,2025-09-04,-10.85135915784222,-9.68544566864315,2025-09-10
2025-09-03,True,7,0,328.1400146484375,37.34000015258789,327.760009765625,37.33000183105469,1.3001762386207377e-05,0.0009757771219082011,0.0001159965475892917,-3.5561831257524545e-17,6.983987465131621e-05,2.9579217662091434e-05,0.0009757771219082367,0.006642753155240261,5.712793186766182e-05,0.007801481349129169,0.004833529739754698,0.00013935955733438484,0.005101329962798662,2.1733752490275293,0.002700151386330507,-11.250425641521472,-10.580666362733945,-10.762674202250412,-9.06195012946209,-9.256766093417983,-9.612405188792552,0.002700151386330507,0.5135741103831403,0.10092529995714636,2.9861868607104594,2.8431636793528288,0.050180869055729715,-10.72489408719123,-10.304787486935615,2025-09-04,-10.85135915784222,-9.68544566864315,2025-09-10,-10.892876404521177,-9.277432223559007,2025-09-05,-10.937085190905652,-9.645968976638528,2025-09-11
2025-09-04,True,7,0,326.69000244140625,36.93000030517578,327.0299987792969,37.20000076293945,2.1990630378913448e-05,-0.0009943241254997594,0.00017543059794672696,-0.007555421748773022,9.28195274969537e-05,5.2300850414343347e-05,0.006561097623273263,-0.0033884851518695375,3.347246200335377e-05,-0.004428674737355642,-0.0037563604117967146,0.00018954084149004055,-0.01104090507192268,2.179987479362097,0.0066122303345670375,-10.72489408719123,-10.461121554981618,-10.725454988222513,-8.648267046565632,-8.98544929815535,-9.509590530748069,0.0066122303345670375,1.2128175136904478,0.3857612632235804,2.9719517448885875,2.794227920674744,0.04373550033002438,-10.892876404521177,-9.277432223559007,2025-09-05,-10.937085190905652,-9.645968976638528,2025-09-11,-11.47713416293269,-9.538342419506039,2025-09-08,-11.07261246878874,-9.90993706691083,2025-09-12
2025-09-05,True,7,0,331.04998779296875,37.209999084472656,329.5299987792969,37.40999984741211,1.8590192439280182e-05,0.004179053013546637,9.88671379587067e-05,-0.005494834216746321,7.477582629063772e-05,2.134075205367458e-05,0.009673887230292957,0.008655676644430219,9.351093061221495e-05,0.013257668006979806,0.012913807153155443,0.00026563355314759536,0.007553280626095393,2.185691866742981,0.0057043873808844126,-10.892876404521177,-10.433767561905283,-10.710589941712577,-9.221733649994128,-8.931364875677959,-9.490263014474015,0.0057043873808844126,0.9836263504886527,0.3094954658890646,2.9085390618516134,2.7278528408647205,0.04960151598604323,-11.47713416293269,-9.538342419506039,2025-09-08,-11.07261246878874,-9.90993706691083,2025-09-12,-10.481156228938342,-9.579414684636204,2025-09-09,-10.835757980545123,-10.056649420733452,2025-09-15
2025-09-08,True,7,0,334.82000732421875,37.5099983215332,333.6600036621094,37.564998626708984,1.0364395211021062e-05,0.003321174645079047,3.487711121119367e-05,-0.0018651669969148924,4.643214475656079e-05,-5.953191671730326e-07,0.0051863416419939395,0.00785313690592371,7.203615447420208e-05,0.011323711365555766,0.009495211509201452,0.00012503615281566537,0.008030001592417957,2.188985576516119,0.0032937097731378095,-11.47713416293269,-10.682248471314615,-10.699445024092928,-10.263679783133323,-9.202416246048852,-9.473942695656822,0.0032937097731378095,0.5506889025554745,0.13560626229011435,2.9069010598473755,2.71997879207129,0.05132158849345192,-10.481156228938342,-9.579414684636204,2025-09-09,-10.835757980545123,-10.056649420733452,2025-09-15,-10.931504479621246,-10.060074965141133,2025-09-10,-11.007426146285503,-10.28928621892185,2025-09-16
2025-09-09,True,7,0,334.05999755859375,37.18000030517578,336.9728088378906,37.439998626708984,2.806025967830795e-05,-0.008771435508195348,3.4017345564278964e-05,-0.007775802692385741,2.0670680570686e-05,2.0703462335950457e-05,-0.0009956328158096054,0.00640914529336696,6.91374030697958e-05,-0.002272485609217334,-0.0018679044170037348,3.750641247534102e-05,-0.0088365288452521,2.195549619752154,0.006564043236034767,-10.481156228938342,-10.903081199774777,-10.66929427195167,-10.288639999782085,-9.295487146011158,-9.474318949909032,0.006564043236034767,1.0719885508765137,0.38153811116855085,2.949164637737656,2.715356753563089,0.025681700375091765,-10.931504479621246,-10.060074965141133,2025-09-10,-11.007426146285503,-10.28928621892185,2025-09-16,-11.174270431158815,-9.987051049069919,2025-09-11,-10.870820877079158,-10.30685513885395,2025-09-17
2025-09-10,True,7,0,335.260009765625,37.40999984741211,335.7300109863281,37.349998474121094,1.7885781692311208e-05,-0.0014307760599582787,4.556914371470587e-05,0.0010704019397900564,1.3961307959671858e-05,2.4746808723672607e-05,-0.002501177999748335,0.004986687968231121,4.2752838584812234e-05,0.0035857690781284646,0.004561880223946443,6.637989489233952e-05,0.006167053779894349,2.1929683350503884,-0.0025812847017658846,-10.931504479621246,-10.85135915784222,-10.677725599468706,-9.996279743413504,-9.46198284618384,-9.46023189369894,0.0025812847017658846,0.42207495051575095,0.2730657613861918,2.8898160479624417,2.710713315985326,0.02146598810409106,-11.174270431158815,-9.987051049069919,2025-09-11,-10.870820877079158,-10.30685513885395,2025-09-17,-11.825086697988532,-10.899104014593815,2025-09-12,-10.715146750018123,-10.374920884681815,2025-09-18
2025-09-11,True,7,0,334.760009765625,37.790000915527344,333.3699951171875,37.369998931884766,1.403059253716811e-05,0.003981675071196228,0.00010124952708803598,0.011043979519129481,6.345887092504229e-05,2.5910624350080904e-05,-0.007062304447933255,-0.005653409713999059,4.5991633931507034e-05,-0.0014924929949513555,-0.0010698293660208087,0.00010239406196043647,0.010106497306851203,2.181369344748585,-0.011598990301802559,-11.174270431158815,-10.937085190905652,-10.67338336256563,-9.19792252272398,-9.673709210486415,-9.407993148935235,0.011598990301802559,1.9054060461102647,0.9544893006350548,2.854744580253014,2.731115498884654,0.024402169846495347,-11.825086697988532,-10.899104014593815,2025-09-12,-10.715146750018123,-10.374920884681815,2025-09-18,-10.377677175791261,-10.174219376001618,2025-09-15,-10.616222635571681,-10.32856655097417,2025-09-19
2025-09-12,True,7,0,335.4200134277344,38.34000015258789,335.8800048828125,38.2400016784668,7.318635181509904e-06,-0.0013704499166551027,3.1201352837652685e-05,0.0022203125888140057,1.4442378048903736e-05,1.2038804985129428e-05,-0.0035907625054691084,0.003340081516042619,1.8474779715319463e-05,0.001969631599387789,0.011837590488053128,0.00017132990140049858,0.014449200009253538,2.16888977633872,-0.012479568409865749,-11.825086697988532,-11.07261246878874,-10.761174798216198,-10.375049103907687,-9.915906426857068,-9.44243326718814,0.012479568409865749,1.9837419344713287,1.0311412878042017,2.8021475244813256,2.688527537206614,0.01311413343890333,-10.377677175791261,-10.174219376001618,2025-09-15,-10.616222635571681,-10.32856655097417,2025-09-19,-11.286891372266481,-10.612091747082834,2025-09-16,-10.764056680261508,-9.906723921763431,2025-09-22
2025-09-15,True,7,0,338.9100036621094,38.7599983215332,336.30999755859375,38.29999923706055,3.111946109535719e-05,0.007524203194480373,5.156869177832635e-05,0.011551811381582015,8.696223678682292e-06,3.699596459750063e-05,-0.004027608187101641,0.0026498284640021088,3.814105198399297e-05,0.010351078276419123,-0.0010438653308499904,5.265834660727691e-05,0.010895002121107833,2.168345852494031,-0.0005439238446887096,-10.377677175791261,-10.835757980545123,-10.7408586655319,-9.872595818105156,-9.85049267492738,-9.430500266281731,0.0005439238446887096,0.08670436837044625,0.1612291891324851,2.7960610784249234,2.691920834679226,0.012141500349766687,-11.286891372266481,-10.612091747082834,2025-09-16,-10.764056680261508,-9.906723921763431,2025-09-22,-10.413681815751385,-10.131829364493855,2025-09-17,-10.427202475514655,-9.528835716615427,2025-09-23
2025-09-16,True,7,0,339.5899963378906,38.599998474121094,340.0899963378906,39.0,1.253618403790499e-05,-0.0014143973545222219,9.53973865174278e-05,-0.010309409189403932,5.15735228027549e-05,2.8180023876288958e-05,0.00889501183488171,0.003475681483581271,2.4616545813214696e-05,0.002004400599687095,0.006172902411178841,0.00013350211069536533,-0.00413650677822508,2.174486759871943,0.006140907377912175,-11.286891372266481,-11.007426146285503,-10.735907556666774,-9.2574593748808,-9.6411660522564,-9.391491732312504,0.006140907377912175,0.9773940727244758,0.3295516263077484,2.884800712846709,2.753023540000728,0.016418386558671116,-10.413681815751385,-10.131829364493855,2025-09-17,-10.427202475514655,-9.528835716615427,2025-09-23,-10.413083412880589,-10.260111584987675,2025-09-18,-10.365238088012125,-9.5283633022034,2025-09-24
2025-09-17,True,7,0,336.9700012207031,37.790000915527344,338.5299987792969,37.999900817871094,3.0018946797022754e-05,-0.004262764963607061,6.477172178428137e-05,-0.005009895443273656,2.0477762516156293e-05,3.715645303257392e-05,0.0007471304796665954,-0.003126285700360774,3.979260907730301e-05,-0.007745087571334075,-0.015668687273287105,0.00031027948265235065,-0.02120769535213629,2.187949367652745,0.013462607780802216,-10.413681815751385,-10.870820877079158,-10.685382534212078,-9.64464144207072,-9.58375847500102,-9.367253264767013,0.013462607780802216,2.088471169072401,0.8692782123117248,2.9107188992270343,2.794839368482153,0.005087529909208577,-10.413083412880589,-10.260111584987675,2025-09-18,-10.365238088012125,-9.5283633022034,2025-09-24,-10.878264267303086,-10.562134904551307,2025-09-19,-10.42911274746596,-9.54228642018543,2025-09-25
2025-09-18,True,7,0,335.6199951171875,37.9900016784668,336.2200012207031,37.85499954223633,3.003691559671884e-05,-0.0018755453767614018,1.787252323566161e-05,0.003033346930143097,2.22235936839394e-05,1.2842922574220527e-05,-0.004908892306904498,-0.002228198005270864,3.50017819474119e-05,-0.004014356216470283,0.0017185178746083236,2.082582692100992e-05,0.005278469793232432,2.178656541643043,-0.009292826009702715,-10.413083412880589,-10.715146750018123,-10.638417362549752,-10.932246039227268,-9.861149870821398,-9.362761707279134,0.009292826009702715,1.433823650296212,0.7709614912423834,2.8570447537800976,2.7549338039876257,0.0025656666876896495,-10.878264267303086,-10.562134904551307,2025-09-19,-10.42911274746596,-9.54228642018543,2025-09-25,-11.157039070275122,-8.996005645229808,2025-09-22,-10.309889922945937,-9.48412911298933,2025-09-26
2025-09-19,True,7,0,339.17999267578125,39.040000915527344,336.510009765625,38.2599983215332,1.886382922245652e-05,0.007844087887836257,0.00013942309233928952,0.019925629774411268,6.127676481124259e-05,4.850507837525173e-05,-0.012081541886575009,0.0026483423211709645,2.5877546272561735e-05,0.010551365296973536,0.0070819087607513565,0.00018957652403489632,0.02726377361456045,2.1619441333254557,-0.016712408317586913,-10.878264267303086,-10.616222635571681,-10.635922092978563,-8.877997418125531,-9.514061273127329,-9.342143707807809,0.016712408317586913,2.549311491283333,1.3085121381936697,2.800325477211381,2.753660700205545,0.011147400385275397,-11.157039070275122,-8.996005645229808,2025-09-22,-10.309889922945937,-9.48412911298933,2025-09-26,-9.81027290398981,-8.880708894137,2025-09-23,-10.357832077230514,-9.268198001939146,2025-09-29
2025-09-22,True,7,0,345.04998779296875,40.040000915527344,342.75,39.5,1.4274453736851757e-05,0.006340158217587539,3.578318687156707e-05,0.013078668686883671,1.7173949561512248e-05,1.6441845523453292e-05,-0.006738510469296133,0.010470400121068825,0.0001239037324321298,0.017158380367683357,0.011713886911176865,0.00017299833343940776,0.025292192316438644,2.1538103213767004,-0.008133811948755287,-11.157039070275122,-10.764056680261508,-10.61917257214232,-10.238032415332261,-9.557778363222841,-9.331012870703558,0.008133811948755287,1.2427350187013633,0.6769802674081281,2.818995095053937,2.737608990998456,0.01795470247653963,-9.81027290398981,-8.880708894137,2025-09-23,-10.357832077230514,-9.268198001939146,2025-09-29,-10.139594341451463,-10.127520760233518,2025-09-24,-10.234629996669865,-9.377968929832834,2025-09-30
2025-09-23,True,7,0,346.4599914550781,39.959999084472656,348.2300109863281,40.310001373291016,5.488486645591157e-05,-0.005066974234263285,0.00010580481370367683,-0.008970919887678484,1.0711146541703922e-05,7.498926680894225e-05,0.0039039456534151976,0.009173913863588646,0.0001390455620324555,0.004078048498239895,0.006720633884982531,0.0001509717335196522,-0.0020000464430802722,2.1598884163180205,0.006078094941320167,-9.81027290398981,-10.427202475514655,-10.526914882891303,-9.15391454143069,-9.5287419251362,-9.287141024118574,0.006078094941320167,0.9256604840125537,0.3624152703619541,2.9139797716817317,2.778819295684189,0.02002835037509243,-10.139594341451463,-10.127520760233518,2025-09-24,-10.234629996669865,-9.377968929832834,2025-09-30,-10.805459080862496,-10.41525540321168,2025-09-25,-10.26862352053677,-9.384159288126165,2025-10-01
2025-09-24,True,7,0,343.32000732421875,39.81999969482422,346.70001220703125,40.130001068115234,3.9484816930719974e-05,-0.009855222994448225,5.5461385805748734e-05,-0.00800603938684534,1.577135933049326e-05,3.958742170298773e-05,-0.001849183607602885,0.000692540712903676,3.996442956974911e-05,-0.009104369003754442,0.00424528002594474,7.34837883044341e-05,-0.0035096398970893006,2.1542936872113554,-0.005594729106665142,-10.139594341451463,-10.365238088012125,-10.708665873595995,-9.799823530606877,-9.554677450064657,-9.509568042060078,0.005594729106665142,0.8543505864020671,0.483877225342224,2.947591898226056,2.8118093987132804,0.018669068942672062,-10.805459080862496,-10.41525540321168,2025-09-25,-10.26862352053677,-9.384159288126165,2025-10-01,-10.189093167569476,-9.957713795041109,2025-09-26,-9.804519383818084,-9.111380202974624,2025-10-02
2025-09-25,True,7,0,344.75,41.029998779296875,344.3900146484375,40.459999084472656,2.028844428867188e-05,0.0010157027369153311,6.27038216355644e-05,0.013745954692121058,7.534894632639586e-05,3.821659798920204e-06,-0.012730251955205727,0.0031118004782975796,2.9971746505404924e-05,0.004156538489887396,0.015944518139468858,0.0003169314803354158,0.02993418573044826,2.1285160399707945,-0.025777647240560864,-10.805459080862496,-10.42911274746596,-10.680924398333612,-9.677088161057414,-9.435545295569481,-9.502705343695181,0.025777647240560864,4.137650118533376,1.9611476390148541,2.9069010598473755,2.7837759304916423,0.02683996364902974,-10.189093167569476,-9.957713795041109,2025-09-26,-9.804519383818084,-9.111380202974624,2025-10-02,-11.946802920571253,-8.442319860136838,2025-09-29,-9.919726839424518,-9.105907693140555,2025-10-03
2025-09-26,True,7,0,346.739990234375,41.86000061035156,345.8299865722656,41.22999954223633,3.7577948053090524e-05,0.0025991247658187005,0.00017440478600103966,0.014925624858692477,0.00012679587711505647,4.259342846953686e-05,-0.012326500092873779,0.00312776933510577,4.7360889066718514e-05,0.005755674720215431,0.0048626589135076104,0.0001980502377101547,0.02002725489601964,2.1142444597949908,-0.01427158017580421,-10.189093167569476,-10.309889922945937,-10.625523624781968,-8.654131604199426,-9.351539961029806,-9.41005521361486,0.01427158017580421,2.228519265002829,1.087901180400239,2.9481164196123277,2.817801051388579,0.022044273072271636,-11.946802920571253,-8.442319860136838,2025-09-29,-9.919726839424518,-9.105907693140555,2025-10-03,-9.488803837362196,-9.31584138286571,2025-09-30,-9.877783814130783,-9.182258483479016,2025-10-06
2025-09-29,True,7,0,352.4599914550781,42.5,351.7900085449219,42.45500183105469,6.4799165836837836e-06,0.001775051721975657,4.570503696377487e-05,0.0010593413497394302,2.0113354343909363e-05,1.6035799601774646e-05,0.0007157103722362267,0.014459239554048521,0.00021554952506504506,0.01636192499893241,0.01411400298199563,0.0002449101171395564,0.015173344331735006,2.1154330404621877,0.001188580667197403,-11.946802920571253,-10.357832077230514,-10.624368183058033,-9.993302048111968,-9.328944095057324,-9.399537572954236,0.001188580667197403,0.17556173335984518,0.031129448933314704,2.922623801733353,2.727199017446074,0.02124781770352069,-9.488803837362196,-9.31584138286571,2025-09-30,-9.877783814130783,-9.182258483479016,2025-10-06,-10.304422953226133,-10.195043228045986,2025-10-01,-10.084687863295306,-9.23891916072192,2025-10-07
2025-09-30,True,7,0,355.4700012207031,42.369998931884766,351.1300048828125,41.790000915527344,7.569459219718021e-05,0.012171764309584707,0.00019304865923294715,0.013547436774250016,3.780693280863848e-05,0.00011546815931074445,-0.0013756724646653085,-0.003780577220501667,8.998735631735632e-05,0.008503744538253422,-0.016846977562738258,0.00047686931223235346,-0.0030635365011373317,2.1270003215015785,0.011567281039390753,-9.488803837362196,-10.234629996669865,-10.516261869428611,-8.552568280458425,-9.149577049870231,-9.331098079033428,0.011567281039390753,1.7005569749696356,0.8012723592124388,2.9543893100196086,2.780060789140106,0.025673513743534215,-10.304422953226133,-10.195043228045986,2025-10-01,-10.084687863295306,-9.23891916072192,2025-10-07,-9.005192445657517,-8.72940687399487,2025-10-02,-10.185380786001957,-8.909512809036958,2025-10-08
2025-10-01,True,7,0,356.0299987792969,42.90999984741211,356.1700134277344,43.029998779296875,3.348466606835473e-05,-0.0005336023012023645,0.00016127372996783723,-0.0030256569796119097,6.89950660281506e-05,6.28816650040207e-05,0.002492054678409545,0.0019673217312032656,3.735502086241934e-05,0.0015741326049987237,0.015456979052621358,0.0004001919314010127,0.01266435601820115,2.1159100980883756,-0.011090223413202427,-10.304422953226133,-10.26862352053677,-10.53189639971587,-8.732407450524505,-8.967965283777609,-9.346871580334025,0.011090223413202427,1.636107196755343,0.83572990173923,2.9932291433358724,2.7899374027516357,0.03635201535228738,-9.005192445657517,-8.72940687399487,2025-10-02,-10.185380786001957,-8.909512809036958,2025-10-08,-11.794874157919704,-9.89571669213368,2025-10-03,-9.379259294021663,-8.650473375904193,2025-10-09
2025-10-02,True,7,0,354.7900085449219,42.529998779296875,358.260009765625,43.56999969482422,0.00012277066616582418,-0.009803367310568495,0.0007966285904662498,-0.024401356424270694,0.00030457846729014734,0.00030741039467096327,0.0145979891137022,0.006244013509630292,0.0001617583708742698,-0.0034889043060362113,0.015263937677651877,0.0010296163838934903,-0.00889521488405931,2.121316408666399,0.005406310578023099,-9.005192445657517,-9.804519383818084,-10.416196833005666,-7.135121997242845,-8.201608442707967,-9.029134516810284,0.005406310578023099,0.817542978192282,0.37956415946122196,2.94706710157271,2.7905514788157535,0.028706572556363774,-11.794874157919704,-9.89571669213368,2025-10-03,-9.379259294021663,-8.650473375904193,2025-10-09,-10.981345681823074,-8.652159062846074,2025-10-06,-9.074572128168981,-8.501378181275166,2025-10-10
2025-10-03,True,7,0,357.6400146484375,43.52000045776367,357.1199951171875,43.33000183105469,7.543123850839277e-06,0.001427099971130952,0.00018149936515277038,0.005064407769634164,0.00012319557246468567,3.2923458269461986e-05,-0.0036373077985032125,0.006545756850366555,5.039005659495996e-05,0.008000845595952377,0.018635597446800326,0.0005287848573519612,0.02301093250277786,2.106306321759573,-0.015010086906825482,-11.794874157919704,-9.919726839424518,-10.424517613102482,-8.614258402046366,-8.196447266267516,-9.004598627532346,0.015010086906825482,2.000986329772092,1.1008739962468352,2.89314568477889,2.811208242739808,0.03095174343210072,-10.981345681823074,-8.652159062846074,2025-10-06,-9.074572128168981,-8.501378181275166,2025-10-10,-10.492187606796511,-9.693870811902421,2025-10-07,-9.065232272038108,-8.289680012233836,2025-10-13
2025-10-06,True,7,0,364.3800048828125,44.060001373291016,362.1600036621094,44.005001068115234,1.701618374389945e-05,0.0060837082434219356,9.033174231169019e-06,0.0012490844444904966,9.885832571865387e-06,8.081762701601541e-06,0.004834623798931439,0.012559178413830837,0.0001747491461743339,0.018670357712141872,0.011082675032208786,0.00013185886010071303,0.012331759476699844,2.1126449199950166,0.006338598235442028,-10.981345681823074,-9.877783814130783,-10.43216109559543,-11.614606731687553,-8.22341708607147,-9.06814598168252,0.006338598235442028,0.8273535070434235,0.5311753050601712,2.8713021951758138,2.812410193515358,0.03326017614531018,-10.492187606796511,-9.693870811902421,2025-10-07,-9.065232272038108,-8.289680012233836,2025-10-13,-11.212364398244254,-8.390867454132874,2025-10-08,-9.024038537111187,-8.297272842597224,2025-10-14
2025-10-07,True,7,0,366.260009765625,43.38999938964844,366.50799560546875,43.970001220703125,2.7752417434856143e-05,-0.0005949444887733439,0.0002377836786931072,-0.013278625211281998,0.00012828495220218832,6.862557196288752e-05,0.012683680722508653,0.005823044664016708,6.16602665939896e-05,0.005146197838027611,-0.0020447615879533435,0.0002419647286446767,-0.015323386799235283,2.133114504632279,0.020469584637262894,-10.492187606796511,-10.084687863295306,-10.41812787246756,-8.344149210658903,-8.190613627384574,-9.014819146887627,0.020469584637262894,2.761984248664663,1.6628553424737205,2.97092715463502,2.7954504426495905,0.029902629445084372,-11.212364398244254,-8.390867454132874,2025-10-08,-9.024038537111187,-8.297272842597224,2025-10-14,-7.93925822954553,-7.92527611266437,2025-10-09,-8.999606984534969,-8.312438206080213,2025-10-15
2025-10-08,True,7,0,372.29998779296875,44.560001373291016,371.6499938964844,44.43000030517578,1.3506163809424281e-05,0.0017474133419615396,6.40906892974667e-05,0.0026972129748488,4.352830008740465e-05,1.7034276509743165e-05,-0.0009497996328872603,0.014609044372654093,0.00022693034129160053,0.01635645771461558,0.023685938072886496,0.0006251143516900808,0.026607640694328527,2.1228633216525656,-0.010251182979712947,-11.212364398244254,-10.185380786001957,-10.413360803955596,-9.655211457357485,-8.263298928784257,-9.003957701693201,0.010251182979712947,1.3535590545101093,0.8266740839778326,2.9927277645336923,2.8472322519593383,0.04468495455470123,-7.93925822954553,-7.92527611266437,2025-10-09,-8.999606984534969,-8.312438206080213,2025-10-15,-8.753152021343887,-8.562656402478567,2025-10-10,-9.706918892174317,-8.514679354603878,2025-10-16
2025-10-09,True,7,0,365.42999267578125,44.709999084472656,373.135009765625,46.27000045776367,0.000356470799769139,-0.020810806300439064,0.001259210369614291,-0.0322856904211821,0.000559091104551945,0.0005282950324157424,0.011474884120743038,0.0022403625390666885,0.00036149002407559233,-0.018625225753275743,0.03765718637427606,0.0026772740552412533,0.003360543330927168,2.1008775525683623,-0.02198576908420291,-7.93925822954553,-9.379259294021663,-10.00981883696591,-6.677270445253809,-7.956653671972845,-8.630289427795109,0.02198576908420291,2.906331596138273,1.7667511851655935,3.0823685802135374,2.7911650610066143,0.029548633107461697,-8.753152021343887,-8.562656402478567,2025-10-10,-9.706918892174317,-8.514679354603878,2025-10-16,-10.706884809194355,-7.788962684678878,2025-10-13,-8.90074515238125,-8.217440851200394,2025-10-17
2025-10-10,True,7,0,369.1199951171875,45.43000030517578,367.5400085449219,45.47999954223633,0.00015796263798592566,0.004316719230906447,0.00032215402404073615,-0.0039656431701131315,0.0005951178425224623,-5.750059024790027e-05,0.00828236240101958,0.0057574571789992205,0.00019111095115393532,0.010047058859954383,0.017075489048296862,0.0006137263502792422,0.015975516719932692,2.094949094708385,-0.005928457859978309,-8.753152021343887,-9.074572128168981,-9.877362475023448,-8.0404807912556,-7.87941500179286,-8.562269105682235,0.005928457859978309,0.6558911360693304,0.4386271117550002,3.084200921541599,2.7991089506234785,0.0315948463714637,-10.706884809194355,-7.788962684678878,2025-10-13,-8.90074515238125,-8.217440851200394,2025-10-17,-9.863054671292966,-9.861122482576105,2025-10-14,-8.862803475421579,-8.147767577422668,2025-10-20
2025-10-13,True,7,0,378.0899963378906,47.2599983215332,376.5,46.939998626708984,2.2390253415019845e-05,0.004293545403841167,0.00012872400007078513,0.007640118201518208,0.0001109467261915619,2.0083763647121548e-05,-0.0033465727976770407,0.019796266042757128,0.00041428240265063877,0.024010471634505315,0.03269747467776415,0.0011978488503738129,0.0394915497543642,2.079468016588525,-0.015481078119858882,-10.706884809194355,-9.065232272038108,-9.869986027824488,-8.957839980011084,-7.818082447443269,-8.555758246048955,0.015481078119858882,1.4888693821104402,1.219327467623172,3.1688448912626357,3.075467234528159,0.036934960293827146,-9.863054671292966,-9.861122482576105,2025-10-14,-8.862803475421579,-8.147767577422668,2025-10-20,-10.468951857698125,-8.477120925556468,2025-10-15,-8.560787905943977,-7.27404213209651,2025-10-21
2025-10-14,True,7,0,380.7900085449219,46.79999923706055,378.2099914550781,45.9900016784668,5.206307095925308e-05,0.007612249577111315,0.00062937591177506,0.017245506396681237,0.00035138028841670327,0.00016502934715880493,-0.009633256819569922,0.0003173214865295916,5.216376388506643e-05,0.007115811676484007,-0.027240218194996467,0.0013714053990860767,-0.009781049621695015,2.0963648778867046,0.016896861298179022,-9.863054671292966,-9.024038537111187,-9.831403402476546,-7.370781845793295,-7.6402443021951365,-8.423595502050068,0.016896861298179022,1.6090472150492685,1.4316960707825952,3.199896858270398,2.946016717390323,0.03890457413228354,-10.468951857698125,-8.477120925556468,2025-10-15,-8.560787905943977,-7.27404213209651,2025-10-21,-10.043118767504112,-8.897117146602378,2025-10-16,-8.438222751420628,-7.248853628781805,2025-10-22
2025-10-15,True,7,0,387.3900146484375,48.33000183105469,385.92999267578125,47.75,2.8404815773069194e-05,0.004008276020373987,0.0002049357330318364,0.012900697825968631,0.00011208172384713471,6.062941247888544e-05,-0.008892421805594644,0.013407922382907077,0.0002081771983991298,0.01718391083164228,0.020095880305263502,0.0006087801382753139,0.032169337122019304,2.0813794515963275,-0.014985426290377024,-10.468951857698125,-8.999606984534969,-9.833702269014086,-8.492814125382127,-7.583298310449601,-8.39234714142495,0.014985426290377024,1.3371867842819192,1.156124986955484,3.2623183827110376,3.035433614742034,0.03973202724931024,-10.043118767504112,-8.897117146602378,2025-10-16,-8.438222751420628,-7.248853628781805,2025-10-22,-7.533067034482663,-7.5274317706914164,2025-10-17,-8.443572703983865,-7.242591493121057,2025-10-23
2025-10-16,True,7,0,396.45001220703125,49.16999816894531,391.1499938964844,48.099998474121094,4.3483945041407574e-05,0.013257003615815,0.00036723613228595276,0.022001498795921032,0.0002253406062291155,9.268973554912246e-05,-0.00874449518010603,0.009659127187238593,0.0001367826830606593,0.02311798516943142,-0.0047703783548341365,0.0003899926419342228,0.017231120441086656,2.0872663163246723,0.005886864728344765,-10.043118767504112,-9.706918892174317,-9.807802671140122,-7.9095055045873,-8.014948800615938,-8.339251586448055,0.005886864728344765,0.5157391483951893,0.5321855868150003,3.3002714630721948,3.0272309110420648,0.0814752381720174,-7.533067034482663,-7.5274317706914164,2025-10-17,-8.443572703983865,-7.242591493121057,2025-10-23,-9.928972468487713,-7.57784795991934,2025-10-20,-9.04659025002783,-7.389876530399931,2025-10-24
2025-10-17,True,7,0,388.989990234375,46.9900016784668,397.1400146484375,48.459999084472656,0.0005350945838331556,-0.021275272449569275,0.0009616747159014741,-0.031655474591632156,0.00016091217524027653,0.0006679285622471765,0.01038020214206288,0.0017389397344515615,0.0005381184952332101,-0.018996349267190737,-0.014544947688636053,0.0011732302191666333,-0.045348795350198756,2.11361876240768,0.02635244608300802,-7.533067034482663,-8.90074515238125,-9.45907617982067,-6.946834297637025,-7.687791737921277,-8.181723499331065,0.02635244608300802,2.2417463429469144,2.145796183888373,3.4898185733156835,3.231199553456376,0.052431830044872285,-9.928972468487713,-7.57784795991934,2025-10-20,-9.04659025002783,-7.389876530399931,2025-10-24,-8.106353628935235,-6.179347161740885,2025-10-21,-8.915545228560951,-7.419137814627358,2025-10-27
2025-10-20,True,7,0,403.1499938964844,47.720001220703125,397.45001220703125,47.7599983215332,4.8741854167230165e-05,0.013867391214185702,0.00013466701423652035,-0.0010474336019759434,0.00011782115797848829,3.2793855212631096e-05,0.014914824816161645,0.02151555949043404,0.0005116611543536365,0.03575507474940309,0.016253585106185683,0.0003988460430405414,0.015415773975866909,2.133958063181216,0.020339300773536184,-9.928972468487713,-8.862803475421579,-9.448231886455124,-8.912705387710304,-7.6852020952906335,-8.162922194206356,0.020339300773536184,1.6915916117277912,1.5916633711172075,3.4404180948154366,3.033991018714657,0.06417643315977006,-8.106353628935235,-6.179347161740885,2025-10-21,-8.915545228560951,-7.419137814627358,2025-10-27,-8.783536087351047,-8.12311731975473,2025-10-22,-9.412016428185517,-8.36100071612389,2025-10-28
2025-10-21,True,7,0,377.239990234375,43.790000915527344,386.5400085449219,45.189998626708984,0.0003016166767982538,-0.022658679840969153,0.0013657951637712933,-0.03192713137272714,0.0005248473018169258,0.0005712822693763108,0.009268451531757985,-0.042073308327966935,0.0020717799504584257,-0.06642712220281766,-0.05447482977632997,0.00433330224293142,-0.08594512108971886,2.153476062068118,0.0195179988869012,-8.106353628935235,-8.560787905943977,-9.297192969640465,-6.596018482392966,-7.407209549277805,-7.984295594440782,0.0195179988869012,1.5994261798680374,1.518269549266289,3.447762850809476,2.903068563580112,-0.0093665007195316,-8.783536087351047,-8.12311731975473,2025-10-22,-9.412016428185517,-8.36100071612389,2025-10-28,-10.185589654559898,-8.745889138780251,2025-10-23,-9.636454142340558,-8.377679431963696,2025-10-29
2025-10-22,True,7,0,377.2799987792969,43.880001068115234,372.75,43.7400016784668,0.00015323527273856298,0.012238674433553337,4.184681159720857e-05,0.0029676372084933497,8.078730084574686e-05,5.714739174501235e-05,0.009271037225059987,-0.011973610143801156,0.00029660261261430095,0.00010605032482136068,-0.0011424480981833361,4.315199925425129e-05,0.002053158028231028,2.1515289543647076,-0.0019471077034096673,-8.783536087351047,-8.438222751420628,-9.230567330022131,-10.081494950377754,-7.46245622135492,-7.9834871138806385,0.0019471077034096673,0.14934176086501544,0.1762128179684487,3.3951793093365925,2.8831233761345922,-0.02644436122635252,-10.185589654559898,-8.745889138780251,2025-10-23,-9.636454142340558,-8.377679431963696,2025-10-29,-9.951495019510137,-9.940086323098239,2025-10-24,-9.553543862827032,-8.43147801100971,2025-10-30
2025-10-23,True,7,0,378.7900085449219,44.18000030517578,381.4599914550781,44.720001220703125,3.770983377974361e-05,-0.006997644461317825,9.637820522162339e-05,-0.012375071989704108,3.68390850527601e-05,4.862447697430345e-05,0.0053774275283862815,0.011018359434239367,0.00015911407840183528,0.003994370253229462,0.0189621963946628,0.00045594309733138627,0.006813545150764266,2.1487097794671732,-0.002819174897534804,-10.185589654559898,-8.443572703983865,-9.238565580263694,-9.247230468821893,-7.5615425596418335,-7.984744272706956,0.002819174897534804,0.21441278034954556,0.2357263031825834,3.3028492586443794,2.9231616012282804,-0.04556797614255448,-9.951495019510137,-9.940086323098239,2025-10-24,-9.553543862827032,-8.43147801100971,2025-10-30,-8.938730499600023,-7.76901359722461,2025-10-27,-9.39268694071561,-8.375952755469482,2025-10-31
2025-10-24,True,7,0,377.5199890136719,43.9900016784668,378.510009765625,44.08000183105469,4.765633350394301e-05,-0.0027249021504068254,4.9136681809663685e-05,-0.0036364508734177147,1.710798247860208e-05,3.984251641750231e-05,0.0009115487230108889,-0.0007394659587632554,4.820314340811267e-05,-0.0033584660498817698,-0.0022659985155147537,5.427143108197875e-05,-0.004309831383254359,2.1496611448005454,0.0009513653333725891,-9.951495019510137,-9.04659025002783,-9.234752203553077,-9.920904718392041,-7.99375313917171,-7.9855886396845,0.0009513653333725891,0.07210897600109956,0.0860174645138833,3.283914221047423,2.8507064574031857,-0.02993009292524551,-8.938730499600023,-7.76901359722461,2025-10-27,-9.39268694071561,-8.375952755469482,2025-10-31,-10.15526493381597,-8.324503008992627,2025-10-28,-9.695854371600522,-8.797027520867482,2025-11-03
2025-10-27,True,7,0,367.010009765625,42.400001525878906,371.1300048828125,42.970001220703125,0.00013120750247377992,-0.011136106150798896,0.0004193128364547794,-0.012882320223523758,0.00011355538783215716,0.000218482475548201,0.001746214072724862,-0.017071099617358164,0.000422629944619546,-0.02823439606845568,-0.023460147321104238,0.0009696913487826938,-0.03681397529065045,2.15824072402274,0.008579579222194766,-8.938730499600023,-8.915545228560951,-9.184378827283927,-7.776893290245235,-7.837906779593769,-7.9390596208752475,0.008579579222194766,0.6501779186682767,0.7462029812727342,3.2088254890146994,2.7954504426495905,-0.09391956374310428,-10.15526493381597,-8.324503008992627,2025-10-28,-9.695854371600522,-8.797027520867482,2025-11-03,-9.551754338610248,-8.190533069529215,2025-10-29,-9.634944605743964,-8.764174232285379,2025-11-04
2025-10-28,True,7,0,364.3800048828125,42.70000076293945,361.80999755859375,42.36000061035156,3.887088932794935e-05,0.006940808068426658,0.0001012186109117127,0.008462688084567441,3.3049144784054024e-05,5.3520177727804014e-05,-0.001521880016140783,-0.014269916837012593,0.00024250141586320485,-0.007191829710492925,-0.0009438630837387467,0.00010210948843255752,0.007050539876391593,2.1439983544358565,-0.014242369586884518,-10.15526493381597,-9.412016428185517,-9.183806351861886,-9.19822791572921,-8.86265531183068,-7.948433732630202,0.014242369586884518,1.0739733265081168,1.2333678663205543,3.1755507001298273,2.7593768258516564,-0.03468427125077955,-9.551754338610248,-8.190533069529215,2025-10-29,-9.634944605743964,-8.764174232285379,2025-11-04,-9.626830170280495,-9.221447552375322,2025-10-30,-9.874887534474052,-8.972443348182388,2025-11-05
2025-10-29,True,7,0,363.0,43.22999954223633,369.6499938964844,43.84000015258789,7.107646144616556e-05,-0.01809869658936991,8.606673656622438e-05,-0.013549412742434652,4.168217834189677e-05,5.7730509835246596e-05,-0.004549283846935259,0.014359302953632016,0.0002772660427603507,-0.0037944582730187193,0.026347708018310018,0.0007802684543843423,0.012335749988499511,2.1278681461743383,-0.01613020826151823,-9.551754338610248,-9.636454142340558,-9.155614291315938,-9.360387556064195,-8.802061797427042,-7.943253106752805,0.01613020826151823,1.23133867142491,1.4075015868950531,3.1793030497483774,2.7985001086706855,-0.03858477984861963,-9.626830170280495,-9.221447552375322,2025-10-30,-9.874887534474052,-8.972443348182388,2025-11-05,-9.118986480945761,-9.111321675019116,2025-10-31,-9.990563974972336,-9.068202605025503,2025-11-06
2025-10-30,True,7,0,370.1300048828125,44.34000015258789,365.0899963378906,43.68000030517578,6.593572393230333e-05,0.013656330673326195,0.00012021218091682841,0.014771351638777429,4.246004558009374e-05,7.184392963451899e-05,-0.0011150209654512341,0.005741054234699957,9.889542765806965e-05,0.019451474207494712,0.010355650332762012,0.0002274516747312624,0.025352519538967222,2.121967100842865,-0.00590104533147251,-9.626830170280495,-9.553543862827032,-9.159822750064215,-9.026252202255257,-8.770864191384758,-7.9526216055743815,0.00590104533147251,0.4491893198634431,0.5319929582693554,3.2068032436339315,2.8284963586871754,-0.023127675894354383,-9.118986480945761,-9.111321675019116,2025-10-31,-9.990563974972336,-9.068202605025503,2025-11-06,-10.713543347755135,-10.525714776304133,2025-11-03,-10.409752058173876,-9.165327411368134,2025-11-07
2025-10-31,True,7,0,368.1199951171875,44.0099983215332,370.4700012207031,44.47999954223633,0.00010956566797285373,-0.006309132697878514,0.00013096148778077472,-0.010395553153568647,1.3299369574639181e-05,0.00011361389308949465,0.004086420455690134,0.0009181646205078791,0.00011040869424320611,-0.00544534976587574,0.0031524320213972864,0.0001408993154303057,-0.00747036494478559,2.1239921160217747,0.0020250151789098503,-9.118986480945761,-9.39268694071561,-9.12747303721307,-8.940607264391897,-8.670610312294956,-7.956546491698794,0.0020250151789098503,0.15405038836413198,0.15731410380822614,3.211649779776461,2.827905153886959,-0.025214559610348353,-10.713543347755135,-10.525714776304133,2025-11-03,-10.409752058173876,-9.165327411368134,2025-11-07,-9.75171502648234,-8.22546448135194,2025-11-04,-10.424821803813131,-8.583847660412047,2025-11-10
2025-11-03,True,7,0,368.7799987792969,43.7599983215332,368.9100036621094,44.25400161743164,2.2241662298107073e-05,-0.0001084565724941435,0.00011025087659287645,-0.011339882998495513,9.526089621902206e-05,1.8615821335980738e-05,0.011231426426001369,0.0021437630728331695,2.6837382410550187e-05,0.001791298260436669,0.0055289567128677785,0.00014082023892564213,-0.005696722927157616,2.13148013720937,0.007488021187594285,-10.713543347755135,-9.695854371600522,-9.170444242712968,-9.112752092713132,-9.117378597029203,-8.049811690133565,0.007488021187594285,0.5738607802138757,0.6215070591616816,3.12060125559986,2.858766449103403,0.004811134718543997,-9.75171502648234,-8.22546448135194,2025-11-04,-10.424821803813131,-8.583847660412047,2025-11-10,-13.541366208088395,-8.944905321924036,2025-11-05,-10.3870487490446,-8.805562621126402,2025-11-11
2025-11-04,True,7,0,362.32000732421875,42.7400016784668,363.4800109863281,43.040000915527344,5.819477252131035e-05,-0.0031413176115118015,0.00016121333621416976,-0.006526890221430727,4.051597737784954e-05,8.944606567881529e-05,0.0033855726099189256,-0.014475951914361539,0.00026774795634821783,-0.017672437504169025,-0.016590182632462012,0.0004364474959926139,-0.02358483059496841,2.137392530300169,0.005912393090799384,-9.75171502648234,-9.634944605743964,-9.148562395112195,-8.732782000456622,-9.013615348150745,-8.052704975528158,0.005912393090799384,0.46632569547392,0.4791789147637704,3.062455905596899,2.8431636793528288,-0.005669473075132103,-13.541366208088395,-8.944905321924036,2025-11-05,-10.3870487490446,-8.805562621126402,2025-11-11,-10.18229568990179,-10.102575900828704,2025-11-06,-9.855248696926886,-8.832712465019315,2025-11-12
2025-11-05,True,7,0,366.510009765625,43.650001525878906,366.4599914550781,43.4900016784668,1.3154046670353334e-06,0.0001910185005635954,2.519306297148967e-05,0.0034430817749498306,3.002921122753973e-05,-1.7603717945073607e-06,-0.0032520632743862354,0.011361532071816418,0.0001303998156859484,0.011498013266248108,0.017395776041293755,0.0003278060870503395,0.021068028080176493,2.1278225154862405,-0.009570014813928385,-13.541366208088395,-9.874887534474052,-9.155294171075493,-10.58894188025223,-9.118981726526377,-8.050399501165032,0.009570014813928385,0.7637929551838063,0.8821213162670242,3.064791809485486,2.9444389791664403,0.009622998464134724,-10.18229568990179,-10.102575900828704,2025-11-06,-9.855248696926886,-8.832712465019315,2025-11-12,-10.3783143964473,-9.771377776978719,2025-11-07,-9.667673918361563,-8.750759538090422,2025-11-13
2025-11-06,True,7,0,366.07000732421875,43.54999923706055,367.1600036621094,43.65999984741211,3.7834253443967355e-05,-0.0029185355164872296,0.00010937888266335713,-0.00229301803570223,2.8399034492886527e-05,5.940705080721898e-05,-0.000625517480784999,0.0017718975960561779,4.097387453487702e-05,-0.0012012407765737976,0.00022903038414033577,0.00010943133758021659,-0.0022936314629347088,2.128914906172601,0.0010923906863609112,-10.18229568990179,-9.990563974972336,-9.150966337312058,-9.12069271528015,-9.138954759097128,-8.068866938181877,0.0010923906863609112,0.08693171551577956,0.02485415330567672,3.0032042883926917,2.890927171896462,-0.011029716519933785,-10.3783143964473,-9.771377776978719,2025-11-07,-9.667673918361563,-8.750759538090422,2025-11-13,-10.82038390774545,-7.730248178752524,2025-11-10,-9.51658822219152,-8.099936319839406,2025-11-14
2025-11-07,True,7,0,368.30999755859375,43.91999816894531,367.94000244140625,44.02000045776367,3.1099637448631804e-05,0.0009779022737828995,0.00015901102538373434,-0.0025020053986970978,6.686725890910276e-05,6.16217019616317e-05,0.003479907672479996,0.005095296080564034,5.706167959724301e-05,0.006100376279774444,0.010734400717498557,0.00027423838414756787,0.008460069730783726,2.126555212721592,-0.0023596934510092815,-10.3783143964473,-10.409752058173876,-9.143458553067635,-8.746537016112025,-9.088039231543,-8.05518252897217,0.0023596934510092815,0.19054211772688276,0.263721547458993,3.0022112396517002,2.970414465569701,0.0005160095257163988,-10.82038390774545,-7.730248178752524,2025-11-10,-9.51658822219152,-8.099936319839406,2025-11-14,-9.658054450840975,-9.412282526825589,2025-11-11,-9.349816717924382,-8.346988398603807,2025-11-17
2025-11-10,True,7,0,378.3800048828125,45.790000915527344,375.92999267578125,45.16999816894531,1.9987891200352577e-05,0.00639031619573255,6.644198896804744e-05,0.013960153000123744,4.226756019440481e-05,2.208115998699761e-05,-0.007569836804391196,0.02047796813018471,0.0004393350699412132,0.02697402633060797,0.028063353618953662,0.000853993805310487,0.04169599115245548,2.1118332478997446,-0.01472196482184751,-10.82038390774545,-10.424821803813131,-9.297836588103783,-9.619181337363116,-9.168741150869245,-8.242460726103744,0.01472196482184751,1.1846888444728063,1.3659457033296236,3.013572191682322,2.948640662021506,0.0256987375958877,-9.658054450840975,-9.412282526825589,2025-11-11,-9.349816717924382,-8.346988398603807,2025-11-17,-9.119359544446798,-9.112078470576785,2025-11-12,-9.468335272852215,-8.3417139510937,2025-11-18
2025-11-11,True,7,0,379.8699951171875,46.45000076293945,379.9800109863281,46.279998779296875,6.390873865024687e-05,-0.00018425646624493745,0.00023638097356323191,0.004097093416510532,7.04057204586002e-05,0.0001149419958774393,-0.00428134988275547,0.0042196541065112865,8.171421942884444e-05,0.003930081509220251,0.01064412928595405,0.0003496784618193366,0.014310735021759502,2.1014525943872053,-0.01038065351253925,-9.658054450840975,-10.3870487490446,-9.34562121847464,-8.350065759752432,-9.034026938613854,-8.257382469659902,0.01038065351253925,0.907187276627884,0.97227570052882,3.15016862685841,2.867898923718522,0.047301256609276976,-9.119359544446798,-9.112078470576785,2025-11-12,-9.468335272852215,-8.3417139510937,2025-11-18,-9.294118557481884,-9.17817401131692,2025-11-13,-9.420126699076054,-8.26019432692767,2025-11-19
2025-11-12,True,7,0,385.989990234375,48.31999969482422,380.2099914550781,47.099998474121094,0.00010952480064469468,0.01513959198333344,0.00032421176944144104,0.026089860559550766,7.725030738207656e-05,0.00017824313135202962,-0.010950268576217326,0.000894633108551664,0.0001103251690436115,0.015982361021277924,0.013896486940983133,0.0005173241187423558,0.03946906562602681,2.0779658897824564,-0.023486704604748887,-9.119359544446798,-9.855248696926886,-9.301275241116166,-8.034113646294367,-8.627650406520491,-8.223692827292991,0.023486704604748887,2.2696507994062354,2.1289043718001412,3.1497400860333387,2.8495498031123385,0.05178560436430679,-9.294118557481884,-9.17817401131692,2025-11-13,-9.420126699076054,-8.26019432692767,2025-11-19,-9.400084066089216,-7.152187646126177,2025-11-14,-9.379874169850588,-8.255473290604359,2025-11-20
2025-11-13,True,7,0,382.8699951171875,47.41999816894531,387.2900085449219,48.290000915527344,9.196352218946863e-05,-0.011190991290339389,0.0001829682380527635,-0.017967481396388176,3.7081484645677376e-05,0.00011892513779827738,0.006776490106048787,0.003362351379496458,0.00010326892898867036,-0.008115943871202624,-0.0006210284664424299,0.00018335391440889534,-0.01880150528712976,2.0886514511983836,0.010685561415927136,-9.294118557481884,-9.667673918361563,-9.281606811197548,-8.606197982739781,-8.548669415465142,-8.302358157835462,0.010685561415927136,1.040070173115423,0.8931216528679291,3.2511493854184965,2.862772159369253,0.044870901269677965,-9.400084066089216,-7.152187646126177,2025-11-14,-9.379874169850588,-8.255473290604359,2025-11-20,-9.351988896775557,-9.141837711030504,2025-11-17,-9.48298843197215,-9.093025553730318,2025-11-21
2025-11-14,True,7,0,375.9599914550781,45.959999084472656,372.8699951171875,45.77000045776367,8.271711156025871e-05,0.008279535889175491,0.00027018307863339153,0.00403383198764537,7.028963579989441e-05,0.00014130527719687794,0.004245703901530121,-0.026465672891773418,0.000783148953174609,-0.01821276119826276,-0.03541517735676375,0.0015244178658444232,-0.03127260896324113,2.101711298963362,0.013059847764978372,-9.400084066089216,-9.51658822219152,-9.255441138250923,-8.216410759738263,-8.440059897839676,-8.290467009043075,0.013059847764978372,1.3670444702752216,1.075168260366784,3.211649779776461,2.995732273553991,0.02055776379164076,-9.351988896775557,-9.141837711030504,2025-11-17,-9.48298843197215,-9.093025553730318,2025-11-21,-11.0875580156037,-9.338357305905305,2025-11-18,-9.587385598117422,-9.196726780945566,2025-11-24
2025-11-17,True,7,1,371.6499938964844,45.470001220703125,374.2699890136719,45.86000061035156,8.679262574381002e-05,-0.006971032807737967,0.00019324787011364275,-0.00832063192160493,3.497157431126883e-05,0.00012253446077309198,0.0013495991138669635,-0.004505299292223101,0.00010709034745631599,-0.011530197275275711,-0.0021781423216883262,0.00019799217408717255,-0.010718638377204659,2.100899740065291,-0.000811558898071052,-9.351988896775557,-9.349816717924382,-9.23505639354492,-8.551536891961657,-8.329061935483535,-8.322495590120782,0.000811558898071052,0.08584836454749155,0.13901195405459016,3.1834558796369405,2.9871959386843043,-0.01794645981424292,-11.0875580156037,-9.338357305905305,2025-11-18,-9.587385598117422,-9.196726780945566,2025-11-24,-8.958773054657588,-8.461041707966443,2025-11-19,-9.5498621740141,-9.321708242858104,2025-11-25
2025-11-18,True,7,0,374.3500061035156,46.099998474121094,374.8320007324219,45.869998931884766,1.5301525699686952e-05,-0.0013936029738078311,7.301335597756001e-05,0.0045699231882369365,4.523678783914441e-05,2.1539046919051274e-05,-0.005963526162044767,0.008525392793878568,8.798384798960357e-05,0.007238670232445621,0.008758490640116705,0.00014972451427057193,0.013760122220016768,2.0943782880777198,-0.006521451987571147,-11.0875580156037,-9.468335272852215,-9.512368395315537,-9.524868174954053,-8.474493620915402,-8.504301603480394,0.006521451987571147,0.7258900942851617,0.6563235081866644,3.1809662517949806,3.1081676653845203,-0.014637871091017551,-8.958773054657588,-8.461041707966443,2025-11-19,-9.5498621740141,-9.321708242858104,2025-11-25,-9.127711135449333,-9.120610573863969,2025-11-20,-9.929385498043747,-9.870152770478128,2025-11-26
2025-11-19,True,7,0,374.9599914550781,46.45000076293945,377.7749938964844,46.79999923706055,0.00012860394698787646,-0.007439390784790029,0.0004957520936942024,-0.0075067049366672745,0.00015167164174268358,0.00023634219946969763,6.731415187724663e-05,0.009107559162343565,0.00021155158088346468,0.0016281258445651758,0.01507026971819919,0.0007228651230734739,0.007563564781531973,2.0884428491407525,-0.005935438936966797,-8.958773054657588,-9.420126699076054,-9.464435136144978,-7.609434567286948,-8.322313620534691,-8.426402451204604,0.005935438936966797,0.683292959041068,0.6060824048158067,3.173878458937465,3.206398324987611,-0.0289921062677303,-9.127711135449333,-9.120610573863969,2025-11-20,-9.929385498043747,-9.870152770478128,2025-11-26,-10.09299457992826,-9.982032064837977,2025-11-21,,,2025-11-28
2025-11-20,True,7,0,374.8500061035156,45.779998779296875,375.2900085449219,46.2599983215332,0.00010861390332053846,-0.0009997268018491854,0.0002157139569589368,-0.010211873856914482,3.590170856226137e-05,0.00014421307585860694,0.009212147055065296,0.0008797523788840741,0.00010938786756869065,-0.0002933685939359165,-0.004098861164845216,0.00023251461980761307,-0.01452919382493878,2.102678674371756,0.014235825231002863,-9.127711135449333,-9.379874169850588,-9.584467052110401,-8.441557301243197,-8.295722754675761,-8.699125534739675,0.014235825231002863,1.6223827626534022,1.1508992598866759,3.173459961337718,3.1637858521010482,-0.021169530990463592,-10.09299457992826,-9.982032064837977,2025-11-21,,,2025-11-28,-9.922572405502832,-9.869917446148404,2025-11-24,,,2025-12-01
2025-11-21,True,7,0,374.2699890136719,45.29999923706055,374.0249938964844,44.900001525878906,4.1368345132268265e-05,0.0005212392462531096,0.00019120350354848465,0.008979579677904602,6.989408675441135e-05,8.133888096317081e-05,-0.008458340431651494,-0.0022033384497995483,4.622304545663334e-05,-0.0015485295000221555,-0.01940945912772163,0.0005679306071791811,-0.010540272212812063,2.1116704170845457,0.008991742712789907,-10.09299457992826,-9.48298843197215,-9.661261380701223,-8.562172233516504,-8.361103723431524,-8.659214874787425,0.008991742712789907,1.214994831837205,0.6832148520261223,3.132446096869813,3.2741213019819138,-0.004505299292222986,-9.922572405502832,-9.869917446148404,2025-11-24,,,2025-12-01,-10.468615037260244,-10.46787912748718,2025-11-25,,,2025-12-02
2025-11-24,True,7,0,380.20001220703125,46.630001068115234,374.8800048828125,45.40999984741211,4.905480548976048e-05,0.013986238582813004,0.00014029807050601562,0.026243671912856543,4.0838172638958905e-05,7.425735167840861e-05,-0.012257433330043541,0.0016285550528834154,5.170699705003258e-05,0.01572002942959294,0.00242532610257537,0.00014618027720984906,0.02893711807935251,2.0984533284347857,-0.013217088649759567,-9.922572405502832,-9.587385598117422,-9.653199036223489,-8.871741323580395,-8.407459369999117,-8.647775529578775,0.013217088649759567,1.794066010738607,1.2600980718615515,3.0878555624297968,3.1540172655447054,0.022744927412645666,-10.468615037260244,-10.46787912748718,2025-11-25,,,2025-12-02,-11.033145168501115,-10.692223594619636,2025-11-26,,,2025-12-03
2025-11-25,True,7,0,380.0799865722656,46.66999816894531,380.2550048828125,46.54999923706055,2.8414384706971587e-05,-0.0005129645682872552,0.00017086297974692013,0.0025745333942403395,0.00010235806670534875,4.845964887427148e-05,-0.003087497962527594,0.0001446309765633026,2.8435302826353242e-05,-0.0003157406112368477,-0.0017171463930113825,0.00017381157148195213,0.0008573870012291707,2.09728020082232,-0.0011731276124660184,-10.468615037260244,-9.5498621740141,-9.666912014263362,-8.67464861069417,-8.323412043560518,-8.616738096109433,0.0011731276124660184,0.1589724305444421,0.22300644943323783,3.1157350659486873,3.0214000426107397,0.015190516568963197,-11.033145168501115,-10.692223594619636,2025-11-26,,,2025-12-03,,,2025-11-28,,,2025-12-04
2025-11-26,True,7,0,383.1199951171875,48.400001525878906,381.05499267578125,47.310001373291016,1.6157193839413658e-05,0.005247926058361925,0.00011833403228963507,0.02257144952149523,7.883582610025592e-05,2.7827700014396407e-05,-0.017323523463133306,0.0025619808927624093,2.272093993429333e-05,0.007966521739529497,0.013620197942916372,0.00030384382429385847,0.036398324521369485,2.06884839804048,-0.028431802781839988,-11.033145168501115,-9.929385498043747,-9.753076374204547,-9.04199915050144,-8.695826506483373,-8.695309571962731,0.028431802781839988,3.7226665494206905,2.627383197386393,3.109060958860994,2.921008698583398,0.02152891246392752,,,2025-11-28,,,2025-12-04,-10.326544556135435,-9.409498443979697,2025-12-01,-9.844789534503676,-9.551123426632694,2025-12-05
2025-11-28,False,3,0,387.8800048828125,51.209999084472656,385.9800109863281,49.66999816894531,,,,,,,,0.007437339824939002,,0.012347782735317558,0.02590124700585054,,0.05643496234754819,2.02476121842825,-0.04408717961223063,,,,,,,0.04408717961223063,5.852183816400373,3.9269751759269877,3.08876713952118,2.8443278504626814,0.034170063793180994,-10.326544556135435,-9.409498443979697,2025-12-01,-9.844789534503676,-9.551123426632694,2025-12-05,-8.987789687294821,-8.947703640028864,2025-12-02,-9.900985205646782,-9.740762038803336,2025-12-08
2025-12-01,True,7,0,389.75,52.52000045776367,390.6099853515625,51.9900016784668,3.2752064616808995e-05,-0.002255362386587979,0.00035637867493236035,0.010332987047620572,0.00030553109247689035,4.1799823536139535e-05,-0.012588349434208553,0.007013556227119199,8.194203556777149e-05,0.004809481913079061,0.015116617083482881,0.0005848907869810069,0.02525925055402567,2.004311449787303,-0.02044976864094661,-10.326544556135435,,,-7.939516698803237,,,0.02044976864094661,,1.7981046825180784,3.12982600803469,2.794227920674744,0.04052807520628221,-8.987789687294821,-8.947703640028864,2025-12-02,-9.900985205646782,-9.740762038803336,2025-12-08,-11.313287321655139,-10.719747237506384,2025-12-03,-10.478786203057602,-10.23563254498834,2025-12-09
2025-12-02,True,7,0,387.239990234375,53.130001068115234,388.8699951171875,52.83000183105469,0.000124925913634731,-0.004329550048590992,0.00045221072324113076,0.005419659987449865,0.00017258371463583822,0.00020227646112001176,-0.009749210036040857,-0.0022604229612152513,0.00013003542559832012,-0.006460877304548696,0.005885187685014087,0.0004868461573289722,0.011547702416075278,1.9863028700666787,-0.018008579720623974,-8.987789687294821,,,-7.701362284909458,,,0.018008579720623974,,1.4082826029391053,3.15016862685841,2.8472322519593383,0.018347168472140574,-11.313287321655139,-10.719747237506384,2025-12-03,-10.478786203057602,-10.23563254498834,2025-12-09,-11.175974932586957,-11.17521178848483,2025-12-04,-10.150264459177311,-9.951806600021069,2025-12-10
2025-12-03,True,7,0,386.8800048828125,53.06999969482422,388.4599914550781,52.9900016784668,1.2209608653629156e-05,-0.004127349798077333,7.437608476465083e-05,0.001414303154541897,4.297294675546499e-05,2.1806373331407493e-05,-0.005541652952619229,0.0031455517737342172,2.2104104614871637e-05,-0.0009300505859091146,-0.0026385123868265877,8.133783238008817e-05,-0.001129969477293269,1.9865027889580629,0.0001999188913841543,-11.313287321655139,,,-9.506376109133905,,,0.0001999188913841543,,0.17602324531138652,3.1130707659712242,2.8088001133999354,0.017732858497468307,-11.175974932586957,-11.17521178848483,2025-12-04,-10.150264459177311,-9.951806600021069,2025-12-10,-9.418355759691986,-9.137948678517894,2025-12-05,-9.968689655387687,-9.800593593044063,2025-12-11
2025-12-04,True,7,0,387.1300048828125,51.7599983215332,386.9200134277344,52.279998779296875,1.4006697742291998e-05,0.0004650853323780661,0.0001980891702945605,-0.009996247641918355,0.00016175099288522564,2.5172437575813453e-05,0.010461332974296422,0.00010340797107979938,1.4017390950774839e-05,0.0006459865002765852,-0.014997925682676865,0.0004230269450776588,-0.02499417332459508,2.0121429487829343,0.025640159824871667,-11.175974932586957,,,-8.526793273626092,,,0.025640159824871667,,2.1557003562115433,3.08922261664133,2.777576259006172,0.010412323258215395,-9.418355759691986,-9.137948678517894,2025-12-05,-9.968689655387687,-9.800593593044063,2025-12-11,-10.910540531703715,-10.794409995638608,2025-12-08,-9.863962777442909,-9.2112179068069,2025-12-12
2025-12-05,True,7,0,386.44000244140625,52.95000076293945,389.1199951171875,52.709999084472656,8.121945387970422e-05,-0.006859419113300095,0.00028181661193929313,0.004542912958116992,0.00010595887900832861,0.00012853859340533435,-0.011402332071417087,0.005127200241696781,0.00010750763619815975,-0.0017839435807109894,0.018187555733206004,0.0006126037954877676,0.02273046869132278,1.9876285365109014,-0.02451441227203377,-9.418355759691986,-9.844789534503676,,-8.174254010842915,-8.207599492779513,,0.02451441227203377,,1.9304002969835985,3.0238337036648657,2.7587432984957503,-0.003719403057813153,-10.910540531703715,-10.794409995638608,2025-12-08,-9.863962777442909,-9.2112179068069,2025-12-12,-11.111886538587516,-11.094028487578065,2025-12-09,-9.820307457581833,-9.127586440332513,2025-12-15
2025-12-08,True,7,0,385.4200134277344,52.709999084472656,387.0199890136719,52.88999938964844,1.826469618276002e-05,-0.0041426592850235975,3.4483875610494255e-05,-0.0032193601891588337,6.092080098337973e-06,2.3328245847458152e-05,-0.0009232990958647639,0.0014997199270291885,2.0513856042288455e-05,-0.0026429393579938676,-0.0011338129182221826,3.5769407344021757e-05,-0.004542912958116929,1.9895285101110238,0.0018999736001230616,-10.910540531703715,-9.900985205646782,,-10.27501871678891,-8.47703400929147,,0.0018999736001230616,,0.40312334766185354,2.991724252156452,2.7350166394301496,-0.011171824328886082,-11.111886538587516,-11.094028487578065,2025-12-09,-9.820307457581833,-9.127586440332513,2025-12-15,-9.61224966041998,-9.421484767727824,2025-12-10,-9.813213285136284,-9.08114481378319,2025-12-16
2025-12-09,True,7,0,387.3999938964844,55.16999816894531,385.6199951171875,53.38999938964844,1.493375399070864e-05,0.004579559390811639,0.000379112581292954,0.03248409140120321,0.0002566693806875013,6.86884772980807e-05,-0.027904532010391572,0.0005187323400113291,1.5202837231282269e-05,0.005124051608821567,0.012818277582173656,0.0005434208214666098,0.04561412059704528,1.9490384411228008,-0.040490068988223715,-11.111886538587516,-10.478786203057602,,-7.877677348725579,-8.549842089470905,,0.040490068988223715,,3.0690691213335417,2.9745086371023644,2.8130106275797595,0.00041310458448418075,-9.61224966041998,-9.421484767727824,2025-12-10,-9.813213285136284,-9.08114481378319,2025-12-16,-9.847154908311019,-9.847042507233759,2025-12-11,-9.947633419363095,-9.113373790402182,2025-12-17
2025-12-10,True,7,0,389.04998779296875,56.06999969482422,385.95001220703125,55.130001068115234,6.690414327273242e-05,0.007820097634507306,0.0006324082042634047,0.016728518257374272,0.00032928709787606467,0.0001850126248300362,-0.008908420622866967,-0.0037498761934289006,8.096571473877723e-05,0.004250103468606881,-0.0007252421189458722,0.0006329341803944978,0.01618161059779588,1.9371069339936113,-0.011931507129189,-9.61224966041998,-10.150264459177311,,-7.365975479494568,-8.09460194743163,,0.011931507129189,,0.44072780064839384,3.013080911888604,2.829087214170784,0.005593258639000176,-9.847154908311019,-9.847042507233759,2025-12-11,-9.947633419363095,-9.113373790402182,2025-12-17,-9.141943702659228,-8.016491864831707,2025-12-12,-9.625902320129484,-8.95090106758087,2025-12-18
2025-12-11,True,7,0,393.239990234375,57.619998931884766,389.0199890136719,56.77000045776367,5.2897477300891375e-05,0.010891095336257525,0.0003064518144731991,0.014861685873038634,0.00012062054755989408,0.00011936437210709819,-0.003970590536781109,-7.711074891964292e-05,5.290342336849032e-05,0.010712248978542505,0.012407120553296288,0.0004603884548972263,0.02726880642633489,1.9205503765458187,-0.016556557447792386,-9.847154908311019,-9.968689655387687,,-8.090450027106355,-8.025995080681266,,0.016556557447792386,,0.7736825004013005,3.005682604407159,2.7581094300024462,0.015659521117266095,-9.141943702659228,-8.016491864831707,2025-12-12,-9.625902320129484,-8.95090106758087,2025-12-18,-10.418655765877505,-9.655227362424823,2025-12-15,-9.944452466958895,-9.60234673847019,2025-12-19
2025-12-12,True,7,0,395.44000244140625,56.099998474121094,399.1549987792969,58.529998779296875,0.00010707899737748587,-0.009401284469307443,0.0010367971339021382,-0.042760147070008796,0.0005040084748601068,0.0003199338282097586,0.03335886260070135,0.014929721909227284,0.000329975593664347,0.0055789875076310835,0.015669711327953053,0.0012823369870035184,-0.02673392578976852,1.952863289843219,0.032312913297399604,-9.141943702659228,-9.863962777442909,,-6.871618996739165,-7.646212171510445,,0.032312913297399604,,3.2006341589791116,3.0430928449138284,2.6979998909369054,0.023022452205608168,-10.418655765877505,-9.655227362424823,2025-12-15,-9.944452466958895,-9.60234673847019,2025-12-19,-10.99009325519499,-10.101404156902426,2025-12-16,-9.956295811160937,-8.886854167258338,2025-12-22
2025-12-15,True,7,0,395.79998779296875,58.11000061035156,397.760009765625,57.84000015258789,2.9870004774981263e-05,-0.004914540907223205,9.701687138059903e-05,0.00457113030800981,5.976493622953683e-05,3.356096996302173e-05,-0.009485671215233015,0.005849757701295236,6.408966993884419e-05,0.0009099271544501519,0.030544795159229712,0.001030001382699902,0.03520199126101353,1.9185712257366552,-0.03429206410656338,-10.418655765877505,-9.820307457581833,,-9.240625662826513,-7.620376205958092,,0.03429206410656338,,2.4040440762900848,3.0661907372025525,2.756205228447844,0.026575318718052188,-10.99009325519499,-10.101404156902426,2025-12-16,-9.956295811160937,-8.886854167258338,2025-12-22,-10.334604896014675,-9.673627799655343,2025-12-17,-9.766491713722536,-8.815651318965879,2025-12-23
2025-12-16,True,7,0,395.8900146484375,57.72999954223633,397.75,57.61000061035156,1.6867982573424676e-05,-0.00480094364354879,3.537508209921089e-05,0.001907580715538315,2.90636735865007e-05,1.1589695543067434e-05,-0.006708524359087104,0.00491466489084432,4.1021913562722486e-05,0.000227429563539161,-0.008641602251563034,0.0001100523715734302,-0.0065608154469440905,1.9253594707471389,0.0067882450104832515,-10.99009325519499,-9.813213285136284,,-10.249502881177817,-7.7714302658857966,,0.0067882450104832515,,1.0090702817985606,3.054001181677967,2.803360380906535,0.02167869667276978,-10.334604896014675,-9.673627799655343,2025-12-17,-9.766491713722536,-8.815651318965879,2025-12-23,-8.847932140541047,-8.804254115378326,2025-12-18,,,2025-12-24
2025-12-17,True,7,0,399.2900085449219,60.2599983215332,398.0799865722656,59.27000045776367,3.248913292717667e-05,0.0029473663485271246,0.0001761263601016774,0.016688024491101124,0.00010359464904647291,5.2510421991190584e-05,-0.013740658142574,0.00551652448892231,6.292117536405622e-05,0.008551559438576106,0.026326322379656566,0.0008692016101392835,0.04289154470495493,1.8910194854807594,-0.034339985266378825,-10.334604896014675,-9.947633419363095,,-8.644308865409442,-8.015347408835057,,0.034339985266378825,,2.192188697624117,3.004692014925463,2.8021474967044036,0.025980152642739007,-8.847932140541047,-8.804254115378326,2025-12-18,,,2025-12-24,-10.978771373564975,-10.833677128802767,2025-12-19,,,2025-12-26
2025-12-18,True,7,0,398.57000732421875,59.31999969482422,398.2799987792969,59.81999969482422,0.0001436785363205218,0.0006275021873955542,0.00028450377138672785,-0.008730754962312699,8.951667961486184e-05,0.00016933281404619388,0.009358257149708255,-0.0025327188742205143,0.00015009320121635463,-0.0018048314286414069,-0.00732845774817357,0.00033821006435349305,-0.015721993723244232,1.9049366477753624,0.013917162294602825,-8.847932140541047,-9.625902320129484,,-8.164764048293385,-8.028724091416883,,0.013917162294602825,,1.696287825433164,3.054944133185837,2.8690346681376235,0.013463072235555096,-10.978771373564975,-10.833677128802767,2025-12-19,,,2025-12-26,-10.518016861493683,-7.781924916898447,2025-12-22,,,2025-12-29
2025-12-19,True,7,0,399.0199890136719,60.93000030517578,397.9200134277344,59.790000915527344,1.7060045078307717e-05,0.0027604996137341993,0.0001346329594598478,0.0192154302395496,6.91675338345513e-05,4.126273535180212e-05,-0.0164549306258154,-0.0016321461006227748,1.9723945972085845e-05,0.0011283535131116906,0.007891926080032124,0.000196915456712539,0.026779157143868915,1.8792858441446056,-0.025650803630757224,-10.978771373564975,-9.944452466958895,,-8.9129583010425,-8.835121374570713,,0.025650803630757224,,1.4853448864511953,3.0591764461105257,2.825536946304965,0.009012438241035703,-10.518016861493683,-7.781924916898447,2025-12-22,,,2025-12-29,-9.619311244149156,-9.293562031317277,2025-12-23,,,2025-12-30
2025-12-22,True,7,0,408.2300109863281,62.470001220703125,406.9800109863281,62.599998474121094,2.7044771501741345e-05,0.003115660669770025,7.61881724082363e-05,-0.0021588514044237964,8.866297603292088e-05,7.284983938528376e-06,0.0052745120741938215,0.019752557767166615,0.0004172083098469955,0.022819254559299118,0.02703958446195781,0.0008073273002835866,0.024960791777075997,1.8771443069268288,-0.0021415372177768788,-10.518016861493683,-9.956295811160937,,-9.482304325058875,-8.864163456375147,,0.0021415372177768788,,0.43826388821703116,3.031099417391282,2.7020321185427174,0.03092176564588467,-9.619311244149156,-9.293562031317277,2025-12-23,,,2025-12-30,,,2025-12-24,,,2025-12-31
2025-12-23,True,7,0,413.6400146484375,64.83999633789062,410.29998779296875,63.68000030517578,6.643335826340827e-05,0.007986566401112633,0.0005982481540275096,0.01797502055150565,0.00027493030963060186,0.00019487560133015798,-0.009988454150393018,0.0050578017237258984,9.201471653993294e-05,0.013165297757330663,0.019184085282352884,0.0009662772821480982,0.037236179342195364,1.8530734253419634,-0.0240708815848647,-9.619311244149156,-9.766491713722536,,-7.421504916801096,-8.278412998183883,,0.0240708815848647,,1.223902434523744,3.169685580677429,2.6447553453112924,0.04385963383967617,,,2025-12-24,,,2025-12-31,-9.77709981501178,-8.637061205166775,2025-12-26,-9.21625458510132,-7.840307492171622,2026-01-02
2025-12-24,False,3,0,411.92999267578125,65.22000122070312,412.25,65.08000183105469,,,,,,,,-0.0033661042905589965,,-0.004142651508748152,0.0036946700979766625,,0.005843548689568934,1.8430872251436468,-0.009986200198317086,,,,,,,0.009986200198317086,,0.015681626671754833,3.199896858270398,2.6390573296152584,0.031165422892351913,-9.77709981501178,-8.637061205166775,2025-12-26,-9.21625458510132,-7.840307492171622,2026-01-02,-8.157291760739522,-6.642639961633536,2025-12-29,-9.25681941490941,-7.713553298319349,2026-01-05
2025-12-26,True,7,0,416.739990234375,71.12000274658203,416.4800109863281,67.83000183105469,5.673610286590488e-05,0.00048005591342544385,0.0004707150329346389,0.047364027871881764,0.0003904387650367994,6.850618538187216e-05,-0.046883971958456325,0.010985053403741181,0.00017740750114895058,0.011609088487158914,0.039238412874877344,0.002010368077873979,0.08660244074675827,1.7680938728840474,-0.07499335225959936,-9.77709981501178,,,-7.66125767266619,,,0.07499335225959936,,4.821036388151124,3.170105660498771,2.6004650102462374,0.044579342808152234,-8.157291760739522,-6.642639961633536,2025-12-29,-9.25681941490941,-7.713553298319349,2026-01-05,-9.842712544711642,-8.475422046968418,2025-12-30,-10.112601137667525,-8.544234010160553,2026-01-06
2025-12-29,True,7,0,398.6000061035156,66.01000213623047,403.6600036621094,65.65699768066406,0.00028663762784254533,-0.012702345820979299,0.00113372433469091,0.005892114364641366,0.0006628198407956441,0.0003787710608689056,-0.018594460185620665,-0.03188955416444293,0.0013035812926494848,-0.04450407961760128,-0.07992444403779586,0.007521641089441672,-0.07456235176172665,1.7981521450281728,0.030058272144125375,-8.157291760739522,,,-6.782247194329498,,,0.030058272144125375,,3.3814367730047925,3.2495989975110415,2.6100698207912507,-0.0010530903225607346,-9.842712544711642,-8.475422046968418,2025-12-30,-10.112601137667525,-8.544234010160553,2026-01-06,-10.772184746764372,-10.747278292539633,2025-12-31,-10.286779701747736,-8.613575450634542,2026-01-07
2025-12-30,True,7,0,398.8900146484375,68.9800033569336,403.6000061035156,69.1050033569336,5.313298985744405e-05,-0.011437799895060644,0.0008053889040741582,-0.0015206310360182905,0.000584063641960309,0.00013722912598564666,-0.009917168859042355,0.01246588051106208,0.00020853116677352145,0.0007273032894685727,0.04582085757037447,0.0029049398925587015,0.044010378111106974,1.7548690702065342,-0.0432830748216384,-9.842712544711642,,,-7.124185286554962,,,0.0432830748216384,,2.0589460215044064,3.246880021277798,2.653241951175182,-0.02314504159239128,-10.772184746764372,-10.747278292539633,2025-12-31,-10.286779701747736,-8.613575450634542,2026-01-07,-9.438873241296289,-8.26753925018929,2026-01-02,-10.063283809271399,-8.531264341487187,2026-01-08
2025-12-31,True,7,0,396.30999755859375,64.41999816894531,398.6000061035156,65.54000091552734,2.0974885872118608e-05,-0.005761695964355912,0.00031352939663391966,-0.017081289352556043,0.00022182726051473323,5.63385109956525e-05,0.011319593388200131,-0.0007273032894687892,2.150385594699073e-05,-0.006488999253824623,-0.05115599893435654,0.002930465623605807,-0.06839254069465817,1.8167726116473677,0.06190354144083354,-10.772184746764372,,,-8.067617433120144,,,0.06190354144083354,,5.126240202237145,3.2120525995200753,2.662355236516009,-0.042799338603546566,-9.438873241296289,-8.26753925018929,2026-01-02,-10.063283809271399,-8.531264341487187,2026-01-08,-10.205220815845113,-7.721209958142998,2026-01-05,-10.400369878675148,-8.784539118364462,2026-01-09
2026-01-02,True,7,0,398.2799987792969,65.75,401.6199951171875,67.30000305175781,7.957001426519482e-05,-0.008238070154041703,0.0008299755774413363,-0.02284445979271405,0.00043394740746304644,0.0002377990921217423,0.014606389638672349,0.013309628649800394,0.0002567162290607823,0.004958545328225483,0.04373616651691194,0.0027428278390363853,0.020435555578520948,1.8012956013970727,-0.015477010250295464,-9.438873241296289,-9.21625458510132,,-7.0941142823760215,-7.249307085987842,,0.015477010250295464,,0.4766634180910489,3.1747149290824312,2.7047112870785104,-0.03369814176657293,-10.205220815845113,-7.721209958142998,2026-01-05,-10.400369878675148,-8.784539118364462,2026-01-09,-11.316445067085136,-10.048596952481265,2026-01-06,-10.132324870514822,-8.887819697113615,2026-01-12
2026-01-05,True,7,0,408.760009765625,69.08000183105469,406.3900146484375,69.44999694824219,3.697676498911121e-05,0.005643602712226387,8.62249020287636e-05,-0.005558899757233431,0.0001239157067934859,-3.5701988780554344e-07,0.011202502469459818,0.020158053252642943,0.00044332387592549996,0.02597293817991453,0.05474735420068068,0.003083497694003552,0.0494056087268957,1.7778629308500908,-0.02343267054698117,-10.205220815845113,-9.25681941490941,,-9.358551535369749,-7.363826618127597,,0.02343267054698117,,0.8947397090536173,3.169685580677429,2.674838082670172,-0.019334292073817316,-11.316445067085136,-10.048596952481265,2026-01-06,-10.132324870514822,-8.887819697113615,2026-01-12,-10.784862276757302,-8.850385526224683,2026-01-07,-10.029123682043704,-8.856992979472949,2026-01-13
2026-01-06,True,7,0,413.17999267578125,73.70999908447266,411.0450134277344,71.60489654541016,1.2171114626856126e-05,0.005543542674459294,0.0005909348935217442,0.02653001047269131,0.0004571559430195028,7.297503256454877e-05,-0.020986467798232017,0.0055745195862893174,4.324638324477935e-05,0.010755105002162146,0.03589817934923947,0.0018796141741119076,0.06487318299576117,1.7237448528564918,-0.05411807799359902,-11.316445067085136,-10.112601137667525,,-7.433804709872372,-7.551710976407148,,0.05411807799359902,,2.6510303902534917,3.188416617383492,2.701361187349418,0.03592489254594611,-10.784862276757302,-8.850385526224683,2026-01-07,-10.029123682043704,-8.856992979472949,2026-01-13,-9.662098540891567,-9.216213302857565,2026-01-08,-9.952209348605965,-8.853082474359558,2026-01-14
2026-01-07,True,7,0,409.2300109863281,70.95999908447266,408.6300048828125,69.81999969482422,2.071065456645122e-05,0.0014672589428923405,0.00023406413135280933,0.016618494653305664,0.00013776513245446393,5.8504826732398294e-05,-0.015151235710413324,-0.011073202560435936,0.0001433264695108962,-0.009605943617543744,-0.0542179654745341,0.0031736519115505807,-0.038022137681227086,1.7521610469201752,0.028416194063683342,-10.784862276757302,-10.286779701747736,,-8.359915414545394,-7.797049273835396,,0.028416194063683342,,2.5475396901921252,3.211649779776461,2.691243082785829,0.02559164563893379,-9.662098540891567,-9.216213302857565,2026-01-08,-9.952209348605965,-8.853082474359558,2026-01-14,-10.892520939385461,-10.229298207343383,2026-01-09,-10.153990317374346,-8.898818327548094,2026-01-15
2026-01-08,True,7,0,411.489990234375,69.70999908447266,406.7900085449219,67.1875,6.365080785533711e-05,0.011487591979153468,0.0005615931299453343,0.036856548042953505,0.000269622626756494,0.00017781065552208874,-0.025368956063800036,-0.005980269245715215,9.941442810658434e-05,0.005507322733438791,-0.054629106777321974,0.00354593243723338,-0.017772558734368005,1.7754409283879822,0.023279881467806796,-9.662098540891567,-10.063283809271399,,-7.4847329383308185,-7.683070616190515,,0.023279881467806796,,1.9323833958093137,3.1834558796369405,2.73306797151839,0.037587967626197205,-10.892520939385461,-10.229298207343383,2026-01-09,-10.153990317374346,-8.898818327548094,2026-01-15,-9.387852270625247,-7.906837188760592,2026-01-12,-9.775380333636136,-8.796396054404223,2026-01-16
2026-01-09,True,7,0,414.4700012207031,72.37999725341797,413.2149963378906,71.30999755859375,1.8596801779183966e-05,0.003008417735325909,0.00026347229897433726,0.01475535102628625,0.00017439186237417725,5.3838619189672004e-05,-0.01174693329096034,0.004183335004097378,3.609709353569037e-05,0.007215903791294664,0.022692769438756026,0.0007784340837748767,0.03758621382396132,1.7450706183553155,-0.03037031003266666,-10.892520939385461,-10.400369878675148,,-8.24156232274123,-7.965442909446047,,0.03037031003266666,,1.2829312123468335,3.1809662517949806,2.737608990998456,0.039845326089266386,-9.387852270625247,-7.906837188760592,2026-01-12,-9.775380333636136,-8.796396054404223,2026-01-16,-10.295329176117903,-9.64331787875993,2026-01-13,-9.863307357425414,-7.96506430106623,2026-01-20
2026-01-12,True,7,0,422.2300109863281,77.2300033569336,421.5199890136719,76.11000061035156,8.373510359303587e-05,0.0015648353346994102,0.0004699641585785534,0.014349300164462276,0.00018793934926204114,0.00018287995645477405,-0.012784464829762865,0.016866601293218472,0.0003682173427774349,0.01854961673678268,0.05024969010973769,0.002994995514703223,0.06485804585897892,1.6987621892331188,-0.04630842912219624,-9.387852270625247,-10.132324870514822,,-7.6628541245114885,-7.765763606421138,,0.04630842912219624,,2.0704886242937692,3.1540172525197043,2.673458740536743,0.03242200464613454,-10.295329176117903,-9.64331787875993,2026-01-13,-9.863307357425414,-7.96506430106623,2026-01-20,-10.169062553227215,-8.831110698038907,2026-01-14,-9.571441784963989,-7.697551198392601,2026-01-21
2026-01-13,True,7,0,421.6300048828125,78.5999984741211,424.5899963378906,80.02999877929688,3.379055690163981e-05,-0.007066977084626971,0.0009043865205531812,-0.018284311693781724,0.0007015416799816711,0.00011831769873657495,0.011217334609154755,0.005573773507813554,6.485750801804402e-05,-0.0014220515093619213,0.035613523078009364,0.002172709546581087,0.017583653974067026,1.6797564837496906,-0.019005705483428947,-10.295329176117903,-10.029123682043704,,-7.008253721969206,-7.627870761394442,,0.019005705483428947,,0.30648280777649095,3.2200751054436827,2.716018363182543,0.02024484813461047,-10.169062553227215,-8.831110698038907,2026-01-14,-9.571441784963989,-7.697551198392601,2026-01-21,-10.812722085866742,-9.603929170808748,2026-01-15,-9.453618782609036,-7.726114504751063,2026-01-22
2026-01-14,True,7,0,425.94000244140625,84.55999755859375,426.0299987792969,83.33999633789062,3.833824664145729e-05,-0.00021126644857470678,0.0004354480258044006,0.014421567714498866,0.00026815260165087806,0.00010281683539748994,-0.014632834163073573,0.010381599688099053,0.00014611585872539566,0.010170333239524432,0.05855690203056616,0.003864358801221724,0.07308963266815827,1.6168371843210565,-0.06291929942863383,-10.169062553227215,-9.952209348605965,,-7.7391351125264665,-7.548361572856341,,0.06291929942863383,,2.7346803516698763,3.168003494494444,2.771337911692091,0.04002112499167865,-10.812722085866742,-9.603929170808748,2026-01-15,-9.453618782609036,-7.726114504751063,2026-01-22,-9.131869479400036,-9.117464111102146,2026-01-16,-9.332200797826687,-7.7128192746436435,2026-01-23
2026-01-15,True,7,0,423.3299865722656,83.31999969482422,423.0199890136719,80.73999786376953,2.0141623043410743e-05,0.0006853321065636324,0.0007358160709866187,0.03151449860239502,0.0005919821733581389,8.198776033594533e-05,-0.03082916649583138,-0.006879063729908253,6.746314084354999e-05,-0.006146511992686676,-0.0462272237234495,0.002872772284164471,-0.014772699960025726,1.6254633722883953,0.00862618796733905,-10.812722085866742,-10.153990317374346,,-7.214530374017283,-7.484333645235205,,0.00862618796733905,,1.5841215880179222,3.1599747169480397,2.8183982582710754,0.02836729026555318,-9.131869479400036,-9.117464111102146,2026-01-16,-9.332200797826687,-7.7128192746436435,2026-01-23,-9.724237853724317,-6.6085564655711115,2026-01-20,-9.170944587479758,-7.53445600008196,2026-01-26
2026-01-16,True,7,0,421.2900085449219,81.0199966430664,422.79998779296875,80.33000183105469,0.0001081631871186743,-0.003743959712846215,0.0006468150562185738,0.00818249090454717,0.00025283247265041304,0.00025107288534341747,-0.011926450617393385,-0.0012527598942699805,0.00010973259447136563,-0.00483053208751727,-0.03654543975019724,0.00198238422275387,-0.027992616388925917,1.648625456589804,0.023162084301408647,-9.131869479400036,-9.775380333636136,,-7.343450152519614,-7.356410861702265,,0.023162084301408647,,2.2102057930638135,3.0937660138253564,2.7625383960193535,0.016320854386741246,-9.724237853724317,-6.6085564655711115,2026-01-20,-9.170944587479758,-7.53445600008196,2026-01-26,-9.011529419439015,-7.422592635208329,2026-01-21,-8.929069307832258,-8.094709524754462,2026-01-27
2026-01-20,True,7,0,437.2300109863281,85.38999938964844,436.69000244140625,86.19000244140625,5.981597132076765e-05,0.0013615980056016436,0.0004726304347866678,-0.009325199213468374,0.0002139406352180844,0.0001592528854446755,0.010686797219070017,0.03590211387374104,0.0013487777519238364,0.03713794462564746,0.06185819364402225,0.004299066555688022,0.05253299443055415,1.6332304067848973,-0.01539504980490669,-9.724237853724317,-9.863307357425414,,-7.65719679666739,-7.355576023178614,,0.01539504980490669,,0.09719206474096688,3.101442727976105,2.7638001945596176,0.03490918227560602,-9.011529419439015,-7.422592635208329,2026-01-21,-8.929069307832258,-8.094709524754462,2026-01-27,-9.40988112023875,-9.406316163653441,2026-01-22,-8.763651936537824,-8.18056684798883,2026-01-28
2026-01-21,True,7,0,443.6000061035156,83.95999908447266,446.8699951171875,85.5999984741211,0.00012199513153976599,-0.007073978026266355,0.0004385933249062887,-0.019106550092949714,0.0001780996953845376,0.00019124438053075852,0.012032572066683359,0.02180831609119104,0.000597597782273068,0.014463871678662699,0.002456274550304018,0.0004446266095727599,-0.016888506723598873,1.6645827851871595,0.03135237840226157,-9.011529419439015,-9.571441784963989,,-7.731937941188207,-7.513146958157428,,0.03135237840226157,,2.4310444370181385,3.210440346047099,3.000222186422059,0.05079510546363064,-9.40988112023875,-9.406316163653441,2026-01-22,-8.763651936537824,-8.18056684798883,2026-01-28,-9.55634408226846,-9.240951788752769,2026-01-23,-6.74845931230841,-6.519952712014963,2026-01-29
2026-01-22,True,7,0,451.7900085449219,87.12999725341797,443.8399963378906,84.93000030517578,8.191068429521769e-05,0.018041073854142733,0.00023200702729438887,0.025344303452296723,6.798883373098762e-05,0.0001229644389293095,-0.0073032295981539895,0.0005408596402351282,8.220321344565297e-05,0.018294219779694032,0.011486907337075712,0.0003639560674649527,0.03706074067228471,1.6458162642945688,-0.018766520892590677,-9.40988112023875,-9.453618782609036,,-8.368742896694679,-7.590610834780846,,0.018766520892590677,,0.43516338219597317,3.2684276036974484,2.8273135993568546,0.05891899200380024,-9.55634408226846,-9.240951788752769,2026-01-23,-6.74845931230841,-6.519952712014963,2026-01-29,-8.591818295750745,-7.5125338175523835,2026-01-26,,,2026-01-30
2026-01-23,True,7,0,458.0,92.91000366210938,454.1099853515625,90.19000244140625,7.07509862033255e-05,0.008180342917062225,0.00021235898439253174,0.02949740758153202,9.13798560810041e-05,9.586505725742656e-05,-0.0213170646644698,0.005121938170159546,9.698523682226282e-05,0.013651695099227368,0.034517358526815936,0.0014038070240612846,0.06423009734849483,1.5952378620453003,-0.05057840224926746,-9.55634408226846,-9.332200797826687,,-8.457232392740313,-7.8228443193775785,,0.05057840224926746,,2.056561267210738,3.3361253849184407,2.7498317570687476,0.07871719909571429,-8.591818295750745,-7.5125338175523835,2026-01-26,,,2026-01-30,-8.506593277069936,-8.503464404592899,2026-01-27,,,2026-02-02
2026-01-26,True,7,0,464.70001220703125,98.33999633789062,466.7799987792969,99.37000274658203,0.00018561827170881696,-0.004444515246427291,0.0032303784018015724,-0.010826226684754706,0.002129820537364024,0.0006430880680731824,0.006381711438327414,0.018988867863732994,0.0005461953744551287,0.01452287824537457,0.06721896281433884,0.007748767363637041,0.056799502675642266,1.552961237615033,-0.042276624430267695,-8.591818295750745,-9.170944587479758,,-5.735155996348813,-6.99419194699993,,0.042276624430267695,,1.4221447407253358,3.4015306594522756,2.7781979704876907,0.09807060942860613,-8.506593277069936,-8.503464404592899,2026-01-27,,,2026-02-02,-8.330081444742394,-7.658389104652238,2026-01-28,,,2026-02-03
2026-01-27,True,7,0,476.1000061035156,101.58999633789062,465.07000732421875,97.9800033569336,0.0002021312584926727,0.023082821563654016,0.0020971586479238327,0.03598480247497898,0.0012691904749950907,0.0005150497157107072,-0.012901980911324964,0.0007958852811895934,0.00020276469187348694,0.02423586666073163,-0.0036674142726823965,0.0021106085753713074,0.03251424431099448,1.5446828599647702,-0.008278377650262847,-8.506593277069936,-8.929069307832258,,-6.167171875215476,-6.690952365280713,,0.008278377650262847,,0.4723563847742366,3.487375077903208,2.781920026048249,0.0851685314636903,-8.330081444742394,-7.658389104652238,2026-01-28,,,2026-02-03,-5.266087971364058,-5.10758438493228,2026-01-29,,,2026-02-04
2026-01-28,True,7,0,494.55999755859375,105.5999984741211,483.3900146484375,102.77999877929688,0.00024115240348334633,0.02241996913254326,0.0011759475578132863,0.026878207051059092,0.0006925880979594026,0.00036225593166861494,-0.004458237918515831,0.015195882536854671,0.00047206724955723106,0.038040544426992895,0.011645700631707506,0.001311569901016639,0.038713287767029314,1.5440101166247342,-0.0006727433400364191,-8.330081444742394,-8.763651936537824,-9.358681571526859,-6.745681024196215,-6.578760843092105,-7.205112684903277,0.0006727433400364191,,0.8404341412140274,3.5004392163118045,2.794227920674744,0.1087452042120205,-5.266087971364058,-5.10758438493228,2026-01-29,,,2026-02-04,,,2026-01-30,,,2026-02-05
2026-01-29,True,7,0,495.8999938964844,105.56999969482422,509.510009765625,109.52999877929688,0.005163771935084659,-0.027407402912628054,0.015054355296706267,-0.03625607735757644,0.0026705052232127886,0.008773811004289072,0.008848674444948385,0.02978102527496357,0.006050681401512678,0.002705807739847188,0.03654011636818462,0.016389535400906742,-0.00028411971169006733,1.5470000440762717,0.0029899274515372554,-5.266087971364058,-6.74845931230841,-8.05235386558334,-4.1960879411665575,-5.436651180307173,-6.567240345976136,0.0029899274515372554,0.13953434170941584,0.9665880219971351,3.6805952345262387,2.794227920674744,0.09315679217217365,,,2026-01-30,,,2026-02-05,,,2026-02-02,,,2026-02-06
2026-01-30,False,1,0,444.95001220703125,75.44000244140625,466.2449951171875,89.33000183105469,,,,,,,,-0.061663044619829556,,-0.10841233744964729,-0.16703683889946694,,-0.3360365664234335,1.7746242730500579,0.2276242289737862,,,,,,,0.2276242289737862,9.59497184761743,12.391339699049093,3.82907608460722,2.8261294394501912,-0.028907240376701004,,,2026-02-02,,,2026-02-06,-8.491634965309455,-5.635855726096932,2026-02-03,-8.70941483536613,-6.808691703025795,2026-02-09
2026-02-02,False,3,0,427.1300048828125,72.44000244140625,,,,,,,,,,,,-0.040873515763860446,,,-0.040579003969754446,1.7743297612559514,-0.0002945117941060005,,,,,,,0.0002945117941060005,,0.0393650620566749,3.786006164844659,2.858766449103403,-0.08430363438593602,-8.491634965309455,-5.635855726096932,2026-02-03,-8.70941483536613,-6.808691703025795,2026-02-09,-8.14735778615778,-7.4053753378310665,2026-02-04,-8.782441764656639,-7.772692743161555,2026-02-10
2026-02-03,True,7,0,454.2900085449219,76.95999908447266,452.6300048828125,79.05000305175781,0.00020517752759492222,0.004012897941260736,0.002235723529470511,-0.0267948077995869,0.0014817220540151294,0.000479589501525152,0.030807705740847638,0.057986597511003705,0.003567623018498063,0.06164735147244915,0.08732193554321956,0.009860843956484702,0.060527127743633,1.775449984984767,0.0011202237288161498,-8.491634965309455,,,-6.103190376472386,,,0.0011202237288161498,,0.08673282213626612,3.6211358020274167,2.793616098770161,-0.0468921495742185,-8.14735778615778,-7.4053753378310665,2026-02-04,-8.782441764656639,-7.772692743161555,2026-02-10,-9.056959058522118,-7.450528307711571,2026-02-05,-9.111845432491112,-8.027511274549434,2026-02-11
2026-02-04,True,7,0,453.9700012207031,79.18000030517578,462.4700012207031,82.5999984741211,0.0002894992689536249,-0.018770889956648586,0.0018606523076950517,-0.04241224599861834,0.0008055060933704704,0.0006723227416391031,0.02364135604196975,0.017845913177255455,0.0006079758860837648,-0.0007046601942608532,0.07072386759251632,0.006862517754938832,0.028437951070881873,1.7463073737196249,-0.029142611265142726,-8.14735778615778,,,-6.286828149677116,,,0.029142611265142726,,0.9754249902866018,3.714547200862514,2.8903717578961645,-0.08563735419547225,-9.056959058522118,-7.450528307711571,2026-02-05,-9.111845432491112,-8.027511274549434,2026-02-11,-9.01275394134177,-7.591766165052689,2026-02-06,-7.9017207030702865,-7.600783340381697,2026-02-12
2026-02-05,True,7,0,441.8800048828125,66.69000244140625,444.2900085449219,68.2300033569336,0.00011657694177654319,-0.005167639528751452,0.002185252593610846,-0.02277992681893899,0.0013519659121839557,0.000474931811601717,0.017612287290187534,-0.02155359764536258,0.0005811345132347226,-0.02699275619765107,-0.14883934550459846,0.024338403363848078,-0.17166869227969261,1.8909833098016664,0.14467593608204155,-9.056959058522118,,,-6.126023853632926,,,0.14467593608204155,,5.112374016559317,3.6090242288644716,2.925309776513262,-0.1153359181329705,-9.01275394134177,-7.591766165052689,2026-02-06,-7.9017207030702865,-7.600783340381697,2026-02-12,-9.293456919220713,-8.257293605708822,2026-02-09,-7.944983593364643,-7.652460174020079,2026-02-13
2026-02-06,True,7,0,455.4599914550781,70.19000244140625,450.6099853515625,67.61000061035156,0.00012184583725488181,0.010464179541916587,0.001249344635856035,0.03757812013811743,0.0006487723110138295,0.0003612090810485436,-0.027113940596200842,0.019563824821758606,0.00050458907891134,0.030269515441490036,0.013700856877625239,0.0014370581150372058,0.05115083227265682,1.8701019929704998,-0.020881316831166785,-9.01275394134177,,,-6.685136156471849,,,0.020881316831166785,,0.6499112857641955,3.5703774100329357,3.080532896273726,0.02334593475816682,-9.293456919220713,-8.257293605708822,2026-02-09,-7.944983593364643,-7.652460174020079,2026-02-13,-8.824609850063322,-8.78946153168562,2026-02-10,-7.928051966212454,-7.428407283330268,2026-02-17
2026-02-09,True,7,0,467.0299987792969,76.04000091552734,461.3900146484375,72.87999725341797,9.202438890803583e-05,0.011935633729643432,0.0006428970583779346,0.0419204300481504,0.00029728589707060844,0.00021881777510768103,-0.029984796318506972,0.012935825589011952,0.00025935997257737223,0.02508561432489298,0.037608329740189565,0.0020572835242247617,0.0800536441351527,1.8151339631602403,-0.05496802981025972,-9.293456919220713,-8.70941483536613,,-7.349525942378611,-6.416250695192847,,0.05496802981025972,,1.7353814201775104,3.5251833614431467,3.014063271438193,0.08930506484692025,-8.824609850063322,-8.78946153168562,2026-02-10,-7.928051966212454,-7.428407283330268,2026-02-17,-9.508228857441837,-8.914812495441078,2026-02-11,-7.956994630498723,-7.354839316243069,2026-02-18
2026-02-10,True,7,0,462.3999938964844,73.41000366210938,465.9599914550781,74.72000122070312,0.00014706882991407722,-0.007691052686689893,0.0009573535970529823,-0.017704015093434507,0.0004320355159881358,0.0003361934554894619,0.010012962406744614,-0.0022937176272844547,0.00015232997046779265,-0.00996318866202106,-0.017511719402683607,0.0012640139134913078,-0.035199313651913755,1.8403700881501324,0.025236124989892694,-8.824609850063322,-8.782441764656639,,-6.95133774985021,-6.58632413855376,,0.025236124989892694,,0.8031918299687797,3.4916472845842277,2.854168744390704,0.017694524712450033,-9.508228857441837,-8.914812495441078,2026-02-11,-7.956994630498723,-7.354839316243069,2026-02-18,-6.560376111918195,-6.536443313776925,2026-02-12,-7.9467396415637355,-7.366757047163292,2026-02-19
2026-02-11,True,7,0,467.6300048828125,76.55999755859375,466.0,76.91999816894531,7.423841217516327e-05,0.003256470937526362,0.0006537762697215685,-0.004821734946020777,0.0003846081474415713,0.0001717032672275803,0.00807820588354714,0.007755329967122799,0.0001343835550741162,0.011247091222494454,0.04670568090752487,0.002835196898757101,0.04201449924751177,1.8096026801251153,-0.030767408025017318,-9.508228857441837,-9.111845432491112,,-7.3327453602619554,-6.7787247731106115,,0.030767408025017318,,0.9559687194891265,3.3624565533457247,2.8786365531407747,0.02964627612920534,-6.560376111918195,-6.536443313776925,2026-02-12,-7.9467396415637355,-7.366757047163292,2026-02-19,-10.042896281531378,-7.87886300994663,2026-02-13,-9.385008570645425,-7.90740315139465,2026-02-20
2026-02-12,True,7,0,451.3900146484375,67.7300033569336,464.8999938964844,75.18499755859375,0.0014153532789895054,-0.029114066581133496,0.007488653174175283,-0.10545649302456044,0.002605765376211844,0.003149120538476472,0.07634242644342694,-0.0058550798131416695,0.0014496352386077645,-0.03534565209196927,-0.018123004753604788,0.007817096475474464,-0.12254545246562465,1.8968024804987704,0.08719980037365538,-6.560376111918195,-7.9017207030702865,,-4.894366314153944,-6.120023205649129,,0.08719980037365538,,2.7342803156001514,3.380314170745731,2.87073576176629,0.021293380234887138,-10.042896281531378,-7.87886300994663,2026-02-13,-9.385008570645425,-7.90740315139465,2026-02-20,-9.009150293349911,-7.063645510551747,2026-02-17,-9.329863917850998,-7.99119469294669,2026-02-23
2026-02-13,True,7,0,462.6199951171875,69.72000122070312,459.7300109863281,71.20999908447266,4.3493620685526025e-05,0.006223378458940831,0.0003117623213650431,-0.02128947877237315,0.00022616033155769242,6.454780524643833e-05,0.02751285723131398,0.018307641243287143,0.0003786633485784344,0.02457422891441219,0.050103982347031346,0.002822171368396672,0.028957975370192734,1.89241873404299,-0.004383746455780546,-10.042896281531378,-7.944983593364643,,-8.073269450961275,-6.209178622668745,,0.004383746455780546,,0.12146825016186051,3.408834808791367,3.0359140485290044,0.01559809370780929,-9.009150293349911,-7.063645510551747,2026-02-17,-9.329863917850998,-7.99119469294669,2026-02-23,-9.254824070456406,-7.877669455044832,2026-02-18,-9.52872027033642,-8.157631433205529,2026-02-24
2026-02-17,True,7,0,448.20001220703125,66.37000274658203,450.260009765625,67.2699966430664,0.00012228571887484458,-0.004518697340112548,0.0009316609382872531,-0.013619847615299472,0.0003854904262793071,0.0003342281154413954,0.009101150275186924,-0.02708075682177583,0.0008556531089150027,-0.03166638360095497,-0.03577291602534483,0.0022113624592436263,-0.0492420496197532,1.9099944000617881,0.01757566601879823,-9.009150293349911,-7.928051966212454,,-6.978541609590974,-6.180863283304171,,0.01757566601879823,,0.5466111337822913,3.4288125486951286,3.025291094313483,-0.04115390421803866,-9.254824070456406,-7.877669455044832,2026-02-18,-9.52872027033642,-8.157631433205529,2026-02-24,-9.29060193135845,-9.245932650750255,2026-02-19,-9.572118130938444,-8.386651379910765,2026-02-25
2026-02-18,True,7,0,458.2799987792969,70.08999633789062,455.80999755859375,69.66000366210938,9.564911922266193e-05,0.005098795572291558,0.00040450466034981723,0.006011155247151666,0.00014690328972378783,0.00017662524492434567,-0.0009123596748601085,0.016836462059345712,0.00037911557389844956,0.022240759759257323,0.04838112896833068,0.0027452383006000636,0.05453488972284326,1.8777002700982022,-0.03229412996358594,-9.254824070456406,-7.956994630498723,,-7.812847300271733,-6.235795232588149,,0.03229412996358594,,0.9639274630601034,3.5037539699872475,3.010128198959819,-0.008949955796760278,-9.29060193135845,-9.245932650750255,2026-02-19,-9.572118130938444,-8.386651379910765,2026-02-25,-9.623557725769452,-8.94713320733682,2026-02-20,-9.557337156673276,-8.376713403674808,2026-02-26
2026-02-19,True,7,0,459.55999755859375,71.01000213623047,457.3399963378906,70.68000030517578,9.228749282192826e-05,0.004842415909140217,0.00010860905382945447,0.004658090508311711,3.43265431777303e-05,8.32850017368262e-05,0.0001843254008285066,-0.002053259598225133,9.65033677996319e-05,0.002789156310915253,0.008382573505645549,0.0001788765924070052,0.013040664013957759,1.86744876239516,-0.010251507703042506,-9.29060193135845,-7.9467396415637355,,-9.127755785344062,-6.293089759129726,,0.010251507703042506,,0.3013621677611307,3.518980417318539,2.9765494969115993,-0.01740789070833948,-9.623557725769452,-8.94713320733682,2026-02-20,-9.557337156673276,-8.376713403674808,2026-02-26,-9.606389283926184,-8.374106616128115,2026-02-23,-9.706234749382576,-8.43601970059007,2026-02-27
2026-02-20,True,7,0,468.6199951171875,76.62000274658203,463.25,73.11000061035156,6.615184836490277e-05,0.01122656961843024,0.0005398621889890526,0.0466318921728307,0.0003230505052696657,0.0001414817660421448,-0.03540532255440046,0.007997360492791613,0.0001301096232165669,0.0195226903950525,0.029144422376107287,0.0013892595446259957,0.07603743284178677,1.8109340199484252,-0.05651474244673427,-9.623557725769452,-9.385008570645425,,-7.524196656552267,-7.6858508766666125,,0.05651474244673427,,1.704216708279131,3.5133348815990053,3.007166628551692,0.03746045177868229,-9.606389283926184,-8.374106616128115,2026-02-23,-9.706234749382576,-8.43601970059007,2026-02-27,-10.07125849381628,-7.424922796240577,2026-02-24,-9.744559382047436,-8.440743295841022,2026-03-02
2026-02-23,True,7,0,481.2799987792969,80.56999969482422,474.6499938964844,78.4000015258789,6.729737786725549e-05,0.013933870614101427,0.0002520735266978263,0.027116237912261754,0.00011358154826252455,0.0001028946781512786,-0.013182367298160325,0.012785482401095529,0.00023076593809597898,0.026657023717321593,0.02296577169979805,0.0007795001964650712,0.050268192882089835,1.7873228507836576,-0.023611169164768242,-9.606389283926184,-9.329863917850998,,-8.28578974039978,-7.712186990623943,,0.023611169164768242,,0.7089428945362174,3.5956670723917576,2.9491646457307357,0.039543246581591696,-10.07125849381628,-7.424922796240577,2026-02-24,-9.744559382047436,-8.440743295841022,2026-03-02,-9.43093130778172,-9.362795437187613,2026-02-25,-8.57354367969333,-7.62111479021022,2026-03-03
2026-02-24,True,7,0,474.6099853515625,79.08000183105469,470.0849914550781,78.2300033569336,4.22773746265256e-05,0.009516662830725192,0.00029332785683257534,0.010553778380049752,0.00015064174367781236,9.248174389064427e-05,-0.0010371155493245597,-0.023535707546098215,0.0005962069043219901,-0.013955835494471103,-0.029473119393328875,0.001161992623605994,-0.01866634654451893,1.7920333618337054,0.0047105110500478276,-10.07125849381628,-9.52872027033642,,-8.134219609223363,-8.04820427262837,,0.0047105110500478276,,0.1387316991823786,3.6496187401606335,3.0449985257508563,0.057253794688075565,-9.43093130778172,-9.362795437187613,2026-02-25,-8.57354367969333,-7.62111479021022,2026-03-03,-9.235937916804279,-9.134457638786042,2026-02-26,-8.632976620151215,-7.565332931992642,2026-03-04
2026-02-25,True,7,0,473.4200134277344,80.04000091552734,475.739990234375,81.77999877929688,8.020447009643883e-05,-0.00481288285265559,0.00048354682618266325,-0.021132690430172685,0.00022163920678499525,0.00017105604474705342,0.016319807577517095,0.0023780826945496965,8.585974739855558e-05,-0.0025104111690774644,0.033572678552949764,0.0016106715714023561,0.012066499697029442,1.7774564509675987,-0.014576910866106907,-9.43093130778172,-9.572118130938444,,-7.634362399399177,-7.999936619079984,,0.014576910866106907,,0.4379832697678547,3.6256733782101436,2.972975247406338,0.03250262375974078,-9.235937916804279,-9.134457638786042,2026-02-26,-8.632976620151215,-7.565332931992642,2026-03-04,-10.967059185418291,-9.65908602615615,2026-02-27,-8.650376213275257,-7.572135881067344,2026-03-05
2026-02-26,True,7,0,477.4800109863281,80.44999694824219,474.95001220703125,78.76000213623047,9.747272947219239e-05,0.005291772240638414,0.0007815587656611454,0.021044093595518495,0.00035873073315072744,0.0002601503809913052,-0.015752321354880083,0.00322658891640568,0.00010788360550766436,0.008539325114314877,-0.016121240259688852,0.0010414531531717582,0.005109314350890237,1.7808864617310227,0.00343001076342464,-9.235937916804279,-9.557337156673276,,-7.1542202149462675,-7.662620784379294,,0.00343001076342464,,0.10044971529420883,3.5542045507873348,2.886475304637442,0.0382527925631404,-10.967059185418291,-9.65908602615615,2026-02-27,-8.650376213275257,-7.572135881067344,2026-03-05,-9.792879871356227,-8.39650327079282,2026-03-02,-8.505808754855645,-7.523476520183329,2026-03-06
2026-02-27,True,7,0,483.75,84.98999786376953,480.75,83.25,1.726103022647869e-05,0.0062001676390557505,0.00029207527208338353,0.020567845328742614,0.00025674489935953877,2.629570147516175e-05,-0.014367677689686862,0.00682508723307105,6.384284596550812e-05,0.013045947108173195,0.034212293355757935,0.001462556288743822,0.054897741870658656,1.7390346669685373,-0.04185179476248546,-10.967059185418291,-9.706234749382576,,-8.138499007808356,-7.774026960430501,,0.04185179476248546,,1.254699052753057,3.4986265269937014,2.924773139566078,0.0317760492762611,-9.792879871356227,-8.39650327079282,2026-03-02,-8.505808754855645,-7.523476520183329,2026-03-06,-7.27243109773943,-6.231380358005183,2026-03-03,-8.487749154022248,-7.530474660959003,2026-03-09
2026-03-02,True,7,0,490.0,81.56999969482422,490.0950012207031,81.16999816894531,5.584783088915815e-05,-0.00023465598749153934,0.0010835957735024165,0.004793217557570846,0.0008607331732109411,0.0001393552155903169,-0.005027873545062386,0.013031008010625468,0.00022565500066214328,0.012837146760680263,-0.045987879160639115,0.003198480803195962,-0.04107203380424007,1.792943847533458,0.053909180564920334,-9.792879871356227,-9.744559382047436,,-6.827470348183222,-7.440790897380026,,0.053909180564920334,,1.6020351889777023,3.503453082366503,2.988707689349733,0.017956172319619768,-7.27243109773943,-6.231380358005183,2026-03-03,-8.487749154022248,-7.530474660959003,2026-03-09,-10.570391243849782,-8.39317385815309,2026-03-04,-9.471013225399249,-8.522406294487894,2026-03-10
2026-03-03,True,7,0,468.1400146484375,74.68000030517578,472.8299865722656,74.20999908447266,0.0006944217328926559,-0.00979761391762127,0.0016832581941518174,0.00684891061255859,0.0004759762040733384,0.0009508518614855674,-0.01664652453017986,-0.03566950364776476,0.0019667352233705593,-0.04563796333219461,-0.09456264392615295,0.010625351820456208,-0.08824922081124598,1.8355551050125096,0.04261125747905137,-7.27243109773943,-8.57354367969333,,-6.387023962496779,-7.053004236264361,,0.04261125747905137,,1.250329586023421,3.5504790843779097,3.065258361112005,-0.013725955518103738,-10.570391243849782,-8.39317385815309,2026-03-04,-9.471013225399249,-8.522406294487894,2026-03-10,-9.407456696005019,-9.312149309810236,2026-03-05,-9.463915656608117,-8.727968792029696,2026-03-11
2026-03-04,True,7,0,471.79998779296875,75.33999633789062,474.82000732421875,76.33999633789062,2.5664772047105947e-05,-0.006486616024115521,0.0001629349653540443,-0.013317196567034258,0.00011482748461232622,3.6886126394412005e-05,0.006830580542918737,0.014168372500297463,0.00022640755135429133,0.0077877133277795,0.02198467658607247,0.0006462609699482474,0.008798830896155962,1.8345439874441327,-0.0010111175683764628,-10.570391243849782,-8.632976620151215,,-8.722159422331437,-7.130043453547168,,0.0010111175683764628,,0.02818251891065288,3.657646751682838,3.159974704000404,-0.0034278310212467744,-9.407456696005019,-9.312149309810236,2026-03-05,-9.463915656608117,-8.727968792029696,2026-03-11,-8.782424912349443,-8.557299133291231,2026-03-06,-9.530231474367547,-8.76126950851663,2026-03-12
2026-03-05,True,7,0,466.1300048828125,74.2699966430664,470.45001220703125,74.94000244140625,8.210951146654129e-05,-0.009053551335761915,0.00025205166723189586,-0.009115348427846587,8.931519864062045e-05,0.00012242299002890834,6.179709208467294e-05,-0.00286543169991894,9.032021029344164e-05,-0.012090565447196333,-0.005323327712437377,0.0002803894851658996,-0.014304097173972075,1.8367575191709085,0.0022135317267757415,-9.407456696005019,-8.650376213275257,-8.601511722548576,-8.285876462770362,-7.271910740262578,-6.785759908426986,0.0022135317267757415,,0.06616416537250619,3.5967641652061304,3.051639887455893,-0.024057721582757985,-8.782424912349443,-8.557299133291231,2026-03-06,-9.530231474367547,-8.76126950851663,2026-03-12,-9.507666882804893,-8.48367512158952,2026-03-09,-9.716645233843085,-8.859838067158737,2026-03-13
2026-03-06,True,7,0,473.510009765625,75.94000244140625,469.0400085449219,75.08999633789062,0.00015340563857859597,0.009506056307211722,0.00047928043987008903,0.011387843518448366,0.00017927287316404624,0.0002267066026423194,-0.0018817872112366438,0.006223495220795027,0.00019213753134185451,0.015708476698148566,0.010980288860037856,0.0005998471833199605,0.022236530470650884,1.830229465398406,-0.006528053772502318,-8.782424912349443,-8.505808754855645,-8.614395854311407,-7.643224662416348,-7.219423795789641,-6.8590503094859026,0.006528053772502318,0.2822829541976009,0.18876774632045573,3.564166209940295,3.1675825304806504,-0.021395191992782614,-9.507666882804893,-8.48367512158952,2026-03-09,-9.716645233843085,-8.859838067158737,2026-03-13,-9.907366833114583,-8.183876131720098,2026-03-10,-9.8280527005743,-9.121538737051546,2026-03-16
2026-03-09,True,7,0,472.5299987792969,78.26000213623047,468.0899963378906,76.43000030517578,7.428014400490946e-05,0.009271369768671114,0.000802606430298869,0.023150091685718695,0.0004000129881514359,0.00023843679307617135,-0.01387872191704758,-0.01151247505352412,0.00020681722586292464,-0.0020718179527898783,0.00643170629486921,0.0008439732761623293,0.030093057126044265,1.7980645903195716,-0.03216487507883414,-9.507666882804893,-8.487749154022248,-8.66980994572978,-7.12764608832843,-7.299278519098502,-6.9059393737600185,0.03216487507883414,1.474885062938897,0.941088838545585,3.5339784928959737,3.3840512150658477,-0.036304156706252755,-9.907366833114583,-8.183876131720098,2026-03-10,-9.8280527005743,-9.121538737051546,2026-03-16,-10.468806167855544,-10.088302859491785,2026-03-11,-9.975409790085614,-9.789397864514978,2026-03-17
2026-03-10,True,7,0,477.8599853515625,80.08999633789062,479.739990234375,80.88999938964844,4.980641170550559e-05,-0.00419852778276477,0.00024480155106626836,-0.009939242873746259,8.470162519894237e-05,0.0001049531687864158,0.005740715090981488,0.015143035726386521,0.00027911794271612414,0.011216537509720403,0.03305355540556238,0.0013373390760148503,0.02311431253181606,1.786166815297476,-0.011897775022095658,-9.907366833114583,-9.471013225399249,-8.687645223890982,-8.315062671291159,-7.853642161077364,-6.998101043565847,0.011897775022095658,0.5564481782680343,0.3541317445146996,3.5121422756138823,3.2386784521643803,0.020550344135662257,-10.468806167855544,-10.088302859491785,2026-03-11,-9.975409790085614,-9.789397864514978,2026-03-17,-9.768730986096164,-9.659878797263705,2026-03-12,-9.788369276720166,-8.431009247294716,2026-03-18
2026-03-11,True,7,0,476.239990234375,77.91000366210938,476.1300048828125,78.02999877929688,2.840895436767601e-05,0.000273007657830694,0.00016817132102704696,-0.00166738002028222,0.00010560369109827904,4.5488292148221964e-05,0.001940387678112913,-0.0036268354653536815,4.156288986042326e-05,-0.0033958635686852645,-0.02605760412601659,0.0008471700538152439,-0.027596595263541523,1.8103675469923328,0.02420073169485626,-10.468806167855544,-9.463915656608117,-8.713149824385175,-8.69052733015306,-7.850948967091595,-7.053392806581806,0.02420073169485626,1.2106850236779108,0.6978949628433398,3.4691675081014224,3.2160719097767734,0.009366767239197493,-9.768730986096164,-9.659878797263705,2026-03-12,-9.788369276720166,-8.431009247294716,2026-03-18,-9.297523995837638,-9.039754456242845,2026-03-13,-9.714145942578405,-7.062408822704236,2026-03-19
2026-03-12,True,7,0,466.8800048828125,76.4800033569336,475.0199890136719,78.52999877929688,5.7212909979856096e-05,-0.017070431557571902,0.00023233336050253748,-0.026189961009875376,9.436125354592528e-05,9.759250846823415e-05,0.009119529452303472,-0.002565023056195466,6.379225325867043e-05,-0.01984963254664507,0.007926340495243775,0.0002951602341490788,-0.0185250487110169,1.8090429631567044,-0.001324583835628168,-9.768730986096164,-9.530231474367547,-8.722820816270247,-8.367337318931247,-7.861128597993278,-7.075216983880444,0.001324583835628168,0.06841196536869698,0.04244334580740078,3.4236109764990554,3.1875915159360004,0.0016077001397487578,-9.297523995837638,-9.039754456242845,2026-03-13,-9.714145942578405,-7.062408822704236,2026-03-19,-10.06579265949868,-10.045998934352331,2026-03-16,-8.614782605734105,-6.932667028445287,2026-03-20
2026-03-13,True,7,0,460.8399963378906,72.69000244140625,469.30999755859375,76.06999969482422,9.165087872983306e-05,-0.018299442812064512,0.001012148691791901,-0.04572534556573392,0.000566829111638101,0.0002684852294418164,0.027425902753669407,0.005191249909982308,0.00011859995435772438,-0.01302137256955227,-0.005375347638670983,0.0010410430540284666,-0.05082545555301188,1.846847046140164,0.03780408298345961,-9.297523995837638,-9.716645233843085,-8.738412102265478,-6.895679790261696,-7.6170069008534655,-7.072276572891675,0.03780408298345961,1.9769741267783885,1.0990322524674663,3.4368862240706624,3.3065203682683353,-0.027122149127952078,-10.06579265949868,-10.045998934352331,2026-03-16,-8.614782605734105,-6.932667028445287,2026-03-20,-11.260690541797521,-11.258346801152735,2026-03-17,-7.903748041007254,-6.688895370768631,2026-03-23
2026-03-16,True,7,0,460.42999267578125,73.22000122070312,461.2650146484375,73.26000213623047,4.250908842936783e-05,-0.0017684482297966962,0.00022543106780765403,-0.00040956759630432493,0.00014641672593972672,6.076171514864756e-05,-0.0013588806334923712,0.0009218436850060715,4.33588842089534e-05,-0.0008900836759426767,0.007810929427150423,0.00028644168632357844,0.007264767280713791,1.8386921951835076,-0.008154850956656468,-10.06579265949868,-9.8280527005743,-8.747449497154362,-8.39749613175013,-7.8843874894077555,-7.095496145724255,0.008154850956656468,0.42293139749794095,0.2283888935067454,3.475376779836407,3.3028492782860717,-0.025940414851104876,-11.260690541797521,-11.258346801152735,2026-03-17,-7.903748041007254,-6.688895370768631,2026-03-23,-9.481366283642535,-7.068679553308752,2026-03-18,-7.819841413247567,-6.649369301113378,2026-03-24
2026-03-17,True,7,0,459.2699890136719,71.66000366210938,460.510009765625,73.16000366210938,1.2868983240135999e-05,-0.0026310274380136013,0.0001841322372804466,-0.020576649121417958,0.00013587301237409047,3.0564104073246095e-05,0.017945621683404356,0.00017377264497796697,1.2899180172278638e-05,-0.00252257105649889,-0.0008197507849736906,0.00018480422862991158,-0.021535861383045862,1.8577054855100543,0.019013290326546972,-11.260690541797521,-9.975409790085614,-9.260405885185037,-8.599856377610728,-7.917139476263136,-7.607311397511885,0.019013290326546972,1.0007571455227113,0.557144526087885,3.4196919642983197,3.157425872287488,-0.03967952341732417,-9.481366283642535,-7.068679553308752,2026-03-18,-7.819841413247567,-6.649369301113378,2026-03-24,-9.448282871403636,-5.72684278975394,2026-03-19,-7.81153628417627,-6.550661118831179,2026-03-25
2026-03-18,True,7,0,444.739990234375,68.69999694824219,446.6600036621094,69.51000213623047,7.625967359968703e-05,-0.004105530472264121,0.0002188426507314128,-0.011430362405668668,6.78595737489309e-05,0.00011362137529108445,0.007324831933404547,-0.0278405614996119,0.0008513565382133595,-0.0321484286975835,-0.03046210513565977,0.0011467825000274023,-0.04218360817396949,1.86774066498644,0.010035179476385991,-9.481366283642535,-9.788369276720166,-9.244868910996075,-8.42715757619618,-7.889711562526809,-7.615849296356061,0.010035179476385991,0.636349173109826,0.30416826532521407,3.331489969237335,3.107720813018059,-0.0684320885462224,-9.448282871403636,-5.72684278975394,2026-03-19,-7.81153628417627,-6.550661118831179,2026-03-25,-7.2693585033623895,-7.247404283061412,2026-03-20,-7.7468592053978975,-7.022781221547964,2026-03-26
2026-03-19,True,7,0,426.4100036621094,65.68000030517578,420.3599853515625,61.900001525878906,7.88248014502839e-05,0.014418839521217404,0.0005934401734862244,0.059137187152185924,0.00038452838533454924,0.00014386829480097948,-0.04471834763096852,-0.05637836764319945,0.003257345139562043,-0.04208848647076113,-0.1042289504655321,0.011457114288632568,-0.044954685016215024,1.8706068635318946,0.0028661985454538907,-9.448282871403636,-9.714145942578405,-9.265529871565397,-7.429574151883078,-7.713401808991415,-7.647557086643498,0.0028661985454538907,0.18443873103656958,0.10206877807029464,3.3816747151732915,3.222469366459953,-0.09067094247033847,-7.2693585033623895,-7.247404283061412,2026-03-20,-7.7468592053978975,-7.022781221547964,2026-03-26,-6.925643577221238,-6.57869369188829,2026-03-23,-7.826558197461602,-7.020766842953461,2026-03-27
2026-03-20,True,7,0,413.3800048828125,61.52000045776367,428.0899963378906,64.68000030517578,0.0006965586905252177,-0.034555048675029926,0.0022315856923764105,-0.05025230349457563,0.0005757946961763172,0.0011761748433626554,0.015697254819545706,0.003932111972807164,0.0007120201950919112,-0.031034054726858606,-0.015342430363429914,0.0024669758618331068,-0.06543213715229612,1.9050049459573317,0.034398082425437515,-7.2693585033623895,-8.614782605734105,-9.01194328778727,-6.105042873388069,-7.277824723867564,-7.4871138388888365,0.034398082425437515,2.2137032923609765,1.0225337766991462,3.435598808379488,3.180550688349624,-0.1086836246276448,-6.925643577221238,-6.57869369188829,2026-03-23,-7.826558197461602,-7.020766842953461,2026-03-27,-8.65351140371003,-8.240292044370513,2026-03-24,-8.36427332843264,-7.304300358910319,2026-03-30
2026-03-23,True,7,0,404.0400085449219,62.470001220703125,405.1199951171875,61.29999923706055,0.0009822707476026804,-0.00267438841700637,0.002512437003056514,0.018586418292220484,0.0004794480414692349,0.0015076298545949795,-0.021260806709226854,-0.020183971132611587,0.0013896634382847782,-0.02285337448592628,-0.003582502142109129,0.0025252713246547306,0.015324128407828042,1.866827443063578,-0.03817750289375432,-6.925643577221238,-7.903748041007254,-8.725457758540157,-5.986502079321629,-6.7696577197190395,-7.308945741692946,0.03817750289375432,2.3633707141019715,1.0645145415336847,3.5624655292582776,3.2876553659032615,-0.1306469154376284,-8.65351140371003,-8.240292044370513,2026-03-24,-8.36427332843264,-7.304300358910319,2026-03-30,-9.28281025088016,-6.487062565351967,2026-03-25,-8.367098749349882,-7.280560321515624,2026-03-31
2026-03-24,True,7,0,404.1300048828125,62.95000076293945,400.239990234375,61.619998931884766,0.00017451298548388844,0.009795735873609171,0.0005703497446359788,0.02175132217414187,0.0003004763939041126,0.00022219316810787731,-0.0119555863005327,-0.009449561329159485,0.0002638071947974348,0.00022271635118187305,-0.013699985211491326,0.0007580393394310598,0.007654311564016858,1.8593958478507429,-0.007431595212834985,-8.65351140371003,-7.819841413247567,-8.695578848413483,-7.469260798222599,-6.704544224265197,-7.306878050592275,0.007431595212834985,0.44319049863374216,0.1957731371958975,3.769537357131391,3.263849175923179,-0.12790162802994764,-9.28281025088016,-6.487062565351967,2026-03-25,-8.367098749349882,-7.280560321515624,2026-03-31,-8.448899668782364,-7.473022891425603,2026-03-26,-8.361885877897869,-7.757050251378491,2026-04-01
2026-03-25,True,7,0,416.2900085449219,65.20999908447266,419.7049865722656,66.04000091552734,9.300937616818604e-05,-0.008181920905709779,0.0001929813753347463,-0.012187887906521588,4.522029169536807e-05,0.00012038522990378214,0.00400596700081181,0.037815431085830964,0.0015230162043754168,0.029645532839316147,0.047919860305026624,0.002489294386988013,0.03527204475530876,1.85376933593475,-0.005626511915992616,-9.28281025088016,-7.81153628417627,-8.688618311793357,-8.552916874572132,-6.708774266594231,-7.31088962404823,0.005626511915992616,0.3361565004950004,0.14759748818946342,3.735285826928092,3.2939833256644473,-0.066107666493048,-8.448899668782364,-7.473022891425603,2026-03-26,-8.361885877897869,-7.757050251378491,2026-04-01,-7.540648886080744,-7.234862052182447,2026-03-27,-8.32957915883746,-7.377056460229277,2026-04-02
2026-03-26,True,7,0,400.6400146484375,60.77000045776367,408.5299987792969,62.099998474121094,0.00021413590620735732,-0.019502042993690565,0.0007187117147330022,-0.02140291887064457,0.00026784731305442357,0.00033250015394296797,0.0019008758769540092,-0.018816805272221016,0.000568208066860042,-0.03831884826591203,-0.048866852997319826,0.003106681036594668,-0.07051656368544545,1.8859670513542837,0.032197715419533424,-8.448899668782364,-7.7468592053978975,-8.643298390969528,-7.238050233729854,-6.68844859421343,-7.2823644398657486,0.032197715419533424,1.9344133585312813,0.9416738613721081,3.654546775033431,3.2319894610015845,-0.0623380282881989,-7.540648886080744,-7.234862052182447,2026-03-27,-8.32957915883746,-7.377056460229277,2026-04-02,-8.78821212149138,-8.155465620652627,2026-03-30,-8.848860166150674,-7.621030056502179,2026-04-06
2026-03-27,True,7,0,414.70001220703125,63.439998626708984,406.20001220703125,61.43000030517578,0.0005310529171272542,0.020685359059682603,0.0018429685439831647,0.0320386203133291,0.00040277166688665946,0.0009856248971118796,-0.011353261253646503,0.013782374163787426,0.0007210067547178894,0.03449209165387579,0.010802066463709861,0.0019596531838695697,0.042998301999519484,1.877460841008639,-0.008506210345643694,-7.540648886080744,-7.826558197461602,-8.533335111720511,-6.2963776682734425,-6.752899410988214,-7.196304597930929,0.008506210345643694,0.5062025092614949,0.21379400301334914,3.808216836702557,3.3120018223204255,0.003188118092535497,-8.78821212149138,-8.155465620652627,2026-03-30,-8.848860166150674,-7.621030056502179,2026-04-06,-8.67252996035256,-7.97311184244848,2026-03-31,-9.00948010195982,-7.724485072196498,2026-04-07
2026-03-30,True,7,0,414.5799865722656,63.52000045776367,419.5400085449219,64.45999908447266,0.0001525204120308246,-0.011868822093675095,0.0002922339341395146,-0.014376779875430117,6.98827911063838e-05,0.0001874357775319777,0.0025079577817550235,0.011603496649855254,0.00028716154653402666,-0.00028946950554864515,0.01595030650475305,0.000546646211735082,0.001260268465979486,1.875911103037112,-0.0015497379715281312,-8.78821212149138,-8.36427332843264,-8.5207008367556,-8.137955932127394,-7.231480418565725,-7.226435798037278,0.0015497379715281312,0.09090871789964251,0.021481201760426838,3.8179320820285505,3.4355987838081687,0.025752023072913133,-8.67252996035256,-7.97311184244848,2026-03-31,-9.00948010195982,-7.724485072196498,2026-04-07,-9.21956018859909,-8.432849468563228,2026-04-01,-9.123929603577354,-7.675102207174666,2026-04-08
2026-03-31,True,7,0,430.2900085449219,68.13999938964844,420.07501220703125,65.83999633789062,0.0001712253624028469,0.023921506701540446,0.0005122674201442474,0.034777057767101584,0.00011111277940598579,0.00028619000157055426,-0.01085555106556114,0.0131673686405769,0.00034460495931969485,0.03719349265015026,0.03587267660198025,0.0017991163467345086,0.07020957913001613,1.8428950165572457,-0.03301608647986587,-8.67252996035256,-8.367098749349882,-8.486188451610966,-7.576663764309297,-7.24766778983264,-7.212764546260562,0.03301608647986587,1.9820380040519483,0.9287610143633096,3.754433084853375,3.421326772896934,0.06272279937188152,-9.21956018859909,-8.432849468563228,2026-04-01,-9.123929603577354,-7.675102207174666,2026-04-08,-8.284151351425416,-6.465108650590409,2026-04-02,-9.254790238486875,-7.749088835257323,2026-04-09
2026-04-01,True,7,0,437.82000732421875,68.13999938964844,435.0,67.95999908447266,9.908225555651162e-05,0.0063476021156683715,0.0002428878149150811,0.002351612782077437,6.942137853358562e-05,0.00013627434596900356,0.003995989333590934,0.010886611255934512,0.00021760056019435166,0.017348463901670108,-0.0026451199433343625,0.00024988447442970626,0.0,1.8602434804589154,0.017348463901670108,-9.21956018859909,-8.361885877897869,-8.476707510840212,-8.32291088824088,-7.233743228502273,-7.265999245796406,0.017348463901670108,1.054121287847121,0.5024378956812939,3.660737148167656,3.228826155721369,0.05042573043423548,-8.284151351425416,-6.465108650590409,2026-04-02,-9.254790238486875,-7.749088835257323,2026-04-09,-10.068093025132317,-10.031437729978096,2026-04-06,-9.861133499527167,-8.969274540713387,2026-04-10
2026-04-02,True,7,0,429.4100036621094,65.79000091552734,422.2900085449219,63.54999923706055,0.0002524868596923473,0.016323878262158555,0.0005831392197636921,0.034792899080446416,0.00012896293535904414,0.00035333157204849757,-0.018469020818287864,-0.036115581688617726,0.0015568221003995674,-0.019395701723403214,-0.06973741764538227,0.005446446639610167,-0.03509653826169323,1.875944316997205,0.01570083653829002,-8.284151351425416,-8.32957915883746,-8.578136418431601,-7.44708460121314,-7.272031343252529,-7.340236348041447,0.01570083653829002,1.0244520660309206,0.4665653263619149,3.5865698352893665,3.2003044765903175,0.0693488769767443,-10.068093025132317,-10.031437729978096,2026-04-06,-9.861133499527167,-8.969274540713387,2026-04-10,-9.98641097975106,-9.979308839657596,2026-04-07,-9.719108374593997,-8.868592688259655,2026-04-13
2026-04-06,True,7,0,427.6499938964844,66.08999633789062,428.8699951171875,65.8499984741211,4.2411414369324854e-05,-0.0027785960515851957,9.084608558584512e-05,0.0037893187559905374,5.9871920735653915e-05,3.669278960975803e-05,-0.006567914807575733,-0.0012583506942865832,4.399486083913638e-05,-0.004107092256447231,0.0009115400034380345,9.167699076371294e-05,0.004549529057604751,1.8672876956831543,-0.008656621314051982,-10.068093025132317,-8.848860166150674,-8.574099356205485,-9.306343850612315,-7.974070106602237,-7.345298889478399,0.008656621314051982,0.5848061148807879,0.2237400159371996,3.6336309798834576,3.1726224755092383,0.03074969306642128,-9.98641097975106,-9.979308839657596,2026-04-07,-9.719108374593997,-8.868592688259655,2026-04-13,-9.16035636525927,-7.692033766085193,2026-04-08,-9.695685581114395,-8.749769428067186,2026-04-14
2026-04-07,True,7,0,431.80999755859375,65.94000244140625,427.8949890136719,65.27999877929688,4.602108118844828e-05,0.009073156970129951,0.0004944391811408413,0.01051441978233689,0.0003145626739497224,0.00011294879418978363,-0.0014412628122069393,0.0005727229515178601,4.634909276764361e-05,0.009680581273932454,-0.01233170211505957,0.000646510058195406,-0.0022721194031678493,1.8792403963602546,0.011952700677100303,-9.98641097975106,-9.00948010195982,-8.582819457281362,-7.612086405080556,-7.863005302977183,-7.328377704649532,0.011952700677100303,0.8121182878402231,0.3639353870513353,3.6119984097779785,3.185112197871947,0.04071974384590238,-9.16035636525927,-7.692033766085193,2026-04-08,-9.695685581114395,-8.749769428067186,2026-04-14,-10.34301651778335,-9.863094191276835,2026-04-09,-9.885745729822924,-9.402287142892982,2026-04-15
2026-04-08,True,7,0,434.5299987792969,67.47000122070312,439.9800109863281,69.72799682617188,0.00010512542832342262,-0.012510314428465535,0.0005480087683154669,-0.03277060582008388,0.00019182617987726898,0.00023065400838081032,0.02026029139161834,0.01874362527532381,0.00045644891678518014,0.006279313363379835,0.05585663857669253,0.0036679728414027225,0.02293779806361851,1.862581911660015,-0.016658484700238674,-9.16035636525927,-9.123929603577354,-8.594605674264022,-7.509219270568597,-7.844595171181253,-7.323631395270475,0.016658484700238674,1.1060133112182653,0.45055964048325353,3.6224725219163374,3.249599024145855,0.009805564559131952,-10.34301651778335,-9.863094191276835,2026-04-09,-9.885745729822924,-9.402287142892982,2026-04-15,-10.258990916531644,-10.19254334127643,2026-04-10,-9.927818281711652,-9.440980446815239,2026-04-16
2026-04-09,True,7,0,437.9100036621094,68.38999938964844,436.4700012207031,67.61499786376953,3.2216992803906446e-05,0.0031567527158047476,0.00021417337439523038,0.011543026605384879,0.00010276038228933948,7.181499245489866e-05,-0.008386273889580133,0.004454662800288987,5.2061013468184963e-05,0.007748433781413766,0.0021467475994250335,0.00021878189965086753,0.01354353345356607,1.8567868119878637,-0.005795099672152304,-10.34301651778335,-9.254790238486875,-8.604988644890893,-8.448724710220104,-7.859358922238034,-7.365016372910335,0.005795099672152304,0.3842733536957859,0.1469722715434873,3.5325179989895132,3.0464254313831653,0.00020553443887560974,-10.258990916531644,-10.19254334127643,2026-04-10,-9.927818281711652,-9.440980446815239,2026-04-16,-9.406192371269439,-9.10242787499806,2026-04-13,-9.977088596323687,-9.131408281838922,2026-04-17
2026-04-10,True,7,0,437.1300048828125,69.08000183105469,438.5899963378906,69.0999984741211,3.504102932788832e-05,-0.003242861374618647,8.207581808655006e-05,2.671474153004283e-16,1.3415815677018904e-05,5.1850515868709735e-05,-0.003242861374618914,0.0015516093832385405,3.744852100604221e-05,-0.001782773309261465,0.010328102506008666,0.00018874551946117255,0.010038673599337855,1.8449653650792637,-0.01182144690859932,-10.258990916531644,-9.861133499527167,-8.60865908282341,-9.40786712707771,-8.15983821948221,-7.376769928830453,0.01182144690859932,0.8082577664043797,0.32009167580672965,3.4550540544528663,2.969901501775917,0.01781846285301736,-9.406192371269439,-9.10242787499806,2026-04-13,-9.977088596323687,-9.131408281838922,2026-04-17,-9.84247704920568,-8.909229971881755,2026-04-14,-10.300572558672597,-9.235930889746545,2026-04-20
2026-04-13,True,7,0,435.3599853515625,68.27999877929688,434.7749938964844,67.16999816894531,8.221339020730795e-05,0.0012986847190496996,0.00035358676560353963,0.01668311923964448,0.00012676589322744016,0.00015451713129170373,-0.015384434520594785,-0.00540200300845932,0.0001113950267107115,-0.004057403475821175,-0.02803858776600452,0.001139749169515478,-0.011648399736431614,1.8525563613398741,0.007590996260610439,-9.406192371269439,-9.719108374593997,-8.595348563845244,-7.9473816554930155,-7.991114150252719,-7.363388431712487,0.007590996260610439,0.5229888333687593,0.22974746760603632,3.4164143474670157,2.956471535796025,0.017868151633643414,-9.84247704920568,-8.909229971881755,2026-04-14,-10.300572558672597,-9.235930889746545,2026-04-20,-9.866999035916011,-9.476456843086401,2026-04-15,-9.830821942433388,-9.077933190447434,2026-04-21
2026-04-14,True,7,0,445.0899963378906,72.04000091552734,439.32000732421875,70.33200073242188,5.314550391121767e-05,0.012913599289408358,0.00037317588741150637,0.023993258554651974,0.00020035548689276405,0.00011298295221497997,-0.011079659265243616,0.009054852203649877,0.0001351358523411607,0.022103259292038047,0.029610017647732887,0.0012499290325105592,0.053604652968014754,1.8210549676638976,-0.03150139367597671,-9.84247704920568,-9.695685581114395,-8.596348620131506,-7.893460701444163,-8.06546771076971,-7.353342117994482,0.03150139367597671,2.1653803575971855,0.8903233908902752,3.4011973816621555,2.9507349515162145,0.030290829651749007,-9.866999035916011,-9.476456843086401,2026-04-15,-9.830821942433388,-9.077933190447434,2026-04-21,-10.736693618626484,-10.220990806406169,2026-04-16,-9.942583391173722,-8.795445590866018,2026-04-22
2026-04-15,True,7,0,440.4599914550781,71.83999633789062,442.8800048828125,71.91999816894531,5.1858119690979855e-05,-0.005501904743673758,0.00029581554679980156,-0.0012521231255477328,0.00014606126886969908,0.0001008061988105412,-0.004249781618126025,-0.004977636665863595,7.66349864683295e-05,-0.010456884729500793,-0.0016671683125914708,0.0002985949969823107,-0.002780159998319931,1.8133782429327168,-0.007676724731180862,-9.866999035916011,-9.885745729822924,-8.606185615498791,-8.12577445058393,-8.240450188794252,-7.405520350665537,0.007676724731180862,0.5217860400388061,0.22395127727420738,3.435276695315018,2.910174418435893,0.01355463155886838,-10.736693618626484,-10.220990806406169,2026-04-16,-9.942583391173722,-8.795445590866018,2026-04-22,-10.666590488371263,-8.614247548993317,2026-04-17,-9.889874608835004,-8.78585790805754,2026-04-23
2026-04-16,True,7,0,440.0799865722656,71.23999786376953,442.1499938964844,71.91999816894531,2.1732676107130495e-05,-0.004510871721355196,0.00011195656430776096,-0.009499936268691028,4.4241073196109525e-05,4.472408360939097e-05,0.0049890645473358326,0.0038295612668201424,3.639821560345959e-05,-0.0008631178955775809,0.001112991685728066,0.00011319531480026076,-0.008386944582962741,1.820902069620102,0.00752382668738516,-10.736693618626484,-9.927818281711652,-8.611360372937837,-9.097399580570999,-8.32112441036683,-7.414041560847385,0.00752382668738516,0.535603547886449,0.20654645495667578,3.4001968813285717,2.899771886606976,0.004943079881877033,-10.666590488371263,-8.614247548993317,2026-04-17,-9.889874608835004,-8.78585790805754,2026-04-23,-10.923914975998567,-9.760310878185537,2026-04-20,-9.827216587728286,-8.990298746647296,2026-04-24
2026-04-17,True,7,0,445.92999267578125,73.62999725341797,445.6499938964844,73.88999938964844,2.3310876858164073e-05,0.0005159915914136545,0.00027545132678779546,-0.0035249784621449575,0.00015273350870823382,7.301434746886285e-05,0.004040970053558612,0.012577378825794102,0.0001815013349856979,0.013205474549607743,0.0365230641052136,0.0016093855384213377,0.03299808564306872,1.8011094585266405,-0.019792611093460977,-10.666590488371263,-9.977088596323687,-8.608756275203007,-8.197099617256294,-8.173613351677368,-7.407178386073231,0.019792611093460977,1.4258690825660454,0.5701428961664889,3.3551534431607486,2.8870328863997474,0.01993132774074624,-10.923914975998567,-9.760310878185537,2026-04-20,-9.827216587728286,-8.990298746647296,2026-04-24,-8.779084029410363,-8.428471457431522,2026-04-21,-9.847407268196855,-9.042262219680362,2026-04-27
2026-04-20,True,7,0,442.0899963378906,72.1500015258789,443.1300048828125,72.6500015258789,1.8022042318460562e-05,-0.0021690139259753554,2.049348689767811e-05,-0.006628989306671777,1.648103505634379e-05,1.101724707989744e-05,0.004459975380696422,-0.0062987808652448275,5.769668270683494e-05,-0.008648499628928441,-0.013399103058696436,0.0002000294496752463,-0.020305207709556683,1.8127661666072692,0.011656708080628242,-10.923914975998567,-10.300572558672597,-8.623367454906928,-10.795403434609545,-8.443113322610339,-7.422145928551676,0.011656708080628242,0.8380897131948223,0.31986642271219884,3.3655702040190043,2.861057344039536,0.015340231587638975,-8.779084029410363,-8.428471457431522,2026-04-21,-9.847407268196855,-9.042262219680362,2026-04-27,-10.66149185620546,-8.243530819497488,2026-04-22,-10.582128496763891,-8.674785391763713,2026-04-28
2026-04-21,True,7,0,429.57000732421875,68.48999786376953,438.54998779296875,70.98999786376953,0.00015391900593190224,-0.02036325988730342,0.0008291981870774469,-0.035997211105174884,0.00031938826394161215,0.0003318644645338685,0.015633951217871464,-0.008039670413443202,0.00021855530628869623,-0.028728747571709512,-0.016208314409279726,0.0010919076430675116,-0.05205958834916835,1.8360970073847276,0.02333084077745884,-8.779084029410363,-9.830821942433388,-8.604566681770436,-7.095051363756406,-8.090021966921144,-7.404380431470526,0.02333084077745884,1.6876500136759882,0.662426006737903,3.3484995926617063,2.9375734038549357,-0.035491775276108584,-10.66149185620546,-8.243530819497488,2026-04-22,-10.582128496763891,-8.674785391763713,2026-04-28,-10.267487937565145,-10.038345209607414,2026-04-23,-10.429468479811582,-8.702058015460066,2026-04-29
2026-04-22,True,7,0,435.260009765625,70.37000274658203,436.2699890136719,70.55000305175781,2.3430033955696955e-05,-0.002184509763005823,1.2156567650719429e-05,-0.0025546465464495707,2.0432973999711512e-05,7.57681380335244e-06,0.0003701367834437483,0.01547656715143347,0.0002629541647485265,0.013158850718081538,0.029634003536074704,0.0008903307332268076,0.027079356989625047,1.8221765011131847,-0.013920506271543509,-10.66149185620546,-9.942583391173722,-8.78723051354068,-11.317640986836512,-8.294644911063518,-7.585623924800586,0.013920506271543509,1.0148400058858686,0.387321448644514,3.377928754722801,2.970414465569701,-0.011876039828526253,-10.267487937565145,-10.038345209607414,2026-04-23,-10.429468479811582,-8.702058015460066,2026-04-29,-10.134206850019082,-10.12248640810108,2026-04-24,-10.51991833372547,-8.365605650215143,2026-04-30
2026-04-23,True,7,0,431.0400085449219,68.37999725341797,433.9599914550781,68.7699966430664,3.474454635948443e-05,-0.00668183736366299,0.0001628837990397057,-0.005833382419789274,6.994444028940481e-05,6.384195255489264e-05,-0.0008484549438737155,-0.0029912318585484303,4.369201439107952e-05,-0.009742663076259817,-0.022999520491219495,0.0006918617418657311,-0.028686730964336604,1.8411205690012622,0.018944067888076788,-10.267487937565145,-9.889874608835004,-9.118665628725017,-8.722473500710898,-8.25468788500844,-7.821798410563568,0.018944067888076788,1.4842195702000427,0.5509234698721037,3.2991646560970036,2.9402195676561815,-0.020755585009208488,-10.134206850019082,-10.12248640810108,2026-04-24,-10.51991833372547,-8.365605650215143,2026-04-30,-11.279518952607054,-10.55177936934025,2026-04-27,-9.89072947930275,-8.24734866469882,2026-05-01
2026-04-24,True,7,0,433.25,68.79000091552734,431.3349914550781,68.29000091552734,3.9698115098753945e-05,0.004152894599899145,0.00011410975596633498,0.00714963087672211,6.158355483713839e-05,4.611215811397527e-05,-0.0029967362768229654,0.0006841175165350725,4.016613187518406e-05,0.005114015549751549,-0.0013169876652412513,0.00011584421247673259,0.00597805480223812,1.8402565297487747,-0.0008640392524865703,-10.134206850019082,-9.827216587728286,-9.176201014889282,-9.078349801102613,-8.38718141332178,-7.874913422490272,0.0008640392524865703,0.07192910438597412,0.001153247765910483,3.327550841493857,2.9606230687833737,-0.028847044009064682,-11.279518952607054,-10.55177936934025,2026-04-27,-9.89072947930275,-8.24734866469882,2026-05-01,-11.022821929616216,-7.639146888895943,2026-04-28,-9.588365107558488,-8.117137729556802,2026-05-04
2026-04-27,True,7,0,429.8900146484375,68.33000183105469,431.6600036621094,68.30000305175781,1.2628947573255087e-05,-0.004155423776797173,6.201353927940148e-05,0.0005853818421178228,4.06382997171306e-05,1.7002093567762985e-05,-0.0047408056189149955,-0.00367667878110901,2.614691443271232e-05,-0.007785532512715854,-0.007148587588530816,0.0001131158437902983,-0.006709463257024595,1.839180460493083,-0.0010760692556912588,-11.279518952607054,-9.847407268196855,-9.212149772935925,-9.688157821285419,-8.351372148240243,-7.890696663759515,0.0010760692556912588,0.09315365446245755,0.006955129366603136,3.2534704696327,2.9290580913534825,-0.027984076892852094,-11.022821929616216,-7.639146888895943,2026-04-28,-9.588365107558488,-8.117137729556802,2026-05-04,-10.023456866096868,-8.334985187360566,2026-04-29,-9.562508775560236,-8.33004265533008,2026-05-05
2026-04-28,True,7,0,421.9100036621094,66.19999694824219,420.7200012207031,65.79000091552734,1.6324852311422392e-05,0.0030377818534610052,6.461198196714365e-05,0.0062881514352563905,3.177262520737894e-05,2.4582104535593553e-05,-0.0032503695817953857,-0.02156186390044817,0.00048123882717287245,-0.018737366254643284,-0.03788107057610527,0.001499587489959012,-0.03166851874601484,1.8521116129844555,0.012931152491371556,-11.022821929616216,-10.582128496763891,-9.306545020124794,-9.647110685007341,-9.394802673161264,-7.973483290001945,0.012931152491371556,1.1203045454692517,0.39763337959888523,3.2335673736111907,2.891482277583281,-0.017992695575785866,-10.023456866096868,-8.334985187360566,2026-04-29,-9.562508775560236,-8.33004265533008,2026-05-05,-10.725938287545565,-7.885507816767735,2026-04-30,-9.586537512032441,-7.937092004713239,2026-05-06
2026-04-29,True,7,0,417.4100036621094,64.83999633789062,416.04998779296875,64.95500183105469,4.4347382678242936e-05,0.003359389875769706,8.488926454774843e-05,-0.0016178634041902756,5.569373194786587e-05,3.677145763906275e-05,0.0049772532799599815,-0.013986613822216488,0.00023997274889006023,-0.010723068864617602,-0.018985666206617107,0.00044534478585683124,-0.020757776455597288,1.8621463205754347,0.010034707590979686,-10.023456866096868,-10.429468479811582,-9.58569101008072,-9.374162920843062,-9.233591924751511,-8.237426289312161,0.010034707590979686,0.906645956684292,0.3282295231949582,3.2653776585196206,2.880882427596084,-0.04187461515848501,-10.725938287545565,-7.885507816767735,2026-04-30,-9.586537512032441,-7.937092004713239,2026-05-06,-8.753288449767867,-8.588438061090732,2026-05-01,-9.455244730115664,-8.050090943162221,2026-05-07
2026-04-30,True,7,1,423.6600036621094,66.66000366210938,425.3399963378906,66.69999694824219,2.1967679739497956e-05,-0.0038867789738120375,7.45606229799838e-05,-0.0007498376494626466,2.7656378159162507e-05,3.443596228015962e-05,-0.00313694132434939,0.018819879521402526,0.0003761555449396041,0.01486229443655418,0.028282266779782617,0.0008744472371827792,0.027682487428422498,1.849326127583566,-0.012820192991868318,-10.725938287545565,-10.51991833372547,-9.676023459921566,-9.503898032203606,-9.433021118549505,-8.275541793870426,0.012820192991868318,1.2409813989994,0.3183247204274541,3.323956301318708,2.934388614920721,-0.01726965764567101,-8.753288449767867,-8.588438061090732,2026-05-01,-9.455244730115664,-8.050090943162221,2026-05-07,-9.19028510935289,-8.47656216721566,2026-05-04,-9.936142794799464,-8.147276189401966,2026-05-08
2026-05-01,True,7,0,423.17999267578125,68.29000091552734,421.4119873046875,67.58000183105469,0.0001579410888621673,0.004470171343233277,0.0007336347598469472,0.010597702877641814,0.00025584836951456357,0.00031786373959727545,-0.006127531534408537,-0.005320308054425277,0.0001862467666561498,-0.0011336522597229504,0.013706980564040998,0.000921516076029945,0.024158228562734863,1.824034246761109,-0.025291880822457813,-8.753288449767867,-9.89072947930275,-9.685689665411331,-7.2174992555832675,-8.497674752908432,-8.236791822998446,0.025291880822457813,2.4705446431117637,0.6926906715449531,3.2824138456721883,2.826721694682848,-0.02351732545514551,-9.19028510935289,-8.47656216721566,2026-05-04,-9.936142794799464,-8.147276189401966,2026-05-08,-10.584748645783964,-8.541792401298453,2026-05-05,-10.363258904827124,-8.287561135304477,2026-05-11
2026-05-04,True,7,0,414.7099914550781,65.94000244140625,418.8399963378906,66.39399719238281,0.00010202577205869471,-0.00978891344048401,0.0003375256469592542,-0.006709815777038726,0.00014719764094627032,0.0001461768890358393,-0.003079097663445284,-0.010308626464765026,0.0002082935516487486,-0.020218142966322183,-0.028156707712910362,0.0011303258361895201,-0.03501808171121379,1.8388341855060009,0.014799938744891605,-9.19028510935289,-9.588365107558488,-9.683539764516132,-7.993869059548476,-8.258510869062196,-8.22067310479426,0.014799938744891605,1.40233300134513,0.43835142947193056,3.2744997286161976,2.8326249222122786,-0.03594993590875184,-10.584748645783964,-8.541792401298453,2026-05-05,-10.363258904827124,-8.287561135304477,2026-05-11,-10.231990815864114,-7.10573910364978,2026-05-06,-10.088299962397056,-8.317033793203025,2026-05-12
2026-05-05,True,7,1,418.2699890136719,65.91000366210938,420.1499938964844,66.7699966430664,2.5298925188936006e-05,-0.004962875709075253,0.00011246322562297951,-0.012963596966800835,4.5618574457775303e-05,4.6071788177070105e-05,0.008000721257725583,0.013032315672987502,0.00019514017698933167,0.00854767057380812,0.012508552925453251,0.00026892712191184463,-0.00045504404134799614,1.8478369001211563,0.009002714615156115,-10.584748645783964,-9.562508775560236,-9.864769671319833,-9.092884273109101,-8.222232532293134,-8.303536286140458,0.009002714615156115,0.8398071864422363,0.2873607566171436,3.329343277894172,2.9063545124589427,-0.008664899080300437,-10.231990815864114,-7.10573910364978,2026-05-06,-10.088299962397056,-8.317033793203025,2026-05-12,-9.565247086881516,-8.593529567588932,2026-05-07,-10.167002652214062,-9.309834403838352,2026-05-13
2026-05-06,True,7,0,430.9599914550781,70.12999725341797,430.1499938964844,69.55500030517578,3.600002893119743e-05,0.0015795786954231313,9.579539900179166e-05,0.008232812485585897,2.570545905426572e-05,5.304498443936168e-05,-0.006653233790162765,0.02800684013002869,0.0008203831230001829,0.029888127796577457,0.053827580272180646,0.002993203796959843,0.062060392757766536,1.8156646351599677,-0.03217226496118908,-10.231990815864114,-9.586537512032441,-9.870392627206353,-9.253295901261971,-8.214145043323427,-8.30262824594891,0.03217226496118908,3.0518758293287838,0.8883102161368563,3.281287084989598,2.855320071549938,0.03194629758089462,-9.565247086881516,-8.593529567588932,2026-05-07,-10.167002652214062,-9.309834403838352,2026-05-13,-11.673160631656758,-10.164937802540987,2026-05-08,-10.50684665696145,-9.781826118031168,2026-05-14
2026-05-07,True,7,0,431.67999267578125,71.5999984741211,435.6099853515625,73.27999877929688,7.012388552905383e-05,-0.009016383170940714,0.0005541187730515895,-0.023471972789393607,0.00024035309524080147,0.00019194478166992097,0.014455589618452891,0.01073205546439274,0.0001853009000198559,0.0016692975079797279,0.043937080323142544,0.0024845858003738693,0.02074442927077591,1.796589503397171,-0.019075131762796182,-9.565247086881516,-9.455244730115664,-9.849415841907408,-7.498131502405753,-7.910945864347139,-8.291743381272285,0.019075131762796182,1.822253435164606,0.5447373855073673,3.271088696315135,2.8558952932683437,0.01875330065232017,-11.673160631656758,-10.164937802540987,2026-05-08,-10.50684665696145,-9.781826118031168,2026-05-14,-10.929887441700407,-10.880798097338689,2026-05-11,-10.374531517971347,-8.759268965931053,2026-05-15
2026-05-08,True,7,0,433.7699890136719,73.01000213623047,434.04998779296875,73.29000091552734,8.519434166962776e-06,-0.0005530621172604427,5.603761238592598e-05,-0.0035538875126769863,2.5228022637221978e-05,1.966451195783339e-05,0.0030008253954165428,0.005475150661643629,3.8496708934659436e-05,0.0048298583279891005,0.02332913377416216,0.0006002860950386796,0.019501394671975092,1.7819179670531848,-0.014671536343985991,-11.673160631656758,-9.936142794799464,-9.936282823315777,-9.789487442936194,-8.37227875724018,-8.385222808019611,0.014671536343985991,1.4236605577055477,0.4403009790098533,3.2969473602883563,2.8379081838935654,0.02471681124003222,-10.929887441700407,-10.880798097338689,2026-05-11,-10.374531517971347,-8.759268965931053,2026-05-15,-9.494601958860429,-8.749121218820905,2026-05-12,-10.093672075901672,-8.655023089368635,2026-05-18
2026-05-11,True,7,0,434.6499938964844,78.0,434.1820068359375,77.05000305175781,1.7914727076135946e-05,0.001146294566117036,0.00024083362525173402,0.01212471284806031,0.00016369126757271397,4.752854237757802e-05,-0.010978418281943274,0.0009494023982525033,1.881609198994355e-05,0.002026681102102579,0.053858154046206204,0.0031415343825166113,0.06611237936217496,1.7178322687931127,-0.06408569826007238,-10.929887441700407,-10.363258904827124,-9.949809431722722,-8.331404214528604,-8.45963336924371,-8.379926819573598,0.06408569826007238,6.45290116740966,1.8818009252879566,3.2763897310688073,2.8443278504626814,0.046961635308456984,-9.494601958860429,-8.749121218820905,2026-05-12,-10.093672075901672,-8.655023089368635,2026-05-18,-10.806295451995535,-9.875224029675426,2026-05-13,-10.402764075829827,-8.578911293481951,2026-05-19
2026-05-12,True,7,0,432.92999267578125,78.55000305175781,430.70001220703125,76.5,7.525697565778419e-05,0.005279742530667517,0.0006001235419976663,0.026444662720288357,0.00028978785764749443,0.00019279633000397804,-0.02116492018962084,-0.009129275080333784,0.0001586006391501876,-0.003965060284397914,-0.019418085857101627,0.0009771856003514365,0.007026576863187195,1.706840631645527,-0.01099163714758511,-9.494601958860429,-10.088299962397056,-9.912231111545454,-7.4183750206138654,-8.08093447631575,-8.282222425355064,0.01099163714758511,1.0915477676134726,0.42512880100296707,3.3134584673541485,2.9112630712673986,0.03444890445025095,-10.806295451995535,-9.875224029675426,2026-05-13,-10.402764075829827,-8.578911293481951,2026-05-19,-11.122223212594491,-11.107717635189172,2026-05-14,-10.247837140310887,-8.581486701292478,2026-05-20
2026-05-13,True,7,0,430.5,79.3499984741211,430.5199890136719,78.66000366210938,2.027148271360918e-05,-0.00011611701318750339,0.0003589833748989697,0.008607555369172848,0.00025923834822029896,6.0008254696140025e-05,-0.008723672382360353,-0.0055822803209494044,5.143333629526816e-05,-0.005628711330521341,0.0013994100070664134,0.00036094172326684733,0.010133024189911133,1.6910788961250955,-0.015761735520432474,-10.806295451995535,-10.167002652214062,-9.970713703723959,-7.9322344800219335,-7.9238127964198934,-8.281253230012695,0.015761735520432474,1.4764635198677802,0.5751508784387815,3.3017453026904953,2.8898160352397158,-0.0010679346768478482,-11.122223212594491,-11.107717635189172,2026-05-14,-10.247837140310887,-8.581486701292478,2026-05-20,-10.488169181037783,-7.521813159205717,2026-05-15,-10.078101556196636,-8.444385145828958,2026-05-21
2026-05-14,True,7,0,427.2099914550781,75.51000213623047,430.29998779296875,77.29000091552734,1.4780183714320741e-05,-0.00718350558905408,0.00022593519758671413,-0.02356442411079064,0.00018779727689895533,2.6459052201039768e-05,0.016380918521736565,-0.0004647123918846145,1.499614132149186e-05,-0.0076716482577579015,-0.026303834778557352,0.0009178269216443575,-0.049603301636659936,1.733010549503997,0.041931653378902034,-11.122223212594491,-10.50684665696145,-10.008730113007655,-8.395262336150687,-8.123859133106516,-8.308039442663986,0.041931653378902034,3.828071576079865,1.050570702465908,3.279406324608233,2.8831233761345922,-0.010408880442585478,-10.488169181037783,-7.521813159205717,2026-05-15,-10.078101556196636,-8.444385145828958,2026-05-21,-9.588255970386307,-9.160919174041346,2026-05-18,-9.927689975596966,-9.002599097611249,2026-05-22
2026-05-15,True,7,0,417.2900085449219,69.04000091552734,417.6400146484375,69.73999786376953,2.7864162833868618e-05,-0.0007905074608174699,0.00021835614482923756,-0.010305230693757047,0.00011113070975082582,6.754479895614018e-05,0.009514723232939577,-0.022655823113801547,0.000541150483797733,-0.023494231397838128,-0.07949111548987702,0.006537193586654203,-0.08957906607003263,1.7990953841761916,0.0660848346721945,-10.488169181037783,-10.374531517971347,-10.033262036471521,-8.429383136320888,-8.019919855723664,-8.32242434913643,0.0660848346721945,6.0474936242802375,1.7734716656688279,3.2499868198932536,2.8483916989161067,-0.038732970168412706,-9.588255970386307,-9.160919174041346,2026-05-18,-9.927689975596966,-9.002599097611249,2026-05-22,-10.805000796535632,-8.38835313580354,2026-05-19,-10.169825480226455,-9.139165609742502,2026-05-26
2026-05-18,True,7,0,418.42999267578125,69.94000244140625,419.82000732421875,70.2300033569336,6.852883376502904e-05,-0.00329254912184955,0.000254585928514692,-0.003851980906106868,6.670807076397436e-05,0.00012820334575787333,0.0005594317842573179,0.006044621219764404,0.00010506627945545516,0.002728150184871936,0.017089557934070576,0.0005466389188966466,0.01295170650638422,1.7888718278546791,-0.010223556321512284,-9.588255970386307,-10.093672075901672,-9.985961487248899,-8.275872142360138,-8.0115906716441,-8.296095046494468,0.010223556321512284,0.9418510405458896,0.2951254974838406,3.271088696315135,2.913979788240374,-0.03803150108564335,-10.805000796535632,-8.38835313580354,2026-05-19,-10.169825480226455,-9.139165609742502,2026-05-26,-9.993426264305622,-9.923380362755545,2026-05-20,-9.82643484976193,-8.551607560029783,2026-05-27
2026-05-19,True,7,0,411.5,66.9000015258789,412.45001220703125,66.68000030517578,2.0297744295566754e-05,-0.0022574209908796253,0.00011543015908654351,0.0033686220523182243,8.232075799981747e-05,2.67035726911464e-05,-0.005626043043197849,-0.014394578493930171,0.00022750163431348375,-0.016700574279936653,-0.047732704083067144,0.0023938411981681983,-0.04443877659984441,1.8166100301745876,0.027738202319907757,-10.805000796535632,-10.402764075829827,-9.98894062290153,-9.066844894130455,-8.357380736941332,-8.325682808304036,0.027738202319907757,2.544395232362958,0.7544601244701507,3.265759410767051,2.8803214049171983,-0.05076701508118209,-9.993426264305622,-9.923380362755545,2026-05-20,-9.82643484976193,-8.551607560029783,2026-05-27,-9.953619905126516,-8.78644298270909,2026-05-21,-9.655037341739146,-8.48021457073052,2026-05-28
2026-05-20,True,7,0,417.3999938964844,68.7300033569336,412.25,67.81999969482422,4.5699360010644394e-05,0.012367128085697364,0.0001752709001810645,0.013328701778144506,0.00013916365148584136,4.090330435293376e-05,-0.0009615736924471433,0.001820941322583699,4.9015187310937266e-05,0.01423595990327442,0.01365814225516533,0.0003618157500433972,0.026986844033308977,1.8038591460445523,-0.012750884130034557,-9.993426264305622,-10.247837140310887,-9.961903600066975,-8.649177779924646,-8.527669547095977,-8.297050865144206,0.012750884130034557,1.1856993603384656,0.3334228692080384,3.282038399825841,2.8936995184175425,-0.030902343847386327,-9.953619905126516,-8.78644298270909,2026-05-21,-9.655037341739146,-8.48021457073052,2026-05-28,-9.689329660808042,-9.420151318021666,2026-05-22,-9.430315918643478,-8.458413360193065,2026-05-29
2026-05-21,True,7,0,416.989990234375,69.44999694824219,413.1400146484375,67.68000030517578,4.75551767576701e-05,0.009227725665874513,0.00022875573643826294,0.025672385703527832,7.774388929379676e-05,9.928351195106815e-05,-0.016444660037653318,-0.010258425993940135,0.00015279048063081675,-0.0009827627438161457,-0.015395114168780031,0.0004657652767080346,0.010421191282708797,1.7924551920180278,-0.011403954026524943,-9.953619905126516,-10.078101556196636,-10.070058166436077,-8.382855776797335,-8.524823358192625,-8.413022473883938,0.011403954026524943,1.03577037172172,0.3158856818031992,3.2256528091472245,2.858766449103403,-0.02421345833344457,-9.689329660808042,-9.420151318021666,2026-05-22,-9.430315918643478,-8.458413360193065,2026-05-29,-11.039686476752877,-10.538238318314914,2026-05-26,-9.530817623999948,-8.246146634519725,2026-06-01
2026-05-22,True,7,0,413.82000732421875,68.36000061035156,415.1700134277344,68.86000061035156,6.194091192524916e-05,-0.0031845031691455005,0.00027913956611561394,-0.007287599598157125,8.393193206863864e-05,0.00012857427298611226,0.0041030964290116245,-0.004374110027896925,8.10737504613976e-05,-0.007631102906283438,-0.008531558484517896,0.00035192705629036325,-0.015819158082675422,1.8006432471944196,0.008188055176391984,-9.689329660808042,-9.927689975596966,-10.029535105058443,-8.183798664246186,-8.465376858018075,-8.359789647719872,0.008188055176391984,0.779854166973317,0.21454828018255148,3.202339856228101,2.818995108710371,-0.00835032984188988,-11.039686476752877,-10.538238318314914,2026-05-26,-9.530817623999948,-8.246146634519725,2026-06-01,-9.222641202853675,-7.32814885448058,2026-05-27,-9.494618605651574,-8.209003674440703,2026-06-02
2026-05-26,True,7,0,414.0,69.72000122070312,415.1600036621094,69.0199966430664,1.6051849574310414e-05,-0.002906757090374062,0.00011239453659541113,0.010090969127728354,6.444769046834017e-05,3.199934785069069e-05,-0.012997726218102416,0.0032328825477477407,2.650337914184234e-05,0.0004348594550149798,0.009608401856862559,0.000204715922838371,0.019699370984590736,1.7813787356648436,-0.019264511529575756,-11.039686476752877,-10.169825480226455,-10.048999495862128,-9.093495228488424,-8.610415563949143,-8.369641648508823,0.019264511529575756,1.8112498414218696,0.5402640822380144,3.17220341666977,2.8154087651077058,-0.010643620571746837,-9.222641202853675,-7.32814885448058,2026-05-27,-9.494618605651574,-8.209003674440703,2026-06-02,-9.249249015525054,-9.023736725524856,2026-05-28,-9.76224825256614,-8.752469857978417,2026-06-03
2026-05-27,True,7,0,408.489990234375,67.5,404.3349914550781,66.88400268554688,9.877745150869002e-05,0.010297124671184828,0.00017555147533882977,0.009271536508708397,2.1449478444779083e-05,0.00012643972420137037,0.0010255881624764308,-0.023622252679600816,0.000656788273167598,-0.013398563535697683,-0.04152742240774222,0.0019000782871698807,-0.032359640281986124,1.8003398124111323,0.01896107674628844,-9.222641202853675,-9.82643484976193,-9.988731708306426,-8.647578251290417,-8.54650644269863,-8.357665239388597,0.01896107674628844,1.7846928529828003,0.4984114648045971,3.18924101973851,2.8338014198634927,-0.007341609827507867,-9.249249015525054,-9.023736725524856,2026-05-28,-9.76224825256614,-8.752469857978417,2026-06-03,-8.961021283224333,-8.646952498270428,2026-05-29,-9.9877063594689,-8.64038600718612,2026-06-04
2026-05-28,True,7,0,412.7699890136719,68.36000061035156,406.4800109863281,66.55000305175781,9.618385752915332e-05,0.015435231657910223,0.0003633703013303573,0.026541602402792103,0.00010646916985267145,0.00017654249450341957,-0.01110637074488188,-0.004932655976173162,0.00012051495250843013,0.010423100202116231,-0.014174007180748318,0.0005642727808902622,0.012660269297395388,1.7981026433158533,-0.0022371690952791567,-9.249249015525054,-9.655037341739146,-9.90925710368033,-7.920088129804247,-8.36945305889477,-8.300915378247694,0.0022371690952791567,0.21229387985058193,0.05667367851653524,3.19744787745458,2.7905514788157535,-0.011154469528666056,-8.961021283224333,-8.646952498270428,2026-05-29,-9.9877063594689,-8.64038600718612,2026-06-04,-10.655409310004902,-8.010772793514334,2026-06-01,-9.854734794803488,-8.373208822308886,2026-06-05
2026-05-29,True,7,0,417.1199951171875,68.33000183105469,415.6199951171875,68.55999755859375,0.00012831514069339128,0.0037943828717326503,0.0004067801386469865,-0.003214045579220056,0.00020355057895723595,0.00016577235019157093,0.007008428450952706,0.0068808590225737055,0.00017566136158192526,0.010483427987445282,0.0029213715038676267,0.0004153145501105963,-0.0004389315859638643,1.8090250028892616,0.010922359573409146,-8.961021283224333,-9.430315918643478,-9.81176889286468,-7.807237718366759,-8.226588380807467,-8.240158063330512,0.010922359573409146,1.0227781959178956,0.3114053073332025,3.2120525995200753,2.756205228447844,0.00031172120259537195,-10.655409310004902,-8.010772793514334,2026-06-01,-9.854734794803488,-8.373208822308886,2026-06-05,-10.433523785795169,-9.48311875488511,2026-06-02,-9.825114574685449,-8.662376400639687,2026-06-08
2026-06-01,True,7,0,411.260009765625,67.66999816894531,409.8599853515625,67.48999786376953,2.357298252462403e-05,0.0033370931622141737,7.921065212613686e-05,0.0026635160827784476,2.034323412183442e-05,4.122020026446323e-05,0.0006735770794357261,-0.01755833624746562,0.00033186815430368916,-0.01414829684018315,-0.012369528487149476,0.00023221588712053927,-0.009706012404370412,1.80458271845345,-0.004442284435812738,-10.655409310004902,-9.530817623999948,-9.829149768107163,-9.44339977164561,-8.38852991282133,-8.241136848200181,0.004442284435812738,0.4024306106749129,0.0931797779525266,3.215269329274089,2.729159144392355,-0.00620547273130434,-10.433523785795169,-9.48311875488511,2026-06-02,-9.825114574685449,-8.662376400639687,2026-06-08,-11.471410144793541,-9.359054565404167,2026-06-03,-9.529377469162707,-8.609550221315267,2026-06-09
2026-06-02,True,7,0,411.95001220703125,67.98999786376953,414.0799865722656,68.69000244140625,2.94291821494193e-05,-0.0052251555190343316,0.00012969502220898133,-0.010095958592065139,3.936719211035867e-05,5.987850612402099e-05,0.004870803073030808,0.006833517805610514,7.612614774901523e-05,0.0016763707549163342,0.014960740582626723,0.0003535187809896355,0.00471768093304803,1.801541408275318,-0.0030413101781316954,-10.433523785795169,-9.494618605651574,-9.822872289251553,-8.950324846646064,-8.373432654389985,-8.23167395882822,0.0030413101781316954,0.2773498297104004,0.06502245247847818,3.2441536320524693,2.7757088020408553,-0.004963961431402986,-11.471410144793541,-9.359054565404167,2026-06-03,-9.529377469162707,-8.609550221315267,2026-06-09,-10.176180436614736,-8.448339107465078,2026-06-04,-9.229774956697728,-8.023067243614971,2026-06-10
2026-06-03,True,7,0,407.8699951171875,66.20999908447266,408.3800048828125,67.0,1.0423891313148135e-05,-0.001176094091181907,4.722004352115687e-05,-0.01178565131838026,3.773251418942352e-05,9.95571032244074e-06,0.010609557227198354,-0.008703886942481052,8.61815392206403e-05,-0.009953528184733607,-0.014667984727627231,0.00026236981949106256,-0.026529109009468144,1.8181169891000524,0.016575580824734537,-11.471410144793541,-9.76224825256614,-9.954941663760751,-9.960692104639461,-8.49125632120274,-8.356393818728215,0.016575580824734537,1.5082619609784154,0.48123048862315015,3.1962211343033946,2.7581094300024462,-0.0015189260804389093,-10.176180436614736,-8.448339107465078,2026-06-04,-9.229774956697728,-8.023067243614971,2026-06-10,-8.734119878509041,-7.714218448763352,2026-06-05,-8.80493148815568,-7.971849748946125,2026-06-11
2026-06-04,True,7,0,411.2699890136719,66.9800033569336,413.32000732421875,67.5,3.806632836192771e-05,-0.004972222663867859,0.00011061822575738482,-0.007733480393979364,2.6899446823509532e-05,6.08925536479015e-05,0.0027612577301115047,0.013273644857432106,0.00021425597616316148,0.008301422193564001,0.019296102769358957,0.0004829578078430473,0.011562622375379306,1.8148557889182373,-0.0032612001818153047,-10.176180436614736,-9.9877063594689,-10.01811051308594,-9.109425692602624,-8.773991666725575,-8.401296867716779,0.0032612001818153047,0.30973123070242026,0.04018061237958298,3.1982648709640764,2.776331675264716,-0.0036406040889911395,-8.734119878509041,-7.714218448763352,2026-06-05,-8.80493148815568,-7.971849748946125,2026-06-11,-10.36665718835042,-10.081038306003906,2026-06-08,-8.863264051258412,-8.181003251518273,2026-06-12
2026-06-05,True,7,0,396.239990234375,61.56999969482422,404.3800048828125,64.05999755859375,0.00016099779664487102,-0.020309716822476988,0.0007596198844988156,-0.03980777479091811,0.00030007769550794664,0.00031026999281786986,0.019498057968441125,-0.016894864388774994,0.0004464342393599685,-0.03722984276849228,-0.04457401141473646,0.0027464623780998716,-0.08421938351795166,1.8618453296676971,0.04698954074945938,-8.734119878509041,-9.854734794803488,-9.88853500328062,-7.182692401776859,-8.398198598336508,-8.278207386747056,0.04698954074945938,4.577120012134177,1.376163773417386,3.1726224403507386,2.7343674846488217,-0.051353874844928704,-10.36665718835042,-10.081038306003906,2026-06-08,-8.863264051258412,-8.181003251518273,2026-06-12,-9.007628269544577,-9.002985780492027,2026-06-09,-8.867683516552392,-7.61216340299634,2026-06-15
2026-06-08,True,7,0,397.2699890136719,61.58000183105469,397.5199890136719,62.029998779296875,3.146429370158622e-05,-0.0009311919460414674,0.00016352965101725655,-0.00711859712935878,7.064968976526472e-05,6.217212747678905e-05,0.006187405183317313,0.0032251560226444656,4.186592507198609e-05,0.002596058990330441,0.007443385339235651,0.00021893363632560477,0.0001624382643692357,1.8642789503936579,0.0024336207259612053,-10.36665718835042,-9.825114574685449,-9.892605475472951,-8.718516232281711,-8.326008671138469,-8.266158513381598,0.0024336207259612053,0.22502602693626464,0.2372789651712621,3.363495514478144,3.0685179539203564,-0.03460951901441511,-9.007628269544577,-9.002985780492027,2026-06-09,-8.867683516552392,-7.61216340299634,2026-06-15,-8.892787966268429,-7.114205240877326,2026-06-10,-8.986130280620566,-7.640414746011146,2026-06-16
2026-06-09,True,7,0,390.7799987792969,59.0099983215332,397.57000732421875,61.81999969482422,0.00012247198236279826,-0.016996026251099867,0.0009226383433685626,-0.04685896529905301,0.0004468260029429299,0.00029914216139421545,0.029862939047953133,0.0007549150173051512,0.00012304187904615109,-0.016471383961975228,0.003889759536526611,0.0009377685726205623,-0.04263027960561416,1.8904378460372966,0.026158895643638935,-9.007628269544577,-9.529377469162707,-9.846605755851535,-6.988273227582146,-7.822234578409547,-8.203032951476944,0.026158895643638935,2.397944675589585,0.9375539731919307,3.3021134234382563,2.9402195676561815,-0.052757273731306675,-8.892787966268429,-7.114205240877326,2026-06-10,-8.986130280620566,-7.640414746011146,2026-06-16,-8.119600198361006,-8.11042300329529,2026-06-11,-8.503827468854134,-7.768104697766975,2026-06-17
2026-06-10,True,7,0,374.5799865722656,57.65999984741211,380.75,58.189998626708984,0.00013737612359088151,-0.01612403396787206,0.0004944075083432877,-0.009236543017923638,0.00019171360014524563,0.00022003501589446176,-0.006887490949948422,-0.026001746887333487,0.0008134669647838382,-0.042339376208338386,-0.013993397556850529,0.0006902226835273581,-0.02314320306139095,1.871241672890349,-0.019196173146947437,-8.892787966268429,-9.229774956697728,-9.741646695696778,-7.612150465157616,-7.620773135055485,-8.132789236032417,0.019196173146947437,1.6941467276204896,0.28093983809711376,3.3336320621663895,2.9892110987999296,-0.08514312175491145,-8.119600198361006,-8.11042300329529,2026-06-11,-8.503827468854134,-7.768104697766975,2026-06-17,-9.040578033574231,-9.02105733706255,2026-06-12,-8.764606492563145,-7.861991597144168,2026-06-18
2026-06-11,True,7,0,386.32000732421875,60.81999969482422,373.9599914550781,57.45000076293945,0.000297647636669534,0.032206584629183306,0.0008530378423851318,0.05683925414050217,0.00020392774134101105,0.00047337886885682735,-0.024632669511318872,-0.001656545480980148,0.00030039177960008973,0.030860698069963277,-0.003648671989092717,0.0008663506496691216,0.05335498766761404,1.8487473832926984,-0.022494289597650763,-8.119600198361006,-8.80493148815568,-9.54583005163857,-7.066706647581928,-7.356159236313267,-8.042279169894567,0.022494289597650763,1.9291789209211598,0.41513049924575157,3.471345141564237,3.1009927533093453,-0.06258384587851218,-9.040578033574231,-9.02105733706255,2026-06-12,-8.764606492563145,-7.861991597144168,2026-06-18,-10.471074474644336,-6.79955880902137,2026-06-15,-8.920616784381615,-7.89351443039096,2026-06-22
2026-06-12,True,7,0,386.5400085449219,61.290000915527344,385.7300109863281,60.529998779296875,0.00011850231833473814,0.0021235228571686027,0.00044322778638415856,0.01231441577556127,0.0001177080891322159,0.0002220110077933404,-0.010190892918392666,-0.001528389194350382,0.00012083829186414515,0.000569317139269998,-0.004779587494845972,0.0004660722430050466,0.007698035203739018,1.8416186652282287,-0.00712871806446902,-9.040578033574231,-8.863264051258412,-9.518708452823976,-7.721426729586339,-7.460500328566723,-8.064705943051932,0.00712871806446902,0.6073093969507285,0.05505288138485551,3.3439213138424253,2.9673328265043923,-0.024784685970749898,-10.471074474644336,-6.79955880902137,2026-06-15,-8.920616784381615,-7.89351443039096,2026-06-22,-10.035961736093759,-9.823167740431424,2026-06-16,-8.909685054448401,-8.411124533236302,2026-06-23
2026-06-15,True,7,0,396.54998779296875,63.470001220703125,399.489990234375,64.27999877929688,2.8344587173491664e-05,-0.007411768899582161,7.585988139132502e-05,-0.012681149327772123,3.0593089772972154e-05,3.6805689395922263e-05,0.0052693804281899615,0.03295333149520064,0.0011142666438060742,0.025566728082746515,0.04763180944363798,0.002344649152266365,0.03495066011586623,1.8322347331951099,-0.009383932033119713,-10.471074474644336,-8.867683516552392,-9.513725829749003,-9.486622585225373,-7.491448642610159,-8.106494088577097,0.009383932033119713,0.823140883157792,0.13830444198509606,3.2902658209548736,2.8724340744705708,-0.001814016878333824,-10.035961736093759,-9.823167740431424,2026-06-16,-8.909685054448401,-8.411124533236302,2026-06-23,-7.551798775800465,-7.551364302819499,2026-06-17,-8.713477574496965,-7.64809685091947,2026-06-24
2026-06-16,True,7,0,397.6300048828125,63.38999938964844,397.8299865722656,63.70000076293945,4.379627735478577e-05,-0.00025133386990359736,0.00026133367647013136,-0.004720689044518361,0.00010427166695706007,0.00010042914343392852,0.004469355174614765,0.003222638858927911,5.418167856985796e-05,0.0027198311858462887,0.003617202004052889,0.0002744178268082556,-0.0012612618835765588,1.8362158262645327,0.0039810930694228475,-10.035961736093759,-8.986130280620566,-9.4960196700623,-8.249712513259377,-7.762073265238286,-8.101172864247152,0.0039810930694228475,0.36407450398030045,0.21199221099466045,3.27601201623901,2.785011289333365,0.017377198269487693,-7.551798775800465,-7.551364302819499,2026-06-17,-8.713477574496965,-7.64809685091947,2026-06-24,-9.640967800917178,-9.107321823867625,2026-06-18,-9.616307560291393,-7.841336628526057,2026-06-25
2026-06-17,True,7,0,388.6000061035156,60.61000061035156,397.82000732421875,63.54399871826172,0.0005251646235804059,-0.023217543061027586,0.0011829649483394618,-0.04710770515014408,0.00022102458432362118,0.0007435524937981232,0.023890162089116495,0.0004777231557079865,0.0005253928429939055,-0.022971384282330476,0.0024264484923924522,0.0011888526006256955,-0.04484620463421951,1.858090646616422,0.021874820351889035,-7.551798775800465,-8.503827468854134,-9.233046976819104,-6.73973132389276,-7.48172514835033,-7.966101656842633,0.021874820351889035,2.0330083179792955,0.7490363532822601,3.2260500286162013,2.79789089580353,0.0367451901954956,-9.640967800917178,-9.107321823867625,2026-06-18,-9.616307560291393,-7.841336628526057,2026-06-25,-12.07268376634486,-9.703214334098265,2026-06-22,-9.643925723852078,-7.840069213234461,2026-06-26
2026-06-18,True,7,0,387.1199951171875,59.5099983215332,391.239990234375,60.7400016784668,6.501010745061384e-05,-0.01067687238091447,0.0004219352036647323,-0.020458149799259286,0.00018941807760515563,0.00014876361675509524,0.009781277418344815,0.006770604811828395,0.00011085119696856765,-0.0038158427778745008,0.002142581217894318,0.0004265258579400058,-0.018315568581365405,1.8725903724199129,0.014499725803490904,-9.640967800917178,-8.764606492563145,-9.23468447071584,-7.770658801535798,-7.647859276894371,-7.9444187128728885,0.014499725803490904,1.3194164977270764,0.5928771588873993,3.34814816057234,2.9145222470903573,0.002068649347657825,-12.07268376634486,-9.703214334098265,2026-06-22,-9.643925723852078,-7.840069213234461,2026-06-26,-10.24071393707536,-7.928335792770918,2026-06-23,-9.621858910388132,-7.830329218008014,2026-06-29
2026-06-22,True,7,1,384.5899963378906,58.90999984741211,384.25,60.09000015258789,5.713471409801999e-06,0.000858412388412962,9.67768658896918e-05,-0.019917484910328846,0.00010083638282611233,8.269772366907307e-07,0.020775897298741807,-0.007441327453182318,6.108682567528684e-05,-0.006556887617395368,0.00969910343318458,0.0001908494732973047,-0.010133484508565438,1.8761669693110825,0.0035765968911700696,-12.07268376634486,-8.920616784381615,-9.241500222875853,-9.243102580986957,-7.8047971762105774,-7.9468124129093445,0.0035765968911700696,0.3181909752254934,0.32973027573968416,3.32862668882732,2.797281311569803,-0.005057555409007541,-10.24071393707536,-7.928335792770918,2026-06-23,-9.621858910388132,-7.830329218008014,2026-06-29,-8.567418965866281,-6.624805634141911,2026-06-24,-9.418540370418793,-7.963029188666943,2026-06-30
2026-06-23,True,7,0,377.32000732421875,55.72999954223633,377.72198486328125,56.15999984741211,3.568736201357316e-05,-0.001117840617990985,4.456907632370458e-05,-0.00786558618112147,3.096076198418489e-05,2.4647838176546425e-05,0.006747745563130483,-0.018019387019884647,0.00036038567058596047,-0.019084169061679646,-0.047806095942874556,0.002329991885623032,-0.05549225957591908,1.9125750598253213,0.03640809051423943,-10.24071393707536,-8.909685054448401,-9.246206225003164,-10.018470295391422,-7.820263289034313,-7.963747520844037,0.03640809051423943,3.2283016178861543,1.260012934095483,3.263849190510932,2.8495498031123385,-0.0497084525534337,-8.567418965866281,-6.624805634141911,2026-06-24,-9.418540370418793,-7.963029188666943,2026-06-30,-10.216770897176119,-9.148737552925928,2026-06-25,-9.288225190245475,-8.847749840779572,2026-07-01
2026-06-24,True,7,0,365.9200134277344,51.779998779296875,364.80999755859375,52.939998626708984,0.00019020293708854822,0.0032566699884656967,0.0006906380430122326,-0.022348331102369598,0.00034872419735397557,0.00026605839137340255,0.025605001090835293,-0.03371698977991145,0.0013270383369072014,-0.030678886222522017,-0.05135942250905362,0.0033284283234757163,-0.07351464261889884,1.9554108162216985,0.04283575639637682,-8.567418965866281,-8.713477574496965,-9.18116067382049,-7.277894687626923,-7.626472961100008,-7.905142846413425,0.04283575639637682,3.873881051703844,1.536982866693673,3.3109079103146946,2.969901501775917,-0.08310716996180201,-10.216770897176119,-9.148737552925928,2026-06-25,-9.288225190245475,-8.847749840779572,2026-07-01,-9.791327843504874,-9.085081748488982,2026-06-26,-9.320770488167915,-8.549832549168109,2026-07-02
2026-06-25,True,7,0,369.4599914550781,52.36000061035156,368.989990234375,52.709999084472656,3.655213730883956e-05,0.0012864864552773522,0.0001438534327937049,-0.006948728406319354,7.770422870913053e-05,5.135067069670698e-05,0.008235214861596707,0.008354749966189451,0.0001063539843063822,0.009627690032062652,0.017801222749384123,0.00046073696416689574,0.011139001949936667,1.953899504303825,-0.0015113119178740142,-10.216770897176119,-9.616307560291393,-9.192432435827529,-8.846715604548255,-8.182313206266253,-7.921955498510242,0.0015113119178740142,0.13027224701974502,0.3481460804679561,3.4531571205928664,2.924773139566078,-0.05050809564740888,-9.791327843504874,-9.085081748488982,2026-06-26,-9.320770488167915,-8.549832549168109,2026-07-02,-11.254831360295434,-9.429108073083967,2026-06-29,-9.395621766137937,-8.613394618828643,2026-07-06
2026-06-26,True,7,0,373.6300048828125,53.279998779296875,372.2699890136719,52.869998931884766,5.593457557580818e-05,0.0036466480423595427,0.00016256864974281134,0.0075372794774936185,3.732023246887502e-05,9.059149642487225e-05,-0.0038906314351340758,0.007576910940564131,0.00011334415497704861,0.011223558982924153,0.00969309734615935,0.00025652478590493276,0.017418050622510783,1.947705012664238,-0.00619449163958663,-9.791327843504874,-9.643925723852078,-9.174782361684715,-8.724410185449802,-8.387564093557753,-7.915687098450009,0.00619449163958663,0.5345159567348411,0.2025219761829154,3.3870984572826535,2.9386326492025887,-0.035468693886610225,-11.254831360295434,-9.429108073083967,2026-06-29,-9.395621766137937,-8.613394618828643,2026-07-06,-9.111508671319699,-9.084606590138533,2026-06-30,-9.188826380496625,-8.582504497079842,2026-07-07
2026-06-29,True,7,0,368.5799865722656,52.68000030517578,370.57501220703125,52.775001525878906,1.2944606276891506e-05,-0.0054252135848730475,3.9921711738838086e-05,-0.0019916239166589108,2.5899336847820545e-05,1.3483490583954524e-05,-0.0034335896682141367,-0.008210129644569235,8.035083505752605e-05,-0.013608268012377245,-0.009523380673743366,0.00013061649119586673,-0.011325120652948328,1.9454218653048096,-0.0022831473594289164,-11.254831360295434,-9.621858910388132,-9.213161520809342,-10.128590228210888,-8.438797149265177,-7.932723018869514,0.0022831473594289164,0.19792097102559064,0.2791390173777958,3.3024814087229974,2.912893986956671,-0.0425200742815921,-9.111508671319699,-9.084606590138533,2026-06-30,-9.188826380496625,-8.582504497079842,2026-07-07,-8.307272208132062,-8.094947475827983,2026-07-01,-9.126514514031323,-8.422710016735428,2026-07-08
2026-06-30,True,7,0,368.3800048828125,53.470001220703125,369.2200012207031,53.33000183105469,0.00011038805015607472,-0.002304821063244614,0.0004266214592317999,0.0028086847272809357,0.00014111838966721898,0.00019794555986032785,-0.005113505790525549,0.0017349276756905545,0.00011339802419595175,-0.0005427206271182428,0.012263176278841003,0.0005770069516777285,0.014884889122231737,1.9299942555554594,-0.01542760974934998,-9.111508671319699,-9.418540370418793,-9.206707700063989,-7.75961345025781,-8.136291784919576,-7.924742163148415,0.01542760974934998,1.3363699608667357,0.10801138133873822,3.3214324131932926,2.87073576176629,-0.0239786258470307,-8.307272208132062,-8.094947475827983,2026-07-01,-9.126514514031323,-8.422710016735428,2026-07-08,-10.736305888294128,-7.941372597030893,2026-07-02,-9.71130363849709,-8.604934573363689,2026-07-09
2026-07-01,True,7,0,370.6000061035156,53.58000183105469,371.2049865722656,53.33000183105469,0.0002467161165238563,-0.0017120539472810885,0.0009595281649319326,0.00449014524917124,0.00024759125210357816,0.0004793265146761053,-0.006202199196452329,0.007639407129765725,0.00030507665781817167,0.006008302974758628,-0.002621712843390874,0.0009664015431651332,0.0020551265003594388,1.9339474320298589,0.003953176474399189,-8.307272208132062,-9.288225190245475,-9.154472548452746,-6.949068889188153,-7.9676315382222915,-7.857582103480781,0.003953176474399189,0.34042634479257666,0.3808138546384849,3.3032169733019514,2.800325523590678,0.012708563350249946,-10.736305888294128,-7.941372597030893,2026-07-02,-9.71130363849709,-8.604934573363689,2026-07-09,-10.652344193261596,-9.831396831441529,2026-07-06,-9.660174219283572,-8.918836150907984,2026-07-10
2026-07-02,True,7,0,378.1300048828125,55.02000045776367,377.43499755859375,55.11000061035156,2.1741104158660552e-05,0.0017867578709710526,9.596198343053903e-05,-0.0014527300811303457,4.8603781819810737e-05,3.4549652884694425e-05,0.0032394879521013987,0.018275031644047063,0.00035571788574958205,0.02011473443068912,0.02815530067961313,0.0008886829397899627,0.026520865525697435,1.9275413009348503,-0.006406131095008316,-10.736305888294128,-9.320770488167915,-9.155260286658347,-9.25155845085938,-7.995663875649268,-7.855615557542576,0.006406131095008316,0.5476119121548134,0.08623152099001079,3.3002714630721948,2.8088001133999354,0.023195607748876412,-10.652344193261596,-9.831396831441529,2026-07-06,-9.660174219283572,-8.918836150907984,2026-07-10,-9.129840001272479,-9.12558033622494,2026-07-07,-9.344704895392642,-8.639004193462188,2026-07-13
2026-07-06,True,7,0,382.1300048828125,56.11000061035156,380.2099914550781,55.742000579833984,2.364534731465947e-05,0.004853948764827672,6.45834903622781e-05,0.0067583235138638075,3.42000713960668e-05,2.7014383140435386e-05,-0.0019043747490361355,0.005485644429336745,5.3737642119772736e-05,0.010522812875633392,0.013037148871315686,0.00023455074105512596,0.01961729682426938,1.918446816986214,-0.00909448394863599,-10.652344193261596,-9.395621766137937,-9.157751512356171,-9.647551746985965,-8.055589234795606,-7.863281211898284,0.00909448394863599,0.7737957515403429,0.016679786853951085,3.258096538021482,2.781920026048249,0.02249486164158565,-9.129840001272479,-9.12558033622494,2026-07-07,-9.344704895392642,-8.639004193462188,2026-07-13,-8.851029076852873,-8.196150450127172,2026-07-08,-9.488998136742646,-8.31477984514376,2026-07-14
2026-07-07,True,7,0,377.489990234375,54.459999084472656,382.3900146484375,55.38999938964844,0.00010838292484216934,-0.013002926588858755,0.0004943482975612008,-0.016381831627632935,0.00015158282895603406,0.00022557419672366801,0.00337890503877418,0.0006801908884194547,0.00010884558448685818,-0.012216825224767192,-0.01291499961480129,0.0006611455126115183,-0.02984759020604022,1.9360775819674871,0.01763076498127303,-9.129840001272479,-9.188826380496625,-9.11637377706615,-7.612270233419515,-7.803732045924434,-7.811786901892207,0.01763076498127303,1.501374251805664,0.7422492837348823,3.231989464013584,2.745345966245664,0.023886304429195704,-8.851029076852873,-8.196150450127172,2026-07-08,-9.488998136742646,-8.31477984514376,2026-07-14,-12.02881262525434,-9.011622907068887,2026-07-09,-9.63724606708857,-8.478217742063574,2026-07-15
2026-07-08,True,7,0,374.45001220703125,52.83000183105469,373.1700134277344,52.7599983215332,0.00014323426134490032,0.0034775803264189085,0.00046436480652943085,0.0013259497997289045,0.00010559201186153018,0.00025100352800640045,0.0021516305266900022,-0.011509936529224827,0.0002757129002516844,-0.008085737106823032,-0.0317131743987397,0.0014700902369743098,-0.03038722459901111,1.958379069459675,0.022301487492188077,-8.851029076852873,-9.126514514031323,-9.07377775508117,-7.67484009367922,-7.785408764610102,-7.772846337664651,0.022301487492188077,1.8644548660597673,0.8971807112595342,3.266141017335315,2.780680840107767,0.016343287949490914,-12.02881262525434,-9.011622907068887,2026-07-09,-9.63724606708857,-8.478217742063574,2026-07-15,-10.187581110922412,-9.12471523510613,2026-07-10,-9.503635376639185,-8.381044325304435,2026-07-16
2026-07-09,True,7,0,378.17999267578125,54.13999938964844,378.5050048828125,54.11000061035156,5.969707508838698e-06,-0.0007797214119144265,6.540953407451699e-05,0.0005542499781030913,4.436913220846737e-05,1.3505054687444159e-05,-0.001333971390017518,0.01077098043486859,0.00012198372703716067,0.0099119380907835,0.023939777098876132,0.0006385224616183912,0.02449402707697912,1.9437969804734798,-0.014582088986195618,-12.02881262525434,-9.71130363849709,-9.13722064210815,-9.634842529170214,-8.347730530354351,-7.850754020505707,0.014582088986195618,1.2041366313239295,0.15577420968390404,3.3178157727231046,2.8273135993568546,0.020246923065515787,-10.187581110922412,-9.12471523510613,2026-07-10,-9.503635376639185,-8.381044325304435,2026-07-16,-8.860289653346873,-8.217704803218124,2026-07-13,-9.377743037480936,-8.394964060906892,2026-07-17
2026-07-10,True,7,0,377.010009765625,53.95000076293945,375.0,53.689998626708984,3.76348110184057e-05,0.005266138815499337,8.714365661118909e-05,0.0052016203924049615,2.3572130838265966e-05,5.0603168395664414e-05,6.45184230943759e-05,-0.00844422741564509,0.00010893978766553785,-0.003098515188066031,-0.008346534056250954,0.0001568082873633461,-0.0035155670668305383,1.944214032352244,0.0004170518787645072,-10.187581110922412,-9.660174219283572,-9.134617020258725,-9.347952575667554,-8.355202083824118,-7.859709180364681,0.0004170518787645072,0.035890273230886054,0.25161450799744306,3.231989464013584,2.7625383960193535,-0.0029663265532393623,-8.860289653346873,-8.217704803218124,2026-07-13,-9.377743037480936,-8.394964060906892,2026-07-17,-9.910578658351918,-7.710976522905729,2026-07-14,-9.7362041194651,-8.647845283167412,2026-07-20
2026-07-13,True,7,0,367.1300048828125,52.15999984741211,372.7699890136719,52.95000076293945,0.00014191395235794394,-0.015054886008357717,0.00016682817314468863,-0.01503217176307612,3.554555988047749e-05,0.00013659828281107754,-2.2714245281597184e-05,-0.011310160199748051,0.0002698336761019088,-0.02655571613253116,-0.018709619389653553,0.0005168780308503888,-0.03374179115272957,1.9514001073724425,0.0071860750201984125,-8.860289653346873,-9.344704895392642,-9.126457617754522,-8.698546178557123,-8.271822919631685,-7.952927944265731,0.0071860750201984125,0.6233719559310187,0.4430808474013695,3.175968323856924,2.7100481859984953,-0.040044855561403914,-9.910578658351918,-7.710976522905729,2026-07-14,-9.7362041194651,-8.647845283167412,2026-07-20,-9.303581589538588,-9.303510257473146,2026-07-15,-9.795283399158953,-9.052724527133005,2026-07-21
2026-07-14,True,7,0,372.1499938964844,53.16999816894531,374.5299987792969,53.529998779296875,4.9646698837616145e-05,-0.006374920893447965,5.0949651089932345e-05,-0.007124088104323325,4.19869971269452e-06,4.819882510742698e-05,0.0007491672108753591,0.01995588123322173,0.00044788389463206726,0.013580960339774073,0.02592630690817999,0.0007231230409870738,0.019178378385489303,1.945802689326727,-0.00559741804571523,-9.910578658351918,-9.488998136742646,-9.163815275769418,-9.884672646406676,-8.697881097604585,-8.011961411091667,0.00559741804571523,0.5237997779830689,0.07009936307518208,3.2932409068235073,2.842581085167748,-0.014247069996862649,-9.303581589538588,-9.303510257473146,2026-07-15,-9.795283399158953,-9.052724527133005,2026-07-21,-9.852638342680349,-8.385764879166503,2026-07-16,-10.031043599706987,-8.941150542878376,2026-07-22
2026-07-15,True,7,0,372.3500061035156,52.209999084472656,372.1199951171875,52.709999084472656,9.109737309283004e-05,0.0004567736324173413,0.0005503750577234676,-0.009531143610993727,0.00022209693670160118,0.0002096877470573482,0.009987917243411068,-8.061262648211034e-05,9.110387148837838e-05,0.0005373061432996096,-0.008689119580529663,0.0006258758568082115,-0.01822026319152359,1.9645602586615498,0.0187575693348232,-9.303581589538588,-9.63724606708857,-9.257706769155925,-7.504910589008111,-8.599807624445004,-8.054351003499239,0.0187575693348232,1.824730068830751,0.7749056114964635,3.219675505038765,2.803360380906535,-0.005624026746740007,-9.852638342680349,-8.385764879166503,2026-07-16,-10.031043599706987,-8.941150542878376,2026-07-22,-9.342007940165473,-9.281832928593325,2026-07-17,-10.253221942748704,-8.793174680944754,2026-07-23
2026-07-16,True,7,0,364.9599914550781,50.38999938964844,367.45001220703125,50.939998626708984,5.260821126627205e-05,-0.006662510973939549,0.00013539084554744127,-0.011054150466679565,3.6941528794507806e-05,7.552876400960273e-05,0.0043916394927400165,-0.013247000352720856,0.00022809122961125854,-0.020046553425765445,-0.024625587294662875,0.000741810395154503,-0.03548129930702881,1.9799950045428136,0.015434745881263368,-9.852638342680349,-9.503635376639185,-9.289615186391787,-8.907344810204275,-8.526549440812861,-8.099391371763863,0.015434745881263368,1.4956536446733093,0.7053881862544911,3.2140642678709788,2.7517480612367198,-0.035582518263288954,-9.342007940165473,-9.281832928593325,2026-07-17,-10.253221942748704,-8.793174680944754,2026-07-23,-11.140893373802893,-10.962281096353507,2026-07-20,-10.552148243087158,-8.862013746668996,2026-07-24
2026-07-17,True,7,0,368.4100036621094,50.779998779296875,364.1099853515625,49.70000076293945,8.766323671311525e-05,0.01176764861530607,0.00031384159769208596,0.021694554385416256,9.081758143955702e-05,0.00015534362648282214,-0.009926905770110185,-0.002331755567190402,9.310032073823868e-05,0.00940872323854336,-0.013787782126476002,0.0005039445336592571,0.007709821657525762,1.9816939061238315,0.0016989015810175978,-9.342007940165473,-9.377743037480936,-9.26084551139612,-8.066622165290548,-8.320487808627062,-8.064395210500098,0.0016989015810175978,0.16753958401608818,0.3179281820003493,3.2827891506118534,2.817203487636887,-0.023075279836679563,-11.140893373802893,-10.962281096353507,2026-07-20,-10.552148243087158,-8.862013746668996,2026-07-24,-10.328343915062902,-8.767457061207768,2026-07-21,-10.487353026603856,-8.814603727895316,2026-07-27
2026-07-20,True,7,0,367.6000061035156,50.97999954223633,367.7900085449219,51.20000076293945,1.4506795345458753e-05,-0.0005439696772691371,7.911924097583228e-05,-0.004109978961991539,4.02833116307186e-05,2.6671362345286218e-05,0.003566009284722402,-0.0016843120170596526,1.734370231627031e-05,-0.002201051276090382,0.008236994709144331,0.00014696732281430398,0.0039308377312110565,1.9755620171165298,-0.006131889007301439,-11.140893373802893,-9.7362041194651,-9.2749475445925,-9.444554464024547,-8.395261977556613,-8.091080018721783,0.006131889007301439,0.5968127706530897,0.11330156122342505,3.242592351485517,2.9322598749864657,0.0012793850197612144,-10.328343915062902,-8.767457061207768,2026-07-21,-10.487353026603856,-8.814603727895316,2026-07-27,-10.331517596498326,-8.739103263630902,2026-07-22,-10.5350892477491,-8.745888215446447,2026-07-28
2026-07-21,True,7,0,374.80999755859375,53.08000183105469,371.70001220703125,52.86000061035156,3.2693184885718836e-05,0.008252073746109962,0.00010484830457870579,0.004247464496383949,3.787408305915291e-05,4.983370320263583e-05,0.004004609249726013,0.011091703059071121,0.00015571906163632649,0.01942381730587961,0.03621353075402082,0.0014162681142511175,0.04036685399144835,1.9546189804309613,-0.02094303668556874,-10.328343915062902,-9.795283399158953,-9.547794107615994,-9.162995970716505,-8.348653632793507,-8.265448534319363,0.02094303668556874,2.06704753166697,0.34857726902195546,3.2335673736111907,2.9258461256356836,0.007122241985866751,-10.331517596498326,-8.739103263630902,2026-07-22,-10.5350892477491,-8.745888215446447,2026-07-28,-11.644628460539327,-8.008971714212812,2026-07-23,-9.715145757674902,-8.685122108346418,2026-07-29
2026-07-22,True,7,0,379.1199951171875,53.91999816894531,379.0679931640625,53.779998779296875,3.25895916047699e-05,6.858950200029634e-05,0.00016944735033032536,0.0026925499844298664,8.312502698261884e-05,5.945595747623818e-05,-0.00262396048242957,0.011296366089095783,0.00016019747842364304,0.011433540388900987,0.013101384182492955,0.00034109361782760195,0.015701188685183443,1.9503513321346788,-0.004267648296282456,-10.331517596498326,-10.031043599706987,-9.568661828696328,-8.682968296915588,-8.737033032091649,-8.311086789190929,0.004267648296282456,0.43940469831325507,0.11401022454987157,3.1755507001298273,2.836150158982343,0.018018476231468128,-11.644628460539327,-8.008971714212812,2026-07-23,-9.715145757674902,-8.685122108346418,2026-07-29,-10.074732168338834,-10.063168274612426,2026-07-24,-9.560845478929505,-8.962866408406938,2026-07-30
2026-07-23,True,7,0,371.5199890136719,52.060001373291016,372.3599853515625,52.09000015258789,8.766013108934542e-06,-0.0022045359469216536,0.0001810384352520698,-0.0005760687409887902,0.000134687656352155,2.7558396004424676e-05,-0.0016284672059328634,-0.017991675871161777,0.00033246641376187937,-0.020250095841770843,-0.03452843795890899,0.001373251463134297,-0.03510450669989762,1.9652057429928054,0.014854410858126776,-11.644628460539327,-10.253221942748704,-9.56667836077906,-8.616801199782454,-8.681720101642142,-8.29562343010033,0.014854410858126776,1.570176976202115,0.7009305434090457,3.1788868166518376,2.8118093987132804,0.01781493381546273,-10.074732168338834,-10.063168274612426,2026-07-24,-9.560845478929505,-8.962866408406938,2026-07-30,-10.668990106161612,-9.869370623867072,2026-07-27,-9.672834785588293,-8.635793907287248,2026-07-31
2026-07-24,True,7,0,371.8999938964844,52.59000015258789,371.260009765625,52.34000015258789,4.2130771560487116e-05,0.0017223324342305326,0.00018504640344348906,0.005145327326831456,5.240708586880777e-05,8.73850445675842e-05,-0.0034229948926009224,-0.0007000168531475568,4.262079515517773e-05,0.0010223155810828999,0.005363974071896306,0.0002138186212874649,0.010129064557290679,1.9560989940165976,-0.009106748976207779,-10.074732168338834,-10.552148243087158,-9.562504461050722,-8.594903934914125,-8.846392312965502,-8.270363602266515,0.009106748976207779,0.9544539221588006,0.015338100096738635,3.2244602031621015,2.928523564659441,0.00942852615800227,-10.668990106161612,-9.869370623867072,2026-07-27,-9.672834785588293,-8.635793907287248,2026-07-31,-10.550000204204794,-8.475326175477534,2026-07-28,-9.69295011044867,-8.658190168329494,2026-08-03
2026-07-27,True,7,0,374.6300048828125,52.93000030517578,373.8900146484375,53.040000915527344,2.32550067236401e-05,0.0017903215396733885,0.00013476836481627404,-0.0020760715031358772,5.0750253030613776e-05,5.3636559254650185e-05,0.0038663930428092658,0.005336691165550362,5.173527932010338e-05,0.0073139007421554325,0.008520372635965612,0.00020736511467198563,0.006444301132829899,1.956968593625923,0.0008695996093255332,-10.668990106161612,-10.487353026603856,-9.676703742265579,-8.91195306940014,-8.771893384107385,-8.374282336264155,0.0008695996093255332,0.09065631442309316,0.2837236142806416,3.1917101567954314,2.922085729279452,0.018943478176248085,-10.550000204204794,-8.475326175477534,2026-07-28,-9.69295011044867,-8.658190168329494,2026-08-03,-8.509888674851476,-8.468211240862049,2026-07-29,-9.71217615036889,-8.84192917497417,2026-08-04
2026-07-28,True,7,0,369.3699951171875,51.70000076293945,369.6050109863281,51.61000061035156,2.6193475518919218e-05,-0.0006360590686363982,5.8455160353331045e-05,0.0017423322845700143,1.7600490768780155e-05,3.352407255173506e-05,-0.002378391353206413,-0.013503987722403634,0.0002085511599257473,-0.014140046791040639,-0.025254827648682338,0.0006962614799179809,-0.02351249536411215,1.9663410421989946,0.009372448573071512,-10.550000204204794,-10.5350892477491,-9.68423825345361,-9.747250587316524,-8.833609891672836,-8.391249536464077,0.009372448573071512,1.0580559799642042,0.5905555477914944,3.1834558796369405,2.9269179616400773,-0.014620385920672163,-8.509888674851476,-8.468211240862049,2026-07-29,-9.71217615036889,-8.84192917497417,2026-08-04,-9.735930918645037,-8.967821782632436,2026-07-30,-9.868023809223253,-8.125017635840535,2026-08-05
2026-07-29,True,7,0,371.0799865722656,51.77000045776367,368.2900085449219,51.720001220703125,0.00020146625192425232,0.007331368101861219,0.0006371708062211216,0.00019329766052361003,0.0001548144132792093,0.00034191132243308227,0.007138070441337608,-0.0029281439648530493,0.00021004027900315764,0.004618798129091495,0.00038678123437237795,0.0006373204059443843,0.0013530434846349415,1.9696067968434512,0.0032657546444565533,-8.509888674851476,-9.715145757674902,-9.583258543884977,-7.35847279670124,-8.337809972239276,-8.300403877276503,0.0032657546444565533,0.3752617298086188,0.4891632877591308,3.2035591207563074,2.9019708434634395,-0.021435128180481655,-9.735930918645037,-8.967821782632436,2026-07-30,-9.868023809223253,-8.125017635840535,2026-08-05,-12.24271259615528,-8.144285205220768,2026-07-31,-9.779179788493275,-8.155284439512476,2026-08-06
2026-07-30,True,7,0,377.1600036621094,53.5,374.1600036621094,52.349998474121094,5.9120612644773965e-05,0.00803898446067464,0.00014241278504636753,0.021636263455026665,4.73816124973455e-05,7.7075892596898e-05,-0.013597278994352027,0.008265886605660945,0.00012744549402241899,0.01625187370765513,0.011141068412838963,0.0002665361904259256,0.03287081414589332,1.9529878564052128,-0.016618940438238194,-9.735930918645037,-9.560845478929505,-9.55323825535791,-8.856780780387632,-8.370625314324702,-8.281824029464511,0.016618940438238194,1.8456834904872528,0.08707076958677797,3.204371138665319,3.028199456305825,0.015066841368944317,-12.24271259615528,-8.144285205220768,2026-07-31,-9.779179788493275,-8.155284439512476,2026-08-06,-10.983188126200677,-10.3477499115349,2026-08-03,-9.71181917259023,-7.9278462731233,2026-08-07
2026-07-31,True,7,0,371.5400085449219,52.36000061035156,370.8399963378906,51.95000076293945,4.820115844050134e-06,0.0018589184494019096,3.645650878058137e-05,0.00805215566457088,2.091267374033351e-05,1.0181975442148991e-05,-0.00619323721516897,-0.016898817443565656,0.000290390146835009,-0.015012957345256872,-0.02939992167069085,0.0009008119030233388,-0.02153870120343271,1.959513600263389,0.0065257438581758365,-12.24271259615528,-9.672834785588293,-9.623245201668578,-10.219390548082375,-8.50797221041692,-8.354477616317594,0.0065257438581758365,0.7204175002531743,0.6491483134409793,3.1978564576441255,2.8384935060559893,-0.0009684315573954549,-10.983188126200677,-10.3477499115349,2026-08-03,-9.71181917259023,-7.9278462731233,2026-08-07,-10.80403924694309,-9.675916048962621,2026-08-04,-9.606535424004992,-7.915636372879153,2026-08-10
2026-08-03,True,7,0,371.7099914550781,52.459999084472656,370.1000061035156,51.25,1.6984861235682442e-05,0.004286924209321118,0.00011466500228729346,0.023525982944884838,9.62904568273348e-05,1.767970334782055e-05,-0.01923905873556372,-0.0038832970782759976,3.206485743382934e-05,0.00045740440799146853,-0.021427334680010516,0.0005737956737764748,0.0019080042882864134,1.958063000383094,-0.001450599880294945,-10.983188126200677,-9.69295011044867,-9.794988441999742,-9.073495704300722,-8.52809210671783,-8.532624033232935,0.001450599880294945,0.16575464614647625,0.48666533105045795,3.1488824530476656,2.771963512531802,-0.007824927891559419,-10.80403924694309,-9.675916048962621,2026-08-04,-9.606535424004992,-7.915636372879153,2026-08-10,-8.7542952118476,-6.9407747853581965,2026-08-05,-9.555064206687678,-7.926491066708341,2026-08-11
2026-08-04,True,7,0,374.1600036621094,53.84000015258789,374.1400146484375,53.970001220703125,2.0317270969751993e-05,-5.35095581578951e-05,7.366029741083233e-05,-0.002597392660359051,4.256887800668634e-05,2.570434518694899e-05,0.0025438831022011558,0.006516140703138319,6.277736063284794e-05,0.006569565835270907,0.028377402261915565,0.000878937256545403,0.02596573118375689,1.9386668350346083,-0.019396165348485983,-10.80403924694309,-9.71217615036889,-9.796150420674701,-9.516046609338993,-8.51283729238793,-8.53778471043543,0.019396165348485983,2.323081610981193,0.4975571624225544,3.1633631149379418,2.7638001945596176,0.012884684734752128,-8.7542952118476,-6.9407747853581965,2026-08-05,-9.555064206687678,-7.926491066708341,2026-08-11,-9.394423418024434,-9.392871798597469,2026-08-06,-9.99238592321069,-8.530804828371696,2026-08-12
2026-08-05,True,7,0,389.6400146484375,56.06999969482422,384.9599914550781,56.099998474121094,0.0001577821597783805,0.011904174961553576,7.950221063925394e-05,-0.0008916494229791825,4.1623971826843525e-05,9.783019929539546e-05,0.01279582438453276,0.02845588738422558,0.0009675196866021091,0.04053975029237389,0.041119097158811464,0.0017702823617950308,0.04058421652224542,1.9386223688047362,-4.446622987153148e-05,-8.7542952118476,-9.868023809223253,-9.69221248983076,-9.43972572990752,-9.323068396387974,-8.534329526450986,4.446622987153148e-05,0.005336236367292552,0.21122311280552689,3.1570004211501135,2.803360380906535,0.04880563689803452,-9.394423418024434,-9.392871798597469,2026-08-06,-9.99238592321069,-8.530804828371696,2026-08-12,-10.614952337531637,-7.327624280620234,2026-08-07,-10.305745040486059,-8.546356225401654,2026-08-13
2026-08-06,True,7,0,389.6700134277344,55.849998474121094,389.5,55.459999084472656,8.318667177144691e-05,0.0003850193146690663,0.00010831351038568656,0.007007474514444383,2.252687849485542e-05,8.448665183113902e-05,-0.006622455199775315,-0.0003594081867502258,8.331584601615e-05,7.698804899458622e-05,-0.010938881013070932,0.00022797262820381032,-0.003931406498626444,1.9426307633523572,0.00400839454762103,-9.394423418024434,-9.779179788493275,-9.71092990085081,-9.130480662100924,-9.402475857409675,-8.62781811987795,0.00400839454762103,0.47986875659084915,0.36632243383685664,3.2422016501716975,2.760642677762601,0.03263075123937398,-10.614952337531637,-7.327624280620234,2026-08-07,-10.305745040486059,-8.546356225401654,2026-08-13,-9.891452512844248,-9.822609614300925,2026-08-10,-10.405868960684877,-9.465593316674646,2026-08-14
2026-08-07,True,7,0,398.4700012207031,57.5,399.5950012207031,57.999000549316406,2.4546228579732496e-05,-0.002718920714806507,0.00012149808019018042,-0.008466961949598756,6.132121381964868e-05,4.236154747513212e-05,0.005748041234792249,0.025151275691906946,0.0006571328975100417,0.022331954604684512,0.037756280295420094,0.0015470347819365082,0.029115449609114386,1.935847268347928,-0.006783495004429874,-10.614952337531637,-9.71181917259023,-9.804141723383806,-9.015612096212372,-9.215073353054857,-8.71888079914882,0.006783495004429874,0.8485456681846212,0.0417150666215521,3.213260086082565,2.718000506775858,0.06997566318931536,-9.891452512844248,-9.822609614300925,2026-08-10,-10.405868960684877,-9.465593316674646,2026-08-14,-10.175623483195817,-10.052564811974996,2026-08-11,-10.277083765747207,-9.411060105371435,2026-08-17
2026-08-10,True,7,0,402.5400085449219,59.40999984741211,397.7139892578125,57.79999923706055,5.060538760942743e-05,0.012111021009215238,0.00033251742335061775,0.02781039203492825,0.00013613081790452561,0.00012349599652775975,-0.015699371025713012,-0.0018990891531286199,5.421192722095821e-05,0.010162275879128657,0.005203814675382379,0.00035959711052634276,0.032677611995957534,1.9133319322310987,-0.022515336116828877,-9.891452512844248,-9.606535424004992,-9.768060142949516,-8.008818298186764,-8.851978720561421,-8.647237459219463,0.022515336116828877,2.861854363973421,0.8276420651716183,3.2441536320524693,2.701361187349418,0.07968053466045255,-10.175623483195817,-10.052564811974996,2026-08-11,-10.277083765747207,-9.411060105371435,2026-08-17,-10.340170455989648,-8.813278579174156,2026-08-12,-9.979471014523964,-9.177523180127324,2026-08-18
2026-08-11,True,7,0,400.9599914550781,58.54999923706055,403.44000244140625,58.67399978637695,3.808753543878336e-05,-0.006116205670216153,7.042349601832502e-05,-0.0022863980142599893,4.033818212110067e-05,3.408642466800386e-05,-0.003829807655956163,0.002233291789581292,4.307512765619457e-05,-0.003932841633815798,-0.012465864881916531,0.00022582128327252487,-0.014581482786098832,1.923980573383382,0.010648641152283034,-10.175623483195817,-9.555064206687678,-9.767700767984367,-9.560983600222208,-8.85651286933567,-8.651574632170126,0.010648641152283034,1.3100935481137186,0.5991627807749146,3.32862668882732,2.7382560456267386,0.06917812719136585,-10.340170455989648,-8.813278579174156,2026-08-12,-9.979471014523964,-9.177523180127324,2026-08-18,-10.740312892975863,-9.594630750242429,2026-08-13,-9.702821185833638,-8.403736158819791,2026-08-19
2026-08-12,True,7,0,404.9200134277344,59.060001373291016,405.30999755859375,59.58000183105469,3.230881496001837e-05,-0.0010614614222792152,4.4506198033711205e-05,-0.008596801865040592,3.5089099120240264e-05,2.0862956936744653e-05,0.007535340442761378,0.010790549991457035,0.00014874478407815177,0.009827899495455483,0.017438901004679395,0.00034862146628471925,0.008672822555085169,1.9251356503237518,0.0011550769403703143,-10.340170455989648,-9.99238592321069,-9.858708652685694,-10.019882096834438,-8.906895131666413,-8.683890160262559,0.0011550769403703143,0.14129556618501937,0.1770611402363522,3.2577118486533987,2.7265447662626667,0.03846627639444744,-10.740312892975863,-9.594630750242429,2026-08-13,-9.702821185833638,-8.403736158819791,2026-08-19,-11.661878531916742,-9.521836427877892,2026-08-14,-9.388058369203188,-8.278140779332613,2026-08-20
2026-08-13,True,7,0,398.9599914550781,58.15999984741211,402.1700134277344,58.810001373291016,2.165416175814315e-05,-0.008013778368586258,7.954647246061718e-05,-0.010770273510754401,2.4875250600896654e-05,3.816269180893183e-05,0.0027564951421681413,-0.006814631703538865,6.809336701302017e-05,-0.014828410072125209,-0.004241967745066251,9.754076281079964e-05,-0.0153560689665726,1.9256633092181998,0.0005276588944473914,-10.740312892975863,-10.305745040486059,-9.883342976282824,-9.439169147839149,-8.950299311668939,-8.676241265868377,0.0005276588944473914,0.06455625241525074,0.15155275248261976,3.2418107961506966,2.6775910067264266,0.023560878273327646,-11.661878531916742,-9.521836427877892,2026-08-14,-9.388058369203188,-8.278140779332613,2026-08-20,-9.54725353957457,-9.485797211819172,2026-08-17,-9.342585317963033,-8.192261214273463,2026-08-21
2026-08-14,True,7,0,401.4800109863281,58.47999954223633,402.17999267578125,58.83000183105469,8.616095519172187e-06,-0.001866577646938894,0.00010558546250223,-0.006138136935864196,7.511669160556629e-05,1.9542433207917947e-05,0.0042715592889253015,0.008038591566750372,7.323504989620239e-05,0.006296606490295176,0.011454129399194355,0.00023678254279571842,0.005486977012150618,1.9264729386963437,0.0008096294781445579,-11.661878531916742,-10.405868960684877,-9.959670817085161,-9.155989861867484,-8.975143273629472,-8.802389278819428,0.0008096294781445579,0.0983643821480323,0.15710319739875578,3.1726224403507386,2.6830742228543785,0.0075255301589383095,-9.54725353957457,-9.485797211819172,2026-08-17,-9.342585317963033,-8.192261214273463,2026-08-21,-9.233284301816575,-8.80031841827993,2026-08-18,-9.417825309078088,-8.114315626728752,2026-08-24
2026-08-17,True,7,0,405.489990234375,59.56999969482422,402.3349914550781,59.0,7.139708330132883e-05,0.007761837407249752,0.0002183918261073747,0.00953068629027009,8.320693673462234e-05,0.00010329098633704055,-0.0017688488830203374,0.00212730737441614,7.592251996657412e-05,0.009938441945241294,0.008852636291892677,0.00029676099542391005,0.01846727890379185,1.9179441017377936,-0.008528836958550556,-9.54725353957457,-10.277083765747207,-9.941764184321928,-8.429219741042187,-9.174098215085586,-8.77760948669481,0.008528836958550556,1.091405176518215,0.2878445698523093,3.1747149290824312,2.6567569067146595,0.0073016962250509465,-9.233284301816575,-8.80031841827993,2026-08-18,-9.417825309078088,-8.114315626728752,2026-08-24,-9.150608720542285,-7.192498029151772,2026-08-19,-9.57161969593564,-8.131784625767207,2026-08-25
2026-08-18,True,7,0,398.54998779296875,57.439998626708984,402.54998779296875,58.6150016784668,9.7731728057294e-05,-0.01003650777938557,0.0003186639894910985,-0.020423844969160363,7.831776617212447e-05,0.00016903897568813398,0.010387337189774793,-0.007276905833683673,0.00015068508656959347,-0.01726325801008688,-0.01616142135837897,0.0005798555298141665,-0.03641118568592017,1.9370920294136262,0.019147927675833287,-9.233284301816575,-9.979471014523964,-9.932298804549918,-8.051373334794834,-8.782860772658427,-8.7761884719979,0.019147927675833287,2.409161637836552,1.0613203387770183,3.223664341599998,2.7206372889831454,-0.006028720151220135,-9.150608720542285,-7.192498029151772,2026-08-19,-9.57161969593564,-8.131784625767207,2026-08-25,-8.912540898688004,-8.4310397644008,2026-08-20,-9.83975363437849,-8.640288547644914,2026-08-26
2026-08-19,True,7,0,413.8399963378906,60.0099983215332,408.80999755859375,58.90399932861328,0.00010615516424591692,0.01232559407654561,0.00022985674172140675,0.018602198363202715,5.3733093624436405e-05,0.00014113940617144365,-0.006276604286657104,0.025417564212531413,0.0007522077347440746,0.037646486600839246,0.025168087836735208,0.0008632893870790255,0.043770286199937836,1.9309682298145288,-0.006123799599098589,-9.150608720542285,-9.702821185833638,-9.850025903739471,-8.37805430518109,-8.566336701107986,-8.73275904054292,0.006123799599098589,0.7739752317773154,0.1465404209060461,3.177220149599368,2.7625383960193535,0.021789866954163628,-8.912540898688004,-8.4310397644008,2026-08-20,-9.83975363437849,-8.640288547644914,2026-08-26,-10.480095504603021,-8.583725951404668,2026-08-21,-10.361044756938503,-8.88238005043401,2026-08-27
2026-08-20,True,7,0,415.260009765625,61.65999984741211,410.0799865722656,60.2599983215332,0.00013468916730394653,0.012552623727142062,0.0006100997850752388,0.02312905346382012,0.0001841926171736299,0.00028029816760277764,-0.010576429736678057,-0.009127186974586936,0.00021799470937301595,0.0034254367525550222,0.0041573188167715385,0.0006273830848195214,0.027124232951702076,1.907269433615381,-0.023698796199147054,-8.912540898688004,-9.388058369203188,-9.765779758433162,-7.401888032084453,-8.123397368753308,-8.599580652905642,0.023698796199147054,2.980726065053516,1.054664437195715,3.283914221047423,2.700689869753188,0.04004371377884386,-10.480095504603021,-8.583725951404668,2026-08-21,-10.361044756938503,-8.88238005043401,2026-08-27,-10.135504309290788,-8.578485155904035,2026-08-24,-8.932412065875358,-8.48014237392511,2026-08-28
2026-08-21,True,7,0,423.3599853515625,62.720001220703125,420.5299987792969,62.900001525878906,2.8090039669992897e-05,0.006754314858445994,3.341386228332887e-05,-0.002945532055526049,2.6884902380422998e-05,1.7309499786449385e-05,0.009699846913972042,0.01261096400519918,0.00018712645281042224,0.019317992727441613,0.019910767981862174,0.0004298525439108768,0.017044975521555372,1.9095424508212682,0.002273017205886241,-10.480095504603021,-9.342585317963033,-9.769350397664821,-10.306539705663221,-8.173301259879793,-8.633728840699806,0.002273017205886241,0.27194154860785363,0.19418776611555902,3.3061538329752613,2.773213541304803,0.053065100015990296,-10.135504309290788,-8.578485155904035,2026-08-24,-8.932412065875358,-8.48014237392511,2026-08-28,-10.131363324923615,-8.988988324138482,2026-08-25,-8.89309439718533,-8.596868980415678,2026-08-31
2026-08-24,True,7,0,426.69000244140625,62.20000076293945,428.54998779296875,62.810001373291016,3.9646641810718097e-05,-0.004255868385212372,0.00012007161935538598,-0.009759306319456795,5.095541878905527e-05,5.43814211885244e-05,0.005503437934244422,0.012184542534232692,0.00018810971857924374,0.007834913645818453,0.0014339228256056045,0.00012212775402517875,-0.008325383493851923,1.925702747960938,0.016160297139670377,-10.135504309290788,-9.417825309078088,-9.745097627208576,-9.027422165251654,-8.245559713055284,-8.649419979310627,0.016160297139670377,1.9697755416913043,0.8920080705219917,3.306520334720247,2.7166795353641056,0.050961571716567455,-10.131363324923615,-8.988988324138482,2026-08-25,-8.89309439718533,-8.596868980415678,2026-08-31,-10.628530640073496,-8.702485938437217,2026-08-26,-8.879680157243515,-8.12572370892172,2026-09-01
2026-08-25,True,7,0,428.07000732421875,62.31999969482422,422.7749938964844,60.9900016784668,3.9811158329743246e-05,0.012516719209165689,0.00011990398033616913,0.021412004767062176,5.5788968940180425e-05,5.196308486286597e-05,-0.008895285557896485,-0.00921765177302513,0.00012477626253849658,0.003228990748476157,-0.019645068182316025,0.0005058326842240146,0.0019273846545351248,1.9270043540548785,0.0013016060939410323,-10.131363324923615,-9.57161969593564,-9.746899093525334,-9.028819299349465,-8.40982330600029,-8.66646243063968,0.0013016060939410323,0.16333779727878409,0.15569895454707214,3.342154841028372,2.76316952439078,0.07145382047513049,-10.628530640073496,-8.702485938437217,2026-08-26,-8.879680157243515,-8.12572370892172,2026-09-01,-10.540485730637977,-10.487518158700292,2026-08-27,-8.817016376152507,-8.154322719648219,2026-09-02
2026-08-26,True,7,0,421.32000732421875,61.59000015258789,423.0,61.59000015258789,2.4215185052598812e-05,-0.00395583630116028,3.88866653139019e-05,0.0003246827567461681,6.5859149943539385e-06,2.8257967686073386e-05,-0.004280519057906448,-0.011914571674177749,0.00016617220323171755,-0.015894093368133966,-0.011782874489147003,0.00017772279654089314,-0.011782874489147055,1.9228931351758916,-0.004111218878986911,-10.628530640073496,-9.83975363437849,-9.74615300271749,-10.15485916009426,-8.597995615873812,-8.692087340719448,0.004111218878986911,0.5152911647673877,0.1219947251993883,3.3210713371828704,2.737608990998456,0.01791324050615728,-10.540485730637977,-10.487518158700292,2026-08-27,-8.817016376152507,-8.154322719648219,2026-09-02,-7.5424846989069385,-7.541115342495683,2026-08-28,-8.774439339642974,-7.9028907396852155,2026-09-03
2026-08-27,True,7,0,422.6000061035156,62.77000045776367,420.81500244140625,61.66999816894531,2.6443882003299973e-05,0.004232806647098992,0.00014297730672523242,0.017600024233549984,6.271119746270984e-05,5.335499563291127e-05,-0.01336721758645099,-0.0011993443746922017,2.7882308932405802e-05,0.0030334622724064175,0.001298037135797007,0.00014466220713114052,0.018977737445724507,1.9069488600025741,-0.01594427517331809,-10.540485730637977,-10.361044756938503,-9.745958519949555,-8.852824634526772,-9.304094208680137,-8.669464267285385,0.01594427517331809,2.030697551798947,0.742577462465359,3.2943542860441064,2.721953108779221,0.017521266026008675,-7.5424846989069385,-7.541115342495683,2026-08-28,-8.774439339642974,-7.9028907396852155,2026-09-03,-9.62402347064633,-9.514427706860069,2026-08-31,-9.81123585821529,-8.088762711970759,2026-09-04
2026-08-28,True,7,0,408.8900146484375,60.02000045776367,422.239990234375,63.93000030517578,0.0005300788977028342,-0.032323355169019415,0.002261811127624309,-0.06294432262336183,0.0006202595283315767,0.001085815248497783,0.03062096745434241,-0.0008522699978529812,0.0005308052618520745,-0.03297991258547395,0.01831147993007352,0.0025971214248537945,-0.044799411983080795,1.9187683594001812,0.011819499397606847,-7.5424846989069385,-8.932412065875358,-9.518665035996122,-6.091589402730011,-7.53001512259603,-8.311812959444184,0.011819499397606847,1.4809298497934489,0.657895896551719,3.288401887516811,2.674838082670172,-0.034776639286906885,-9.62402347064633,-9.514427706860069,2026-08-31,-9.81123585821529,-8.088762711970759,2026-09-04,-9.92196981713403,-7.292663088861394,2026-09-01,-9.967695396765937,-8.078777082473923,2026-09-08
2026-08-31,True,7,0,408.4200134277344,60.130001068115234,407.760009765625,60.38999938964844,6.612104565408995e-05,0.0016662406835008829,0.00015093348464966235,-0.004314615398067691,2.7971070492585585e-05,9.454172990558335e-05,0.005980856081568574,-0.002767417058025183,7.377964282713871e-05,-0.0011501174740704556,0.006145670573904906,0.000188702751452623,0.0018310551758364824,1.9157871867502736,-0.002981172649906938,-9.62402347064633,-8.89309439718533,-9.514343211635394,-8.798671317206397,-7.518580788347695,-8.310237218340502,0.002981172649906938,0.3236295493057834,0.08221633677270097,3.2256528091472245,2.669309393934482,-0.043761670406795794,-9.92196981713403,-7.292663088861394,2026-09-01,-9.967695396765937,-8.078777082473923,2026-09-08,-9.57820597530359,-8.991453279861936,2026-09-02,-9.84751174585218,-8.334628325448131,2026-09-09
2026-09-01,True,7,0,396.75,57.91999816894531,398.2850036621094,58.38999938964844,4.908437425298408e-05,-0.003685042794295222,7.855978955537036e-05,-0.008081915378484121,2.1972445080355762e-05,5.283585936399934e-05,0.004396872584188899,-0.02512825094728213,0.0006805133699225694,-0.02898973015866524,-0.029364270972479387,0.0009408201993005658,-0.037446186350963195,1.924243642942571,0.008456456192297956,-9.92196981713403,-8.879680157243515,-9.48744011710385,-9.451650572697487,-7.533928765645272,-8.30248725843966,0.008456456192297956,0.9228244540381169,0.517021355374896,3.1945831322991562,2.70270259988915,-0.07598039131393719,-9.57820597530359,-8.991453279861936,2026-09-02,-9.84751174585218,-8.334628325448131,2026-09-09,-9.743538815415496,-7.731468022010821,2026-09-03,-9.925892204983851,-8.321903477372132,2026-09-10
2026-09-02,True,7,0,402.7799987792969,59.06999969482422,399.7099914550781,58.72999954223633,6.92210206185946e-05,0.0076512413574373935,4.5454961497781217e-05,0.00577251441274983,1.1915682374372888e-05,5.1380149871001466e-05,0.0018787269446875633,0.0074329033840646,0.00012446907333543358,0.015084144741502215,0.013887945276105509,0.00023832998548988253,0.01966045968885588,1.919667327995218,-0.004576314947353666,-9.57820597530359,-8.817016376152507,-9.45659570806597,-9.998788579431155,-7.531474659164203,-8.315258736641212,0.004576314947353666,0.4992545879858642,0.17484349879639072,3.2359295794340284,2.793616098770161,-0.04500215320430101,-9.743538815415496,-7.731468022010821,2026-09-03,-9.925892204983851,-8.321903477372132,2026-09-10,-10.379550297120984,-8.434300260841036,2026-09-04,-9.973838058894868,-8.456674075004088,2026-09-11
2026-09-03,True,7,0,410.2200012207031,60.54999923706055,410.7099914550781,60.02000045776367,5.8672535749374555e-05,-0.0010718957684783068,0.0002226832369033456,0.008709012324384383,6.434575512889029e-05,0.00010850500876191495,-0.00978090809286269,0.01949684438582102,0.0004387994767542952,0.0183030999814644,0.015954671486270666,0.0004772347791381638,0.02474628124614231,1.9132241467305404,-0.006443181264677911,-9.743538815415496,-8.774439339642974,-9.434538468236704,-8.40976025863397,-7.502164488521363,-8.287958911717997,0.006443181264677911,0.7195347091369553,0.2863106744506829,3.2634667081960758,2.721295415303884,-0.029732515495243028,-10.379550297120984,-8.434300260841036,2026-09-04,-9.973838058894868,-8.456674075004088,2026-09-11,-10.54164063537965,-9.324822023841325,2026-09-08,-9.883187551496006,-8.333907175654637,2026-09-14
2026-09-04,True,7,0,406.7699890136719,59.81999969482422,404.6600036621094,59.154998779296875,3.1061225127553867e-05,0.005139224055099056,0.00010103324585866251,0.011178951030279473,4.234979368221706e-05,4.487233865199966e-05,-0.006039726975180417,-0.01364638672859426,0.0002172850958739074,-0.008445715995856418,-0.023308360328990297,0.0006443129070847111,-0.012129409298710314,1.9169078400333948,0.0036836933028538965,-10.379550297120984,-9.81123585821529,-9.509344451986204,-9.200060928369108,-9.030246764444344,-8.284075499372166,0.0036836933028538965,0.40885629249220506,0.25825036868521445,3.3024814087229974,2.6616571402213416,-0.005198318905625499,-10.54164063537965,-9.324822023841325,2026-09-08,-9.883187551496006,-8.333907175654637,2026-09-14,-9.445747775979296,-8.014735893414212,2026-09-09,-9.918876713654523,-8.395050109791322,2026-09-15
2026-09-08,True,7,0,399.7200012207031,59.369998931884766,403.55999755859375,59.869998931884766,2.6413359467289478e-05,-0.009610873232744059,0.00010346873450174621,-0.008386496804926119,4.497951484686506e-05,4.245128956108532e-05,-0.00122437642781794,-0.0079227186431241,8.918283016539566e-05,-0.01748358308614506,0.0008354789964510977,0.00010416675965525715,-0.007551017808475002,1.9069752747557245,-0.009932565277670058,-10.54164063537965,-9.967695396765937,-9.54476424197983,-9.176241073003574,-9.112850808179145,-8.284948006003734,0.009932565277670058,1.1022000164201913,0.486240391738232,3.282038399825841,2.6762154592044345,-0.021531784517700103,-9.445747775979296,-8.014735893414212,2026-09-09,-9.918876713654523,-8.395050109791322,2026-09-15,-9.917807327627939,-8.875010237573699,2026-09-10,-9.23782711171264,-8.282947019354879,2026-09-16
2026-09-09,True,7,0,403.3500061035156,60.720001220703125,406.1099853515625,61.16999816894531,7.902488334996365e-05,-0.006844153163445813,0.0004829014228621785,-0.007054356069371099,0.00021789873289524477,0.00017201378665844864,0.0002102029059252858,0.015859717748197187,0.00033055553040244447,0.009040381467557701,0.029867813028845693,0.001374987677988263,0.02248412289942081,1.8935315333238607,-0.01344374143186311,-9.445747775979296,-9.84751174585218,-9.51075197862913,-7.635698018594651,-8.562670168551548,-8.221865845016701,0.01344374143186311,1.4825426056123743,0.7168803168562268,3.3054204262683866,2.7549338039876257,0.016498327108522837,-9.917807327627939,-8.875010237573699,2026-09-10,-9.23782711171264,-8.282947019354879,2026-09-16,-9.960519691142949,-8.161183583204416,2026-09-11,-9.294760497614691,-8.039981659457492,2026-09-17
2026-09-10,True,7,0,396.3599853515625,57.5,399.5299987792969,58.41999816894531,4.9289113262099334e-05,-0.007738892689658247,0.0001080651088059565,-0.015734207138972736,2.9623978700877584e-05,6.386512168358913e-05,0.007995314449314488,-0.00951583331612902,0.00013984019696245035,-0.017481834281749542,-0.038614887574528564,0.001599174651199437,-0.05448820538787569,1.930537904429987,0.037006371106126146,-9.917807327627939,-9.925892204983851,-9.511560267027924,-9.132776653172318,-8.499204218648686,-8.260572924033136,0.037006371106126146,3.915057341965145,2.0630983872920745,3.3246762437544124,2.8009331396275767,-0.01606765191472892,-9.960519691142949,-8.161183583204416,2026-09-11,-9.294760497614691,-8.039981659457492,2026-09-17,-9.84199140142079,-7.940425068015245,2026-09-14,-9.230709915623319,-8.15822837783634,2026-09-18
2026-09-11,True,7,1,398.7699890136719,58.119998931884766,402.5260009765625,58.72999954223633,4.7228185595847456e-05,-0.009801270380669698,9.43708890543061e-05,-0.010440841415727743,2.289759428233698e-05,5.935074018390829e-05,0.0006395710350580461,0.015436841238454367,0.0002855242530170928,0.006061929797228416,0.021165713936747762,0.0005423583355065446,0.010724872521020501,1.9258749617061954,-0.004662942723792085,-9.960519691142949,-9.973838058894868,-9.50596067943722,-9.268277911033309,-8.633907472176448,-8.256371040093711,0.004662942723792085,0.507245941680842,0.17843972058164076,3.349202086543775,2.881443135704996,-0.028308822098964903,-9.84199140142079,-7.940425068015245,2026-09-14,-9.230709915623319,-8.15822837783634,2026-09-18,-10.955102177027278,-10.928439713539985,2026-09-15,-9.261476317747427,-8.403497753698135,2026-09-21
2026-09-14,True,7,0,392.8399963378906,56.84000015258789,391.8900146484375,56.84000015258789,5.317132017576742e-05,0.0021665649111823494,0.0001431326941776333,0.00017588744269061984,2.9416184750946567e-05,8.344391480122706e-05,0.00199067746849173,-0.01740355648498752,0.00035605509850191857,-0.0149823870630863,-0.022269514410909134,0.0006390639662753228,-0.022269514410909075,1.9331620890540178,0.007287127347822775,-9.84199140142079,-9.883187551496006,-9.493296497202964,-8.851738426654357,-8.587681270095167,-8.239249449973299,0.007287127347822775,0.7964555857721312,0.47051641963507507,3.2457124788217606,2.7625383960193535,-0.034845493166194785,-10.955102177027278,-10.928439713539985,2026-09-15,-9.261476317747427,-8.403497753698135,2026-09-21,-8.049421697702668,-7.6743436936098846,2026-09-16,-9.236909249751765,-8.383884013986137,2026-09-22
2026-09-15,True,7,0,394.1499938964844,57.529998779296875,393.1099853515625,57.47999954223633,1.746865934758296e-05,0.002616779637061825,9.690531368028079e-05,0.000695668124183103,4.269804500168222e-05,3.583796401309077e-05,0.0019211115128787218,0.0006870386935096559,1.7940681513962415e-05,0.00332913705322202,0.01119674733353085,0.000222272464531211,0.012066223743236293,1.9244250023640033,-0.008737086690014273,-10.955102177027278,-9.918876713654523,-9.495824397904357,-9.241776203829229,-8.594748946492869,-8.236266055889441,0.008737086690014273,0.9564048294722124,0.40526774256819126,3.2786530289040616,2.8390784858167852,-0.014032773026827705,-8.049421697702668,-7.6743436936098846,2026-09-16,-9.236909249751765,-8.383884013986137,2026-09-22,-10.707885810919056,-7.626304578845929,2026-09-17,,,
2026-09-16,True,7,0,391.739990234375,57.04999923706055,398.92999267578125,58.349998474121094,0.0003192865132255386,-0.018162063306432046,0.000585705233083024,-0.022504991709462414,4.880631099531449e-05,0.0004280927176566241,0.004342928403030365,0.01205441252190614,0.0004645953744738262,-0.006133202522902614,0.014152802925459285,0.0007860070637299129,-0.008378466721739919,1.926670266562841,0.0022452641988373045,-8.049421697702668,-9.23782711171264,-9.32366118217743,-7.442693910158539,-8.489403682771142,-8.157091463553899,0.0022452641988373045,0.24459343462804667,0.1908776825134413,3.292126286607793,2.844909428176351,-0.02920635701728802,-10.707885810919056,-7.626304578845929,2026-09-17,,,,-9.463635029762699,-9.153994399417718,2026-09-18,,,
2026-09-17,True,7,0,398.3599853515625,58.970001220703125,400.2799987792969,59.040000915527344,2.2367851946559734e-05,-0.005009026717686013,8.581679172450191e-05,-0.0015255558735910012,6.726107669627398e-05,2.0461783487393825e-05,-0.0034834708440950116,0.021565969674878522,0.0004874588999643397,0.01675775279382652,0.03428713286420357,0.0012614242717720503,0.03310079777790875,1.9103272215787581,-0.016343044984082233,-10.707885810919056,-9.294760497614691,-9.34893810832859,-9.363295862873843,-8.511279788378888,-8.178334845332689,0.016343044984082233,1.7931402654017532,0.8440461059039263,3.279029747687948,2.8741294000992386,0.005033230058288041,-9.463635029762699,-9.153994399417718,2026-09-18,,,,-10.169334825222684,-10.017339184795697,2026-09-21,,,
2026-09-18,True,7,0,401.1700134277344,59.93000030517578,400.4800109863281,60.08000183105469,7.762391232207853e-05,0.001871001230457069,0.00013520096968846457,-0.0028336043839398755,2.9343127286545667e-05,9.174087736199871e-05,0.0047046056143969445,0.0053077728247847575,0.0001057963646816021,0.007029228798811182,0.018648177219999465,0.0004829554833169716,0.01614835884947663,1.9012080915280931,-0.009119130050665447,-9.463635029762699,-9.230709915623319,-9.359492282140405,-8.908748222129175,-8.47149255458813,-8.20849716604764,0.009119130050665447,1.0049344119509829,0.46278904723397324,3.2180755046974316,2.7369615174193824,0.006000529059870807,-10.169334825222684,-10.017339184795697,2026-09-21,,,,-10.438455685353588,-10.123310265692576,2026-09-22,,,
2026-09-21,True,7,0,398.3800048828125,59.630001068115234,400.1650085449219,60.13999938964844,3.8327809631458726e-05,-0.004545952258374687,7.890063081102098e-05,-0.008348687748929672,2.0095599931677134e-05,4.856642025540128e-05,0.0038027354905549853,-0.0025083276836484836,4.4619517400016095e-05,-0.006978975186592962,0.0034979478492397176,9.113626996702175e-05,-0.005018398514903488,1.8992475148564039,-0.0019605766716894735,-10.169334825222684,-9.261476317747427,-9.395938136081272,-9.447321335074431,-8.534818672648742,-8.234016105701848,0.0019605766716894735,0.2190379684426963,0.07803324291930692,3.1488824530476656,2.6953026566130425,0.014003940936364145,-10.438455685353588,-10.123310265692576,2026-09-22,,,,,,,,,
2026-09-22,True,7,0,,,397.07000732421875,59.310001373291016,2.9284397703617634e-05,0.007551887540006429,0.00022075539633784836,0.023824538246140035,0.00010048499459387748,7.477739972379426e-05,-0.016272650706133606,-0.0032937298957814265,4.0133054329981964e-05,,-0.005380872042299735,0.0002497091802734513,,,,-10.438455685353588,-9.236909249751765,-9.455350809112264,-8.418455273307424,-8.41610065114149,-8.303007374745771,,,,3.1518809560439225,2.6993457527759697,,,,,,,,,,,,,
