date,log_gvol5,log_gvol20,log_gvol60,gret5,qret5,gret20,qret20,qaccel,log_qvol20,qz5,qshock,log_vix,dollar20,real20,signal_date,log_future_vol,future_return,log_future_downside,label_end
2006-04-28,,,,,,,,,,,,,,,2006-04-28,-1.164078115692443,-0.0007676833127128191,-1.368114758074875,2006-05-30
2006-05-05,-1.6463302969759825,,,0.04358973279654155,0.030427417419618852,,,,,,,2.4731713935695794,,,2006-05-05,-1.1343071379920369,-0.07704983108709218,-1.2803996228912842,2006-06-06
2006-05-12,-1.4107312792333255,,,0.04500802570603746,0.012045354253027885,,,-0.018382063166590967,,,,2.5249283241374862,,,2006-05-12,-1.043329368720892,-0.1868713640098809,-1.0934636979503405,2006-06-13
2006-05-19,-0.7848267654425174,,,-0.08109783048719788,0.05686811152314952,,,0.04482275727012164,,,,2.8326249356838407,,,2006-05-19,-1.0182418048258377,-0.1306914726109376,-1.116494261262143,2006-06-20
2006-05-26,-1.2315688896180446,-1.164004960799924,,-0.007346273561910088,-0.012886429683772072,0.00015365445347104156,0.08645445351202419,-0.0697545412069216,-1.2419216629072627,,,2.740840023925201,,,2006-05-26,-1.0741215509726716,-0.12116765835539489,-1.1824588677378525,2006-06-27
2006-06-02,-1.4285323569203587,-1.1375054556592958,,-0.018721248440390248,0.022314293055848644,-0.060791401526209654,0.07888124345428738,0.07065263062228944,-1.178635551410738,,,2.67552700939665,-0.012307433546905777,-0.010000000000000231,2006-06-02,-1.019101802121802,-0.017693943714257365,-1.2455709694959258,2006-07-03
2006-06-09,-1.6579756768465703,-1.1701597769630758,,-0.04922331621684428,0.034962096288912115,-0.16128571614217702,0.12218802791461147,0.01264780323306347,-1.1238355419559494,,,2.9096295745005794,0.016548744914112845,0.040000000000000036,2006-06-09,-1.005691131083801,0.06106552247295305,-1.2954083512854127,2006-07-11
2006-06-16,-0.5935931731713925,-1.0178749714567616,,-0.04690609141426538,0.03712063457597026,-0.15662431779455765,0.046058686354290224,0.0021585382870581427,-1.0750000112427003,,,2.766319109226186,0.013694814633570473,0.04999999999999982,2006-06-16,-1.3237167557593976,0.10978649010520414,-1.9891508557448323,2006-07-18
2006-06-23,-1.3806848077456715,-1.079220523380388,,0.005360112564885888,-0.0007436438663557254,-0.10949054350661402,0.09365338005437529,-0.03786427844232598,-1.1222054504093382,,,2.7650604558189897,0.016809109111945553,0.18999999999999995,2006-06-23,-1.2862275168190231,0.05459087985350575,-1.7933472954425564,2006-07-25
2006-06-30,-1.1265495824441032,-1.0301566648935392,,0.05436664718130757,-0.018809508632323446,-0.036402647884916206,0.0525295783662032,-0.01806586476596772,-1.2363528995740662,,,2.567254391136754,0.012656934556245503,0.1499999999999999,2006-06-30,-1.4500901765428607,0.033837210587513766,-1.8197408653568232,2006-08-01
2006-07-07,-1.4141529558825832,-1.0448164823800898,,0.05093201537593384,0.0017973996675859638,0.027847051248436117,0.019868271800238535,0.02117960506411798,-1.305645596753116,,,2.613739521630969,0.004226853987093548,0.10999999999999988,2006-07-07,-1.4583405770741606,0.03920830274851994,-1.8291189585038043,2006-08-07
2006-07-14,-1.356240343931994,-1.3757994612657003,,0.05013499142555666,0.03488760605081165,0.13872980738134988,0.025112388846245892,0.033090206383225684,-1.7670565950141004,,,2.8786365016777435,-0.004071412283788156,0.009999999999999787,2006-07-14,-1.64049973430009,-0.02694300461028476,-1.8793497933711083,2006-08-14
2006-07-21,-1.103946199608098,-1.2933501636391016,,-0.06493342752023779,-0.005731892216241707,0.0666690163535586,0.01157090810562389,-0.040619498267053356,-1.552642150945845,,,2.785628335747585,0.005116318618885174,-0.13999999999999968,2006-07-21,-1.6865639095724065,0.021039767173624213,-2.044038963881088,2006-08-21
2006-07-28,-1.9487185840601058,-1.3750012262366387,-1.1735270137938965,0.02243326777037069,-0.028121549569905646,0.058566847051623405,0.0028315639322502584,-0.02238965735366394,-1.5592334060247581,,,2.7040421797046714,-0.008811587527560505,-0.20999999999999996,2006-07-28,-1.7064647558174015,-0.03479732279823544,-1.9705000315332868,2006-08-28
2006-08-04,-1.8629018383638711,-1.4486416139451637,-1.1938117458050153,0.01836927661152643,-0.06434199587304557,0.026004108287216,-0.06330783160838127,-0.03622044630313992,-1.4322202477808121,,,2.671386216730619,-0.0038739479159506374,-0.23999999999999977,2006-08-04,-1.6776510601431078,-0.017832466662482283,-2.000161882328557,2006-09-05
2006-08-11,-1.6550349025582063,-1.5213246682889794,-1.256802261491731,-0.024727611923362147,0.013463244523284956,-0.04885849506170281,-0.08473219313590796,0.07780524039633052,-1.4928650765622846,,,2.671386216730619,-0.008310448402998993,-0.20999999999999996,2006-08-11,-1.4767763246299288,-0.06521345287719438,-1.6498736268869425,2006-09-12
2006-08-18,-1.6812208412488647,-1.7721655428145369,-1.3048909834761866,-0.026991507980534735,-0.038751996097543984,-0.01091657552199976,-0.11775229701721024,-0.05221524062082894,-1.677801926339042,,,2.50470927708418,-0.013780438677456708,-0.17000000000000037,2006-08-18,-1.4501951588482134,-0.09255933260072524,-1.5632499091686642,2006-09-19
2006-08-25,-1.776799992513882,-1.737370882564589,-1.3178528388900692,0.01188841514357275,-0.017525441411463394,-0.0214614281487977,-0.10715618885876799,0.02122655468608059,-1.643847678161761,,,2.517696472610991,-0.006894610566270387,-0.1900000000000004,2006-08-25,-1.4417972763487807,-0.037752909828326686,-1.5944916804772027,2006-09-26
2006-09-01,-1.9234545032650845,-1.7485876683710024,-1.3315664969599503,0.0059720770241158405,-0.03658753419528926,-0.03385862773620829,-0.07940172718101168,-0.019062092783825868,-1.6659574386933524,,,2.510411940196362,0.0003528712771991849,-0.10999999999999988,2006-09-01,-1.3428423086934154,-0.10385351377517527,-1.429026544823262,2006-10-03
2006-09-08,-1.394458804769401,-1.6433177513294395,-1.4674503131716525,-0.026846182694924003,0.03531935851323764,-0.04214039633867728,-0.04288261932222648,0.06999426940348163,-1.5434844223501099,,,2.6304489550786583,0.00963352968479203,0.06000000000000005,2006-09-08,-1.5517119356703757,-0.02247284251395687,-1.7098278783666583,2006-10-09
2006-09-15,-1.1599642554180656,-1.474797213077993,-1.472318210722366,-0.054910401360175776,0.061317813561439394,-0.06132119664593727,0.04137814811409912,0.025998455048201752,-1.2462856691242528,,,2.446685436967803,0.00914755299159431,0.07000000000000028,2006-09-15,-1.593323551638484,0.016013947755216584,-1.841858602376497,2006-10-16
2006-09-22,-1.49788562279574,-1.4261963740958876,-1.444114048863568,0.01898242432903441,-0.013093240237878945,-0.054067221270275745,0.0488690209465541,-0.07441105379931834,-1.2233092746449834,,,2.505525936990736,0.0005872004452047719,0.06000000000000005,2006-09-22,-1.6078215494118184,-0.012730288712568871,-1.8465666412580564,2006-10-23
2006-09-29,-1.9889240590813766,-1.4312735940501875,-1.5217926222535543,0.016445250007059542,-0.010102649043755463,-0.04632890971900583,0.07344128279304263,0.002990591194123482,-1.30353950106235,,,2.4612967841488667,0.0087879174642298,-0.009999999999999787,2006-09-29,-1.622874899802385,0.01259991437401009,-1.861470106473153,2006-10-30
2006-10-06,-1.282287863917507,-1.3985301052709083,-1.5133940720531698,-0.04259616094600993,-0.011013660311450124,-0.062078887970091756,0.027108263968354862,-0.0009110112676946613,-1.3300720621653082,,,2.4832385926873033,0.00454943212892811,-0.029999999999999805,2006-10-06,-1.8127044845712255,0.07880469416553915,-2.4775124563407145,2006-11-06
2006-10-13,-1.8501300334616757,-1.577971452482197,-1.5846625977137014,0.02734677159238519,-0.020520170671385785,0.020178284982469208,-0.054729720264470316,-0.00950651035993566,-1.7355811463600581,,,2.4060438013622756,0.014602119383342327,0.08999999999999986,2006-10-13,-1.685916660507848,0.049779567290671345,-2.2696301245233035,2006-11-13
2006-10-20,-1.8508986435014434,-1.6584030359256543,-1.5886948213896823,0.003579025332204111,-0.016663196539104863,0.00477488598563891,-0.058299676565696235,0.0038569741322809215,-1.8645486738806942,,,2.388762789235098,0.012367414312141278,0.18000000000000016,2006-10-20,-1.77980253468449,0.0671213515933422,-2.529018334425713,2006-11-20
2006-10-27,-1.7997882759936614,-1.6295776722527717,-1.5857110464355717,0.010492611833345933,-0.0007265134734537604,-0.0011777521880746988,-0.04892354099539453,0.015936683065651103,-1.8698655529544308,,,2.3570732782781154,0.001981215825969329,0.14000000000000012,2006-10-27,-1.7713674901767247,0.05946512555251715,-2.5248999182739422,2006-11-28
2006-11-03,-1.7823441279535144,-1.8198669051831329,-1.5905178221823777,0.047667161490392296,0.0036100123066500345,0.08908557024832753,-0.034299868377294374,0.004336525780103795,-2.1267586129574636,,,2.435366204227864,-0.006773374601535487,0.009999999999999787,2006-11-03,-1.7890862960590743,0.03055133351242656,-2.487592827913377,2006-12-05
2006-11-10,-1.3979937803009317,-1.6713176169768744,-1.568253106211508,0.0030451572535685756,-0.02948249282387927,0.06478395590951092,-0.04326219052978786,-0.033092505130529304,-2.118304200528687,,,2.3988039507345884,-0.02022146624446819,-0.16000000000000014,2006-11-10,-1.9748850092745134,0.005292319841537996,-2.382717209467489,2006-12-12
2006-11-17,-2.189121317293665,-1.7161774792107343,-1.583911864591986,-0.011426903069193806,0.0043520624517467965,0.049778027508113,-0.0222469315389362,0.033834555275626066,-2.256869564184568,,,2.318458442150336,-0.00861770644721016,-0.11000000000000032,2006-11-17,-1.8873225477089501,0.0004855349997621161,-2.248102127544039,2006-12-19
2006-11-24,-1.9661038677143472,-1.7585483369952584,-1.5784247133047087,0.03509692172491352,-0.015055002211271429,0.06859923273785551,-0.03377485870636043,-0.009834731253008044,-2.0781185673439135,,,2.316487998163037,-0.020231009131165933,-0.14000000000000012,2006-11-24,-1.9672209629101554,-0.027372829581254088,-2.234868391596131,2006-12-26
2006-12-01,-1.8980714301946677,-1.7762710636540873,-1.6234199889814778,0.009716464677733683,-0.03026108453334375,0.034913170866205157,-0.07421171053043363,-0.015206082322072323,-1.9536576485370414,,,2.3896797998449792,-0.028532624540916984,-0.1299999999999999,2006-12-01,-1.9530460587422844,-0.03928311621535485,-2.1093290307140227,2007-01-04
2006-12-08,-1.8862247208819147,-1.972709736823877,-1.716981553547968,-0.0328158712213229,-0.012697972010621061,-0.01440027325506854,-0.06323432971349963,0.01756311252272269,-1.861998066530984,,,2.5392369943330477,-0.031035134586685054,-0.14000000000000012,2006-12-08,-1.9090326195819953,-0.031496087432340225,-2.0478102037207724,2007-01-11
2006-12-15,-1.909958002252823,-1.9141691121441413,-1.7493254535815692,-0.017066635181745227,0.0482519722489787,-0.005069120000420924,-0.009762086506257539,0.060949944259599764,-1.4472560599027342,,,2.299580583973747,-0.020001789173798024,-0.06999999999999984,2006-12-15,-1.7684974629685817,0.031605324416521086,-2.1855279665801475,2007-01-19
2006-12-22,-2.307310661778679,-1.9732524272615448,-1.765949117388173,0.010599390187713276,0.02839232047464968,-0.02956665153762117,0.03368523617966357,-0.019859651774329024,-1.367739592564996,,,2.354228326145884,-0.012840526243278028,-0.009999999999999787,2006-12-22,-1.6915489939735804,0.0347240382540539,-2.1786982029297626,2007-01-26
2006-12-29,-2.286203759350501,-2.059191369734261,-1.8669756497590133,0.02937843540703522,-0.011398207976756058,-0.018495830070804686,0.06384046117550923,-0.10439413957417454,-1.4038419327627645,,,2.39698576841553,0.004543798904139251,0.18999999999999995,2006-12-29,-1.7227695258056228,0.04612586171231836,-2.2764707364920467,2007-02-01
2007-01-05,-1.4667104654846481,-1.8011155838356803,-1.8008757982532853,-0.03350265228773086,0.0149940911326234,-0.05873608060091584,0.06770657450427153,0.018445175199631514,-1.4042599774037237,,,2.4432162227337915,0.02194203319799648,0.25,2007-01-05,-1.8216154399938376,0.06883856029012136,-2.7074797807604587,2007-02-06
2007-01-12,-1.6640586530178099,-1.7551256423253936,-1.7909091060946802,0.03269868002795828,-0.015798063392395978,-0.005613974046289272,0.07211475573238069,-0.030792154525019377,-1.4203872337629004,,,2.386006701133118,0.0260062724680008,0.26000000000000023,2007-01-12,-1.9185213251583229,0.06057708407516049,-2.674558311903153,2007-02-13
2007-01-19,-1.529201339506894,-1.7684974629685817,-1.7972228645303816,0.03834488869095054,-0.0023924556969867616,0.031605324416521086,0.0035616534093056984,-0.009031363770096945,-1.972255676362737,,,2.3841650799864684,0.01006111460722181,0.18000000000000016,2007-01-19,-1.9163401873970192,0.04046473102785786,-2.463502440764667,2007-02-20
2007-01-26,-1.7419641920249525,-1.6915489939735804,-1.7921662946955104,0.01840105683645632,-0.023966490586913913,0.0347240382540539,-0.021646215776888855,-0.02157403488992715,-2.029783276777459,,,2.4176979000945504,0.013842257669615776,0.1299999999999999,2007-01-26,-1.5232073063754412,0.025392340454581053,-1.803933314507414,2007-02-27
2007-02-02,-1.922121426330485,-1.7019897673524889,-1.8026384394004125,0.0017127386509194764,-0.0010539776229983033,0.04177526751788374,-0.020774015833788795,0.02291251296391561,-2.098927623534246,,,2.333114298028869,0.008424838959022907,0.06000000000000005,2007-02-02,-1.3502378875076224,-0.0024909873359275636,-1.5971341961377845,2007-03-06
2007-02-09,-2.0455213968511665,-1.7712062710600769,-1.8756855799843615,0.02822279261326699,-0.0022229414250900525,0.08668147679159333,-0.02963586533198903,-0.0011689638020917492,-2.179005549605178,,,2.3456445824544927,-0.004476446225790909,-0.029999999999999805,2007-02-09,-1.373826614084912,-0.030143668121067613,-1.5875416399755427,2007-03-13
2007-02-16,-2.560156399691023,-1.9897150423201433,-1.8874855895517717,0.0036231600276508402,-0.0032343590161958424,0.051959748128293626,-0.03047776865119811,-0.0010114175911057899,-2.2682844217963947,,,2.3243465847755584,-0.010656050335533962,-0.0900000000000003,2007-02-16,-1.3882918807207596,-0.0006126653171207863,-1.6275331170832914,2007-03-20
2007-02-23,-1.369952380609894,-1.8022930579759275,-1.8072883715375445,0.019533872594108992,-0.020921097756378515,0.055561469220906545,-0.03659429686950988,-0.019756633822457736,-2.207624737172392,,,2.3204250111223765,-0.007326072454045374,-0.08999999999999986,2007-02-23,-1.4752358302097208,-0.03374969000155392,-1.614821227414709,2007-03-26
2007-03-02,-0.9314181943197662,-1.380136458637028,-1.6351785080711438,-0.06104005353250752,0.05951731066518784,-0.023424667319705605,0.03149222200995494,0.08043840842156635,-1.7839235349887577,,,2.761274962339508,-0.011052466186563414,-0.20999999999999996,2007-03-02,-2.174249549706307,0.04535640262895857,-2.8905019737202657,2007-04-02
2007-03-09,-1.7960222404986117,-1.3715460806699493,-1.6302172927930862,0.008440202017162335,0.010227846167911725,-0.01957366453423326,0.04765959514280027,-0.049289464497276114,-1.738283508538217,,,2.659559991941776,-0.007699197425282911,-0.22999999999999998,2007-03-09,-2.2074352199910847,0.04243015800428118,-2.866962392536303,2007-04-10
2007-03-16,-2.2559005784373243,-1.3699081532579005,-1.642252305155761,0.005742279124612892,-0.012526272988997889,-0.027323699796623302,0.03629778608772316,-0.022754119156909614,-1.759069715100949,,,2.799108932049177,-0.006194881040575417,-0.20999999999999996,2007-03-16,-2.1838380187157105,0.04912848967508143,-3.013955188304718,2007-04-17
2007-03-23,-2.233054645484656,-1.4849243790090936,-1.6404912578101865,0.008168324091923473,0.005879490159208078,-0.03868924829880882,0.06309837400330975,0.018405763148205967,-1.7908203488331327,,,2.559550192783766,-0.014694767570913925,-0.18000000000000016,2007-03-23,-2.073281165478635,0.028301762042810097,-2.6949070609067314,2007-04-24
2007-03-30,-2.344311650089747,-2.106463427388044,-1.6531025154255758,0.009015208749067583,-0.008360804169607494,0.03136601398276628,-0.004779740831485579,-0.014240294328815573,-2.2638387574422767,,,2.717340248009303,-0.00707569036067035,-0.009999999999999787,2007-03-30,-1.9502393933936655,0.012675648235245696,-2.414598015410818,2007-05-01
2007-04-05,-2.2426406896304845,-2.2607287384287797,-1.6847712329227469,0.01826326612931428,-0.01190920505080273,0.036245739860755855,-0.01983667951736301,-0.020369143773588227,-2.3014229085436795,,,2.5832425505088623,-0.009835748063045102,0.06999999999999984,2007-04-05,-1.9449502037415112,0.025524478659433747,-2.434186553691618,2007-05-07
2007-04-13,-2.1384442383317164,-2.183574650248299,-1.7161583178850608,0.014551047381328175,-0.009319881963445464,0.05858141013550178,-0.020133851748043607,0.002589323087357265,-2.401875819089336,,,2.542389085201363,-0.014941811164346674,0.09999999999999964,2007-04-13,-1.8663301878654976,-0.031484672795681234,-2.1147484633991116,2007-05-14
2007-04-20,-1.762334011265255,-2.0365126098858735,-1.7280161795026134,0.01259721730471064,0.021139638939615235,0.04373737157361113,0.00837049064815254,0.0304595209030607,-2.2766497510728647,,,2.5289235352047745,-0.013746305874422049,0.1299999999999999,2007-04-20,-1.927089736461538,-0.038681802453840675,-2.0983170864011815,2007-05-21
2007-04-27,-1.9019275305527776,-1.9757341762797398,-1.712061424244379,-0.0167330990040524,0.011192689435251424,0.028678431811300698,0.011103241360618465,-0.009946949504363811,-2.077907512116342,,,2.548663615590751,-0.01553616379462408,0.08999999999999986,2007-04-27,-1.9942255985193318,-0.030571338172837415,-2.1606702892496616,2007-05-29
2007-05-04,-2.0270134446514207,-1.9376982467610486,-1.7097507315678635,0.009281906532817352,0.017171196027402136,0.019697072214803768,0.04018364243882333,0.005978506592150712,-2.1431047570885835,,,2.5718485799218085,-0.012249284934930493,0.020000000000000018,2007-05-04,-1.965777017727517,-0.027932245524351806,-2.160826763456183,2007-06-05
2007-05-11,-1.7584183199374024,-1.8505172220976809,-1.696992717125991,-0.025848223101928802,-0.00805656986108172,-0.02070219826845321,0.041446954541187075,-0.025227765888483855,-2.12821722595339,-0.2957402879428983,0.2957402879428983,2.6100697927420065,-0.0009717215543600943,-0.009999999999999787,2007-05-11,-1.931368512887822,-0.0334438340190335,-2.114955564097214,2007-06-12
2007-05-18,-2.029949449522386,-1.9164844213222985,-1.7544579730519652,-0.014094350924064969,0.004561905884412187,-0.04739376649722882,0.024869221485984028,0.012618475745493907,-2.215058900754792,0.13075860507606157,0.13075860507606157,2.6034301519721073,0.00829475735309515,0.14000000000000012,2007-05-18,-1.999262562323686,-0.0028973685507329705,-2.2485052654709228,2007-06-19
2007-05-25,-2.2084355664233675,-1.9792410890598147,-1.9047781541060425,-0.008891584040064515,-0.007029950902552873,-0.039552251533240934,0.006646581148179731,-0.01159185678696506,-2.713569961155002,-0.22261566985284903,0.22261566985284903,2.644755350729896,0.008041023435610306,0.2200000000000002,2007-05-25,-1.9634791860183316,-0.022535739284919032,-2.176944698294769,2007-06-26
2007-06-01,-1.9695780375944194,-1.9351163318649038,-2.035024038690055,0.02576562091147583,-0.04007905889771335,-0.01568008561164369,-0.03942533490319766,-0.03545956862826438,-2.402454227370457,-1.3800530837129177,1.3800530837129177,2.5687881337687024,0.006827692762246151,0.31999999999999984,2007-06-01,-2.0158666830706817,-0.023108421102871368,-2.191405344425194,2007-07-02
2007-06-08,-1.7728538280058266,-1.9589582841326834,-1.984376419228935,-0.03398461382160978,0.011547708564809689,-0.02734003435691168,-0.03326697815110746,0.05162676746252304,-2.3542426339216345,0.44907431273951254,0.44907431273951254,2.836736542063533,0.003286525707562049,0.41000000000000014,2007-06-08,-2.2130067520716903,0.013966978320471668,-2.570206835724896,2007-07-10
2007-06-15,-2.2910389029336637,-2.003940148631189,-1.9884766974120573,0.009762179563580275,-0.00024137977524452126,-0.0032329962866537443,-0.03339222037759715,-0.01178908834005421,-2.384443974746047,0.06509991233341808,0.06509991233341808,2.613006652415316,0.011737004310194976,0.3900000000000001,2007-06-15,-2.2423306388033635,0.012241974927530208,-2.6503123929936394,2007-07-17
2007-06-22,-2.2390217446522094,-2.0234772980460773,-1.9891634623710863,-0.0010799923337376782,0.010767181638024592,0.00046319431970864855,-0.01800554847012359,0.011008561413269113,-2.3940211853584126,0.5035057743908811,0.5035057743908811,2.6539459421090092,0.005089756455632255,0.2400000000000002,2007-06-22,-2.2264023058375715,0.046103704844767,-2.935302207410542,2007-07-24
2007-06-29,-2.1391340410577544,-2.0652132991043493,-1.987471240500614,-0.007903987747897467,0.04385067430031109,-0.03320641433966465,0.06592418472790085,0.033083492662286496,-1.797858514964125,1.6810241769473477,1.6810241769473477,2.7434173449395014,0.0003644387868453336,0.18999999999999995,2007-06-29,-2.179463082397017,0.011773001767299007,-2.5286416133413683,2007-07-31
2007-07-06,-2.192076085225853,-2.0921214491205022,-1.9729060030737917,0.010834294828452329,-0.011495236400814957,-0.004607642139608181,0.047856072302468355,-0.05501321039995455,-1.7849228707815321,-0.3712497425708432,0.3712497425708432,2.739548868161581,-0.004405300870963025,0.17999999999999972,2007-07-06,-2.1781576399162232,0.017286244573148757,-2.5659345977863843,2007-08-06
2007-07-13,-2.4823883604334163,-2.2389833000235,-1.990067897143042,0.016337483959667942,-0.005735711535180155,0.021894778551241778,0.030191653371190785,0.005759524865634802,-1.7780842792465545,-0.15708770862163993,0.15708770862163993,2.7434173449395014,-0.02932763368850111,-0.009999999999999787,2007-07-13,-1.9435825033033196,0.006662690233198099,-2.2586302614156355,2007-08-13
2007-07-20,-2.1130074039361024,-2.206117320051491,-2.0212846472679824,0.023202942661386672,0.0025884164320131298,0.04571712223515689,0.02887544249515761,0.008324127967193284,-1.7518645372824144,0.18938133896543877,0.18938133896543877,2.7232671669070703,-0.025777768822329072,-0.08000000000000007,2007-07-20,-1.8737432421213724,-0.035451308860339203,-2.0332278584503163,2007-08-20
2007-07-27,-1.9000751257570334,-2.1305165645329516,-2.018355866648964,-0.032636900420651926,0.014714678132646597,0.017737821028855016,7.214662866461552e-05,0.012126261700633467,-2.4737921836849486,0.6488693257972756,0.6488693257972756,3.032064202801381,-0.02297825231381001,-0.22999999999999998,2007-07-27,-1.9582863628171034,0.0031879604057225563,-2.2258060881997133,2007-08-27
2007-08-03,-2.349204011514248,-2.1612454135873316,-2.0364685198203962,0.019379845292379017,-0.012282197972521391,0.026283371492781704,-0.0007148149430418194,-0.02699687610516799,-2.53025259947833,-0.42297090527716474,0.42297090527716474,3.054944133185837,-0.010231236626198736,-0.2999999999999998,2007-08-03,-1.8834679653068307,0.01373574603506178,-2.202047741769382,2007-09-04
2007-08-10,-1.6713804580391876,-1.9471717717378665,-2.0416233486579425,-0.001801032224166832,0.01851604969914744,0.00814485530894693,0.023536946291285776,0.030798247671668832,-2.2919385686494853,0.7704517608652557,0.7704517608652557,3.2763897310688073,0.0012392922124373484,-0.20000000000000018,2007-08-10,-1.9159154232184787,0.062309880815222485,-2.480842805917762,2007-09-11
2007-08-17,-1.7971303622608894,-1.8737978794164567,-2.000562908558895,-0.02371288395192206,0.06648705630851737,-0.0387709713043618,0.08743558616779001,0.047971006609369926,-1.839747890957182,2.6476942793196625,2.6476942793196625,3.428488241898059,0.01615829390101453,-0.2599999999999998,2007-08-17,-1.9766247062726896,0.09625894117117717,-3.3915821621437794,2007-09-18
2007-08-24,-2.3536108552147623,-1.9500481792558129,-2.0202392577605943,0.01677889350144479,-0.0032523372311188403,0.010644822617734917,0.06946857080402458,-0.06973939353963621,-1.7420641965955566,-0.20361438743033553,0.20361438743033553,3.1188344706879745,0.008540214751302067,-0.08000000000000007,2007-08-24,-1.9198886359804104,0.09188728949799341,-3.223134948836242,2007-09-25
2007-08-31,-2.234424711715029,-1.9357371006532655,-2.053936076815861,0.006182573281847681,-0.002019039969737957,-0.0025524493927964187,0.07973172880680801,0.0012332972613808835,-1.6575533710716976,-0.16782941530730727,0.16782941530730727,3.221272949467922,0.0009907348309416975,-0.14000000000000012,2007-08-31,-1.8382968377371092,0.07027708209249184,-2.4912179001364683,2007-10-02
2007-09-07,-1.649655678294682,-1.8798615621767356,-2.0328228151532484,0.05312287140493055,-0.008366180459348005,0.05830350102852222,0.07044612282488139,-0.009238019268843711,-1.7440591929088565,-0.4299974390415584,0.4299974390415584,3.177637076851603,0.0016168759792147824,-0.26000000000000023,2007-09-07,-1.8440448379561127,0.04094833071065995,-2.3475901058346578,2007-10-08
2007-09-14,-2.2800784313983375,-2.0739077084336746,-2.0348959219023817,0.008609588064010687,0.005560139168375056,0.07890030475236287,0.021176134046323458,0.01392631962772306,-2.0430957563630945,0.14660445047281115,0.14660445047281115,3.2092294478163956,-0.02863888199057385,-0.21999999999999975,2007-09-14,-1.8761662794608585,0.05709576228580371,-2.369875657791038,2007-10-15
2007-09-21,-1.7015558790402863,-1.8775057648553746,-1.9820776027656726,0.033024831720866565,-0.039519430688733426,0.10223204936762453,-0.04145363317021067,-0.04507956985710848,-2.0934550840954427,-1.7791219648373053,1.7791219648373053,3.017982882488811,-0.03341358377774295,-0.08000000000000007,2007-09-21,-1.818274625954836,0.031593037920078615,-2.2126731151514902,2007-10-22
2007-09-28,-2.2106643487813145,-1.882573494860965,-1.9847874377774892,0.016044304546026567,-0.0013898421531548522,0.11080159573583437,-0.04371531413286123,0.038129588535578574,-2.289436425889887,-0.09025328124409611,0.09025328124409611,2.833213344056216,-0.029680255968490776,-0.10999999999999988,2007-09-28,-1.7384257757013184,0.055533292564934555,-2.2238019380035037,2007-10-29
2007-10-05,-1.6388213872394546,-1.8782296306661426,-1.9280493291602545,-0.0014975240373917842,0.025220180899361733,0.056181200293512035,-0.01012895277415149,0.026610023052516585,-2.2703058119697856,1.0584405505164995,1.0584405505164995,2.914522218128448,-0.025040601296218767,-0.07999999999999963,2007-10-05,-1.7068721198358727,0.09489648911995285,-2.5587289127229904,2007-11-05
2007-10-12,-2.012277747699881,-1.8400775070523507,-1.9146844011600859,0.01608244446154039,-0.01684079524106874,0.06365405669104174,-0.032529887183595285,-0.04206097614043047,-2.2297411202852655,-0.7891463288999131,0.7891463288999131,2.9381031607173544,-0.01814886122499093,0.07999999999999963,2007-10-12,-1.3609539354432045,0.04119460994898816,-1.6695502897632988,2007-11-12
2007-10-19,-1.8059284351950289,-1.8721519996161953,-1.9114450381609907,0.01477171925900933,0.0358064946332326,0.0454009442291845,0.04279603813837074,0.05264728987430134,-2.137847974357393,1.4923103130970348,1.4923103130970348,2.917770732084279,-0.01267873172445988,-0.13999999999999968,2007-10-19,-1.3115673567665158,0.03477694314769053,-1.570208081917336,2007-11-19
2007-10-26,-1.598265977735078,-1.7389289299061106,-1.8430536598486313,0.025948460257742667,-0.023287559817948278,0.055305099940900604,0.020898320473577314,-0.05909405445118088,-2.051380718167965,-1.1282310985602337,1.1282310985602337,3.0525850851467737,-0.013623107382914945,-0.22999999999999998,2007-10-26,-1.2345143255454132,0.025029693857661073,-1.5387411019658237,2007-11-27
2007-11-02,-1.468647112818114,-1.6805589236588543,-1.8037851249753323,0.027172816207328587,-0.0005301281595015972,0.08397544018562098,-0.004851988585286016,0.02275743165844668,-1.9149505045318038,-0.116214621373376,0.116214621373376,3.1445832202863455,-0.02437738592444738,-0.2400000000000002,2007-11-02,-1.2499850045439571,-0.004398354194245613,-1.5010054651232903,2007-12-04
2007-11-09,-1.8076002046793906,-1.6490069589900163,-1.8249931715559449,0.0290125705741362,-0.021970987667503383,0.09690556629821678,-0.009982181011720659,-0.021440859508001786,-1.605316121218413,-1.0245285485727182,1.0245285485727182,3.264231526588998,-0.03413126315229853,-0.43999999999999995,2007-11-09,-1.4410710948764576,0.006872793862675586,-1.838641018456464,2007-12-11
2007-11-16,-0.8627287886218067,-1.2969437663019452,-1.602070667193984,-0.05541341610942485,0.008732755524457403,0.0267204309297826,-0.037055920120495855,0.030703743191960786,-1.6263972926377182,0.2799121659200403,0.2799121659200403,3.3343450746743146,-0.01978454071020952,-0.3900000000000001,2007-11-16,-1.4359903961476306,0.025689982854125937,-1.9096863844947765,2007-12-18
2007-11-23,-1.320004703168213,-1.2144263542591966,-1.5449886435222941,0.041463264856258064,0.019537411624984014,0.06640283802504676,0.002986693624161152,0.006645073084019071,-1.5552324236090842,0.7391594892702211,0.7391594892702211,3.289893312103481,-0.032501921454984206,-0.44999999999999973,2007-11-23,-1.5604271099346703,-0.014370956498829024,-1.8954720085633743,2007-12-24
2007-11-30,-1.6830530412973703,-1.2328469298507012,-1.5452331943086526,-0.04957817081663585,0.0038603377699506503,-0.007858341378283562,-0.00047554317286424563,-0.015677073855033363,-1.6290334663958905,0.028733822886465133,0.028733822886465133,3.176803048446293,-0.011705361779029033,-0.53,2007-11-30,-1.478083678085996,0.0807107200328181,-2.1173233272187306,2008-01-02
2007-12-07,-1.7234477695645887,-1.2699354781138146,-1.5285617563665015,0.016419029628732318,-0.010271964909664089,-0.04514855978456911,0.026018123026235518,-0.014132302679614739,-2.012130806285586,-0.6248302840458513,0.6248302840458513,3.0426158594528414,0.012780905060726155,-0.1399999999999999,2007-12-07,-1.4929687421979452,0.07869568220839174,-2.181475449954029,2008-01-09
2007-12-14,-1.2649080262907628,-1.4561497567876456,-1.4879832239203221,-0.0010183533662768696,0.037322926600098505,0.007285770302077665,0.05044871108536908,0.047594891509762594,-1.983138991826517,1.4922367254780364,1.4922367254780364,3.1161784266298582,0.009844537391967556,-0.009999999999999787,2007-12-14,-1.5268268690654525,0.10407977773279153,-2.3877280733717847,2008-01-16
2007-12-21,-1.7459570484169493,-1.560408654366005,-1.4693563941251686,0.019922508368972913,-0.014136720203475672,-0.014254986185207486,0.016774579256909394,-0.05145964680357418,-2.130156155137386,-0.8252742936930914,0.8252742936930914,3.0243197304059035,0.03559189246820438,0.11999999999999988,2007-12-21,-1.4974476069177884,0.11692308712643218,-2.4159089732862085,2008-01-24
2007-12-28,-1.5340544426285532,-1.5511337629503719,-1.470974875752879,0.05357874273058005,0.014467205394542937,0.0585484808627843,0.02021731173855912,0.017712476263950006,-1.9765826414386674,0.5890055260131519,0.5890055260131519,3.0086484988205373,0.02017338838936933,0.14000000000000012,2007-12-28,-1.5285073630364374,0.11012719569329654,-2.4155607623867423,2008-01-30
2008-01-04,-1.3751610307543296,-1.503012749851914,-1.4503796024675744,0.04284055186019309,-0.0003413023767975254,0.07942619655961458,0.008604398358558196,0.008755823377256,-1.9542239783645277,-0.1479012403147468,0.1479012403147468,3.1130707659712242,0.002638831796828889,-0.010000000000000009,2008-01-04,-1.5427407619693678,0.033752159660445535,-2.0113841159447885,2008-02-05
2008-01-11,-1.5109372763517317,-1.525185317630582,-1.4221933114184686,0.0397266515336705,-0.018541003770166764,0.09577319260092843,-0.004162915499923425,-0.01819970139336924,-1.8806866574065884,-1.0381353282225805,1.0381353282225805,3.1548704948922883,-0.0038120442169216062,-0.050000000000000044,2008-01-11,-1.5555051815837575,-0.002348064826212415,-1.8650186239615112,2008-02-12
2008-01-18,-1.6333942227261555,-1.5383529387243058,-1.4225603918211929,-0.013182050676570967,-0.010254401832585636,0.09824287361831985,-0.03823383373360345,0.008286601937581128,-1.9889480707362828,-0.6167623886674385,0.6167623886674385,3.3484995926617063,-0.016148358178940114,-0.3700000000000001,2008-01-18,-1.5041619389511192,0.05591004292484669,-2.0134873358897405,2008-02-20
2008-01-25,-1.6012638873883727,-1.5347540456099829,-1.4176089047830926,0.042993080280872675,0.00669358836524836,0.10228914648350163,-0.007937238500598465,0.005071775436855663,-2.124969767238509,0.21289704991982378,0.21289704991982378,3.3243163373261977,-0.024534666992171772,-0.43999999999999995,2008-01-25,-1.6050915701269062,0.021137410431259163,-2.000007516930205,2008-02-26
2008-02-01,-1.5133358309933773,-1.5742297326764272,-1.419776540065281,-0.010576269690817597,-0.030080436123752996,0.04322647366431287,-0.040448168903916226,-0.036774024489001356,-2.050158795921136,-1.6197100515828764,1.6197100515828764,3.265759410767051,-0.010453299388055726,-0.26,2008-02-01,-1.5812443291417309,0.06601052154796783,-2.057833744716295,2008-03-04
2008-02-08,-1.6472498938333993,-1.6112782223409066,-1.5030966598954685,0.018298281988960774,-0.005896662876213377,0.030685810703444005,-0.027661697706325317,0.02418377324753962,-2.133581211201979,-0.4084217767365484,0.4084217767365484,3.319987326236612,0.006781510997106999,-0.09000000000000008,2008-02-08,-1.5614992024136196,0.0497646563683638,-2.0884394705073284,2008-03-11
2008-02-15,-1.789918195114604,-1.628214655710646,-1.5330300146562874,-0.020539145091840183,-0.016183413461907215,0.03017594748717567,-0.04546692409662523,-0.010286750585693838,-2.04491501679227,-0.8681969414793788,0.8681969414793788,3.2402458506043934,-0.001443483062904427,0.07000000000000006,2008-02-15,-1.5887815638273286,0.05233008112194515,-2.0070158476398228,2008-03-18
2008-02-22,-1.4519947831852558,-1.5893129161071955,-1.5475768039910258,0.04020203122033106,-0.007174223350067344,0.03608608186774909,-0.05844304591113092,0.01909237040687639,-2.1467001332427507,-0.4421110749606085,0.4421110749606085,3.223664341599998,-0.010526453142808201,0.11999999999999988,2008-02-22,-1.269037280090945,-0.00010777491540192585,-1.5079724470657587,2008-03-25
2008-02-29,-1.8922660542022838,-1.589680703838668,-1.5658166450211646,0.029437172436368897,-0.0638615510885634,0.05097594386786053,-0.10556717985282482,-0.05668732773849605,-1.8521772053786374,-2.9916878449835576,2.9916878449835576,3.158276202739271,-0.01761386792783881,-0.18999999999999995,2008-02-29,-1.1442306819932362,-0.11288449334576534,-1.2863840935445214,2008-04-01
2008-03-07,-1.3087234597406103,-1.5380142614510492,-1.5351681626104177,-0.0009362248445494714,-0.01967363443578307,0.06714361793087864,-0.11697600263135755,0.044187916652780324,-1.6864913104119132,-0.896105429288537,0.896105429288537,3.3160025355989236,-0.042114301789784925,-0.29000000000000004,2008-03-07,-1.163973117404625,-0.059302135588224836,-1.3347112458884451,2008-04-08
2008-03-14,-2.0666336467932913,-1.5893979985823894,-1.5814020854050361,0.026901034976944516,0.008067596908211794,0.095604013789095,-0.08264181196620202,0.027741231343994865,-1.6078864890494209,0.4020385102212353,0.4020385102212353,3.306520334720247,-0.058344851442797996,-0.3699999999999999,2008-03-14,-1.150221349103852,-0.07874941170007066,-1.3290490739670868,2008-04-15
2008-03-20,-0.8992192413459807,-1.3355601968843678,-1.46299685920123,-0.08962161401701074,0.11073875730542815,-0.03647484779640919,0.021395118595692875,0.10820462505151385,-1.1854274419114716,5.1306144209896996,5.1306144209896996,3.3958497753355603,-0.0537024114954745,-0.51,2008-03-20,-1.3322130965977952,0.0016634495340914768,-1.6657121647585356,2008-04-21
2008-03-28,-1.375240131220253,-1.2660619654087528,-1.4390246448596404,0.02167413720023781,-0.03924276806067306,-0.043760649192972956,0.05874510986509307,-0.1499815253661012,-1.1842329465221233,-1.6912914733541944,1.6912914733541944,3.2534704696327,-0.03496613666430015,-0.18999999999999995,2008-03-28,-1.4156180558834226,-0.030547025622259305,-1.650630701757737,2008-04-28
2008-04-04,-0.9969059160965107,-1.1744938176922164,-1.3955785160835217,-0.01789975071476313,-0.01026503359296349,-0.06695941113194959,0.0637650879057059,0.02897773446770957,-1.1773002559444115,-0.47071081951100086,0.47071081951100086,3.1445832202863455,-0.01729627328004657,0.1200000000000001,2008-04-04,-1.4802824115067272,-0.0552440013363098,-1.6792688693002369,2008-05-05
2008-04-11,-1.6764319433596437,-1.1505259459234727,-1.3999215432370196,0.011567223813537808,0.013669952818291087,-0.07428000371799826,0.07490090847008268,0.023934986411254577,-1.2067159234458285,0.525589642287087,0.525589642287087,3.090132948975475,-0.00387488404873082,0.31000000000000005,2008-04-11,-1.5042186074840067,-0.046274429462576094,-1.6850426799656917,2008-05-12
2008-04-18,-1.5746563944544887,-1.3333255537259592,-1.3852122021929871,-0.0074758514787527375,-0.01275263274150884,0.00786575882025975,-0.048590481576854305,-0.026422585559799927,-1.6447819793079508,-0.5750163420108453,0.5750163420108453,3.0140632302387145,-0.006396894090588745,0.3999999999999999,2008-04-18,-1.4438404182612397,-0.009574784941191794,-1.7180262380568336,2008-05-19
2008-04-25,-1.695612332771319,-1.3908987299226248,-1.3967159916477787,-0.037668246838622466,0.0197465240239163,-0.051476625218600525,0.010398810507735057,0.03249915676542514,-1.7295236667939677,0.7749806353884913,0.7749806353884913,2.9987277825337895,0.012205383494995559,0.33000000000000007,2008-04-25,-1.4118666926673085,0.01886526595860616,-1.7394518257721536,2008-05-27
2008-05-02,-1.2561403487936131,-1.5166752025783925,-1.3775433640132977,-0.03130886901602015,-0.005322372195821767,-0.06488574351985754,0.01534147190487678,-0.025068896219738068,-1.88232438686308,-0.25057933082485523,0.25057933082485523,2.9381031607173544,0.014570670955933451,0.24,2008-05-02,-1.501177779417543,0.007045950395570877,-1.8253198397063968,2008-06-03
2008-05-09,-1.6242001695996615,-1.5067740409663675,-1.3774580620838697,0.03302621479654544,0.008239031474600367,-0.04342675253684991,0.00991055056118606,0.013561403670422134,-2.0044509832924167,0.32201976562434304,0.32201976562434304,2.9652730660692823,0.018681869613305757,0.16999999999999993,2008-05-09,-1.3463713950252327,-0.01669210895183859,-1.6549800071171872,2008-06-10
2008-05-16,-1.3328857231862206,-1.4431419651408635,-1.3681159678884849,0.01903524886161989,0.013947757287380291,-0.016915652196477282,0.03661094059007519,0.0057087258127799245,-1.7636516730524447,0.5611405268933602,0.5611405268933602,2.791165107812717,0.0230307108621286,-0.040000000000000036,2008-05-16,-1.4059946225840005,-0.024231251189262615,-1.6687804176701826,2008-06-17
2008-05-23,-1.7947186788610343,-1.4568943098443379,-1.3649259759846144,0.023624509802462335,-0.04951497138226024,0.04437710444460752,-0.03265055481610135,-0.06346272866964053,-1.7790798116856321,-2.065738938013095,2.065738938013095,2.89314568477889,-0.003590697640261098,-0.15000000000000013,2008-05-23,-1.4412625482756367,-0.021377270203759124,-1.6863124608176208,2008-06-24
2008-05-30,-1.3059593725804637,-1.4699605615530769,-1.359401425075205,-0.039572572471909595,0.02471103152055809,0.040369447864244457,-0.0012075377484159766,0.0513654904072709,-1.6865812263354016,0.9880881247377131,0.9880881247377131,2.8981194446869907,0.007008817410008028,0.1200000000000001,2008-05-30,-1.4063781590722633,0.03836333987651219,-1.8875757656803123,2008-06-30
2008-06-06,-1.4537738323986804,-1.4389807966438946,-1.3348896163920267,0.018243105913068547,-0.02443641367159488,0.02064735563390041,-0.020414063555329598,-0.04914744519215297,-1.59753141707009,-1.058921762052205,1.058921762052205,2.924773184613497,-0.006414231625087474,0.11999999999999988,2008-06-06,-1.4902721244528772,0.03209671966938732,-1.9068732080464719,2008-07-08
2008-06-13,-1.289452835409559,-1.3671343451892704,-1.3595651213101292,-0.03694165541687244,0.026463425093604886,-0.013539501590950742,8.358405585529027e-05,0.05089983876519977,-1.7009651024776453,1.0406834201357569,1.0406834201357569,3.1497400860333387,0.0062474612790346384,0.24,2008-06-13,-1.5778272810433698,0.10009436055513632,-2.372796502863987,2008-07-15
2008-06-20,-1.9910197806603502,-1.444544167670633,-1.4196726728325295,0.035705762739522307,-0.015905882416718864,-0.022565359236191185,0.010832160525849233,-0.04236930751032375,-1.7307032578913557,-0.6855155772300202,0.6855155772300202,3.0717669598299886,0.02118083382774305,0.44999999999999996,2008-06-20,-1.5373363979246715,0.0663023955268125,-2.158968809241128,2008-07-22
2008-06-27,-1.1890975499262415,-1.4029036020885994,-1.4595707153466384,0.027936683210510793,0.020174332828116093,0.0449438964462292,0.006295461833407234,0.03608021524483496,-1.7979328234222793,0.805017583794859,0.805017583794859,3.175132901920282,-0.007284738411219571,-0.07000000000000006,2008-06-27,-1.5975705506516762,-0.008901703898521518,-1.8534286188476896,2008-07-29
2008-07-03,-1.8919698465683878,-1.386199923136711,-1.4737511841334436,0.0158759228993679,-0.03986852886418557,0.06287433504090956,0.004011988180756987,-0.07182519882668936,-1.797693785945174,-1.6698423758844787,1.6698423758844787,3.255014871484074,-0.019113671175111868,-0.16000000000000014,2008-07-03,-1.5932722185860408,-0.03445737466471588,-1.8030096880999784,2008-08-04
2008-07-11,-1.5313378645309432,-1.5597242545066732,-1.4531389016314464,0.03311921204909485,-0.0017096630332935625,0.10587445859645239,-0.02515377720387635,0.03815886583089201,-1.7255698079305635,-0.07262185604667037,0.07262185604667037,3.2422016501716975,-0.009883419309582031,-0.2200000000000002,2008-07-11,-1.3841036771409938,-0.1673575173697417,-1.4124419396606134,2008-08-11
2008-07-18,-1.9468025392602843,-1.5508591138116863,-1.4630902091875866,-0.010458083840629406,0.026205651709410027,0.06300347238833748,0.016584129774434686,0.02791531474270359,-1.6866977179115674,1.0811174082873947,1.0811174082873947,3.219275744889528,-0.01647490001835017,-0.07999999999999985,2008-07-18,-1.273218417582999,-0.18822624566571822,-1.3199485930082764,2008-08-18
2008-07-25,-1.32528413424319,-1.6079457495553766,-1.4515093559777037,-0.026688291389277197,0.014091986058387018,0.011848759718556146,-0.0012805541296820877,-0.012113665651023009,-1.775518578142575,0.5529744207993545,0.5529744207993545,3.154443964708812,0.0,0.040000000000000036,2008-07-25,-1.2630354496246157,-0.1252649288389014,-1.4135716806691965,2008-08-25
2008-08-01,-1.9925156008640292,-1.6210174834029973,-1.497561542514451,-0.02339290960857099,-0.025130569243540624,-0.027420072789382743,0.01345740549096286,-0.03922255530192764,-1.8044689125874973,-1.0348169225133554,1.0348169225133554,3.1328821117012247,0.016522536959816314,0.21999999999999997,2008-08-01,-1.2254542192107598,-0.10695019220096125,-1.3709913612091746,2008-09-02
2008-08-08,-1.370448259121195,-1.5672466704904995,-1.4716919066893728,-0.05909764678403295,0.06981486734516018,-0.11963693162251055,0.0849819358694166,0.0949454365887008,-1.5796175852105172,2.7895727150114955,2.7895727150114955,3.0516399054922867,0.028021490302990948,0.28,2008-08-08,-1.3553197100841632,-0.058892787147344805,-1.5556516130613223,2008-09-09
2008-08-15,-0.9369432084302778,-1.2832081695699,-1.4111545132918055,-0.08396887725878255,0.09506643327831066,-0.1931477250406637,0.15384271743831723,0.025251565933150477,-1.0424878155727715,3.632881647953252,3.632881647953252,3.012589390620414,0.05951659415108601,0.06999999999999984,2008-08-15,-1.2406172511225473,-0.025838600326790306,-1.5620706837275526,2008-09-16
2008-08-22,-1.2438728607705378,-1.2632906545229412,-1.4043316979268032,0.04348242912994049,0.0003324055572027085,-0.122977004521446,0.14008313693713292,-0.09473402772110795,-1.0178448543181742,-0.050922819696539535,0.050922819696539535,2.986691528901842,0.04386134146264009,-0.07999999999999985,2008-08-22,-0.6767566360056714,0.08738199179497208,-1.453546074715397,2008-09-23
2008-08-29,-2.432087907684745,-1.2805911533748622,-1.4100233394372654,0.007740038024913964,-0.0005213425106176395,-0.09184405688796105,0.1646923636700559,-0.000853748067820348,-1.035498867263415,-0.0780508617135483,0.0780508617135483,2.9668182633893485,0.05214637967331104,-0.029999999999999805,2008-08-29,-0.6086407172895768,0.07149818311236,-1.2640484474689857,2008-09-30
2008-09-05,-1.4379434109917548,-1.2657543144061287,-1.4475625196921278,-0.03971726880667514,0.07926578480572966,-0.0861985197696189,0.2033521331997199,0.07044591515393783,-0.911225630527568,2.8563863952653112,2.8563863952653112,3.1793030497483774,0.057195865866675355,-0.09000000000000008,2008-09-05,-0.5621699763731097,0.06647043826292176,-1.1381588190946845,2008-10-06
2008-09-12,-0.9145754017665588,-1.2470580160581193,-1.3582122666589893,-0.04439996924946232,0.06809778396654487,-0.049073698630059504,0.2193544630235027,-0.011168000839184788,-0.9221341160004728,2.0827938358080664,2.0827938358080664,3.194173212227829,0.050407222428543896,-0.08000000000000007,2008-09-12,-0.4875995021976317,0.05554546365651358,-0.9341608078964698,2008-10-13
2008-09-19,-0.15157509150326837,-0.7069838950347355,-1.0375884005537737,0.129320020998696,-0.018297740848494115,0.04374360534740607,0.13788569757557223,-0.08639552481503898,-1.0637616699073356,-0.7294739412373039,0.7294739412373039,3.4995332823830174,0.013679366590626074,0.33999999999999986,2008-09-19,-0.7350800248975415,-0.12755817783298795,-0.8566967416500678,2008-10-20
2008-09-26,-1.2051476335738933,-0.6710464317681433,-1.0344270920123446,0.0076468455367226795,-0.04625136765708415,0.05284962847928121,0.08281446026669625,-0.027953626808590037,-1.0243666911315399,-1.5396995766972483,1.5396995766972483,3.4910380856619447,-0.0007790858305218862,0.5099999999999998,2008-09-26,-0.6452528154590483,-0.21585743563735793,-0.7273208530578145,2008-10-27
2008-10-03,-0.6188034058398907,-0.5701452915934964,-0.9577874427599548,-0.04787303216625727,0.1315629498592541,0.04469386511969908,0.1351116253202207,0.17781431751633825,-0.6979977361755939,3.668982119116993,3.668982119116993,3.8124236402053913,0.023012669685136267,0.47,2008-10-03,-0.7431403610579137,-0.17005725910391778,-0.84364073395289,2008-11-03
2008-10-10,-0.44132266875089027,-0.4798465426775904,-0.8607972205635158,0.007599154741389391,0.1222024971912794,0.0966929891105508,0.18921633854495523,-0.009360452667974695,-0.3986481752690479,3.132214409444043,3.132214409444043,4.157632301458019,0.012522661986357875,1.12,2008-10-10,-0.8292804724738703,-0.10822398799146704,-1.042175016782527,2008-11-10
2008-10-17,-0.8588904037369101,-0.7068238018850378,-0.8358807587317407,-0.07495874776008371,-0.015035341540378777,-0.10758577964822891,0.19247873785307057,-0.13723783873165818,-0.2672442782720415,-0.5942445950848929,0.5942445950848929,4.213755901102586,0.05534815512413793,1.08,2008-10-17,-0.8668641235515955,-0.07744521376892077,-1.1427339582810456,2008-11-17
2008-10-24,-0.649070076057967,-0.6205484684914662,-0.7822559603117281,-0.06695044267868511,-0.05605715090060226,-0.1821830678636367,0.18267295460955246,-0.04102180936022348,-0.20974359103081094,-1.6149277764118473,1.6149277764118473,4.216562194946349,0.10320209860071916,0.5800000000000001,2008-10-24,-0.8378547985289295,0.11417446763863914,-1.57175339949172,2008-11-24
2008-10-31,-1.4170905373766276,-0.7321512727621285,-0.7799238355095777,-0.012121399186852955,-0.06023327606426543,-0.14643143488423238,-0.009123271313967063,-0.004176125163663169,-0.28594253646458145,-1.7270065851165062,1.7270065851165062,4.141546163706395,0.049949717435000984,0.8900000000000001,2008-10-31,-0.7536627586388234,0.07906850527774711,-1.2626562317143808,2008-12-02
2008-11-07,-0.6920750785131009,-0.8291786177180405,-0.7600794435291672,0.01612943326306926,-0.02075996117156098,-0.1379011563625525,-0.15208572967680745,0.03947331489270445,-0.49776588230182517,-0.6585038506757396,0.6585038506757396,4.1538705415361274,0.056644840592222856,0.020000000000000018,2008-11-07,-0.8949024261572877,0.036692795237192044,-1.350058310635083,2008-12-09
2008-11-14,-1.0049758592266258,-0.8599490839366057,-0.7529030119589587,0.010974088665779647,0.07109581330958292,-0.051968319936689156,-0.06595457482684575,0.0918557744811439,-0.7926299904247174,1.586510447595397,1.586510447595397,4.09150720740194,0.05290493746608327,-0.06999999999999984,2008-11-14,-0.8761120970824454,0.15062462764658058,-1.4965048945279422,2008-12-16
2008-11-21,-0.6511809887765861,-0.8607526284817403,-0.707235818904998,0.07298664353097184,0.05603700045299842,0.08796876627296779,0.04613957652675493,-0.015058812856584503,-0.8719208224153551,1.1748499710255713,1.1748499710255713,4.392719264212625,0.030118246997119513,0.3900000000000001,2008-11-21,-1.106966643709752,0.02103530639230211,-1.4213100001491221,2008-12-23
2008-11-28,-0.6205094623759518,-0.8643277672148321,-0.710347924072689,0.08928925472948546,-0.05448855461962454,0.09941520173011753,0.044152599328674214,-0.12081380412324139,-0.888185840047258,-1.4865463456164807,1.4865463456164807,4.00587758089977,0.007028241202161389,-0.36999999999999966,2008-11-28,-1.2991025500069067,0.12706638634903467,-2.166969529820188,2008-12-30
2008-12-05,-0.7744638394637379,-0.9050513935123615,-0.6925925884345916,-0.07482661511462307,0.00978827140765759,0.031350467934093906,0.08317553784827014,0.06427682602728213,-0.8787346924962217,0.05937776256139072,0.05937776256139072,4.153242203469586,0.02139808973251167,-0.7799999999999998,2008-12-05,-1.281908964464821,0.08246259161388725,-1.8597242406337033,2009-01-07
2008-12-12,-1.025655896762036,-0.9001715568103752,-0.8027845959716597,0.08103318934770254,0.005254806020477787,0.11335338366508907,0.02687977231212768,-0.0045334653871798025,-0.8732582903668973,-0.04246142112538355,0.04246142112538355,4.021415382199343,-0.04250493089520013,-0.43999999999999995,2008-12-12,-1.3170578559773853,-0.034611467259420436,-1.5434028848355674,2009-01-14
2008-12-19,-1.238131852436903,-0.8614516740190402,-0.8190405672034835,0.022272087439895394,-0.02867595300279291,0.11776791640246032,-0.06812143019428207,-0.033930759023270696,-1.0034468052841274,-0.8264358130610551,0.8264358130610551,3.857355604085838,-0.09408536854757088,-1.13,2008-12-19,-1.3090711115304439,0.013330389499381035,-1.6244735793509095,2009-01-22
2008-12-26,-1.4185782443317088,-1.067956555010791,-0.8518390065800545,0.020417251577602435,0.0390397454848026,0.06291991047092171,0.019706200345616764,0.0607458637285232,-1.1527604278410222,0.758851438657966,0.758851438657966,3.788951007838152,-0.04561287546957615,-0.7200000000000002,2008-12-26,-1.2042975015623696,0.012315281567852665,-1.6147147475312882,2009-01-28
2009-01-02,-1.6008602156598783,-1.3277158302642333,-0.8919519599399693,0.032650719700476394,-0.0716391967488823,0.12391921883778778,-0.058227031038235566,-0.14202647093816312,-1.2539658383554193,-1.840998606512552,1.840998606512552,3.6888794541139363,-0.06418486839360238,-0.11999999999999966,2009-01-02,-1.125850645076579,0.04614866559884678,-1.5675851239040093,2009-02-03
2009-01-09,-1.2161722678061908,-1.4188761830096437,-0.959698192371542,-0.027154241625237496,0.00039076619064504214,0.050967200604037366,-0.04146428952996439,0.07202996293952735,-1.315586281168341,-0.13026047783413844,0.13026047783413844,3.750914845033389,-0.05139134704134296,-0.44000000000000017,2009-01-09,-1.257622976653118,0.11065845562347487,-2.0288794634785865,2009-02-10
2009-01-16,-1.0307498220946978,-1.2964858905758356,-0.99076521484231,-0.014523439634301027,-0.015423869698770964,-0.032356828101069546,-0.016285026067727415,-0.015814635889416007,-1.2992317818973984,-0.5038964585690591,0.5038964585690591,3.9318256327243257,0.045550535024474925,-0.42999999999999994,2009-01-16,-1.2335731275188897,0.136794597504994,-2.08249907465321,2009-02-18
2009-01-23,-0.8810203490586654,-1.1617529481321025,-1.0145326963980743,0.09645168108688829,-0.025453818096633718,0.06896868636080988,-0.08490078628002529,-0.022628909178100454,-1.4725587066609058,-0.7288823086982872,0.7288823086982872,3.8562988566557843,0.053190623668172954,-0.039999999999999813,2009-01-23,-1.2801173299214648,0.0629563955211454,-1.7649824202829318,2009-02-24
2009-01-30,-1.4297684043634356,-1.146496587467526,-1.0151781083908462,0.030918820056315965,-0.024080682405551723,0.0538847216053453,-0.05752891935804971,0.0013731356910819947,-1.5648663163601515,-0.6860175496457758,0.6860175496457758,3.752558230777119,0.05272610317773019,-0.18999999999999995,2009-01-30,-1.3810576119031743,0.013417068401714971,-1.8023560630407178,2009-03-03
2009-02-06,-1.5049622551967916,-1.1945819120339471,-1.087324574461361,-0.019016618157524867,-0.049691408962174055,0.05896562706714459,-0.10205081838289276,-0.025610726556622332,-1.596838498536395,-1.2665416031982348,1.2665416031982348,3.778034365424829,0.04491664909300841,-0.20999999999999974,2009-02-06,-1.2195509040160268,-0.0020401265843990046,-1.6159573781114975,2009-03-10
2009-02-13,-1.3602313282600402,-1.2265163710658933,-1.1102543413493862,0.03250540626049059,-0.015140665367090023,0.14085928924616997,-0.11436657483144952,0.03455074359508403,-1.599436241893696,-0.4681493906806347,0.4681493906806347,3.71965111278069,0.024917998217741655,-0.17999999999999994,2009-02-13,-1.3294121999320474,-0.058348491992899376,-1.6070648899810276,2009-03-17
2009-02-20,-1.198065437697407,-1.1953555981156783,-1.184193655949028,0.04849884643534086,-0.01824093181217812,0.14522675455170564,-0.08407608385683796,-0.00703869071798513,-1.9151002163922126,-0.5371219346665824,0.5371219346665824,3.851848282392076,0.018700795781834145,-0.25,2009-02-20,-1.2614244692825398,-0.059550824400699476,-1.5782169221637525,2009-03-23
2009-02-27,-1.3712905231170602,-1.3145556873954356,-1.2564183030938005,-0.054311574630009574,0.046769602523277776,0.03437440833401961,-0.014959372050295627,0.0650105343354559,-1.5581743860129587,0.9337571687001751,0.9337571687001751,3.799078246412012,0.035502628376259615,0.20999999999999996,2009-02-27,-1.3557433939937629,-0.010502522373404766,-1.8025145738234691,2009-03-30
2009-03-06,-1.2323004924020495,-1.2854490354153927,-1.2424205637731065,-0.003677230417229893,-0.026702053084678656,0.023793657156613968,-0.009375623467771987,-0.07347165560795643,-1.5336979415681709,-0.7999883842589895,0.7999883842589895,3.9154172384961616,0.039018778480087946,0.19999999999999996,2009-03-06,-1.3647997480797849,-0.060300375631682,-1.6223915765888621,2009-04-06
2009-03-13,-1.2340284627797278,-1.2547036613747977,-1.26437370299965,-0.010784982171070823,-0.0008725783266507747,-0.02027494078296943,0.0009540392997702263,0.02582947475802788,-1.5268364055278243,-0.19453561046943185,0.19453561046943185,3.717952701599643,0.021679871908841797,0.21999999999999997,2009-03-13,-1.436580013283406,-0.03850731347069836,-1.7552114585166754,2009-04-14
2009-03-20,-1.3057922526515813,-1.2826016762391725,-1.2599430358294752,0.02477268001335542,-0.01724396303984621,-0.04400110720495487,0.001951008072102134,-0.016371384713195436,-1.3251510445814567,-0.5722794773189023,0.5722794773189023,3.7768903314366495,-0.050547257285819214,-0.41999999999999993,2009-03-20,-1.5425301892491492,-0.05801484047240546,-1.749380562096214,2009-04-21
2009-03-27,-1.6522095059988215,-1.3297536008769437,-1.2656013650740459,-0.03147637666006098,0.0029066851628729573,-0.021165909235006275,-0.041911909288302684,0.020150648202719168,-1.5426537641302298,-0.058495999353388985,0.058495999353388985,3.6978391954854084,-0.04142541293542479,-0.72,2009-03-27,-1.5238274968919574,-0.025095598374602623,-1.7777995184663005,2009-04-28
2009-04-03,-1.5223291139646757,-1.4015226962039316,-1.2763115057929277,-0.03478033001450065,0.007944555367360717,-0.05226900883227703,-0.007265300836263311,0.00503787020448776,-1.5310091953778686,0.050089892955704124,0.050089892955704124,3.7386215460087504,-0.05371196135709688,-0.54,2009-04-03,-1.6800295031036894,0.03435104242773246,-2.227797347582048,2009-05-05
2009-04-09,-1.3963928128542806,-1.4740501335803224,-1.3014117995241248,-0.02844124641968193,0.01968354620311441,-0.05401234957133383,-0.004322650231598502,0.009906575504145643,-1.4491615735721248,0.31794457946670396,0.31794457946670396,3.6597080768136565,-0.0289808666212652,-0.45999999999999974,2009-04-09,-1.7527039364157928,0.02038709108777681,-2.229220510602549,2009-05-11
2009-04-17,-1.6123582188398429,-1.5528845648097775,-1.3230983933943112,-0.012709275549179111,0.028386634191130522,-0.10177509324611655,0.0370930404543679,0.008703087988016112,-1.5826359033773594,0.5309307061512005,0.5309307061512005,3.5776685247779345,0.007419275345182719,0.31000000000000005,2009-04-17,-1.8757731937973015,0.03846849265202312,-2.4189678040036426,2009-05-18
2009-04-24,-1.6041494958447067,-1.526513237084458,-1.3692952277534733,0.05145756086179887,-0.029901435964726275,-0.024333697937612975,0.027945715128487425,-0.0582880701558568,-1.5761343728509176,-0.8658916556504552,0.8658916556504552,3.6149637711637683,0.02019792448302571,0.08000000000000007,2009-04-24,-1.848648016786341,0.051989601641997396,-2.4572664416698364,2009-05-26
2009-05-01,-1.8724188052235984,-1.593803060075232,-1.4140477448553732,-0.03136051755525937,-0.0025354914844171184,-0.021053478662321545,0.01563325294510154,0.027365944480309157,-1.556893506475611,-0.20227907509202134,0.20227907509202134,3.597312260588446,-0.010463905792600592,0.31999999999999984,2009-05-01,-1.9033524611943793,0.08350796796750881,-2.8704456171958976,2009-06-02
2009-05-08,-1.7185276499885773,-1.6907301431691582,-1.4387448281295052,0.034254255018133506,-0.07927745973697231,0.04164202277549389,-0.08332775299498518,-0.07674196825255519,-1.4614184685890639,-1.9563173484984078,1.9563173484984078,3.5097527882165007,-0.01677532715324137,0.16999999999999993,2009-05-08,-1.6405224199863369,0.04512534646614874,-2.037531255383456,2009-06-09
2009-05-15,-2.331919075492186,-1.8169389301758327,-1.4885323715837737,0.017297843734270124,0.018749186789090544,0.07164914205894313,-0.09296520039702516,0.09802664652606286,-1.5454013077174948,0.32387071893806435,0.32387071893806435,3.445852022202587,-0.035225473972174015,0.08999999999999986,2009-05-15,-1.6168241087623998,0.017225722840849222,-1.956044701657052,2009-06-16
2009-05-22,-1.658713892781246,-1.8371193005780073,-1.5305311325329876,0.028003966855205675,-0.023652336587210776,0.048195548052349935,-0.08671610101950966,-0.04240152337630132,-1.5441175156052485,-0.6438540523845804,0.6438540523845804,3.4452142670789296,-0.059748009358723486,0.1499999999999999,2009-05-22,-1.6549915638449966,-0.030758369767572624,-1.8775537171927354,2009-06-23
2009-05-29,-1.8085202893007106,-1.8206916749748419,-1.5339548845200748,0.0247315791747873,-0.0511182568590689,0.09742260323945295,-0.13922478735974142,-0.04685930888968537,-1.5467341068936435,-1.274970597768305,1.274970597768305,3.4553698605505483,-0.04900921148044546,0.28,2009-05-29,-1.7294020384420241,-0.03930848891072003,-1.8850271741676945,2009-06-29
2009-06-05,-1.2735505449499087,-1.6345606737900298,-1.5713466685791393,-0.02622442858266716,0.003961592369387201,0.04663686066256911,-0.052009979440173826,0.0550798492284561,-1.6343986832880493,0.015104381433337746,0.015104381433337746,3.407179453339703,-0.053808692881599285,0.09000000000000008,2009-06-05,-2.0150701663175634,-0.030935321087477874,-2.1990224240138234,2009-07-07
2009-06-12,-2.12163783023681,-1.6192244252696788,-1.642610236158708,-0.016570219226426097,0.009072218813189092,0.01244556903221472,-0.04234339364587614,0.005110626443801891,-1.5836486343642702,0.11992809636599135,0.11992809636599135,3.3361253849184407,-0.038173942317039966,0.21999999999999997,2009-06-12,-2.037485292836228,-0.003188402699454862,-2.28499968459153,2009-07-14
2009-06-19,-2.072901975078143,-1.693050037099276,-1.6700497131166208,-0.0029336321741837423,0.04179781836319352,-0.0209967008084897,0.003713372686700911,0.032725599550004425,-1.4132292765606458,0.8428479932675653,0.8428479932675653,3.402196881995239,-0.004702945017255544,0.41999999999999993,2009-06-19,-2.013078311409219,0.02820458492198341,-2.48968815719276,2009-07-21
2009-06-26,-2.0029462781519465,-1.7260839633060447,-1.6679648272719898,0.00423475723227007,0.010688716856490643,-0.04149352275100693,0.06552034640226045,-0.031109101506702874,-1.4532433253184243,0.13278094095098342,0.13278094095098342,3.2718477096343066,-0.0003730495467673123,-0.050000000000000044,2009-06-26,-1.9539204315604695,0.0007602465122529267,-2.2749266666804395,2009-07-28
2009-07-02,-1.9235063132298806,-1.8189474317396193,-1.7577647134492758,-0.011549459091552805,0.03666162441228993,-0.05313820179018869,0.11887203566272575,0.017530420970626626,-1.485976736816336,0.7190986556858142,0.7190986556858142,3.2665224783355535,0.0016338501172663555,0.15000000000000013,2009-07-02,-1.9368358389330247,0.03369219215954633,-2.3901886124358294,2009-08-03
2009-07-10,-2.107360993761222,-1.9327073455366135,-1.7636014196089809,-0.01847089124300627,0.032982378751084784,-0.04496605545532795,0.145984835600522,-0.003679245661205144,-1.5225951954289163,0.6070748730962857,0.6070748730962857,3.393837027255863,-0.0058680637020342985,-0.039999999999999813,2009-07-10,-1.9594881313339407,0.02992794160597345,-2.4663525510158455,2009-08-10
2009-07-17,-2.0254415624818876,-2.007055844794011,-1.8021053563019114,0.025895319975722586,-0.02631755726422158,0.0034869785057001224,0.062457649340816435,-0.059299936015306365,-1.9251710896062313,-0.7430884195792063,0.7430884195792063,3.2355362657613083,-0.01192054961241329,-0.1299999999999999,2009-07-17,-2.0102906334732924,-0.018065266826125637,-2.2669700957599734,2009-08-17
2009-07-24,-2.2233979696771526,-2.057966417927614,-1.837556387626562,0.01597102389412175,-0.02055929752990604,0.01184599353528526,0.022767148369247092,0.005758259734315541,-1.9464568612976403,-0.5922772085108442,0.5922772085108442,3.1540172525197043,-0.022089182513142624,-0.1299999999999999,2009-07-24,-1.8739296995384738,-0.014727519946068135,-2.1615401900564986,2009-08-24
2009-07-31,-1.6203804459725057,-1.9374022842634304,-1.8361814716745548,-0.0006425914474910144,-0.003566567387089936,0.02275286117934705,-0.017461043430132772,0.016992730142816104,-1.9130306590986517,-0.19884596098847301,0.19884596098847301,3.2347491740244907,-0.0042788429466771305,-0.050000000000000044,2009-07-31,-2.0997595268235214,-0.0050195140364932556,-2.3781418966142485,2009-08-31
2009-08-07,-2.3219578699288035,-1.9694588318653201,-1.8362505781574294,0.004275811208572122,-0.04486191463730371,0.045499563630925444,-0.09530533681852127,-0.041295347250213776,-1.7832820871684065,-1.1114490501019523,1.1114490501019523,3.245322994883049,-0.022669253054647065,0.0,2009-08-07,-1.9111816163546842,0.047287649716327707,-2.5129010071602647,2009-09-08
2009-08-14,-2.2743052463062363,-2.015318782514531,-1.8561618195442975,-0.008032171697263557,-0.010808020874043311,0.0115720719579393,-0.079795800428343,0.0340538937632604,-1.6149144283966976,-0.3165229001744342,0.3165229001744342,3.2072080200005186,-0.009257606680669994,-0.020000000000000018,2009-08-14,-1.9182950165654542,0.07656881136755178,-2.7645410506726003,2009-09-15
2009-08-21,-1.8354581705798438,-1.9269413524273113,-1.8476282150507017,0.0069649520302625945,0.04294768557758433,0.0025660000940801453,-0.016288817320852633,0.05375570645162764,-1.440379701305872,0.9510948627934407,0.9510948627934407,3.222469360378331,-0.005344277862112001,-0.19999999999999996,2009-08-21,-1.9514987110975903,0.0763873331883218,-2.9989968718671203,2009-09-22
2009-08-28,-2.1119450238678046,-2.0973872517025405,-1.9384872023652286,0.0023464304248044243,-0.038475558614563976,0.005555021966375584,-0.05119780854832667,-0.0814232441921483,-1.4481304195342273,-0.937171825446629,0.937171825446629,3.205993199037187,-0.01627497784659493,-0.030000000000000027,2009-08-28,-1.9005482919050554,0.04224281299767707,-2.5913462050131497,2009-09-29
2009-09-04,-1.6012020693319309,-1.8897253026720018,-1.9295671316227132,0.038249134859419165,-0.058314194661624796,0.03952834561722263,-0.06465008857264776,-0.01983863604706082,-1.435465484208826,-1.3556466347433083,1.3556466347433083,3.299533727885655,0.004983072889494622,-0.18000000000000016,2009-09-04,-1.8098668465969632,0.048579963918563784,-2.495442135437159,2009-10-06
2009-09-11,-2.362784313600971,-1.8828998641764474,-1.9640997378213003,0.013453114733199989,-0.02547673884616497,0.05258351609008649,-0.05682559067298065,0.04939686114395103,-1.4847167695325079,-0.5607136278187693,0.5607136278187693,3.159125820462427,-0.025321077932288105,-0.25,2009-09-11,-1.80519798986694,0.05559190857050034,-2.5166311544954123,2009-10-12
2009-09-18,-2.0296812306613585,-1.8833497473275906,-1.9647261643719527,-0.0011142124429666111,-0.013162596644137547,0.06706190510288845,-0.13095104109299083,0.012314142202027423,-1.6710498396807225,-0.23153569416848974,0.23153569416848974,3.1633631149379418,-0.02948614916711012,-0.07999999999999985,2009-09-18,-1.796454952485375,0.057965804404936705,-2.4491418324988703,2009-10-19
2009-09-25,-1.8837928809448061,-1.8832263841531034,-1.9539923346739545,-0.017069951808332817,0.04213358485152874,0.040070532507662016,-0.07137935062888978,0.055296181495666286,-1.582903833819243,1.1210868576383999,1.1210868576383999,3.2168738221975275,-0.02262891720586868,-0.08000000000000007,2009-09-25,-1.8213137394763017,0.04837298638829157,-2.4035231622442517,2009-10-26
2009-10-02,-2.0273416659895367,-2.04786442178184,-1.9648446956903385,0.014024928942214743,0.00895521434105584,0.009293879424115303,0.01244946370228206,-0.0331783705104729,-1.6984094222959345,0.28566776702422336,0.28566776702422336,3.341801171705499,-0.015298811139319746,-0.20999999999999996,2009-10-02,-1.7915734640980754,0.040541423961879985,-2.381307161932754,2009-11-02
2009-10-09,-1.4830410972458892,-1.8003725941928277,-1.897343906631393,0.04443843934231406,-0.05305306671208587,0.04027920403322938,-0.015126864163638842,-0.06200828105314171,-1.6333156366974684,-1.3548149393494202,1.3548149393494202,3.1855258451866466,-0.011126477361794507,-0.10000000000000009,2009-10-09,-1.834815293563316,0.0437378319568591,-2.426656373217672,2009-11-09
2009-10-16,-2.1543370982369687,-1.8181206042289237,-1.89392703706939,0.0033006919862952344,0.018321206770155918,0.04469410846249122,0.016356939250654623,0.07137427348224179,-1.6696625456394334,0.6877940498190191,0.6877940498190191,3.0782334950657346,-0.0093624875537488,-0.1200000000000001,2009-10-16,-1.7328530577097838,0.06858977846409342,-2.4268796981256693,2009-11-16
2009-10-23,-2.315369304972721,-1.8858881985791145,-1.916280400172524,0.0029999302639724945,-0.009724319713420915,0.06476399053479653,-0.03550096531429503,-0.028045526483576833,-1.784639565944719,-0.12034758850393039,0.12034758850393039,3.029650491757452,-0.02381855101178676,-0.1499999999999999,2009-10-23,-1.7648514508267386,0.11513975847154789,-2.807912030524238,2009-11-23
2009-10-30,-1.6389795799470568,-1.7859538941998663,-1.8890302446085665,-0.009319542261994052,0.07019648127592415,0.04141951933058774,0.02574030162057328,0.07992080098934506,-1.568032366179588,2.2422229739487487,2.2422229739487487,3.2092294478163956,-0.016589816406832547,0.0,2009-10-30,-1.7592619234612394,0.12150652678504326,-2.7183690360792854,2009-12-01
2009-11-06,-1.5972369993544617,-1.8350674362105084,-1.8383075207994477,0.04668404874295984,-0.014855296554011854,0.043665128731233516,0.0639380717786473,-0.085051777829936,-1.566482285299525,-0.360054648516617,0.360054648516617,3.2359295794340284,-0.0030321473144931943,-0.08000000000000007,2009-11-06,-1.476102756300868,0.025190658607503025,-1.7134067701984672,2009-12-08
2009-11-13,-1.8053338112770327,-1.7724997090291594,-1.8226028066514592,0.02127443664539541,0.01776979133256873,0.06163887339033369,0.06338665634106011,0.032625087886580584,-1.5616010960793176,0.6450031352864729,0.6450031352864729,3.1880041612011136,0.0015884980270772786,-0.16999999999999993,2009-11-13,-1.5433007954267435,-0.012802178025970612,-1.7087935847181703,2009-12-15
2009-11-20,-2.033926064806802,-1.7415789607966683,-1.832220873676415,0.02874281369699272,-0.031778889079641104,0.08738175682335392,0.04133208697483992,-0.04954868041220983,-1.4458093952613986,-0.8685017455412157,0.8685017455412157,3.119276459645446,0.0026599906798532302,-0.28,2009-11-20,-1.315437580258306,-0.07369752014102993,-1.4341995356608983,2009-12-22
2009-11-27,-1.7197020705715618,-1.7714610812613008,-1.839058111712431,0.02427982129715378,0.041402551560700385,0.11373894523186667,0.024039683597518735,0.08051896677840853,-1.6158313931521227,1.507571190318958,1.507571190318958,3.019448800171307,-0.028668236765519772,-0.32000000000000006,2009-11-27,-1.323268809700217,-0.07327016165850342,-1.443309880817435,2009-12-29
2009-12-04,-1.0751174629159377,-1.5184103293861075,-1.6903815734531937,-0.01145065238553844,-0.022531034640904668,0.0613611253488795,0.0029380053898728775,-0.06393358620160505,-1.6619266694760906,-0.582341050301276,0.582341050301276,3.111735949310297,-0.013442701380451005,-0.20999999999999996,2009-12-04,-1.47640717673859,-0.014246509804808127,-1.7113179307091515,2010-01-06
2009-12-11,-1.7574144620209917,-1.4886636781800917,-1.6798268323167094,-0.03972369956277433,0.03340989382550452,0.01020558314538178,0.013164995527592094,0.05594092846640919,-1.6799434570703382,1.2315007644128877,1.2315007644128877,3.1054831375131102,0.011640306390861,0.08999999999999986,2009-12-11,-1.4592378775434354,0.011723491282119802,-1.7256772708109613,2010-01-13
2009-12-18,-1.158796520866116,-1.335370170033329,-1.5974238340208593,-0.0033903248882838355,-0.008121257420954375,-0.030284855539442823,0.04416015332434586,-0.0415311512464589,-1.8918318904985385,-0.1431473246963669,0.1431473246963669,3.113959654918641,0.032841338192002745,0.07000000000000006,2009-12-18,-1.6406261656211112,0.003919432032599701,-1.973161804265332,2010-01-21
2009-12-24,-1.5382957725148183,-1.314147025945896,-1.575538135695959,0.009457690217752557,-0.012922463517495597,-0.07346178649603985,0.002225788086425151,0.0012734840977324247,-1.9151715752269995,-0.29820973264190237,0.29820973264190237,2.9811261211646287,0.03700496494466954,0.25,2009-12-24,-1.6840667139927836,-0.01878430027381217,-1.9595011000416447,2010-01-27
2009-12-31,-1.9220055766322797,-1.3617390572299133,-1.615611829886494,0.007107432001887126,0.023299602704315525,-0.10491313869139329,0.027937765563333272,0.037321794157789245,-2.0714419993205353,0.946363267254901,0.946363267254901,2.993730270883318,0.04663619028581589,0.30000000000000004,2009-12-31,-1.7009842846757677,-0.006120749912201795,-1.9926695203174152,2010-02-02
2010-01-08,-1.570536378785497,-1.5152627309112112,-1.5872655707969374,0.03713619687871628,-0.05575259786666553,0.004770329111608795,-0.05190205921281921,-0.07905220057098106,-2.051915324948743,-1.8111076044835137,1.8111076044835137,2.947591898226056,0.020750402038848037,0.1299999999999999,2010-01-08,-1.4910131628237067,-0.06820194673357083,-1.6147095786139354,2010-02-09
2010-01-15,-1.5811551733324072,-1.4622195077636306,-1.562591224903014,-0.00458986656951943,0.0009350306129491948,-0.006563257882802986,-0.04554015600287453,0.05668762847961473,-1.9781710879248113,0.18150871471725252,0.18150871471725252,2.869601996409779,-0.002992984521783093,0.029999999999999805,2010-01-15,-1.4614619077888633,-0.020565082934886014,-1.708476121978913,2010-02-17
2010-01-22,-1.5423984084569258,-1.6490967599615172,-1.5385474915807449,-0.04435034003502469,0.04290924752432579,0.009374775860350404,0.0009964326141003177,0.05525529265048279,-1.6767576784948874,1.6182474534184372,1.6182474534184372,3.1032404812692764,0.0035814668393063798,-0.09999999999999987,2010-01-22,-1.5335094557632034,0.003807368925693666,-1.8416058133034143,2010-02-23
2010-01-29,-2.5309299704968398,-1.702917140057215,-1.5647158941437045,-0.011354685875832438,0.04251397084931918,-0.009112761858984797,0.02974510627892135,-0.0003952766750066061,-1.5707904246043032,1.4961949933299505,1.4961949933299505,3.166740070447672,0.013654262693600039,-0.10999999999999988,2010-01-29,-1.561196367608009,0.02434362112531918,-1.8653444037370022,2010-03-02
2010-02-05,-1.093839465491667,-1.4922527556584086,-1.4952638310988549,-0.01215357518629201,0.05280432269866875,-0.0569991801081402,0.12588149594615672,0.010290351849349566,-1.5170369745271348,1.7844667462056831,1.7844667462056831,3.261168737058452,0.03087724322116614,-0.20999999999999996,2010-02-05,-1.8699907150146349,0.05315622781480922,-2.753280274112222,2010-03-09
2010-02-12,-1.7698909030682006,-1.5149818458962663,-1.5037966082615175,0.02229452435578505,-0.00026782353480392374,-0.04556407674136409,0.1379597175375098,-0.05307214623347267,-1.5119605328270147,-0.013093208562626961,0.013093208562626961,3.1763857732472487,0.040046150025194294,0.040000000000000036,2010-02-12,-2.051696199221427,0.007090282990908747,-2.552707688755611,2010-03-16
2010-02-19,-1.7128590145209284,-1.550002880223379,-1.4790596091205657,0.021607525630869873,-0.016686903211931448,0.019369711240915244,0.08598025122178976,-0.021083389581331158,-1.6326712850476774,-0.5534184136950804,0.5534184136950804,3.0267463270831603,0.02595591367218386,0.16999999999999993,2010-02-19,-1.9217019740971797,-0.01217614615881324,-2.2576397519691227,2010-03-22
2010-02-26,-2.0341364566390787,-1.5182729400852,-1.4909359416663128,-0.00036547204836612224,-0.006607653859810991,0.02732787260584857,0.017949897055401287,0.010079249352120456,-1.841173340539728,-0.2151984209403366,0.2151984209403366,3.0007198150650303,0.02646420942424932,0.15999999999999992,2010-02-26,-1.8253807808162743,-0.006233408250334804,-2.148509835686639,2010-03-29
2010-03-05,-2.1130359671225314,-1.8771365718765547,-1.5828682293579353,0.012531922696741304,-0.044315336407733774,0.0598746967680901,-0.0632134071100765,-0.03770768254792278,-1.9724273975426017,-1.4197295684922473,1.4197295684922473,2.929592471049446,0.014881720397294629,0.1399999999999999,2010-03-05,-1.8377940666904005,0.010411587840943426,-2.1824982723937287,2010-04-06
2010-03-12,-2.2034613540790104,-1.9788035977437068,-1.6025056357026222,-0.026148872225157938,-0.01134256107203635,0.007625104054087117,-0.07895245455151256,0.032972775335697424,-2.10442179731476,-0.3170220662991552,0.3170220662991552,2.8936995479888394,0.0036171030180343067,0.050000000000000044,2010-03-12,-1.8128301504967284,0.03918168477953543,-2.251742080969397,2010-04-13
2010-03-19,-1.5942339904932976,-1.9248516154357165,-1.6813915800137544,0.0030523247818097232,0.009637239976822976,-0.010930096794973032,-0.05262831136275814,0.020979801048859326,-2.1756285965459456,0.3801036596143848,0.3801036596143848,2.810606789427302,-0.002241319604664227,-0.030000000000000027,2010-03-19,-1.8952066340438778,0.033852044943578186,-2.236843038714495,2010-04-20
2010-03-26,-1.6657590987642235,-1.825906937777202,-1.666109512353294,0.002858835032101048,0.005264068176225933,-0.007705789714505862,-0.040756589326721215,-0.004373171800597042,-2.2694324486585504,0.21268756126932448,0.21268756126932448,2.91235066461494,0.016328418772886266,0.1399999999999999,2010-03-26,-1.9479001385424604,0.05265785619771268,-2.4563251270429274,2010-04-27
2010-04-01,-1.782889468589569,-1.8286735492235067,-1.6832459812865015,0.03207060089592506,-0.04002210740818812,-0.005156279772832839,-0.048856793295829704,-0.05274311745041782,-2.0753757668554185,-1.2769762755964622,1.2769762755964622,2.8673305587494666,0.013536329844431982,0.14000000000000012,2010-04-01,-2.01484392358826,0.0427212074055765,-2.4954572783759517,2010-05-03
2010-04-09,-2.124508511456576,-1.8101254475229978,-1.725675014657908,0.030194319079045684,0.003751186323161182,0.045364158165680735,-0.0235890980804907,0.043773293731349305,-2.0958228613650514,0.19851306797779347,0.19851306797779347,2.8021475244813256,0.013335200197582608,0.09000000000000008,2010-04-09,-1.8220533700252333,0.03955756900887408,-2.4398983480468415,2010-05-10
2010-04-16,-1.8044417337789431,-1.801189331315506,-1.7435203911502952,-0.021345541453099415,0.012536885427647082,0.008123535506999957,-0.011013025615150163,0.0087856991044859,-1.9927268201933233,0.48740197738280416,0.48740197738280416,2.7656899805486246,0.010492276530715827,0.09000000000000008,2010-04-16,-1.7492950892075705,0.07126348743067457,-2.8670192188946384,2010-05-17
2010-04-23,-2.2337869721105923,-1.9491191999425193,-1.7495985438535957,0.01737783405146054,-0.01093662848574084,0.05829721257333187,-0.0346706641431207,-0.023473513913387922,-1.9936885500043735,-0.2808037510884553,0.2808037510884553,2.8015405441895487,-0.003304533324973491,-0.14000000000000012,2010-04-23,-1.6350919481763921,0.035632467793809575,-2.247655647725915,2010-05-24
2010-04-30,-1.9711562061128902,-2.00703654481779,-1.7639612350877936,0.01898983461405468,-0.0003638455344527891,0.04521644629146149,0.004987597730614635,0.010572782951288051,-1.9305067785456236,0.05987418318306304,0.05987418318306304,2.914522218128448,0.011406272028986919,-0.29000000000000004,2010-04-30,-1.6678602196484185,0.03548157106524119,-2.2521255423712465,2010-06-01
2010-05-07,-1.5352267337722236,-1.8230987490503896,-1.8375479456892767,0.024912439051899327,0.03925356885715914,0.03993456626431513,0.04048998026461259,0.03961741439161193,-1.3104887328158625,1.3557119646713185,1.3557119646713185,3.490428515390098,0.0403852578575874,-0.33000000000000007,2010-05-07,-1.7085524122595623,0.028756647312786043,-2.169567660869552,2010-06-08
2010-05-14,-1.6077410305373914,-1.7641695894498755,-1.8532127672601721,0.01760023733009053,-0.03277598611625354,0.07888034504750507,-0.004822891279288033,-0.07202955497341268,-1.3025171021274147,-1.1046180286323672,1.1046180286323672,3.283914221047423,0.0571100390326702,-0.20999999999999996,2010-05-14,-1.7968727558280755,0.013563738328143948,-2.1325655886858326,2010-06-15
2010-05-21,-1.6484462444503318,-1.6658216255080567,-1.8138633571475618,-0.04372700031069243,0.04689262838535502,0.017775510685352103,0.053006365591807825,0.07966861450160856,-1.2399157699599401,1.5937815839456595,1.5937815839456595,3.824065726669004,0.047873207292362,-0.09999999999999987,2010-05-21,-1.8258468049145848,0.03869718414389478,-2.2477188739445877,2010-06-22
2010-05-28,-2.080641422872563,-1.6793506364379138,-1.8207374704048005,0.03127120296685071,-0.010637519685413377,0.030056879038148132,0.04273269144084724,-0.057530148070768394,-1.2754697391303669,-0.37672816851647156,0.37672816851647156,3.39047341829918,0.04971888846458228,0.020000000000000018,2010-05-28,-1.7862812932876542,0.011277945055391037,-2.1437887874632855,2010-06-29
2010-06-04,-1.9273996342684798,-1.7791691926228648,-1.8039460878154971,0.004203806339914351,0.06506999428771287,0.005890328178066007,0.021602054710163188,0.08418863722413361,-1.3277570588742114,2.184828599912856,2.184828599912856,3.3830334110344844,0.035747265338807566,0.040000000000000036,2010-06-04,-1.5636732407631766,-0.04185481271604097,-1.6997001295324852,2010-07-06
2010-06-11,-1.7116447960198242,-1.8135875055208661,-1.7892154954104378,0.006856211465855466,-0.03899715914830271,-0.0045724436239034105,0.057336539551033905,-0.10406715343601558,-1.4298306814760358,-1.3791237347803207,1.3791237347803207,3.420019135902743,0.02721093861329127,0.07000000000000006,2010-06-11,-1.5523153978818636,-0.010421996069598372,-1.723474045906952,2010-07-13
2010-06-18,-1.9508341781717549,-1.892138547180767,-1.8208065036720333,0.023226210014442472,-0.025964012805476333,0.05859140343433733,-0.019009820602486904,0.013033146342826374,-1.5006218539597125,-0.9109574057483122,0.9109574057483122,3.2208738275308737,-0.008135760133548331,-0.10000000000000009,2010-06-18,-1.6258417372999117,-0.0315584563288791,-1.76256298977256,2010-07-20
2010-06-25,-1.7108458584161006,-1.812257198006658,-1.8042961338021615,-0.0005700533050125856,0.0037057374713298508,0.033716174515199704,0.003814559805263684,0.029669750276806184,-1.5273208974252561,0.13131670306844176,0.13131670306844176,3.392492941032009,-0.01608364830341813,-0.07000000000000006,2010-06-25,-1.6152518700047371,-0.06464308293639931,-1.7178260814357411,2010-07-27
2010-07-02,-1.1824165889811376,-1.5521175101714078,-1.6988207073821304,-0.03540269635335136,0.031602767310972446,-0.005890328178066007,-0.029652667171476743,0.027897029839642595,-1.8389202469722228,1.1025856997675487,1.1025856997675487,3.492256112609122,-0.028164297983204634,-0.13000000000000012,2010-07-02,-2.0454935944558192,-0.004473162490601368,-2.3240066842160525,2010-08-03
2010-07-09,-1.7023912218454897,-1.561153980374717,-1.675348170259965,0.011215068154533547,-0.005276577009585726,-0.005140538060283362,0.0021649772947665014,-0.015471939033055548,-2.107960758039766,-0.1596586645196268,0.1596586645196268,3.246880021277798,-0.04752818319431196,-0.030000000000000027,2010-07-09,-2.1211584913245902,0.0005112481029341254,-2.379968888614871,2010-08-09
2010-07-16,-2.0530006260743257,-1.5744997218331427,-1.6892313341196015,-0.014381411547288003,-0.0007525932238361399,-0.043851627863229936,0.0030581538820686482,0.004523983785749586,-2.0690551195643203,0.02249236987339012,0.02249236987339012,3.2244602031621015,-0.041751845523065434,-0.07000000000000006,2010-07-16,-2.1588145872402205,0.03397931489969874,-2.5880026287771427,2010-08-16
2010-07-23,-2.105037523796263,-1.6155010174656876,-1.6993996964145246,-0.004983700336949504,-0.018048330820066738,-0.043901120304255414,-0.01388213903001878,-0.017295737596230598,-2.0713398217952395,-0.6082175333058847,0.6082175333058847,3.2039652121324464,-0.03730977420079462,0.020000000000000018,2010-07-23,-2.276107961289998,0.03621307055991885,-2.7149628005025646,2010-08-23
2010-07-30,-1.8745259073620004,-1.9079425417458362,-1.6803487210960526,-0.005181793174617866,0.00275022533535374,-0.013331836904321825,-0.021327275718134864,0.020798556155420478,-2.071661330445039,0.12660974746775921,0.12660974746775921,3.1834558796369405,-0.052260457865043186,0.06000000000000005,2010-07-30,-2.536276151378894,0.04542969919703044,-3.671315379906202,2010-08-30
2010-08-06,-2.5829049700129882,-2.0951475478485895,-1.7792688362190696,0.020143813447518255,-0.0073473863508701776,-0.004403091611337118,-0.023398085059419316,-0.010097611686223917,-1.9859418402323583,-0.23944384739320726,0.23944384739320726,3.095577608523707,-0.03644718298174432,-0.17999999999999994,2010-08-06,-2.479597450833391,0.04415540645390248,-3.593495510336238,2010-09-07
2010-08-13,-2.3521830461320485,-2.16047141088159,-1.8199692316281892,0.007608469774294413,0.02603959351048557,0.0175867897102453,0.0033941016749023944,0.03338697986135575,-1.9094057362523549,0.9298779030838379,0.9298779030838379,3.2476576262936527,0.0009685452637606673,-0.15999999999999992,2010-08-13,-2.3012902478367017,0.035203580087769026,-3.1757221505117488,2010-09-14
2010-08-20,-2.6526180597818465,-2.26329883812632,-1.84286182986359,0.010305510850201038,0.018796907405452146,0.03287600089739584,0.04023933990042128,-0.007242686105033425,-1.875789667104709,0.6738975564266554,0.6738975564266554,3.2748780149834857,-0.0018176500616506885,-0.18999999999999995,2010-08-20,-2.248130053941369,0.05070456918936017,-3.2281789475847846,2010-09-21
2010-08-27,-2.6189870003211957,-2.536775127127534,-1.86081976825983,0.008631482761392917,-0.05256151447388602,0.04668927683340662,-0.015072399908818479,-0.07135842187933816,-1.7643639968082598,-1.9325290434212994,1.9325290434212994,3.309447523052588,0.015677551677522494,-0.26,2010-08-27,-2.255113687240062,0.05581119232823095,-3.276945989425257,2010-09-28
2010-09-03,-2.476015073914457,-2.5103195642537997,-1.909892894132641,0.006999645365678653,-0.03078025676668661,0.03354510875156702,-0.03850527032463491,0.02178125770719941,-1.8190506312863832,-1.1283916315327303,1.1283916315327303,3.1437211512674406,0.020088860301735068,-0.020000000000000018,2010-09-03,-2.1215603913260117,0.06537869950014485,-3.3248036730984145,2010-10-05
2010-09-10,-2.4417223075629795,-2.5519030731748065,-1.9208407300065373,-0.004589775689420428,-0.0118249176844345,0.024616683476390122,-0.06868724495391998,0.013684221345516612,-1.9013007677470053,-0.47038550008147373,0.47038550008147373,3.1271990362962967,0.00460715237237963,0.10000000000000009,2010-09-10,-2.0452636407219056,0.08409497944788402,-3.192236031218095,2010-10-11
2010-09-17,-1.9342931535748913,-2.2923281959327797,-1.9519127028653973,0.02282145179719297,-0.021003280370819777,0.03389048891842883,-0.09032029823713117,-0.009178362686385277,-1.924416336342954,-0.8391501941645552,0.8391501941645552,3.0782334950657346,-0.011990885899642478,-0.020000000000000018,2010-09-17,-2.065842182795149,0.07265394489852017,-2.9848172352126205,2010-10-18
2010-09-24,-2.6352793930671465,-2.301937782200926,-1.9787287691361717,0.017116220089094192,-0.017754106701942884,0.04628327202229254,-0.07609144378714827,0.0032491736688768924,-2.225979673656068,-0.7087434900012176,0.7087434900012176,3.1726224403507386,-0.03981661386259727,-0.24,2010-09-24,-1.7210779356843258,0.03207173792209694,-2.01904416220232,2010-10-25
2010-10-01,-2.4761313241447436,-2.294317513606425,-2.25563267557994,0.017371337978605794,-0.012635573099187614,0.05271923417547253,-0.06321787785638477,0.005118533602755271,-2.2910061726225153,-0.47925075148886864,0.47925075148886864,3.1654750481410856,-0.047143379271910923,-0.27,2010-10-01,-1.6708712014067926,0.026578040277397186,-1.9763309732533223,2010-11-01
2010-10-08,-1.7099094928741398,-2.053605707037159,-2.183908401393377,0.021108354991349998,-0.0275718259052673,0.07841736485624295,-0.07896478607721757,-0.014936252806079686,-1.8918979581685302,-1.0483556273475652,1.0483556273475652,3.070839746040796,-0.0659991917199525,-0.52,2010-10-08,-1.5697013401310163,0.040661769582095,-2.0005671667655736,2010-11-08
2010-10-15,-1.9912523731853804,-2.070990258078524,-2.1935154524643736,0.015225959643320408,-0.028670953112063025,0.07082187270237039,-0.08663245881846082,-0.0010991272067957247,-1.8010525082702342,-1.0857554560210896,1.0857554560210896,2.989714201228428,-0.05815808519196164,-0.5900000000000001,2010-10-15,-1.4428389984647911,-0.013948487352034356,-1.7119066123012516,2010-11-15
2010-10-22,-1.3602920327703056,-1.7358329561877128,-2.060233533305797,-0.02999349484851166,0.01258441631768914,0.02371215776476454,-0.0562939357988288,0.041255369429752164,-1.6916902980516093,0.5297675950478006,0.5297675950478006,2.958549482426275,-0.03290653206300043,-0.27,2010-10-22,-1.5642697961907377,0.01989994625363778,-1.9739210891636054,2010-11-22
2010-10-29,-1.8751167314628348,-1.6736892326255455,-2.0231281843104996,0.022032524473214465,-0.03807505408428291,0.028373344259373212,-0.0817334167839241,-0.05065947040197205,-1.6224663454654664,-1.4246348210444264,1.4246348210444264,3.038791763014438,-0.01807398649795111,-0.18000000000000005,2010-10-29,-1.5780717199791872,0.026185382164892523,-1.9973425561217206,2010-11-30
2010-11-05,-1.3973058955673567,-1.5817026848660891,-1.9174639349923988,0.027957283772851227,-0.052689958242079005,0.03522227304087444,-0.1068515491207358,-0.014614904157796094,-1.6838472944477565,-1.9682954853675416,1.9682954853675416,2.918851229218033,-0.019704456525245995,-0.09000000000000002,2010-11-05,-1.6463108072383772,-0.00933358668023665,-1.9005773336109033,2010-12-07
2010-11-12,-1.3353804273778318,-1.4509235879848488,-1.8058340367928445,-0.019921437638774186,0.006375525834066309,7.487575877984654e-05,-0.07180507017460647,0.059065484076145314,-1.4395086680106381,0.39746850360000113,0.39746850360000113,2.925309809257445,0.020275759708471952,0.15000000000000008,2010-11-12,-1.8960044815493595,0.02799881060238274,-2.345639139710196,2010-12-14
2010-11-19,-1.948043692917652,-1.5670040800740592,-1.784091901357764,-0.011207800923543232,-0.05790588762377347,0.018860569683748274,-0.14229537411606907,-0.06428141345783978,-1.3081851256502537,-2.0617241370620127,2.0617241370620127,2.9311937524164198,0.015381033430040603,0.32999999999999996,2010-11-19,-1.9505695218242187,0.0136907761627576,-2.3309289822104358,2010-12-21
2010-11-26,-2.2771136855399945,-1.5890421531589205,-1.7763895577203868,0.007692377932823291,0.016076619982322793,0.014148108695477113,-0.09491867317471847,0.02894564628362195,-1.24442763567202,0.758572300923671,0.758572300923671,2.9734866646066713,0.021770270924965196,0.18000000000000005,2010-11-26,-1.9040498797450292,0.027409145900913146,-2.368784823565145,2010-12-28
2010-12-03,-1.7063022056050121,-1.7007364872685053,-1.7422859087147604,0.036584997330955105,-0.05373768641805299,0.01488541530363996,-0.09475780822847257,-0.06981430640037578,-1.2611770947808285,-1.8187142757862835,1.8187142757862835,2.9647574692545606,0.0487403463210665,0.33999999999999997,2010-12-03,-1.8814730914002744,-0.031843781669918414,-2.0508929764679533,2011-01-04
2010-12-10,-1.755583057281629,-1.6878175519079828,-1.7303347875876538,-0.01945361593586714,0.002463162351095338,-0.01647966353345165,-0.048066930385934015,0.056200848769148326,-1.266158439928772,0.295032017780874,0.295032017780874,2.847812143477369,0.030947333236012398,0.53,2010-12-10,-2.0323643976618504,-0.008414571064846221,-2.2844496275856176,2011-01-11
2010-12-17,-2.311335543234236,-1.9366026790563737,-1.7235640465787787,-0.008976038242122897,-0.027740996317881628,0.015847721085788358,-0.06293890040251648,-0.030204158668976966,-1.4291314271616207,-0.8031604828526675,0.8031604828526675,2.855895328366192,0.013814089563618737,0.30999999999999994,2010-12-17,-2.015316290917964,-0.01034119530861144,-2.2548924136644817,2011-01-19
2010-12-23,-2.8313842932061006,-1.9628043161876696,-1.7254508590771775,0.006332245240785461,-0.005269217846114227,0.0035709827626480006,-0.05657315482669212,0.015201126844999635,-1.4924610227258526,0.029513865888792363,0.029513865888792363,2.7376090033437546,0.013091677882795416,0.3400000000000001,2010-12-23,-1.8982222375955378,-0.03711951482440412,-2.073606980065904,2011-01-25
2010-12-31,-1.886714552136241,-1.9086620040907314,-1.7278722039279695,0.029704411519632323,-0.023718723536402475,0.025702380795304514,-0.05177569177271657,-0.018449505690288248,-1.62045913955714,-0.6479336569079831,0.6479336569079831,2.8633430855082453,-0.014853951859503667,0.2500000000000001,2010-12-31,-1.7522637475444534,-0.05358422280262509,-1.8835813772006362,2011-02-01
2011-01-07,-1.7306844380647772,-2.0429142317127194,-1.7196589555000128,-0.037756958826953735,0.03365291470946907,-0.013311171122530219,-0.01580537136416149,0.05737163824587155,-1.8787874001196279,1.471030937510297,1.471030937510297,2.856470206220483,0.009826572149922441,-0.040000000000000036,2011-01-07,-1.8167843788745728,-0.00733368360345743,-2.0702898213621226,2011-02-08
2011-01-14,-2.1289528530709987,-2.008797903934657,-1.7830223036191717,-0.006684964057372511,0.006209219222044204,-0.008405266123908461,0.010874192548996575,-0.02744369548742487,-1.9618405208940848,0.4230709865700566,0.4230709865700566,2.7966713927557385,-0.013421332403098063,-0.25,2011-01-14,-1.8657117723308132,0.0040389625381758165,-2.1538970395219152,2011-02-15
2011-01-21,-1.837199286988573,-1.9023854896801733,-1.7741852427995344,-0.02278659214750256,0.01989725643377449,-0.03021880753558559,0.032617736431483024,0.003366105297949673,-1.7717270556552638,0.9172997243833295,0.9172997243833295,2.8898160479624417,-0.02381962327298659,0.15999999999999992,2011-01-21,-1.9501463076687553,0.044485060526386455,-2.3808991777415054,2011-02-22
2011-01-28,-1.4698716539981447,-1.7284300810268998,-1.7315318063648675,-0.005740324262093033,-0.023106336912579906,-0.050513900011628365,0.035764643399771145,-0.043003593346354396,-1.6774148340296158,-0.6711155660625168,0.6711155660625168,2.7819200496686656,-0.026282216269109426,0.09999999999999987,2011-01-28,-2.1636569812189332,0.07532276412594108,-3.341054419291813,2011-03-01
2011-02-04,-2.1628930776597906,-1.8416754216384095,-1.82444403220575,0.010536898816437379,-0.028965558674276526,-0.016347481635600403,-0.015643488017257123,-0.00585922176169662,-1.6680532182573968,-0.8463343199542945,0.8463343199542945,2.8148097376737438,-0.031772840395804636,0.1499999999999999,2011-02-04,-2.155291290761623,0.05668583617645506,-2.868086896888415,2011-03-08
2011-02-11,-2.474796626504039,-1.851725564483023,-1.9205852867277926,0.005000416773071059,-0.02312153654850846,-0.012989600820087155,-0.0552961757015904,0.005844022125768067,-1.7257587718324294,-0.5774770919895805,0.5774770919895805,2.7781979610042917,-0.022492719705622832,0.4099999999999999,2011-02-11,-2.0085327163206275,0.024665148379786395,-2.3432543409298234,2011-03-15
2011-02-18,-2.48343283806155,-1.955051885610712,-1.9399035954694053,0.023083953411634717,-0.06155676525359377,0.03288094473905012,-0.13675019738895866,-0.03843522870508531,-1.5655182932302152,-2.087561638483771,2.087561638483771,2.808800104202353,-0.010457941205459953,0.09000000000000008,2011-02-18,-2.006562836621214,0.020048683449378046,-2.3429352338382707,2011-03-22
2011-02-25,-2.2317822115058905,-2.142288808508823,-1.94570202670895,0.017179863198090395,-0.030950219524761735,0.07126760261368315,-0.14262830713194186,0.004620638125151455,-1.2921304348502616,-0.8349554809113472,0.8349554809113472,3.0596455992976437,-0.01084166494824057,-0.10999999999999988,2011-02-25,-2.0089612091159883,0.006372140560094053,-2.3198838016235457,2011-03-28
2011-03-04,-1.791015731088055,-2.153843931241939,-1.9782304332795533,0.014237953399735659,-0.04912888468282217,0.05267289339466874,-0.1512701103237699,-0.018178665158060436,-1.2568324149919674,-1.5305880761855462,1.5305880761855462,2.9231615807191558,-0.008851922862663564,-0.06999999999999984,2011-03-04,-2.183983946724024,0.0008584570439591488,-2.4254154399882446,2011-04-04
2011-03-11,-2.3963537620326405,-2.143146536476715,-1.982210433700728,-0.008142170233009338,-0.01789555120090247,0.03962590934611221,-0.13354551305839957,0.0312333334819197,-1.2595556656742346,-0.31367101633711525,0.31367101633711525,3.0855729775537806,-0.004647576331091585,-0.43000000000000005,2011-03-11,-2.0980510782732202,0.02685773355534682,-2.50933551390333,2011-04-11
2011-03-18,-1.8326628966979008,-2.0002484295951852,-1.9513236796375832,0.0010845938983621295,0.023019047016314076,0.024360240263178845,-0.0749556083921723,0.04091459821721655,-1.306263241522497,1.2279601040168042,1.2279601040168042,3.2722270003651954,-0.028265855273086338,-0.5500000000000002,2011-03-18,-2.175544647249096,0.04764638838081314,-2.937667680169145,2011-04-18
2011-03-25,-2.349138126585693,-2.0169829841405753,-1.9631801477354278,0.006411428675811237,-0.053612216931668844,0.013591805740899687,-0.09761760579907941,-0.07663126394798292,-1.5825031763000619,-1.6295111014761845,1.6295111014761845,2.8903717578961645,-0.018334639909055817,-0.10000000000000009,2011-03-25,-2.253100170812218,0.0550469693973028,-3.1611556617244623,2011-04-26
2011-04-01,-2.4805675792915824,-2.19099579006912,-2.0363218136140055,-0.00043092409224509964,-0.013263898041004474,-0.0010770717510810712,-0.06175261915726171,0.04034831889066437,-1.747650916974723,-0.11357735685767739,0.11357735685767739,2.8758219768814333,-0.008139768329589181,-0.10000000000000009,2011-04-01,-1.9553883167613362,0.06933612078425977,-2.798196775479464,2011-05-03
2011-04-08,-2.0366402880347843,-2.110522006527398,-2.0063301099594284,0.031537696161386464,-0.04670866513532479,0.03860279464331473,-0.09056573309168403,-0.033444767094320316,-1.7349083941307493,-1.350392370116166,1.350392370116166,2.839663087904102,-0.022111223251338963,0.07999999999999996,2011-04-08,-1.6975212244758806,0.03621235917297927,-2.0525118165291127,2011-05-10
2011-04-15,-2.0047650129081553,-2.1783810807326405,-2.0363733890462012,0.00962910946860518,-0.03885038383796946,0.04714731021355778,-0.15243516394596757,0.00785828129735533,-1.7024907974486168,-1.0255892329043779,1.0255892329043779,2.7893229212309465,-0.01804720690033612,0.07000000000000006,2011-04-15,-1.7355791408877776,-0.008187937099784826,-2.0163901043161587,2011-05-17
2011-04-21,-2.521068574833889,-2.2446127251157653,-2.0417452903776017,0.020169383798843477,-0.08314377640271431,0.052606926211842264,-0.17913745555007,-0.03356117035454975,-1.583206321919403,-2.573014672449753,2.573014672449753,2.712706012638404,-0.018913698257202682,-0.16000000000000003,2011-04-21,-1.700466446432128,0.006515168779259284,-2.0163901043161587,2011-05-23
2011-04-29,-1.6881156072311758,-2.0003456460338906,-2.0864379784159093,0.03764939071498041,0.008649303401595088,0.08566981479576352,-0.15723904549446166,0.0917930798043094,-1.187605219391385,0.7791055958683915,0.7791055958683915,2.6823904543216326,-0.04020911380165515,-0.21999999999999997,2011-04-29,-1.8576654731803603,-0.005132517613488652,-2.081895923132308,2011-05-31
2011-05-06,-1.3236293806200834,-1.7164846382516585,-1.9564232612496535,-0.047511149856114265,0.2597005856773871,0.01938845744008244,0.1356235066281033,0.251051282275792,-0.5370405853561357,7.240318216044259,7.240318216044259,2.9014215940827497,-0.017635722997112246,-0.29000000000000004,2011-05-06,-2.505178848190907,0.02041705075568956,-3.0901352293260897,2011-06-07
2011-05-13,-2.0288067006439956,-1.7180057319750717,-1.9315750414121489,0.0022686004439922414,0.00488222626703827,0.012576225101701866,0.19008833894330612,-0.2548183594103488,-0.37244546718426125,0.31886401189526403,0.31886401189526403,2.7744619666214616,0.0034615199617933357,-0.08999999999999997,2011-05-13,-2.4110539617453646,0.022446889459650343,-2.933715796990369,2011-06-14
2011-05-20,-2.262740313837567,-1.701320807104159,-1.933510138485321,0.012691222092345633,0.018816342172648604,0.005098063395204022,0.29204845751866904,0.013934115905610334,-0.3547887176930651,0.6212734217836521,0.6212734217836521,2.7421295147550726,0.010034199816074896,0.09000000000000008,2011-05-20,-2.5355224876349567,0.019626154663234807,-2.975118226987088,2011-06-21
2011-05-27,-2.4906895338526183,-1.816110246668173,-1.972803509398402,0.014872856924032618,-0.06521481842030585,-0.017678470395743773,0.2181843356967681,-0.08403116059295446,-0.37591523030741675,-1.293044945487938,1.293044945487938,2.7781979610042917,0.03269276440407243,-0.020000000000000018,2011-05-27,-2.235469429394049,-0.022983260132642513,-2.3465632048544163,2011-06-28
2011-06-03,-2.503673624678331,-2.2459852114190686,-1.9796174068657084,0.013403229625003732,0.045973908110490846,0.04597493176524825,-0.0009493701091982665,0.0920903906424102,-0.675412978982471,1.2661682995645296,1.2661682995645296,2.895359299407204,0.017644364454402428,0.08000000000000007,2011-06-03,-2.029073934498089,-0.019120979979898145,-2.275260443984475,2011-07-05
2011-06-10,-2.545159828649783,-2.485601175959897,-2.026240630811725,-0.006545109223425882,-0.003995167272442757,0.017916235840589323,-0.03839148527798342,-0.0499690753829336,-0.9673068281369612,0.12955722551514023,0.12955722551514023,2.87751164216656,-0.015249083035796751,0.040000000000000036,2011-06-10,-2.010138060757674,0.03327651051580016,-2.4054838130807554,2011-07-12
2011-06-17,-2.331870735509068,-2.4124686849495753,-2.033707464538326,0.004679445196928533,0.013226483945932177,0.02902878885738769,0.00908874225206091,0.017221651218374934,-1.1229145259524511,0.49815365222100016,0.49815365222100016,3.123685637864452,0.003703201918021648,-0.08999999999999997,2011-06-17,-1.9313902665996827,0.03039391689681281,-2.3013146957651123,2011-07-19
2011-06-24,-1.8027369971363478,-2.1965402920978327,-1.9834234249966942,-0.02484940807219438,0.021711486650623613,-0.013311842473687996,0.07691671143460388,0.008485002704691436,-1.2748004567468847,0.6868271249889134,0.6868271249889134,2.9595868269176377,-0.006341722477877454,-0.09000000000000008,2011-06-24,-2.0232482096878357,0.07938273812171825,-2.744127114427462,2011-07-26
2011-07-01,-2.3366635853820443,-2.1704148876293825,-2.0040693086329,-0.009135005587102896,0.0017150287328728808,-0.035850077685794624,0.032657832056985914,-0.019996457917750732,-1.4483843177429758,0.22464269092801234,0.22464269092801234,2.804571768092832,-0.00040367057416013097,-0.030000000000000027,2011-07-01,-1.982115131418705,0.08991982383551367,-2.909303558331392,2011-08-02
2011-07-08,-1.8151713541337227,-1.9974641830675817,-1.970205841408736,0.028693951706980414,-0.026212778185915386,-0.0020610862062486746,0.02334757680365218,-0.02585300881076602,-1.3815200127082474,-0.38961439279003834,0.38961439279003834,2.7694588292308535,0.01383592201971151,-0.010000000000000009,2011-07-08,-1.7413175730433168,0.0975326042169673,-2.853428401240401,2011-08-08
2011-07-15,-2.2001122659137424,-1.9903290832625904,-1.975604291362504,0.032414014670413493,-0.034917848265729745,0.04096963649994034,-0.05761472590339878,-0.008705070079814359,-1.2549272178199216,-0.584255044599143,0.584255044599143,3.0349529867072724,-0.00464035937291829,-0.05999999999999994,2011-07-15,-1.4798524191111908,0.092827786210961,-2.3133353037254425,2011-08-15
2011-07-22,-1.9135372778843092,-1.9737019004017833,-1.9714643854481757,0.00591032295066185,-0.015562446229157256,0.05111799941524886,-0.07705284205595175,0.01935540203657249,-1.1446609244598558,-0.1226902536357572,0.1226902536357572,2.8656235882069705,-0.010215171618743746,-0.1399999999999999,2011-07-22,-1.381108097733603,0.1597280839553914,-2.4702909892999805,2011-08-22
2011-07-29,-2.5537125049040346,-2.0476233827636374,-2.0374491954995437,0.01380384024627368,0.01945070396475934,0.08082212957432944,-0.057242368716043046,0.0350131501939166,-1.1917399430142446,0.6515432262055058,0.6515432262055058,3.167161389181522,-0.006312574976622187,-0.21999999999999997,2011-07-29,-1.0954879372805837,0.09760159513488009,-1.5459568210899826,2011-08-29
2011-08-05,-1.7053478382141918,-2.0009897850771075,-2.1267005455081684,0.02162318209834435,0.06180185183396647,0.07375135996569337,0.03077226130383881,0.04235114786920713,-0.9527804786788288,1.5675992546151694,1.5675992546151694,3.4550540544528663,0.0021322457459787003,-0.51,2011-08-05,-1.089249418687521,0.09022743399513278,-1.5410707617432637,2011-09-06
2011-08-12,-0.9668691432089573,-1.48442421960198,-1.8278284059749965,0.04957002469012384,0.028360341725806038,0.09090736998540372,0.09405045129537459,-0.03344151010816043,-0.9472216903904773,0.7597865921001143,0.7597865921001143,3.6635616461296463,-0.007603580869017357,-0.6200000000000001,2011-08-12,-1.0632001003703073,0.038481600833352836,-1.4112647028693148,2011-09-13
2011-08-19,-1.6180236063842075,-1.4434490642738242,-1.7819884227250766,0.05705705949498441,-0.032225294505813906,0.14205410652972628,0.07738760301871794,-0.060585636231619944,-0.9615700477342249,-0.5103846046438342,0.5103846046438342,3.7534960971999087,0.0029677780969903367,-0.5900000000000001,2011-08-19,-1.0888238185817738,-0.04890392338935001,-1.355769278280493,2011-09-20
2011-08-26,-0.7802958937864589,-1.1186848204101663,-1.546763192462117,-0.013877430141281621,0.017066699311316658,0.11437283614217097,0.07500359836527526,0.049291993817130564,-0.9307071272098852,0.538869860761449,0.538869860761449,3.6828613817883733,0.0008080479711560784,-0.39,2011-08-26,-1.0536635196938742,-0.07931929791643011,-1.2564763640980914,2011-09-27
2011-09-02,-1.0924225984812064,-1.0333292837054802,-1.4554005793389486,0.03199521157167862,-0.010873695399643335,0.12474486561550524,0.002328051131665454,-0.027940394710959993,-1.2219967873924409,-0.07019800476446246,0.07019800476446246,3.4600950229096408,-0.008556193422178282,-0.16999999999999998,2011-09-02,-1.0634065486092386,-0.1486255735710431,-1.1744755640622522,2011-10-04
2011-09-09,-1.0035418082625587,-1.0894390948892565,-1.3985696637854004,0.01578526177384454,0.01578526177384454,0.0566376822587511,-0.012848925977000825,-0.00276610430940627,-1.4309928551050435,0.4854981792387253,0.4854981792387253,3.5357282746197614,0.02120968296431691,0.13,2011-09-09,-1.1436451293103385,-0.07887827695418004,-1.286822747236033,2011-10-10
2011-09-16,-1.4852015027328154,-1.069152598790767,-1.3669423505868803,-0.02618375258640082,0.002099976603584075,-0.009554856813145385,-0.002723699056621065,-0.013685285170260464,-1.4369386712400647,0.17905417785321825,0.17905417785321825,3.4647979630717503,0.034290595486233144,0.12000000000000001,2011-09-16,-1.178685809808646,-0.06366572362056466,-1.3249638496974585,2011-10-17
2011-09-23,-0.7453267258584846,-1.0183678883210578,-1.2547931873619742,-0.09673137569371715,0.17625010838852528,-0.07566226385924857,0.2126867128492047,0.1741501317849412,-0.7734093533997939,3.8167620663405293,3.8167620663405293,3.7220724214697003,0.05736850965615847,-0.24,2011-09-23,-1.539850403196498,0.02159532996817859,-1.911846793905443,2011-10-24
2011-09-30,-1.314242083510795,-1.0569379446678917,-1.232180288199144,-0.010948360098775645,0.02539456655648431,-0.11807822660504907,0.2195299133224382,-0.15085554183204097,-0.6497287421625616,0.5316388306775139,0.5316388306775139,3.659450643423124,0.04986236421737367,-0.009999999999999981,2011-09-30,-1.5856785248865564,0.03887172036043385,-2.120615185364881,2011-10-31
2011-10-07,-1.4912152851801679,-1.152086420523659,-1.2145715857546397,0.007060899034765811,-0.037586343863682536,-0.1268025893441278,0.16615830768491113,-0.06298091042016685,-0.6211465802588583,-0.6780399858097175,0.6780399858097175,3.590990953294811,0.029594470516231652,0.13,2011-10-07,-1.646037457983255,0.06926635895512145,-2.39004555506285,2011-11-07
2011-10-14,-1.5891025138346242,-1.164280875688626,-1.2040704805415576,0.02616555370716256,-0.009894894440831248,-0.07445328305056442,0.1541634366404958,0.02769144942285129,-0.6123456408910867,-0.15099853239684774,0.15099853239684774,3.4242626545931514,0.009789284216967786,0.14,2011-10-14,-1.6053073230305563,0.06303081775469899,-2.333504016216599,2011-11-14
2011-10-21,-1.8479827570868688,-1.5252495490799893,-1.196165815345155,-0.024031812075926418,0.0037927139207867278,-0.0017537194327736927,-0.018293957827242746,0.013687608361617976,-1.0549305940149372,0.1006176228079762,0.1006176228079762,3.549042508926137,-0.01815300632391903,0.21,2011-10-21,-1.485550128393303,0.015284382931745277,-1.8900594351534685,2011-11-21
2011-10-28,-1.42311374082755,-1.56401415215173,-1.184662659957503,0.06139127915002174,-0.055808354294106355,0.07058591981602369,-0.09949687867783341,-0.05960106821489308,-1.2846452997790403,-1.020343021757522,1.020343021757522,3.2371085931292605,-0.039929322907844345,0.06999999999999998,2011-10-28,-1.5735805682112884,-0.002752628471323959,-1.9180961776269532,2011-11-29
2011-11-04,-1.7905711550363899,-1.633801117989353,-1.2402433541156235,0.007225402138931081,0.03894585248046445,0.07075042292018896,-0.022964682333686426,0.0947542067745708,-1.3682868637544652,0.7634934527564309,0.7634934527564309,3.417726683613366,-0.023970228153846307,-0.13,2011-11-04,-1.6214950374434005,-0.03963686640639352,-1.8621263293125698,2011-12-06
2011-11-11,-1.490079909595474,-1.6047257585223045,-1.2312420594954256,0.018039412038040936,0.001905184075677191,0.06262428125106734,-0.011164603817177987,-0.03704066840478726,-1.3932382465023196,0.03530313045463813,0.03530313045463813,3.4907333469730104,0.008407234896404603,-0.31,2011-11-11,-1.4545969734039415,-0.08900791163162491,-1.5823043501811667,2011-12-13
2011-11-18,-1.5910759527534524,-1.5556057800408358,-1.301088701370987,-0.037125942783243104,0.034750303316177344,0.04953015054375065,0.01979298557821263,0.032845119240500154,-1.2476610468539102,0.6615440666840262,0.6615440666840262,3.541249137109912,0.017004141208182055,-0.16,2011-11-18,-1.409324635435673,-0.040694608855234904,-1.6002557771061654,2011-12-20
2011-11-25,-1.5842949702758573,-1.6041232316452385,-1.341660953256886,-0.022391327054788412,-0.007926951746207944,-0.036946741498123714,0.08450864840044492,-0.06247216107890896,-1.2588822810281577,-0.17900505522047933,0.17900505522047933,3.525772116243786,0.036086429823736665,-0.16,2011-11-25,-1.4595079989463353,-0.07293148809534333,-1.5929312892329086,2011-12-27
2011-12-02,-1.626286363272009,-1.5679797546887018,-1.4024332947876075,0.0385379506278376,-0.008358236265872065,-0.01112615476452028,0.04925680490828643,-0.0004312845196641213,-1.356342909116766,-0.19091875131385516,0.19091875131385516,3.3109079103146946,0.016867683034922365,0.13,2011-12-02,-1.3683762347584727,-0.06551118396997069,-1.5305799304079746,2012-01-04
2011-12-09,-1.6575488267836267,-1.5746165554471867,-1.4111012315279348,-0.020344603993196486,-0.010182569984695355,-0.028087439716195206,0.02807745133592565,-0.00182433371882329,-1.289435214396936,-0.23816470822895724,0.23816470822895724,3.420673158162812,0.011228869615681702,0.05,2011-12-09,-1.4665097505853701,-0.014425464958693013,-1.7067826210196178,2012-01-11
2011-12-16,-0.9693946143833113,-1.3648680826064292,-1.3618490676307642,-0.0694866311923974,0.012979465159901338,-0.07368461161254469,-0.013488292836874027,0.023162035144596693,-1.4297047547917532,0.20655165029603625,0.20655165029603625,3.2232661731694936,0.02626406244213264,-0.060000000000000005,2011-12-16,-1.7776755138421168,0.04018387562749215,-2.248325136009331,2012-01-19
2011-12-23,-2.1992366987743877,-1.4254281805604758,-1.52495452682946,0.006933338773448483,0.026888479641454577,-0.0443599457843078,0.021327138550788494,0.013909014481553239,-1.5482223272378746,0.4638457093465158,0.4638457093465158,3.052112606990099,0.011578258962181565,-0.060000000000000005,2011-12-23,-1.6690345423581296,0.07676497210770972,-2.2970032711730224,2012-01-26
2011-12-30,-1.5649676591193364,-1.4148170758772307,-1.5266170062529831,-0.026297576261892885,0.02506995611741525,-0.10980485794272354,0.057934274890295345,0.005955647767161842,-1.3123541990997503,0.41643424778403615,0.41643424778403615,3.120159851929043,0.02631238764828847,-0.08,2011-12-30,-1.9596480737531676,0.08386378863020294,-3.0751072236256336,2012-02-01
2012-01-06,-1.571479979393966,-1.3701941797628738,-1.5296007981273398,0.04461948919141534,0.014060539462955823,-0.07474388560586664,0.049744617849381445,0.0034449472532536163,-1.18810266769786,0.20360518934123947,0.20360518934123947,3.067122269640664,0.03048213719105597,-0.11,2012-01-06,-1.7964711509303903,0.08097614427672095,-2.486984028899506,2012-02-07
2012-01-13,-2.0713882532696863,-1.7229745046743608,-1.5234720878117065,0.013019191755609505,-0.019065346145648032,0.040819347757071966,0.01445114727656005,-0.033125885608603856,-1.2159290470488673,-0.4305996357762751,0.4305996357762751,3.018960399673198,0.006458805882440188,-0.05,2012-01-13,-1.859562731931395,0.04041814546083611,-2.449782832205868,2012-02-14
2012-01-20,-2.326589677832872,-1.813189309264201,-1.5412053553176361,0.010482356037574192,-0.0526478005541442,0.031910004379653856,-0.04981569523925922,-0.041318354899003484,-1.158542482825557,-1.0743545544176987,1.0743545544176987,2.9892110565637253,-0.0004985780454216382,0.12,2012-01-20,-1.7659938503522123,0.047049196815784455,-2.4414691931691226,2012-02-21
2012-01-27,-1.5224596336280387,-1.7756619320961928,-1.5552864973156562,0.041692805735209504,-0.012542978435623908,0.1122427071012071,-0.11462434904035401,0.04010482211852029,-1.2265809817546711,-0.2613906312420277,0.2613906312420277,2.9215473753646144,-0.004773843770806252,-0.14,2012-01-27,-1.9356160717756263,0.03197746487589104,-2.485531450939198,2012-02-28
2012-02-03,-1.772370472119699,-1.8439671999098723,-1.572877536886412,-0.007902372180912387,0.00032312635683240387,0.06061716948582241,-0.07619709828807641,0.012866104792456312,-1.5286556961203375,-0.02552198034172766,0.02552198034172766,2.8892600290434745,-0.014082907643365061,-0.21999999999999997,2012-02-03,-1.4226689579358303,-0.027163036992602585,-1.5679838797099563,2012-03-06
2012-02-10,-2.0675866831789707,-1.8345021485312583,-1.579698102096951,-0.0029870384944725714,0.0025344575455652496,0.04128575109739874,-0.06233319508737045,0.0022113311887328457,-1.642647384882057,0.006986772244792804,0.006986772244792804,2.924773184613497,-0.034898181938837425,-0.07,2012-02-10,-1.400278635312698,-0.031596524858806596,-1.5312670814229343,2012-03-13
2012-02-17,-2.89507887971471,-1.8672855617828452,-1.6521156313590342,0.0012556832073435942,0.00835556030824458,0.03205907826716814,-0.0013298342249816741,0.005821102762679331,-2.1724470328615273,0.10937831143850908,0.10937831143850908,2.9559514035421466,-0.01090581503568444,-0.24,2012-02-17,-1.4067914805977508,-0.06579451788285073,-1.486304144558268,2012-03-20
2012-02-24,-1.7237790775872655,-1.9307078340927497,-1.6505383536168454,0.024866788637678994,-0.028925661228800248,0.02922146917471835,-0.02887866088054114,-0.03888768949939436,-1.8835515812167394,-0.6364706880464867,0.6364706880464867,2.8213788864092133,-0.009597272166955051,-0.18,2012-02-24,-1.3742489963543614,-0.04344630463358001,-1.4880827792588962,2012-03-26
2012-03-02,-0.8991765217849657,-1.4148293899767472,-1.5171981162269719,-0.03479690361620413,-0.016889463841562424,-0.0279220648402001,-0.03984108906388073,0.012036197387237824,-1.6632554279312828,-0.3902054911999123,0.3902054911999123,2.848391685655282,-0.0017755159053409741,0.05000000000000002,2012-03-02,-1.8388408174587008,-0.01649504203408725,-2.086120750476912,2012-04-02
2012-03-09,-1.823427530711347,-1.4342029292545961,-1.5489642037343745,0.0002404937783602179,0.016364972857318527,-0.00980868716189498,-0.01948812394245003,0.03325443669888095,-1.574193636893968,0.23345443343172062,0.23345443343172062,2.8875901149342877,0.00659069891890951,0.0,2012-03-09,-1.7713463645761354,-0.024344342660397977,-1.9906572654602925,2012-04-10
2012-03-16,-1.653147919070507,-1.3664546610716772,-1.6193537413726167,-0.03100835415216796,0.019303167134757437,-0.04069797535233288,-0.010146985078286708,0.0029381942774389103,-1.552345671363101,0.28912859845162003,0.28912859845162003,2.7356653681351832,0.006006817684066412,0.18,2012-03-16,-1.8745159875572257,-0.008327144520406726,-2.164879895348214,2012-04-17
2012-03-23,-2.1852038828350153,-1.4047464510844339,-1.623041405236901,0.0014248723176111255,0.012566174316942291,-0.06413989167240075,0.03134485046745583,-0.006736992817815146,-1.5829281755543532,0.14723905549262525,0.14723905549262525,2.745345985845907,0.011731453776084422,0.21999999999999997,2012-03-23,-2.034433288838203,-0.03151320942276925,-2.1919485559369356,2012-04-24
2012-03-30,-1.8376217526191805,-1.84088240770189,-1.6775902394570192,0.0036458952730624716,-0.0008255076426890717,-0.025697092783134146,0.047408806666329184,-0.013391681959631363,-1.8760591359087129,-0.13493127283688613,0.13493127283688613,2.739548868161581,0.005064603484516539,0.1,2012-03-30,-2.0768906398050127,-0.009992034458995214,-2.2762760122873855,2012-05-01
2012-04-05,-1.6418431807345568,-1.7833822900639025,-1.6510733691489923,-0.01858685665015436,0.001713536669138982,-0.04308587732165581,0.023951935231342425,0.017231252155598842,-1.7694169476884793,-0.08842828427674847,0.08842828427674847,2.799717389628034,0.0006271154827093284,0.16999999999999998,2012-04-05,-2.402643261764851,-0.0018212803835595537,-2.751914335230192,2012-05-07
2012-04-13,-1.9604757982501695,-1.8751905578896617,-1.641141049102871,0.015917170966416982,0.02146639625001079,-0.001428855720193134,0.030145978970169907,0.019752859580871807,-1.7089734884685979,0.28857891594149687,0.28857891594149687,2.8449093838194073,-0.01601634348049874,-0.15,2012-04-13,-2.1608245001358535,-0.05858183736820344,-2.2172263652336484,2012-05-14
2012-04-20,-3.0641230539120787,-1.8916658880474433,-1.6884004562932187,-0.008177659230097056,-0.014702992838488083,-0.0001881109217318766,-0.007040775405798172,-0.03616938908849887,-1.8413510231626626,-0.4617478041562825,0.4617478041562825,2.9101743851923443,-0.0008794484781349254,-0.13,2012-04-20,-1.9096964648393928,-0.028179943289826426,-2.181346358746106,2012-05-21
2012-04-27,-2.661026170376206,-2.06466099073971,-1.6959714338971097,0.011467230276649865,0.023901917837887865,0.000619885362815431,0.03237885791854955,0.03860491067637595,-1.7614094490165313,0.29514999365368655,0.29514999365368655,2.787477334733532,-0.0031631580548552307,-0.18,2012-04-27,-1.8101885599165786,-0.06944304350485009,-2.0106960140810677,2012-05-29
2012-05-04,-2.4266609221380695,-2.37383132937093,-1.7355066773105028,-0.011906038262343266,0.02021452105134136,0.007300703750626525,0.05087984230075193,-0.003687396786546504,-1.9719454747796343,0.2538844127034452,0.2538844127034452,2.8656235882069705,-0.006793344834015613,-0.22000000000000003,2012-05-04,-1.566102164761412,-0.012270107986216416,-2.060580195437632,2012-06-05
2012-05-11,-1.7921126849562674,-2.270819579733228,-1.7047334493109014,-0.03776447018074691,0.008512700756267755,-0.04638093739653737,0.0379261468070089,-0.011701820295073606,-2.2116994242881938,0.08025484178904066,0.08025484178904066,2.935451342669061,0.010414823221576164,-0.03,2012-05-11,-1.6254853989612612,0.033337534369329624,-2.277118587043204,2012-06-12
2012-05-18,-1.5210058394662642,-1.9073230617130614,-1.6838144298038311,0.006426334090327224,0.016807633832016222,-0.03177694407611309,0.0694367734775132,0.008294933075748467,-1.9925852218679123,0.3238361248303205,0.3238361248303205,3.1982648709640764,0.02261808552403899,-0.13999999999999999,2012-05-18,-1.7495079025214852,0.016099958327609798,-2.334926311563605,2012-06-19
2012-05-25,-2.0017898068476883,-1.8367514969907786,-1.9056908649847382,-0.012173508418226398,-0.00603741008546077,-0.05541768277098935,0.03949744555416457,-0.022845043917476993,-2.071531479010747,-0.3205475213158404,0.3205475213158404,3.0699116717282426,0.04194159580161472,-0.08000000000000002,2012-05-25,-1.6796043029256877,0.01053883320224358,-2.1377092865487763,2012-06-26
2012-06-01,-1.235942364309771,-1.5641937918687816,-1.8007304399026276,0.03943404505869985,0.03289568901299056,-0.009290054585919805,0.04941595914492192,0.04934952195219022,-2.035188923423285,0.7545601330842784,0.7545601330842784,3.180550710546533,0.048230395531358106,-0.21999999999999997,2012-06-01,-1.8060469984908558,-0.014276424161231205,-2.0809382006229535,2012-07-02
2012-06-08,-2.0837056605131643,-1.5925532752872156,-1.8386069644033858,-0.017743823376469514,-0.022439485202778275,-0.00025853664067643223,0.017599080759330032,-0.055335174215768834,-1.7780452791245644,-0.8059478227518099,0.8059478227518099,3.0782334950657346,0.024302696857695594,-0.21999999999999997,2012-06-08,-1.729217500243827,-0.02087817224378341,-2.027241870872697,2012-07-10
2012-06-15,-2.6434392475921635,-1.7279116457980785,-1.8449634092730347,0.01990020362373901,0.01774039477410705,0.03245194180830069,0.011742765645119668,0.040179879976885324,-1.8635666174614087,0.35054460135957555,0.35054460135957555,3.0763901765714454,0.0064923210272240794,-0.13999999999999996,2012-06-15,-1.7137495350717542,-0.028646734364579984,-2.016464717569715,2012-07-17
2012-06-22,-1.6333743175844448,-1.665233318914299,-1.8351657507335428,-0.033499634811615664,0.02804683830728072,0.008090790494353683,0.05624343689160005,0.01030644353317367,-1.8812988889385265,0.6381696498898207,0.6381696498898207,2.9997242948235283,0.0027979260693387076,-0.06,2012-06-22,-1.8902248372984527,-0.0015620299669691917,-2.371257492605201,2012-07-24
2012-06-29,-1.5044497137180166,-1.805838877227909,-1.8124511518869082,0.016567984713915962,-0.0023719756606972453,-0.014775269850430206,0.020975772217912247,-0.030418813967977965,-1.8255911762956292,-0.23040071418999652,0.23040071418999652,2.9811261211646287,-0.004465673327093356,0.020000000000000018,2012-06-29,-2.1009722907074035,0.008986575318853163,-2.4996699730063194,2012-07-31
2012-07-06,-1.3811234046265537,-1.7576883353690766,-1.7884456967090234,0.017456825879324178,-0.008348576663493201,-0.005126342422168584,0.04998102410211791,-0.020885214363658644,-1.9913911413696337,-0.4134316399998224,0.4134316399998224,2.8622008809294686,0.005934709744980893,-0.010000000000000009,2012-07-06,-2.247125529275034,0.014564991590945375,-2.6958979941646963,2012-08-06
2012-07-13,-2.1020368208584777,-1.7181725877605827,-1.7868003690682395,0.0027935224744934928,-0.002515602533228911,-0.023150225031197458,0.02772691531210869,0.00583297413026429,-2.008133709121693,-0.2556803997172878,0.2556803997172878,2.9085390618516134,0.019312590944084107,-0.06999999999999995,2012-07-13,-2.390052926655571,0.011476584438888437,-2.860721477524321,2012-08-13
2012-07-20,-3.1151905481449553,-1.8786574512695908,-1.7850667250289831,-0.003053842238383453,-0.004565520837706671,0.010795314909250564,-0.002893062334263341,-0.0020499183044777602,-2.1353147516078006,-0.3535765743173839,0.3535765743173839,2.7376090033437546,0.017154793430013804,-0.10999999999999999,2012-07-20,-2.365870453047007,0.027266479006852862,-2.8955779672033994,2012-08-20
2012-07-27,-2.1048764607702677,-1.8705967587212775,-1.7725122155881547,0.024871917506530394,0.0069073792028135905,0.04206842362196461,-0.008522320831615193,0.011472900040520262,-2.3031031440323573,-0.018619263682015195,0.018619263682015195,2.863913698933143,0.0030235254016313107,-0.21000000000000002,2012-07-27,-2.351596641402572,0.024657028925618718,-2.867993831296375,2012-08-27
2012-08-03,-2.2112348251776774,-2.257688718114632,-1.799400768209535,-0.01271210869548245,-0.01271210869548245,0.011899489047157985,-0.012885852863604441,-0.01961948789829604,-2.2309952187983786,-0.5992818396203279,0.5992818396203279,2.866192902199006,0.006259852804063826,-0.17999999999999994,2012-08-03,-2.174099847476704,0.0510116993388019,-3.1517296622260607,2012-09-04
2012-08-10,-3.1444768909666325,-2.4352195183803835,-1.8276330420248361,0.010424355877587388,-0.0006418267016750079,0.01953032245025188,-0.011012077032050538,0.012070281993807441,-2.299933109556344,-0.18925905485737124,0.18925905485737124,2.7265447837383743,-0.012147628248347253,0.0,2012-08-10,-1.990285887274272,0.07357658988578208,-3.1865425315006295,2012-09-11
2012-08-17,-2.4943334321804294,-2.3618919796922775,-1.8947571773065137,-0.002930817415021103,-0.0018296726250452977,0.01965334727361423,-0.008276228819389164,-0.0011878459233702898,-2.2021009653965864,-0.22795131511527736,0.22795131511527736,2.659559991941776,-0.006535190977143834,0.2,2012-08-17,-1.8590454644634196,0.08796479883213326,-3.0675783959383045,2012-09-18
2012-08-24,-2.103326208605393,-2.3612433827068586,-1.888646552885486,0.03295035900954968,-0.05522328445170244,0.027731788776633515,-0.07040689247390519,-0.05339361182665714,-1.9070926749983161,-1.9696067253174894,1.9696067253174894,2.7700855920216627,-0.01766503832141897,0.040000000000000036,2012-08-24,-1.9304643577703722,0.056679749489448206,-3.0149485316010893,2012-09-25
2012-08-31,-1.7669196918113395,-2.1641461215064397,-2.0099328458229055,0.013795859279077227,-0.020901199055983977,0.05423975675119319,-0.07859598283440672,0.03432208539571846,-1.915079697766134,-0.8143433783042853,0.8143433783042853,2.8808824318750488,-0.01999947277500347,0.05999999999999994,2012-08-31,-2.030726622745363,0.045286782391195324,-3.0224112912341194,2012-10-02
2012-09-07,-1.499394813989535,-1.9906111434766849,-1.9669789045123904,0.04816104577285252,-0.055023153622337784,0.07039747374518512,-0.10862066938288928,-0.05194469937046442,-1.8110494135942756,-1.8885157351292554,1.8885157351292554,2.747270914255491,-0.016027718752312126,-0.020000000000000018,2012-09-07,-2.2138250822152195,0.028056356771027247,-3.0341349963190694,2012-10-08
2012-09-14,-1.873698515769344,-1.8894326173433367,-1.9288136021742825,0.01975140952564214,-0.009236100634042899,0.09289171981982847,-0.1121867480211507,0.045787052988294885,-1.7226555005265227,-0.38673999696435485,0.38673999696435485,2.642622395779755,-0.0418812280144909,-0.26999999999999996,2012-09-14,-2.3921998374513893,-0.01210339671445837,-2.7687952781257494,2012-10-15
2012-09-21,-2.487288813261479,-1.9353840398257776,-1.9978164009386543,0.0009309033576831993,0.00450869296525358,0.06034484218801861,-0.06282901554300047,0.013744793599296479,-1.8371434158905355,0.061580861215529054,0.061580861215529054,2.644044871126298,-0.025855936093900134,-0.1499999999999999,2012-09-21,-2.3267422526641095,-0.020495069153342094,-2.6220451460151315,2012-10-22
2012-09-28,-2.115980770597712,-1.8708147033121891,-2.1185877114539857,-0.00040719688203161297,-0.00040719688203161297,0.06843616177414624,-0.060157758173158715,-0.004915889847285193,-1.7938360268393632,-0.012433585091330112,0.012433585091330112,2.6973262377392344,-0.024830573342386586,-0.14,2012-09-28,-2.332093471777857,-0.032203723732750156,-2.479998433946419,2012-10-31
2012-10-05,-2.6941378322425016,-2.1951887129813437,-2.15877573951141,0.00423788471579023,0.005134307281723149,0.024513000717083955,-2.9726909778204913e-07,0.005541504163754762,-2.0237097826350103,0.27604347127954426,0.27604347127954426,2.6775909936175015,-0.021567916424418243,-0.22999999999999998,2012-10-05,-1.9902812716075988,-0.03284986943039225,-2.197915184911096,2012-11-07
2012-10-12,-2.5873183298652296,-2.4194436287201957,-2.1627881330959497,-0.014941316903529511,0.015410025817732098,-0.010179725712087695,0.024645829182677215,0.010275718536008949,-2.1770657515802196,0.7121831403000631,0.7121831403000631,2.7466296830696852,0.006539216461916908,-0.050000000000000044,2012-10-12,-2.0298172230809612,-0.007213400940450754,-2.3029014133993115,2012-11-14
2012-10-19,-2.1304328468109763,-2.317015407599406,-2.1618750171878367,-0.018337138729721758,0.024155496480512184,-0.029447767799492652,0.04429263269793582,0.008745470662780086,-2.1589221197070643,1.1061367219779255,1.1061367219779255,2.710048203764883,-0.0005038533160233172,0.039999999999999925,2012-10-19,-2.029223054854234,-0.00011937860309796378,-2.3614697013827977,2012-11-21
2012-10-26,-2.20451582204169,-2.3482980701399763,-2.151938797340767,-0.006248194337496571,-0.0056048859310871,-0.03528876525495761,0.03909494364888033,-0.029760382411599284,-2.233418989764271,-0.28657332914160455,0.28657332914160455,2.8970163006148333,0.006140728007347107,0.15000000000000002,2012-10-26,-1.9974149821441343,0.0020956916174776907,-2.356983558869594,2012-11-29
2012-11-02,-1.7969449530101527,-2.0915320418915475,-2.0949175864404506,-0.013803397936617223,0.011255556668857025,-0.058582147777754834,0.05373235384769881,-0.005642779522656127,-2.0496241855590926,0.4858554960370484,0.4858554960370484,2.8148097376737438,0.003880162402608356,0.05999999999999994,2012-11-02,-2.124709037211969,0.007263895596079983,-2.647503697091347,2012-12-04
2012-11-09,-1.898807188258949,-1.976142948116857,-2.0495064055750616,0.03159878543451722,-0.020128475092644926,-0.017835404452140935,0.025899269088443422,-0.03138403176150195,-2.0496940966286123,-1.028740496921361,1.028740496921361,2.9172300453990334,0.010451805714670748,-0.039999999999999925,2012-11-09,-2.338669105034275,-0.01080768911527219,-2.6496966181035595,2012-12-11
2012-11-16,-2.9855608272996292,-2.029571223168563,-2.0632107612570603,-0.011627355271230932,-0.0011092716571039496,-0.02182418276577547,0.006916146110621302,0.019019203435540977,-2.1064405781458735,-0.08012044087301336,0.08012044087301336,2.8898160479624417,0.021315846459536658,-0.09000000000000008,2012-11-16,-2.275664380700346,-0.0350997894498537,-2.415086213587267,2012-12-18
2012-11-23,-2.0943531768577093,-2.0361517294687026,-2.050362642033934,0.02097189942034472,-0.023989908496570678,0.0249535871372073,-0.047336729668092214,-0.00784643526323281,-2.0808674758322994,-1.1779465879570492,1.1779465879570492,2.7285062096695922,0.01594253176511451,-0.010000000000000009,2012-11-23,-2.267585185499635,-0.053398522580894614,-2.311925159171902,2012-12-24
2012-11-30,-2.1959996829547324,-1.9888823907817013,-2.0929485006867683,-0.021212721281004043,-0.0022345290811776053,-0.00012046412056054834,-0.0359846820786327,0.021755379415393072,-1.950431797672691,-0.07121033917771082,0.07121033917771082,2.7120422223717475,0.0034973653914223135,0.0,2012-11-30,-2.322804850212498,-0.017978052908683928,-2.4736922765523897,2013-01-02
2012-12-07,-2.5063592199156064,-2.3454046051745694,-2.150762933456064,-0.005374243010312085,0.00487594253145307,-0.016989763330483854,-0.03749196827963308,0.0071104716126306755,-2.1505233121560456,0.27768912984524563,0.27768912984524563,2.8081971497071487,-0.00621042844107933,-0.06999999999999995,2012-12-07,-2.2536226052263904,-0.0325505915469364,-2.392361088536292,2013-01-09
2012-12-14,-2.6958036198083604,-2.3184685724816423,-2.2247687712725615,-0.006255896697481944,0.020960932585422754,-0.011870961568453353,-0.00038756246087245927,0.016084990053969683,-1.9524590727576097,1.0571275412804284,1.0571275412804284,2.8069901489571136,-0.014038335625688347,0.08000000000000007,2012-12-14,-2.2059047799613776,-0.010945161482565524,-2.425430190516745,2013-01-16
2012-12-21,-1.9761839621873822,-2.268842657676503,-2.1671686600399194,-0.023424623872225325,0.04873564236821837,-0.0562674848610234,0.07233798840391659,0.027774709782795615,-1.8193774110413108,2.3528658932823068,2.3528658932823068,2.871868286331605,-0.02085097256399493,0.020000000000000018,2012-12-21,-2.3340556560531907,0.004968356192270207,-2.6586968077780986,2013-01-24
2012-12-28,-3.1192541096525894,-2.3841521767854714,-2.206830779884052,0.005058227829057849,0.0016158705291600128,-0.040527941577727766,0.08917311968782604,-0.05339270336050417,-1.8460683393019537,0.07142641996266003,0.07142641996266003,2.968874819384108,-0.009002231280191175,0.020000000000000018,2012-12-28,-2.336476796756046,0.001048691780047406,-2.642225835529608,2013-01-30
2013-01-04,-2.0652091174144833,-2.285226878270103,-2.170254311863761,-0.00447762692779019,-0.00447762692779019,-0.022677781703712263,0.06187960456135588,-0.03051410883383543,-1.8551154368563405,-0.19506788514840173,0.19506788514840173,2.67827804276854,0.009870773178167092,0.2899999999999999,2013-01-04,-2.5012987549402808,0.015744524138574967,-2.921527864522959,2013-02-05
2013-01-11,-2.2794798606368274,-2.191145980535036,-2.1550903574038416,0.003856895090239121,-0.004317529649074725,-0.028824360001166838,0.06469562314671773,0.0001600972787154653,-1.8981026358565058,-0.19484293982214487,0.19484293982214487,2.6019486702196644,-0.0040050079064597455,0.21999999999999997,2013-01-11,-2.5189537911409117,-0.010266673472503207,-2.7157473233073235,2013-02-12
2013-01-18,-2.8252144039982343,-2.3182562785044514,-2.189085728672065,0.012525222005262293,-0.031602021476213604,0.008621236363270057,-0.01436069614703328,-0.02728449182713888,-2.0054190043878264,-1.4842535153555365,1.4842535153555365,2.6078614738467776,0.0036475848458179527,0.030000000000000027,2013-01-18,-2.014731484766204,-0.07766267130796844,-2.0501602769589793,2013-02-20
2013-01-25,-2.3871361352569784,-2.3195920941812815,-2.2019875738333314,-0.01666712784249036,-0.0015551123218946472,-0.0008089157381938605,-0.04134127480826466,0.019470487011350457,-2.204379197803508,-0.06199984995977177,0.06199984995977177,2.540814281726296,0.003884929577019136,0.06999999999999995,2013-01-25,-1.9693371506695723,-0.025719354755885604,-2.113926773950175,2013-02-26
2013-02-01,-2.557947728447959,-2.455992748459313,-2.2743272771792435,0.004967430732859768,-0.013724754892904034,0.0015496671610710777,-0.05183193000480468,-0.012169642571009387,-2.1008037564689523,-0.7237513553253656,0.7237513553253656,2.658859956911438,-0.008047313633746,0.050000000000000044,2013-02-01,-1.936186382004602,-0.06121890214386294,-2.0365294035466848,2013-03-05
2013-02-08,-3.2001923880725665,-2.6217016779996896,-2.361217254868947,0.0007430523181906068,0.012179229099434696,-0.0025343138240820906,-0.02412623744860909,0.02590398399233873,-2.0925277908006206,0.5934806622419561,0.5934806622419561,2.6026896854443837,-0.004603368840658817,0.06000000000000005,2013-02-08,-1.9512744441021963,-0.03511141209463631,-2.0901559822271443,2013-03-12
2013-02-15,-1.8863942295606713,-2.3140451754442006,-2.3015999236701585,-0.03662220482319256,0.01739026011049516,-0.047578849614632546,0.014289621995131174,0.005211031011060463,-2.1835029039612603,0.839357070538475,0.839357070538475,2.5384474167160302,0.00823661244463647,0.08999999999999997,2013-02-15,-2.022313911477607,0.004816810258395421,-2.2403588493733393,2013-03-19
2013-02-22,-1.4997406500492187,-2.0379524389726846,-2.1964842984303634,-0.0345659798139204,0.022352827347228654,-0.05376782083761711,0.0427502563022375,0.010772248596859324,-2.1829159212222473,1.0655770477369053,1.0655770477369053,2.7226103524335397,0.019085979552082577,0.12,2013-02-22,-2.380768071437456,0.005814404583772692,-2.788166712651921,2013-03-25
2013-03-01,-1.885961733291535,-1.9323118559371477,-2.1617386504481404,-0.0034707396940083513,0.004103654736228091,-0.05587471911984565,0.04134265305210416,-0.018249172611000564,-2.48147389172978,0.12309000711545989,0.12309000711545989,2.7414849771884473,0.033489481400025056,-0.09999999999999998,2013-03-01,-2.46062516061047,0.0008531462851077976,-2.744648995977388,2013-04-02
2013-03-08,-3.049536029902673,-1.92872748599243,-2.178197091336677,0.0017696499087245243,-0.01225176916859061,-0.05806742830162115,0.025785291665235466,-0.0163554239048187,-2.5900320149685467,-0.7686913834282652,0.7686913834282652,2.569554123848285,0.029173893073654256,0.019999999999999907,2013-03-08,-2.177028010706436,0.0022850585637979037,-2.5668079196029696,2013-04-09
2013-03-15,-2.7530177764700543,-1.961492715827246,-2.1779308920737233,0.00841186048372311,0.015937464674447455,-0.027855209115481117,0.03014217758931359,0.028189233843038064,-2.5986556349151684,0.7761984916595853,0.7761984916595853,2.424802725718295,0.03097978935210044,0.010000000000000009,2013-03-15,-0.9425258591963913,-0.1570295009248115,-0.9653915654231431,2013-04-16
2013-03-22,-2.372157360987766,-2.328022332140789,-2.2132218072218186,0.010014640549160347,0.011814793609442376,0.01672541124759963,0.01960414385152731,-0.004122671065005079,-2.5534768960121395,0.542492439435859,0.542492439435859,2.63834278867739,0.016316007266905963,-0.029999999999999916,2013-03-22,-0.9236221437028823,-0.12586767662953324,-0.9649491767680201,2013-04-23
2013-03-28,-2.715096808148626,-2.673439566018843,-2.2200912398691344,-0.0115868890107933,0.01575295137266952,0.009432478213282636,0.013799327840751996,0.012744657604890186,-2.531232064597682,0.7698243766740295,0.7698243766740295,2.5764217586237734,0.019538278639161355,-0.030000000000000027,2013-03-28,-0.8957644237582126,-0.08335627666983747,-0.9658089354908118,2013-04-29
2013-04-05,-1.7283353825231016,-2.2149282474220233,-2.1667678393477017,-0.010675095965296144,0.02761245356419728,0.0007855654557014091,0.05678548014969742,0.01185950219152776,-2.340737924059545,1.3652546688707174,1.3652546688707174,2.6311691567662523,0.002664422328544802,-0.08999999999999997,2013-04-05,-0.9134501989021225,-0.06804982770471035,-0.9758446496320183,2013-05-06
2013-04-12,-0.9991265837441389,-1.552238895801916,-1.8707309952873583,-0.059729307782361296,-0.016757776835533367,-0.06540647494334628,0.02961592186911277,-0.04437023039973065,-2.1493427516394443,-1.0003929694903764,1.0003929694903764,2.50470927708418,-0.007751030594561392,-0.13,2013-04-12,-1.7690917893776528,0.0528038085122331,-2.3979004786376605,2013-05-13
2013-04-19,-0.4085575446655248,-0.9376851062943734,-1.4037767114690727,-0.06071577325454136,0.06023688135462946,-0.1427070660129921,0.08684450945596289,0.07699465819016282,-1.5773686336428099,2.9978983847017715,2.9978983847017715,2.8656235882069705,-0.002782264239497678,0.019999999999999907,2013-04-19,-1.5329110019825511,-0.020365504176123927,-1.9054721237220336,2013-05-20
2013-04-26,-1.4663258281685247,-0.899342043436044,-1.3756007853501089,0.039371192092489515,0.008599499881996486,-0.09174898490970929,0.07969105796528986,-0.05163738147263297,-1.4839603109351112,0.2732906139446808,0.2732906139446808,2.611539300721366,-0.005664386695054979,-0.020000000000000018,2013-04-26,-1.5412930406961938,-0.0639109167237315,-1.828329397194825,2013-05-28
2013-05-03,-2.133584922211915,-0.912746264017248,-1.368428175477321,0.008339219180807156,0.0001477300162568973,-0.07273466976360599,0.052226334417349474,-0.008451769865739589,-1.4741755983133533,-0.1276991325105936,0.1276991325105936,2.6093342281630525,-0.005700800477019818,0.07999999999999996,2013-05-03,-1.4214620454650382,-0.04990579426862407,-1.7444816998882386,2013-06-04
2013-05-10,-1.76306232228418,-1.0027240765519572,-1.3554760529005105,-0.01767939982708633,-0.004279529121466563,-0.030684761808331018,0.06470458213141628,-0.0044272591377234605,-1.4692177308257122,-0.3394487050806504,0.3394487050806504,2.574899688314705,0.006543902563662662,0.15000000000000002,2013-05-10,-1.4174906581648055,-0.03813766674450125,-1.7107577917794412,2013-06-11
2013-05-17,-1.414924185577893,-1.6230029238066932,-1.3501807579924523,-0.06304964653806966,0.008183701760331896,-0.033018635091859316,0.012651402537118717,0.01246323088179846,-1.7953152031430515,0.3022912018505301,0.3022912018505301,2.570319527636131,0.014670700757762667,0.15000000000000002,2013-05-17,-1.65342898924771,-0.02237691298195088,-1.9267583468503926,2013-06-18
2013-05-24,-1.2293218837301232,-1.5287697583319413,-1.3125840414108763,0.02031552075741594,0.010550226196798462,-0.05207430642693289,0.014602128851920693,0.002366524436466566,-1.945510441193587,0.4480246052164672,0.4480246052164672,2.644044871126298,0.01272990869052304,0.42000000000000004,2013-05-24,-1.3322638188050082,-0.0780283883517292,-1.4275542110020112,2013-06-25
2013-05-31,-1.6338459345728178,-1.4731486010990138,-1.2935199584553638,-0.005139120121808283,0.015175457963778616,-0.05802091259083397,0.01308414947637404,0.008110698672624483,-2.0493853489718465,0.665055971395002,0.665055971395002,2.6762154775821916,0.01664177773604969,0.59,2013-05-31,-1.1663103356464302,-0.11953350542082664,-1.2597634117845005,2013-07-01
2013-06-07,-1.448125859571228,-1.4074805169123286,-1.2661737833271387,-0.004790423808819888,0.02263445847113621,-0.05495927733132344,0.037907351136552414,0.007459000507357594,-1.9481601916336244,1.0673607500577735,1.0673607500577735,2.811208293204836,-0.004650661754818763,0.43,2013-06-07,-1.1611050541995385,-0.1047468259161386,-1.267371182141945,2013-07-09
2013-06-14,-2.449340145571326,-1.4723720675081118,-1.265565827266478,0.008591393723050622,-0.013689656351322466,0.0025323740019267404,0.031185019374746492,-0.036324114822458675,-2.0559012730458828,-0.8401273813096454,0.8401273813096454,2.7978909051019993,-0.03904416873497496,0.51,2013-06-14,-1.1231695716705974,-0.06868859425847074,-1.272531036324355,2013-07-16
2013-06-21,-0.8709131171366169,-1.3368594058313439,-1.1832167570184695,-0.07232988125471707,0.023027209874791232,-0.07366803146229461,0.04714746995838359,0.0367168662261137,-1.8653548146798204,1.0646688286350898,1.0646688286350898,3.0199369622508083,-0.02902249233628318,0.7,2013-06-21,-1.2878022497298973,0.045584348573910916,-1.6392603920232791,2013-07-23
2013-06-28,-0.9337242584318672,-1.1608790810599257,-1.126518160335592,-0.04866624071085113,-0.026767550684470454,-0.11719515205133746,0.005204461310134523,-0.049794760559261686,-1.5517055774012962,-1.495974860806692,1.495974860806692,2.8249439525737094,-0.001205381903739422,0.55,2013-06-28,-1.6095860380713638,0.05610296027566619,-2.163813251078466,2013-07-30
2013-07-05,-1.2539061617362102,-1.137483084902878,-1.1216689356230864,0.01837417763293292,0.0006451975732084669,-0.14509734715372868,0.04078738572853302,0.006006008935598661,-1.4338061639401618,-0.0596222755655355,0.0596222755655355,2.785011242238338,0.007961485357846243,0.54,2013-07-05,-1.7149571340033787,0.0504980235643977,-2.425887881600228,2013-08-05
2013-07-12,-1.5159253491129698,-1.1220965637419087,-1.371636746209743,0.049882366799181455,-0.003577718858949641,-0.07456827629808949,0.016426225963505292,-0.004222916432158108,-1.4220888928662336,-0.29120261517719137,0.29120261517719137,2.6397713603489157,0.02186882002640811,0.3500000000000001,2013-07-12,-1.6846127429742288,0.03908755827743793,-2.2914829155559837,2013-08-12
2013-07-19,-2.092830233126851,-1.3485821379360632,-1.38407225684506,0.00786397380662951,0.025191786661768134,0.012142822529535913,0.016898454013636766,0.028769505520717775,-1.4590147000869111,1.146781996642206,1.146781996642206,2.6224923127405635,0.016925815205866,0.09000000000000002,2013-07-19,-1.7771243888978165,0.024306339641642083,-2.3067131743352802,2013-08-19
2013-07-26,-1.3641819543738838,-1.4729694900379169,-1.3681420695611677,0.028912157423229168,0.005874460701137174,0.10503267566197305,0.028133726077164134,-0.01931732596063096,-1.499886799065866,0.17063554314788912,0.17063554314788912,2.5626389983283526,-0.011884638289112459,-0.15999999999999998,2013-07-26,-1.8061418075336306,0.052907122455220446,-2.544893661183349,2013-08-26
2013-08-02,-2.50935642511032,-1.692990962136557,-1.377182089113773,-0.018970531866913554,-0.008564670394604068,0.06768796616212658,0.0189238581093516,-0.014439131095741242,-1.7986914718911606,-0.5584649633398203,0.5584649633398203,2.5603232890727545,-0.01075092822492163,0.0,2013-08-02,-1.7533936852613625,0.08184025748628976,-2.575830377626395,2013-09-03
2013-08-09,-1.6809589819233575,-1.7457526612794323,-1.3824334704563563,0.003949140252829331,-0.02897561213376676,0.021754739615774454,-0.006474035165465519,-0.02041094173916269,-1.9324236487705635,-1.543447599039808,1.543447599039808,2.543961412569315,-0.021251384044812305,-0.22000000000000003,2013-08-09,-1.7496100246819082,0.020010638237843104,-2.1644849641262107,2013-09-10
2013-08-16,-1.4942158837205264,-1.618984160693555,-1.4095510280720187,0.04410212960721438,-0.07861696696128462,0.057992895416359325,-0.11028278878851827,-0.04964135482751786,-1.6625377539445365,-3.5782078454390147,3.5782078454390147,2.689886230474539,-0.020616801879726587,0.21999999999999997,2013-08-16,-1.6760337804680614,-0.04263532751336552,-1.842341847677257,2013-09-17
2013-08-23,-2.0747966547461383,-1.8086566313971535,-1.4246362422830936,0.017347467344780654,-0.01826849623797866,0.04642820533791081,-0.1344257457276341,0.06034847072330596,-1.63440465032068,-0.8167885369257109,0.8167885369257109,2.6919208191723265,-0.005873054439516245,0.35000000000000003,2013-08-23,-1.3672897312469587,-0.05923203748625383,-1.6633051477767915,2013-09-24
2013-08-30,-2.2259185711851948,-1.7857125770707527,-1.4509372243931313,-0.002077759657479028,0.021967081239158137,0.06332097754734534,-0.1038939940938719,0.0402355774771368,-1.608759267585285,0.9155151213774985,0.9155151213774985,2.821973947420524,-0.004747703915724877,0.17000000000000004,2013-08-30,-1.3056107459220807,-0.09071003188689986,-1.5420895079293715,2013-10-01
2013-09-06,-1.5015403156082658,-1.740433533838541,-1.4428973003838446,-0.01273997892490808,-0.011434749803621358,0.0558744103569655,-0.1027849907516849,-0.00196002896830505,-1.5309364466888131,-0.584982288855724,0.584982288855724,2.758109400974947,0.016349758452601115,0.5700000000000001,2013-09-06,-1.3263959787251656,-0.04795416322679369,-1.61382814462175,2013-10-07
2013-09-13,-1.3873659244404857,-1.6855431084015386,-1.4107429409021883,-0.04833550953934562,0.021528408687105927,-0.02982767242657669,0.0036847382610467605,0.032963158490727285,-1.6156739106484435,0.8622119461582282,0.8622119461582282,2.659559991941776,-0.0025736773952447223,0.31000000000000005,2013-09-13,-1.4078544415771537,-0.029045648523637446,-1.7696875478415626,2013-10-14
2013-09-20,-0.9808782524158162,-1.343663053570046,-1.4997729522443668,0.0010946860919318624,0.020897316949920253,-0.037201809102936245,0.021516254998088513,-0.0006310917371856739,-1.4636261228888083,0.813477861705533,0.813477861705533,2.5771819258971713,-0.011875437465419303,-0.17999999999999994,2013-09-20,-1.6213317215509078,-0.004478848334778185,-1.9976760802773468,2013-10-21
2013-09-27,-2.220210535212007,-1.358288880631309,-1.557295695746774,0.00786212071479131,0.009768742665113628,-0.05211868165753053,0.04075971849851845,-0.011128574284806625,-1.5481968350736544,0.28251007722570864,0.28251007722570864,2.643333886382519,-0.011115361504919541,-0.16000000000000003,2013-09-27,-1.5885940096104318,0.01839740358032671,-2.023362318393127,2013-10-28
2013-10-04,-1.3794206029525364,-1.332974135177713,-1.5664294399788938,-0.01910040408768232,-0.017668139353272494,-0.05847910682030477,0.03452632894886731,-0.02743688201838612,-1.6882854543428663,-0.9495148942076554,0.9495148942076554,2.871868286331605,-0.0352253256331867,-0.49000000000000005,2013-10-04,-1.7703159088694875,-0.006523912633888962,-2.2734492960329127,2013-11-04
2013-10-11,-1.764106821121924,-1.3961413775367375,-1.5494807231902572,-0.031552413497516696,-0.011768905069565516,-0.041696010778475845,0.0012290151921958703,0.005899234283706978,-1.837790463866689,-0.6553098246061918,0.6553098246061918,2.8021475244813256,-0.013217408417015797,-0.31000000000000005,2013-10-11,-1.8102485189539195,0.008431350280980077,-2.408064690327549,2013-11-11
2013-10-18,-1.4764163642249994,-1.6198420078220572,-1.5654669228842297,0.03407826296017191,0.005731414797771173,-0.008712433910235795,-0.01393688695995321,0.01750031986733669,-2.253470559718104,0.1326415969613197,0.1326415969613197,2.601207105484161,-0.008874492028592584,-0.10000000000000003,2013-10-18,-1.9845457338027526,-0.0326585911914119,-2.2480280712379015,2013-11-18
2013-10-25,-1.8696636193970941,-1.5830106394615047,-1.5492138811838305,0.028061443814692666,3.539286840004152e-05,0.011486889189665561,-0.023670236756666796,-0.005696021929371131,-2.1699396231302512,-0.09598133544037644,0.09598133544037644,2.580216829592325,-0.016655500028859294,-0.10999999999999999,2013-10-25,-1.9542275975233423,-0.08051513250098541,-2.017258187566489,2013-11-25
2013-11-01,-2.118718315080825,-1.7542648206303448,-1.5684367412978972,-0.02727343371934765,0.0021747879461813113,0.0033138595580002317,-0.0038273094572129907,0.00213939507778127,-1.9529605704087158,-0.0035744679037564768,0.0035744679037564768,2.6210388241125804,0.005376024980245475,-0.02999999999999997,2013-11-01,-1.8052037758307888,-0.07234430780859569,-1.882043574765034,2013-12-03
2013-11-08,-2.0583600068609207,-1.811994579482459,-1.5999063587730469,-0.02125620940898809,-0.002582006924889857,0.013610063646528836,0.005359588687462669,-0.004756794871071168,-2.067375978446094,-0.21914595726408234,0.21914595726408234,2.6326080059353516,0.004961577173855147,-0.03999999999999998,2013-11-08,-1.691674701015941,-0.016688107836007937,-1.91385914611954,2013-12-10
2013-11-15,-2.1184832799358855,-2.0302331795060025,-1.5911115042551685,0.00032180946193172133,0.034240053477746724,-0.020146389851711355,0.03386822736743822,0.03682206040263658,-1.918314180572025,1.4075472260240636,1.4075472260240636,2.5152741864043966,0.016560196544516792,0.06,2013-11-15,-1.641579631579389,-0.03519303324549394,-1.8250106031648055,2013-12-17
2013-11-22,-1.6891656269374686,-1.9604175061884,-1.5767931473395744,-0.03603404563920343,0.008440488332642548,-0.08424187930560745,0.042273322831680726,-0.025799565145104175,-1.9852838100591126,0.22104154307285864,0.22104154307285864,2.5384474167160302,0.02321622678241475,0.24,2013-11-22,-1.6068065596534769,-0.03686586445426787,-1.7968311826273728,2013-12-24
2013-11-29,-2.396962511819754,-1.9878028998209225,-1.607529772931922,0.0063164647240663285,0.0063164647240663285,-0.05668882859051383,0.03559279662922554,0.0005437350738310975,-2.219322417805705,0.10782232738949923,0.10782232738949923,2.563409711275944,0.01233734730169811,0.20999999999999996,2013-11-29,-1.6972230969132955,-0.012494805737558679,-1.9274868943147514,2013-12-31
2013-12-06,-1.4121516690234972,-1.7227894720063488,-1.6220086746436715,-0.017973264565876335,0.007291212996936025,-0.06221613342849963,0.042451162403082776,0.0009747482728696966,-2.0700255610347456,0.13831204037202363,0.13831204037202363,2.71336936257981,-0.0026128377398704217,0.28,2013-12-06,-1.724504036043161,-0.013454613052621411,-1.966679076149381,2014-01-08
2013-12-13,-1.4901338241716815,-1.6333763023547059,-1.6748718229623718,0.006976821479667272,-0.003100194530821554,-0.040144931071226964,0.01628021284041603,-0.010391407527757579,-2.115357181976509,-0.3104519175626865,0.3104519175626865,2.7434173449395014,-0.00906111045784641,0.17000000000000004,2013-12-13,-1.8476918426325777,-0.00025066871685019976,-2.1299552607355086,2014-01-15
2013-12-20,-1.5864275379076658,-1.6085232165131704,-1.6851741779832319,-0.02923882276436629,-0.011671167895805912,-0.033918801126509024,-0.001163684705625112,-0.008570973364984358,-2.0467366927782993,-0.6759872952481755,0.6759872952481755,2.649714624089247,-0.005935510974329539,0.15000000000000002,2013-12-20,-1.8886972582328692,0.05242185326954463,-2.5302415160159164,2014-01-23
2013-12-27,-2.391274094217256,-1.6062820118512757,-1.7675037900760933,0.019833391582380955,-0.021486081578792948,-0.019782505976268183,-0.036000563618225456,-0.008871101263460801,-1.9876886338175956,-1.1207890827072047,1.1207890827072047,2.512035317176253,-0.0016139708043407808,0.26,2013-12-27,-1.8861776306536189,0.059548422083451236,-2.6432952381655923,2014-01-29
2014-01-03,-1.7108553855974502,-1.6818653251087563,-1.7306927258025695,0.02160828949205751,0.000795903884985627,-0.005600835280211491,-0.027465322905577683,0.004547188914952649,-2.0258950410551884,-0.06327173414355122,0.06327173414355122,2.655352412101761,0.00012396287564353514,0.09999999999999998,2014-01-03,-1.8350957714580336,0.012391508525563921,-2.2364429671390074,2014-02-04
2014-01-10,-2.085539859806564,-1.7508141326555648,-1.7479278116729706,0.00809857240619749,0.010160476039481559,-0.004976772608627833,0.0037569116391877877,0.009364572154495931,-1.9712797206425001,0.3601836536762582,0.3601836536762582,2.556451816951096,0.012921050604048467,-0.029999999999999916,2014-01-10,-1.86177836220146,0.027224796642987492,-2.2750452557852423,2014-02-11
2014-01-17,-2.245811890773979,-1.8638747440726544,-1.8303023396774196,0.0055557849459022535,-0.0011298182621088948,0.027837797268189135,0.006075276632391269,-0.011290294301590453,-2.1106731907386402,-0.1799833320031856,0.1799833320031856,2.528125768907977,0.010437519856022703,-0.06000000000000005,2014-01-17,-1.8511676286836862,0.053433857796352235,-2.3500617164343547,2014-02-19
2014-01-24,-1.6758661908074237,-1.8898409728026906,-1.7930862387560276,0.02065506330179545,0.030522737912946685,0.05194340512675755,0.03084559632652306,0.04606802558980494,-2.0725451275643367,1.2976259219976893,1.2976259219976893,2.6224923127405635,-0.00012424024969526215,-0.09999999999999998,2014-01-24,-1.9612165016207304,0.06597913483264328,-2.455982073919104,2014-02-25
2014-01-31,-1.6183340322316182,-1.8326154847047904,-1.7570875159941697,-0.01815384950992005,0.019606503230650052,0.017556806712219597,0.058963930669977405,-0.010916234682296633,-2.292785228570607,0.7438465731313405,0.7438465731313405,2.850128299695199,0.013033082641511484,-0.2300000000000001,2014-01-31,-1.989514473517993,0.05889696514782372,-2.733462388978775,2014-03-04
2014-02-07,-2.362644477835243,-1.8378348655999188,-1.768294467179768,0.017172071250323384,-0.026313023092934262,0.03083815930796696,0.00827093037380422,-0.045919526323584314,-2.2033842150701943,-1.4214219261349452,1.4214219261349452,2.8466520505398383,-0.0018526717532454384,-0.15000000000000002,2014-02-07,-1.9594392948441737,0.05492322941444261,-2.6488399877888673,2014-03-11
2014-02-14,-1.9299258311587857,-1.8235928837825213,-1.7675525500869458,0.03995400144054084,-0.02921179331186563,0.05962728648273963,-0.005395575261203156,-0.002898770218931368,-1.8943683744272877,-1.5297263440296274,1.5297263440296274,2.6490076604684267,-0.008804063073089452,-0.05999999999999994,2014-02-14,-1.939145259762909,0.024960551977562417,-2.4600459406790938,2014-03-18
2014-02-21,-1.9967942930793536,-1.9572044278379532,-1.7935454458173494,0.01651757606691362,-0.043928213692220996,0.04644537554973649,-0.0386170183661374,-0.04908177484847487,-1.7573443395303165,-2.0945458983164986,2.0945458983164986,2.6939512767227085,-0.010900606615465769,0.010000000000000009,2014-02-21,-1.8247783416703802,-0.02202546320177401,-2.092078948468184,2014-03-24
2014-02-28,-2.2558220795111956,-2.1810338615854152,-1.8439752436471637,0.00031348679574794147,0.030325368331348468,0.06348391103051743,-0.032366986583176605,0.07425358202356946,-1.6869699853329794,1.2522458202208804,1.2522458202208804,2.641910398597665,-0.002736335246267707,-0.06000000000000005,2014-02-28,-1.919944939119097,-0.052631230847207,-2.063498874707022,2014-03-31
2014-03-07,-1.6356931472229987,-1.9395496462124318,-1.8303250840661738,0.011452687188199917,0.02480932679821546,0.06273777258021163,0.016360042593596802,-0.005516041533133009,-1.6655955296190943,0.978276951171118,0.978276951171118,2.6539459421090092,-0.016800824301444806,-0.030000000000000027,2014-03-07,-1.9353481294752248,-0.033226179375911435,-2.14048046807194,2014-04-07
2014-03-14,-2.096717472079987,-1.9408562716564912,-1.8835527414961422,0.030590964107716445,0.004053735842961981,0.05887471415857792,0.01526021728030491,-0.020755590955253478,-1.6499891174916705,0.03334457994553675,0.03334457994553675,2.7862450486872667,-0.01322536480025338,-0.09999999999999998,2014-03-14,-2.0162367609901914,-0.02921322963633788,-2.1990177453833253,2014-04-14
2014-03-21,-1.7571823496233654,-1.8764678589051507,-1.9062142007721161,-0.03540534771230952,0.019416567140520424,0.006951790379354783,0.07860499811304633,0.015362831297558444,-1.9849311266079086,0.7208937166890522,0.7208937166890522,2.67552700939665,-0.0009969076346463268,0.030000000000000027,2014-03-21,-2.171077563586756,-0.019203674911899782,-2.422796549053028,2014-04-22
2014-03-28,-1.9124104311303416,-1.821775374519661,-1.8958633107879628,-0.030907915619872384,-0.007060181390162068,-0.024269612036265542,0.041219448391535796,-0.026476748530682492,-2.164674851064638,-0.4543656294746773,0.4543656294746773,2.6823904543216326,-0.0022443937534060154,0.07000000000000006,2014-03-28,-2.200385789557486,0.010061661684433787,-2.5554521425203904,2014-04-29
2014-04-04,-2.090043859302266,-1.943783714788929,-1.9093774314624998,0.008075861645049365,0.0028429672724556987,-0.027646437579416094,0.019253088865776036,0.009903148662617767,-2.3761198038231157,0.016774802657004,0.016774802657004,2.5930133911138515,0.00986584222134912,0.13,2014-04-04,-2.223177153013507,0.0085296835445412,-2.555273878873591,2014-05-06
2014-04-11,-2.4438776957368162,-1.9921319442442542,-1.930626391937491,0.010772386233821152,0.009207812963054618,-0.04746501545331139,0.024407165985868673,0.006364845690598919,-2.431893266366713,0.2878766218513205,0.2878766218513205,2.7656899805486246,-0.0030189393138124743,0.020000000000000018,2014-04-11,-2.177628052155295,-0.02574909569514716,-2.3685437182608156,2014-05-13
2014-04-17,-1.904713313754279,-2.037709309873696,-1.9085969332599608,-0.017954105703988255,0.0024922842111045895,-0.02462418548054579,0.008712302688976159,-0.01117973881672052,-2.64193503024744,-0.005370035292111534,0.005370035292111534,2.6518325211039815,-0.0021275043572233088,-0.14,2014-04-17,-2.309687068879579,0.0027329328777758732,-2.690420903063595,2014-05-19
2014-04-25,-2.5518121559548312,-2.1805831161911096,-1.9735150313400067,0.005436101837991814,0.00226310214915193,0.006719519552133235,0.009882382763301667,-0.00022918206195265967,-2.5423718470765073,0.030326000440368688,0.030326000440368688,2.589266665112243,-0.0022531026924932362,-0.07999999999999996,2014-04-25,-2.121936290258487,-0.02456248666479155,-2.2948012884108944,2014-05-27
2014-05-02,-2.4109319448707147,-2.165442845123441,-2.026427340917097,-0.002954233852348054,0.010333232060941278,0.009157421284761824,0.028760641449022906,0.008070129911789348,-2.4168824650526592,0.40351432631474204,0.40351432631474204,2.583997552432231,-0.00863858193876954,-0.25000000000000006,2014-05-02,-2.183002340398574,-0.0504513353835403,-2.2646290434613747,2014-06-03
2014-05-09,-2.098185748518888,-2.1778148157862667,-2.018437635498683,-0.007705922702269774,0.006845692370644141,-0.02317816042061427,0.021934310791841938,-0.0034875396902971367,-2.5154242340765247,0.2408512214933626,0.2408512214933626,2.5974910105351463,-0.0006293254327083275,-0.14999999999999997,2014-05-09,-2.269888494062143,-0.028825143724362512,-2.404427158217982,2014-06-10
2014-05-16,-2.2511116249409935,-2.299334822208006,-2.045036758291224,0.003218035989760004,-0.0070440324922977915,-0.00200601872686601,0.012397994088439557,-0.013889724862941932,-2.4029783209406745,-0.4148854673433347,0.4148854673433347,2.5779415157551897,0.0022525388765934906,-0.16999999999999998,2014-05-16,-2.29762867385487,-0.018634607484039556,-2.453346725690961,2014-06-17
2014-05-23,-3.6390990051733807,-2.3711166585295427,-2.068623164923065,8.03352166585114e-05,-0.0026027485741408896,-0.007361785348199312,0.007532143365146737,0.004441283918156902,-2.5217324115427395,-0.20661263768839122,0.20661263768839122,2.4874035299865875,0.005623219311783778,-0.14,2014-05-23,-1.9764978393833876,0.04123885263039995,-3.2255342342832107,2014-06-24
2014-05-30,-1.8217267627020943,-2.1161865093172425,-2.0804828301058804,-0.03460155786323149,0.000718583408400697,-0.02759871109476464,-0.012775466549877379,0.0009865946758189637,-2.5692645396972527,-0.03411579958235184,0.03411579958235184,2.448415541205585,0.012501725854503931,-0.27,2014-05-30,-1.9654975554513088,0.06735407559708495,-3.774893059997418,2014-06-30
2014-06-06,-2.624449011182062,-2.264998813376954,-2.1234470022563183,0.0014935308492498578,-0.009507721995185126,-0.029089375026707387,-0.020374731525017786,-0.010226305403585823,-2.686986117409983,-0.5135009256028958,0.5135009256028958,2.457877977400081,0.014412198796048159,-0.010000000000000009,2014-06-06,-1.9788294462546725,0.05184430859661493,-3.5655144530481873,2014-07-08
2014-06-13,-2.456221756035354,-2.3074402166719286,-2.198600535585261,0.01929688712891764,-0.01511507693859615,-0.014612923733348104,-0.024172226792798845,-0.005607354943411025,-2.8915948724409213,-0.7593853745548138,0.7593853745548138,2.5305171610400525,0.006349254213459332,0.020000000000000018,2014-06-13,-1.8184771519230083,0.01708890046480427,-2.356247891891807,2014-07-15
2014-06-20,-1.3970604263029853,-1.8447485027011359,-2.0782305339635534,0.02838321638296737,-0.02862839991943167,0.014572076497903375,-0.05253261544481225,-0.013513322980835518,-2.5942989785216928,-1.3828759357359566,1.3828759357359566,2.362739015813793,0.002742817119281149,0.030000000000000027,2014-06-20,-2.068986676855972,-0.0087890080506412,-2.3114706602340727,2014-07-22
2014-06-27,-3.6578402524865243,-1.9920183290244617,-2.0984876682673557,0.0012640518336199946,-0.005701119956465384,0.05043768619475486,-0.05895231880967833,0.022927279962966285,-2.6506472096708804,-0.2411023482578903,0.2411023482578903,2.453587966530573,-0.003235374958381776,0.04000000000000001,2014-06-27,-2.0216579350451007,-0.02243022837502373,-2.244562781151803,2014-07-29
2014-07-03,-2.4671855494600323,-1.979187883788836,-2.1212049036904763,0.00338729925899095,0.0009199334100453704,0.05246946147856146,-0.05294584977983341,0.018512198062695884,-2.5821462409426847,0.06627373525230605,0.06627373525230605,2.3813962734183356,-0.008840238068413164,-0.06,2014-07-03,-1.957410092528907,-0.024143627983746363,-2.177956184313188,2014-08-04
2014-07-11,-2.815261655026031,-2.002191182669716,-2.177029944840001,0.012659347789230502,-0.001046142079851986,0.04885228304427258,-0.043254450006026346,-0.0019660754898973565,-2.5425769637733833,-0.022794405808988435,0.022794405808988435,2.532902848056256,-0.008202925310400566,-0.15999999999999998,2014-07-11,-2.1113546677698842,0.0019071673253625576,-2.5927051561138983,2014-08-11
2014-07-18,-1.4831601853619605,-2.071257622783416,-2.0417280149335757,-0.02079241330775794,0.006309478768751209,-0.006401453787782785,-0.01140899455370592,0.007355620848603195,-2.7110739131112163,0.3420675967644807,0.3420675967644807,2.6769034721053733,-0.0007449434057305027,-0.14,2014-07-18,-2.3102484062319966,-0.010982977719597997,-2.702006129332565,2014-08-18
2014-07-25,-2.1632851688476102,-1.9850452356329784,-2.0262111557438263,-0.002699242194297291,0.004821455758165616,-0.007445008453833779,0.011004725857110209,-0.001488023010585593,-2.551869637991118,0.28404408833094286,0.28404408833094286,2.4714836294558595,0.00807008551180921,-0.03999999999999998,2014-07-25,-2.3832044938782166,-0.02287474071031248,-2.6746147546413317,2014-08-25
2014-08-01,-2.2527207184889555,-1.9601496411383799,-2.0501028849327647,-0.011272483535442746,0.006499010828532992,-0.022104791248267475,0.01658380327559783,0.0016775550703673758,-2.505094185570664,0.3812140825799836,0.3812140825799836,2.830267833826459,0.01858559279890315,-0.09000000000000002,2014-08-01,-2.2805166107668167,-0.019052818189975618,-2.4949646406027437,2014-09-02
2014-08-08,-2.2172426858641807,-1.9105481371369826,-2.038986538704316,0.014447353418326259,0.031497620004676374,-0.020316785619171718,0.04912756536012619,0.024998609176143383,-2.279339060334496,1.5794923993962036,1.5794923993962036,2.8130106367386967,0.017198066221801867,-0.08000000000000002,2014-08-08,-2.30375343340877,-0.041248778369622485,-2.3753290068943422,2014-09-09
2014-08-15,-2.9879403442226815,-2.319597118796992,-2.0427450576256625,-0.005642316936669722,0.011703711345398382,-0.0051666892480835,0.054521797936773364,-0.019793908659277992,-2.2253596819486026,0.570171107974106,0.570171107974106,2.519308076505333,0.013201101475506682,-0.04999999999999999,2014-08-15,-2.246467429405463,-0.0502997630538502,-2.3122061591208856,2014-09-16
2014-08-22,-2.410413982925928,-2.39111397181072,-2.0879880793488246,-0.018418511283115002,-0.009363851757561825,-0.02088595833690121,0.04033649042104592,-0.021067563102960207,-2.271789965618841,-0.6870811765697852,0.6870811765697852,2.464703942470481,0.015703901986920066,-0.010000000000000009,2014-08-22,-2.2207318193497185,-0.04277925706706753,-2.3069973512980813,2014-09-23
2014-08-29,-2.8267795352887477,-2.5186392198671292,-2.0952003498034517,0.0054240016455677775,0.004354560334067781,-0.004189473155890688,0.03819203992658071,0.013718412091629606,-2.3481792822451233,0.11522773153660243,0.11522773153660243,2.489064659936664,0.012443789427388552,-0.07999999999999999,2014-08-29,-2.408342281883982,-0.045749190416152885,-2.4945559575890974,2014-09-30
2014-09-05,-1.9580941805623708,-2.3844734707315967,-2.048085230902184,-0.0157688584903779,0.001454371137284305,-0.033196754246579196,0.006712771821766772,-0.00494733286538418,-2.7053273363116186,-0.05226224889728896,0.05226224889728896,2.5368663887187113,0.028805056075891677,0.040000000000000036,2014-09-05,-2.2041000354349345,-0.0397079073107216,-2.3447457200041515,2014-10-06
2014-09-12,-2.1404260807865563,-2.2173006994247735,-2.031303086708254,-0.03061294105348278,-0.0014177694881292169,-0.06483941739602184,0.0006070742250843253,-0.0028721406254135218,-2.6899575910870186,-0.22825169622887376,0.22825169622887376,2.5494451709255714,0.032552657938405005,0.21999999999999997,2014-09-12,-2.202377682789614,-0.001011998303518169,-2.4623243138363433,2014-10-13
2014-09-19,-2.394183106016967,-2.234506711128787,-2.175514880087872,-0.01095692747656507,0.028957085464468513,-0.048265408463008974,0.035395391116292085,0.03037485495259773,-2.237718985536318,1.683889402590453,1.683889402590453,2.4874035299865875,0.02485569152831335,0.35,2014-09-19,-2.2564617227274977,0.024932663228694807,-2.6178548219283932,2014-10-20
2014-09-26,-2.7355927534744477,-2.2296695553643326,-2.18298826399107,-0.00025623557756127013,0.016758015528265613,-0.05759496259798702,0.045751702641889214,-0.0121990699362029,-2.117600029411729,0.8621371956933482,0.8621371956933482,2.7498317351171653,0.033051945989138076,0.27,2014-09-26,-2.249640900282434,0.008762647377185573,-2.5535980966725584,2014-10-27
2014-10-03,-1.9375352435635547,-2.220718094972918,-2.131785719360567,-0.02115153717297691,0.026101273043771744,-0.06297764128058603,0.07039860454837665,0.009343257515506131,-1.9624291125273088,1.3908031544951516,1.3908031544951516,2.7825390530929495,0.021013626465929747,0.20999999999999996,2014-10-03,-2.116439466375568,-0.034011493266958404,-2.2263597556132986,2014-11-03
2014-10-10,-2.182838431916313,-2.232799577063836,-2.2519114353540783,0.025668900858216936,-0.006079708714957555,-0.006695799368886313,0.06573666532154832,-0.0321809817587293,-1.8718735535370494,-0.5657629878940158,0.5657629878940158,2.9317269435780786,0.014368326254619923,-0.04999999999999999,2014-10-10,-1.6824299612137534,-0.07042823819686461,-1.8639301876771146,2014-11-10
2014-10-17,-2.7492760720734504,-2.2810809420741114,-2.272418307022259,0.01183547132174656,0.015447724929442685,0.016096599429425318,0.05222730478652249,0.02152743364440024,-2.104417771229057,0.7365109583609619,0.7365109583609619,3.2268439945173775,0.008032175316522228,-0.32999999999999996,2014-10-17,-1.5560395810746204,-0.049186735666654435,-1.8553254440454865,2014-11-17
2014-10-24,-2.5091138175676186,-2.2530261040242436,-2.304389460541705,-0.005393114946978805,-0.0005563507479293683,0.010959720060007783,0.03491293851032751,-0.016004075677372054,-2.075909386622764,-0.26036709842729944,0.26036709842729944,2.805176911832933,0.007483657643887476,-0.12,2014-10-24,-1.520241340118703,-0.025304750903870854,-1.8397305242542799,2014-11-24
2014-10-31,-1.5942738498286382,-2.0625563226308445,-2.205487497240685,-0.049271857094637994,0.013248499886695964,-0.017160599861653303,0.022060165353251726,0.013804850634625332,-1.9878664078617299,0.5893416029912751,0.5893416029912751,2.67552700939665,0.00640471536381515,-0.07,2014-10-31,-1.3461848749856316,0.026311499374798153,-1.8283597782755954,2014-12-02
2014-11-07,-1.3743569102451565,-1.7704419220505434,-2.024252781999901,0.0027478415719688343,0.028893096413395547,-0.040081659147901405,0.05703297048160483,0.015644596526699583,-1.8560503006906783,1.5134833394213003,1.5134833394213003,2.6152036507358583,0.028700241194718146,0.08000000000000002,2014-11-07,-1.4392745369018851,0.06764006349604568,-2.0800984538379743,2014-12-09
2014-11-14,-1.3454938124020261,-1.5514582828636283,-1.902211857185046,0.01319048304995274,-0.021306899621534203,-0.038726647419695226,0.02027834593062794,-0.05019999603492975,-1.7562298626525428,-1.5225940075712272,1.5225940075712272,2.6239436918052106,0.03092848822441585,0.18999999999999995,2014-11-14,-1.4548181426241058,0.007860249172156664,-1.8673248705846697,2014-12-16
2014-11-21,-2.0032403342622893,-1.520225974548966,-1.8759078638963806,0.008004899322767933,-0.0021797747736274076,-0.025328633149948487,0.0186549219049299,0.019127124847906796,-1.7928967488480376,-0.3318756035946023,0.3318756035946023,2.60859812213055,0.020181738704918573,0.10999999999999999,2014-11-21,-1.4393493901329462,-0.02080393452416729,-1.7988367503158444,2014-12-23
2014-11-28,-1.6332641354003956,-1.4688496916162266,-1.8444431302832536,-0.024233463140301836,0.026385324563104273,-0.027102422523294756,0.0375203695204358,0.03944212331331087,-1.5840636437169158,1.4130219308150191,1.4130219308150191,2.4907230351094403,0.0191294573223022,0.0,2014-11-28,-1.6700191029505547,-0.011908026552988282,-1.9670777723725648,2014-12-30
2014-12-05,-1.1568049261768287,-1.365243400004343,-1.7156205779603146,0.02048274738682121,-0.030776814141476372,0.040574448765667626,-0.01135966449211967,-0.057162138704580645,-1.5807585881210404,-2.041152410194562,2.041152410194562,2.5160822672564502,0.014306983120931704,0.04999999999999999,2014-12-05,-1.6636858167371438,0.005598408562474511,-1.9978164497331392,2015-01-07
2014-12-12,-1.7690919856973188,-1.4636928526026143,-1.692653110225981,0.025708828836354947,-0.017544519636689238,0.050124036772214,-0.034992807965267936,0.013232294504787134,-1.5609705542353898,-1.2335041739070522,1.2335041739070522,2.9997242948235283,0.009519608963440618,0.02999999999999997,2014-12-12,-1.8375823411759526,0.030816707999449022,-2.2998407558421183,2015-01-14
2014-12-19,-1.6005559370519093,-1.4810879347900516,-1.651154354754212,-0.02274201738954762,0.034705073458107805,-0.0007839043066732998,0.012769064243046468,0.05224959309479704,-1.3955387453560322,1.7900186272108916,1.7900186272108916,2.821973947420524,0.017977716850277936,0.039999999999999925,2014-12-19,-1.7214026570825376,0.10675447891466039,-2.6836544325702207,2015-01-22
2014-12-26,-1.6560132953217674,-1.4048528969257934,-1.6163504467055072,-0.002782849784036756,-0.009318845615270188,-0.0028697078102748463,0.030445320632241035,-0.05592481475618172,-1.40909691268161,-0.7487020286535757,0.7487020286535757,2.6651427000909336,0.02304900572792512,0.16999999999999998,2014-12-26,-1.7366663050401414,0.08229366046685094,-2.5388835755420125,2015-01-28
2015-01-02,-1.587398802005446,-1.677242851586485,-1.6161973778367487,0.011549656240376294,0.010225185568899509,-0.01953102285224606,0.020681911553536825,0.022776422681922703,-1.635674144568956,0.36228547684390366,0.36228547684390366,2.954910279033736,0.01810909238975089,-0.020000000000000018,2015-01-02,-1.6384301997143653,0.04433911710219984,-2.2044557587626437,2015-02-03
2015-01-09,-1.8082426879508935,-1.7158700359436967,-1.5964530741149283,0.0274937370373598,-0.015258939401997296,-0.005951866431773034,0.031389146215371255,-0.025484124970896804,-1.645268414940487,-1.0795958978905573,1.0795958978905573,2.8338014064077703,0.0406551094233123,-0.08000000000000002,2015-01-09,-1.585815637324111,-0.0007593666850498337,-1.941381355238157,2015-02-10
2015-01-16,-1.5343396864629133,-1.6832007715347015,-1.554567637644634,0.04388054481154313,-0.028277904023646272,0.06971021478409423,-0.045862894969767254,-0.013018964621648976,-1.486445918370139,-1.8132405038342183,1.8132405038342183,3.1086144306106633,0.04677272417601852,-0.22999999999999998,2015-01-16,-1.6704683981819588,-0.06537623792309066,-1.8292611205863492,2015-02-18
2015-01-23,-1.8582062942814304,-1.7094426729779881,-1.5440386392141525,0.02684013821552167,-0.05401199510548249,0.09705044954237252,-0.055008393841554426,-0.064145464188885,-1.4932713368381263,-3.1949507601007596,3.1949507601007596,2.797281334830153,0.04859389086152621,-0.18,2015-01-23,-1.7037482678476117,-0.06491256934264555,-1.8590481475965042,2015-02-24
2015-01-30,-1.3810260430390746,-1.6307481766711396,-1.5250322421410782,-0.0062985221769187305,0.050691892244472125,0.08332874050002648,-0.010410754213094009,0.10470388734995462,-1.3994193473302317,2.6756626691590575,2.6756626691590575,2.9317269435780786,0.051859874352784274,-0.41000000000000003,2015-01-30,-2.0006022852316634,-0.0584469739304021,-2.0407042016394294,2015-03-03
2015-02-06,-1.5434633471273314,-1.5573255503862895,-1.5641601917299486,-0.03974249838548172,-0.008422762894108704,0.02302085571602497,-0.0016093966717165564,-0.05911465513858083,-1.3979178625018296,-0.600575190038811,0.600575190038811,2.8243506567983707,0.03012176509590514,-0.26,2015-02-06,-2.019189349440484,-0.06724420157878708,-2.0452076746698444,2015-03-10
2015-02-13,-2.2270110748379186,-1.659497336272569,-1.594985648881846,-0.005578545656767631,-0.036898281148140644,-0.02477942800364641,-0.04864114690325971,-0.02847551825403194,-1.5099557219155824,-2.178067059646513,2.178067059646513,2.73046379593911,0.02072549541331803,0.040000000000000036,2015-02-13,-2.200796106706849,-0.05128878430517414,-2.220783798071514,2015-03-17
2015-02-20,-1.9969181445420048,-1.6740191537197207,-1.5955716190909655,-0.01771173118608793,0.020790952377419458,-0.08278813227984738,0.0422614824028984,0.031736418648038,-1.5918331623311022,0.9958877837183157,0.9958877837183157,2.727199019940971,0.016017427070671886,0.10999999999999999,2015-02-20,-1.996350054761755,-0.009925202350567375,-2.2448618882478777,2015-03-23
2015-02-27,-3.2610976786284733,-1.8437185805396648,-1.7251190808371832,0.007604641500670084,-0.013408543341758339,-0.03883653992561342,-0.01578974661296062,-0.0341994957191778,-1.8518002273687613,-0.9950920517777474,0.9950920517777474,2.6326080059353516,0.008642546265258844,0.12,2015-02-27,-1.947539497917971,-0.016824703217498183,-2.1791670936984264,2015-03-30
2015-03-06,-1.6070074349366394,-1.8207912946534086,-1.7103732073691829,-0.03772048775307901,0.006072750590945475,-0.08505016276645083,0.002509693355988052,0.019481293932703814,-1.8965115295842885,0.1727920913400237,0.1727920913400237,2.641910398597665,0.025110311810823127,0.17,2015-03-06,-2.0556730085220454,0.03630703372142108,-2.8442655066085285,2015-04-07
2015-03-13,-2.870275025191664,-2.0730250555156626,-1.7831650903157767,-0.008799584178998288,0.010476517454728995,-0.05662716161749515,0.02393167708133559,0.00440376686378352,-1.9398512274809405,0.45738956234789135,0.45738956234789135,2.7356653681351832,0.042862269942318676,0.07,2015-03-13,-1.9737363656212412,0.03223368859954423,-2.677200003607286,2015-04-14
2015-03-20,-1.8060835535922568,-2.00958397602586,-1.7812936795309215,0.023970873545606786,-0.04725666134475626,-0.01494455688580043,-0.044115936640840125,-0.05773317879948525,-2.0649603796026117,-2.982634190185516,2.982634190185516,2.644044871126298,0.04858833662315121,-0.18,2015-03-20,-2.1133037240053913,0.009491919104010371,-2.6259957265336014,2015-04-21
2015-03-27,-2.6274631125617933,-1.9841450505070768,-1.8204615894818472,0.013034326000159524,-0.0006219581140634034,-0.00951487238631099,-0.03132935141314519,0.04663470323069285,-2.0760794868090264,-0.11441873146427174,0.11441873146427174,2.760009940032921,0.022311946049171638,-0.03,2015-03-27,-1.8732593380134657,0.022427937737791837,-2.3992472078239975,2015-04-28
2015-04-02,-1.9053520190953472,-1.8673657432252755,-1.8323239395251179,-0.0017334427618891368,0.015593648030001184,0.0024318127389886257,-0.028632537509525324,0.04178462649079284,-2.071811099152106,0.7827434491807211,0.7827434491807211,2.715356776284648,0.02286874669613237,-0.18,2015-04-02,-1.8686103670614398,-0.022445623245312518,-2.174573031202785,2015-05-04
2015-04-10,-1.9795346454762472,-2.0027244749618207,-1.827043570532998,0.005967606392397684,0.021696146604675448,0.046327044600140255,-0.009079785513156136,0.006102498574674264,-1.966396576141583,1.093705410696931,1.093705410696931,2.5718485799218085,-0.006433469797847202,-0.26,2015-04-10,-1.9150802261997375,-0.014081665522521547,-2.2109530071604877,2015-05-11
2015-04-17,-2.2999621913289157,-2.0810949710954945,-1.894270913086509,-0.0031956044560041974,0.010210279828542834,0.029051124300944586,0.021309096002427808,-0.011485866776132614,-2.0216205055181145,0.4481256111529239,0.4481256111529239,2.533696813957432,-0.011532554982395915,-0.18,2015-04-17,-1.8552470744260023,0.024114115808808734,-2.2708504452939224,2015-05-18
2015-04-24,-1.8141825587324603,-1.9697894617567897,-1.8845938208073696,-0.022305717319891727,0.010355578163265822,-0.021267158145387377,0.05785565262648529,0.00014529833472298748,-2.3339863592896597,0.43512426351188366,0.43512426351188366,2.5241273629412815,0.0030885993776053056,-0.04999999999999999,2015-04-24,-1.9839608114970215,-0.012388905053535737,-2.247172297762874,2015-05-26
2015-05-01,-1.5735976475544449,-1.851157076032503,-1.9149327682670256,0.0002653232992093635,-0.026595108312096993,-0.019268392084288877,0.01566689628438711,-0.036950686475362815,-2.1418640238765287,-1.5546948390150546,1.5546948390150546,2.6775909936175015,-0.037246942117266535,0.039999999999999994,2015-05-01,-2.19445926713238,0.003150165487431522,-2.5255980461065044,2015-06-02
2015-05-08,-2.35050961024504,-1.90456028353045,-1.988270332701455,0.007839717560434778,-0.010732699546209368,-0.017396280916251783,-0.016761949866497705,0.015862408765887626,-2.33601622289591,-0.6659495970816904,0.6659495970816904,2.7166795278002644,-0.04686584486780454,0.16999999999999998,2015-05-08,-2.179972968022856,-0.006273482817340081,-2.481659806615064,2015-06-09
2015-05-15,-1.9041397398262896,-1.8404338979983585,-1.9769929523068022,0.030758343180067094,-0.03016481613831612,0.016557666719819508,-0.05713704583335666,-0.019432116592106752,-2.081661930145244,-1.6951309276015458,1.6951309276015458,2.5447466501440172,-0.0425685150670132,0.31,2015-05-15,-2.355278659123681,-0.036392831031564654,-2.451841559535491,2015-06-16
2015-05-22,-2.2749188694230997,-1.926796087100648,-1.9609873517358798,-0.016557666719819508,0.008224492781094828,0.022305717319891727,-0.05926813121552765,0.03838930891941095,-1.9892267819658183,0.3771339759982374,0.3771339759982374,2.494031557565001,-0.020983387871534198,0.27999999999999997,2015-05-22,-2.3737723928149683,-0.008994807194116383,-2.6718551204181025,2015-06-23
2015-05-29,-2.2524898169897503,-2.157539522949694,-1.9414456410836956,-0.013838977648941153,0.010868865335729172,0.005536747934022479,-0.030113078444629515,0.007927022914020476,-2.1466140244844008,0.501638359361316,0.501638359361316,2.58851563240702,0.019262383647474124,0.19,2015-05-29,-2.3539480436836837,-0.00819135514634084,-2.661341120538976,2015-06-29
2015-06-05,-2.4524977990619266,-2.1678822063481484,-2.016326613093713,-0.016435826733354197,0.021809715639488747,-0.010458309680358546,0.003094658869361222,0.010940850303759575,-2.0618604956483,1.0604620513252947,1.0604620513252947,2.688527534613346,0.014030525606535171,0.15999999999999998,2015-06-05,-2.3247933845319007,-0.016209530065943056,-2.588595131843777,2015-07-07
2015-06-12,-2.6142188490823033,-2.37204562429155,-2.053494106908006,0.008781761211477779,0.017920228317016118,-0.03429003874799452,0.05354065171394273,-0.003889487322472629,-2.2425414269542148,0.8082533545998378,0.8082533545998378,2.553343811341229,0.014422313255078478,0.15000000000000008,2015-06-12,-2.377379631604278,-0.026642155608730178,-2.583889449407786,2015-07-14
2015-06-19,-2.2468085333469037,-2.369274824047635,-2.0477878653915753,0.016553908464556955,0.0054680384350676015,-0.004939134706260617,0.05606684772730164,-0.012452189881948517,-2.3615419601304555,0.14673004331618725,0.14673004331618725,2.579458966729223,-0.01488228479205933,0.08000000000000002,2015-06-19,-2.0854911702260956,-0.07555755993755753,-2.104144471236941,2015-07-21
2015-06-26,-2.248059137828075,-2.3678714788512263,-2.080720431538482,-0.022488695321226437,-0.0021800758014056676,-0.013588852378545901,0.0430179065901668,-0.007648114236473269,-2.059408002832755,-0.28220306314062843,0.28220306314062843,2.6397713603489157,-0.0185267449939861,0.15999999999999998,2015-06-26,-2.048506169002508,-0.0738563170031501,-2.096303661981076,2015-07-28
2015-07-02,-2.781772672303184,-2.400218191959578,-2.099375553001208,-0.006066033688147954,0.008542477623047162,-0.009617119616642356,0.025220431895131235,0.014897332758576187,-2.102845071860445,0.2712512208416026,0.2712512208416026,2.7781979610042917,0.008760055427124769,-0.010000000000000009,2015-07-02,-2.00599283362698,-0.07368245938743545,-2.063065308237923,2015-08-03
2015-07-10,-2.4118973895559632,-2.381644700301712,-2.125051714995281,-0.00241885244440887,0.0022743975382337744,-0.015751197928212335,0.014042452882868872,-0.006268080084813388,-1.8128265832907395,-0.0738064414671898,0.0738064414671898,2.994231147427724,0.020496368070494597,-0.16000000000000003,2015-07-10,-2.0150952477388806,-0.048645986634178406,-2.122250139835504,2015-08-10
2015-07-17,-2.381591352213517,-2.419553146327895,-2.1463007568644326,-0.025803160872320596,0.018862496290702246,-0.05957914937743958,0.023324516316454158,0.016588098752468472,-1.817231926304056,0.794902308832849,0.794902308832849,2.494031557565001,0.03501087413043802,0.10000000000000003,2015-07-17,-2.2992494820912492,0.013438160632313512,-2.7886993036322685,2015-08-17
2015-07-24,-1.5400564896958648,-2.0494486233647184,-2.1258666878952495,-0.030843594980125566,-0.015976129304485553,-0.06513164198500299,0.01370324214749763,-0.0348386255951878,-1.858858577494872,-1.0120754844589614,1.0120754844589614,2.5368663887187113,0.01933733779350444,0.010000000000000009,2015-07-24,-2.1095508807823333,0.05266083331375615,-2.883394855867127,2015-08-24
2015-07-31,-2.4777480070859457,-2.0258345696851934,-2.1686982603368534,-0.0039946616881030295,-0.00826509274219056,-0.06306026998495806,-0.0031043282177400933,0.007711036562294993,-1.8717021470870625,-0.5985973126730446,0.5985973126730446,2.495681722955959,0.012895418099740041,-0.030000000000000027,2015-07-31,-2.014234431491322,0.0443431772902656,-2.579756997074806,2015-08-31
2015-08-07,-2.6153802469128586,-2.0455262722959047,-2.2352124958771626,-0.0026720006054032908,-0.00480039682695832,-0.06331341814595248,-0.010179122582932187,0.003464695915232241,-2.2231338623815096,-0.40810176563047995,0.40810176563047995,2.6224923127405635,0.01254903533893259,0.09000000000000008,2015-08-07,-2.0298554613090642,0.0168827442707018,-2.5012139518534,2015-09-08
2015-08-14,-1.961948360431964,-1.9679527476368188,-2.2072996270747667,0.0208045040117959,-0.009902761181783237,-0.016705753261835987,-0.03894438005541767,-0.005102364354824918,-2.076194351190421,-0.6213569256232973,0.6213569256232973,2.6019486702196644,-0.012467388421163683,0.04999999999999993,2015-08-14,-2.0705153448820837,-0.011547757620586907,-2.4044532958234686,2015-09-15
2015-08-21,-1.8189464892732259,-2.1128048004447355,-2.159054490130812,0.039274694997931014,0.03515949946091146,0.05341253671622059,0.012191248709979341,0.045062260642694696,-1.825237043761544,1.6929013993619042,1.6929013993619042,2.9517803860248084,-0.01420672753072516,0.040000000000000036,2015-08-21,-2.1229168663594744,-0.02510206799161807,-2.362630082295413,2015-09-22
2015-08-28,-1.888256719974489,-1.9928111927083407,-2.108817415496006,-0.022108896430403036,0.026270645445882757,0.03529830197392059,0.04672698689805266,-0.008888854015028702,-1.5933025162547774,1.1168453951514048,1.1168453951514048,3.261935314328648,-0.020190124841937163,0.08999999999999997,2015-08-28,-2.028095179260646,-0.007749082374753691,-2.4625713936711473,2015-09-29
2015-09-04,-2.6244235635130444,-1.9934566535224132,-2.113184154165244,-0.011193965940902828,-0.011193965940902828,0.02677633663842105,0.04033341778410815,-0.037464611386785585,-1.5739966992782346,-0.6935641881762654,0.6935641881762654,3.242982900211434,-0.014621328525001864,0.07999999999999996,2015-09-04,-1.8598619658518576,0.021529987916838245,-2.4426654475254956,2015-10-06
2015-09-11,-2.324821547935332,-2.0715321793443096,-2.0955386100657427,-0.015701188685183,-0.010695769022602608,-0.0065721477212346,0.046475894890754876,0.004100054111530582,-1.6042840879154405,-0.6492365438902407,0.6492365438902407,3.193352867637115,-0.008345584080200474,0.12,2015-09-11,-1.8315980083526575,0.046806653085269545,-2.581364684951201,2015-10-12
2015-09-18,-2.0297256800518593,-2.1307731139205783,-2.1016168736423726,0.028325201306371284,-0.008272863196356894,-0.011199783341676373,0.009997555014124693,0.0024229058262457137,-1.6918756670294846,-0.525718961671255,0.525718961671255,3.051166980442092,-0.019999577768440524,0.07999999999999996,2015-09-18,-1.8241454703659445,0.03165077560410179,-2.538573266955239,2015-10-19
2015-09-25,-1.7743179479506073,-2.0647958722827147,-2.0362915273075135,0.005478951550162314,0.01032833055651361,0.0191234493098964,-0.023436124796579083,0.018601193752870504,-2.0164555192853215,0.3943341846576788,0.3943341846576788,3.1557230098629323,0.009315043614375185,-0.010000000000000009,2015-09-25,-1.9859425970160651,0.02738403685402435,-2.7403514254749757,2015-10-26
2015-10-02,-1.652558200140701,-1.8845986934778622,-1.9709568385325096,-0.007495462075640447,-0.01785828871106565,0.010607502095710153,-0.026498590373511544,-0.02818661926757926,-1.7861580843654066,-0.9657485118035251,0.9657485118035251,3.1157350659486873,0.0037496200826128145,-0.050000000000000044,2015-10-02,-2.119191060691468,-0.0016562417384573536,-2.6268314130537282,2015-11-02
2015-10-09,-1.9787773292575064,-1.8353868659783754,-1.9383232471351763,0.017102253256278566,-0.021325103199838047,0.04341094403717172,-0.03712792455074698,-0.003466814488772396,-1.6102045056132797,-1.006903127161198,1.006903127161198,2.857618971424357,-0.0014676529581105768,-0.09999999999999998,2015-10-09,-2.055342391131836,-0.06408938950750187,-2.225946529800649,2015-11-09
2015-10-16,-1.9398630815949713,-1.8189740864249873,-1.9929507486136284,0.014505941257075605,0.003979538176952069,0.02959168398787604,-0.02487552317743802,0.025304641376790116,-1.6979138968116625,0.14749976167159637,0.14749976167159637,2.775708849576025,-0.0019055722434817568,-0.08999999999999997,2015-10-16,-2.2312559567228543,-0.07707886304053613,-2.2624462563700574,2015-11-16
2015-10-23,-2.4773988477397153,-1.9345373487234918,-1.9991783651866202,-0.00883971891415758,0.001686684165965957,0.015273013523556145,-0.03351716956798567,-0.0022928540109861117,-1.7516635168036672,0.04810605072465941,0.04810605072465941,2.670694414558441,0.003639566069002953,-0.07000000000000006,2015-10-23,-2.105701598074309,-0.08587798325564489,-2.1673952511578527,2015-11-23
2015-10-30,-2.3567655245213666,-2.136238149038961,-1.994816660784777,-0.019928167796749108,0.0014630017282342145,0.0028403078024474837,-0.014195879128685807,-0.00022368243773174257,-1.879360237031159,0.04305366270547547,0.04305366270547547,2.681706225762608,0.011267978123905564,0.08000000000000007,2015-10-30,-2.087870821114596,-0.05986515001655146,-2.1931009721341668,2015-12-01
2015-11-06,-1.7654184020309567,-2.052504905755325,-1.9745098822046414,-0.04874446214031991,0.0011273862059475448,-0.06300640759415099,0.008256610277099785,-0.0003356155222866697,-2.3308886529506823,0.045376620459744714,0.045376620459744714,2.711377991194885,0.02711542217279206,0.16999999999999993,2015-11-06,-1.925943690833797,-0.015055343276324962,-2.2592158825863042,2015-12-08
2015-11-13,-3.2162531921140953,-2.2228948695946666,-2.026269481379267,-0.005200829654567585,0.03022027626571866,-0.08271317850579418,0.034497348365866376,0.029092890059771115,-2.149688680837105,1.374718107452848,1.374718107452848,2.9107188992270343,0.04435499279858579,0.24,2015-11-13,-1.8747989209902725,-0.02134274343446929,-2.1773268639546024,2015-12-15
2015-11-20,-2.0623997243019616,-2.1340937541858827,-2.037523259107325,-0.004548773723664468,0.002095780222957977,-0.07842223331530107,0.034906444422858396,-0.028124496042760683,-2.1543309732145652,0.06949015760615443,0.06949015760615443,2.8326249356838407,0.027135250161721913,0.1100000000000001,2015-11-20,-1.7300151845195704,0.003416789280343835,-2.0657522721228174,2015-12-22
2015-11-27,-2.1077784227296985,-2.0873586811077525,-2.0192995488202183,-0.02255842532188801,-0.01074146005361909,-0.08033897120837441,0.019956738836812704,-0.009412440999795102,-2.398903858617366,-0.5314137361678487,0.5314137361678487,2.7206373166076814,0.020448169229833724,-0.010000000000000009,2015-11-27,-1.757134969701378,0.0027434740507130684,-2.1049937798583254,2015-12-29
2015-12-04,-1.5489839928685694,-1.911170332189592,-1.9464376652025301,0.02699045008627543,-0.0030154489388167782,-0.01545392557835168,0.015077398949839171,0.007726011114802311,-2.3161065336392426,-0.16059323179801854,0.16059323179801854,2.896464271895322,-0.003374694639822984,0.039999999999999925,2015-12-04,-1.8908957399206672,0.019292582896692778,-2.2857231416520496,2016-01-06
2015-12-11,-2.279950841542802,-1.9205141897671147,-1.9552771660706152,-0.008786770623650852,0.03317740588344664,-0.007151150179743659,0.018091477837186787,0.03619285482226342,-2.284919121604738,1.5109251626501132,1.5109251626501132,2.9621754900251482,-0.010865805508588622,-0.040000000000000036,2015-12-11,-1.8527691391581322,0.02837825679994843,-2.3141163348934293,2016-01-13
2015-12-18,-1.4744696424361674,-1.7418958673230507,-1.9099108352490253,-0.010431483203422687,-0.020158466893331894,-0.014786229062686118,-0.00073797000232112,-0.05333587277677854,-2.0750551467096647,-0.9920198972346795,0.9920198972346795,2.9412760877579323,-0.0038206851857500723,0.06000000000000005,2015-12-18,-1.9803314006797021,0.02243188713309152,-2.488613183655171,2016-01-21
2015-12-24,-1.9085027276903348,-1.731070311230334,-1.921586067007696,0.025056609451677758,-0.020524659001167844,0.005741867375212983,-0.006753636800737706,-0.028226623893813585,-2.080032811981977,-0.9860948595001967,0.9860948595001967,2.745345985845907,-0.012028269248769874,0.14,2015-12-24,-1.9411981658158808,0.051640410017780525,-2.5593558161853354,2016-01-27
2015-12-31,-2.382839337259052,-1.8011410984904832,-1.9652942397161441,-0.008342772913002783,0.023737584489968988,0.007618108940731005,0.021172556579074797,0.03761968090435985,-1.9557074416067644,1.1091500128427276,1.1091500128427276,2.850128299695199,-0.015449455682127855,0.19000000000000006,2015-12-31,-1.9474570221544247,0.04930372909228353,-2.5035251983814084,2016-02-02
2016-01-08,-1.7279240013876105,-1.8358795012729792,-1.9331308000865397,0.04075103998679008,0.03244592533409252,0.029187948740950098,0.043372552425160915,0.00870834084412353,-1.8077516560917475,1.4905776618680924,1.4905776618680924,3.218475744846861,-0.002542072617059077,-0.020000000000000018,2016-01-08,-1.8952258115143443,0.08102638211477764,-2.6017233625756995,2016-02-09
2016-01-15,-1.8383931182478601,-1.7992216886254018,-1.925688948055197,-0.015255811304792033,-0.010734294957830848,0.01286099842066779,0.03156711845183979,-0.043180220291923366,-1.8493785855607843,-0.5649100815592395,0.5649100815592395,3.175968323856924,0.008818618074048601,-0.13,2016-01-15,-1.4935177306180236,0.10489877862414243,-2.128033623257124,2016-02-17
2016-01-22,-2.087556711381701,-1.9822777441707384,-1.9142176932564416,0.01903723860534523,0.0047351102681076895,0.02302495033513985,0.038598126472930705,0.0025848438369653337,-1.8763170810629475,0.15691878168743925,0.15691878168743925,3.284288963416433,0.006075337482775112,-0.010000000000000009,2016-01-22,-1.3969341594930555,0.09985897776343577,-1.9973087749273746,2016-02-23
2016-01-29,-1.9813392201912992,-1.9199869769808662,-1.8992697223759525,0.01840105683645632,0.0028278806986654637,0.053091114681284246,0.024730996712246434,-0.0019072295694422259,-1.9961471628164582,0.0507312083675853,0.0507312083675853,3.109953417644014,0.004170736536009301,-0.21000000000000008,2016-01-29,-1.4061927695192946,0.08613943015247205,-2.001978288947782,2016-03-01
2016-02-05,-1.7413407740954427,-1.9191211659966751,-1.8934126469241972,0.04899053056650082,-0.004728075854684821,0.05649873503647296,0.004985181543230688,-0.007555956553350285,-2.046071084826777,-0.29532134247661773,0.29532134247661773,3.083743150876704,-0.027704292301807598,-0.14,2016-02-05,-1.436694728391842,0.05760732482365594,-1.9937754067630369,2016-03-08
2016-02-12,-1.1917144881981383,-1.6178067849728164,-1.7492031784561566,0.052378895128267544,0.008048444094921337,0.13880772113656992,0.010883359207009669,0.012776519949606158,-2.2901449813474257,0.32942893597228035,0.32942893597228035,3.337192051686243,-0.03465823551069924,-0.2,2016-02-12,-1.6945831625165593,0.027415479742386673,-2.175924714769251,2016-03-15
2016-02-19,-1.247832321843822,-1.4417546465022981,-1.6672666159940244,-0.012508578672613346,0.008445176421723932,0.10850282710378245,0.02446762217028997,-0.011949341011819214,-2.32918375522517,0.33315625064239907,0.33315625064239907,3.074543453978281,-0.02183314090238664,-0.17999999999999994,2016-02-19,-1.779017850026247,0.02960336682591347,-2.340133875594206,2016-03-21
2016-02-26,-1.742497440905361,-1.4171357182034305,-1.6503200222671255,-0.004005299281124586,0.039267318445843635,0.09459315918369882,0.06196969628426752,0.030822142024119703,-2.0796440804545813,1.8682426812115924,1.8682426812115924,2.950211758252182,-0.01641303565954022,-0.3,2016-02-26,-1.692793995407285,0.001010975198244779,-2.0882360751347386,2016-03-29
2016-03-04,-1.7682522900092286,-1.396151227327403,-1.67634568375118,0.02886798638428889,-0.02256793403773205,0.08633285385582745,0.04553907826337866,-0.06183525248357569,-2.0132281012372584,-1.2207463457004177,1.2207463457004177,2.8154087194227095,0.0028738475944676267,-0.2,2016-03-04,-1.686553763622466,-0.02914775595358776,-2.004223946108819,2016-04-05
2016-03-11,-1.6939239259302652,-1.5618061936303897,-1.6490580672613095,-0.009418675436457136,-0.006704972198505299,0.002935432994093823,0.018439588631330217,0.015862961839226752,-1.9658265454288049,-0.4206123412936482,0.4206123412936482,2.89314568477889,0.001875394444581957,-0.04999999999999999,2016-03-11,-1.7645405553331084,0.01832600254771677,-2.2281814249379863,2016-04-12
2016-03-18,-1.6885633826526039,-1.722200337273696,-1.6671784718463531,0.0032607309414629526,-0.017580323615758342,0.018704742608170122,-0.007585911406152057,-0.010875351417253043,-1.8477648324332039,-0.9282669287738581,0.9282669287738581,2.67000213346468,-0.022847948376840677,-0.16999999999999998,2016-03-18,-1.7550052891337267,0.0051983243093349785,-2.110815088199993,2016-04-19
2016-03-24,-1.7531057985486034,-1.716866076520634,-1.6417838423051385,-0.03214347130101736,0.017207504913562044,-0.013575417344235063,-0.014962411856314084,0.051230071697574875,-1.7914491750037476,0.7490771854518761,0.7490771854518761,2.7040421797046714,-0.014573107034321353,-0.09000000000000002,2016-03-24,-1.8295796223668832,0.01388264743831602,-2.281791746183993,2016-04-25
2016-04-01,-1.7507511120030244,-1.7216631033108012,-1.623357465521969,0.005144472193276961,0.011401020315567223,-0.03198120738746546,-0.02088540377312853,-0.005806484597994821,-1.783001887471506,0.4412319325610717,0.4412319325610717,2.6354795082673745,-0.03755631033807294,-0.17,2016-04-01,-1.801227596267116,0.0592511840410026,-2.478015294486463,2016-05-02
2016-04-08,-1.890159714135893,-1.7059433290238286,-1.6274373775683777,0.012746603548120738,-0.006590997133623766,-0.025592191470353853,-0.01200503868850733,-0.01799201744919099,-1.8974743781037477,-0.4538310622260621,0.4538310622260621,2.7825390530929495,-0.028073795587787664,-0.27,2016-04-08,-1.8085464790153603,0.005152103350923198,-2.1903326584555596,2016-05-09
2016-04-15,-1.801380736378794,-1.7957574192180998,-1.6292436299586386,-0.004315658397162636,-0.06018125752996495,-0.018568053956782293,-0.03816372943445945,-0.05359026039634118,-1.8156440750684089,-2.9270479100519697,2.9270479100519697,2.6188546222977394,-0.010377973105776483,-0.12,2016-04-15,-1.8537100266565238,0.03390159487478961,-2.337345682873163,2016-05-16
2016-04-22,-1.8937171976653628,-1.8302943340411222,-1.6195447006328076,-0.00025443178634709795,-0.04329901118532842,0.013320985557887965,-0.09867024553334991,0.01688224634463653,-1.7111567801059557,-1.9813680457197442,1.9813680457197442,2.6354795082673745,-0.01521146105912674,-0.06,2016-04-22,-1.8865629219705993,0.00959602784765945,-2.2580134715543756,2016-05-23
2016-04-29,-1.634937171847143,-1.7934836216096839,-1.5982861981453838,0.047703025180992675,-0.0030325037174971925,0.05587953854560368,-0.11310376956641432,0.040266507467831225,-1.7955027460670832,-0.12184198792325354,0.12184198792325354,2.7226103524335397,-0.00881337489673939,-0.04000000000000001,2016-04-29,-1.9927354365065053,-0.06002637866782479,-2.0753793333481245,2016-05-31
2016-05-06,-2.4881665626736806,-1.8710739871109785,-1.6244595930759775,-0.0038083035713567526,0.017019607613045107,0.03932463142612619,-0.08949316481974545,0.0200521113305423,-1.7645165975143087,0.7608676541387261,0.7608676541387261,2.7669478423496954,-0.007436606774961163,0.010000000000000009,2016-05-06,-1.929129748801768,-0.015284064358985106,-2.3094642679419177,2016-06-07
2016-05-13,-1.7419266247580816,-1.8532514354168306,-1.7853701706982856,-0.012005544372112986,0.009265295616059266,0.03163474545117584,-0.020046611673721237,-0.007754311996985841,-1.9149469080712809,0.39627868936721716,0.39627868936721716,2.667922410011431,-0.008040692205139699,-0.09,2016-05-13,-1.8890558403584863,0.007932278518196334,-2.350920406975379,2016-06-14
2016-05-20,-2.0573349511060064,-1.8865068712914745,-1.806166921290672,-0.01656901474886041,0.02034484800204739,0.015320162488662525,0.04359724751365457,0.011079552385988123,-2.0932005223301675,0.8806713253969498,0.8806713253969498,2.7930039069823738,0.007267423039863274,0.04999999999999999,2016-05-20,-1.7871596200836237,0.012239390097103175,-2.2257122409086025,2016-06-21
2016-05-27,-1.9499472929209456,-1.9938879414855992,-1.823668727123278,-0.03476316820582159,-0.015457598364052583,-0.06714603089815174,0.03117215286709918,-0.03580244636609997,-2.0698894419964606,-0.7710493966351306,0.7710493966351306,2.5974910105351463,0.014926398231690285,0.13,2016-05-27,-1.4580047990308471,0.07676318592208187,-2.3715068166176994,2016-06-28
2016-06-03,-1.5818918964184268,-1.79581466073558,-1.7736904657296229,0.019536809541803812,0.014398716974443726,-0.026480090316072236,0.02957446894561855,0.03325437251212193,-2.0604364726729476,0.6070276911841231,0.6070276911841231,2.612273245708441,0.02522118724542466,0.11000000000000001,2016-06-03,-1.5087169303245511,0.08499822076648744,-2.376233771308292,2016-07-05
2016-06-10,-2.159805631493891,-1.8986009148829406,-1.8479260909571444,0.02377304765266608,-0.031069362505232512,0.004775589133860336,-0.011733527203604321,-0.04546807947967624,-1.948274949145625,-1.4607494343532117,1.4607494343532117,2.6837575085331657,0.0029799807282975266,-0.020000000000000018,2016-06-10,-1.4916926265090373,0.036114274281964676,-2.1547555460980705,2016-07-12
2016-06-17,-1.9723606630868764,-1.8871360893676148,-1.8669091495314571,0.017990628342025694,0.011342032690893067,0.033470388728307654,-0.024184268377573925,0.04241139519612558,-2.024977228810451,0.5169653910216031,0.5169653910216031,2.9637254774189046,-0.005378363949597897,-0.11000000000000001,2016-06-17,-1.5175702696863187,0.03194904776519181,-2.1900292377195845,2016-07-19
2016-06-24,-0.988401525251814,-1.4653503993868564,-1.7047007492241406,0.016403673091156534,-0.0009153032490902824,0.07770415862765212,-0.006243916088986001,-0.01225733593998335,-1.8374587404843763,-0.036008610464245805,0.036008610464245805,2.847812143477369,-0.019272088648504493,-0.04999999999999999,2016-06-24,-1.9419764466959721,-0.005382317127989644,-2.247317609907437,2016-07-26
2016-07-01,-1.928461204302362,-1.5174810321997094,-1.7090210082813087,0.018946391410584518,-0.0849921785032981,0.07711374049643283,-0.10563481156672783,-0.08407687525420782,-1.490919737121144,-3.8655124307753663,3.8655124307753663,2.749192144433385,0.006051159208047885,-0.18000000000000002,2016-07-01,-1.947931213630111,0.0061600490074207315,-2.3123639825075517,2016-08-02
2016-07-08,-1.9728002048527806,-1.5301877942873099,-1.718421525508612,0.031521368915265136,-0.04186638927873565,0.07367197464167408,-0.08073889067603135,-0.013654043243630287,-1.4860830831515042,-1.6742222239821678,1.6742222239821678,2.6919208191723265,0.028856314737794264,-0.15,2016-07-08,-1.8958072555884327,-0.014412206578625408,-2.1757393907720126,2016-08-08
2016-07-15,-1.8141820526603212,-1.4927592391640945,-1.717612288735251,-0.02860008366100164,-0.021289377865934878,0.03579548520693354,-0.12106679292583333,0.020577011412800772,-1.473490944741442,-0.7758897513198475,0.7758897513198475,2.551006451492524,0.01541801166174217,-0.05,2016-07-15,-1.9999739752556365,0.006277448666494045,-2.3497859844802154,2016-08-15
2016-07-22,-1.8438833860995585,-1.5082421174104466,-1.6994453303120993,-0.0038705990406660007,0.01785210134076287,0.05064782710959559,-0.07351601183901302,0.03914147920669775,-1.4569474401625861,0.8268442212753522,0.8268442212753522,2.5447466501440172,0.03439935183878706,-0.2,2016-07-22,-2.168254715501742,0.01824332972038256,-2.5432924797427767,2016-08-22
2016-07-29,-1.908644276086717,-1.8811856673657061,-1.721243854932889,0.02060149869964434,-0.015172978850266805,0.019652184913241832,-0.06047664465417446,-0.033025080191029677,-1.6407040006016826,-0.5322695138356461,0.5322695138356461,2.543175557911976,0.010077496831162769,-0.1,2016-07-29,-2.3118593023340046,-0.022856334057508754,-2.434366304082949,2016-08-29
2016-08-05,-1.9282253277421286,-1.8715744930845453,-1.7338672149706331,-0.011148851943450389,0.022485495893055596,-0.02301803594547369,0.003875240517616785,0.0376584747433224,-1.9970901308686382,1.0083869962175378,1.0083869962175378,2.519308076505333,-0.0059347322197895735,0.07,2016-08-05,-2.2569571873339527,0.009916179064940245,-2.6875552861804235,2016-09-06
2016-08-12,-2.687132989486582,-2.003219047522353,-1.7551486890402108,-0.0011767133986584355,-0.0017110564148397067,0.004405334316869514,0.023453561968711956,-0.024196552307895303,-2.0088762876543607,-0.004720222062656254,0.004720222062656254,2.457877977400081,-0.002292396730733337,0.020000000000000004,2016-08-12,-2.2419801648585653,-0.01648364439207839,-2.5926762491218485,2016-09-13
2016-08-19,-2.4870639199402094,-2.146283918511268,-1.7686675309325892,0.004464115873348717,0.024426954953892466,0.012740049230884232,0.03002841558184155,0.026138011368732172,-2.0417168825316785,1.0679611684964343,1.0679611684964343,2.4362414778067194,-0.0297154766589518,0.009999999999999995,2016-08-19,-2.2784536487412805,-0.01848244955619549,-2.631583587619658,2016-09-20
2016-08-26,-2.514186956505454,-2.3121608563509994,-1.7665848383626712,-0.01511719314386184,0.019818495718070483,-0.022978642612621947,0.06501989015017884,-0.004608459235821982,-2.054435149150496,0.8955716061002651,0.8955716061002651,2.612273245708441,-0.020574077252451417,0.09,2016-08-26,-2.2016956337135776,0.0025304432882995442,-2.7302025111878674,2016-09-27
2016-09-02,-2.2286683971600647,-2.451594158465468,-1.8250064127415562,0.004116834548613113,-0.035711506114556535,-0.007712956120558445,0.006822888142566708,-0.05553000183262702,-1.9953486856538347,-1.4169361130894385,1.4169361130894385,2.601207105484161,-0.0011493717188937325,0.07999999999999999,2016-09-02,-1.9096427154844762,-0.0620192727613178,-1.9813177060819303,2016-10-04
2016-09-09,-1.8734849766958876,-2.2587506765386616,-1.8060947641512142,0.011585584906565138,0.002154165708530442,-0.00723215301887592,0.03863498992290948,0.027059712094902988,-1.8033884997175034,0.1827412134933397,0.1827412134933397,2.5265283244788197,-0.006503093461221354,0.03,2016-09-09,-1.9048526916542694,-0.05212927022707081,-1.9799751849271254,2016-10-10
2016-09-16,-2.61993572728973,-2.2349931672941095,-1.8535842450146478,-0.013423039854020935,0.00047765612118899625,-0.03187115629673176,0.017825109067161726,-0.001676509587341446,-1.8094786240302938,0.09181936016601765,0.09181936016601765,2.791165107812717,0.005999698944711085,0.13,2016-09-16,-1.9149400273655968,-0.04604894687272054,-1.9915735159328833,2016-10-17
2016-09-23,-2.2488383849942415,-2.227152659863983,-2.100343117344237,0.02049855302383552,-0.02439128649132183,0.011186489282551726,-0.046665011047974936,-0.024868942612510825,-1.784169131619703,-0.9197539317138866,0.9197539317138866,2.4865719291070616,0.0069385900760075,0.0,2016-09-23,-1.954682754427776,-0.05636093444610246,-1.986943622432417,2016-10-24
2016-09-30,-2.7741350878911324,-2.2558504523997813,-2.143564584859279,-0.015871485828601095,0.010160327306629302,0.002789612247778628,-0.011599137354973088,0.03455161379795113,-1.7553190624954016,0.502734394035108,0.502734394035108,2.640484881606444,-0.005011450597542932,-0.09,2016-09-30,-1.9425646814060658,-0.02734132314777593,-2.004554882066893,2016-10-31
2016-10-07,-1.3459555031295345,-1.9078946742553389,-2.0346743867375703,-0.04809796215587525,0.04392095550402253,-0.05689393481466176,0.030167652440519,0.03376062819739323,-1.8037929028451725,1.8827754273509516,1.8827754273509516,2.552565298261815,0.01700708592566702,0.020000000000000004,2016-10-07,-2.3403586275824457,0.016425591702828868,-2.605147596059161,2016-11-07
2016-10-14,-2.7702425704165767,-1.9157691148585325,-2.083356432237878,-0.0031785660876453292,-0.0007659644523010378,-0.046649461048286156,0.028924031867028965,-0.04468691995632357,-1.825677661209004,-0.016343317540380053,0.016343317540380053,2.8148097376737438,0.02313256778209105,-0.1,2016-10-14,-1.9913555809045176,-0.030283493880516765,-2.0992337950200857,2016-11-14
2016-10-21,-2.7106431330252367,-1.956063954063708,-2.1255663263677453,0.012240472624204912,0.006820395816104163,-0.05490754144791676,0.06013571417445496,0.007586360268405201,-2.0236768629898934,0.30998412486848237,0.30998412486848237,2.6210388241125804,0.029624943954438265,0.0,2016-10-21,-1.953408850524484,-0.04218458733574426,-2.0593772711217615,2016-11-21
2016-10-28,-2.560465813578764,-1.9432514736943902,-2.137791951870446,0.006187883187878107,-0.006938869601729181,-0.03284817243143756,0.043036517266096475,-0.013759265417833344,-2.1386845506136014,-0.2800410997700694,0.2800410997700694,2.731766727719526,0.034463097565398115,0.11,2016-10-28,-1.8308777403927075,-0.07375482092498498,-1.9175762820089355,2016-11-29
2016-11-04,-2.499275586520627,-2.6232361163513076,-2.181731282350418,0.02284928893404725,-0.011526262736741177,0.03809907865848494,-0.012410700974667233,-0.004587393135011997,-2.329644695085607,-0.459411791737915,0.459411791737915,3.0946722214088944,0.0051594375220638256,0.030000000000000013,2016-11-04,-1.8854412670827199,-0.09185321639791066,-1.9521134281133163,2016-12-06
2016-11-11,-1.458194361324596,-2.0137980308179078,-2.0378514125288003,-0.060393528742006986,-0.0020215332651210005,-0.019115883995876715,-0.013666269787487195,0.009504729471620177,-1.629711918511337,-0.02721151402246227,0.02721151402246227,2.6905648867611904,0.012938943573803208,0.15000000000000002,2016-11-11,-2.1097841408199085,-0.04997512065967591,-2.233298190551073,2016-12-13
2016-11-18,-2.1667113113940406,-1.956201913056663,-2.031241951483126,-0.01679261805518717,0.02917819647480835,-0.048148974675268796,0.00869153087121699,0.03119972973992935,-1.5533657540967047,1.245133179139942,1.245133179139942,2.5915163848462583,0.025803346216738632,0.33999999999999997,2016-11-18,-1.9855477632230976,-0.06977804844478896,-2.0709208246861737,2016-12-20
2016-11-25,-1.816378425825666,-1.856404566221221,-1.9919656249908093,-0.031124092634546408,-0.01777784837045404,-0.07194267733431747,-0.0039313414526915835,-0.09051139361726968,-1.5296966414096924,-0.7004256785030271,0.7004256785030271,2.5201129055226197,0.030651825928489806,0.36,2016-11-25,-2.1856738953822537,-0.04713955547147375,-2.2776583435940747,2016-12-27
2016-12-02,-2.0229006336674162,-1.8092254026965329,-2.0026750401977043,-0.0041824418762193005,-0.01689715919429924,-0.10294993781545436,-0.007237831084763169,0.000880689176154803,-1.5970247947724647,-0.6485270610528657,0.6485270610528657,2.644044871126298,0.03669026078867699,0.37,2016-12-02,-2.173716426285271,-0.006115129672204844,-2.4134366215128753,2017-01-04
2016-12-09,-2.4128440861018072,-1.9175215547647697,-2.000780201348829,-0.015637937588400597,-0.02444304746263226,-0.08129608862666338,0.013615490219430093,-0.007545888268333023,-1.6223838392673062,-0.9260638399002029,0.9260638399002029,2.5368663887187113,0.02575679488907845,0.2,2016-12-09,-2.0679832105897753,0.02389557623605132,-2.4654051523836413,2017-01-11
2016-12-16,-1.8635411280820051,-1.9815079136161042,-1.9727813495399305,-0.02151603646752598,0.023305793271531705,-0.07246050856669228,-0.035812261755853836,0.047748840734163966,-1.795750443311498,1.034265232144674,1.034265232144674,2.548663615590751,0.02672846133284068,0.30999999999999994,2016-12-16,-2.1499060813433446,0.05535080793872904,-2.9296730364740022,2017-01-19
2016-12-23,-2.6675696850647226,-2.1488529099430416,-1.9695738988114093,-0.001111239532046504,0.02274679113375111,-0.04244765546419238,0.004712377748351315,-0.0005590021377805954,-1.7437912561016338,0.9612006678495731,0.9612006678495731,2.4362414778067194,0.013575084537809978,0.15999999999999998,2016-12-23,-2.097957357361862,0.04238308650934641,-2.7242951243637,2017-01-26
2016-12-30,-2.1673935151726,-2.1815366770671134,-2.0936751225116934,0.01860094422784453,0.009960138195505674,-0.01745466237344573,0.018298264882323334,-0.005629046281444783,-1.7240795644685196,0.4456140642409749,0.4456140642409749,2.5930133911138515,0.011558560493202918,0.12000000000000005,2016-12-30,-2.1222065177521916,0.041925719836566344,-2.7687476161097453,2017-02-01
2017-01-06,-1.9476182576056176,-2.053941919579329,-2.0615569613869575,0.013150964874531823,-0.007521647801860709,-0.0007156439199738074,0.03631395233299228,-0.016752776524188828,-1.780974738029709,-0.24157555194533584,0.24157555194533584,2.4570214462984645,0.010197591536682538,-0.020000000000000018,2017-01-06,-2.192846804530271,0.04163466637540747,-2.8570802543244342,2017-02-07
2017-01-13,-2.5763647493848127,-2.158255605591925,-2.0576966781617756,0.02177461755266208,0.0027747275841027985,0.048251802513462394,0.04762429855541184,0.010296375385963508,-1.7972485511962657,0.18999443398089313,0.18999443398089313,2.4458192610799534,0.003162367485409767,-0.15000000000000002,2017-01-13,-2.2457216266213464,0.009279230054903387,-2.6884396970494033,2017-02-14
2017-01-20,-2.1144514169330577,-2.173059814624124,-2.028388196143443,0.009958147945898332,-0.00748781997152248,0.06518194471970862,0.004711679283290415,-0.009759684925821244,-2.306366729904527,-0.23164223049636745,0.23164223049636745,2.5478814489493886,-0.01948270400605079,-0.25000000000000006,2017-01-20,-2.2805258302543,0.016785519365553725,-2.780044509744077,2017-02-21
2017-01-27,-2.249257265896704,-2.0994241205544926,-2.016570049025004,-0.013652134516890513,-0.015503340194469306,0.04165204987716464,-0.02329754117295524,-0.008015520222946826,-2.3082526575386,-0.5547713057332072,0.5547713057332072,2.363680192353857,-0.025960154687235892,-0.14999999999999997,2017-01-27,-2.314796691481477,0.04511916239476399,-3.1240561831013465,2017-02-28
2017-02-03,-2.180034827089068,-2.225515614868228,-2.041083275116025,0.022995521116764728,0.001646714449665243,0.031046133306383616,-0.01907258076202778,0.01715005464413455,-2.387935368592316,0.1646418115535838,0.1646418115535838,2.4790562361098245,-0.02814304263913403,-0.03999999999999998,2017-02-03,-2.4194742862778056,-0.016447160230397273,-2.627926227786337,2017-03-07
2017-02-10,-2.1157897593814554,-2.1618713435830994,-2.111483459377777,0.012578792882625756,-0.014216544137131137,0.0318803274283983,-0.03556098985345768,-0.01586325858679638,-2.3430078612737923,-0.48839887876008103,0.48839887876008103,2.3869262414277967,-0.01116444192109256,0.019999999999999962,2017-02-10,-2.4653337705581153,-0.023212546109400378,-2.6457395276182494,2017-03-14
2017-02-17,-2.608302230459779,-2.2565445100545856,-2.1252150640937115,0.0006800563970843498,-0.0016673043209207705,0.02260223587958432,-0.02974047420285597,0.012549239816210367,-2.3593998848445183,0.04662878231176789,0.04662878231176789,2.464703942470481,-0.007044020102567217,0.0,2017-02-17,-2.2015032146069395,0.006686731186527517,-2.6603605926085114,2017-03-21
2017-02-24,-2.5142680113026237,-2.3164233914327914,-2.1921052678344557,0.013626210709812625,-0.0008458222183072017,0.0553025075219189,-0.03296353369576055,0.016041202859458092,-2.343005792641685,0.0900544184544773,0.0900544184544773,2.460443177609626,0.01014534525638311,-0.10000000000000003,2017-02-24,-2.255652075780571,0.0034359642443408944,-2.6892390042060295,2017-03-27
2017-03-03,-2.342199563192719,-2.3625885394631645,-2.2061256255558406,-0.01846513254388782,0.005968897828838138,0.014313557501094643,-0.010732479715858112,0.0068147200471453395,-2.14856034661572,0.40428374489872465,0.40428374489872465,2.468946630209271,0.02536796364054794,0.04999999999999999,2017-03-03,-2.315048439936345,0.022282425327011524,-2.9195031762631505,2017-04-03
2017-03-10,-2.3485398002587683,-2.444677813984144,-2.1998954724889392,-0.02402906703295926,0.02608706084300172,-0.022155120847059173,0.014323111375767361,0.02011816301416358,-2.0446787529881263,1.219415154258144,1.219415154258144,2.509599262378372,0.015534866574039796,0.21999999999999997,2017-03-10,-2.392679552247106,0.04031289908456248,-3.2730615364457494,2017-04-10
2017-03-17,-1.9604889013844495,-2.2466997547039473,-2.216338059677617,0.019594055307541325,-2.642114307738197e-05,-0.00927393355949313,0.031183715310455273,-0.0261134819860791,-2.076477775823974,0.10781907689343162,0.10781907689343162,2.4168062370840686,-0.00903459782306637,0.06,2017-03-17,-2.4798802166266194,0.044196411891526566,-3.3733521270245155,2017-04-18
2017-03-24,-2.615213534270199,-2.2602639811122676,-2.216067074943153,0.015857892273992036,-0.004575520877430961,-0.00704225199531372,0.027454016651331514,-0.004549099734353579,-2.056971889582499,-0.10091362526607126,0.10091362526607126,2.574137783515943,-0.012848151264623908,0.11000000000000004,2017-03-24,-2.3800191322840605,0.006005533308505839,-2.7554751352636004,2017-04-25
2017-03-31,-2.5923164171565283,-2.3038765859818757,-2.248640202553354,-0.00117854537228812,-0.02701677319936646,0.010244335176285979,-0.005531654376873085,-0.0224412523219355,-2.329909309493031,-1.0025560374352172,1.0025560374352172,2.4458192610799534,-0.017669807546055516,-0.019999999999999962,2017-03-31,-2.362678206365193,0.0025104871073056145,-2.7129513732464647,2017-05-02
2017-04-07,-2.9701781411308508,-2.392656635875408,-2.316030594992039,0.006213789939004677,0.019049398422017916,0.04048719214824992,-0.012569316797856889,0.04606617162138438,-2.316168793557261,0.9345697327112092,0.9345697327112092,2.516889695641051,-0.011653305138536574,-0.20999999999999996,2017-04-07,-2.1748921825473033,-0.02896042062290949,-2.381952094272712,2017-05-09
2017-04-13,-2.1280375829796587,-2.485693386135859,-2.3202682847412994,0.02829205317665462,0.01277001398988098,0.04906340663344011,-0.017569019899636995,0.013188377928277983,-2.3977753386775675,0.6489797293823808,0.6489797293823808,2.758109400974947,0.0003969920277793193,-0.12,2017-04-13,-2.3171881575194626,-0.042616512491311376,-2.3883729448809183,2017-05-15
2017-04-21,-2.544540426264735,-2.4733715275026973,-2.3233786772123985,-0.002368225517651368,0.027156362544368484,0.030212269291220117,0.009433820589783704,0.014386348554487505,-2.279691849575187,1.262181413812207,1.262181413812207,2.649714624089247,0.0010026920982477705,-0.03999999999999998,2017-04-21,-2.155969131905533,-0.013091593051448136,-2.4340366511763207,2017-05-22
2017-04-28,-2.3042919160837374,-2.400517038046515,-2.3479974010333837,-0.01267090304726981,0.030553185986976317,0.01922810822062715,0.07006119858282878,0.0033968234426078325,-2.253444123440708,1.3754516424430199,1.3754516424430199,2.337952236831337,-0.00924256288636549,-0.019999999999999962,2017-04-28,-2.1995965209264097,0.003919785057121317,-2.5735250269795498,2017-05-30
2017-05-05,-1.9677391555481896,-2.1925778022926763,-2.3194397995358473,-0.031628463003509744,0.018696574077903705,-0.018375538391776303,0.08917613659912949,-0.011856611909072612,-2.1891211257274312,0.8001147085414321,0.8001147085414321,2.347558458636777,-0.01806185389638504,0.13,2017-05-05,-2.260647854876364,0.05296212424595925,-3.1149586430195324,2017-06-06
2017-05-12,-2.8623039132695194,-2.3161346574827677,-2.33446391631667,-0.0015395170858161222,-0.006045459406279097,-0.048207108654247044,0.07036066320296941,-0.0247420334841828,-2.3094276870125476,-0.2816940680390903,0.2816940680390903,2.3608540011180215,-0.011576935924172638,0.13,2017-05-12,-2.2103214495724437,0.028113996463386748,-2.828184212909926,2017-06-13
2017-05-19,-1.9011391797382728,-2.1425700406636445,-2.2665734737361163,0.02175931133618736,-0.0017263694554556785,-0.024079571800408317,0.041477931203145246,0.004319089950823418,-2.149767276748112,-0.07573515084827402,0.07573515084827402,2.6851226964585053,-0.01922553968518237,0.03999999999999998,2017-05-19,-2.4325944340615218,-0.0144491862599061,-2.7557587218478905,2017-06-20
2017-05-26,-2.433860432528856,-2.163658242244165,-2.28062685320617,0.009502441912057513,-0.018947222620438797,-0.0019062268410809935,-0.008022477404269868,-0.01722085316498312,-2.208793820423072,-0.8054750698936047,0.8054750698936047,2.301584592660462,-0.018642640603170335,0.06,2017-05-26,-2.4432231891926324,-0.011132166420312117,-2.7134282495178184,2017-06-27
2017-06-02,-2.411409474985474,-2.3339754489179767,-2.294600617280221,0.017670186567729118,-0.00426857351049259,0.04044174988226956,-0.032044677364515994,0.022671861592757026,-2.210571402172138,-0.1614047212888751,0.1614047212888751,2.2915241456346207,-0.020468126363927475,-0.06,2017-06-02,-2.279985450181301,-0.04743978419387407,-2.4015114379591616,2017-07-03
2017-06-09,-2.128156958400648,-2.2041796687644535,-2.3203221396754405,-0.00883755236171968,0.010025158286580016,0.03409038264435882,-0.018238029108820886,0.014293731797072606,-2.2109368150968707,0.46830562952387067,0.46830562952387067,2.318458442150336,-0.027978833552301907,-0.15000000000000008,2017-06-09,-2.3861006034482792,-0.04017828142331403,-2.442786792663423,2017-07-11
2017-06-16,-2.9826745304628184,-2.4501007729322484,-2.3364216276877565,-0.010005124242532304,0.02055545265744696,0.004450973486214593,-0.0006283976697152305,0.010530294370866944,-2.2980776531692877,0.8971834918568083,0.8971834918568083,2.388762789235098,0.00010266498658051404,0.04999999999999999,2017-06-16,-2.3546841270159566,-0.0027056725188394637,-2.5369983475988596,2017-07-18
2017-06-23,-2.6403228521558457,-2.448533462166585,-2.327025828820741,0.0007538968280220715,0.0007538968280220715,-0.00041859320850079484,0.027065934261556457,-0.01980155582942489,-2.4546403202002307,0.01400007781965059,0.01400007781965059,2.349468678892896,0.0030804321887973884,0.010000000000000009,2017-06-23,-2.381101887332585,0.004720150043783455,-2.618472634158329,2017-07-25
2017-06-30,-2.528336964488288,-2.477426827199378,-2.3190526983957533,-0.011876355050350895,-0.006796983894421071,-0.029965134826580808,0.024537523877627976,-0.007550880722443143,-2.497165307890744,-0.3182864503590005,0.3182864503590005,2.437115985951652,-0.016284130429181864,0.15000000000000002,2017-06-30,-2.550602048548692,0.038528083913682565,-3.2431375846350536,2017-08-01
2017-07-07,-1.9549948571409397,-2.3285918839313084,-2.284390967248682,-0.026028874721064632,0.0396546138502325,-0.05378414067048176,0.05908378262341207,0.047896434343329464,-2.1547222290876316,1.8615516582500455,1.8615516582500455,2.5289235352047745,-0.009658903639801153,0.20999999999999996,2017-07-07,-2.6082585924753285,0.03438930121833028,-3.4361570281896383,2017-08-07
2017-07-14,-2.715150552723353,-2.361485773420232,-2.3035138572549405,0.01284221823713061,-0.010640939885824263,-0.021602797749553204,0.030088307755513632,-0.050295553736056764,-2.1602367421196584,-0.6718457319128,0.6718457319128,2.2925347571405443,-0.012560491577000121,0.13999999999999996,2017-07-14,-2.436279712380527,0.03871556858075653,-3.2090428372862703,2017-08-14
2017-07-21,-2.462993652395156,-2.319843129098109,-2.312365333094809,0.02109984226797046,-0.01280173892017844,0.002855018874808657,0.007970114551132834,-0.002160799034354177,-2.195128906553919,-0.7901992911392497,0.7901992911392497,2.259677591982769,-0.034304578524772644,0.0,2017-07-21,-2.411008828305426,0.028506119728221258,-3.0127953586314553,2017-08-21
2017-07-28,-2.5058609219953287,-2.323810951163458,-2.3508644065470787,0.011919293251203555,-0.0014524458027187492,0.01983247903523999,0.014759489241511048,0.011349293117459691,-2.243304944751951,-0.202444411863424,0.202444411863424,2.3135250330323798,-0.02306460411810285,0.0,2017-07-28,-2.290802285856958,0.03210838405562022,-2.9667320310709573,2017-08-28
2017-08-04,-2.8309911039335915,-2.6067036514128494,-2.3693523510766754,-0.008654467751307848,0.018920238492903252,0.037206886004996775,-0.005974886115818201,0.020372684295622,-2.4157687435241186,0.8314822191641016,0.8314822191641016,2.3456445824544927,-0.03191706196821098,-0.14999999999999997,2017-08-04,-2.182416892322752,0.06440251494958904,-3.143672029058516,2017-09-05
2017-08-11,-2.225312471889953,-2.4623111848284123,-2.40488544640308,0.02590475952122695,-0.02418494726763898,0.050269427289093116,-0.019518893497632916,-0.04310518576054223,-2.302445077932105,-1.3707782244498712,1.3707782244498712,2.7750856024383683,-0.024640402453114163,-0.17999999999999994,2017-08-11,-2.1540343917387674,0.037351407808995596,-2.75528529289449,2017-09-12
2017-08-18,-2.3181078434656914,-2.4220209992916946,-2.3979940570500546,-0.0039985189822875356,0.0003398636407792033,0.02517106603883512,-0.006377290936675273,0.024524810908418182,-2.0064810520929908,-0.09367981178636865,0.09367981178636865,2.744060638625243,-0.006918904588801844,-0.08000000000000002,2017-08-18,-2.1369686132661463,0.015037882002515879,-2.6111788973260524,2017-09-19
2017-08-25,-2.812991049264452,-2.473052174300668,-2.4070584239141275,0.0035912119102583517,0.0029702725190623447,0.016842984697889918,-0.001954572614894179,0.0026304088782831414,-1.993879198583676,0.07615298985967539,0.07615298985967539,2.503891949699081,-0.006198607353315566,-0.04999999999999999,2017-08-25,-2.1052059046370912,-0.01250876206180429,-2.4043302779981874,2017-09-26
2017-09-01,-1.9605425719910818,-2.246052639667375,-2.3715785719869458,0.0266896851615126,-0.011073567399989326,0.052187137610710366,-0.03194837850778676,-0.01404383991905167,-2.0685360458611166,-0.6583362153118221,0.6583362153118221,2.359910159613315,-0.0015095904621515999,-0.10000000000000003,2017-09-01,-2.1504989356764144,-0.0534179685100975,-2.2963754160139636,2017-10-03
2017-09-08,-2.166356366594302,-2.2198744263188637,-2.3390324279327475,0.016943559272094788,-0.005035397253407847,0.0460550020300019,-0.004558217519216257,0.004455755776877179,-2.2338654234282296,-0.37121490858986117,0.37121490858986117,2.446685436967803,-0.021508507208414684,-0.15999999999999998,2017-09-08,-2.256632308558135,-0.03311214447692823,-2.435326737350699,2017-10-09
2017-09-15,-2.086468460595651,-2.1723669849423315,-2.2922996025126663,-0.019251106882760105,0.004531203235408565,0.024515387546168554,-0.006030663236417322,0.009566600488816412,-2.895072505111797,0.16911878271786357,0.16911878271786357,2.3456445824544927,-0.014762351085647829,-0.10000000000000003,2017-09-15,-2.3018650629099064,-0.011240156987301297,-2.5472575102701263,2017-10-16
2017-09-22,-2.2159157774175875,-2.0936577549883513,-2.270101329268906,-0.01841110771116128,0.01648693017067515,0.007738375706757061,0.006491583122390843,0.011955726935266586,-2.7174655027192154,0.8134315073930362,0.8134315073930362,2.269028309465203,-0.009600412144342485,0.020000000000000018,2017-09-22,-2.381750179561508,-0.022166260599296272,-2.5693995664878497,2017-10-23
2017-09-29,-2.0127334955186957,-2.114338776920091,-2.2626416036527432,-0.013561159013493196,0.005942414579517941,-0.03427981433531979,0.02192515073219381,-0.01054451559115721,-2.6574254428267112,0.21164301077699935,0.21164301077699935,2.256541154492639,0.002258419970608827,0.04999999999999999,2017-09-29,-2.5345204945634094,0.0029764438628516743,-2.851647843017067,2017-10-30
2017-10-06,-2.6254641107488776,-2.1870553633992773,-2.2668581139059865,-0.004038456857665906,-0.011002752800601812,-0.055261830465080486,0.015957795184999846,-0.016945167380119752,-2.6014090630152618,-0.7395492525837548,0.7395492525837548,2.2181159363675955,0.026202375986870585,0.22999999999999998,2017-10-06,-2.5374862927974213,-0.0035285007622363196,-2.837179463189125,2017-11-06
2017-10-13,-2.474171269139303,-2.27717223095974,-2.2661025943958895,0.022294855103010214,-0.012426516309739455,-0.013715868479310167,-0.0009999243601481744,-0.0014237635091376433,-2.601928713496985,-0.7906902565949262,0.7906902565949262,2.2935443483418965,0.010796908710461572,0.09000000000000002,2017-10-13,-2.5478739486378306,-0.013591200453715757,-2.7795634933843254,2017-11-13
2017-10-20,-2.3393077264400066,-2.309067394702287,-2.2594168263150713,-0.018009687614578773,0.0023049491827791257,-0.013314448382727662,-0.0151819053480442,0.01473146549251858,-2.6969325121200978,0.08091947629817922,0.08091947629817922,2.307572634505085,0.010887775463069183,0.04999999999999999,2017-10-20,-2.3974766080365653,-0.004031147673801527,-2.689108715860621,2017-11-20
2017-10-27,-2.5930178539341417,-2.494978681625937,-2.2503976215676467,-0.005855437770087235,0.004772988477080187,-0.005608727139321701,-0.016351331450481954,0.002468039294301061,-2.87191609252554,0.22738261881123173,0.22738261881123173,2.424802725718295,0.016196457378642393,0.12999999999999995,2017-10-27,-2.3986424550073138,0.013774099388705885,-2.811883534423802,2017-11-28
2017-11-03,-2.9532854068888397,-2.543569105495471,-2.2931102518436792,-0.0023186394483705186,-0.0029469918979363463,-0.003888909730026313,-0.008295570547816489,-0.007719980375016533,-2.338665283838447,-0.24196885838152332,0.24196885838152332,2.295560478057081,0.007739273731642626,-0.010000000000000009,2017-11-03,-2.358253171091899,-0.01099322410755832,-2.631165418479817,2017-12-05
2017-11-10,-2.346247896990385,-2.503359613748146,-2.2994419989592676,0.004219195560670741,0.002336563496686317,-0.021964569272365786,0.006467509258609283,0.005283555394622663,-2.1700610001980523,0.05738734824658936,0.05738734824658936,2.3513752571634776,0.014075724590503214,0.020000000000000018,2017-11-10,-2.301541989418973,-0.026394216109800084,-2.50803013003028,2017-12-12
2017-11-17,-2.439493614352024,-2.5359068972807277,-2.2809080878965147,0.014181174349596759,-0.008138392266587857,0.010226292691809746,-0.0039758321907577,-0.010474955763274174,-2.172296367990971,-0.5718172882026327,0.5718172882026327,2.464703942470481,0.007051350508191057,0.040000000000000036,2017-11-17,-2.451218885598885,-0.01235861854865039,-2.6874424604216327,2017-12-19
2017-11-24,-1.955274909226619,-2.3921144230616047,-2.283403426762145,0.0075496679314932535,0.010034198065427269,0.016402575458895896,0.0019958408435041264,0.019135963946092183,-2.1490032916895383,0.6049643434125284,0.6049643434125284,2.2905125117597764,-0.0052425933264812485,-0.08000000000000007,2017-11-24,-2.475054470446439,-0.008667308507135374,-2.6962338608830123,2017-12-26
2017-12-01,-2.5026221540956928,-2.3359477990573083,-2.33942352863725,-0.005985859936091131,0.028816779103870704,0.003295117064144648,0.043679175405190396,0.018782581038443436,-2.2405484887879936,1.7728981864499387,1.7728981864499387,2.423031246069913,-0.019273317033371207,0.07000000000000006,2017-12-01,-2.3877589149965655,0.029595651025759118,-2.8656701599600582,2018-01-03
2017-12-08,-2.203428672645225,-2.2695227409724263,-2.348608242647187,-0.02591050089694047,0.011483143973006982,-0.030341830401114933,0.04123235526164004,-0.017333635130863723,-2.468083382937922,0.5978244442194816,0.5978244442194816,2.318458442150336,-0.01134267380888243,0.04999999999999999,2017-12-08,-2.5565536337198025,0.05778431400385564,-3.882781405496822,2018-01-10
2017-12-15,-2.647330295568457,-2.2555674050092622,-2.3821052556393476,0.005890759586583805,-0.006729772093011732,-0.018455933314954542,0.04360434904929322,-0.018212916066018714,-2.3747738955758684,-0.6367020846946191,0.6367020846946191,2.3504224224082058,-0.003416978259453529,0.0,2017-12-15,-2.440619558221911,0.04993094718195312,-3.3349950214211326,2018-01-18
2017-12-22,-2.9162039036825655,-2.5019762726926498,-2.4591860983828777,0.014659617152525506,-0.0017073607204380892,-0.01134598409392229,0.031862790263427865,0.005022411372573643,-2.3856510655384784,-0.26208772005201375,0.26208772005201375,2.263844264677615,0.0006434054762847197,0.07000000000000006,2017-12-22,-2.325915815797615,0.049661879037389056,-3.1507199967559303,2018-01-25
2017-12-29,-2.4228193045191695,-2.4907987330064247,-2.4452535787274186,0.027383281554928196,-0.021969860998734436,0.020838368348841563,-0.009640152237463617,-0.02027880528116377,-2.548924670231547,-1.6475936077347995,1.6475936077347995,2.3204250111223765,-0.007102189112396573,-0.06000000000000005,2017-12-29,-2.4213196429481503,0.019779125570924094,-3.001730017360176,2018-01-31
2018-01-05,-2.247029639358058,-2.4089856509804486,-2.4300533639165427,0.01998618668677654,-0.0011983566416309266,0.04287536973231987,-0.028674867537910043,0.016976241125703506,-2.6567367671217106,-0.18437380542702728,0.18437380542702728,2.2213750375685026,-0.016520365081423627,-0.04999999999999999,2018-01-05,-2.242744604166905,0.000558456245498995,-2.5606391334054392,2018-02-06
2018-01-12,-2.342724824124039,-2.4786746351402065,-2.4243815450795525,0.012921795773707778,0.009843852761322047,0.06332103926935506,-0.008001403321176603,0.011042209402952974,-2.8091666700018165,0.5641537988490636,0.5641537988490636,2.2905125117597764,-0.024201235327421244,0.030000000000000027,2018-01-12,-2.3042340272885515,-0.008608119001647374,-2.556901865076705,2018-02-13
2018-01-19,-2.2103991389555504,-2.4249712257509235,-2.4240740306045923,0.00778210649541311,0.00528684575936067,0.05361906845142528,0.0005206363887091392,-0.008201566951156813,-2.9114359187155197,0.2367080112615608,0.2367080112615608,2.503073953743449,-0.03474830596904166,0.06999999999999995,2018-01-19,-2.1050760120314,-0.0032425483200961835,-2.4424097090716987,2018-02-20
2018-01-26,-2.251146053298933,-2.3349792399008225,-2.3960266946349607,0.01296736406691057,-0.009214729695763868,0.04667250337391948,0.004351295539261724,-0.014501575455124538,-2.4982024398083387,-0.7743029959811858,0.7743029959811858,2.449279472144849,-0.042382502014556955,0.030000000000000027,2018-01-26,-2.1418915036504433,-0.017586014516556503,-2.397579482743999,2018-02-27
2018-02-02,-2.129812863264776,-2.3125969872343477,-2.357636327169149,-0.013204686797240406,0.033576528187431176,0.00738538445868997,0.04313705696154546,0.042791257883195044,-2.078521233315621,2.194678767947034,2.194678767947034,2.6004649904222727,-0.038604643942311334,0.21000000000000002,2018-02-02,-2.190922620361669,-0.0014215790318079513,-2.5622622022938293,2018-03-06
2018-02-09,-2.458953299622568,-2.248716408529438,-2.3498662674524886,-0.012900344311966627,0.004491366347932679,-0.005355560546883353,0.03414001059896066,-0.029085161839498497,-2.0374446695588477,0.11547188008271167,0.11547188008271167,3.510350695558678,-0.02300713240557606,0.24,2018-02-09,-2.2498050792954842,0.003264952374548713,-2.6673068168002083,2018-03-13
2018-02-16,-2.014637783017611,-2.1878951654422494,-2.3400280946272187,0.025245692408568665,0.003393974598655536,0.012108025366272201,0.03224713943825552,-0.0010973917492771434,-2.011452542791618,0.023091160937538536,0.023091160937538536,2.9512577834521614,-0.02133090761966905,0.22000000000000008,2018-02-16,-2.5966041137032634,-0.015406414011622793,-2.86839905944995,2018-03-20
2018-02-23,-2.202263505190547,-2.1816941616620604,-2.3133347317751483,-0.017602257520868747,0.00271588238090148,-0.014403474591661691,0.030745216439843404,0.00456676695617908,-2.1500378315388766,-0.03222312316237668,0.03222312316237668,2.929592471049446,0.006034896705305215,0.2300000000000001,2018-02-23,-2.2430381782502784,0.01436841632716046,-2.8825105018507884,2018-03-26
2018-03-02,-2.439259903762759,-2.160197634998522,-2.3082389869004243,-0.005963521062000154,-0.004037373922665122,-0.021148171292341367,0.022241191765505874,-0.0067532563035666016,-2.201461309489946,-0.4996750196879256,0.4996750196879256,3.112181086197238,0.013262969135413805,0.09999999999999998,2018-03-02,-2.1084242303660443,0.00890734958476358,-2.6225226300236164,2018-04-03
2018-03-09,-2.392551570128597,-2.237378563757235,-2.325653982191634,0.001195564847278341,-0.0032930411900835566,0.0044706888213976725,-0.006465417307124799,0.0007443327325815652,-2.5869569005632496,-0.4303988802862436,0.4303988802862436,2.805781689595545,-0.0015522720253908773,0.010000000000000009,2018-03-09,-2.1511988193413396,0.01250710365257568,-2.64749863531795,2018-04-10
2018-03-16,-2.985787186883644,-2.43434593164072,-2.3377561771638256,-0.007515846074966248,0.007958335521335957,-0.02988605981055681,0.003343802789488759,0.011251376711419514,-2.6349139438094076,0.39102323925911237,0.39102323925911237,2.808800104202353,0.011380203493459362,-0.07999999999999996,2018-03-16,-2.0708338790925596,0.022802010961228802,-2.545693284141116,2018-04-17
2018-03-23,-1.8351497053695847,-2.255150552238105,-2.2507893586842167,0.02387014842169588,0.01160008303496829,0.011586346132007819,0.012228003443555568,0.003641747513632332,-2.5710393493136343,0.64015880144161,0.64015880144161,3.15016862685841,0.0012248830658752041,-0.06000000000000005,2018-03-23,-2.2487863134858848,-0.016109698950471874,-2.46081653978084,2018-04-24
2018-03-29,-1.922518659092263,-2.182336413806099,-2.2448216332458575,-0.0015093337113407657,0.00043554427789205263,0.00854262259193117,0.01694332564652301,-0.008821690793186843,-2.613877871544707,-0.18129590091401906,0.18129590091401906,3.12982600803469,-0.006088501205236518,-0.030000000000000027,2018-03-29,-2.4079193229351294,-0.021203937673505813,-2.581047000226535,2018-04-30
2018-04-06,-2.202905727430005,-2.1587978374595016,-2.2111043622626516,0.004758502700920708,0.003461455977920469,0.007704269314431578,0.015451234052432206,0.0030259117000284164,-2.5952846443146074,0.010391731282018212,0.010391731282018212,2.9412760877579323,0.009106111805092354,-0.010000000000000009,2018-04-06,-2.438385894378945,-0.017900951417348487,-2.619213378446955,2018-05-07
2018-04-13,-2.17351332296861,-2.067833349954883,-2.2065042731698417,0.008351747047456115,-0.00772060118439688,0.020210677529041376,0.005433634142494537,-0.01118205716231735,-2.579720006276626,-0.8136037207469712,0.8136037207469712,2.9172300453990334,0.0005572923254648643,-0.040000000000000036,2018-04-13,-2.6123068839243175,-0.024910057240882466,-2.7764980097331327,2018-05-14
2018-04-20,-2.856356355395079,-2.1926084018754928,-2.2301972532687695,-0.006454680104682531,-0.03474948582744686,0.005146235932353527,-0.038573086756031216,-0.027028884643049977,-2.23907473842462,-2.7123731379263125,2.7123731379263125,2.7700855920216627,0.0017805887302113632,-0.050000000000000044,2018-04-20,-2.4701238899899374,-0.025313720133001816,-2.587633140134068,2018-05-21
2018-04-27,-2.4091401420217724,-2.3478783290855247,-2.2266298239739606,-0.008963668200856922,0.0263712056612464,-0.00230809855716263,-0.01263742537267687,0.06112069148869326,-2.0453816662578697,1.7647533647971325,1.7647533647971325,2.787477334733532,0.016518380655053733,0.09999999999999998,2018-04-27,-2.531329404292058,-0.01130041812538618,-2.7107509810537382,2018-05-29
2018-05-04,-2.5002066086751094,-2.428987475565301,-2.2624295354468287,-0.007678801776261679,-0.00575017801533928,-0.014745403034345017,-0.02184905936593662,-0.03212138367658568,-2.0500030944670034,-0.5616894643294335,0.5616894643294335,2.766319109226186,0.021327483599979047,0.030000000000000027,2018-05-04,-2.5651326606149323,-0.013903717901646573,-2.740159015423673,2018-06-05
2018-05-11,-2.9631779568875753,-2.6298435870828674,-2.3227063434844,0.0036867805067242188,-0.006556577214079429,-0.019410369575076913,-0.020685035395619167,-0.0008063991987401486,-2.047361699975233,-0.5969874486941745,0.5969874486941745,2.5824869781268642,0.031800941832261564,0.10000000000000009,2018-05-11,-2.6253260512209997,-0.013505507817325402,-2.7583270640146407,2018-06-12
2018-05-18,-2.122253416485998,-2.416870033371776,-2.3135383907810882,-0.020937641298131027,-0.0068257796828699036,-0.03389333076852541,0.007238670748957787,-0.0002692024687904748,-2.292197810030156,-0.6372241004667984,0.6372241004667984,2.5974910105351463,0.038497733766937436,0.19999999999999996,2018-05-18,-2.5889897057044875,-0.013811467993831705,-2.7267866663243985,2018-06-19
2018-05-25,-2.731997150541473,-2.481230593402821,-2.3221555100414024,0.006514113201781413,0.003289331825855335,-0.018415549365887074,-0.015843203086433277,0.010115111508725239,-2.575114354704485,0.16627379998395933,0.16627379998395933,2.528125768907977,0.023957132224956545,0.040000000000000036,2018-05-25,-2.6037470338044804,-0.03242189718476052,-2.6516594969395,2018-06-26
2018-06-01,-3.089527606298751,-2.5779278536562527,-2.3574827270863987,-0.008940229410975498,0.007121793170369983,-0.014507698143090941,-0.013213169935734737,0.011240569625385,-2.690280210098262,0.4450583826828026,0.4450583826828026,2.7363136663750693,0.015871601028822013,-0.040000000000000036,2018-06-01,-2.478085350665168,-0.04095142214247538,-2.5257067307300662,2018-07-02
2018-06-08,-3.4932689617365553,-2.619966146023387,-2.355689957020475,0.004236293687454484,-0.017545487388913372,-0.0174870336874422,-0.02002510373534827,-0.024667280559283356,-2.6080324639002597,-1.4999792361833082,1.4999792361833082,2.495681722955959,0.003861843521272945,-0.019999999999999907,2018-06-08,-2.3925280301960616,-0.03551746788606991,-2.5200995713712326,2018-07-10
2018-06-15,-2.089746763872384,-2.5999159087781174,-2.3716422580841505,-0.013669177913419261,-0.002196818126347644,-0.008371031937275397,-0.01673928879990605,0.015348669262565728,-2.236556825095865,-0.22133869168467182,0.22133869168467182,2.4948569806411682,0.01466860147408866,-0.10000000000000009,2018-06-15,-2.415809431422776,-0.040698163379893515,-2.5564463872275875,2018-07-17
2018-06-22,-3.114490665575368,-2.6423467318659304,-2.478983139336494,-0.00827545297274046,-0.0018445381892626678,-0.026648566609680735,-0.0144650505341537,0.00035227993708497607,-2.2058335986239825,-0.19367106454157632,0.19367106454157632,2.6837575085331657,0.009106380041894013,-0.07999999999999996,2018-06-22,-2.389599989919707,-0.03263968348567303,-2.558520829437526,2018-07-24
2018-06-29,-2.6608262955033273,-2.577397936805609,-2.5173559929319396,-0.014143043618740414,0.008696473530602322,-0.03185138081744565,-0.012890370173921362,0.01054101171986499,-2.2295843039358223,0.6275510639342268,0.6275510639342268,2.8243506567983707,0.014785373854695472,-0.020000000000000018,2018-06-29,-2.4548862001960576,-0.012593880223580989,-2.686722110524161,2018-07-31
2018-07-06,-2.228112949383473,-2.3960640947762166,-2.4806891448796162,0.0053990293516470445,0.004735664218971536,-0.03309916563008297,0.008465280837012923,0.0010359936051127505,-2.2785193834954756,0.3087100868814305,0.3087100868814305,2.706048198431537,0.008611093847207485,-0.12,2018-07-06,-2.4544794770153677,-0.04129419678171953,-2.55893443504113,2018-08-06
2018-07-13,-2.3946842631053835,-2.3010203674840786,-2.4861168395723947,-0.010572264020992428,0.0027790564036695997,-0.04789493046776272,0.03524471074362534,-0.001956607815301936,-2.342188938114874,0.20120901078293896,0.20120901078293896,2.5321082512722946,0.011669965813414507,-0.10999999999999999,2018-07-13,-2.3852550418572926,-0.0398300353073866,-2.4710667615785034,2018-08-13
2018-07-20,-2.3553083967886796,-2.392197689451392,-2.4902485444558455,-0.00896793011110919,0.010713733991675856,-0.029502207146525627,0.021928125228175777,0.007934677588006256,-2.618375179690891,0.8361014856316036,0.8361014856316036,2.554899021608035,0.001156501341350591,-0.06000000000000005,2018-07-20,-2.2601698021973315,-0.02894948347730697,-2.3735489073864304,2018-08-20
2018-07-27,-2.574697744420881,-2.3732815108548952,-2.495955400512053,-0.006282526189083093,-0.004910752457624401,-0.020423690969537667,0.01331770215669259,-0.015624486449300257,-2.6436776442671586,-0.47819606699146044,0.47819606699146044,2.4965057856313524,-0.005683039005361934,0.15000000000000002,2018-07-27,-2.1012646652694813,-0.009207893391398159,-2.3547650070158,2018-08-27
2018-08-03,-2.6139444088692296,-2.4723415425763893,-2.474235798800613,-0.007887396574585814,-0.0030714467394905576,-0.033710116895770526,0.005510591198230497,0.0018393057181338435,-2.681888043456816,-0.31837076424374156,0.31837076424374156,2.5006159434931803,0.007382410141782536,0.15000000000000002,2018-08-03,-2.0989138864844543,-0.012320859131477846,-2.3509048573324405,2018-09-04
2018-08-10,-3.081163450107809,-2.5953075908466956,-2.5686923643974855,-0.002003360514357233,0.0042228894897684555,-0.02514121338913533,0.0069544242843293524,0.007294336229259013,-2.722994701794473,0.30865200985387176,0.30865200985387176,2.422144328051685,0.007251384307330966,0.06999999999999995,2018-08-10,-2.2020598408413696,0.002299073750154257,-2.5385045120581062,2018-09-11
2018-08-17,-1.7502166374535795,-2.2611112635204567,-2.391023243230894,-0.022573969685266704,0.012021769349976008,-0.038747252963292844,0.008262459642629505,0.007798879860207553,-2.0956475283380853,0.9199081244287581,0.9199081244287581,2.598979106047848,0.01543147459759453,0.040000000000000036,2018-08-17,-2.34275038985153,0.006633376676323799,-2.839620104845928,2018-09-18
2018-08-24,-1.9179048954479367,-2.1062234644217366,-2.3125492343154788,0.01794211726915762,0.01794211726915762,-0.014522609505052131,0.031115329369411526,0.005920347919181612,-2.089568488436316,1.3926490944916372,1.3926490944916372,2.5185025992165158,0.009140187959349788,-0.14,2018-08-24,-2.6566114884165732,-0.008236944755312336,-2.9262738771146988,2018-09-25
2018-08-31,-2.537596906133446,-2.098808841715542,-2.2951851164967567,-0.005710047660320683,0.013877119042371433,-0.012345260590787,0.04806389515127352,-0.004064998226786187,-2.064441895972859,1.025487835759908,1.025487835759908,2.604909442182697,-0.004739562821234777,-0.09999999999999998,2018-08-31,-2.498480334964396,0.008289310504920877,-2.938438790345923,2018-10-02
2018-09-07,-2.9850415447907435,-2.095574196044662,-2.2901354430702026,-0.0036143736420841677,0.024514803068594215,-0.01324750258273344,0.0730128961391916,0.015418542570214466,-1.9208076016754372,1.7936982348843982,1.7936982348843982,2.6844403354630764,-0.0008415930762817325,-0.04999999999999993,2018-09-07,-2.3943215328127736,-0.005405663424737028,-2.7060194320873876,2018-10-08
2018-09-14,-2.5286911899216453,-2.29053189370155,-2.329399885805835,-0.0018564134734049276,0.004923285201308136,0.017134081588276118,0.05713948404595337,-0.01959151786728608,-2.3892995868254494,0.19274524981627306,0.19274524981627306,2.5152741864043966,-0.022590335851111476,0.08999999999999997,2018-09-14,-2.085675923624406,0.02081865515221093,-2.7547057115557854,2018-10-15
2018-09-21,-2.6306855419410726,-2.363613213980741,-2.3250817489073596,0.004149943990398697,-0.011598416356688457,0.01143174260064761,0.026935932411593644,-0.016521701557996593,-2.454329239181605,-1.1144842190636617,1.1144842190636617,2.468099531471619,-0.01311769396625273,0.18000000000000005,2018-09-21,-2.1126452629265704,0.0195485574151526,-2.8202870049432893,2018-10-22
2018-09-28,-2.444433501833713,-2.6098835125042386,-2.3446974096720745,-0.006453023299131999,-0.02780090586509054,-0.007773866424222398,-0.009961233951876647,-0.016202489508402085,-2.2054021008482754,-2.3533324791814634,2.3533324791814634,2.5185025992165158,0.004219431672506602,0.14,2018-09-28,-2.1492341377496147,0.03268377170471126,-3.010694272535225,2018-10-29
2018-10-05,-2.4146484048874015,-2.4977662167416117,-2.3423154282390866,0.009180863318239751,0.00772522564514011,0.0050213705361015215,-0.026750811375330752,0.03552613151023065,-2.442316578350769,0.4943704511159965,0.4943704511159965,2.6546494243750947,0.007653267630686855,0.22999999999999998,2018-10-05,-2.1777536480637383,0.03346607158187176,-3.2920630969563485,2018-11-05
2018-10-12,-1.60761510843236,-2.092766610794383,-2.2145596101145637,0.01248761164930201,0.013215165625745762,0.01936539565880846,-0.018458930950893127,0.0054899399806056515,-2.261133841743561,0.8854439241181082,0.8854439241181082,3.2180755046974316,0.0050643253809576905,0.15000000000000002,2018-10-12,-2.5399600730798193,-0.02037862301752913,-2.825441159485817,2018-11-12
2018-10-19,-2.9997866194874754,-2.115529172157712,-2.2338281588356486,0.006746252543122999,0.006746252543122999,0.021961704211532762,-0.00011426205108167053,-0.0064689130826227625,-2.2694964785984144,0.3623601442977974,0.3623601442977974,2.9987277825337895,0.02096908198807057,0.15000000000000002,2018-10-19,-2.437496982758504,-0.0003457594986659984,-2.8431204183636924,2018-11-19
2018-10-26,-2.8885789241556923,-2.1551735872881435,-2.2399226875121796,0.006529746637861322,0.0014480189678085509,0.03494447414852608,0.029134662781817422,-0.005298233575314448,-2.579657142366931,-0.06003439171963139,0.06003439171963139,3.1871787381249463,0.017529667391296577,0.18000000000000005,2018-10-26,-2.4628474511880962,-0.01176179469981431,-2.812288290413944,2018-11-27
2018-11-02,-2.229371581844951,-2.122871789139185,-2.2083491317140047,-0.0010281477911000536,-0.004642118975906051,0.02473546303918628,0.01676731816077126,-0.006090137943714602,-2.203089444725291,-0.5410745409118818,0.5410745409118818,2.9621754900251482,0.0055199721754375375,0.09000000000000008,2018-11-02,-2.558201744761604,0.006424279941875888,-2.916298496419496,2018-12-04
2018-11-09,-2.455951053030562,-2.5474291537998495,-2.2768226876928908,-0.01877784697675544,0.02096247981309185,-0.006529995586871173,0.02451463234811735,0.0256045987889979,-2.2848700386239904,1.4629447982269133,1.4629447982269133,2.8166056076565553,0.016905367440712027,0.1499999999999999,2018-11-09,-2.687691836495684,0.03569181765439655,-3.6446874331875607,2018-12-12
2018-11-16,-2.364450693174691,-2.43214758454973,-2.2844954959483474,0.009908810838066273,-0.005733969407428319,-0.0033674372919278994,0.012034410397566031,-0.02669644922052017,-2.2400678421187417,-0.6434164859153629,0.6434164859153629,2.9947317732204075,0.010683073852391978,0.040000000000000036,2018-11-16,-2.704785550229233,0.015101120498457021,-3.279474596430398,2018-12-19
2018-11-23,-2.918120548217762,-2.4728663796532806,-2.3716658336692404,0.008675338777709207,0.008675338777709207,-0.005427113185201726,0.018138019722306442,0.007058894213112232,-2.11966381767925,0.48327618635306124,0.48327618635306124,3.0349529867072724,0.002899440575110823,0.06000000000000005,2018-11-23,-2.343579606561476,0.034172506696061866,-3.174575661420604,2018-12-26
2018-11-30,-2.8705424310585026,-2.659692824362165,-2.3725463464721273,-0.0019886369440413887,0.005490858083438965,-0.009389708876406111,0.028183789082558253,-0.003184480694270242,-2.402607456073005,0.24663413786427438,0.24663413786427438,2.933324813425374,-0.0036099103848599157,-0.050000000000000044,2018-11-30,-2.3172932026146476,0.05042096685961184,-3.3386176780617487,2019-01-03
2018-12-07,-2.405474476281001,-2.5014633112258795,-2.353507145586444,0.020100736913473582,-0.0019914162674226077,0.017598246763144587,0.013218716640644779,-0.01353391055214459,-2.4125409353287144,-0.3137056313532763,0.3137056313532763,3.0535293722802077,0.005074291121288432,-0.17999999999999994,2018-12-07,-2.309706332229615,0.03858970665201511,-3.0998380398502685,2019-01-09
2018-12-14,-3.1164087742305666,-2.756092509757713,-2.367873127162148,-0.008760411594966655,-0.006573044067312406,0.020889824811205493,-0.010246870159924537,-0.004581627799889798,-2.351723186491306,-0.6523113182370334,0.6523113182370334,3.027715319407042,-0.0024697017328838555,-0.040000000000000036,2018-12-14,-2.3211865598542327,0.03664934116074203,-3.0540091880994704,2019-01-16
2018-12-21,-2.0280085169638142,-2.4379505349698873,-2.310418056164005,0.014081186694222758,0.011165735469912619,0.0243852187647855,0.014143769419899588,0.017738779537225025,-2.5012665874535647,0.769197191969356,0.769197191969356,3.3456846717318967,-0.005489669277253029,-0.06000000000000005,2018-12-21,-2.587263853862497,0.008875672931821121,-2.9753896440804124,2019-01-24
2018-12-28,-2.249639507981018,-2.327372602978641,-2.3216466492223553,0.01514801940214383,-0.0251828575692139,0.04805526527254944,-0.02306983861651135,-0.040349207519955854,-2.3063665008520124,-2.1621593327020925,2.1621593327020925,3.3998631586490187,-0.009182415425384782,-0.11999999999999988,2018-12-28,-2.4021639838246545,0.02797614677071003,-2.9977138262344925,2019-01-30
2019-01-04,-2.3896015076419928,-2.2988568085372,-2.3211189737902,0.007189839153014965,-0.022436809640596245,0.03622126008711657,-0.04212564699150878,-0.0052309483079922,-2.304388784374971,-1.8651813270247866,1.8651813270247866,3.2367157429965316,-0.007551143847015496,-0.14,2019-01-04,-2.5136084236362746,0.019664224873667813,-3.120399904779893,2019-02-05
2019-01-11,-2.655075009143316,-2.2897225949506126,-2.478307145176404,0.0029600465801529197,0.009088713993554709,0.03347699458804687,-0.0241637411387865,0.031525523634150954,-2.2980453079442893,0.5990533893472969,0.5990533893472969,2.970414465569701,-0.019178512161545314,-0.13,2019-01-11,-2.5106041681241242,0.014393452752067049,-3.037132318013165,2019-02-12
2019-01-18,-2.64050768293474,-2.2962402590614435,-2.452318400241949,-0.006424586875771965,0.012190252981345129,0.030113379479727698,-0.01836370399830045,0.00310153898779042,-2.3405881078798485,0.8457903580528622,0.8457903580528622,2.8936995479888394,-0.011076141389334104,-0.050000000000000044,2019-01-18,-2.344946101990908,0.04058158912194454,-3.2628099002517317,2019-02-20
2019-01-25,-2.082741143513207,-2.4019002414759,-2.405604380971784,0.006123217860338315,-0.005477054111288293,0.026391082137468658,-0.017290047562934507,-0.011801593345504902,-2.5766445621052925,-0.5248143042932654,0.5248143042932654,2.9386326815134183,0.0005176849400454486,-0.040000000000000036,2019-01-25,-2.403931809634123,0.018403708960480714,-2.895931206112577,2019-02-26
2019-02-01,-2.7553852357580593,-2.465727712326915,-2.4457472089620347,0.013260215201118086,0.0011224865452188482,0.016766275326283164,0.005306758222962227,0.006599540656507141,-2.603161227681738,-0.0059476180350058385,0.0059476180350058385,2.8075938314384716,-0.012889969052245931,-0.17999999999999994,2019-02-01,-2.2144389930544612,-0.018235590476329833,-2.4398488201717705,2019-03-05
2019-02-08,-2.6879571383702587,-2.530099218950849,-2.461137691147421,-0.002332041719461664,0.003718407164415627,0.021318974995481632,0.00568837883256279,0.0025959206191967787,-2.727180741920394,0.21556279956558813,0.21556279956558813,2.7954503913830435,0.01345663546766307,-0.09999999999999998,2019-02-08,-2.1722906122681978,-0.005028764856387369,-2.4784070111391054,2019-03-12
2019-02-15,-2.5937115394619186,-2.450135038283491,-2.4800857199654787,0.0047388062032140965,0.005413357932703811,0.021790197545208834,0.0047771975310499926,0.0016949507682881837,-2.6506504514647853,0.3690696350043972,0.3690696350043972,2.7862450486872667,0.009531835470657946,-0.09999999999999998,2019-02-15,-2.2248018255557773,-0.026553061720275828,-2.3816750089314698,2019-03-19
2019-02-22,-1.9410479841221853,-2.2584147282619003,-2.3799865686867587,0.011540458706105206,-0.008730518948218524,0.03577171804843626,-0.004493029318266117,-0.0194710640868756,-2.622059654750697,-0.7662363716195288,0.7662363716195288,2.671386216730619,0.005084822404324285,-0.17999999999999994,2019-02-22,-2.238177029133715,-0.0035958692786834945,-2.476553880741353,2019-03-25
2019-03-01,-1.9766793418352158,-2.206954588833051,-2.307741039118878,-0.029268826989464536,0.022200508913863715,-0.023274803049253556,0.034861249643861836,0.03093102786208224,-2.5780734522272124,1.7139338566440816,1.7139338566440816,2.6932749155200555,0.008564097504766721,-0.07999999999999996,2019-03-01,-2.3061955423064893,-0.0002468121263818901,-2.5889610284341287,2019-04-01
2019-03-08,-2.5192399498390503,-2.182983310887968,-2.3167269314569974,0.007845734178220098,-0.0068347140690008246,-0.007299907078384571,0.017375821035301442,-0.02903522298286454,-2.5263225989118134,-0.6391349755380685,0.6391349755380685,2.808800104202353,0.012880800724952124,-0.09999999999999998,2019-03-08,-2.3765852244662904,0.0022063688007696314,-2.6143412152592944,2019-04-08
2019-03-15,-2.1584848859196666,-2.103016111575737,-2.2772270515845707,0.001057767350598482,0.006624930256992734,-0.00882486675454075,0.0132602061536371,0.013459644325993558,-2.4851091149752116,0.43090202856441534,0.43090202856441534,2.6026896854443837,-0.0035065665169558002,-0.16000000000000003,2019-03-15,-2.4021705543573106,-0.011772556214505236,-2.5744204775750763,2019-04-15
2019-03-22,-2.8130981884749384,-2.2709071944001202,-2.350903874764727,0.00809917758562495,-0.00023998725716278813,-0.012266147875021005,0.021750737844692836,-0.006864917514155522,-2.52163920928177,-0.10442194301201242,0.10442194301201242,2.612273245708441,-0.0011392535021634842,-0.20000000000000007,2019-03-22,-2.4337621725789593,-0.03918225177661139,-2.5011076033011066,2019-04-23
2019-03-29,-2.072251484121424,-2.3117000936240144,-2.3006099002473053,-0.015936584600924952,0.0029252741323260167,0.0010660945135185784,0.002475503063155138,0.003165261389488805,-2.65340659954348,0.14512405208421023,0.14512405208421023,2.6693093727857793,0.010757171199310633,-0.21999999999999997,2019-03-29,-2.6197623042574896,-0.0027190873825553297,-2.8190680727719095,2019-04-30
2019-04-05,-3.1162939151337437,-2.372817468986901,-2.3371826973965595,-0.00024590170722227356,0.000459581831546263,-0.007025541371923794,0.009769798963702225,-0.0024656923007797538,-2.8355924375705386,-0.04196481735348603,0.04196481735348603,2.60859812213055,-0.0036926969670831866,-0.13,2019-04-05,-2.5491932375148556,-0.010668105814084505,-2.7298355711655047,2019-05-07
2019-04-12,-2.2461522635863007,-2.4046733047065696,-2.301268425823441,-0.001230478992766848,0.007274170738820196,-0.009313787715289124,0.010419039445529688,0.006814588907273933,-2.755120441232951,0.48270863638088984,0.48270863638088984,2.5664866367804233,0.004021239498170459,-0.12,2019-04-12,-2.645939061168116,0.007047481589954607,-3.05419310062498,2019-05-14
2019-04-18,-2.6988285872799183,-2.38730848135521,-2.302904537691781,-0.01304074442779335,-0.015889746397822258,-0.027127232097103438,0.003687501102191515,-0.028743092088068245,-2.6537654958531838,-1.3348178704025846,1.3348178704025846,2.533696813957432,0.012969004436027554,0.07000000000000006,2019-04-18,-2.6244127640284702,0.0022405439908945723,-3.005308975745331,2019-05-20
2019-04-26,-2.9243825537913666,-2.635303237216011,-2.3541506138916657,0.008273398538625187,0.005432490327146322,-0.004357295256593119,-0.006487270258829447,0.02132223672496858,-2.6010940948166876,0.3143634661543104,0.3143634661543104,2.583997552432231,0.014669190080423,0.010000000000000009,2019-04-26,-2.6185899332365428,0.0,-3.012398543804395,2019-05-28
2019-05-03,-2.543386640948362,-2.541770221220776,-2.343374821011725,-0.005949949029903756,0.00402877534199142,-0.012028478125112763,0.006424864961561472,-0.0014037149851549025,-2.377660787550898,0.2144381889183502,0.2144381889183502,2.668616131856803,0.007592951522691571,0.050000000000000044,2019-05-03,-2.332294938899224,0.03529398674735429,-3.1942395182610213,2019-06-04
2019-05-10,-3.2788653894106012,-2.7927445473243084,-2.351755095676428,0.006444162860717917,0.015077301712875357,-0.004273132058354001,0.008648820984190841,0.011048526370883938,-2.420478549330809,1.128115435806495,1.128115435806495,2.9496883350525844,0.004322832987332603,0.05999999999999994,2019-05-10,-2.318660496950015,0.02025489581646145,-2.9245803484093487,2019-06-11
2019-05-17,-2.276577769909559,-2.6244210063008957,-2.405023305828694,-0.006444162860717917,0.01694869388086495,0.0023234495087214313,0.04148726126287805,0.001871392167989594,-2.373409697145374,1.2272254006003533,1.2272254006003533,2.727199019940971,0.00851936595542746,-0.08999999999999997,2019-05-17,-2.3290296234987324,0.05232064463430941,-3.2329310819144856,2019-06-18
2019-05-24,-2.846050166783132,-2.612918397446679,-2.4133775770987786,0.0053730363905728495,-0.0041963528208182055,-0.0005769126393309065,0.03185841811491352,-0.021145046701683157,-2.4438359645929166,-0.543158380436528,0.543158380436528,2.8284963541780774,-0.003570506035432963,0.019999999999999907,2019-05-24,-1.9550372223212042,0.10494658760401965,-3.3284294224867157,2019-06-25
2019-05-31,-2.204835739176575,-2.4602411420518475,-2.430427717315724,0.017669201292708436,0.01986464211081529,0.027872066329094558,0.03225806900126882,0.024862161298160323,-2.4135708245442404,1.451064161048531,1.451064161048531,2.8507065015037334,0.004595799786351051,-0.10999999999999999,2019-05-31,-1.9410059719961101,0.04309895188486923,-2.467819290471295,2019-07-01
2019-06-07,-2.1786212129278932,-2.3152123623911818,-2.423401253749156,0.02608978429514952,-0.003504638247616043,0.043511440264143,0.027017664197021674,-0.023369280358431332,-2.58664138833115,-0.50165938125947,0.50165938125947,2.768204123921957,-0.006062222137914297,-0.22999999999999998,2019-06-07,-1.8123367395637997,0.0499559141881738,-2.412037609022217,2019-07-09
2019-06-14,-2.3928516237170943,-2.312963371858787,-2.4341573810149773,-0.00023700399099801928,0.010488917270538689,0.040719903227621757,0.0218514019463929,0.013993555518154732,-2.619385777926872,0.6375876991617695,0.6375876991617695,2.761274962339508,-0.005755977998179951,-0.12000000000000005,2019-06-14,-1.7332844150231008,0.04574337796140959,-2.3113816674071512,2019-07-16
2019-06-21,-1.655080207466779,-2.0239828433178246,-2.2939971885864394,0.041933878854402806,0.010095334108291887,0.08545586045126274,0.03694425524202982,-0.00039358316224680223,-2.4169994600898574,0.608215906823373,0.608215906823373,2.691243082785829,-0.015200080808876137,-0.32999999999999996,2019-06-21,-1.7810520282421745,-0.0018682514527874616,-2.1712314463808875,2019-07-23
2019-06-28,-2.072844488956865,-1.9983497040812304,-2.2779961887423408,0.009201371611951892,0.01129267480775109,0.0769880307705062,0.028372287938965624,0.001197340699459204,-2.4841917641274422,0.6745767112597528,0.6745767112597528,2.761274962339508,-0.02006959689695975,-0.14999999999999997,2019-06-28,-1.8642856375403347,0.032834280570014585,-2.430802144580925,2019-07-30
2019-07-05,-1.5116857064029328,-1.794276050092565,-2.123694946553913,-0.005283406957961034,0.010242615026746726,0.04853291160560769,0.03852565576553424,-0.014700546894258704,-2.2687370305907595,0.5877255851814005,0.5877255851814005,2.531313022602156,-0.006181188995313391,-0.06,2019-07-05,-1.7848501415503921,0.04832217247212256,-2.4136403480747073,2019-08-05
2019-07-12,-1.9396509026989868,-1.7479699930826968,-2.1022525006044632,0.010464200571320248,-0.003660314238215445,0.05329366489676346,0.032031333926811456,-0.013902929264962172,-2.299294452783228,-0.6084157363773599,0.6084157363773599,2.559550192783766,0.0005153625568476983,-0.06,2019-07-12,-1.7729493866378025,0.0659277362153663,-2.4639743817529585,2019-08-12
2019-07-19,-1.633998665032819,-1.7326569991664498,-2.007849753860926,0.0070149723595793745,-0.05484639499335664,0.025304464747089028,-0.02332093228381993,-0.051186080755141194,-2.0272011847701945,-4.602026311499287,4.602026311499287,2.604909442182697,-0.0034036629715794575,-0.10999999999999999,2019-07-19,-1.8823205646821153,0.04834737237824349,-2.535878268443444,2019-08-19
2019-07-26,-2.593215903514892,-1.7834337670628968,-2.008614632925975,-0.006191521992239046,-0.015377960680139857,0.006004243980699542,-0.06364205488496522,0.03946843431321678,-2.051329185911678,-1.2107724192299059,1.2107724192299059,2.5447466501440172,0.016595759134196975,-0.06999999999999995,2019-07-26,-1.8071926466154755,0.06934467782680986,-2.6069647474246205,2019-08-26
2019-08-02,-1.600768881492003,-1.8198572512996407,-1.9290634983702686,0.0166961175194702,0.024565065613931125,0.027983768458130776,-0.04931960429778082,0.03994302629407098,-2.0521207101453545,1.5881979325329723,1.5881979325329723,2.8831233291713367,0.016602172471250398,-0.10999999999999999,2019-08-02,-1.9746508211061486,0.05616208695014979,-2.773895219379427,2019-09-03
2019-08-09,-1.8190638875828853,-1.793722885954506,-1.8902155222206525,0.0387563946529772,-0.006296318518716593,0.05627596253978773,-0.051955608578281964,-0.030861384132647718,-1.8717598149072183,-0.5943536365337112,0.5943536365337112,2.827905162910489,0.0058560775342142435,-0.29,2019-08-09,-1.8668747680794548,-0.017326639945943967,-2.162870174692069,2019-09-10
2019-08-16,-2.1662230645529386,-1.9214326733960188,-1.8764424736521594,0.010702850430904576,0.002554882371019751,0.05996384061111293,0.005445668786094426,0.008851200889736344,-2.0584644193804724,0.02141257708871243,0.02141257708871243,3.0530573401732606,0.013851331822663404,-0.27,2019-08-16,-1.9003833057833248,0.003466491968512564,-2.2379242744449606,2019-09-17
2019-08-23,-1.756338993132206,-1.7969962947364464,-1.836014615910779,0.009688170598372459,-0.010701779861647331,0.07584353320172443,0.010121849604586952,-0.013256662232667082,-2.1124699024988454,-0.8688550216980391,0.8688550216980391,2.8142103969306005,0.0035715990611109305,-0.21000000000000002,2019-08-23,-1.960209547890166,0.0022167800474672816,-2.2252197640644793,2019-09-24
2019-08-30,-2.419593476575335,-1.9740365279651833,-1.8566543889758933,-0.0029174664456883548,-0.05068769713976051,0.05622994923656588,-0.06513091314910469,-0.03998591727811318,-1.9628694564419682,-3.4047156213666026,3.4047156213666026,2.883682769745368,0.0012189208787214412,-0.29000000000000004,2019-08-30,-1.871955983519979,-0.04289672330684713,-1.990274447247198,2019-10-01
2019-09-06,-1.5467177438913005,-1.8625913605184705,-1.7972225761441922,-0.015382746340455888,-0.003597173716973767,0.0013396966255063703,-0.058507247524619554,0.04395982456177627,-1.5809074136255001,-0.20678658931848384,0.20678658931848384,2.7893229212309465,0.00887990245559056,-0.08,2019-09-06,-2.022320575098689,-0.004963119544743044,-2.252053887688071,2019-10-07
2019-09-13,-2.304253607176615,-1.871197548315062,-1.7897812325194604,-0.01255027159833233,0.021208290817893438,-0.025014537787056312,-0.036112081568028476,0.024805464534867205,-1.4695313188437917,1.3126689667693112,1.3126689667693112,2.6546494243750947,0.00326031569784746,0.14,2019-09-13,-2.041608064849915,-0.005179047274468829,-2.272546040199193,2019-10-14
2019-09-20,-2.1537193993533323,-1.8683502719748395,-1.845541835841315,0.0197816633589758,-0.009818793748434196,0.010902187122312057,-0.039764674926264565,-0.031027084566327634,-1.4246407842612816,-0.58618322738061,0.58618322738061,2.642622395779755,-0.0003052999844435078,0.13,2019-09-20,-2.089282786235118,-0.027934431222660372,-2.253240468296626,2019-10-21
2019-09-27,-1.908832705686223,-1.8929174769260377,-1.8807787868232706,-0.013309582947433007,0.013229889566563457,-0.021460937527245427,0.021022212919048933,0.023048683314997653,-1.2869733826608973,0.8028579976808471,0.8028579976808471,2.776954179749421,0.010130772586092185,0.21000000000000002,2019-09-27,-2.3578944002975635,0.012665221046795239,-2.743489534442185,2019-10-28
2019-10-04,-1.9161526814484569,-2.044131325731903,-1.8868789785123787,0.005937226680741148,0.0028856993593642244,-0.00014096450604839106,0.027505085995386924,-0.010344190207199233,-1.5177386586471413,0.1206568904732898,0.1206568904732898,2.9507349076232554,0.004562251929040251,0.049999999999999996,2019-10-04,-2.4440466309541735,0.010323889417648502,-2.839352582959912,2019-11-04
2019-10-11,-2.171915930533994,-2.0221108777280095,-1.916708909126846,-0.013265864502955083,-0.010825411349015823,-0.0008565574106711438,-0.004528616171522337,-0.013711110708380048,-1.627700157511359,-0.6769606907272242,0.6769606907272242,2.866192902199006,0.004060522609797168,-0.010000000000000009,2019-10-11,-2.2004632298859517,-0.025429058698670737,-2.350663083891277,2019-11-11
2019-10-18,-2.6418195661906267,-2.085888690183782,-1.9393131082931554,0.0030661218797671808,0.0006256687258279214,-0.01757209888987976,0.00591584630273978,0.011451080074843745,-1.6874983004007582,0.014512692385214927,0.014512692385214927,2.6239436918052106,-0.006738804774190754,-0.009999999999999981,2019-10-18,-2.227705582067658,-0.008404907189405897,-2.3990820805120348,2019-11-18
2019-10-25,-2.683236098749178,-2.25050863251377,-2.016342640265005,0.009917861546420603,-0.018912937332897783,0.005655345603973849,-0.02622698059672146,-0.019538606058725705,-2.267793185407452,-1.1276527889848253,1.1276527889848253,2.6181254935742233,-0.016054011328617612,0.01999999999999999,2019-10-25,-2.277335270840596,-0.02563871923308092,-2.412880999879912,2019-11-25
2019-11-01,-2.269224487622805,-2.3924302735261502,-2.0549085798009368,0.004922286520600672,0.0031476225162734295,0.004640405443833373,-0.025965057439812256,0.022060559849171213,-2.4400073275177925,0.19392457196458757,0.19392457196458757,2.5817308344235403,-0.015391997908656307,0.09,2019-11-01,-2.2568418886630526,-0.02161780370083477,-2.4031649009037372,2019-12-03
2019-11-08,-1.7678086872851468,-2.195278997827059,-2.0122746948845807,-0.03693935410365157,0.03789630437797875,-0.01903308415686311,0.02275665828718232,0.03474868186170532,-2.2693952732236653,2.206412948393088,2.206412948393088,2.543961412569315,-0.005791224712312193,0.08000000000000002,2019-11-08,-2.640375338787531,0.006617510722544573,-3.009069079137566,2019-12-10
2019-11-15,-2.962655791538485,-2.220121505795255,-2.036776109655752,0.005950723699840843,-0.0035581004853941778,-0.01614848233678945,0.01857288907596022,-0.04145440486337293,-2.322006432754315,-0.22367376575391434,0.22367376575391434,2.5687881337687024,0.005618884270373492,0.03,2019-11-15,-2.61196928309085,0.0028094922072838813,-2.993423158500489,2019-12-17
2019-11-22,-3.0671313184199462,-2.247384578050719,-2.100354240122239,-0.003406426195997625,-0.006555987039596367,-0.029472770079207677,0.030929839369261636,-0.0029978865542021893,-2.4881345587225567,-0.3903906130507969,0.3903906130507969,2.574899688314705,0.003680615742214677,-0.009999999999999981,2019-11-22,-2.558756930578768,0.03010827280283035,-3.161091228448705,2019-12-24
2019-11-29,-2.570155481914966,-2.306378882675441,-2.211970064088426,-0.0010150032723705849,0.003372324050860964,-0.03261191763837257,0.028308255840232555,0.013066493385355038,-2.421138380672233,0.18894070773330401,0.18894070773330401,2.463853240590168,0.007752789174983121,-0.06999999999999998,2019-11-29,-2.580716596785061,0.036414303943573145,-3.2720720083055648,2019-12-31
2019-12-06,-2.3166371474792578,-2.5949030021087034,-2.213547304328592,-0.0017424535909000838,0.026284893027386236,-0.004712098005998477,0.028327785643498693,0.02291256897652527,-2.209563365141876,1.4973532849109485,1.4973532849109485,2.67552700939665,-0.005528200856605103,-0.01999999999999999,2019-12-06,-2.3867843076658235,0.06527417677258818,-3.521261699882871,2020-01-08
2019-12-13,-2.711141858852664,-2.594591244152903,-2.2333742054403563,0.010337374333237115,-0.012652183095832381,0.003530175432895355,0.007310864647920745,-0.03893707612321862,-2.246782834520384,-0.7527389663686358,0.7527389663686358,2.6347624053323777,-0.009909681130999992,-0.04000000000000001,2019-12-13,-2.3366338106434776,0.052536769686107654,-3.1516920742669154,2020-01-15
2019-12-20,-3.9236991932000826,-2.6395870138811,-2.343325762621617,0.003374388156067276,-0.00917287534071054,0.010954305626033722,0.007832158641704279,0.003479307755121841,-2.2411397572658855,-0.5481142698325093,0.5481142698325093,2.5257286443082556,-0.005221431266041243,0.01999999999999999,2019-12-20,-2.340018433445843,0.0499633529513428,-3.143427764732804,2020-01-23
2019-12-27,-2.410214777739572,-2.548278336144026,-2.410783161940761,0.020944266904640685,-0.018421231163636698,0.038094442175532706,-0.007564306910698093,-0.019598429769401626,-2.1478452329467244,-1.042717661802149,1.042717661802149,2.5376572151735295,-0.0067402591214582586,0.04000000000000001,2019-12-27,-2.3162201171190113,0.04006170814335874,-2.9263478136171903,2020-01-29
2020-01-03,-2.2169564511677637,-2.451176309183172,-2.3939115767521204,0.024147687770632587,0.017594157532300425,0.04874904704535776,-0.01753287187716923,0.04459682436989798,-2.2263999911377255,0.990678209335503,0.990678209335503,2.523325759691945,-0.009147495887821933,-0.009999999999999995,2020-01-03,-2.380015475055201,-0.006534682159003324,-2.595389091199493,2020-02-04
2020-01-10,-2.188573388410829,-2.3770964606143563,-2.375158821886138,0.007172917569316262,0.004208240761687243,0.055921964614674025,-0.013959364796531926,-0.013385916770613182,-2.2379978255401296,0.18862197253448654,0.18862197253448654,2.5289235352047745,0.00041048225976680897,-0.030000000000000013,2020-01-10,-2.495270870591668,0.012539323825887294,-2.773450166928489,2020-02-11
2020-01-17,-2.665778699462182,-2.332727628166343,-2.368236429311212,-0.0022488123203565635,0.0019042459613154428,0.05295352858450286,-0.0032960225822944444,-0.0023039948003718003,-2.2597767484083047,0.058280681959052776,0.058280681959052776,2.511223958105374,0.0011309373645840282,-0.07,2020-01-17,-2.334569357815512,0.033835591686957045,-2.7776711762752617,2020-02-19
2020-01-24,-3.05885313694448,-2.3782132057114485,-2.391647528316167,0.011349458921983135,0.003035908166722834,0.04640411745872264,0.02669610867734784,0.004106374698758852,-2.2210921737564733,0.12370373881477349,0.12370373881477349,2.563409711275944,0.00030712852414005454,-0.13999999999999999,2020-01-24,-2.054538087174558,0.028517579316269526,-2.416320213490199,2020-02-25
2020-01-31,-2.32627261141195,-2.331877355679349,-2.380864635240446,0.00908153370545417,0.014418051191237069,0.036692638472917594,0.03609791772203197,0.011382143024514235,-1.9074330820505172,0.7502749289843218,0.7502749289843218,2.740194654428777,0.015237640037529587,-0.22,2020-01-31,-1.5595936869701683,0.036596300774226265,-1.8683807566898563,2020-03-03
2020-02-07,-2.184433575581129,-2.4317940934272135,-2.467641310129801,-0.010366332532924183,0.0064205589203898406,0.011980230104936318,0.022804051746313725,-0.007997492270847228,-1.9015151652456244,0.2923188504571764,0.2923188504571764,2.7053799725463312,0.012257527621667208,-0.13999999999999999,2020-02-07,-1.4683617916664344,0.041704359600363006,-1.7985728259687388,2020-03-10
2020-02-14,-2.8324356388579814,-2.483213961924671,-2.4639228901582952,0.008154004147405303,0.006945632388010381,0.018218664241918425,0.030820150666360124,0.0005250734676205404,-1.9084702996757386,0.3209710627633509,0.3209710627633509,2.649714624089247,0.018747327557270488,-0.1,2020-02-14,-1.2191701558817298,-0.04993060762406909,-1.3898800810543386,2020-03-17
2020-02-21,-1.8904096563677288,-2.1979778182045537,-2.359413841501899,0.041711154183215804,-0.006905509301545987,0.050239190745331896,0.010694348004226306,-0.02380725773524528,-1.8516088977972447,-0.4538374215081868,0.4538374215081868,2.7447035187502458,0.023709357288873356,-0.16,2020-02-21,-1.0647677922527945,-0.06477341162313,-1.3173134513239213,2020-03-23
2020-02-28,-1.1982084241362305,-1.7102521560204025,-2.066382670719923,-0.041711154183215804,0.06506502896291266,-0.0006063421849251682,0.07083045307537539,0.07197053826445865,-1.8365732267994683,3.4778068691491484,3.4778068691491484,3.6676558176623097,0.004581839476579752,-0.19,2020-02-28,-1.0190908803631114,0.02462722953875396,-1.4672576654189515,2020-03-30
2020-03-06,-1.3087095058722173,-1.5240925709420516,-1.9242533026706774,0.05996630390451063,0.018963993379078392,0.06659294922597869,0.09402526147414436,-0.04610103558383427,-1.8724137767329232,0.8603779843270583,0.8603779843270583,3.6793340412704048,-0.01486517685446831,-0.48,2020-03-06,-0.9840169391528137,-0.005910549276903154,-1.3563699946028345,2020-04-06
2020-03-13,-0.9301671745315706,-1.2289485690130313,-1.6919907036266264,-0.09494213834062126,0.07216818350199317,-0.03497583443611063,0.14929169654243823,0.053204190122914774,-1.4737284501931667,3.5037819730518613,3.5037819730518613,4.323735226296777,-0.016080153081831305,0.0,2020-03-13,-1.0886146228548683,0.13849641308225014,-1.802526691580535,2020-04-14
2020-03-20,-1.360934452554752,-1.1698749291667256,-1.6180215757213905,-0.022372916493381467,0.14156495058049723,-0.0990599051127079,0.29776215642448145,0.06939676707850406,-0.6602445511468084,4.187599771790151,4.187599771790151,4.276666119016055,0.028526825273607948,0.73,2020-03-20,-1.2538941163429036,0.08078903387792913,-1.8803308774605698,2020-04-21
2020-03-27,-0.7408367809499896,-1.018554763851517,-1.4271539172783543,0.08309607385063522,-0.062411488447737806,0.025747322921143123,0.17028563901383098,-0.20397643902823503,-0.6388927980379883,-1.9672160826975633,1.9672160826975633,4.110873864173311,0.009906031925346781,-0.009999999999999981,2020-03-27,-1.4502055617435474,0.05049516240615137,-1.9224614192604108,2020-04-28
2020-04-03,-1.3101711418987996,-1.0187590355152847,-1.3907507469217033,0.0026237726071549616,0.0011367494299965308,-0.03159520837621255,0.15245839506474912,0.06354823787773434,-0.5997949372888984,-0.12617738632612793,0.12617738632612793,3.9300593679142444,0.03411498961618786,0.07999999999999996,2020-04-03,-1.7043006468601047,0.02604739439296644,-2.194972385864401,2020-05-05
2020-04-09,-1.276273085384067,-1.0489502074170587,-1.3455154105774885,0.04373025953891929,-0.014413163826629827,0.07116032716144893,0.09049792784319344,-0.005630177567963024,-0.6212035988745418,-0.5568591850798978,0.5568591850798978,3.769306703226551,0.036722841942619766,-0.27999999999999997,2020-04-09,-1.831002145554721,-0.01240551695938219,-2.1311647289410285,2020-05-11
2020-04-17,-1.6300088083064361,-1.1195129269272734,-1.3236818135009405,-0.0007564465688449928,0.0125818021130919,0.1386527327979703,-0.08449081851623941,0.026994965939721727,-1.40854801571511,0.21371183572286506,0.21371183572286506,3.6916256797819615,-0.011233329209204612,-0.97,2020-04-17,-1.896294661198757,0.018549528415921834,-2.3213235744588214,2020-05-18
2020-04-24,-1.7548598786334628,-1.4505550316849143,-1.3120063028514604,0.02534298317665673,0.02111163551338624,0.059533809888064226,0.01049728754118151,0.00852983340029434,-1.6438516959114833,0.4392333026609393,0.4392333026609393,3.722797672317397,-0.006154503606163431,-0.25,2020-04-24,-1.9059142520026093,-0.00415567771441161,-2.150729602252467,2020-05-26
2020-05-01,-1.8747047557206402,-1.5799858637914705,-1.305729637571541,-0.017741304153318538,0.0028779802530465304,0.05057549199341249,0.022158254052894844,-0.01823365526033971,-2.0415649262009543,-0.07231969789900122,0.07231969789900122,3.530762586016799,-0.006542894576488045,-0.14,2020-05-01,-2.000787860007507,0.013996696875550718,-2.3220709352872735,2020-06-02
2020-05-08,-1.8756799894747842,-1.7732108498923165,-1.2941116683009906,0.003997503110652723,-0.032677940907538616,0.010842735565145922,0.003893476971986054,-0.03555592116058515,-1.885833130195661,-1.078103088140354,1.078103088140354,3.448080967561006,-0.0022999195626525193,-0.030000000000000027,2020-05-08,-1.8299538679737026,0.011475717678805175,-2.0609362120641626,2020-06-09
2020-05-15,-2.1767555446422695,-1.898319812497966,-1.294309848760133,0.02164409823477431,-0.04983878930537067,0.03324328036876523,-0.058527114446476514,-0.01716084839783205,-1.59075536715876,-1.5134830049249828,1.5134830049249828,3.484618989801228,0.004389058830430059,-0.010000000000000009,2020-05-15,-1.8332917892667997,-0.0027082089433720924,-2.0616370440710208,2020-06-16
2020-05-22,-1.9446777740305876,-1.953906426089733,-1.3010883487547895,-0.004401706460448018,-0.03800237403108264,0.003498590731660478,-0.1176411239909454,0.011836415274288026,-1.5081395886015758,-1.081208746267644,1.081208746267644,3.3854066957558313,-0.010610685560715538,-0.020000000000000018,2020-05-22,-1.9172259923911845,0.03415425855252163,-2.2576184402954245,2020-06-23
2020-05-29,-2.0827811232880347,-2.0053661810529824,-1.3644510875777962,0.004059567973218492,-0.0388654651947169,0.025552355526764714,-0.1498305679915135,0.040590631939737776,-1.4447107049636831,-1.090609267490991,1.090609267490991,3.3530570063342204,-0.012023407885956239,0.030000000000000027,2020-05-29,-1.9340060709107152,0.017984687378292286,-2.2504473405336674,2020-06-29
2020-06-05,-1.5251673330995146,-1.8634893966439967,-1.3640589540577568,-0.030539636158671613,-0.0025402979122772784,-0.02116550486714175,-0.14871836316373743,0.03632516728243962,-1.4449424984601695,-0.10377601796423683,0.10377601796423683,3.2507620137305224,-0.034663185650924966,-0.020000000000000018,2020-06-05,-2.3346905936810605,0.05671304375238595,-3.377593194932409,2020-07-07
2020-06-12,-1.8771045274573168,-1.8125588301581799,-1.4660805078223251,0.02875787335504043,0.023831759936769892,-0.002395354166085717,-0.09703010030467896,0.02637205784904717,-1.3336703831081438,0.5837603547669554,0.5837603547669554,3.708436953329467,-0.03564366237803718,-0.12000000000000005,2020-06-12,-2.5667598465415313,0.047284162749183345,-3.675789023725558,2020-07-14
2020-06-19,-2.508819047345842,-1.8812459131936412,-1.7012033706419416,0.008633169728657464,-0.004183550211175557,0.010910974898244774,-0.02175755338139984,-0.02801531014794545,-1.6533723146236194,-0.1584058616961554,0.1584058616961554,3.494687724749494,-0.017299755447625742,-0.08999999999999997,2020-06-19,-2.4235129817934746,0.04680083694050552,-3.180990504487346,2020-07-21
2020-06-26,-2.4622809741153526,-1.9277735071562618,-1.7844315029655116,0.015186150011386346,0.006732029963047115,0.022037556936412628,0.02383994177636417,0.010915580174222672,-1.5767649171963654,0.13303127757299577,0.13303127757299577,3.472587377748828,-0.00970332887959291,-0.17000000000000004,2020-06-26,-2.037108378507577,0.09780032323909271,-3.229010559699594,2020-07-28
2020-07-02,-2.863758267624452,-2.093990453206846,-1.8668443379916084,0.007091758071736898,-0.00011541634643963405,0.03473204186503143,0.024506498994781634,0.0013509109387053186,-1.6048508946553077,-0.03875185036131564,0.03875185036131564,3.3541057741283047,-0.0008227255998027871,-0.24000000000000005,2020-07-02,-1.9965070316194657,0.09996441182201377,-3.105080795990096,2020-08-03
2020-07-10,-2.5231308065996783,-2.5863710640705917,-1.9628012100809173,0.01314833902148127,-0.029037250200986797,0.04102151248222974,-0.017453942445060378,-0.028921833854547163,-1.7239678159696294,-0.781436977618397,0.781436977618397,3.3762213955919784,0.0076819424694472005,-0.25,2020-07-10,-1.761683648408984,0.11555045608808712,-2.6282459772652773,2020-08-10
2020-07-17,-2.3472459539551274,-2.4273216165944684,-2.041054855593725,0.005481683482593702,-0.02725261137328827,0.047427287422189046,-0.057871605205859655,0.0017846388276985259,-1.6445521893697217,-0.7208472146682859,0.7208472146682859,3.332204510175204,-0.00837176280196239,-0.27,2020-07-17,-1.2723246243566673,0.08711860706375774,-1.5736674097720582,2020-08-17
2020-07-24,-1.7978819473811605,-2.2297377518653083,-2.001226172792176,0.04920436340456824,-0.11434119011066857,0.07492614398038011,-0.17074646803138327,-0.0870885787373803,-1.0122705586880376,-2.8523822816174733,2.8523822816174733,3.261168737058452,-0.025647767751315165,-0.26,2020-07-24,-1.2450270927035705,-0.0067725707867065665,-1.431039857495886,2020-08-24
2020-07-31,-1.7134138043745828,-1.9849027739278022,-1.992683236940599,0.03696900775289258,-0.02871810192252111,0.10480339366153579,-0.19934915360746475,0.08562308818814746,-0.826902334193998,-0.655209690468562,0.655209690468562,3.2092294478163956,-0.04395619236205661,-0.2899999999999999,2020-07-31,-1.2217296002518578,-0.00437281748386642,-1.4222903860880036,2020-08-31
2020-08-07,-1.5141576731417201,-1.7639240635564284,-1.934513827287095,0.02860074290656378,-0.11661710091760558,0.1202557975466183,-0.2869290043240835,-0.08789899899508447,-0.6841926612659796,-2.6294470121195515,2.6294470121195515,3.120159851929043,-0.0412744856684748,-0.31000000000000005,2020-08-07,-1.2766666573919478,-0.04771528026811911,-1.4248697116320308,2020-09-08
2020-08-14,-0.8474270200383797,-1.3087289305525416,-1.6752248521073567,-0.044308865438812184,0.01913571243848411,0.07046524862521242,-0.24054068051231114,0.13575281335608969,-0.42995298377319063,0.5104489611835664,0.5104489611835664,3.0969341540629585,-0.031738677735956955,-0.16999999999999993,2020-08-14,-1.7803068186767097,-0.01648910491794542,-1.977105409963063,2020-09-15
2020-08-21,-1.233900093981375,-1.2190819851050454,-1.6074466114618517,-0.002797788356725839,-0.015732475473332563,0.018463096863918338,-0.14193196587497514,-0.03486818791181667,-0.5531685943177096,-0.2615797851209058,0.2615797851209058,3.1232455938529506,-0.020269538546807908,-0.06999999999999995,2020-08-21,-1.991850685361183,-0.013068480961062612,-2.26143259542174,2020-09-22
2020-08-28,-1.7462705894536372,-1.2220487994174778,-1.6058738411282834,0.012881574455208877,-0.015233561438180665,-0.0056243364337653645,-0.1284474253906347,0.0004989140351518984,-0.6497021189709297,-0.26039604817217027,0.26039604817217027,3.19744787745458,-0.00010745048552518455,-0.020000000000000018,2020-08-28,-1.961440929887227,-0.036586083160821126,-2.090987253956582,2020-09-29
2020-09-04,-2.175873361246206,-1.2759963445469973,-1.6396524008285758,-0.015026373537438076,0.006683622349779483,-0.04925145287776722,-0.005146702123249636,0.02191718378796015,-0.7675009387578575,0.21240606870679826,0.21240606870679826,3.5145260669691587,-0.000539029303051386,0.06000000000000005,2020-09-04,-1.953273074416658,-0.022254691715165364,-2.1197007318711747,2020-10-06
2020-09-11,-2.574915482236199,-1.6964797230087083,-1.6341937551114183,0.007205936578612793,0.0007595061408736115,-0.004811671406772966,0.017036313417140736,-0.015522621383391222,-1.4577117651869396,0.07591812376896585,0.07591812376896585,3.391483689474516,-0.001070843920395248,-0.030000000000000027,2020-09-11,-1.9000009659836712,-0.01827463044567157,-2.120554169447044,2020-10-12
2020-09-18,-2.608639490385704,-2.121935179080773,-1.6420146050859519,0.004102289426049843,0.002898167799868734,-0.001636231912661934,0.0252747823545465,0.0021386616589951224,-1.6892819257415148,0.13163988819314082,0.13163988819314082,3.2756341586868096,0.000860882769104343,0.020000000000000018,2020-09-18,-1.9506654661701814,-0.006314484791959174,-2.2085955049078523,2020-10-19
2020-09-25,-1.5278004731611132,-1.921119072708906,-1.5952868310545572,-0.04613536363457715,0.11122950924557129,-0.03537907816033492,0.13116931071057847,0.10833134144570256,-1.129138811222968,2.43063908743953,2.43063908743953,3.3502549029245805,0.014304218419895598,0.12,2020-09-25,-2.1131137358627066,0.010415329077543944,-2.488413984802136,2020-10-26
2020-10-02,-2.1186000744142985,-2.0034083413092554,-1.5871315397372188,0.020369556199554495,-0.017857523043895096,-0.014457581430360023,0.09702966014241854,-0.12908703228946639,-1.0839132282913395,-0.35588408680844585,0.35588408680844585,3.2846635654062037,0.009219626001030434,0.1200000000000001,2020-10-02,-2.0361418963373388,-0.008395884812511412,-2.3034073970391002,2020-11-02
2020-10-09,-1.8401265384364185,-1.885147512440488,-1.5684343657319708,0.014126304532672052,-0.04210285431200811,-0.007537213476300764,0.05416729968953682,-0.024245331268113013,-0.9707180048234354,-0.8732833516439844,0.8732833516439844,3.2718477096343066,0.0028885206162216903,0.07000000000000006,2020-10-09,-1.5651841217178364,-0.030820096206895187,-1.691407883929926,2020-11-09
2020-10-16,-2.1051919830888486,-1.8365047269274635,-1.5803931521355552,-0.015471390694658638,0.027738463243141,-0.027110893597009245,0.07900759513280908,0.06984131755514911,-0.9628956434166845,0.6308552407525955,0.6308552407525955,3.2947251371516386,0.009527443271216463,0.020000000000000018,2020-10-16,-1.5909182809105722,-0.0069753644841910045,-1.73898697637677,2020-11-16
2020-10-23,-2.3573862186229624,-2.0717635644747725,-1.6036093909550415,0.0019050621302918458,-0.02102365180460586,0.020929532167859755,-0.053245565917368065,-0.04876211504774686,-1.3477568813563,-0.41108915996460166,0.41108915996460166,3.3361253849184407,-0.014949574306821312,0.020000000000000018,2020-10-23,-1.5505616394447161,-0.03603792309141429,-1.6727165842682912,2020-11-23
2020-10-30,-2.0794660507352027,-2.062581809785708,-1.6289238680440086,-0.013752907933018754,0.02854143289061506,-0.013192931964713495,-0.00684660998285791,0.04956508469522092,-1.4479892982614861,0.632445036991328,0.632445036991328,3.6267380575760866,0.002664252680974144,0.08999999999999997,2020-10-30,-1.4950918833789106,-0.044421167647398896,-1.6541932973592406,2020-12-01
2020-11-06,-1.713890583916397,-2.0094862107184888,-1.8469409646850499,0.038904182742321325,-0.039773385898030256,0.011584946244935779,-0.0045171415688800565,-0.06831481878864532,-1.5901661730900838,-0.8174079559378464,0.8174079559378464,3.3170908723651555,-0.011604318835379601,0.06999999999999995,2020-11-06,-1.9082990900126788,0.002396020124837861,-2.2623345472266436,2020-12-08
2020-11-13,-1.1081805143156274,-1.5908801193231585,-1.8043299450805208,-0.03347057919835361,0.004657889698089779,-0.006414242258759195,-0.027597715113931276,0.044431275596120035,-1.6112705669900806,0.1468513669772371,0.1468513669772371,3.232778730037192,-0.009635033614072697,0.12,2020-11-13,-1.8015757838682218,-0.018286370660010043,-2.1073205638696,2020-12-15
2020-11-20,-2.9079764072341474,-1.609226050995876,-1.8291473831639675,-0.00833220745312957,0.00973393065482231,-0.01665151184218061,0.0031598673454968917,0.00507604095673253,-1.6383921819641265,0.25476155331767814,0.25476155331767814,3.1402654242862895,-0.007125878137601127,0.050000000000000044,2020-11-20,-1.8601509523852933,0.013036696850454277,-2.296628947252759,2020-12-22
2020-11-27,-1.6393254198408618,-1.5430848591692354,-1.8084219442319585,-0.042986705352327625,0.020066191810392375,-0.04435588765229337,-0.013483469817095362,0.01884145253763725,-1.7104917162323314,0.46844962612078095,0.46844962612078095,3.056356895370426,-0.01531859282279413,0.040000000000000036,2020-11-27,-1.945443795276581,0.05645489272432336,-2.6105538669638313,2020-12-29
2020-12-04,-1.7452142387965897,-1.5511211903825854,-1.776361406639135,0.02664009842357462,-0.03908538235452763,-0.05975027005316935,-0.01070589776668518,-0.05915157416492001,-1.738018701828562,-0.7821590233125802,0.7821590233125802,3.0577676644734435,-0.029330850555489896,-0.07999999999999996,2020-12-04,-1.9290088103696266,0.028243905658035473,-2.3734778814319637,2021-01-06
2020-12-11,-1.8059959241058199,-1.8443766281547078,-1.7458061578756345,0.0009860397111438601,0.010820688243879495,-0.019917439013350524,-0.006973763027500635,0.049906070598407126,-1.7657136974330658,0.2878614921930846,0.2878614921930846,3.1144038032714896,-0.0244803605828805,-0.17999999999999994,2020-12-11,-1.7074292949795842,0.010611574410191338,-1.9529998303393556,2021-01-13
2020-12-18,-1.9961029336612006,-1.7805781828745129,-1.7861273729800615,0.022641593450960507,-0.05095278545602877,0.007281026233351362,-0.05915128775628453,-0.061773473699908266,-1.5745210027005256,-1.0155991045782673,1.0155991045782673,3.0878555624297968,-0.027453135192204492,-0.18000000000000005,2020-12-18,-1.6808019112151538,-0.0034172837518831045,-1.9099590426513309,2021-01-21
2020-12-24,-2.4926483011894116,-1.9090422541036587,-1.7923218555937646,-0.0022090658780387074,0.005689563388104002,0.03955880156804081,-0.058593470016329086,0.05829339683336521,-1.3949304400898754,0.18820540680656023,0.18820540680656023,3.1488824530476656,-0.019930572390189027,-0.15000000000000002,2020-12-24,-1.6855769905578923,-0.01832175043507167,-1.9006188188525432,2021-01-27
2020-12-31,-2.5789738180980053,-2.094780144683203,-1.8034127651833176,0.015310639217628541,-0.016529986273643438,0.03945394077364117,-0.0561411709033699,-0.01321728078862261,-1.5283473472295324,-0.27983364233541785,0.27983364233541785,3.125443880075648,-0.018570229164979857,-0.14,2020-12-31,-1.750419693438488,-0.05768443126546785,-1.8600070842398293,2021-02-02
2021-01-08,-1.15268507429417,-1.7125353398930694,-1.7064832039430695,-0.02854902060183928,0.015551281223093572,0.0048577261080424705,-0.05112543879549847,0.03208126749673701,-1.36636646373107,0.40536480412862547,0.40536480412862547,3.107720775502038,-0.012610779628045243,-0.040000000000000036,2021-01-08,-1.958213742684201,-0.005332098897587123,-2.2340520653140543,2021-02-09
2021-01-15,-2.2503056012546945,-1.7204705486455352,-1.6962581806183241,-0.012831432457329761,0.01127647008005539,-0.02179081700525476,0.006985059544484695,-0.004274811143038182,-1.3864652651728173,0.3054514581594976,0.3054514581594976,3.1463051320333655,-0.002545553453574101,0.050000000000000044,2021-01-15,-1.9127393871609424,-0.03688712987904186,-2.1127393206865825,2021-02-17
2021-01-22,-1.7920719070385789,-1.6808888287544046,-1.6814748834745,0.0035716100543945473,0.005682619417106682,-0.003387078629002893,-0.013155665185345722,-0.022487664007392105,-1.5248492921474233,0.19200358374729629,0.19200358374729629,3.0596455992976437,0.0009990158882189348,0.020000000000000018,2021-01-22,-1.9367828781508718,-0.02873413854120166,-2.1381832635270004,2021-02-23
2021-01-29,-3.0092310706273366,-1.6986492744103325,-1.70346177702705,-0.007445668327775934,-0.06213555191465181,-0.02906200005234094,-0.03830827867985365,-0.06781817133175849,-1.2837856782311468,-1.2172586630192614,1.2172586630192614,3.4081729953985804,0.004986954926648579,-0.040000000000000036,2021-01-29,-1.727312248505859,-0.07025221617779742,-1.8355884294458384,2021-03-02
2021-02-05,-1.599442861025158,-1.6932238142970093,-1.8322101990694724,-0.016354567353685567,-0.014752684442024044,-0.05538360672219156,-0.043035333515070384,0.047382867472627765,-0.8268379798257925,-0.19471362936901657,0.19471362936901657,3.080532875246456,0.022093023048548766,0.0,2021-02-05,-1.7374252085636643,-0.06428984353141587,-1.9150436607834769,2021-03-09
2021-02-12,-2.274875234986917,-1.9462859198952414,-1.8242995949051959,0.005168909498473262,-0.009156791181640145,-0.015059716128593692,-0.08036240812120932,0.0055958932603838996,-0.8764267846142456,-0.07726308314426615,0.07726308314426615,3.056356895370426,0.0011065451533314175,-0.08000000000000007,2021-02-12,-1.795979273660982,-0.035637027901551654,-2.008451868382627,2021-03-16
2021-02-19,-1.9967424785693906,-1.9887556409964016,-1.8008613826671669,-0.024837254458652147,-0.031590013982083054,-0.04833103035061104,-0.09326879203126115,-0.02501159700947131,-0.8771307775699902,-0.5283092671702703,0.5283092671702703,3.1130707659712242,0.0013254737255445903,0.15000000000000002,2021-02-19,-1.8603422954021318,-0.039161688917496384,-2.0425613614053546,2021-03-22
2021-02-26,-1.4082967429211477,-1.716482884584664,-1.7707329417912234,-0.031630865648685,-0.007591231213831762,-0.06501733594868409,-0.06258722268464689,0.023998782768251292,-0.9549478977156306,-0.023631435139369796,0.023631435139369796,3.363495514478144,-0.005752911938743388,0.44000000000000006,2021-02-26,-2.102898308741295,-0.007581450896236852,-2.462645068082209,2021-03-29
2021-03-05,-2.180145518637979,-1.8153677122537384,-1.8103737454131488,-0.016638478209535457,0.03751882925090566,-0.055072087774160394,-0.0082408329176209,0.04511006046473742,-1.6552928378138148,0.9313756713883938,0.9313756713883938,3.3523572162426816,0.005581349721020423,0.38,2021-03-05,-1.9616373867102916,0.03573699245404338,-2.4910617009728755,2021-04-06
2021-03-12,-1.7677209402829435,-1.7525909330669205,-1.792548044032429,0.014658941142404736,-0.01361895309239447,-0.05844765717446787,-0.015281369037403625,-0.05113778234330013,-1.6801384048372061,-0.12721042969789273,0.12721042969789273,3.086943153607375,0.011551868568065338,0.32000000000000006,2021-03-12,-2.0380624976834025,0.007554596422804316,-2.4056465451531683,2021-04-13
2021-03-19,-2.5450664326689965,-1.8064822413533514,-1.8097789087191107,0.010778288931969193,-0.0008063991045346164,-0.02283211378384653,0.015502245840144813,0.012812553987859854,-1.7783872020476688,0.23354658430758302,0.23354658430758302,3.0717669598299886,0.013813003792308542,0.30999999999999994,2021-03-19,-1.960015004207026,0.02112495561510741,-2.4130522058966593,2021-04-20
2021-03-26,-2.702849492312524,-2.1659647545782326,-1.8145043906813265,-0.006144789927373218,0.039298449355412934,0.0026539619374652546,0.06239192640938951,0.04010484845994755,-1.845670597146925,1.3183968099770156,1.3183968099770156,2.9861868607104594,0.030055265723581748,-0.08999999999999997,2021-03-26,-1.980273016803093,0.037405276997371395,-2.544153244437928,2021-04-27
2021-04-01,-1.585493837081492,-1.9475232603704487,-1.7944027216653378,0.0012354644000165393,0.0072648235520866855,0.018317143751067633,0.03587271581240392,-0.022113140239733653,-1.931163852587367,0.4460874289717221,0.4460874289717221,2.9652730660692823,0.02475972290571793,0.10999999999999999,2021-04-01,-2.170239300913445,0.03572999767372664,-2.9423479890080584,2021-05-03
2021-04-09,-2.1998553113043102,-2.0637964558831676,-1.9032542003779434,0.007932453861772437,-0.0032360570689133894,0.01077629784997125,0.04602964024870859,-0.010500880621000075,-2.020600046220423,0.16599524987904873,0.16599524987904873,2.830267833826459,0.0029371426642148535,0.040000000000000036,2021-04-09,-2.1009570372031785,0.058810580012133684,-3.065162680752549,2021-05-10
2021-04-16,-1.9529764656348696,-1.9602315594286692,-1.913524877680891,0.0186887408491474,-0.00994480712695367,0.02304688978366709,0.023461923148039965,-0.00670875005804028,-2.0190638993349914,-0.01599494017641239,0.01599494017641239,2.8075938314384716,0.0029496568446472082,-0.09999999999999998,2021-04-16,-2.1168465563330527,0.051745285246519224,-2.8887803516922146,2021-05-17
2021-04-23,-2.3665682612603307,-1.9366197853353988,-1.907347229465333,0.0003004525520351464,-0.0017729148726681743,0.028157111662971523,-0.007688955516448548,0.008171892254285495,-2.08074654816989,0.21372167591076455,0.21372167591076455,2.9290581402859983,-0.013053562316064138,-0.07000000000000006,2021-04-23,-2.18447276471437,0.05543544391338351,-3.02084533936936,2021-05-24
2021-04-30,-2.9865747402747194,-2.2578052610208394,-1.9257758479551497,-0.004456974431031213,0.0009427961885948299,0.02246467283192377,-0.014010982879940403,0.002715711061263004,-2.135694395412843,0.2960070104410832,0.2960070104410832,2.8684669225081145,-0.028505005345613732,-0.14,2021-04-30,-2.238879949461228,0.05838918789866465,-3.0906944370666034,2021-06-01
2021-05-07,-1.7565614079507146,-2.089375513431591,-1.9360896554989981,0.035170371679027035,-0.023860470587413918,0.04970259064917837,-0.03463539639844093,-0.024803266776008748,-1.8138288693224145,-0.3599149743394113,0.3599149743394113,2.91180703861623,-0.012130640459472097,-0.18000000000000005,2021-05-07,-2.175831708097656,0.02982224035376646,-2.523201720943332,2021-06-08
2021-05-14,-2.27897778679382,-2.1749520001515887,-1.9584497353446129,0.006390204778764286,0.0067829096413185574,0.037404054578795254,-0.017907679630168705,0.030643380228732475,-1.804412065311701,0.44927209783747585,0.44927209783747585,3.141130476243348,-0.01008667885430814,-0.07999999999999996,2021-05-14,-2.245934154951367,-0.0037275678802011214,-2.449611620600923,2021-06-15
2021-05-21,-2.412882499211191,-2.182547467254171,-2.0078053636519497,0.019213110070499084,0.01646740909129374,0.05631671209725919,0.00033264433379320835,0.009684499449975181,-1.7898137880296017,0.6949494699239265,0.6949494699239265,3.028683373693677,-0.016783040253629977,-0.020000000000000018,2021-05-21,-1.765723565308809,-0.0589780117563361,-1.8647499110613008,2021-06-22
2021-05-28,-2.635140040033859,-2.1576538090486435,-2.1038485505711564,0.01320492980656951,-0.0011837660213367407,0.07397861633485991,-0.0017939178761383623,-0.01765117511263048,-1.7680048040036058,0.17813406940036242,0.17813406940036242,2.817801065061329,-0.007088293973080084,-0.040000000000000036,2021-05-28,-1.7620590136770673,-0.07630690951108932,-1.8386626288453185,2021-06-29
2021-06-04,-1.7917022915394596,-2.1455775494114535,-2.109647305123634,-0.0030997462511059837,-0.00038815468547337417,0.04090199812469475,0.02487038066978542,-0.007960705707692028,-2.013711207321233,0.18305432288828663,0.18305432288828663,2.8925915146344776,-0.008910433184811772,0.08999999999999997,2021-06-04,-1.8671049840201845,-0.05637493784250491,-1.9469791526833404,2021-07-06
2021-06-11,-2.3634001275602925,-2.159667554193771,-2.0949992485900575,-0.008047638401163404,-0.01153264289365552,0.02658213120290398,-0.0012464716679048138,-0.011144488208182146,-2.090259714826427,-0.13108524638832703,0.13108524638832703,2.7788192719904172,-0.006969409815585692,-0.050000000000000044,2021-06-11,-1.9126697017998888,-0.031927844204929556,-2.0039026090918624,2021-07-13
2021-06-18,-1.3457177612485265,-1.8020019815318857,-1.948704652099334,-0.06348456427301574,0.016558210984707777,-0.06473563758414702,0.012209964427797537,0.028090853878363298,-2.1947007794718654,0.6837739418314155,0.6837739418314155,2.8763855159214247,0.018673619623390536,0.050000000000000044,2021-06-18,-2.5487094451364265,0.014509396884866632,-2.9246388492978896,2021-07-20
2021-06-25,-2.358052089516247,-1.781699697805784,-2.004565565631055,0.010014584886841149,-0.002470019540181667,-0.06461736403844398,0.002167393865397216,-0.019028230524889445,-2.322695504876754,0.13645388075757284,0.13645388075757284,2.770711962226921,0.019576109290906807,0.009999999999999898,2021-06-25,-2.5419790904747748,0.011103932288706986,-2.9013070201299325,2021-07-27
2021-07-02,-2.325524326351613,-1.8693506946386647,-2.0227561748258243,0.00419311127122679,-0.010992854084692638,-0.05732450651611121,-0.008437305533822048,-0.008522834544510971,-2.2165197618748773,-0.10367931953844357,0.10367931953844357,2.739548868161581,0.02293927446807853,-0.07999999999999996,2021-07-02,-2.5439870545371015,0.008115979346620783,-3.00995605262507,2021-08-03
2021-07-09,-2.6810437861440644,-1.8686328160440924,-2.036467129212062,0.01794872269886838,0.014636093507679249,-0.04918125245768845,0.021821400077462805,0.016580481955748905,-2.084504694383777,0.6114059123138574,0.6114059123138574,2.9444389791664403,0.024551845053706778,-0.10000000000000009,2021-07-09,-2.005117325642254,-0.04403226260225246,-2.109675451111617,2021-08-09
2021-07-16,-2.2676062763088116,-2.393898103015345,-2.061526232578801,0.0011812472114423045,0.018696293280852316,0.021238031775216548,0.0329486959737868,0.004060199773173068,-2.105320575932789,0.7037205476779855,0.7037205476779855,2.8338014064077703,0.016218102338043217,-0.26,2021-07-16,-1.9394187168802164,-0.014191369460411885,-2.1521571700252187,2021-08-16
2021-07-23,-3.2367209672567916,-2.5394155431103136,-2.067839235415861,-0.005030078957664941,0.012797221220540944,0.01506307226243564,0.04418521956100285,-0.005899072060311372,-1.8717197798420102,0.4995720063365733,0.4995720063365733,2.872999508171694,0.011049799655213022,-0.17000000000000004,2021-07-23,-1.9031685054953165,0.0033838499827876234,-2.161669647432123,2021-08-23
2021-07-30,-2.254558820480398,-2.481497861626667,-2.074131748580352,0.007447340688489845,-0.004472714542796297,0.02154723164113559,0.04165689346627621,-0.01726993576333724,-1.77608464124987,-0.06384051393641071,0.06384051393641071,2.8735646395797834,-0.006294126274877243,-0.2799999999999999,2021-07-30,-1.8802657043269821,-0.0015340721776899713,-2.1574374270867778,2021-08-30
2021-08-06,-1.702929900255644,-2.1303030654205664,-2.04877676201369,-0.03097782732197185,0.017135404762780304,-0.027379318379704642,0.04415620472137727,0.0216081193055766,-1.8608232872087753,0.6259571049916114,0.6259571049916114,2.8495497633759097,-0.0013001382933692796,-0.18000000000000005,2021-08-06,-2.024055203356797,0.03636988505531402,-2.5516718650401677,2021-09-07
2021-08-13,-1.665024982651667,-1.946590386335873,-1.9923192382963222,0.010573158380666747,0.0352991268363998,-0.0179874072104802,0.06075903827692475,0.018163722073619493,-1.7919111593128632,1.2806374820983968,1.2806374820983968,2.7466296830696852,0.004524387343643355,-0.040000000000000036,2021-08-13,-2.151089864723534,0.00952278391845951,-2.5195410282358455,2021-09-14
2021-08-20,-3.148834312569121,-1.9447739996735944,-2.0005341632555043,0.0018613446906448061,0.03048744229131728,-0.011095983562170453,0.07844925934770108,-0.004811684545082517,-1.932971788738161,1.0942785196723424,1.0942785196723424,3.075928815548268,0.008047685501145097,-0.030000000000000027,2021-08-20,-1.9606204500466164,-0.01607109613936064,-2.15553238811517,2021-09-21
2021-08-27,-1.9288003971535137,-1.8865176630513336,-2.0025244194624063,0.020719702901903503,-0.024159601991438517,0.002176378651243205,0.05876237189905886,-0.0546470442827558,-1.951816000767601,-0.9330299264478422,0.9330299264478422,2.935982269148217,0.012978734639733425,0.15999999999999992,2021-08-27,-1.9757288959508355,-0.04406266688486138,-2.0803994335620666,2021-09-28
2021-09-03,-2.4467507228338614,-2.0503399420358495,-2.004135717874397,0.005098883528647846,-0.019233183867757297,0.0382530895018629,0.02239378326852126,0.00492641812368122,-1.8148236377203666,-0.7641573552376161,0.7641573552376161,2.7978909051019993,-0.00010835915628071291,0.07000000000000006,2021-09-03,-2.0198704005435886,-0.018778826570048146,-2.250006575716503,2021-10-05
2021-09-10,-1.787542616493624,-2.075762148473401,-2.0069762172178973,-0.012305879331751868,-0.0055077737773014945,0.018960772865006525,-0.0035740861595954243,-0.0017019738280543706,-1.9087812136006685,-0.23246632917450388,0.23246632917450388,2.9338568698359038,-0.0046388808457953346,-0.010000000000000009,2021-09-10,-2.0284820998075306,-0.023036701544123517,-2.2502900349710395,2021-10-11
2021-09-17,-1.737766781800499,-1.9443744312550286,-2.076478509683438,-0.020608001910678908,0.037915600481927214,-0.017192725054378855,0.019261037100364753,0.04342337425922871,-1.7753127986116821,1.377743181770944,1.377743181770944,2.9279886214674717,-0.003010741836585673,0.040000000000000036,2021-09-17,-2.048283646002489,-0.0001212894709787804,-2.457366731975048,2021-10-18
2021-09-24,-2.196356915821579,-1.9296350897954457,-2.063410584552588,-0.0028740118854884145,-0.0014264513203494644,-0.0264087323646649,0.02717557543502913,-0.03934205180227668,-1.7808358563429842,-0.0786191657927659,0.0786191657927659,2.924773184613497,0.0029042847566866925,0.09999999999999998,2021-09-24,-2.058664673159442,0.0318154952467502,-2.6059516510493514,2021-10-25
2021-10-01,-1.901477593896419,-1.8773481312949758,-2.019971474851902,0.007868492141621886,0.002090871731910582,-0.027919400986297305,0.03307224711618684,0.0035173230522600463,-1.5393512449257756,0.10806976772047892,0.10806976772047892,3.1415627217655304,0.019282901504806382,0.18000000000000005,2021-10-01,-2.189593662643,0.012977853561850772,-2.591706658543318,2021-11-01
2021-10-08,-2.7641942738019525,-2.0257173671932924,-2.0259592854831294,-0.0021896524717242016,-0.007934083646842893,-0.01780317412626964,0.03064593724664544,-0.010024955378753475,-1.6467438302187967,-0.3202232552848727,0.3202232552848727,2.972463646614637,0.018640045004686634,0.20000000000000007,2021-10-08,-2.0493130041476992,0.03906348791956038,-2.568593685846086,2021-11-08
2021-10-15,-1.7513201318936453,-2.0316989995501755,-1.9709272677692944,0.006675629304041308,-0.02295264420524301,0.009480457088450578,-0.030222307440524787,-0.015018560558400118,-1.7110851036296533,-0.988835279210109,0.988835279210109,2.8249439525737094,0.011776160882322806,0.010000000000000009,2021-10-15,-2.2425311181318213,0.05462870847886592,-2.977495233097474,2021-11-15
2021-10-22,-2.5117010915918736,-2.0756400341565477,-1.9747255554142331,0.01465053161008445,-0.028874061324851485,0.027005000584023442,-0.05766991744502681,-0.005921417119608474,-1.6721687071300155,-1.1920935968775879,1.1920935968775879,2.7087166456453704,0.007170771738534754,-0.05999999999999994,2021-10-22,-2.0040484729399632,-0.001125283286612877,-2.2735416769599164,2021-11-22
2021-10-29,-2.3442005620248487,-2.1922786558228395,-1.963718040651219,-0.006698251119496845,0.013468273770446348,0.012438257322904711,-0.04629251540649104,0.042342335095297834,-2.07323569412956,0.6158554788137757,0.6158554788137757,2.805176911832933,-0.009594972686172376,-0.15000000000000002,2021-10-29,-2.0166065707573546,-0.01213157780929297,-2.274602978993438,2021-11-30
2021-11-05,-1.955694097038452,-2.052849835533329,-2.0510242154306026,0.018961027703895184,0.007259713915901855,0.033588937498524096,-0.031098717843746293,-0.006208559854544493,-1.9423306433884417,0.3551981696887731,0.3551981696887731,2.73696154459663,0.0013787694142459728,-0.15000000000000002,2021-11-05,-2.113345437648001,-0.02158655514967478,-2.2974296440864515,2021-12-07
2021-11-12,-2.3283176260522933,-2.240431462806742,-2.057425842634767,0.026781354306300464,-0.019982668993337338,0.05369466250078325,-0.02812874263184062,-0.027242382909239193,-1.932745205066012,-0.8435246342663821,0.8435246342663821,2.8713021951758138,0.01290068885235307,-0.1399999999999999,2021-11-12,-2.1255667219995478,-0.05148059913776759,-2.2259355525096756,2021-12-14
2021-11-19,-2.2811852745682484,-2.1995890179804096,-2.0561008638934197,-0.010603432204574048,0.018421783825678606,0.028440698686124755,0.01916710251868947,0.038404452819015944,-2.1547974578988613,0.825397755427125,0.825397755427125,2.8673305587494666,0.0187000779125972,-0.17999999999999994,2021-11-19,-2.4444352937462255,-0.010245509985874257,-2.7698156045858737,2021-12-21
2021-11-26,-1.7076246313162855,-1.9982009796678175,-2.0140294642690977,-0.04161518441929246,0.030150238554565334,-0.007344825652454645,0.0339075675693703,0.014341032122872743,-2.01427079688739,1.3294022340585794,1.3294022340585794,2.922085733385692,0.0312557773847173,0.14000000000000012,2021-11-26,-2.4152637328134476,0.012050520492057792,-2.8812754551410147,2021-12-28
2021-12-03,-2.3971243188928644,-2.047665335071979,-2.060058135241715,-0.0013194269243843593,0.02331471513751815,-0.006102621652087414,0.047585865165508334,-0.006835523417047185,-1.8434179440996181,0.9713065950413665,0.9713065950413665,3.3304171996011083,0.02389709663712747,-0.09999999999999998,2021-12-03,-2.2642301986840963,0.019953644643146973,-2.6358788071481727,2022-01-04
2021-12-10,-2.7942043976100672,-2.1662850676290604,-2.138720109500636,-0.0003001293546143202,0.016628951041743445,-0.04426900314205717,0.08590311116551952,-0.006685764095774704,-1.877431614784765,0.6674877864020407,0.6674877864020407,3.0717669598299886,0.014860028626149102,0.15999999999999992,2021-12-10,-2.1317366709118666,0.019509014195676855,-2.5037366815456705,2022-01-11
2021-12-17,-2.163674331443996,-2.1160374382694274,-2.136348519470345,0.007297126720742675,-0.0014450515321722257,-0.035937613977548466,0.0686488532016547,-0.01807400257391567,-1.8801421955527884,-0.11261717891233138,0.11261717891233138,3.0238337036648657,0.0021889734228315305,0.1200000000000001,2021-12-17,-2.1298427852125896,0.02942692811112746,-2.594410344769877,2022-01-19
2021-12-23,-2.5737555889122414,-2.4310835517054157,-2.137998083903938,0.004805262690766199,-0.012835191181354677,0.01100910356603002,0.04034769475954736,-0.00263515783121937,-1.8825085070018486,-0.6533944026368323,0.6533944026368323,2.924773184613497,-0.004258157063562251,-0.06000000000000005,2021-12-23,-2.1485734762935706,0.018775265616286063,-2.5758293016772633,2022-01-25
2021-12-31,-2.546427984424809,-2.410996034306847,-2.177500239851005,0.01170845868552206,-0.004696895455883698,0.034030654510345926,-0.00483678184020464,0.008138295725470979,-2.3957180329390195,-0.28981249735155695,0.28981249735155695,2.8524391037275145,-0.0008332656379925751,-0.050000000000000044,2021-12-31,-2.0950183255856043,-0.0005942839742356654,-2.4074338671176108,2022-02-01
2022-01-07,-1.8653783613750976,-2.193080086426859,-2.159415568262059,-0.018954874430667346,0.023301560200905236,0.011210111037798676,-0.0044305597864684465,0.027998455656788934,-2.4100344943975474,0.9434787913674645,0.9434787913674645,2.976039640208255,0.0037472783674266097,0.27,2022-01-07,-2.1680440144032134,0.013987128679763927,-2.5491518550487506,2022-02-08
2022-01-14,-2.3515751716632867,-2.2437416888466535,-2.187861441814634,0.011380587411197851,-0.016359110965694423,0.008939434356818765,-0.010589637402027563,-0.03966067116659966,-2.282560001812125,-0.8194934358462931,0.8194934358462931,3.011113375592293,-0.017982723930423994,0.19000000000000006,2022-01-14,-2.030663037636454,0.021550180940864472,-2.4701562245030453,2022-02-15
2022-01-21,-2.137149310381136,-2.162445605608417,-2.1670528458407885,0.005450520018432492,-0.04260261645966601,0.014720002326253478,-0.0441746044971123,-0.022205899931095008,-1.9098507061087162,-1.9352633318548818,1.9352633318548818,3.2422016501716975,-0.007803192241363277,0.45999999999999996,2022-01-21,-2.031148658542323,0.031245427136326498,-2.4848146229775034,2022-02-22
2022-01-28,-1.8574247793005256,-2.000158400693145,-2.110821776428421,-0.02359724030450483,0.05395379387954158,-0.016028819722434307,0.013937802101021912,0.09655641033920759,-1.7205261751927008,2.289558921803677,2.289558921803677,3.4173987610001633,0.01376906492867036,0.39,2022-01-28,-2.0255449171437117,0.077417036918205,-3.0997480680096863,2022-03-01
2022-02-04,-2.9618186069148167,-2.18462350305812,-2.163482899018123,0.010477500728422129,0.006621986022066206,0.011136009576387274,-0.0024235530866292265,-0.04733180785747537,-1.7474400830009025,0.15832803117593872,0.15832803117593872,3.192531849528599,-0.008456543471732303,0.2599999999999999,2022-02-04,-1.6998898893493772,0.1184947076855627,-2.8443817371732703,2022-03-08
2022-02-11,-1.8976182669742212,-2.0720251773676055,-2.1267923846883576,0.02889276167308452,-0.019920259487025582,0.021223542115434313,-0.001947096045083807,-0.02654224550909179,-1.750664330072257,-1.1111651169101318,1.1111651169101318,3.1742967814702334,0.005772811024598035,0.32,2022-02-11,-1.5214270266281655,0.02347190208508021,-1.892918184378636,2022-03-15
2022-02-18,-1.9407666652241387,-2.02184000570159,-2.1785148970672856,0.018864706863524816,0.005667659336304531,0.03463772896052664,0.046323179750886734,0.025587918823330114,-1.9827332284937793,0.09841860061704366,0.09841860061704366,3.3361253849184407,0.0006265551807924652,0.03999999999999998,2022-02-18,-1.5393656543965188,0.010480662477389657,-1.882136330174067,2022-03-22
2022-02-25,-2.7686247069462215,-2.189691689706662,-2.1741652955804147,-0.003957025752325372,-0.020158941759354843,0.052023915194771675,-0.011562639409989472,-0.030099023265518277,-2.1007395842741623,-1.1952581766283294,1.1952581766283294,3.411807560774171,0.006713876741488711,-0.05999999999999994,2022-02-25,-1.4860215250999764,0.003804797960284212,-1.8063023671903633,2022-03-28
2022-03-04,-1.5902075461357634,-1.9044228002181058,-2.0731305196412295,0.03959093359640509,-0.014288291291802313,0.08566599148740206,-0.04665754403142719,0.0058706504675525295,-1.988547910184639,-0.8635401684186235,0.8635401684186235,3.4170707308184456,0.019099310165223926,-0.19999999999999996,2022-03-04,-1.5967956653861657,-0.032938298915591524,-1.8225932837321666,2022-04-04
2022-03-11,-1.1689263981962692,-1.548911763046098,-1.8809848907541546,0.0076471002267481936,-0.002035208563186952,0.08175504681964618,-0.026542360108180674,0.012253082728615361,-2.0106242595813297,-0.24997836720905178,0.24997836720905178,3.408834808791367,0.031136579962142363,-0.4,2022-03-11,-2.001165731362321,0.00038386522960820457,-2.2275852372143548,2022-04-11
2022-03-18,-1.652660643922049,-1.5540926715765213,-1.834238052178609,-0.031781775851577265,0.0044772764784482,0.011499232219250644,-0.03200516513589591,0.006512485041635152,-1.932578208268584,0.07597787010302658,0.07597787010302658,3.245322994883049,0.023851269507022543,-0.27999999999999997,2022-03-18,-2.0840184518554064,0.0063450743254778175,-2.3440826078429353,2022-04-19
2022-03-25,-1.9989906239092259,-1.5153089666944641,-1.8142958156366742,0.017032051646772572,-0.002753500638012607,0.03248830961834859,-0.014599724014553672,-0.007230777116460807,-2.0211264485510343,-0.26384435610988705,0.26384435610988705,3.075928815548268,0.016843163689408414,0.010000000000000009,2022-03-25,-2.1634741637504096,-0.009764880389496078,-2.324158950273198,2022-04-26
2022-04-01,-1.9012607885922055,-1.5678156555320926,-1.810988850210674,-0.01591724134992667,0.016106255856845664,-0.02301986532798317,0.015794823134094305,0.01885975649485827,-2.239501806380006,0.7119852760040115,0.7119852760040115,3.0233474405869645,0.0053033948587186686,0.30999999999999994,2022-04-01,-2.0320383220487575,-0.03543788377611623,-2.1271873056004105,2022-05-03
2022-04-08,-2.5472255456406945,-1.934690267269371,-1.8278268094503742,0.010915149585348338,0.007403296781816504,-0.019751815969383024,0.02523332847909776,-0.00870295907502916,-2.2565403063542453,0.2453439350229469,0.2453439350229469,3.070375816549757,0.012508968216967453,0.72,2022-04-08,-1.940234865333719,-0.061920888865481416,-2.023498728570688,2022-05-10
2022-04-14,-2.423645626384595,-2.128937679286956,-1.8405108359080216,0.02030915104172415,-0.020266057580554886,0.01726398046740485,0.004063896511232734,-0.02644674327317631,-2.397562372941844,-1.1522173503872024,1.1522173503872024,3.0828269804049246,0.015131934463653351,0.51,2022-04-14,-1.841020908568411,-0.08009691651218454,-1.9273273660421106,2022-05-16
2022-04-22,-1.986361131876499,-2.1525405259188894,-1.8363061938312093,-0.020586460491946568,0.037318721720953185,-0.01562968150110855,0.04100571094130956,0.05758477930150807,-2.1502309785310225,1.7501757029233165,1.7501757029233165,3.121483478859551,0.019679340302643844,0.5,2022-04-22,-1.9583672962523129,-0.024123732787669105,-2.161778796649463,2022-05-23
2022-04-29,-1.9303527056303735,-2.1530464303282963,-1.8207192641188592,-0.0189254789339115,0.03968407418932651,-0.020920274426303287,0.06291742402234624,0.0023653524683733274,-1.9874274519798385,1.7627086244076633,1.7627086244076633,3.4008639927609177,0.05790805620657302,0.39,2022-04-29,-2.042179654026233,-0.014444695054464773,-2.309427867085443,2022-05-31
2022-05-06,-1.8712930810061628,-2.012752443809353,-1.7903789225294773,-0.008458061295813835,0.009767913781526527,-0.027660849679947752,0.06650465211125134,-0.029916160407799985,-1.832354569803087,0.27302464031188367,0.27302464031188367,3.4404180948154366,0.04082200984032447,0.4,2022-05-06,-2.0335721489651566,0.000346987206783389,-2.380486868743906,2022-06-07
2022-05-13,-1.704747421172958,-1.861601337775929,-1.7858103799225824,-0.038527789160733406,0.02336820035328513,-0.08649778988240531,0.11013891004509135,0.013600286571758602,-1.556460047610707,0.8657777011907197,0.8657777011907197,3.4585224482814247,0.048561304882205114,0.35,2022-05-13,-1.8943843650971781,-0.010797441335121505,-2.1420114452186425,2022-06-14
2022-05-20,-2.0282442516970263,-1.8694894424842416,-1.7789724226822217,0.01901357418869054,-0.013909106622179923,-0.0468977552017682,0.058911081701958246,-0.03727730697546505,-1.550801829374687,-0.8598587228754452,0.8598587228754452,3.3792925462741055,0.02105340287666646,0.37,2022-05-20,-1.863005680117107,-0.008833696515970324,-2.1229533654675703,2022-06-22
2022-05-27,-2.5625915581253613,-1.9559773150549438,-1.814721759596458,0.004755328565612338,-0.009590745492007002,-0.02321694770224436,0.00963626202062473,0.004318361130172921,-1.6144984443826063,-0.6437377055474466,0.6437377055474466,3.3141860046725258,-0.01742561372787499,0.25,2022-05-27,-1.904407409254564,-0.009687970983599747,-2.166830093953816,2022-06-29
2022-06-03,-1.960576201300175,-1.9799816719819154,-1.9728545432711881,-0.0010424086059446225,0.002904312139353049,-0.014667675475595665,0.012156714687369341,-5.6532550988475094e-05,-1.6445131226279388,-0.06376289906211675,0.06376289906211675,3.20761263258949,-0.008025094184721304,0.19,2022-06-03,-1.7930881028308476,-0.0579873040419745,-1.9305984008411776,2022-07-06
2022-06-10,-2.1865870302125003,-2.1081528789624016,-2.022528568047452,0.011292995579047727,0.013272165354403231,0.025355976645903056,-0.029096530614218796,0.010367853215050182,-1.7870844227176483,0.41741277367136775,0.41741277367136775,3.261552099148637,-0.006084891082209332,0.07999999999999999,2022-06-10,-2.049137273674301,-0.050262360588352095,-2.194431196376313,2022-07-13
2022-06-17,-1.4273308630705448,-1.865055567316175,-1.9402493304953454,-0.018912619679057663,-0.008456911212034068,-0.0037298217658410238,0.010680410972063736,-0.0217290765664373,-1.9880512484472586,-0.6066494769189206,0.6066494769189206,3.4949912609485163,-0.001735444994737989,0.49,2022-06-17,-2.1052672501183527,-0.07664937509443703,-2.125057113481221,2022-07-20
2022-06-24,-2.4884748786775086,-1.877315544006128,-1.9759055772003824,-0.015170406538508097,0.02156326020583199,-0.017426238740344324,0.024235993015398805,0.03232565457968484,-1.8918975637799722,0.7936107756055931,0.7936107756055931,3.3690184832979204,0.02491766596523526,0.38,2022-06-24,-2.0432156432723283,-0.059786250715869294,-2.1389950712028485,2022-07-26
2022-07-01,-3.0741281208684224,-1.9496131093508848,-1.9898098334899785,-0.010460714132577209,0.05301912271507536,-0.03519783506591789,0.08216036386567582,0.03145586250924337,-1.7763413155119523,2.2016839294197714,2.2016839294197714,3.3572454941329726,0.020653111374482336,0.36000000000000004,2022-07-01,-2.1140295150230384,-0.004257895372898446,-2.413643264394764,2022-08-02
2022-07-08,-1.66107741537439,-1.802865283581528,-1.9234342138152922,-0.03725187941785091,0.009421343954636452,-0.06257260854193003,0.07187176895134018,-0.018366124826521002,-1.7598309055805832,0.16725251552230094,0.16725251552230094,3.261168737058452,0.04593787034859975,0.43000000000000005,2022-07-08,-2.038127868764776,0.03206424780281214,-2.554446355171946,2022-08-08
2022-07-15,-2.1490344826153773,-2.0600824155612374,-1.9297682151495144,-0.020479434545459974,0.013829268132633299,-0.07135058813967365,0.07805178641285826,0.004407924177996847,-1.6862637042628115,0.3747501522124104,0.3747501522124104,3.2733640101522705,0.0282183004743759,-0.27,2022-07-15,-2.0262253541963315,0.04032930458975681,-2.5946072581304445,2022-08-15
2022-07-22,-2.0986162792121568,-2.0457274111731287,-1.9464646668775198,0.010385501880597836,0.013298474783422165,-0.0579740875336503,0.06433655565184937,-0.0005307933492111339,-1.7110736269548734,0.3763340850702083,0.3763340850702083,3.1402654242862895,0.02567529324777773,-0.040000000000000036,2022-07-22,-2.085667808035718,0.008761380079041814,-2.5374276619299083,2022-08-22
2022-07-29,-2.155658147801186,-1.9678837792470485,-1.9651016736381228,0.021123474631050243,-0.06598521246853384,-0.026222337451662803,-0.029436125597841922,-0.079283687251956,-1.54426555995606,-3.172296242165187,3.172296242165187,3.1059310658520665,0.011728100656484663,-0.54,2022-07-29,-2.11690076726353,-0.01939550032020332,-2.406836106322853,2022-08-29
2022-08-05,-1.8710041844768168,-2.054062726455449,-1.9573727443626459,0.007225431020622786,0.027209937990694932,0.01825497298681089,-0.011647531561783442,0.09319515045922877,-1.5863536109678502,0.9822081550204915,0.9822081550204915,3.0652583362026014,-0.013532720515678776,-0.4600000000000001,2022-08-05,-2.2072353964140343,-0.05145434052324127,-2.348893783931747,2022-09-06
2022-08-12,-2.3579737478400897,-2.0906802120101857,-1.9926421376458816,0.01548837493690769,-0.029319128411137818,0.054222782469178554,-0.05479592810555456,-0.05652906640183275,-1.5303227921800666,-1.4165820955786728,1.4165820955786728,3.005682604407159,-0.03230168604004824,-0.21999999999999997,2022-08-12,-2.1627934069328645,-0.04423242809655292,-2.3307403580261616,2022-09-13
2022-08-19,-2.141659145417122,-2.100932808457405,-1.9946323923637073,-0.031158901445341947,0.05713375315253222,0.012678379143238772,-0.010960649736444505,0.08645288156367004,-1.4716437131462081,2.343652782698869,2.343652782698869,2.9734866646066713,0.005317421700849145,-0.21999999999999997,2022-08-19,-2.0430660790116453,-0.041494961326529634,-2.185544859009675,2022-09-20
2022-08-26,-2.166640632901007,-2.1033728947674004,-1.9855310260277637,-0.0059172184886815415,0.004967943560155064,-0.014362313976493013,0.059992506292244396,-0.052165809592377155,-1.7124606375196259,0.05647961893175881,0.05647961893175881,3.0809921175048145,0.019738121007421228,0.22999999999999998,2022-08-26,-1.957098378098792,-0.06588219563944797,-2.057984086375853,2022-09-27
2022-09-02,-2.120683851341493,-2.188415109995816,-1.988981035002171,-0.015575668975933432,0.030999262393666793,-0.03716341397304923,0.06378183069521626,0.02603131883351173,-1.6994370694082317,1.1318554147612134,1.1318554147612134,3.241028629509334,0.037147923559624374,0.5900000000000001,2022-09-02,-1.7355114685755668,0.01485777967492119,-2.161707696886113,2022-10-04
2022-09-09,-2.1348113294901507,-2.1374992683592198,-2.083524556592314,0.012276349159928479,-0.04352450916483974,-0.039985636650494705,0.035070439475142656,-0.08615258034163986,-1.818966301379694,-2.036451460769917,2.036451460769917,3.1616703510974213,0.04197724118991886,0.53,2022-09-09,-1.6972230726679423,-0.0325865354627064,-2.0173744464012713,2022-10-10
2022-09-16,-1.7508753822776943,-2.019276438496396,-2.0562387504340984,-0.025218411379175798,-0.06317256110445157,-0.0505486763651648,-0.04777314622055151,-0.019648051939611832,-1.5364956402587007,-2.5877358237819124,2.5877358237819124,3.2684276036974484,0.029311868795294238,0.5900000000000001,2022-09-16,-1.7626620734343346,-0.0164203605668094,-2.152385058310866,2022-10-17
2022-09-23,-2.0062868934609783,-1.9543377968152322,-2.0173124102679636,-0.01832657356202816,0.01732071728698381,-0.06783763168232593,-0.046748281805507386,0.08049327839143539,-1.484264341187972,0.604869722633961,0.604869722633961,3.3087165288679903,0.024270592633760302,0.8,2022-09-23,-1.7591045161187127,0.015875420341756374,-2.3029819903086906,2022-10-24
2022-09-30,-1.779852015062081,-1.8934355491227266,-2.0401795580321296,0.010790560378552527,0.002758423839787749,-0.02047807540272295,-0.08661792914251976,-0.014562293447196062,-1.4893486240411755,0.013607388392257936,0.013607388392257936,3.460723360976182,0.032136760570248946,0.9,2022-09-30,-1.9617269297585593,-0.04202454483028184,-2.2033559171658386,2022-10-31
2022-10-07,-1.5285932601554972,-1.7381017023858383,-1.9634919972497014,0.020541478510423872,-0.03502837264438652,-0.012212946052227558,-0.07812179262206653,-0.03778679648417427,-1.1433339900259312,-1.345339535428023,1.345339535428023,3.4183822064162563,0.02297711605894115,0.7300000000000001,2022-10-07,-1.8220383336604562,0.0023769668712469993,-2.3956511272886574,2022-11-07
2022-10-14,-1.8684186837155576,-1.764303037391655,-1.9450130815102231,-0.031528115756524144,0.06426870067746426,-0.018522650429575904,0.049319469159849305,0.09929707332185078,-1.2235509292853544,2.23584855648821,2.23584855648821,3.4638591427868666,0.02359409550360958,0.6099999999999999,2022-10-14,-1.5865988217894047,0.07228125013978026,-2.559811974607702,2022-11-14
2022-10-21,-1.8309720707896724,-1.732952267417787,-1.9204554210868654,0.007618948772019074,-0.04735588602920515,0.007422871904471329,-0.015357134156339658,-0.11162458670666942,-1.238611878348018,-1.8275727393218084,1.8275727393218084,3.4005304926744517,0.013646903212754857,0.43999999999999995,2022-10-21,-1.6442349861003815,0.05217810131783196,-2.624107921375202,2022-11-21
2022-10-28,-2.398723432261169,-1.8210815988778113,-1.9390477534200474,-0.006442964218061675,-0.005316177745960271,-0.009810652692142874,-0.023431735742087678,0.04203970828324488,-1.264389326128951,-0.2937584293118898,0.2937584293118898,3.3101779832749867,-0.014898890649385876,-0.06000000000000005,2022-10-28,-1.660076621888597,0.06880409509094587,-2.7802833360761072,2022-11-29
2022-11-04,-1.424939980087446,-1.7718965873490864,-1.8529100797219924,0.021381155596036372,-0.06082729867832182,-0.008970975606530374,-0.04923066177602298,-0.055511120932361546,-1.493481001499223,-2.2649582518041926,2.2649582518041926,3.2308043957334744,0.005950531894558964,0.1299999999999999,2022-11-04,-1.7122433645551869,0.056081238878369355,-2.4973802644417766,2022-12-06
2022-11-11,-1.2893769972253626,-1.586076452027717,-1.7595288744859052,0.05041092439325645,0.015212161068577146,0.07296806454325022,-0.0982872013849101,0.07603945974689896,-1.6091942621713757,0.47756039896297064,0.47756039896297064,3.158276202739271,-0.03763423254524678,-0.19999999999999996,2022-11-11,-1.9710980102276858,0.021534565877989742,-2.45846999673257,2022-12-13
2022-11-18,-2.5398887099974825,-1.6477710562757681,-1.7624755287604394,-0.010814245130823963,0.024903875713833568,0.054534870640407185,-0.026027439641871375,0.009691714645256422,-1.5684096692777612,0.788434748976418,0.788434748976418,3.175132901920282,-0.05639782712613606,-0.24,2022-11-18,-1.8349689119524748,0.04351663635728009,-2.3448788016098874,2022-12-20
2022-11-25,-2.5540863074473137,-1.6454370722526843,-1.7775338212184546,-0.004279501240248784,-0.02632594121610765,0.05335266689935558,-0.03902064387151105,-0.06365804007970999,-1.5319306142228737,-0.9760894187106798,0.9760894187106798,3.013080911888604,-0.03355579576343537,-0.2100000000000002,2022-11-25,-1.8046631035092717,0.0407800345594751,-2.2881460619500724,2022-12-27
2022-12-02,-1.7556377437848363,-1.604289147182488,-1.758450104857079,0.024450463591333182,-0.05215374396201078,0.09691973224867478,-0.07428490325965864,-0.025827802745903128,-1.3982874886451189,-1.8419805867727352,1.8419805867727352,2.987700101856727,-0.061292738161656146,-0.40000000000000013,2022-12-02,-1.9679094892684075,0.04914059801138748,-2.50848931796508,2023-01-04
2022-12-09,-1.950491875912417,-2.0824692198625483,-1.7723648696420604,-0.0011964403975008864,-0.013798639759454723,0.02166238215219174,-0.054946226073970816,0.038355104202556056,-1.4834791466142765,-0.4701946118331879,0.4701946118331879,3.1041381473977774,-0.053700495584790175,-0.5,2022-12-09,-1.8663676387616113,0.052553983539847415,-2.4305722616532295,2023-01-11
2022-12-16,-1.6659341367682896,-1.886923370310588,-1.7289881468066202,-0.0016175188781462069,0.00723409378926565,0.017357003075437305,-0.0850442311483075,0.021032733548720373,-1.5478014337272865,0.2823377387245167,0.2823377387245167,3.1280754605417043,-0.01631606343925096,-0.09999999999999987,2022-12-16,-1.886277432440268,0.07843186199501329,-2.6710364451143613,2023-01-19
2022-12-23,-1.9062063897796815,-1.8064135113962572,-1.7584991408949695,0.0028139592756470932,-0.019398871121897976,0.024450463591333182,-0.07811716105409783,-0.026632964911163626,-1.4232781846421632,-0.6320822969408937,0.6320822969408937,3.089677886396519,-0.015676550284868362,0.09000000000000008,2022-12-23,-1.9993174958015663,0.06206393742881389,-2.7518369889928826,2023-01-26
2022-12-30,-2.433254828337961,-1.9204590025019717,-1.808003772758349,0.017122920936409436,0.002023118314414596,0.010667418179530763,-0.03771415275444312,0.01449713844618472,-1.5284600048895784,0.09310512614504805,0.09310512614504805,3.0652583362026014,-0.020116038221621224,0.21999999999999997,2022-12-30,-1.9872387240697362,0.06017748649122456,-2.7705099763948478,2023-02-01
2023-01-06,-1.6870394412579943,-1.8500328243152775,-1.7853988208140306,0.028376497784554644,0.030654887366917016,0.043413502952682315,-0.003280319764035422,0.025817353330495507,-1.6183759487388099,1.0529986137476435,1.0529986137476435,3.111735949310297,-0.005127738027759676,0.29000000000000004,2023-01-06,-1.845080583207014,-0.0006895563094717616,-2.0823556811949575,2023-02-07
2023-01-13,-2.1066764230503963,-1.871175461343479,-1.7819171279441548,0.028656812572290136,0.010125215697258216,0.06148501661257466,0.04614174833538387,-0.0205296716696588,-1.6463791639460392,0.34732155105526297,0.34732155105526297,2.935451342669061,-0.01677781031707415,-0.050000000000000044,2023-01-13,-1.9074482457185866,-0.028442784110744412,-2.0642695667678828,2023-02-14
2023-01-20,-1.890081673279602,-1.9630393114229285,-1.796725243687722,0.0148908095269773,0.008512596641494508,0.05863258263226001,0.06812413793313254,-0.004099101401689342,-1.9143501018716678,0.275959937013769,0.275959937013769,3.021400020302569,-0.02572928154393228,-0.22999999999999998,2023-01-20,-1.9513438580361215,-0.051460374100861905,-2.028226341006627,2023-02-21
2023-01-27,-2.5440101390283596,-2.0056959200280287,-1.8042554033643883,-0.0003904608930929143,0.015170500542162735,0.06518596488594142,0.061489106588877185,0.006657903900668227,-1.8206501989968475,0.4748750842248441,0.4748750842248441,2.930126516455997,-0.02271725695664717,-0.42000000000000015,2023-01-27,-1.9529731975634568,-0.05154061921607056,-2.0307945491488635,2023-02-28
2023-02-03,-1.380300017042007,-1.7651684071124591,-1.7921115401000516,-0.03266704430539935,0.019889457513517783,0.017094447009381675,0.056184252740358875,0.004718956971355048,-1.8336915669325724,0.6710656684139559,0.6710656684139559,2.930126516455997,-0.024273036356206035,-0.29000000000000004,2023-02-03,-2.2813731001358173,-0.03037268960907813,-2.421910352468315,2023-03-07
2023-02-10,-2.7695698286112713,-1.8639510351025002,-1.9127049938074732,-0.0005767032130528094,0.015596152504975258,-0.018743398884567775,0.059168707202150284,-0.004293305008542525,-1.8603589576660735,0.5008492906266624,0.5008492906266624,3.030616675407493,0.00029067175985542093,0.030000000000000027,2023-02-10,-1.8853088732248668,0.024907566471902953,-2.467997906164656,2023-03-14
2023-02-17,-2.4902358577345547,-1.9546087670094214,-1.9140317104198636,-0.012187523225772878,-0.0007588501489137478,-0.04582173163731795,0.04989726041174203,-0.016355002653889006,-1.9791875895499378,-0.07727036720582799,0.07727036720582799,3.0041963519661206,0.017482992578307766,0.30000000000000004,2023-02-17,-1.6451694005638462,0.05557143674852405,-2.2873326151628404,2023-03-21
2023-02-24,-2.610560310487598,-1.9616338623767435,-1.9145529652914763,-0.014155316588897016,0.024380147228015847,-0.06396288798089422,0.07746026044658905,0.020652711090310305,-1.986568137188361,0.7959846146622138,0.7959846146622138,3.051166980442092,0.02870638459614039,0.32000000000000006,2023-02-24,-1.559116806020265,0.0737740550175312,-2.2134555575958736,2023-03-27
2023-03-03,-2.3424574955244095,-2.1238984786381354,-1.9812227998438832,0.02429411376080992,0.0004835120852075825,-0.030882264740288434,0.06744593410628008,-0.023896635142808265,-1.9506561596668914,-0.06577502349128224,0.06577502349128224,2.9750192319564492,0.036949634166427714,0.4600000000000002,2023-03-03,-1.5509790714184726,0.07258350384110024,-2.199868059062771,2023-04-03
2023-03-10,-1.5532865174970123,-2.0522400491777018,-1.907673641003572,0.007968569833763262,0.04390050767256559,0.004842882642882351,0.07249160312349456,0.04341699558735801,-1.8652017752703167,1.402181000038265,1.402181000038265,3.1183922862898785,0.01820665359908613,0.33999999999999986,2023-03-10,-1.694302597841728,0.04625418415798688,-2.317391866231227,2023-04-11
2023-03-17,-1.3126182988982595,-1.7063384756651694,-1.837614029534906,0.055377133499714404,-0.03432584333566746,0.07348450050539057,0.03443832365012156,-0.07822635100823305,-1.5988315628595005,-1.2594627729001129,1.2594627729001129,3.1350593387750902,0.004799855704431977,-0.11999999999999988,2023-03-17,-1.767341568044254,0.013024063079313919,-2.150409885425631,2023-04-18
2023-03-24,-1.5294065844877849,-1.569358161150742,-1.8031558637168328,-0.0006532599251123372,-0.02885107434961931,0.08698655716917525,-0.018792897927513597,0.005474768986048151,-1.649065108814847,-1.0542884631537024,1.0542884631537024,3.1183922862898785,-0.019988110266885073,-0.30000000000000004,2023-03-24,-1.9946545541717249,0.020669776312207233,-2.4260327586489248,2023-04-25
2023-03-31,-2.119718217429349,-1.5546303244357296,-1.7988866466992997,-0.002344115781615308,-0.04388222954835097,0.06034832762675002,-0.06315863956107215,-0.01503115519873166,-1.6171155253948382,-1.5219970300682166,1.5219970300682166,2.9454910571172443,-0.027901596768399095,-0.3900000000000001,2023-03-31,-1.941654256670866,0.016019323403902774,-2.42769006948043,2023-05-02
2023-04-06,-1.8694222347515375,-1.552982369486921,-1.8046304042461938,0.012464147272310377,-0.029924480838797507,0.09140344959004487,-0.12477441061952232,0.00905367700515658,-1.6698924300802653,-1.016310897568653,1.016310897568653,2.9486406660201405,-0.03672529870435692,-0.5899999999999999,2023-04-06,-1.9659650071821595,0.01384143240697977,-2.324479595383864,2023-05-08
2023-04-14,-1.734394408575568,-1.6206714940658495,-1.7825023512193918,-0.0006973575751789696,-0.018879680411825195,0.042699567998731425,-0.11445860615136993,0.011044800426972312,-1.931935677502766,-0.6261506075878903,0.6261506075878903,2.8791984572980396,-0.03540192048299584,-0.06000000000000005,2023-04-14,-2.136285213075622,0.00901442982369538,-2.533908136314621,2023-05-15
2023-04-21,-2.373834413116266,-1.9369936443910782,-1.7918440286519135,-0.011386759154271786,0.0028714184817797417,-0.00805434485289691,-0.08491090061279705,0.021751098893604937,-1.9693055667973678,0.0750982628458691,0.0750982628458691,2.843163674909384,-0.004995378909146808,0.08000000000000007,2023-04-21,-2.022832898363538,-0.008695184538408007,-2.348340265029774,2023-05-22
2023-04-28,-2.862476543542652,-2.0456368670053027,-1.8069209679499412,0.002980644651978892,0.002110681223348454,0.003360675194838514,-0.043822061545494506,-0.0007607372584312877,-2.0679747318605304,0.06935081994553255,0.06935081994553255,2.834976494674597,-0.011168915879012253,0.020000000000000018,2023-04-28,-1.975249149470078,-0.010546301205863529,-2.2782155760123923,2023-05-30
2023-05-05,-1.6345893082606866,-1.9490120164018458,-1.833739144603082,0.014291349411847065,-0.010189138659407071,0.005187877334375202,-0.02408671936610407,-0.012299819882755525,-2.3502949592331137,-0.3201207245493167,0.3201207245493167,3.000222178826843,-0.004428021485987976,0.10999999999999988,2023-05-05,-2.1332036839142976,-0.028918622603014477,-2.295309541987051,2023-06-06
2023-05-12,-2.5115472301799278,-2.129398807137029,-1.83893433538948,-0.003473480649728522,0.06455007126760082,0.002411754259825649,0.05934303231332194,0.07473920992700789,-1.771339646075878,2.2109532345637373,2.2109532345637373,2.829087196145044,0.010341308724745701,0.07000000000000006,2023-05-12,-2.0329574524127128,-0.03627869460062616,-2.220795283478,2023-06-13
2023-05-19,-1.901716438708922,-2.0214974640055914,-1.807801738843223,-0.01711472842615258,-0.009822087012401504,-0.003316215012055146,0.046649526819140696,-0.07437215828000232,-1.8042563586703024,-0.31185161620878704,0.31185161620878704,2.775708849576025,0.016941360383720294,0.1399999999999999,2023-05-19,-2.1486651508865124,-0.020513545874559114,-2.3645209929145694,2023-06-21
2023-05-26,-2.3461145811304127,-1.9811182023654388,-1.8031172007627094,-0.014922381568545973,0.007280262757078049,-0.02121924123258001,0.05181910835287029,0.017102349769479552,-1.696109662894326,0.24627098353443894,0.24627098353443894,2.9517803860248084,0.026349286737086253,0.32000000000000006,2023-05-26,-2.1861525775222215,-0.02649600959398235,-2.388750099257555,2023-06-28
2023-06-02,-2.0347884838537342,-2.0456911582067057,-1.8130741457998687,0.004705924828689589,-0.03431194580034136,-0.05056394407860232,0.048135428898316235,-0.05825835707206917,-1.6782909018834664,-1.1435379850693865,1.1435379850693865,2.750470916986162,0.021669967397633272,0.27,2023-06-02,-2.33774919083762,-0.023891369724887035,-2.5742800221529087,2023-07-05
2023-06-09,-2.000940759605932,-2.050893148157497,-1.8803085533260793,0.0054531531996317995,-0.02093599916373634,-0.027577182315687843,-0.030725360895260234,0.013375946636605018,-1.9306202866695172,-0.6871691629530533,0.6871691629530533,2.613739521630969,0.01816271961071969,0.27,2023-06-09,-2.385359440805301,0.0,-2.763293024784791,2023-07-12
2023-06-16,-2.6103186139195116,-2.152304902282889,-2.022205264835484,-0.002254728622521185,0.00179477752065349,-0.0011554817604579881,-0.029506756171696402,0.02273077668438983,-1.82607780704268,0.09056225477596973,0.09056225477596973,2.6741486494265287,-0.007414614523444385,0.15999999999999992,2023-06-16,-2.4433980727846896,0.0215736625700238,-3.101103557831059,2023-07-19
2023-06-23,-2.2517701667620225,-2.130547210693094,-2.04917576384485,-0.020605581494315572,0.043386170995786344,-0.020825409374417347,0.006967463705818577,0.03051346291251056,-1.5980314247322525,1.4475181917809132,1.4475181917809132,2.558002204858551,-0.010685923412500742,0.1200000000000001,2023-06-23,-2.466990615369634,0.02161232948792069,-3.277729743902238,2023-07-25
2023-06-30,-2.790276789263031,-2.19572600839913,-2.109736170405181,0.0003927810187622782,-0.014558038633593284,-0.030331249557693063,0.01916537837047816,-0.05794420962937963,-1.6762038337349214,-0.4653897352001609,0.4653897352001609,2.605648267484129,-0.009438607831405044,0.18999999999999995,2023-06-30,-2.211789053760846,0.011088657062792606,-2.5923741249905827,2023-08-01
2023-07-07,-2.5432055808107807,-2.396839007255679,-2.119577606697718,0.00871454687390738,-0.013243423456010373,-0.00841719919866879,0.007043400139750133,-0.0005363149448274207,-1.6099863400362202,-0.4035521414856838,0.4035521414856838,2.73696154459663,-0.009261996800985273,0.28,2023-07-07,-2.231447970425182,0.005577881523525896,-2.5848866781580058,2023-08-07
2023-07-14,-2.283285747577628,-2.419422051801933,-2.1736616545361827,0.015497259897433224,-0.0608340705868371,0.004363766990155504,-0.035347062933312134,-0.047590647130826724,-1.4731498918052155,-1.9710974545478774,1.9710974545478774,2.6108048166633746,-0.03515698414286472,-0.11999999999999988,2023-07-14,-2.309656723325272,-0.02509751974711527,-2.5191124914568874,2023-08-14
2023-07-21,-2.3933143869017326,-2.5020060359970717,-2.17473328820914,0.004125305100784793,0.016892412858850125,0.024842123136163075,-0.0698921896951803,0.07772648344568722,-1.6761738376316326,0.6502660108830358,0.6502660108830358,2.63834278867739,-0.011727184995105056,-0.010000000000000009,2023-07-21,-2.4027167959247864,-0.031300651466231955,-2.529525588690699,2023-08-21
2023-07-28,-1.9686395062594686,-2.2502314025609578,-2.1793792376556578,-0.0017580054595356387,0.009380448008246667,0.02657910641258976,-0.04780463317575068,-0.007511964850603459,-1.6334668214296235,0.39961192205024254,0.39961192205024254,2.667922410011431,-0.01113952321520717,0.10999999999999988,2023-07-28,-2.6593765140643324,-0.0234143025102167,-2.870240546890947,2023-08-28
2023-08-04,-2.43653538832737,-2.233954551273719,-2.2255562415373586,-0.009225300366138889,0.02079058894606245,0.00863925917254349,-0.013770620773677855,0.011410140937815783,-1.6076729160007506,0.7553105503000026,0.7553105503000026,2.767576180416237,-0.00612512008030297,0.050000000000000044,2023-08-04,-2.6328456114511742,-0.006361270240024197,-3.021942316933792,2023-09-05
2023-08-11,-2.826759276487154,-2.3152858808856704,-2.257617663681672,-0.014477998363077837,0.026036286137590903,-0.021335999087967572,0.07309973595075014,0.005245697191528453,-1.8758059722278877,0.891949568131726,0.891949568131726,2.7631695003232895,0.027190365472995914,0.24,2023-08-11,-2.6598655837949425,0.0024256558550801444,-3.0970142646100887,2023-09-12
2023-08-18,-2.969332544329131,-2.3943699977018453,-2.3047203110629755,-0.012863941999198047,-0.016223753273245656,-0.03832524618795041,0.03998356981865436,-0.04226003941083656,-1.8861402933605778,-0.5118129244668288,0.5118129244668288,2.884241897520628,0.02506009363531625,0.47,2023-08-18,-2.618148720607752,0.019210255699192658,-3.225599116095913,2023-09-19
2023-08-25,-2.578803116742315,-2.6606393316793553,-2.3265295294260593,0.01297648641462601,-0.049703505593181596,-0.023590754313788764,-0.0191003837827739,-0.03347975231993594,-1.7127249757333556,-1.5630723078387998,1.5630723078387998,2.8449093838194073,0.021483273021638993,0.27,2023-08-25,-2.5731531863729735,-0.01044001516691484,-2.8463071039593646,2023-09-26
2023-09-01,-2.5886037144119305,-2.714785309388348,-2.411286074259804,0.013921369397597694,0.016174095637408126,-0.0004440845500521817,-0.023716877091428223,0.06587760123058972,-1.7717760896585248,0.6320823967840689,0.6320823967840689,2.6078614738467776,0.010477412608890013,0.020000000000000018,2023-09-01,-2.3672028513817214,-0.054527569862168335,-2.439146649831173,2023-10-03
2023-09-08,-2.701660459620541,-2.6874974963282905,-2.4508862230086845,-0.01083508175275849,0.052780795847040984,0.0026990328847258382,-0.0059052412559452705,0.05323772987371678,-1.7392546435992522,1.8189404727680654,1.8189404727680654,2.667228206581955,0.02476638028744116,0.29000000000000004,2023-09-08,-2.1704038074809415,-0.03183366011910849,-2.453655345719318,2023-10-09
2023-09-15,-2.7624836777601263,-2.652275963517258,-2.474910562025015,0.0014589223628709291,-0.003289442659413222,0.01719301083634761,0.002399070090697286,-0.056070238506454206,-1.708726907553225,-0.05879103732921307,0.05879103732921307,2.551006451492524,0.019059193745630587,-0.010000000000000009,2023-09-15,-1.8370161244135095,-0.008003359643954155,-2.4503803844376035,2023-10-16
2023-09-22,-2.6500755212127025,-2.669725740631933,-2.486134227620712,0.0015687967471169628,-0.02045126877433079,0.004320084206628216,0.02858315038662118,-0.017161826114917567,-1.9851029115628493,-0.6729514842193244,0.6729514842193244,2.864483986944037,0.01916501728863995,0.2699999999999998,2023-09-22,-1.7705472821145574,0.029225493661122925,-2.512547646982788,2023-10-23
2023-09-29,-1.9807652308186052,-2.4062139396008697,-2.400088620768818,-0.04096895581019133,0.018208602362120185,-0.04877631845296193,0.04724868677541716,0.038659871136450974,-1.9875315116636056,0.6590526459369405,0.6590526459369405,2.853015971352396,0.029231209974009964,0.3400000000000001,2023-09-29,-1.8345965729197413,0.08715879730046883,-3.3847663261317105,2023-10-30
2023-10-06,-2.443928589071826,-2.361577852206304,-2.426910377091055,-0.010259506852305478,0.0201895944368502,-0.04820074355250892,0.014657485365226375,0.0019809920747300147,-1.725095024599944,0.7000521878167082,0.7000521878167082,2.9172300453990334,0.012015890595878709,0.4600000000000002,2023-10-06,-1.899059695701551,0.05914629501234003,-3.043096923016315,2023-11-06
2023-10-13,-1.326272593041636,-1.8343718759179384,-2.1724465796004386,0.05240348988209664,0.0005527680005608104,0.0027438239667167963,0.018499696025200407,-0.01963682643628939,-1.7617166953235384,0.012423254900990999,0.012423254900990999,2.8148097376737438,0.010944500360574594,0.4099999999999999,2023-10-13,-2.2005674714377617,0.014227303804340785,-2.667557460712613,2023-11-13
2023-10-20,-1.9648279586301742,-1.7672490916518084,-2.1633453184899025,0.02626934638587297,-0.0031305391015878925,0.027444373605472805,0.0358204256979433,-0.003683307102148703,-1.7146116573051626,-0.08705843302038696,0.08705843302038696,3.0633909220278057,0.008411744576490854,0.38000000000000034,2023-10-20,-2.2922744599124854,0.00218373128479854,-2.6699085235104376,2023-11-20
2023-10-27,-2.3939436089419495,-1.8153541000580613,-2.1692039316626044,0.01384777700566886,0.024181326625849042,0.082261106421333,0.04179314996167216,0.027311865727436935,-1.7170291553312402,0.9052941601769076,0.9052941601769076,3.0291670496402285,0.0035710709312137823,0.23999999999999977,2023-10-27,-2.1843584326065053,0.02222544950205041,-2.6883203486015765,2023-11-28
2023-11-03,-2.665075441552333,-1.8282282451427818,-2.1670388689317273,-0.007332758673650019,-0.009219504919137034,0.08518785459998846,0.012384050605684926,-0.033400831544986076,-2.021778710548535,-0.35970259538276156,0.35970259538276156,2.751109690562657,-0.00197692773209468,-0.14000000000000012,2023-11-03,-1.9262368907328802,0.020513473931264237,-2.3144376017754027,2023-12-05
2023-11-10,-2.0715638879257257,-2.204216758744863,-2.126650767131861,-0.02898912277481891,0.013365579930328941,0.0037952419430729023,0.025196862535453057,0.022585084849465975,-1.9914594142235138,0.4732811207489937,0.4732811207489937,2.727199019940971,-0.006212331936109372,-0.06999999999999984,2023-11-10,-1.915772163627008,0.016374052564978037,-2.2735578220796633,2023-12-12
2023-11-17,-2.2019740397329612,-2.2868906645288796,-2.107795723768502,0.02290977308908193,-0.044114586323334315,0.0004356686462818615,-0.015787184686293365,-0.057480166253663256,-1.8280110010014434,-1.742363004641243,1.742363004641243,2.6616571615324998,-0.017852503656746954,-0.31000000000000005,2023-11-17,-1.79522780544483,0.030928692184716056,-2.2307664461685106,2023-12-19
2023-11-24,-2.400292143925378,-2.212383114990743,-2.100376241623842,0.009913148528050364,-0.013253920790188722,0.008172641871174946,-0.05771389341255251,0.02512001273267961,-1.7508414972608406,-0.5192349529364108,0.5192349529364108,2.553343811341229,-0.024805269421837473,-0.3599999999999999,2023-11-24,-1.80652826633958,0.026158044457508467,-2.2244886270777773,2023-12-26
2023-12-01,-1.808166847283856,-2.068580790903441,-2.0420560629509295,0.03438470941915739,-0.012114871519525838,0.0419597329667738,-0.06946758849481949,0.001139049270662884,-1.7597542788243292,-0.45918539754465654,0.45918539754465654,2.558776498354456,-0.032135071385100744,-0.21999999999999975,2023-12-01,-2.0530342368648746,0.006737627302252136,-2.4904683949331714,2024-01-03
2023-12-08,-1.6805666423787322,-1.9078162402834706,-1.9666558292785,-0.03373811431093365,0.06672890989104285,0.022608725049808598,0.002986184058459962,0.07884378141056869,-1.6478842524476007,2.5353530161983513,2.5353530161983513,2.569554123848285,-0.01960561482005918,-0.17999999999999994,2023-12-08,-2.1669309618553956,0.021073854885567123,-2.7993585445460396,2024-01-10
2023-12-15,-1.6441722633588138,-1.8100617337377294,-1.9053337703321627,0.007299305769435271,-0.026712802736350127,0.01785904940570937,0.014647314844978165,-0.09344171262739298,-1.7175645327273357,-1.1048602324953587,1.1048602324953587,2.5241273629412815,-0.02355330904473263,-0.5200000000000002,2023-12-15,-2.309302656146905,-0.002558558960723545,-2.6179915735572945,2024-01-18
2023-12-22,-2.3925970546464104,-1.809466655857369,-1.9164114133208945,0.017335521652449337,0.0041384741252290524,0.025281422530108344,0.03203970976039594,0.03085127686157918,-1.7880673488232715,0.08225992396188928,0.08225992396188928,2.613739521630969,-0.02021843645278487,-0.4600000000000002,2023-12-22,-2.3632861681758053,-0.024178984072247722,-2.5587962171386174,2024-01-25
2023-12-29,-2.498138348594256,-1.839864189976546,-1.9273797065508187,0.00914355048710469,0.033186385962270304,0.012739686833644015,0.07287797776242444,0.03668176633606013,-1.8270371381923802,1.183896805937651,1.183896805937651,2.523325759691945,-0.015098260200342217,-0.3800000000000001,2023-12-29,-2.370535852981332,-0.011973686758332214,-2.603883295252413,2024-01-31
2024-01-05,-2.7621983132051504,-2.0634094801400216,-1.9567681885220607,-0.011133958178696446,0.024981110567823706,0.00800666943801076,0.041389520372013155,0.004952502896668154,-1.877293734866705,0.8465144600694045,0.8465144600694045,2.6483001966964363,-0.015789594012864505,-0.23999999999999977,2024-01-05,-2.2892450718098294,0.0036130316009410635,-2.6165549865312814,2024-02-06
2024-01-12,-2.392359183664739,-2.4087820242543962,-2.064931841609572,0.001899439172768247,0.0028427671009740862,0.011024661231706645,0.03802816002193987,-0.02213834346684962,-2.115288660429737,0.020625903503654775,0.020625903503654775,2.5209170873110334,-0.015328218262988358,-0.28,2024-01-12,-2.2768402796156613,-0.01815109901651013,-2.4923337684371085,2024-02-13
2024-01-19,-1.9715097423372612,-2.33364476451895,-2.0760734978719455,0.0003193058065589227,0.0075499769508393655,-0.006365121022204434,0.05735669357597972,0.002827840862136277,-2.1591799063560164,0.20757682458884016,0.20757682458884016,2.6483001966964363,0.009997644681463136,0.06000000000000005,2024-01-19,-2.3529463219296742,0.001334436656806659,-2.6373032556013527,2024-02-20
2024-01-26,-2.578657161550574,-2.3777306057332974,-2.0857248226639538,-0.004907452108397159,-0.014057553555721913,-0.02940149593407604,0.034207732617822284,-0.02160753050656128,-1.9484902251688598,-0.6198725132755374,0.6198725132755374,2.598979106047848,0.02048450933304302,0.14000000000000012,2024-01-26,-2.4372390780735023,-0.0017537900992925515,-2.721477378600631,2024-02-27
2024-02-02,-2.1886235093216526,-2.286875476566175,-2.0691399748136914,0.008519332312140193,0.013806564467481408,-0.003757349425894674,0.012021123951301949,0.02786411802320332,-1.963825538219787,0.4661765380522155,0.4661765380522155,2.6304489550786583,0.005741867375212983,-0.030000000000000027,2024-02-02,-2.162594949906307,0.05001559520440768,-2.9394642288865693,2024-03-05
2024-02-09,-2.7977891508552166,-2.2851325173173644,-2.0977088022973946,-0.005369325192274843,-0.001990142912844828,-0.0014381391819728861,0.005308844949754032,-0.015796707380326236,-1.8772152595752756,-0.1440775570011232,0.1440775570011232,2.548663615590751,0.017336165103380097,0.08999999999999986,2024-02-09,-2.058000700000603,0.06557009883910236,-2.75634236035925,2024-03-12
2024-02-16,-2.170791873948366,-2.368677276043903,-2.0916396845123475,-0.006739126737412171,-0.04049555690001361,-0.00849657172594398,-0.04273668890109894,-0.03850541398716878,-1.6946933916584757,-1.5954976353847594,1.5954976353847594,2.6397713603489157,0.007313370950136289,0.1399999999999999,2024-02-16,-2.1453927256695278,0.06369804236795762,-3.115385365047129,2024-03-19
2024-02-23,-2.745235016973204,-2.40231901296565,-2.1108875185887475,0.015817319532100527,0.013432427550461146,0.00787738664240667,0.005492494660767289,0.04165704679574356,-1.7476248762077484,0.4848041846177739,0.4848041846177739,2.6769034721053733,0.00694984680822941,0.14000000000000012,2024-02-23,-2.068998437906871,0.06574997197241927,-2.950608604677764,2024-03-25
2024-03-01,-1.9689038632213343,-2.252433152491193,-2.2014872441376263,0.022385691843198607,0.013846726020767974,0.012940413852655652,0.014828050513709723,0.00041429847030682865,-1.749884067129472,0.49869696356470633,0.49869696356470633,2.5952547069568657,0.008581328441824354,0.18999999999999995,2024-03-01,-2.1076760341462264,0.07317101731723685,-2.9532184145615146,2024-04-02
2024-03-08,-1.8784667445309409,-2.099231973544182,-2.179812281385128,0.04431428379477875,-0.004543334838523538,0.06823860593743891,-0.00548880051257683,-0.018390060859291513,-1.7277602067840432,-0.18425366966216045,0.18425366966216045,2.67000213346468,-0.011795565720913892,-0.050000000000000044,2024-03-08,-2.008673617120571,0.07471244861347337,-2.8819842339873842,2024-04-09
2024-03-15,-2.2963936982736586,-2.1246521035077657,-2.2572640313009997,-0.009568010967877072,-0.044923047231786306,0.07294928420220081,-0.022187228499080724,-0.04037971239326277,-1.697324460588627,-1.734842610741164,1.734842610741164,2.667228206581955,-0.013072087319077497,0.020000000000000018,2024-03-15,-1.7899733453507194,0.10069033779559788,-2.686343605794207,2024-04-16
2024-03-22,-2.2741037237631208,-2.0710569693272447,-2.255875291591453,0.003199519647615112,0.023818860338379988,0.0603314843177154,-0.011800795711161882,0.0687419075701663,-1.6869564186565729,0.9325555338329136,0.9325555338329136,2.558776498354456,0.0003846981746180589,-0.09000000000000008,2024-03-22,-1.6899193549764095,0.06756884320510892,-2.193311099211545,2024-04-23
2024-03-28,-2.09289166177125,-1.9970473330348395,-2.223582109040751,0.018396849276244964,0.013991538966398043,0.08313015671504687,-0.009853084316408633,0.002412446310382954,-1.6982012062797762,0.5182572345812613,0.5182572345812613,2.5478814489493886,0.0035520136605224906,-0.06000000000000005,2024-03-28,-1.7438808012626217,0.03943900444028081,-2.1894774723094863,2024-04-29
2024-04-05,-1.6612584935958212,-2.0067170559810887,-2.1286971661822904,0.044772949326337574,-0.05073703815328612,0.07327164241713291,-0.04491103136851793,-0.06472857711968416,-1.5409714193267683,-2.001350377429824,2.001350377429824,2.7942278973432626,0.007229295354578724,0.15999999999999992,2024-04-05,-1.7530937172655718,-0.0059303305798250605,-2.026787122053005,2024-05-06
2024-04-12,-1.6671770920241404,-1.8714397671974432,-2.0740453226977396,0.008101333593547366,-0.015587041161666093,0.07932444221399049,-0.04075344769253908,0.035149996991620025,-1.6228456984590736,-0.630610045553022,0.630610045553022,2.702032128776647,0.02393537505057708,0.27000000000000024,2024-04-12,-1.8830838010811146,-0.021455055648115007,-2.06886515593383,2024-05-13
2024-04-19,-1.9257963849555073,-1.805238890127369,-2.0421928061644046,0.018908123628147422,-0.0030878086269332528,0.09017925582427733,-0.05542034897548742,0.01249923253473284,-1.6590721233406982,-0.16187299814562392,0.16187299814562392,2.8903717578961645,0.026151497913630806,0.28000000000000025,2024-04-19,-1.9317638580108112,0.04085720442027174,-2.4412124974379243,2024-05-20
2024-04-26,-1.685985553875276,-1.7238798940753153,-1.9710457612174495,-0.02015378952187863,0.0311395585074572,0.051628617026153734,-0.038272329434428265,0.03422736713439045,-1.5765068229268475,1.1410700028753318,1.1410700028753318,2.7324175575505043,0.011907737922042472,0.3999999999999999,2024-04-26,-1.735150294406812,0.009254893916048168,-2.0407843825641647,2024-05-28
2024-05-03,-1.8391828152119898,-1.768209610731968,-1.9450911651778662,-0.017040257693452965,0.010247124389493933,-0.010184589993636806,0.022711833108351787,-0.020892434117963266,-1.8386592470701126,0.3272158330814777,0.3272158330814777,2.6864860231863696,0.01126934161611537,0.24,2024-05-03,-1.8047756290038246,0.00032525994674337255,-2.1271232905398345,2024-06-04
2024-05-10,-1.893364253718368,-1.8272309723879927,-1.921619964286676,0.02664229589881284,-0.03539003675429919,0.008356372311628668,0.0029088375157186874,-0.045637161143793126,-1.6354362965895566,-1.3878601059434414,1.3878601059434414,2.540814281726296,-0.000474993328544393,-0.03000000000000025,2024-05-10,-1.5922972226956802,-0.00980468655639477,-1.7725981544137512,2024-06-11
2024-05-17,-1.7142017992919845,-1.7758888735405463,-1.870544372480408,0.022380375901559724,-0.0884367180950032,0.01182862458504097,-0.08244007195235126,-0.053046681340704005,-1.388742322749676,-3.3970790547888905,3.3970790547888905,2.519308076505333,-0.01604898828023682,-0.17000000000000037,2024-05-17,-1.6318578627241704,-0.04132122680022565,-1.7556775819711388,2024-06-18
2024-05-24,-1.6252609933307238,-1.7569316981289773,-1.81202932684808,-0.03521909774409426,0.0019336320444569566,-0.0032366836371746643,-0.1116459984153515,0.09037035013946015,-1.412124610245349,0.13129655556381017,0.13129655556381017,2.547098670044448,-0.004650930180498669,-0.10999999999999988,2024-05-24,-1.6909093967878162,-0.026047857304996924,-1.8474729786430988,2024-06-26
2024-05-31,-2.216288855013346,-1.8165571724137677,-1.851022212416916,-0.0019488575830033383,-0.009542493560608989,0.010130087461594606,-0.12052358852485323,0.028186030355215053,-1.183183893806447,-0.26151546827075284,0.26151546827075284,2.6720775406433925,-0.009882263043754058,-0.06000000000000005,2024-05-31,-1.7041554055956816,-0.007671388732134687,-1.879391989713561,2024-07-02
2024-06-07,-1.2364787145212002,-1.5771924963400454,-1.7443380046508201,-0.017334689716025586,0.022722113113012643,-0.024969169348982412,-0.05581111345771106,0.03226460667362163,-1.0876971333528636,0.8528323703961725,0.8528323703961725,2.5321082512722946,-0.0138328422441365,-0.16999999999999993,2024-06-07,-2.0095708877132186,0.026890081287062273,-2.4388560194511624,2024-07-10
2024-06-14,-2.0463026919520653,-1.5936885210869403,-1.7334951857168743,0.01932987714910883,0.006662041925206363,-0.019736289166311316,-0.017886862438214024,-0.01606007118780628,-1.0963306648997229,0.25968641449933716,0.25968641449933716,2.479894107964456,0.008112652393996278,-0.020000000000000018,2024-06-14,-1.8709456151955828,0.0571402713039495,-2.502295873654401,2024-07-17
2024-06-21,-1.7437960752720885,-1.6234177195139157,-1.7102069367861321,0.008462926295353057,-0.012133167354713148,-0.024513181420386054,0.020421906859575234,-0.05870769126666531,-1.1837945120582154,-0.3995154299753041,0.3995154299753041,2.5862591440482876,0.008846599201476124,-0.08999999999999986,2024-06-21,-1.8839487231545131,0.03172259720480408,-2.3969813487293345,2024-07-23
2024-06-28,-2.180292423715745,-1.6842566436180237,-1.7337052841470943,0.0010702703789595702,0.016383355905796648,-0.007229341512829279,0.060081035554647055,0.028516523260509796,-1.3644006009624359,0.6314109789822125,0.6314109789822125,2.50470927708418,0.007677448068585058,-0.2200000000000002,2024-06-28,-1.8256017526903783,0.031731287646038275,-2.292788278554205,2024-07-30
2024-07-05,-2.0764020423333016,-1.688205794849621,-1.738965846806655,0.02725433514232911,-0.0466915481793837,0.014176808838536559,-0.02448226216030447,-0.08900265685085307,-1.3896824633489828,-1.623295797872177,1.623295797872177,2.492378664626701,0.012314612235065248,0.06999999999999984,2024-07-05,-1.8159965468073658,0.019470936697993935,-2.2788136340943113,2024-08-05
2024-07-12,-1.8594722699513255,-1.91579774612891,-1.7743799384748011,0.009819050007797259,0.022540023691230537,0.03833006665056171,-0.0012036444451721806,0.06923157187061424,-1.6772084563851237,0.8521822427082427,0.8521822427082427,2.558776498354456,-0.007535695446549084,-0.17000000000000015,2024-07-12,-1.756306875859989,0.020255432361501846,-2.24143988733166,2024-08-12
2024-07-19,-1.6117915705944776,-1.8207563944611147,-1.7684185361311666,-0.006204519922820673,0.045987593438273855,0.016231650872470915,0.06414717762159006,0.023447569747043318,-1.6690076721458171,1.6350844784379281,1.6350844784379281,2.768204123921957,-0.010409337801636553,-0.11999999999999988,2024-07-19,-1.8021895437343725,0.04327883661955756,-2.4604992514015165,2024-08-19
2024-07-26,-1.9734710314526664,-1.8489315715971912,-1.7739163524464252,-0.00497329374464428,0.04142187694308497,0.025895571482661417,0.06325794589320566,-0.004565716495188887,-1.7035496763995288,1.4287916654652522,1.4287916654652522,2.9156062290747062,-0.016064243670237843,-0.07000000000000006,2024-07-26,-1.8217062119197551,0.054926787964454604,-2.5723750359704525,2024-08-26
2024-08-02,-1.9062118014387568,-1.8177643939306747,-1.7583982175878885,0.021123244033029565,-0.0006167957274829661,0.01976448037336187,0.1093326983451064,-0.042038672670567934,-1.7996371844255226,-0.06697455767448868,0.06697455767448868,2.922623801733353,-0.009341440137363932,-0.2999999999999998,2024-08-02,-1.9425905089979298,0.03450216438404485,-2.640627145993694,2024-09-03
2024-08-09,-1.8645632569048693,-1.8189306993724734,-1.7612705190439688,-0.00346743530286453,0.03729059232780285,0.0064779950627000815,0.12408326698167871,0.03790738805528582,-1.6021342458606365,1.2585957774464993,1.2585957774464993,3.1692653243148663,-0.011847028499776258,-0.07999999999999985,2024-08-09,-2.100240644472595,0.018263924226787687,-2.6528934129587864,2024-09-10
2024-08-16,-1.570207301639423,-1.8027892028134809,-1.7339745722148525,0.03255136978583373,-0.023072545508731057,0.04523388477135448,0.055023128034673796,-0.06036313783653391,-1.6537509665394758,-0.8380394127552319,0.8380394127552319,2.7232671669070703,-0.011489335202881534,-0.08999999999999986,2024-08-16,-2.1617341039501152,0.02443877151231444,-2.704746280768067,2024-09-17
2024-08-23,-2.1043045626620267,-1.8236756231211835,-1.7799651736801159,0.00012930229394747528,-0.028587958894482846,0.05033648080994624,-0.014986707802894017,-0.005515413385751788,-1.6415007516946118,-1.0200326217127025,1.0200326217127025,2.865053949911875,-0.02768912927617606,-0.22999999999999998,2024-08-23,-2.0177517135937015,0.05560822187683723,-2.8452883140364063,2024-09-24
2024-08-30,-2.459429472778789,-1.900167278248569,-1.794347400059869,-0.003151287881963505,0.028597424004831673,0.02606194889495317,0.014227511929420622,0.05718538289931452,-1.5980718183072864,0.9694692316273386,0.9694692316273386,2.750470916986162,-0.02994004653602378,-0.08000000000000007,2024-08-30,-1.9796975500746048,0.0644055594355537,-2.8265197242371616,2024-10-01
2024-09-06,-2.3129328557779707,-2.002069576144564,-1.906565701499791,-0.010009109214112577,0.04087201037530974,0.029124046754447797,0.010505988057232685,0.04117438907186566,-1.6190037777961717,1.3745210628879418,1.3745210628879418,2.990719731730447,-0.020459784336347653,-0.15000000000000013,2024-09-06,-2.0231533234179486,0.05285292445542833,-2.9024645894547008,2024-10-07
2024-09-13,-1.9036493373490742,-1.9796428007285984,-1.8917856619739395,0.034308996019318805,-0.06071574848821992,0.050570232735309695,-0.02965092756472476,-0.10158775886352966,-1.5505101931547227,-2.218979009468398,2.218979009468398,2.837322536806349,-0.011768272855094963,-0.14000000000000012,2024-09-13,-2.0862172211423666,0.026503953622146526,-2.750857303830249,2024-10-14
2024-09-20,-1.8525748278156349,-2.0374169025242543,-1.8951230054151096,0.01468143420990664,0.0008588009606262936,0.054468747259240224,-0.019287315848839803,0.061574549448846216,-1.5235792718842542,0.024054503183366802,0.024054503183366802,2.7930039069823738,-0.00426482473280565,-0.15999999999999992,2024-09-20,-2.2310427107922925,0.03458538122467214,-2.9150510477989857,2024-10-21
2024-09-27,-2.1174271992039873,-2.015109750720183,-1.8925438385029516,0.011534711125782415,-0.00418067287347057,0.050516032140895284,-0.023165610025754457,-0.005039473834096864,-1.4084616185011396,-0.1576003129356957,0.1576003129356957,2.7324175575505043,-0.005256632935850547,-0.06000000000000005,2024-09-27,-2.243772827571211,0.04138467746071228,-2.8796889309436366,2024-10-28
2024-10-04,-2.3570337381100823,-2.0209607222978963,-1.939282739359102,-8.164675848920666e-05,-0.01725829679891744,0.060443494596518654,-0.08129591719998164,-0.013077623925446868,-1.5249304798289531,-0.605174405910715,0.605174405910715,3.0199369622508083,0.008665709177118508,-0.06000000000000005,2024-10-04,-2.1050633251611455,0.03485263685221973,-2.5385980610652568,2024-11-04
2024-10-11,-2.1533340998221617,-2.087302517131133,-1.9595137436531729,0.0019165346031231323,0.021174398487032065,0.028051033180322982,0.0005942297752703496,0.0384326952859495,-1.5585057300330891,0.7632009785432456,0.7632009785432456,3.0411835364579085,0.0158546589066626,0.13000000000000012,2024-10-11,-1.6827814504580483,-0.01202784514918065,-1.847941585062127,2024-11-11
2024-10-18,-2.332886012094592,-2.2290166098483906,-2.0053575375128925,0.02335333005088014,-0.038577634250473114,0.03672292902129648,-0.03884220543582906,-0.05975203273750518,-1.3462536658404425,-1.3636223752060772,1.3636223752060772,2.950211758252182,0.03150330158001502,0.22999999999999998,2024-10-18,-1.621305663138099,-0.04115876154680098,-1.8024326022718744,2024-11-18
2024-10-25,-2.0556857226556304,-2.2088903907773645,-2.031461088962737,0.008125465362409656,0.008451896869092312,0.03331368325792372,-0.026209635693266176,0.047029531119565426,-1.4226839107015328,0.3319908874968869,0.3319908874968869,2.9486406660201405,0.03421309239674564,0.28,2024-10-25,-1.4922182192229558,-0.04377377872920807,-1.653788793801927,2024-11-25
2024-11-01,-1.941708589190815,-2.1010537562644442,-2.039553784566638,-0.003361105950562049,0.032873479399020855,0.03003422406585088,0.023922140504672118,0.024421582529928543,-1.358921772299464,1.1653279936620389,1.1653279936620389,3.1424266527047946,0.019323856923048943,0.31000000000000005,2024-11-01,-1.5239232339534319,-0.03583606449823051,-1.6864043982621144,2024-12-03
2024-11-08,-1.378400510930281,-1.7973658551830338,-1.9402132784239114,-0.01802496470044801,0.01851827292497399,0.010092724762279737,0.021266014942614042,-0.014355206474046867,-1.397191730694613,0.6428404815784787,0.6428404815784787,2.7212954278522306,0.014650905651258483,0.21999999999999997,2024-11-08,-1.7754325624950174,0.02628886951562759,-2.0899315641184817,2024-12-10
2024-11-15,-1.6364487332148105,-1.682107285031579,-1.9302742708388283,-0.04693880016464913,-0.014464943660617013,-0.06019940545324953,0.04537870553247014,-0.032983216585591,-1.6752940014447355,-0.47921802295469645,0.47921802295469645,2.6609585935683597,0.026984975521306076,0.31000000000000005,2024-11-15,-1.7901190120121522,0.011752010851910022,-2.0161021211097063,2024-12-17
2024-11-22,-1.6728140494091557,-1.6182352317191364,-1.8851621427198804,0.054492028571523576,0.022369365366370353,-0.013832842244135612,0.05929617402974818,0.036834309026987366,-1.723225268688218,0.754974788642528,0.754974788642528,2.825536896557877,0.027580800329046973,0.17999999999999994,2024-11-22,-1.989381039724192,-0.004298209998305325,-2.2336414789812546,2024-12-24
2024-11-29,-1.4280979916986791,-1.5322796582465077,-1.8141444011181458,-0.004347421064442969,-5.860687405601084e-05,-0.03173978439633007,0.033760824751502216,-0.031730734922731596,-1.8836314634696565,-0.03463747602485051,0.03463747602485051,2.6461747973841225,0.019898823569137747,0.040000000000000036,2024-11-29,-1.9955185146522854,-0.005395723447027656,-2.2445047273554537,2024-12-31
2024-12-06,-2.456623171665384,-1.705528126961684,-1.8344869243430553,-0.010807815629537032,-0.022557992595224174,-0.02720426420767552,0.0027840569244812485,-0.022499385721168164,-1.8348619289082744,-0.8015766999125146,0.8015766999125146,2.605648267484129,0.005882396089685216,-0.1200000000000001,2024-12-06,-1.9500153232414201,0.0020357484281401383,-2.239637806285455,2025-01-08
2024-12-13,-1.654861231452832,-1.7191056966186238,-1.8105054905258875,0.005500368373311915,0.02335798577331838,0.030253705503081818,0.03241351435271378,0.045915978368542554,-1.7995732121328998,0.8283655226827413,0.8283655226827413,2.6333266549062735,0.004497718620878111,-0.08999999999999986,2024-12-13,-2.05801730170202,0.023089752240807115,-2.4149326383873952,2025-01-16
2024-12-20,-1.8348600916674116,-1.725539798905046,-1.8010022009826578,-0.009005127509230881,0.021361205072586653,-0.018659995829898968,0.022102591376624847,-0.001996780700731726,-1.8462708280155613,0.7227454643344368,0.7227454643344368,3.18179681662678,0.016086667278901068,0.21999999999999975,2024-12-20,-2.1378263793021097,0.05917832517698596,-2.8763235859661,2025-01-24
2024-12-27,-2.235758481424533,-1.96182665054675,-1.8101659625733342,0.0074843916645388475,-0.0015246695698865054,-0.008620613098051066,0.016837338838114668,-0.03139709081753583,-1.8812636743328326,-0.0846118443805938,0.0846118443805938,2.689886230474539,0.01041187355489015,0.20999999999999996,2024-12-27,-2.0113862148081956,0.06989281295109961,-2.759252816454731,2025-01-30
2025-01-03,-2.0320599086075353,-1.9223118871972393,-1.7930065989277915,0.0017263986443474266,0.007639196749234856,-0.004834459870373564,0.05102589560969406,0.0025832994551175936,-1.880796965717948,0.23851667159698936,0.23851667159698936,2.8864752876170416,0.027995864467512455,0.28,2025-01-03,-2.0547430085199787,0.08259838380944462,-2.8711642137601,2025-02-05
2025-01-10,-2.264740686357354,-1.9757362700590575,-1.7969741523452176,0.011304168009162119,-0.013632961883384365,-0.0015297491779042716,0.04724313781221978,-0.033319409157509305,-2.028684324471157,-0.484516113827572,0.484516113827572,2.8735646395797834,0.027319993516042196,0.3400000000000001,2025-01-10,-2.0338706058026848,0.0844342328007901,-3.058655321655365,2025-02-11
2025-01-17,-2.169629251350126,-2.0528196551326667,-1.7912978659765812,0.004261474388230546,0.004261474388230546,0.021614360061575688,0.028831961055410638,0.01789443627161491,-1.895005818252171,0.14664931324260178,0.14664931324260178,2.8094026953624978,0.019461261757466986,0.1200000000000001,2025-01-17,-1.9661397394536904,0.06766197459670309,-2.6826205840314548,2025-02-19
2025-01-24,-2.0465101154041023,-2.1378263793021097,-1.7929817426645753,0.019951230833932243,0.024598283569991608,0.05917832517698596,0.025659701645563082,0.028591582819505135,-2.0264910942244665,0.8649214496484774,0.8649214496484774,2.7093826463359885,0.003987581614450342,0.0,2025-01-24,-1.956393111101334,0.059947739335902916,-2.601121619178016,2025-02-25
2025-01-31,-1.9177877059627462,-2.023755238585072,-1.7914675336981571,0.011318468238901147,-0.009951400632713714,0.06565297371994205,-0.01389296662215056,-0.03454968420270532,-1.9326115979738232,-0.3610996452621427,0.3610996452621427,2.7625383863862796,-0.0030564947723670244,-0.10000000000000009,2025-01-31,-1.9035384311280972,0.034483549437926975,-2.367234501618267,2025-03-04
2025-02-07,-2.371344472591328,-2.074087671026391,-1.881175756238572,0.020442454490729567,0.0023675637539337657,0.07080794965942783,0.013021147441698133,0.01231896438664748,-1.9374169701489483,0.08424049768067328,0.08424049768067328,2.740840023925201,-0.007862025058713584,-0.26000000000000023,2025-02-07,-1.9582970977302068,0.002939404742167362,-2.3025912131676707,2025-03-11
2025-02-14,-1.7349801175362771,-1.9679586448501736,-1.8934842792986324,0.009015752188952675,-0.0005831826233433368,0.06072790575251563,0.016431264067868323,-0.0029507463772771025,-2.0213038405471213,-0.022600257906360267,0.022600257906360267,2.714694743820879,-0.016451376851980726,-0.16000000000000014,2025-02-14,-1.995242304359928,0.03363546358483038,-2.480744249977911,2025-03-18
2025-02-21,-1.844754620234555,-1.9749361906521545,-1.9185509106100127,0.0015894751908751559,-0.0028136164204610736,0.06354906625833756,6.891249229701302e-05,-0.02587616790379732,-2.0312809139935353,-0.11093260722561989,0.11093260722561989,2.751109690562657,-0.017062573076183085,-0.15000000000000036,2025-02-21,-1.9709887733535336,0.01834583038596893,-2.4087808869134393,2025-03-24
2025-02-28,-1.8574872847621724,-1.9683164626182887,-1.9870803343162917,-0.02797883488022901,0.016242556429447497,0.020026762517459495,0.03440540253003288,0.01905617284990857,-2.1308110758717405,0.5563859796003446,0.5563859796003446,3.0506938316279655,-0.007061933676552279,-0.22999999999999998,2025-02-28,-2.029524330593925,0.07717215938802102,-3.01514001660498,2025-03-31
2025-03-07,-2.135747276791942,-1.9360129306047804,-1.9726323211867536,0.01926112135092861,-0.024960269958747894,0.018653550921485795,0.011531221533574776,-0.04120282638819539,-1.9713368109257883,-0.8941316651404205,0.8941316651404205,3.2136622578153133,-0.0332671414648642,-0.05999999999999983,2025-03-07,-1.778412234183923,0.028422414978823696,-2.11273087262717,2025-04-07
2025-03-14,-1.8001015080212353,-1.8936906671243543,-1.9928683744645002,0.025202207695663503,-0.011949625376183715,0.018073969357238262,-0.023480955325945185,0.01301064458256418,-2.002953339973712,-0.42170094927797397,0.42170094927797397,3.2051824977361982,-0.03882057585819165,-0.18000000000000016,2025-03-14,-1.4825441379598656,0.06809387542051049,-2.098814643616545,2025-04-14
2025-03-21,-2.1918880044554334,-1.9679447122829352,-2.0229211028248875,0.011738708159730216,0.0344631713464949,0.028223202326093322,0.013795832441010791,0.04641279672267862,-2.001916791058209,1.2077373866173187,1.2077373866173187,2.9856819377004897,-0.023693938009433424,-0.11999999999999988,2025-03-21,-1.286333438521288,0.11522687407721754,-2.0444975680076225,2025-04-22
2025-03-28,-2.145329817998819,-2.0413084154898335,-2.006102653761656,0.019803357844686786,-0.012320005186520433,0.07600539505100912,-0.014766729174957138,-0.046783176533015336,-1.8457032140357514,-0.46397691093879545,0.46397691093879545,2.9279886214674717,-0.030005546730308197,0.07000000000000006,2025-03-28,-1.2274389522638427,0.060334629214759516,-1.8083013205788847,2025-04-29
2025-04-04,-1.600193998019039,-1.8741098493572954,-1.9520015736060186,-0.015396367658612853,0.11979539159981334,0.04134790604146765,0.1299889323836041,0.13211539678633377,-1.2452807354235629,4.15129262853757,4.15129262853757,3.401863826205316,-0.019308782975093308,-0.16999999999999993,2025-04-04,-1.1555860964656357,0.14202620283997636,-1.9655738167842827,2025-05-06
2025-04-11,-0.9862020925841182,-1.4829838087477925,-1.7452212351151486,0.06306942780000302,-0.011961330135210169,0.07921512614580717,0.12997722762457764,-0.1317567217350235,-1.1968102244773273,-0.5155773090546513,0.5155773090546513,3.7067193722422673,-0.028922377654811093,0.22999999999999998,2025-04-11,-1.2098650966512738,0.010844607466104605,-1.6434142138330519,2025-05-13
2025-04-17,-1.3038920253591326,-1.3812438679965011,-1.695019243184752,0.04602543049196672,0.002096577767077168,0.08651257237251997,0.1181555379523731,-0.03973647384297818,-1.1719449960764985,-0.05645026765460918,0.05645026765460918,3.4855385300959063,-0.03994419980326214,0.18000000000000016,2025-04-17,-1.285060451814034,-0.05724974270419647,-1.5540274156843832,2025-05-19
2025-04-25,-1.1351136201579617,-1.2302236492968064,-1.5933100549253978,-0.0045509912941881225,-0.02132990885289132,0.07762548806736902,0.1190197138539566,-0.02342648661996849,-0.9678778728912596,-0.8330137145774915,0.8330137145774915,3.27601201623901,-0.05162058479785614,0.040000000000000036,2025-04-25,-1.2921602498132725,-0.014896725006545708,-1.6367604240838434,2025-05-27
2025-05-02,-1.6080569978018693,-1.1951064870116654,-1.5732186527621592,-0.02239976766834406,0.009037615775558727,0.03956709509671086,0.03163733629979992,0.03036752462845005,-1.1455924889291413,0.1902279901149884,0.1902279901149884,3.202746442938317,-0.03489521550045005,0.1200000000000001,2025-05-02,-1.3459826867199964,0.006593176585489857,-1.7207932065255003,2025-06-03
2025-05-09,-1.076094557587557,-1.2424636580651307,-1.4840369303851526,0.029300020127640103,0.006216904366589837,0.04837469165707464,-0.003978810943665589,-0.00282071140896889,-1.272334090152588,0.09254594005192984,0.09254594005192984,3.1126260250254902,-0.022207870781329575,0.010000000000000231,2025-05-09,-1.5765187883961271,0.028171772465159783,-2.053050858342005,2025-06-10
2025-05-16,-1.2325328585804596,-1.2257861897917746,-1.4411766134854567,-0.041930699489487466,-0.02500982156425602,-0.03958143832437955,-0.031085210274998776,-0.031226725930845856,-1.2860651320673766,-0.9372425211644188,0.9372425211644188,2.8808824318750488,0.014980805893430649,-0.010000000000000231,2025-05-16,-1.652024215200525,0.045616720966767055,-2.2322196491159176,2025-06-17
2025-05-23,-1.4430138882175156,-1.2999218806504615,-1.4169318263224926,0.05136979284255894,0.012871263615302553,0.01633934581236751,0.0031159621931950987,0.03788108517955857,-1.843441478072372,0.28796871492745807,0.28796871492745807,3.0096351787229825,0.006725226541570706,0.18000000000000016,2025-05-23,-1.8457772834788302,0.008567447643877735,-2.2847244702133143,2025-06-25
2025-05-30,-1.5778642882480018,-1.3365990923075675,-1.413886186680166,0.0016153380211507695,0.0026148612195520116,0.020431332187118123,-0.00011158981153247538,-0.0008397069816403757,-1.8747669392544344,-0.09317052262547176,0.09317052262547176,2.953868069455292,-0.0019119748356031252,0.16999999999999993,2025-05-30,-1.9033460765376606,-0.013307342870560568,-2.135040847247655,2025-07-01
2025-06-06,-1.4856310470189273,-1.4649412753705806,-1.3876609789105756,0.0051906768386400515,-0.08068112022580864,0.0018038010012793038,-0.10223199776780456,-0.08329598144536066,-1.5219538629996106,-3.027058894740326,3.027058894740326,2.916689066213538,-0.00877245608867483,0.10000000000000009,2025-06-06,-1.9455162742084267,-0.0035939729998490932,-2.197399115789106,2025-07-09
2025-06-13,-1.9867677113067608,-1.6343067765668433,-1.3916319592103308,0.035757798809145314,0.027228883427448114,0.060103124004164066,-0.04738280737761613,0.10791000365325676,-1.4927456445866414,0.8180901761917965,0.8180901761917965,2.8914822521801917,-0.031365687038754864,-0.050000000000000266,2025-06-13,-2.089456846721077,-0.011354192570859567,-2.2961279640495693,2025-07-16
2025-06-20,-1.9454911379949449,-1.7189311883550478,-1.3872465678574017,-0.00665246702372535,0.003685117866406795,0.013994862628193161,-0.05593718018346383,0.013073362744809192,-1.3918357616211348,0.013937371226334885,0.013937371226334885,3.0027078872904163,-0.012159111220062968,-0.06000000000000005,2025-06-20,-1.9810438014727032,0.016008567868533774,-2.311668036291414,2025-07-22
2025-06-27,-1.7448631829529408,-1.776141518654134,-1.3817062676487677,-0.029150681321408634,-0.026089696727995104,-0.014468832502050333,-0.08824670961493197,-0.0297748145944019,-1.3919394189378103,-1.0057300212749738,1.0057300212749738,2.808800104202353,-0.027713246382882417,-0.16999999999999993,2025-06-27,-2.138763812784431,0.0046475617429493354,-2.519312200457908,2025-07-29
2025-07-03,-1.7228220370891114,-1.915715963741442,-1.4081916412809135,0.001172843049696226,-0.003913126711617476,-0.012167580042366843,-0.0791161899063848,0.009468464169235968,-1.4211857114712376,-0.22878181393366143,0.22878181393366143,2.8118094353930627,-0.02520157081530261,-0.14000000000000012,2025-07-03,-1.913064239365352,0.011451275266135319,-2.3169098754587374,2025-08-04
2025-07-11,-2.2354292048064064,-1.9252550820950598,-1.4877159511296911,0.0064905787180729035,-0.03787037198327603,0.0024939512499750904,-0.058719567009080986,-0.033957245271658554,-1.5591112691988407,-1.418523372395146,1.418523372395146,2.7587433154177283,-0.014235131006147483,-0.17000000000000037,2025-07-11,-1.9000348040792745,0.0017515835199768404,-2.2613888329816776,2025-08-11
2025-07-18,-2.845475869578878,-2.0968930322667787,-1.5844824369720256,-0.002429032867005354,0.009633094212652349,-0.00604542387015794,-0.0455319953630946,0.04750346619592838,-1.7060174746964485,0.24664895774951098,0.24664895774951098,2.804571768092832,-0.0009111247048965154,-0.040000000000000036,2025-07-18,-1.970357083789482,-0.01993354772677769,-2.2489976729407797,2025-08-18
2025-07-25,-1.7480301871921275,-1.9750268216334388,-1.6159684727011343,-0.003215451992437224,-0.004659056595102573,0.002018936908326552,-0.03680946107734373,-0.014292150807754922,-1.732881869408091,-0.21356693313494496,0.21356693313494496,2.733717947850788,-0.0030760103769207348,-0.029999999999999805,2025-07-25,-2.0208476167829748,0.014368568442550966,-2.4345369244845294,2025-08-25
2025-08-01,-1.604785533328698,-1.9227409992357585,-1.6921855599505389,0.00554734196611939,0.036905213684299554,0.006393435824749716,0.0040088793185733,0.04156427027940213,-1.7127325034791956,1.2856344646329692,1.2856344646329692,2.8166056076565553,0.03302978004172186,-0.020000000000000018,2025-08-01,-2.0366133216695728,0.04613541686912903,-2.7791945347538975,2025-09-02
2025-08-08,-2.5996981409648487,-1.9586007853928507,-1.7876131616186288,0.01266572998212201,-0.025019491514366443,0.012568587088798822,0.016859759787482886,-0.061924705198666,-2.0385355041690882,-0.9228892400100938,0.9228892400100938,2.8075938314384716,0.007651146616419524,-0.1299999999999999,2025-08-08,-1.9994697029904855,0.07943674504901033,-3.2618427583537626,2025-09-09
2025-08-15,-2.1664305906953483,-1.9007982916586479,-1.8772518702030763,-0.018115487965755683,-0.007161182339721961,-0.0031178680099515077,6.548323510857657e-05,0.017858309174644482,-1.9860507455751517,-0.25495133570494866,0.25495133570494866,2.696652156149841,-0.004873634875138144,-0.14000000000000012,2025-08-15,-1.973749377077657,0.10105408916988701,-3.481801976980416,2025-09-16
2025-08-22,-2.1684041777347947,-2.007984258636852,-1.9383039465390182,0.010194078674968132,-0.013862068496978353,0.010291662657453848,-0.009137528666767203,-0.006700886157256392,-1.966969480289072,-0.5107551780804142,0.5107551780804142,2.8094026953624978,0.012653286096363736,-0.040000000000000036,2025-08-22,-1.9022295077868878,0.11174363056309833,-3.3230262334835983,2025-09-23
2025-08-29,-2.2762675738831337,-2.2750040637727182,-2.0122062535765153,0.023830033462619582,6.270504292826828e-05,0.02857435415395404,-0.04598003730813849,0.01392477353990662,-2.0971743042694,-0.02013711046278003,0.02013711046278003,2.6693093727857793,-0.022443332452019682,-0.16999999999999993,2025-08-29,-1.9871201447543116,0.08780195105238953,-3.0280444620623324,2025-09-30
2025-09-05,-1.5496230971716038,-1.973916513771721,-1.9491543755910843,0.04960151598604323,0.0031199292433083947,0.055682896443471463,-0.012427369200840754,0.004197271385168122,-2.122217340966757,0.10024003174787295,0.10024003174787295,2.72785282839839,0.0017299975820490587,-0.08999999999999986,2025-09-05,-1.9729819608541168,0.08460419667513719,-3.0484578978226673,2025-10-06
2025-09-12,-2.434651868332485,-2.01043482808582,-1.9929728427243505,0.01311413343890333,-0.016802090404261616,0.08772176948993504,-0.017812648070110626,-0.01992201964757001,-2.128136504034716,-0.6251220259139287,0.6251220259139287,2.688527534613346,-0.003070894281263392,-0.20000000000000018,2025-09-12,-1.68645239829581,0.10939765661919765,-2.5158588412628484,2025-10-13
2025-09-19,-2.098215302875579,-1.959655237592871,-1.9930106013047117,0.011147400385275397,-0.006945643013263947,0.09873896339744803,-0.021705146316076895,0.009856447390997669,-2.026753309847072,-0.2729267561835524,0.2729267561835524,2.7536607123542622,-0.008897156895297798,-0.20999999999999996,2025-09-19,-1.4074089386355473,0.15561938730242808,-2.2968400704026437,2025-10-20
2025-09-26,-1.8994707108867228,-1.8959793615452043,-2.009404412476808,0.022044273072271636,-0.047699673530465336,0.0959073228824936,-0.0683274777046825,-0.04075403051720139,-1.813134337704599,-1.8192623701602355,1.8192623701602355,2.817801065061329,0.0032523627043250514,-0.010000000000000009,2025-09-26,-1.0574744042991853,0.04045200585580311,-1.2960941851739365,2025-10-27
2025-10-03,-1.929194132227939,-2.0505006649378275,-1.9825434236096402,0.03095174343210072,-0.007938138035416653,0.07725755032855108,-0.07938554498340755,0.03976153549504868,-1.738762630265621,-0.28510773308433457,0.28510773308433457,2.811208293204836,-0.0050968510722615434,-0.030000000000000027,2025-10-03,-1.0586360693833163,0.012002964429036922,-1.289107349027205,2025-11-03
2025-10-10,-1.4505906098572774,-1.7811061769806176,-1.888097338865119,0.0315948463714637,-0.011357227051189245,0.09573826326111146,-0.07394068163033518,-0.0034190890157725917,-1.6081162721438846,-0.4125946080816905,0.4125946080816905,2.799108932049177,0.02029702295991065,0.13000000000000012,2025-10-10,-1.0642994803468993,0.0007667417310974756,-1.2918654360298076,2025-11-10
2025-10-17,-1.1950886864598533,-1.523333486748543,-1.7815261851322164,0.052431830044872285,0.0186696676992959,0.13702269292070834,-0.048325370917775334,0.030026894750485145,-1.484356697838244,0.7432371967830673,0.7432371967830673,3.2311995745570328,0.01062645053022937,-0.020000000000000018,2025-10-17,-1.164700914895661,-0.08135615124291551,-1.2779038159616998,2025-11-17
2025-10-24,-0.6220520901442887,-1.0859180769059886,-1.4944999208254799,-0.02993009292524551,0.0360423823928655,0.0850483269231912,0.035416685005555504,0.017372714693569602,-1.5088992517669708,1.2973311262624478,1.2973311262624478,2.8507065015037334,0.003949565909863395,-0.09000000000000008,2025-10-24,-1.6732619800271782,0.03530833991283444,-2.216621387291049,2025-11-24
2025-10-31,-1.3738568875277513,-1.0408772619546993,-1.463838186115365,-0.025214559610348353,-0.02566902877877064,0.028882023880742125,0.017685794262201515,-0.061711411171636144,-1.500871826563271,-0.9716193309549191,0.9716193309549191,2.827905162910489,0.017023415745272885,0.06000000000000005,2025-10-31,-1.7097093695911518,0.04884437366643102,-2.2460813097780523,2025-12-02
2025-11-07,-1.8542587508146176,-1.072363056406971,-1.4550420645491609,0.0005160095257163988,0.0025630966998169136,-0.0021968129650051793,0.031606118013207674,0.028232125478587555,-1.6292854800535952,0.09528486641066967,0.09528486641066967,2.970414465569701,0.0019069854460038727,0.030000000000000027,2025-11-07,-2.0100607866998295,0.0235587406550275,-2.45435107112531,2025-12-09
2025-11-14,-1.3270576689234186,-1.0955799531889738,-1.4090474250938179,0.02055776379164076,-0.02484391375823014,-0.034070879218236705,-0.011907463444318367,-0.027407010458047054,-1.6843149574728649,-0.87648870138166,0.87648870138166,2.995732273553991,0.007997217463692863,0.1200000000000001,2025-11-14,-2.3061034790309094,0.0631838971420402,-3.633984939789036,2025-12-16
2025-11-21,-2.3229897693603654,-1.583410977701593,-1.410450326569352,-0.004505299292222986,0.009959118121183774,-0.00864608558521418,-0.037990727716000094,0.034803031879413915,-1.7732508788380623,0.40169395459671947,0.40169395459671947,3.2741212990941793,0.01225531343919517,0.15000000000000013,2025-11-21,-2.0734071092091257,0.08429860356907071,-3.627047930858078,2025-12-23
2025-11-28,-1.876149759717445,-1.71590945751287,-1.4195454318698342,0.034170063793180994,-0.0779174559435063,0.04684171755246158,-0.09720588241461581,-0.09194467911687854,-1.419200657258854,-2.8299292333925443,2.8299292333925443,2.844327819394758,0.0038225300945864404,-0.010000000000000009,2025-11-28,-1.6134793071564542,0.023180218442659495,-1.8271814538381643,2025-12-30
2025-12-05,-2.828257380412834,-1.802846962525559,-1.4287839340003976,-0.003719403057813153,-0.03713268191734853,0.054152031014582214,-0.14128636966170038,0.040784774026157766,-1.2544168827698554,-1.1261207620339393,1.1261207620339393,2.7587433154177283,-0.012149344842648624,-0.020000000000000018,2025-12-05,,,,
2025-12-12,-2.3056966372411525,-2.074715573434245,-1.4285630949971657,0.023022452205608168,-0.03476524666768244,0.03230358195051242,-0.13578816135516503,0.0023674352496660944,-1.1131767628355762,-1.014411270877019,1.014411270877019,2.6979998652487085,-0.011424123359726757,0.07999999999999985,2025-12-12,,,,
2025-12-19,-2.765959113527737,-2.2920132118939818,-1.4450668551494426,0.009012438241035703,-0.07357744569861335,0.06248555118201171,-0.22339283022715062,-0.038812199030930916,-0.9716960339884275,-2.230378165939729,2.230378165939729,2.825536896557877,-0.01812193978752319,0.019999999999999796,2025-12-19,,,,
2025-12-26,-1.5767623041361687,-2.0393887699704267,-1.4276007327642517,0.044579342808152234,-0.13684277489131524,0.08411425941918882,-0.300754525156433,-0.12122904612085872,-0.7820602389946495,-4.171140207184271,4.171140207184271,2.6004649904222727,-0.01700101912744323,0.11999999999999988,2025-12-26,,,,
2025-12-31,-1.1053259556731643,-1.6134214873268995,-1.372425717229231,-0.042799338603546566,-0.036300813694595924,0.023152096493383567,-0.16953025841931124,0.03598523171057888,-0.6760447134948984,-0.8542363359394655,0.8542363359394655,2.6623552418400807,-0.011839306408679029,0.04999999999999982,2025-12-31,,,,
