date,gold_net,gold_long,gold_short,gold_net_contracts,gold_oi,gold_change,gold_contracts_change_scaled,silver_net,silver_long,silver_short,silver_net_contracts,silver_oi,silver_change,silver_contracts_change_scaled,price_date,gold_return1,ratio_return1,gold_return4,ratio_return4,silver_return1,relative_position_change,gold_change_lag0,gold_change_lag1,gold_change_lag2,gold_change_lag3,silver_change_lag0,silver_change_lag1,silver_change_lag2,silver_change_lag3,label_end,future_gold_position_1w,future_silver_position_1w,future_gold_return_1w,future_ratio_return_1w,future_gold_position_4w,future_silver_position_4w,future_gold_return_4w,future_ratio_return_4w
2006-06-13,0.24181520584398283,0.34514033794609333,0.10332513210211051,69880,288981,,,0.15031019620684466,0.19921588062977352,0.048905684422928856,16984,112993,,,2006-06-13,,,,,,,,,,,,,,,2006-07-11,-0.02971586800370632,-0.018479285418739583,0.024378545224497117,-0.04204134643133983,-0.01192176710071488,0.03191800843198367,0.13198787422044767,-0.05206376043481731
2006-06-20,0.21209933784027651,0.3164970778905285,0.10439774005025196,61116,288148,-0.02971586800370632,-0.030327253348836083,0.13183091078810508,0.1909054540605414,0.059074543272436324,14829,112485,-0.018479285418739583,-0.019071977910136026,2006-06-20,0.024378545224497117,-0.04204134643133983,,,0.06641989165583695,-0.011236582584966737,-0.02971586800370632,,,,-0.018479285418739583,,,,2006-07-18,-0.016685575711234774,-0.011838982405363657,0.006609887861666941,0.013634356115402646,0.03235600267212649,0.029663376584086132,0.0932455775593315,0.06364713246546883
2006-06-27,0.19541376212904174,0.30272653685760054,0.1073127747285588,57215,292789,-0.016685575711234774,-0.013538181767702709,0.11999192838274142,0.18029057822130906,0.060298649838567656,13082,109024,-0.011838982405363657,-0.015530959683513357,2006-06-27,0.006609887861666941,0.013634356115402646,,,-0.007024468253735705,-0.004846593305871116,-0.016685575711234774,-0.02971586800370632,,,-0.011838982405363657,-0.018479285418739583,,,2006-07-25,0.007410169494889873,0.054272942778138905,0.07512291127101278,-0.032975223907542706,0.03557139477687807,0.047459039947875065,0.06493934196748441,-0.008560063829385012
2006-07-03,0.2028239316239316,0.30804786324786326,0.10522393162393162,59326,292500,0.007410169494889873,0.007209970319923221,0.17426487116088032,0.20236222081451663,0.02809734965363631,17056,97874,0.054272942778138905,0.036450689756383915,2006-07-03,0.07512291127101278,-0.032975223907542706,,,0.10809813517855549,-0.04686277328324903,0.007410169494889873,-0.016685575711234774,-0.02971586800370632,,0.054272942778138905,-0.011838982405363657,-0.018479285418739583,,2006-08-01,0.02706950711933634,0.007963333477948004,0.025876529863270825,0.009318453788662584,0.02875159796377874,0.018550652981593196,0.033837210587513766,0.0009906874087968198
2006-07-11,0.22989343874326795,0.3230705760448248,0.09317713730155684,71884,312684,0.02706950711933634,0.04293333333333333,0.18222820463882833,0.2068286606864823,0.024600456047653967,18141,99551,0.007963333477948004,0.011085681590616507,2006-07-11,0.025876529863270825,0.009318453788662584,0.13198787422044767,-0.05206376043481731,0.01655807607460824,0.019106173641388335,0.02706950711933634,0.007410169494889873,-0.016685575711234774,-0.02971586800370632,0.007963333477948004,0.054272942778138905,-0.011838982405363657,-0.018479285418739583,2006-08-08,0.01456190176913505,-0.02073391726663712,-0.014363751436619054,0.0736695464689463,0.010542411491448023,0.031107218500859873,0.0025043031426577045,-0.055422131205286274
2006-07-18,0.244455340512403,0.32400794385030035,0.07955260333789735,79271,324276,0.01456190176913505,0.023624489900346674,0.1614942873721912,0.19709066170438402,0.03559637433219281,16142,99954,-0.02073391726663712,-0.020080159918031963,2006-07-18,-0.014363751436619054,0.0736695464689463,0.0932455775593315,0.06364713246546883,-0.08803329790556536,0.03529581903577217,0.01456190176913505,0.02706950711933634,0.007410169494889873,-0.016685575711234774,-0.02073391726663712,0.007963333477948004,0.054272942778138905,-0.011838982405363657,2006-08-15,-0.013470183606483194,0.0059566809584252756,-0.021696347730180143,-0.05857284017945119,-0.027780748153621276,0.04656440621066768,-0.01425055267109343,-0.14748688832148504
2006-07-25,0.2309851569059198,0.30697166030383194,0.07598650339791214,72907,315635,-0.013470183606483194,-0.01962525749670034,0.16745096833061648,0.1993459026645752,0.03189493433395872,16333,97539,0.0059566809584252756,0.0019108790043419973,2006-07-25,-0.021696347730180143,-0.05857284017945119,0.06493934196748441,-0.008560063829385012,0.03687649244927105,-0.01942686456490847,-0.013470183606483194,0.01456190176913505,0.02706950711933634,0.007410169494889873,0.0059566809584252756,-0.02073391726663712,0.007963333477948004,0.054272942778138905,2006-08-22,0.0005903726817905464,0.025364555811857037,0.04402077989104214,-0.023424472669360874,-0.034020062236601034,0.04797074358734796,0.008090659120036037,-0.10384331338058361
2006-08-01,0.23157552958771035,0.31414496879376336,0.08256943920605299,70609,304907,0.0005903726817905464,-0.007280561407955391,0.19281552414247352,0.22850483862795765,0.03568931448548412,19028,98685,0.025364555811857037,0.027629973651565016,2006-08-01,0.04402077989104214,-0.023424472669360874,0.033837210587513766,0.0009906874087968198,0.06744525256040301,-0.02477418313006649,0.0005903726817905464,-0.013470183606483194,0.01456190176913505,0.02706950711933634,0.025364555811857037,0.0059566809584252756,-0.02073391726663712,0.007963333477948004,2006-08-29,0.00886032064700562,0.02051989899721468,-0.005456377581585237,-0.04709436482542051,-0.07054907493969664,0.01640420775719359,-0.053980869103632756,-0.09684154977403159
2006-08-08,0.24043585023471598,0.3267388554402016,0.08630300520548566,74318,309097,0.00886032064700562,0.012164364871911764,0.2133354231396882,0.25255617122889834,0.039220748089210146,23139,108463,0.02051989899721468,0.04165780007093277,2006-08-08,-0.005456377581585237,-0.04709436482542051,0.0025043031426577045,-0.055422131205286274,0.04163798724383527,-0.01165957835020906,0.00886032064700562,0.0005903726817905464,-0.013470183606483194,0.01456190176913505,0.02051989899721468,0.025364555811857037,0.0059566809584252756,-0.02073391726663712,2006-09-05,-0.02376125787593425,-0.005276729556829313,-0.03111860725037019,-0.01839521064725247,-0.05849096307917126,0.011454648254533684,-0.009581485405233181,-0.06626399468049238
2006-08-15,0.21667459235878173,0.30037309264761736,0.08369850028883563,67890,313327,-0.02376125787593425,-0.02079606078350809,0.2080586935828589,0.24454462185024875,0.03648592826738986,23169,111358,-0.005276729556829313,0.00027659201755437336,2006-08-15,-0.03111860725037019,-0.01839521064725247,-0.01425055267109343,-0.14748688832148504,-0.01272339660311772,-0.018484528319104937,-0.02376125787593425,0.00886032064700562,0.0005903726817905464,-0.013470183606483194,-0.005276729556829313,0.02051989899721468,0.025364555811857037,0.0059566809584252756,2006-09-12,-0.01970949768946295,0.007363018335105553,0.0006448640609493239,-0.01492926523854976,-0.06872444582565879,-0.050168107087048136,-0.06135055282648505,0.03264693939511654
2006-08-22,0.19696509466931877,0.2854156664086409,0.08845057173932214,60305,306171,-0.01970949768946295,-0.024207936117857702,0.21542171191796444,0.24698590666538994,0.03156419474742551,24747,114877,0.007363018335105553,0.014170513119847699,2006-08-22,0.0006448640609493239,-0.01492926523854976,0.008090659120036037,-0.10384331338058361,0.015574129299499084,-0.027072516024568505,-0.01970949768946295,-0.02376125787593425,0.00886032064700562,0.0005903726817905464,0.007363018335105553,-0.005276729556829313,0.02051989899721468,0.025364555811857037,2006-09-19,-0.03593864002130506,-0.006201980018297332,-0.018050748332626654,-0.01642270906280885,-0.06932125636235734,-0.11214599766073215,-0.08629375830232089,0.044464508392676905
2006-08-29,0.1610264546480137,0.2627225821973256,0.1016961275493119,49529,307583,-0.03593864002130506,-0.03519601791155923,0.2092197318996671,0.2493101668061168,0.040090434906449715,23505,112346,-0.006201980018297332,-0.010811563672449663,2006-08-29,-0.018050748332626654,-0.01642270906280885,-0.053980869103632756,-0.09684154977403159,-0.0016280392698178048,-0.02973666000300773,-0.03593864002130506,-0.01970949768946295,-0.02376125787593425,0.00886032064700562,-0.006201980018297332,0.007363018335105553,-0.005276729556829313,0.02051989899721468,2006-09-26,0.020918432507531004,0.015570339494554775,0.03894300611681434,-0.0165168097318813,-0.05164289067113896,-0.09393331096461047,-0.03676879667744526,0.03911415679938823
2006-09-05,0.18194488715554472,0.27391421196382476,0.09196932480828005,58222,319998,0.020918432507531004,0.028262290178585944,0.22479007139422189,0.27597750897051754,0.05118743757629564,24307,108132,0.015570339494554775,0.007138660922507254,2006-09-05,0.03894300611681434,-0.0165168097318813,-0.009581485405233181,-0.06626399468049238,0.05545981584869564,0.005348093012976229,0.020918432507531004,-0.03593864002130506,-0.01970949768946295,-0.02376125787593425,0.015570339494554775,-0.006201980018297332,0.007363018335105553,-0.005276729556829313,2006-10-03,-0.033994740622421776,-0.06689948489841113,-0.08288767467162206,0.08051572342835644,-0.08362182957597705,-0.10745803142130161,-0.10385351377517527,0.07869927420856859
2006-09-12,0.14795014653312294,0.24659753309072172,0.09864738655759879,45940,310510,-0.033994740622421776,-0.038381489884311774,0.15789058649581075,0.21586988664366683,0.057979300147856086,16018,101450,-0.06689948489841113,-0.07665630895572079,2006-09-12,-0.08288767467162206,0.08051572342835644,-0.06135055282648505,0.03264693939511654,-0.1634033980999785,0.032904744275989356,-0.033994740622421776,0.020918432507531004,-0.03593864002130506,-0.01970949768946295,-0.06689948489841113,0.015570339494554775,-0.006201980018297332,0.007363018335105553,2006-10-10,-0.0203063082261615,-0.05461487223857846,-0.024298341414886515,-0.0031116962409893922,-0.07896420753291655,-0.03874279577958807,-0.02289381463307194,-0.031838173556892446
2006-09-19,0.12764383830696144,0.2216497060014976,0.09400586769453617,41593,325852,-0.0203063082261615,-0.013999549128852533,0.1032757142572323,0.18252686564188447,0.07925115138465219,10360,100314,-0.05461487223857846,-0.055771315919172004,2006-09-19,-0.024298341414886515,-0.0031116962409893922,-0.08629375830232089,0.044464508392676905,-0.021186645173897123,0.034308564012416956,-0.0203063082261615,-0.033994740622421776,0.020918432507531004,-0.03593864002130506,-0.05461487223857846,-0.06689948489841113,0.015570339494554775,-0.006201980018297332,2006-10-17,-0.018260274330086687,0.012010706677824348,0.031474213292248976,-0.02177306065609752,-0.06147028771961775,0.04308035272751838,0.02994086006343899,-0.050187375707356985
2006-09-26,0.10938356397687475,0.21157377445136358,0.10219021047448883,35324,322937,-0.018260274330086687,-0.01923879552680358,0.11528642093505664,0.19465055050263283,0.07936412956757619,11560,100272,0.012010706677824348,0.01196243794485316,2006-09-26,0.031474213292248976,-0.02177306065609752,-0.03676879667744526,0.03911415679938823,0.053247273948346496,-0.030270981007911035,-0.018260274330086687,-0.0203063082261615,-0.033994740622421776,0.020918432507531004,0.012010706677824348,-0.05461487223857846,-0.06689948489841113,0.015570339494554775,2006-10-24,-0.011060506397307088,0.0020456190378636274,-0.02814171098091567,0.02306830767729906,-0.0786867563966119,0.035355192263843455,-0.009751227899961634,-0.04523639454775985
2006-10-03,0.09832305757956766,0.20032114886461758,0.10199809128504991,32453,330065,-0.011060506397307088,-0.00889027890888935,0.11733203997292027,0.18832540139642506,0.0709933614235048,11612,98967,0.0020456190378636274,0.0005185894367320887,2006-10-03,-0.02814171098091567,0.02306830767729906,-0.10385351377517527,0.07869927420856859,-0.05121001865821473,-0.013106125435170715,-0.011060506397307088,-0.018260274330086687,-0.0203063082261615,-0.033994740622421776,0.0020456190378636274,0.012010706677824348,-0.05461487223857846,-0.06689948489841113,2006-10-31,-0.029337118579361277,0.0018157507433024106,-0.0019279755295187329,-0.030021724337104594,-0.033738120597179205,0.06578252228838946,0.053357367990563453,-0.07316517918574883
2006-10-10,0.06898593900020639,0.1862536603166342,0.11726772131642783,23064,334329,-0.029337118579361277,-0.028445912168815233,0.11914779071622268,0.19153772531504226,0.0723899345988196,11951,100304,0.0018157507433024106,0.003425384218982085,2006-10-10,-0.0019279755295187329,-0.030021724337104594,-0.02289381463307194,-0.031838173556892446,0.02809374880758586,-0.031152869322663687,-0.029337118579361277,-0.011060506397307088,-0.018260274330086687,-0.0203063082261615,0.0018157507433024106,0.0020456190378636274,0.012010706677824348,-0.05461487223857846,2006-11-07,-0.0028123884128627014,0.027208276268527995,0.028536333281624415,-0.02146089839145393,0.06094039727410444,0.08112134567260025,0.08472808523083675,-0.04000642649875408
2006-10-17,0.06617355058734369,0.19583781735505873,0.12966426676771503,21829,329875,-0.0028123884128627014,-0.0036939661231900314,0.14635606698475068,0.2109084105154832,0.06455234353073253,15644,106890,0.027208276268527995,0.03681807305790397,2006-10-17,0.028536333281624415,-0.02146089839145393,0.02994086006343899,-0.050187375707356985,0.049997231673078346,-0.030020664681390696,-0.0028123884128627014,-0.029337118579361277,-0.011060506397307088,-0.018260274330086687,0.027208276268527995,0.0018157507433024106,0.0020456190378636274,0.012010706677824348,2006-11-14,-0.03547674300708084,0.004285546214149422,-0.008217874671151648,-0.016822079496500386,0.07335950697417913,0.0855524157280832,0.049561181189069714,-0.03944458056590339
2006-10-24,0.030696807580262848,0.16290508386660957,0.1322082762863467,10179,331598,-0.03547674300708084,-0.03531640773020083,0.1506416131989001,0.21397800183318058,0.06333638863428048,16435,109100,0.004285546214149422,0.007400130975769483,2006-10-24,-0.008217874671151648,-0.016822079496500386,-0.009751227899961634,-0.04523639454775985,0.008604204825348738,-0.03976228922123026,-0.03547674300708084,-0.0028123884128627014,-0.029337118579361277,-0.011060506397307088,0.004285546214149422,0.027208276268527995,0.0018157507433024106,0.0020456190378636274,2006-11-21,0.033888129402125614,0.032472949062409634,0.03496688490960942,-0.004860476960689919,0.10561695321651852,0.09573432665072396,0.06811004979060886,-0.03197746507817456
2006-10-31,0.06458493698238846,0.18543592977640108,0.12085099279401264,20892,323481,0.033888129402125614,0.032307191237582855,0.18311456226130973,0.24294021063708193,0.0598256483757722,20186,110237,0.032472949062409634,0.034381301558203486,2006-10-31,0.03496688490960942,-0.004860476960689919,0.053357367990563453,-0.07316517918574883,0.03982736187029934,0.0014151803397159796,0.033888129402125614,-0.03547674300708084,-0.0028123884128627014,-0.029337118579361277,0.032472949062409634,0.004285546214149422,0.027208276268527995,0.0018157507433024106,2006-11-28,0.06534139929192237,0.0171545741275132,0.02944274171075456,0.0031370283498901586,0.06300542342926535,0.09634003615127312,0.05380504479305959,-0.05907526275935027
2006-11-07,0.12992633627431083,0.22724125168638595,0.09731491541207513,43530,335036,0.06534139929192237,0.06998247192261678,0.20026913638882293,0.25699007009859537,0.056720933709772464,22770,113697,0.0171545741275132,0.023440405671417038,2006-11-07,0.02944274171075456,0.0031370283498901586,0.08472808523083675,-0.04000642649875408,0.026305713360864402,0.04818682516440917,0.06534139929192237,0.033888129402125614,-0.03547674300708084,-0.0028123884128627014,0.0171545741275132,0.032472949062409634,0.004285546214149422,0.027208276268527995,2006-12-05,0.009606721287211989,0.03163934632401094,-0.006630570760142618,-0.02089905245860324,0.027538946755973875,0.12313336644254014,0.028130586336432728,-0.06439682239776712
2006-11-14,0.13953305756152282,0.22199256818341162,0.0824595106218888,49754,356575,0.009606721287211989,0.018577108131663463,0.23190848271283387,0.2843487734708816,0.052440290758047764,27246,117486,0.03163934632401094,0.03936779334547086,2006-11-14,-0.006630570760142618,-0.02089905245860324,0.049561181189069714,-0.03944458056590339,0.014268481698460622,-0.022032625036798953,0.009606721287211989,0.06534139929192237,0.033888129402125614,-0.03547674300708084,0.03163934632401094,0.0171545741275132,0.032472949062409634,0.004285546214149422,2006-12-12,-0.003219296764741447,0.01446745713679018,0.0103309939303875,-0.00935496400877156,0.010829745312080086,0.09723108343665199,0.014337730569907059,-0.06370401455966901
2006-11-21,0.13631376079678137,0.21881383113411923,0.08250007033733787,48450,355430,-0.003219296764741447,-0.003657014653298745,0.24637593984962405,0.2949001074113856,0.04852416756176155,28672,116375,0.01446745713679018,0.012137616396847285,2006-11-21,0.0103309939303875,-0.00935496400877156,0.06811004979060886,-0.03197746507817456,0.01968595793915906,-0.017686753901531627,-0.003219296764741447,0.009606721287211989,0.06534139929192237,0.033888129402125614,0.01446745713679018,0.03163934632401094,0.0171545741275132,0.032472949062409634,2006-12-19,-0.008723400385127561,0.0330786585629588,0.020661879912060144,-0.031958274641865625,-0.020735409229275373,-0.022948628949645333,-0.007576424117285541,0.02202076150826393
2006-11-28,0.1275903604116538,0.21588935588254649,0.08829899547089269,44595,349517,-0.008723400385127561,-0.010846017499929663,0.27945459841258286,0.3307270807543872,0.05127248234180441,30702,109864,0.0330786585629588,0.01744360902255639,2006-11-28,0.020661879912060144,-0.031958274641865625,0.05380504479305959,-0.05907526275935027,0.05262015455392577,-0.04180205894808636,-0.008723400385127561,-0.003219296764741447,0.009606721287211989,0.06534139929192237,0.0330786585629588,0.01446745713679018,0.03163934632401094,0.0171545741275132,2006-12-26,0.029874922618630895,0.043947904418780215,0.0037682832541277023,-0.002184531288526692,-0.01563140918791507,-0.06640548875378968,-0.025329911173757047,0.05902405576913239
2006-12-05,0.1574652830302847,0.24424711826460532,0.08678183523432063,52047,330530,0.029874922618630895,0.021320851346286446,0.32340250283136307,0.3709319630472019,0.04752946021583879,34552,106839,0.043947904418780215,0.035043326294327534,2006-12-05,0.0037682832541277023,-0.002184531288526692,0.028130586336432728,-0.06439682239776712,0.005952814542654394,-0.01407298180014932,0.029874922618630895,-0.008723400385127561,-0.003219296764741447,0.009606721287211989,0.043947904418780215,0.0330786585629588,0.01446745713679018,0.03163934632401094,2007-01-03,-0.007102480156681801,0.005737063318122793,-0.020423426526668287,-0.02020624462050513,-0.025095285236828524,-0.12994619009209804,-0.024269612036265542,0.07119984599592932
2006-12-12,0.1503628028736029,0.2352649796908445,0.08490217681724162,50086,333101,-0.007102480156681801,-0.005932895652436995,0.32913956614948586,0.3738054576505214,0.04466589150103557,36233,110084,0.005737063318122793,0.015733954829229027,2006-12-12,-0.020423426526668287,-0.02020624462050513,0.014337730569907059,-0.06370401455966901,-0.00021718190616315525,-0.012839543474804593,-0.007102480156681801,0.029874922618630895,-0.008723400385127561,-0.003219296764741447,0.005737063318122793,0.043947904418780215,0.0330786585629588,0.01446745713679018,2007-01-09,-0.034784451306096906,-0.10571225524950714,-0.0115831607568051,0.07636981205916138,-0.07555223224011887,-0.11143102739973237,-0.02707471851768606,0.07882485198251299
2006-12-19,0.115578351567506,0.2037164487267722,0.08813809715926621,38961,337096,-0.034784451306096906,-0.03339827860018433,0.22342731089997872,0.27127072892277326,0.04784341802279456,23093,103358,-0.10571225524950714,-0.11936339522546419,2006-12-19,-0.0115831607568051,0.07636981205916138,-0.007576424117285541,0.02202076150826393,-0.08795297281596648,0.07092780394341024,-0.034784451306096906,-0.007102480156681801,0.029874922618630895,-0.008723400385127561,-0.10571225524950714,0.005737063318122793,0.043947904418780215,0.0330786585629588,2007-01-16,-0.0036194003437672595,-0.010378201241185547,0.0029083928555886374,0.005045019619002833,-0.013865193176511317,-0.006939046144994937,0.0027470645539606764,0.011321252050334518
2006-12-26,0.11195895122373874,0.20505297042643617,0.09309401920269743,38119,340473,-0.0036194003437672595,-0.0024978047796473408,0.21304910965879317,0.2620994453287984,0.04905033567000524,21548,101141,-0.010378201241185547,-0.014948044660306895,2006-12-26,0.0029083928555886374,0.005045019619002833,-0.025329911173757047,0.05902405576913239,-0.0021366267634141956,0.006758800897418288,-0.0036194003437672595,-0.034784451306096906,-0.007102480156681801,0.029874922618630895,-0.010378201241185547,-0.10571225524950714,0.005737063318122793,0.043947904418780215,2007-01-23,0.020411046569717442,-0.019592796919528144,0.004828582391619207,0.009991258938270242,0.04848345754468343,0.009656542787650546,0.035658698560027347,-0.012742790551671934
2007-01-03,0.13236999779345618,0.2200489965883438,0.08767899879488761,46792,353494,0.020411046569717442,0.025473385554801702,0.19345631273926503,0.2536377925421637,0.06018147980289866,20062,103703,-0.019592796919528144,-0.014692360170455106,2007-01-03,0.004828582391619207,0.009991258938270242,-0.024269612036265542,0.07119984599592932,-0.005162676546651035,0.040003843489245586,0.020411046569717442,-0.0036194003437672595,-0.034784451306096906,-0.007102480156681801,-0.019592796919528144,-0.010378201241185547,-0.10571225524950714,0.005737063318122793,2007-01-30,-0.05755942715997214,0.02425222601048846,-0.023228533008088803,-0.012581238633921465,0.06871897314337488,0.047969969312017025,0.030674380303959303,-0.028834828564675785
2007-01-09,0.07481057063348404,0.1889459007571419,0.11413533012365788,25996,347491,-0.05755942715997214,-0.05882985284050083,0.2177085387497535,0.27051863537763754,0.052810096627884044,22080,101420,0.02425222601048846,0.019459417760334802,2007-01-09,-0.023228533008088803,-0.012581238633921465,-0.02707471851768606,0.07882485198251299,-0.010647294374167338,-0.0818116531704606,-0.05755942715997214,0.020411046569717442,-0.0036194003437672595,-0.034784451306096906,0.02425222601048846,-0.019592796919528144,-0.010378201241185547,-0.10571225524950714,2007-02-06,0.026902587757510643,-0.001220273994769705,0.018238622314841635,0.008866212126982909,0.15088595174167388,0.03445471045483972,0.06273949023508951,-0.028354713868926407
2007-01-16,0.10171315839099468,0.1985290917794508,0.09681593338845612,35059,344685,0.026902587757510643,0.02608125102520641,0.21648826475498378,0.26546204458411077,0.04897377982912698,22045,101830,-0.001220273994769705,-0.0003450995858804969,2007-01-16,0.018238622314841635,0.008866212126982909,0.0027470645539606764,0.011321252050334518,0.009372410187858726,0.028122861752280348,0.026902587757510643,-0.05755942715997214,0.020411046569717442,-0.0036194003437672595,-0.001220273994769705,0.02425222601048846,-0.019592796919528144,-0.010378201241185547,2007-02-13,0.05872925037742749,0.006217387691459936,0.03582002686165531,-0.01901902298300362,0.1515876044577744,0.04612541206303622,0.06057708407516049,-0.035080945727009816
2007-01-23,0.16044240876842217,0.2372768710158011,0.07683446224737894,57938,361114,0.05872925037742749,0.0663765467020613,0.22270565244644372,0.2704454113048929,0.04773975885844917,24160,108484,0.006217387691459936,0.02076991063537268,2007-01-23,0.03582002686165531,-0.01901902298300362,0.035658698560027347,-0.012742790551671934,0.05483904984465893,0.05251186268596755,0.05872925037742749,0.026902587757510643,-0.05755942715997214,0.020411046569717442,0.006217387691459936,-0.001220273994769705,0.02425222601048846,-0.019592796919528144,2007-02-20,0.040646562168408895,0.018720629604838335,-0.00015573586444883603,-0.006100779074733609,0.08141159827498695,0.046879963776240346,0.01667468299878916,-0.023346958674039353
2007-01-30,0.20108897093683106,0.28546554225868087,0.08437657132184981,69986,348035,0.040646562168408895,0.0333634254002891,0.24142628205128205,0.29434650997150996,0.05292022792022792,27117,112320,0.018720629604838335,0.027257475756793628,2007-01-30,-0.00015573586444883603,-0.006100779074733609,0.030674380303959303,-0.028834828564675785,0.005945043210284773,0.02192593256357056,0.040646562168408895,0.05872925037742749,0.026902587757510643,-0.05755942715997214,0.018720629604838335,0.006217387691459936,-0.001220273994769705,0.02425222601048846,2007-02-27,0.024607551438326852,0.010736967153311155,0.008836576923041406,-0.012101123938172087,0.06926065751519286,0.10810944278484438,0.01836050029060221,-0.033611548603135866
2007-02-06,0.22569652237515792,0.30262428796240887,0.07692776558725092,81462,360936,0.024607551438326852,0.03297369517433591,0.2521632492045932,0.3063023660672172,0.05413911686262403,29404,116607,0.010736967153311155,0.020361467236467236,2007-02-06,0.008836576923041406,-0.012101123938172087,0.06273949023508951,-0.028354713868926407,0.020937700861213493,0.013870584285015697,0.024607551438326852,0.040646562168408895,0.05872925037742749,0.026902587757510643,0.010736967153311155,0.018720629604838335,0.006217387691459936,-0.001220273994769705,2007-03-06,0.027604240473611152,0.010450427613426794,0.016076216154912615,0.0021399802688994995,-0.04563901355278174,-0.05583184519114573,-0.009927169744800679,0.043960443027841745
2007-02-13,0.25330076284876907,0.31757266375933335,0.06427190091056427,97057,383169,0.027604240473611152,0.04320710596892524,0.26261367681802,0.32108644292695554,0.058472766108935564,32458,123596,0.010450427613426794,0.026190537446293963,2007-02-13,0.016076216154912615,0.0021399802688994995,0.06057708407516049,-0.035080945727009816,0.013936235886013115,0.01715381286018436,0.027604240473611152,0.024607551438326852,0.040646562168408895,0.05872925037742749,0.010450427613426794,0.010736967153311155,0.018720629604838335,0.006217387691459936,2007-03-13,-0.011446755805359948,0.006971939404664063,-0.008082374214716026,-0.007285035930033157,-0.08007637248108657,-0.10773645021948192,-0.03272899654832084,0.05119778211572079
2007-02-20,0.24185400704340912,0.30706234300645013,0.06520833596304104,95802,396115,-0.011446755805359948,-0.0032753171577032587,0.26958561622268407,0.3282480005038101,0.058662384281126016,34246,127032,0.006971939404664063,0.0144664875885951,2007-02-20,-0.008082374214716026,-0.007285035930033157,0.01667468299878916,-0.023346958674039353,-0.0007973382846828692,-0.01841869521002401,-0.011446755805359948,0.027604240473611152,0.024607551438326852,0.040646562168408895,0.006971939404664063,0.010450427613426794,0.010736967153311155,0.018720629604838335,2007-03-20,0.028495621408614807,0.07995010861344237,0.001530081427364216,-0.01636536900383012,-0.055320367551128874,-0.12473101030786873,-0.0006126653171207863,0.038805311207096516
2007-02-27,0.2703496284520239,0.32692608784670785,0.05657645939468391,112237,415155,0.028495621408614807,0.041490476250583795,0.34953572483612644,0.40657410438406694,0.057038379547940506,43779,125249,0.07995010861344237,0.07504408338056552,2007-02-27,0.001530081427364216,-0.01636536900383012,0.01836050029060221,-0.033611548603135866,0.017895450431194337,-0.051454487204827565,0.028495621408614807,-0.011446755805359948,0.027604240473611152,0.024607551438326852,0.07995010861344237,0.006971939404664063,0.010450427613426794,0.010736967153311155,2007-03-27,-0.09029211962964775,-0.15320432082267896,-0.019451093112361484,0.06547086769280552,-0.07859258821654258,-0.20017516155703746,0.004423671080557412,0.06710715969574421
2007-03-06,0.18005750882237617,0.23588027708796236,0.0558227682655862,68881,382550,-0.09029211962964775,-0.10443328395418579,0.19633140401344748,0.25809274598828547,0.06176134197483797,22659,115412,-0.15320432082267896,-0.1686241007912239,2007-03-06,-0.019451093112361484,0.06547086769280552,-0.009927169744800679,0.043960443027841745,-0.08492196080516701,0.0629122011930312,-0.09029211962964775,0.028495621408614807,-0.011446755805359948,0.027604240473611152,-0.15320432082267896,0.07995010861344237,0.006971939404664063,0.010450427613426794,2007-04-03,-0.006833118454693671,-0.04145417741490939,-0.0067256106486075495,0.009377319356778546,0.017802285264744366,-0.049515492490079666,0.02585157444692765,-0.00784837340639788
2007-03-13,0.1732243903676825,0.21892968611230937,0.04570529574462686,68266,394090,-0.006833118454693671,-0.0016076329891517448,0.1548772265985381,0.21419700518061174,0.059319778582073664,17459,112728,-0.04145417741490939,-0.04505597338231726,2007-03-13,-0.0067256106486075495,0.009377319356778546,-0.03272899654832084,0.05119778211572079,-0.016102930005386096,0.03462105896021572,-0.006833118454693671,-0.09029211962964775,0.028495621408614807,-0.011446755805359948,-0.04145417741490939,-0.15320432082267896,0.07995010861344237,0.006971939404664063,2007-04-10,0.013309249124597744,-0.010022620683722755,0.02403395701648403,-0.019677506838657433,0.05337058278784226,0.005303784214654689,0.05257938253832428,-0.03474715582346066
2007-03-20,0.18653363949228025,0.2346035593757471,0.04806991988346686,67101,359726,0.013309249124597744,-0.00295617752290086,0.14485460591481533,0.2006509126927975,0.05579630677798217,16379,113072,-0.010022620683722755,-0.009580583351075155,2007-03-20,0.02403395701648403,-0.019677506838657433,-0.0006126653171207863,0.038805311207096516,0.043711463855141464,0.0233318698083205,0.013309249124597744,-0.006833118454693671,-0.09029211962964775,0.028495621408614807,-0.010022620683722755,-0.04145417741490939,-0.15320432082267896,0.07995010861344237,2007-04-17,0.005223400743201101,0.004505957364273644,0.006566417825042414,0.011936479484817575,0.09350837731444245,0.03514261433160165,0.04097524396047625,-0.001917496103550853
2007-03-27,0.19175704023548135,0.24556107658151427,0.05380403634603293,68924,359434,0.005223400743201101,0.005067746006682864,0.14936056327908898,0.20388332076013937,0.0545227574810504,16631,111348,0.004505957364273644,0.002228668459034951,2007-03-27,0.006566417825042414,0.011936479484817575,0.004423671080557412,0.06710715969574421,-0.0053700616597751605,0.000717443378927457,0.005223400743201101,0.013309249124597744,-0.006833118454693671,-0.09029211962964775,0.004505957364273644,-0.010022620683722755,-0.04145417741490939,-0.15320432082267896,2007-04-24,0.006102753851639192,-0.002544651755721161,0.001976810254008754,-0.009484665409336568,0.06747228735978672,0.03294589081265473,0.030430383749604495,-0.008539461752097743
2007-04-03,0.19785979408712054,0.2647570417777164,0.06689724769059592,68819,347817,0.006102753851639192,-0.00029212595358257706,0.14681591152336781,0.2138333927934356,0.06701748127006779,16461,112120,-0.002544651755721161,-0.0015267449797032725,2007-04-03,0.001976810254008754,-0.009484665409336568,0.02585157444692765,-0.00784837340639788,0.011461475663345322,0.008647405607360353,0.006102753851639192,0.005223400743201101,0.013309249124597744,-0.006833118454693671,-0.002544651755721161,0.004505957364273644,-0.010022620683722755,-0.04145417741490939,2007-05-01,0.028735179068404226,0.013365099289824961,0.020002197442789083,-0.017521463060284237,0.0649242251318077,0.010981866824690989,0.01297936395781285,0.024289186092986803
2007-04-10,0.22659497315552476,0.2889650805334257,0.062370107377900934,83735,369536,0.028735179068404226,0.04288462036070692,0.16018101081319278,0.23347513643605303,0.07329412562286024,18902,118004,0.013365099289824961,0.021771316446664288,2007-04-10,0.020002197442789083,-0.017521463060284237,0.05257938253832428,-0.03474715582346066,0.03752366050307332,0.015370079778579265,0.028735179068404226,0.006102753851639192,0.005223400743201101,0.013309249124597744,0.013365099289824961,-0.002544651755721161,0.004505957364273644,-0.010022620683722755,2007-05-08,0.05344704365119793,0.019816209433224208,0.012429818438635998,0.013152152881252377,0.05141014753073472,-0.022434345616411833,0.010663513166237593,0.04354962169862109
2007-04-17,0.2800420168067227,0.3281591386554622,0.048117121848739494,106640,380800,0.05344704365119793,0.06198313560789747,0.17999722024641698,0.2504803250676543,0.07048310482123732,22016,122313,0.019816209433224208,0.026388935968272263,2007-04-17,0.012429818438635998,0.013152152881252377,0.04097524396047625,-0.001917496103550853,-0.0007223344426163791,0.03363083421797372,0.05344704365119793,0.028735179068404226,0.006102753851639192,0.005223400743201101,0.019816209433224208,0.013365099289824961,-0.002544651755721161,0.004505957364273644,2007-05-15,-0.020812689211454627,0.002309233845326719,-0.003978442385829339,0.0053145138362706845,-0.0662897426122277,-0.04244179144367913,-0.021704420826724302,0.03134760479172849
2007-04-24,0.25922932759526807,0.3097712376173808,0.0505419100221127,104570,403388,-0.020812689211454627,-0.005435924369747899,0.1823064540917437,0.25754891730770785,0.07524246321596414,22538,123627,0.002309233845326719,0.004267739324519879,2007-04-24,-0.003978442385829339,0.0053145138362706845,0.030430383749604495,-0.008539461752097743,-0.009292956222100024,-0.023121923056781346,-0.020812689211454627,0.05344704365119793,0.028735179068404226,0.006102753851639192,0.002309233845326719,0.019816209433224208,0.013365099289824961,-0.002544651755721161,2007-05-22,0.0035546916236601778,-0.0245086757436849,-0.01547420953778289,0.02334398243574798,-0.100289947105696,-0.08119423813033981,-0.0380698406637725,0.023603812106960387
2007-05-01,0.26278401921892824,0.3085526249381744,0.04576860571924618,104135,396276,0.0035546916236601778,-0.0010783662379644412,0.1577977783480588,0.25782710708655643,0.10002932873849764,17217,109108,-0.0245086757436849,-0.043040759704595276,2007-05-01,-0.01547420953778289,0.02334398243574798,0.01297936395781285,0.024289186092986803,-0.03881819197353087,0.028063367367345077,0.0035546916236601778,-0.020812689211454627,0.05344704365119793,0.028735179068404226,-0.0245086757436849,0.002309233845326719,0.019816209433224208,0.013365099289824961,2007-05-29,0.015221101467331244,-0.02005111315127786,0.017686346651213825,0.0017389725453500482,-0.11310397186029938,-0.04900251783723923,-0.024591444435563048,-0.017590958566031656
2007-05-08,0.2780051206862595,0.31375266550442166,0.03574754481816215,114336,411273,0.015221101467331244,0.02574215950499147,0.13774666519678094,0.24182376070260536,0.10407709550582442,14994,108852,-0.02005111315127786,-0.02037430802507607,2007-05-08,0.017686346651213825,0.0017389725453500482,0.010663513166237593,0.04354962169862109,0.015947374105863776,0.035272214618609105,0.015221101467331244,0.0035546916236601778,-0.020812689211454627,0.05344704365119793,-0.02005111315127786,-0.0245086757436849,0.002309233845326719,0.019816209433224208,2007-06-05,-0.06425284649176449,-0.00019123639404308723,-0.019938115554325897,0.0009501359743597781,-0.07798226627405938,0.026254134129005124,-0.022496211362991403,-0.044637351785842494
2007-05-15,0.213752274194495,0.26340552066827083,0.04965324647377585,87411,408936,-0.06425284649176449,-0.06546746321786259,0.13755542880273786,0.23854164750041398,0.10098621869767613,14952,108698,-0.00019123639404308723,-0.00038584500055120714,2007-05-15,-0.019938115554325897,0.0009501359743597781,-0.021704420826724302,0.03134760479172849,-0.020888251528685675,-0.0640616100977214,-0.06425284649176449,0.015221101467331244,0.0035546916236601778,-0.020812689211454627,-0.00019123639404308723,-0.02005111315127786,-0.0245086757436849,0.002309233845326719,2007-06-12,-0.05481289370492293,-0.03644321284133396,-0.02034386222287754,-0.002429278848497418,-0.10851389011103024,0.003685383018340399,-0.03735894422742181,-0.022620027700587908
2007-05-22,0.15893938048957207,0.2291891087849947,0.07024972829542264,66248,416813,-0.05481289370492293,-0.051751374298178686,0.10111221596140389,0.22457002909439105,0.12345781313298715,10982,108612,-0.03644321284133396,-0.03652321109864027,2007-05-22,-0.02034386222287754,-0.002429278848497418,-0.0380698406637725,0.023603812106960387,-0.017914583374380122,-0.018369680863588964,-0.05481289370492293,-0.06425284649176449,0.015221101467331244,0.0035546916236601778,-0.03644321284133396,-0.00019123639404308723,-0.02005111315127786,-0.0245086757436849,2007-06-19,-0.00925933313094321,0.00768304454941568,-0.0019958133095734354,-0.017850788237244064,-0.037142946452079745,0.04818115557386314,0.004285381642976205,-0.024391788242668078
2007-05-29,0.14968004735862886,0.2159351449888181,0.06625509763018925,63717,425688,-0.00925933313094321,-0.0060722674196822075,0.10879526051081957,0.2283384940308926,0.11954323352007303,12157,111742,0.00768304454941568,0.010818325783523,2007-05-29,-0.0019958133095734354,-0.017850788237244064,-0.024591444435563048,-0.017590958566031656,0.01585497492767063,-0.01694237768035889,-0.00925933313094321,-0.05481289370492293,-0.06425284649176449,0.015221101467331244,0.00768304454941568,-0.03644321284133396,-0.00019123639404308723,-0.02005111315127786,2007-06-26,0.05034280705357125,0.055205538814966496,0.01978157972378547,-0.02530742067446079,-0.08468642553545154,-0.0005966039532244727,-0.022535739284919032,0.05285347908299265
2007-06-05,0.2000228544122001,0.2629737745620004,0.06295092014980028,77018,385046,0.05034280705357125,0.0312458890079119,0.16400079932578607,0.2555931084215922,0.09159230909580615,18876,115097,0.055205538814966496,0.06012958422079433,2007-06-05,0.01978157972378547,-0.02530742067446079,-0.022496211362991403,-0.044637351785842494,0.04508900039824626,-0.0048627317613952475,0.05034280705357125,-0.00925933313094321,-0.05481289370492293,-0.06425284649176449,0.055205538814966496,0.00768304454941568,-0.03644321284133396,-0.00019123639404308723,2007-07-03,-0.09478447032873535,-0.022759987504707813,-0.0348008484187563,0.022967460059614364,-0.107208419391622,-0.07675550987229472,-0.024865973039691625,0.0642445056570149
2007-06-12,0.10523838408346475,0.19470095838893606,0.0894625743054713,43374,412150,-0.09478447032873535,-0.08737657318865798,0.14124081182107825,0.23667243671759364,0.0954316248965154,16890,119583,-0.022759987504707813,-0.01725501099072956,2007-06-12,-0.0348008484187563,0.022967460059614364,-0.03735894422742181,-0.022620027700587908,-0.05776830847837067,-0.07202448282402754,-0.09478447032873535,0.05034280705357125,-0.00925933313094321,-0.05481289370492293,-0.022759987504707813,0.055205538814966496,0.00768304454941568,-0.03644321284133396,2007-07-10,0.01655804995402757,0.008052559714188778,0.021300463647520473,-0.004201039390577588,-0.0052193077885967915,-0.04430273567564115,0.023283792537546866,0.028012290255035488
2007-06-19,0.12179643403749232,0.19916456263830534,0.07736812860081302,49976,410324,0.01655804995402757,0.01601843988839015,0.14929337153526703,0.22939670991211408,0.08010333837684705,18550,124252,0.008052559714188778,0.013881571795322078,2007-06-19,0.021300463647520473,-0.004201039390577588,0.004285381642976205,-0.024391788242668078,0.02550150303809806,0.008505490239838792,0.01655804995402757,-0.09478447032873535,0.05034280705357125,-0.00925933313094321,0.008052559714188778,-0.022759987504707813,0.055205538814966496,0.00768304454941568,2007-07-17,-0.056802812214315004,-0.041094714977671934,-0.028816934237468672,0.05939447908841666,-0.004995126966601884,-0.028441070287279213,0.00411486728839261,0.03862755368809534
2007-06-26,0.06499362182317732,0.17752919242468845,0.11253557060151113,26494,407640,-0.056802812214315004,-0.05722794669578187,0.1081986565575951,0.21009577015163608,0.10189711359404097,13015,120288,-0.041094714977671934,-0.0445465666548627,2007-06-26,-0.028816934237468672,0.05939447908841666,-0.022535739284919032,0.05285347908299265,-0.08821141332588534,-0.01570809723664307,-0.056802812214315004,0.01655804995402757,-0.09478447032873535,0.05034280705357125,-0.041094714977671934,0.008052559714188778,-0.022759987504707813,0.055205538814966496,2007-07-24,0.02782081319740079,-0.020953367104103754,0.017451345969012877,-0.013916394100438545,0.17333876115204944,0.055839171837217774,0.05875520319985306,-0.02492273662591815
2007-07-03,0.09281443502057811,0.1845054599858376,0.09169102496525948,34865,375642,0.02782081319740079,0.020535276224119322,0.08724528945349135,0.2146048256458351,0.12735953619234378,10233,117290,-0.020953367104103754,-0.023127826549614258,2007-07-03,0.017451345969012877,-0.013916394100438545,-0.024865973039691625,0.0642445056570149,0.03136774006945142,0.048774180301504544,0.02782081319740079,-0.056802812214315004,0.01655804995402757,-0.09478447032873535,-0.020953367104103754,-0.041094714977671934,0.008052559714188778,-0.022759987504707813,2007-07-31,0.0072046412742898525,0.00969278669194576,0.013348917158482188,-0.013264755342365042,0.06406299425459024,0.03290654521542473,0.01608864951278477,-0.0052274225676267605
2007-07-10,0.10001907629486796,0.1868291073325153,0.08681003103764733,38799,387916,0.0072046412742898525,0.010472737340340004,0.0969380761454371,0.2121071930365649,0.11516911689112778,11315,116724,0.00969278669194576,0.009224997868530992,2007-07-10,0.013348917158482188,-0.013264755342365042,0.023283792537546866,0.028012290255035488,0.02661367250084723,-0.002488145417655907,0.0072046412742898525,0.02782081319740079,-0.056802812214315004,0.01655804995402757,0.00969278669194576,-0.020953367104103754,-0.041094714977671934,0.008052559714188778,2007-08-07,0.016782230776022478,0.023914225102550715,0.0021315383983662173,0.006414224042482264,0.08003068171571838,0.03410185479187709,0.013173068383074416,0.0005107227508824863
2007-07-17,0.11680130707089044,0.18927890662482658,0.07247759955393612,45038,385595,0.016782230776022478,0.016083378875839098,0.12085230124798782,0.21394942274072665,0.09309712149273883,13964,115546,0.023914225102550715,0.022694561529762517,2007-07-17,0.0021315383983662173,0.006414224042482264,0.00411486728839261,0.03862755368809534,-0.004282685644116047,-0.007131994326528238,0.016782230776022478,0.0072046412742898525,0.02782081319740079,-0.056802812214315004,0.023914225102550715,0.00969278669194576,-0.020953367104103754,-0.041094714977671934,2007-08-14,0.12153107590433633,0.04318552714682505,0.025823401673991775,-0.004155811225596828,0.07251797919557278,-0.028127424913699878,0.008179399006368548,0.02327516782381478
2007-07-24,0.23833238297522677,0.2857349173188447,0.04740253434361795,95715,401603,0.12153107590433633,0.13142545935502276,0.16403782839481287,0.2393586642477995,0.07532083585298663,19531,119064,0.04318552714682505,0.048179945649351776,2007-07-24,0.025823401673991775,-0.004155811225596828,0.05875520319985306,-0.02492273662591815,0.029979212899588603,0.07834554875751128,0.12153107590433633,0.016782230776022478,0.0072046412742898525,0.02782081319740079,0.04318552714682505,0.023914225102550715,0.00969278669194576,-0.020953367104103754,2007-08-21,-0.08145495370005842,-0.0438859937258968,-0.02521520771805541,0.005778919957852846,-0.10813408131928076,-0.11391655356739627,-0.036219463914934025,0.10115983343723789
2007-07-31,0.15687742927516835,0.2177228526275325,0.06084542335236414,55093,351185,-0.08145495370005842,-0.10114964280645314,0.12015183466891607,0.2062420919443273,0.08609025727541122,14244,118550,-0.0438859937258968,-0.04440468991466774,2007-07-31,-0.02521520771805541,0.005778919957852846,0.01608864951278477,-0.0052274225676267605,-0.030994127675908256,-0.037568959974161625,-0.08145495370005842,0.12153107590433633,0.016782230776022478,0.0072046412742898525,-0.0438859937258968,0.04318552714682505,0.023914225102550715,0.00969278669194576,2007-08-28,0.023172328735417996,0.010888096268398123,0.010433336028771834,-0.007526610023855795,-0.003384288472079028,-0.11440897522584821,-0.0030446755415169946,0.09185162584189532
2007-08-07,0.18004975801058634,0.23950151314223536,0.05945175513164904,63541,352908,0.023172328735417996,0.024055697139684213,0.1310399309373142,0.20543705766897147,0.07439712673165726,16090,122787,0.010888096268398123,0.015571488823281316,2007-08-07,0.010433336028771834,-0.007526610023855795,0.013173068383074416,0.0005107227508824863,0.01795994605262763,0.012284232467019873,0.023172328735417996,-0.08145495370005842,0.12153107590433633,0.016782230776022478,0.010888096268398123,-0.0438859937258968,0.04318552714682505,0.023914225102550715,2007-09-04,0.009269528255876874,-0.038315054603026255,-0.00286213097833965,0.029178669115414557,0.03726763922426293,-0.13189325239834895,0.014337148852177961,0.08152867482198989
2007-08-14,0.18931928626646322,0.2241409534647803,0.03482166719831711,65878,347973,0.009269528255876874,0.0066221224795130745,0.09272487633428794,0.16157087997917208,0.06884600364488415,11397,122912,-0.038315054603026255,-0.038220658538770394,2007-08-14,-0.00286213097833965,0.029178669115414557,0.008179399006368548,0.02327516782381478,-0.03204080009375421,0.04758458285890313,0.009269528255876874,0.023172328735417996,-0.08145495370005842,0.12153107590433633,-0.038315054603026255,0.010888096268398123,-0.0438859937258968,0.04318552714682505,2007-09-11,-0.05912098461051721,-0.04260360150687135,-0.0185754612473108,0.07372885438782628,0.07966322846515639,-0.0847765588821858,0.06185723986285119,0.060511382236934974
2007-08-21,0.130198301655946,0.1979352158059866,0.06773691415004059,42992,330204,-0.05912098461051721,-0.06576947061984695,0.050121274827416594,0.15094899672642773,0.10082772189901114,5910,117914,-0.04260360150687135,-0.04464169487112731,2007-08-21,-0.0185754612473108,0.07372885438782628,-0.036219463914934025,0.10115983343723789,-0.09230431563513708,-0.01651738310364586,-0.05912098461051721,0.009269528255876874,0.023172328735417996,-0.08145495370005842,-0.04260360150687135,-0.038315054603026255,0.010888096268398123,-0.0438859937258968,2007-09-18,0.02329483914714331,-0.044378415384348724,0.00795958065536162,-0.0035292876374897197,0.1679012430903035,-0.011980044759079461,0.09702709622577199,-0.014500272903327005
2007-08-28,0.15349314080308932,0.2034951360942023,0.050001995291112974,50003,325767,0.02329483914714331,0.021232329105643783,0.0057428594430678674,0.1356370369707758,0.12989417752770796,642,111791,-0.044378415384348724,-0.044676628729412964,2007-08-28,0.00795958065536162,-0.0035292876374897197,-0.0030446755415169946,0.09185162584189532,0.01148886829285134,0.06767325453149203,0.02329483914714331,-0.05912098461051721,0.009269528255876874,0.023172328735417996,-0.044378415384348724,-0.04260360150687135,-0.038315054603026255,0.010888096268398123,2007-09-25,0.06382425643175996,-0.006596180904102612,0.02781516042246679,-0.01784956104376123,0.17317118241182408,0.1179174372867261,0.09781581670418227,-0.04026802740562685
2007-09-04,0.21731739723484927,0.25195985140187194,0.03464245416702265,73766,339439,0.06382425643175996,0.07294477341167153,-0.000853321461034745,0.13609549780176972,0.13694881926280447,-92,107814,-0.006596180904102612,-0.006565823724628995,2007-09-04,0.02781516042246679,-0.01784956104376123,0.014337148852177961,0.08152867482198989,0.04566472146622802,0.07042043733586256,0.06382425643175996,0.02329483914714331,-0.05912098461051721,0.009269528255876874,-0.006596180904102612,-0.044378415384348724,-0.04260360150687135,-0.038315054603026255,2007-10-02,0.05166511749677033,0.008801638913136891,0.04465796003233358,0.008161376530359643,0.12810676699735835,0.13907695079940646,0.07027708209249184,-0.011915642553023353
2007-09-11,0.2689825147316196,0.2919295879428183,0.022947073211198706,100515,373686,0.05166511749677033,0.07880355527797336,0.007948317452102146,0.14286638508673832,0.13491806763463618,860,108199,0.008801638913136891,0.008830022075055188,2007-09-11,0.04465796003233358,0.008161376530359643,0.06185723986285119,0.060511382236934974,0.036496583501973934,0.04286347858363344,0.05166511749677033,0.06382425643175996,0.02329483914714331,-0.05912098461051721,0.008801638913136891,-0.006596180904102612,-0.044378415384348724,-0.04260360150687135,2007-10-09,0.029117030014629897,0.03019291261623499,0.016594395115610006,-0.0012828007524356977,0.0978376954937713,0.14841217990011155,0.0357951984610958,-0.022219922829374017
2007-09-18,0.2980995447462495,0.3193905506838991,0.021291005937649588,117078,392748,0.029117030014629897,0.04432330887429553,0.03814123006833713,0.15449658314350798,0.11635535307517084,4186,109750,0.03019291261623499,0.030739655634525274,2007-09-18,0.016594395115610006,-0.0012828007524356977,0.09702709622577199,-0.014500272903327005,0.017877195868045703,-0.0010758826016050924,0.029117030014629897,0.05166511749677033,0.06382425643175996,0.02329483914714331,0.03019291261623499,0.008801638913136891,-0.006596180904102612,-0.044378415384348724,2007-10-16,0.0285647784686639,0.08551906666145684,0.008748301133771896,-0.029297042139789564,0.07860751827868273,0.11031204770053607,0.04659616641989661,-0.0012758005037696307
2007-09-25,0.3266643232149134,0.3492136207463516,0.02254929753143816,144041,440945,0.0285647784686639,0.06865216372839582,0.12366029672979396,0.22227275457579995,0.09861245784600599,14411,116537,0.08551906666145684,0.09316628701594533,2007-09-25,0.008748301133771896,-0.029297042139789564,0.09781581670418227,-0.04026802740562685,0.03804534327356146,-0.05695428819279294,0.0285647784686639,0.029117030014629897,0.05166511749677033,0.06382425643175996,0.08551906666145684,0.03019291261623499,0.008801638913136891,-0.006596180904102612,2007-10-23,0.01875984101729422,0.014563332608577742,0.0002764258107763595,0.010502823808842265,0.02690105655222297,0.03849108471954747,0.03931112601792641,0.03222918738563152
2007-10-02,0.3454241642322076,0.3763336478237641,0.0309094835915565,151940,439865,0.01875984101729422,0.017913798773089615,0.1382236293383717,0.23667636895947164,0.09845273962109993,16241,117498,0.014563332608577742,0.015703167234440565,2007-10-02,0.0002764258107763595,0.010502823808842265,0.07027708209249184,-0.011915642553023353,-0.010226397998065906,0.004196508408716479,0.01875984101729422,0.0285647784686639,0.029117030014629897,0.05166511749677033,0.014563332608577742,0.08551906666145684,0.03019291261623499,0.008801638913136891,2007-10-30,0.021396045993183288,0.018136868013841984,0.01017607640093754,-0.0021429037459910205,0.014725633409235106,0.029881045686718538,0.06682512530488172,0.002291329843401524
2007-10-09,0.3668202102253909,0.3858250387853644,0.019004828559973503,168347,458936,0.021396045993183288,0.037300080706580425,0.1563604973522137,0.24379554773485615,0.08743505038264247,18838,120478,0.018136868013841984,0.022102503872406337,2007-10-09,0.01017607640093754,-0.0021429037459910205,0.0357951984610958,-0.022219922829374017,0.01231898014692856,0.0032591779793413045,0.021396045993183288,0.01875984101729422,0.0285647784686639,0.029117030014629897,0.018136868013841984,0.014563332608577742,0.08551906666145684,0.03019291261623499,2007-11-06,0.009886852799541324,-0.00790721958334048,0.027395363074410817,0.01966132157316869,-0.0320568243590269,0.008294445360282982,0.10805225083855774,-0.02980902568323307
2007-10-16,0.37670706302493223,0.39664828715032074,0.019941224125388533,182278,483872,0.009886852799541324,0.03035499503198703,0.1484532777688732,0.2335149863760218,0.08506170860714858,18524,124780,-0.00790721958334048,-0.0026062849648898555,2007-10-16,0.027395363074410817,0.01966132157316869,0.04659616641989661,-0.0012758005037696307,0.007734041501242128,0.017794072382881804,0.009886852799541324,0.021396045993183288,0.01875984101729422,0.0285647784686639,-0.00790721958334048,0.018136868013841984,0.014563332608577742,0.08551906666145684,2007-11-13,-0.023141683257795864,0.013698103680468227,0.0014632607318016966,0.004207945749611586,-0.0601053683244005,0.011356578255202587,0.051878850565986845,-0.016891790130701967
2007-10-23,0.35356537976713637,0.37823895593405943,0.024673576166923065,173060,489471,-0.023141683257795864,-0.019050492692282258,0.16215138144934144,0.2453069796974976,0.08315559824815617,19919,122842,0.013698103680468227,0.011179676230165091,2007-10-23,0.0014632607318016966,0.004207945749611586,0.03931112601792641,0.03222918738563152,-0.002744685017809889,-0.03683978693826409,-0.023141683257795864,0.009886852799541324,0.021396045993183288,0.01875984101729422,0.013698103680468227,-0.00790721958334048,0.018136868013841984,0.014563332608577742,2007-11-20,0.006584417874306359,0.005953293575748808,0.027790425097731664,-0.01943503373338773,-0.039676653502085546,-0.02277976921389349,0.05482947511823877,-0.03042231727759237
2007-10-30,0.3601497976414427,0.3759510077243041,0.015801210082861422,185896,516163,0.006584417874306359,0.026224229831798004,0.16810467502509024,0.24888030078341497,0.08077562575832473,22445,133518,0.005953293575748808,0.02056299962553524,2007-10-30,0.027790425097731664,-0.01943503373338773,0.06682512530488172,0.002291329843401524,0.04722545883111939,0.0006311242985575505,0.006584417874306359,-0.023141683257795864,0.009886852799541324,0.021396045993183288,0.005953293575748808,0.013698103680468227,-0.00790721958334048,0.018136868013841984,2007-11-27,-0.02538641177507872,-0.003449732312593573,0.05140320193461356,-0.034243259272625615,-0.06855945849761669,-0.04562972671906193,0.034935277732505376,0.018630162169754882
2007-11-06,0.334763385866364,0.35697918312813365,0.02221579726176965,186415,556856,-0.02538641177507872,0.00100549632577306,0.16465494271249667,0.2390087929656275,0.07435385025313083,24718,150120,-0.003449732312593573,0.017023921868212527,2007-11-06,0.05140320193461356,-0.034243259272625615,0.10805225083855774,-0.02980902568323307,0.08564646120723918,-0.021936679462485148,-0.02538641177507872,0.006584417874306359,-0.023141683257795864,0.009886852799541324,-0.003449732312593573,0.005953293575748808,0.013698103680468227,-0.00790721958334048,2007-12-04,-0.018161691165832272,-0.004845086688420874,-0.028778037198160078,0.03257855712569979,-0.03906102572919784,-0.04586657250515276,-0.025245371756039248,0.053762656620083504
2007-11-13,0.31660169470053173,0.3360371806148266,0.01943548591429492,174937,552546,-0.018161691165832272,-0.02061215107675952,0.1598098560240758,0.2343285113368216,0.0745186553127458,23365,146205,-0.004845086688420874,-0.009012789768185451,2007-11-13,-0.028778037198160078,0.03257855712569979,0.051878850565986845,-0.016891790130701967,-0.06135659432385987,-0.013316604477411398,-0.018161691165832272,-0.02538641177507872,0.006584417874306359,-0.023141683257795864,-0.004845086688420874,-0.003449732312593573,0.005953293575748808,0.013698103680468227,2007-12-11,-0.0027129684354809114,-0.020438243788627852,0.00441388528405362,-0.009322581397278817,-0.009409974454870518,-0.03390566327384256,-0.0035452861939591074,0.004090964385876639
2007-11-20,0.3138887262650508,0.336459613996058,0.022570887731007162,160846,512430,-0.0027129684354809114,-0.025501949158984048,0.13937161223544794,0.21764089014790403,0.07826927791245608,20467,146852,-0.020438243788627852,-0.01982148353339489,2007-11-20,0.00441388528405362,-0.009322581397278817,0.05482947511823877,-0.03042231727759237,0.013736466681332438,0.01772527535314694,-0.0027129684354809114,-0.018161691165832272,-0.02538641177507872,0.006584417874306359,-0.020438243788627852,-0.004845086688420874,-0.003449732312593573,0.005953293575748808,2007-12-18,-0.022298387121224783,-0.01689666392941963,0.007896227711998272,0.029617445713959523,-0.018459020062437104,-0.050627914671377394,-0.0027721945552503513,0.050389709853334796
2007-11-27,0.29159033914382604,0.31325583449504785,0.021665495351221815,151855,520782,-0.022298387121224783,-0.01754581113517944,0.12247494830602831,0.1952199500695016,0.07274500176347329,17710,144601,-0.01689666392941963,-0.0187740037588865,2007-11-27,0.007896227711998272,0.029617445713959523,0.034935277732505376,0.018630162169754882,-0.02172121800196125,-0.005401723191805152,-0.022298387121224783,-0.0027129684354809114,-0.018161691165832272,-0.02538641177507872,-0.01689666392941963,-0.020438243788627852,-0.004845086688420874,-0.003449732312593573,2007-12-24,0.004112020993340126,-0.0036865780986844038,-0.008777447553931061,0.0008892351777030072,0.010399912683956236,0.0024712269935682485,0.0004992625672928241,-0.007692954049145939
2007-12-04,0.29570236013716616,0.307524619433789,0.011822259296622829,143921,486709,0.004112020993340126,-0.01523478154006859,0.11878837020734391,0.18632717479439362,0.0675388045870497,16408,138128,-0.0036865780986844038,-0.009004087108664531,2007-12-04,-0.008777447553931061,0.0008892351777030072,-0.025245371756039248,0.053762656620083504,-0.009666682731634069,0.00779859909202453,0.004112020993340126,-0.022298387121224783,-0.0027129684354809114,-0.018161691165832272,-0.0036865780986844038,-0.01689666392941963,-0.020438243788627852,-0.004845086688420874,2007-12-31,0.01148936010849505,0.007115822542889325,-0.007077951636079938,-0.017093135108507074,0.020347719773658512,0.02695230270354511,0.03781492870536152,0.0039063533249033
2007-12-11,0.3071917202456612,0.3197565600845746,0.012564839838913365,149356,486198,0.01148936010849505,0.011166836857341862,0.12590419275023323,0.18795040629520965,0.06204621354497641,18624,147922,0.007115822542889325,0.01604309046681339,2007-12-11,-0.007077951636079938,-0.017093135108507074,-0.0035452861939591074,0.004090964385876639,0.010015183472427136,0.004373537565605726,0.01148936010849505,0.004112020993340126,-0.022298387121224783,-0.0027129684354809114,0.007115822542889325,-0.0036865780986844038,-0.01689666392941963,-0.020438243788627852,2008-01-08,-0.011762014043047497,-0.037160495186162684,0.005186976922762376,0.03697616407017934,0.016587763875139272,0.0478026935697041,0.09595573046893513,0.013076006400587037
2007-12-18,0.2954297062026137,0.3144640111838158,0.01903430498120206,146238,495001,-0.011762014043047497,-0.0064130251461338795,0.08874369756407055,0.1611668702795008,0.07242317271543025,13148,148157,-0.037160495186162684,-0.037019510282446155,2007-12-18,0.005186976922762376,0.03697616407017934,-0.0027721945552503513,0.050389709853334796,-0.031789187147416964,0.025398481143115187,-0.011762014043047497,0.01148936010849505,0.004112020993340126,-0.022298387121224783,-0.037160495186162684,0.007115822542889325,-0.0036865780986844038,-0.01689666392941963,2008-01-15,0.006560545625168557,0.03620247773552601,0.011167684834541447,-0.028465218188521213,0.017531083624190757,0.08983175415493994,0.10461573462197382,-0.025582987357660514
2007-12-24,0.3019902518277823,0.31837066264361147,0.016380410815829177,156135,517020,0.006560545625168557,0.019993899002224237,0.12494617529959656,0.1764721469596497,0.05152597166005313,18861,150953,0.03620247773552601,0.0385604460133507,2007-12-24,0.011167684834541447,-0.028465218188521213,0.0004992625672928241,-0.007692954049145939,0.03963290302306266,-0.029641932110357455,0.006560545625168557,-0.011762014043047497,0.01148936010849505,0.004112020993340126,0.03620247773552601,-0.037160495186162684,0.007115822542889325,-0.0036865780986844038,2008-01-22,0.014059828083042403,0.020794497611292456,0.02853821858413763,0.012488542551752246,0.02544609372975082,0.07814589548462753,0.09549165073968258,0.0006404210574793012
2007-12-31,0.3160500799108247,0.3357029753402208,0.01965289542939611,171253,541854,0.014059828083042403,0.029240648330818925,0.14574067291088902,0.1931152216001256,0.047374548689236566,22282,152888,0.020794497611292456,0.022662683086788604,2007-12-31,0.02853821858413763,0.012488542551752246,0.03781492870536152,0.0039063533249033,0.016049676032385385,-0.0067346695282500535,0.014059828083042403,0.006560545625168557,-0.011762014043047497,0.01148936010849505,0.020794497611292456,0.03620247773552601,-0.037160495186162684,0.007115822542889325,2008-01-29,0.00772940420997581,0.027966213409048313,0.051062850127493675,-0.007923482032823337,0.03198551193966809,0.0569404738420172,0.10019320168890822,-0.0175823284393668
2008-01-08,0.3237794841208005,0.3435158666616515,0.019736382540851034,180769,558309,0.00772940420997581,0.01756192627534354,0.17370688631993733,0.22503976072352647,0.05133287440358915,29271,168508,0.027966213409048313,0.04571320182094082,2008-01-08,0.051062850127493675,-0.007923482032823337,0.09595573046893513,0.013076006400587037,0.05898633216031701,-0.020236809199072503,0.00772940420997581,0.014059828083042403,0.006560545625168557,-0.011762014043047497,0.027966213409048313,0.020794497611292456,0.03620247773552601,-0.037160495186162684,2008-02-05,-0.010818694293996012,0.004868565399073155,0.013846981075801068,-0.0016828296880682103,0.04316192021212423,0.041528362249186046,0.010317660376705007,-0.026024763059651956
2008-01-15,0.3129607898268045,0.33171143171261025,0.018750641885805778,185884,593953,-0.010818694293996012,0.009161593311230877,0.1785754517190105,0.23263529040688505,0.054059838687874555,31705,177544,0.004868565399073155,0.01444441806917179,2008-01-15,0.013846981075801068,-0.0016828296880682103,0.10461573462197382,-0.025582987357660514,0.015529810763869278,-0.015687259693069167,-0.010818694293996012,0.00772940420997581,0.014059828083042403,0.006560545625168557,0.004868565399073155,0.027966213409048313,0.020794497611292456,0.03620247773552601,2008-02-12,0.014475555730728618,0.024516619065213602,0.002043600952250202,-0.002241809773381398,0.06134582984028891,0.05160035403511773,0.015114250832028553,-0.05787893996719129
2008-01-22,0.3274363455575331,0.3446060413479407,0.017169695790407606,183421,560173,0.014475555730728618,-0.004146792759696474,0.2030920707842241,0.2514189181654977,0.04832684738127362,36427,179362,0.024516619065213602,0.026596224034605508,2008-01-22,0.002043600952250202,-0.002241809773381398,0.09549165073968258,0.0006404210574793012,0.0042854107256316,-0.010041063334484984,0.014475555730728618,-0.010818694293996012,0.00772940420997581,0.014059828083042403,0.024516619065213602,0.004868565399073155,0.027966213409048313,0.020794497611292456,2008-02-19,0.020599246292959672,-0.0004109240313178719,0.03323976953336327,-0.005734206945093856,0.05585931849372161,0.021707163689820452,0.03794617889138063,-0.05081396010578354
2008-01-29,0.34803559185049276,0.3665209847129708,0.018485392862478023,181724,522142,0.020599246292959672,-0.003029421268072542,0.20268114675290622,0.2423520671269994,0.03967092037409317,37102,183056,-0.0004109240313178719,0.00376333894581907,2008-01-29,0.03323976953336327,-0.005734206945093856,0.10019320168890822,-0.0175823284393668,0.03897397647845713,0.021010170324277544,0.020599246292959672,0.014475555730728618,-0.010818694293996012,0.00772940420997581,-0.0004109240313178719,0.024516619065213602,0.004868565399073155,0.027966213409048313,2008-02-26,0.01890581248243195,0.012554101816217161,-0.038812691184709536,-0.016365916653108492,0.02826060570071892,0.04670733830536078,0.027698379500961323,-0.09004433090212682
2008-02-05,0.3669414043329247,0.3857987353046316,0.018857330971706936,181687,495139,0.01890581248243195,-7.086194943138073e-05,0.21523524856912338,0.24776772418871867,0.03253247561959529,39749,184677,0.012554101816217161,0.014460055939166157,2008-02-05,-0.038812691184709536,-0.016365916653108492,0.010317660376705007,-0.026024763059651956,-0.022446774531601044,0.006351710666214788,0.01890581248243195,0.020599246292959672,0.014475555730728618,-0.010818694293996012,0.012554101816217161,-0.0004109240313178719,0.024516619065213602,0.004868565399073155,2008-03-04,0.007365215334168673,0.014940557185004838,0.018643571531124614,-0.033537006595607544,-0.006099747796472377,0.01699880994550529,0.08207601221899807,-0.11150136839901004
2008-02-12,0.3743066196670934,0.4002698902152185,0.025963270548125167,178076,475749,0.007365215334168673,-0.007292901589250695,0.23017580575412822,0.2626942645574959,0.0325184588033677,43114,187309,0.014940557185004838,0.01822100207389117,2008-02-12,0.018643571531124614,-0.033537006595607544,0.015114250832028553,-0.05787893996719129,0.05218057812673216,-0.007575341850836165,0.007365215334168673,0.01890581248243195,0.020599246292959672,0.014475555730728618,0.014940557185004838,0.012554101816217161,-0.0004109240313178719,0.024516619065213602,2008-03-11,0.008989044384161315,-0.005376571280083675,0.024875529011602282,0.004823170088026352,-0.009779147595563309,-0.01127636520415623,0.07190659890933393,-0.0643803111062966
2008-02-19,0.3832956640512547,0.4087290649647093,0.02543340091345457,187734,489789,0.008989044384161315,0.02030062070545603,0.22479923447404454,0.25843373812456716,0.0336345036505226,42521,189151,-0.005376571280083675,-0.0031658916549658586,2008-02-19,0.024875529011602282,0.004823170088026352,0.03794617889138063,-0.05081396010578354,0.02005235892357593,0.01436561566424499,0.008989044384161315,0.007365215334168673,0.01890581248243195,0.020599246292959672,-0.005376571280083675,0.014940557185004838,0.012554101816217161,-0.0004109240313178719,2008-03-18,-0.006999466500043017,0.024589250584222455,0.022991970142943963,-0.04496457774143714,-0.03862072973916303,0.004033290703128162,0.05233008112194515,-0.05665485611789878
2008-02-26,0.3762961975512117,0.3978978069165546,0.0216016093653429,186305,495102,-0.006999466500043017,-0.0029175828775248117,0.249388485058267,0.27851044190608054,0.029121956847813546,43229,173340,0.024589250584222455,0.003743041273902861,2008-02-26,0.022991970142943963,-0.04496457774143714,0.027698379500961323,-0.09004433090212682,0.0679565478843811,-0.03158871708426547,-0.006999466500043017,0.008989044384161315,0.007365215334168673,0.01890581248243195,0.024589250584222455,-0.005376571280083675,0.014940557185004838,0.012554101816217161,2008-03-25,-0.015454541014759349,-0.01715442654363833,0.015564941533327215,-0.037822954149991705,-0.03317279670245904,-0.07633351520908827,-0.01051281635264445,0.03485583064735698
2008-03-04,0.36084165653645234,0.38664700857508955,0.025805352038637184,175727,486992,-0.015454541014759349,-0.02136529442417926,0.23223405851462867,0.26677269317329333,0.03453863465866466,38696,166625,-0.01715442654363833,-0.0261509172724126,2008-03-04,0.015564941533327215,-0.037822954149991705,0.08207601221899807,-0.11150136839901004,0.05338789568331892,0.0016998855288789805,-0.015454541014759349,-0.006999466500043017,0.008989044384161315,0.007365215334168673,-0.01715442654363833,0.024589250584222455,-0.005376571280083675,0.014940557185004838,2008-04-01,0.003685815535077741,-0.013334617964656681,0.00847415822146047,0.013584050697105887,-0.021949888278120333,-0.05505082814547113,-0.09147220476574791,0.07567457380325004
2008-03-11,0.3645274720715301,0.3860922962025579,0.02156482413102783,175715,482035,0.003685815535077741,-2.464106186549266e-05,0.21889944054997199,0.25482979548377965,0.03593035493380765,35567,162481,-0.013334617964656681,-0.018778694673668418,2008-03-11,0.00847415822146047,0.013584050697105887,0.07190659890933393,-0.0643803111062966,-0.005109892475645417,0.017020433499734422,0.003685815535077741,-0.015454541014759349,-0.006999466500043017,0.008989044384161315,-0.013334617964656681,-0.01715442654363833,0.024589250584222455,-0.005376571280083675,2008-04-08,-0.019852537759438404,0.009933084627200717,0.005299011224213501,0.01254862507642418,-0.030229858052296832,-0.04770285583364095,-0.06055299697102168,0.048285808257301444
2008-03-18,0.3446749343120917,0.36727975381092104,0.022604819498829375,168565,489055,-0.019852537759438404,-0.014832947814992687,0.2288325251771727,0.2662004227278379,0.03736789755066518,36810,160860,0.009933084627200717,0.00765012524541331,2008-03-18,0.005299011224213501,0.01254862507642418,0.05233008112194515,-0.05665485611789878,-0.007249613852210679,-0.02978562238663912,-0.019852537759438404,0.003685815535077741,-0.015454541014759349,-0.006999466500043017,0.009933084627200717,-0.013334617964656681,-0.01715442654363833,0.024589250584222455,2008-04-15,-0.0015515334633390276,-0.05577755532799397,-0.039850927331645636,0.046546109023818616,-0.0068955688534556026,-0.05497077007157547,-0.05145688931077341,0.040185973163073374
2008-03-25,0.34312340084875265,0.37471610573361375,0.03159270488486111,155158,452193,-0.0015515334633390276,-0.027414094529245175,0.17305496984917873,0.21058569145435743,0.03753072160517869,25771,148918,-0.05577755532799397,-0.0686248912097476,2008-03-25,-0.039850927331645636,0.046546109023818616,-0.01051281635264445,0.03485583064735698,-0.08639703635546425,0.054226021864654944,-0.0015515334633390276,-0.019852537759438404,0.003685815535077741,-0.015454541014759349,-0.05577755532799397,0.009933084627200717,-0.013334617964656681,-0.01715442654363833,2008-04-22,-0.004231632590420642,0.004128260519978805,-0.06539444687977625,0.0029957890059013614,-0.0058156958480218846,0.006076293447478676,-0.026886938890930523,-0.009979674412195827
2008-04-01,0.338891768258332,0.36789578184895577,0.02900401359062377,135351,399393,-0.004231632590420642,-0.043802093353944,0.17718323036915753,0.20014722271907978,0.02296399234992226,25755,145358,0.004128260519978805,-0.00010744167931344767,2008-04-01,-0.06539444687977625,0.0029957890059013614,-0.09147220476574791,0.07567457380325004,-0.06839023588567761,-0.008359893110399447,-0.004231632590420642,-0.0015515334633390276,-0.019852537759438404,0.003685815535077741,0.004128260519978805,-0.05577755532799397,0.009933084627200717,-0.013334617964656681,2008-04-29,-0.004594154239098758,-0.0059866456528265,0.039393366016186704,-0.013804714848842714,-0.030825112452713743,0.025094958462816147,-0.012162112765791377,0.0010574363462723113
2008-04-08,0.33429761401923325,0.3711457422669273,0.036848128247694074,136130,407212,-0.004594154239098758,0.0019504598227810704,0.17119658471633104,0.19641312852612938,0.02521654380979835,24943,145698,-0.0059866456528265,-0.005586207845457422,2008-04-08,0.039393366016186704,-0.013804714848842714,-0.06055299697102168,0.048285808257301444,0.05319808086502942,0.0013924914137277422,-0.004594154239098758,-0.004231632590420642,-0.0015515334633390276,-0.019852537759438404,-0.0059866456528265,0.004128260519978805,-0.05577755532799397,0.009933084627200717,2008-05-06,0.003481751439402825,0.002665170389266197,0.014395118884461766,0.004448789982196111,-0.04765881344469686,0.02773449733592534,-0.04204485595240115,0.0033524556183426313
2008-04-15,0.33777936545863607,0.36967203612972827,0.031892670671092194,142779,422699,0.003481751439402825,0.016328104279834582,0.17386175510559723,0.19752813356657886,0.023666378460981644,25940,149199,0.002665170389266197,0.006842921659871789,2008-04-15,0.014395118884461766,0.004448789982196111,-0.05145688931077341,0.040185973163073374,0.009946328902265655,0.0008165810501366277,0.003481751439402825,-0.004594154239098758,-0.004231632590420642,-0.0015515334633390276,0.002665170389266197,-0.0059866456528265,0.004128260519978805,-0.05577755532799397,2008-05-13,-0.00047166045790530964,0.005269508191060174,-0.015280976911802746,-0.003619538551450585,-0.0680312101665308,0.009930039816309577,-0.07085712826246304,-0.004937816234241499
2008-04-22,0.33730770500073076,0.37125251639487244,0.03394481139414169,143092,424218,-0.00047166045790530964,0.0007404796320786186,0.1791312632966574,0.20346006760901628,0.024328804312358877,27449,153234,0.005269508191060174,0.010114008807029538,2008-04-22,-0.015280976911802746,-0.003619538551450585,-0.026886938890930523,-0.009979674412195827,-0.011661438360352161,-0.005741168648965483,-0.00047166045790530964,0.003481751439402825,-0.004594154239098758,-0.004231632590420642,0.005269508191060174,0.002665170389266197,-0.0059866456528265,0.004128260519978805,2008-05-20,-0.0292410491951125,0.023146925535316276,-0.0506696207546371,0.0140328997643695,-0.012266432300745755,0.03136953932258321,0.006954875847415387,0.005639684667491096
2008-04-29,0.30806665580561826,0.35283356994903065,0.044766914143412384,132367,429670,-0.0292410491951125,-0.025281812652928448,0.20227818883197368,0.23521785872383483,0.032939669891861124,25589,126504,0.023146925535316276,-0.0121382982888915,2008-04-29,-0.0506696207546371,0.0140328997643695,-0.012162112765791377,0.0010574363462723113,-0.0647025205190066,-0.05238797473042878,-0.0292410491951125,-0.00047166045790530964,0.003481751439402825,-0.004594154239098758,0.023146925535316276,0.005269508191060174,0.002665170389266197,-0.0059866456528265,2008-05-27,-0.02142785523108187,-0.003347106779717307,0.009510622829576931,-0.011509695576772394,0.029950009275444778,0.008784908108373762,0.04053764022347295,-0.011439129697681238
2008-05-06,0.2866388005745364,0.3439264445832882,0.05728764400875177,124327,433741,-0.02142785523108187,-0.018712034817418018,0.19893108205225637,0.24522332454959234,0.04629224249733597,24082,121057,-0.003347106779717307,-0.01191266679314488,2008-05-06,0.009510622829576931,-0.011509695576772394,-0.04204485595240115,0.0033524556183426313,0.021020318406349325,-0.018080748451364564,-0.02142785523108187,-0.0292410491951125,-0.00047166045790530964,0.003481751439402825,-0.003347106779717307,0.023146925535316276,0.005269508191060174,0.002665170389266197,2008-06-03,-0.016890645282431116,-0.015139287130349566,-0.014417153425600127,-0.0038414818703880194,0.04881111547325989,-0.008646991143165472,0.002881680374807516,0.01146591842726119
2008-05-13,0.2697481552921053,0.3421171150679198,0.07236895977581453,118591,439636,-0.016890645282431116,-0.013224481891266909,0.1837917949219068,0.24470285500236152,0.060911060080454715,22570,122802,-0.015139287130349566,-0.01248998405709707,2008-05-13,-0.014417153425600127,-0.0038414818703880194,-0.07085712826246304,-0.004937816234241499,-0.010575671555212107,-0.0017513581520815502,-0.016890645282431116,-0.02142785523108187,-0.0292410491951125,-0.00047166045790530964,-0.015139287130349566,-0.003347106779717307,0.023146925535316276,0.005269508191060174,2008-06-10,0.05529311740787973,0.02670900769733381,0.06253102719807568,0.00695796235028201,0.02007605912190913,-0.011319652627320848,0.0018720452387110953,0.008782439207096093
2008-05-20,0.325041272699985,0.36593655922522095,0.04089528652523594,147271,453084,0.05529311740787973,0.06523578596839204,0.21050080261924062,0.27231837759659244,0.06181757497735183,26489,125838,0.02670900769733381,0.0319131610234361,2008-05-20,0.06253102719807568,0.00695796235028201,0.006954875847415387,0.005639684667491096,0.055573064847793674,0.028584109710545924,0.05529311740787973,-0.016890645282431116,-0.02142785523108187,-0.0292410491951125,0.02670900769733381,-0.015139287130349566,-0.003347106779717307,0.023146925535316276,2008-06-17,0.012975392381078032,0.0005622943211068265,-0.01708685637857954,-0.003045914600802835,-0.02493191758782559,-0.0372339674159656,-0.040982456887243224,-0.00621355935790735
2008-05-27,0.33801666508106304,0.38609990231134605,0.048083237230283016,145672,430961,0.012975392381078032,-0.0035291469131551764,0.21106309694034744,0.27719361999636605,0.06613052305601858,26717,126583,0.0005622943211068265,0.0018118533352405473,2008-05-27,-0.01708685637857954,-0.003045914600802835,0.04053764022347295,-0.011439129697681238,-0.014040941777776705,0.012413098059971206,0.012975392381078032,0.05529311740787973,-0.016890645282431116,-0.02142785523108187,0.0005622943211068265,0.02670900769733381,-0.015139287130349566,-0.003347106779717307,2008-06-24,-0.0025667490332667575,-0.02077900603125654,-0.0281453370190885,0.011395352548170035,-0.03827537214391541,-0.0540012572883897,-0.021377270203759124,0.02390721894477954
2008-06-03,0.3354499160477963,0.39136283665586624,0.05591292060806995,133657,398441,-0.0025667490332667575,-0.027879552906179446,0.1902840909090909,0.24678571428571427,0.05650162337662338,23443,123200,-0.02077900603125654,-0.025864452572620336,2008-06-03,-0.0281453370190885,0.011395352548170035,0.002881680374807516,0.01146591842726119,-0.039540689567258536,0.018212256997989784,-0.0025667490332667575,0.012975392381078032,0.05529311740787973,-0.016890645282431116,-0.02077900603125654,0.0005622943211068265,0.02670900769733381,-0.015139287130349566,2008-07-01,-0.04562570163378188,-0.01781194861450494,-0.015426788561696547,-0.006524961090553116,0.025431049060124,0.029256887672463955,0.06440909493839975,-0.011772347012718232
2008-06-10,0.2898242144140144,0.36341803063633976,0.07359381622232537,114884,396392,-0.04562570163378188,-0.04711613513669527,0.17247214229458596,0.236211508020056,0.06373936572547001,22118,128241,-0.01781194861450494,-0.01075487012987013,2008-06-10,-0.015426788561696547,-0.006524961090553116,0.0018720452387110953,0.008782439207096093,-0.008901827471143431,-0.027813753019276938,-0.04562570163378188,-0.0025667490332667575,0.012975392381078032,0.05529311740787973,-0.01781194861450494,-0.02077900603125654,0.0005622943211068265,0.02670900769733381,2008-07-08,0.010285140698145012,0.0007946929086890542,0.019676525072121365,-0.008038036214721433,0.06464846395837559,0.05949310966551269,0.060218831038336695,-0.011592391891830367
2008-06-17,0.3001093551121594,0.35087624945258417,0.05076689434042477,117184,390471,0.010285140698145012,0.005802337080465802,0.17326683520327502,0.22162818583834235,0.04836135063506732,22686,130931,0.0007946929086890542,0.004429160720830312,2008-06-17,0.019676525072121365,-0.008038036214721433,-0.040982456887243224,-0.00621355935790735,0.027714561286842798,0.009490447789455958,0.010285140698145012,-0.04562570163378188,-0.0025667490332667575,0.012975392381078032,0.0007946929086890542,-0.01781194861450494,-0.02077900603125654,0.0005622943211068265,2008-07-15,-0.0003680621750117852,-0.01620499555131727,0.002518330304904559,0.027074863701884055,0.04892767580204127,0.04709638017340054,0.09733987860208426,-0.003751702657224243
2008-06-24,0.29974129293714763,0.35808496956827324,0.0583436766311256,120264,401226,-0.0003680621750117852,0.00788790972953177,0.15706183965195775,0.21857520198881292,0.06151336233685519,20217,128720,-0.01620499555131727,-0.018857260694564313,2008-06-24,0.002518330304904559,0.027074863701884055,-0.021377270203759124,0.02390721894477954,-0.024556533396979496,0.015836933376305484,-0.0003680621750117852,0.010285140698145012,-0.04562570163378188,-0.0025667490332667575,-0.01620499555131727,0.0007946929086890542,-0.01781194861450494,-0.02077900603125654,2008-07-22,0.06113967217077265,0.06247913892959711,0.05764102812307037,-0.024284213409327737,0.042983567556622415,0.0456450109929894,0.06194852879430712,-0.012068494694932763
2008-07-01,0.3608809651079203,0.4008603210882348,0.039979355980314456,156631,434024,0.06113967217077265,0.0906396893521357,0.21954097858155486,0.2766696041993946,0.05712862561783976,28649,130495,0.06247913892959711,0.06550652579241766,2008-07-01,0.05764102812307037,-0.024284213409327737,0.06440909493839975,-0.011772347012718232,0.08192524153239811,-0.001339466758824459,0.06113967217077265,-0.0003680621750117852,0.010285140698145012,-0.04562570163378188,0.06247913892959711,-0.01620499555131727,0.0007946929086890542,-0.01781194861450494,2008-07-29,-0.006408286735530289,0.012424273378543793,-0.0196170524617596,-0.006345005969665252,-0.039717680629665186,-0.05426179993431804,-0.022593128254411177,0.017879712818458682
2008-07-08,0.35447267837239,0.3931164570556992,0.03864377868330919,157103,443202,-0.006408286735530289,0.0010874974655779403,0.23196525196009865,0.2911694335038834,0.05920418154378474,31509,135835,0.012424273378543793,0.021916548526763478,2008-07-08,-0.0196170524617596,-0.006345005969665252,0.060218831038336695,-0.011592391891830367,-0.013272046492094347,-0.01883256011407408,-0.006408286735530289,0.06113967217077265,-0.0003680621750117852,0.010285140698145012,0.012424273378543793,0.06247913892959711,-0.01620499555131727,0.0007946929086890542,2008-08-05,-0.005435647458189308,-0.011602036583423098,0.05679757263586893,-0.00019734698011530938,-0.0390551037574009,-0.09141517879211247,-0.05404274936373099,0.031240889325721888
2008-07-15,0.3490370309142007,0.38168292279715654,0.03264589188295586,168906,483920,-0.005435647458189308,0.026631197512646605,0.22036321537667555,0.27565452694126347,0.05529131156458789,31597,143386,-0.011602036583423098,0.0006478448117201016,2008-07-15,0.05679757263586893,-0.00019734698011530938,0.09733987860208426,-0.003751702657224243,0.05699491961598424,0.00616638912523379,-0.005435647458189308,-0.006408286735530289,0.06113967217077265,-0.0003680621750117852,-0.011602036583423098,0.012424273378543793,0.06247913892959711,-0.01620499555131727,2008-08-12,-0.006312170420430641,-0.017656364731728408,-0.03287301950287258,0.018758071664175535,-0.103779092832469,-0.10181424111653593,-0.17761188060371147,0.08368350396472835
2008-07-22,0.34272486049377004,0.3726340710588176,0.02990921056504754,163002,475606,-0.006312170420430641,-0.012200363696478757,0.20270685064494715,0.2658524223886244,0.06314557174367723,28397,140089,-0.017656364731728408,-0.022317381055333155,2008-07-22,-0.03287301950287258,0.018758071664175535,0.06194852879430712,-0.012068494694932763,-0.051631091167048115,0.011344194311297767,-0.006312170420430641,-0.005435647458189308,-0.006408286735530289,0.06113967217077265,-0.017656364731728408,-0.011602036583423098,0.012424273378543793,0.06247913892959711,2008-08-19,-0.02156157601551495,-0.03742767199771033,-0.02690062892564793,0.005663994104063708,-0.14453895714549353,-0.10237951113017983,-0.14585717547146704,0.15918670644228872
2008-07-29,0.3211632844782551,0.35424976402033126,0.03308647954207613,143243,446013,-0.02156157601551495,-0.04154489220068713,0.16527917864723682,0.22767850422268054,0.06239932557544372,21958,132854,-0.03742767199771033,-0.04596363740193734,2008-07-29,-0.02690062892564793,0.005663994104063708,-0.022593128254411177,0.017879712818458682,-0.03256462302971164,0.015866095982195377,-0.02156157601551495,-0.006312170420430641,-0.005435647458189308,-0.006408286735530289,-0.03742767199771033,-0.017656364731728408,-0.011602036583423098,0.012424273378543793,2008-08-26,-0.005745709863266002,-0.02472910547925064,-0.05106667357107941,0.007016170537597954,-0.1446217865503939,-0.06255681206718484,-0.10905911286695957,0.13628964572890467
2008-08-05,0.3154175746149891,0.348916583013001,0.0334990083980119,128826,408430,-0.005745709863266002,-0.0323241699232982,0.14055007316798618,0.19557239878428576,0.05502232561629958,18729,133255,-0.02472910547925064,-0.024304876029325424,2008-08-05,-0.05106667357107941,0.007016170537597954,-0.05404274936373099,0.031240889325721888,-0.05808284410867737,0.01898339561598464,-0.005745709863266002,-0.02156157601551495,-0.006312170420430641,-0.005435647458189308,-0.02472910547925064,-0.03742767199771033,-0.017656364731728408,-0.011602036583423098,2008-09-02,-0.07015963653325741,-0.02200109890784656,-0.06677155860411155,0.05224526765889115,-0.1749861660637152,-0.031528225927186376,-0.08330085739693693,0.1426208923121881
2008-08-12,0.24525793808173169,0.2896384408565388,0.0443805027748071,89669,365611,-0.07015963653325741,-0.09587199764953602,0.11854897426013962,0.17642440075949006,0.05787542649935044,16608,140094,-0.02200109890784656,-0.015916851150050655,2008-08-12,-0.06677155860411155,0.05224526765889115,-0.17761188060371147,0.08368350396472835,-0.1190168262630027,-0.04815853762541085,-0.07015963653325741,-0.005745709863266002,-0.02156157601551495,-0.006312170420430641,-0.02200109890784656,-0.02472910547925064,-0.03742767199771033,-0.017656364731728408,2008-09-09,-0.04707203473345517,-0.018221634745372306,-0.0011183143706281484,0.0942612741417359,-0.132247484481047,-0.025372681552906992,-0.051345573675367184,0.20175611139210003
2008-08-19,0.19818590334827652,0.25311286759185775,0.05492696424358122,73917,372968,-0.04707203473345517,-0.043084042876171666,0.10032733951476731,0.16577302485410433,0.06544568533933702,13547,135028,-0.018221634745372306,-0.02184961525832655,2008-08-19,-0.0011183143706281484,0.0942612741417359,-0.14585717547146704,0.15918670644228872,-0.09537958851236406,-0.028850399988082864,-0.04707203473345517,-0.07015963653325741,-0.005745709863266002,-0.02156157601551495,-0.018221634745372306,-0.02200109890784656,-0.02472910547925064,-0.03742767199771033,2008-09-16,-0.02164440542041532,0.0023950270652846606,0.009897433678859535,-0.017233066609320336,-0.08089195239681211,-0.030218740618559378,-0.04631280944534755,0.18373001266574507
2008-08-26,0.1765414979278612,0.2528298219904088,0.0762883240625476,67221,380766,-0.02164440542041532,-0.01795328285536561,0.10272236658005197,0.18243453927643413,0.07971217269638217,12848,125075,0.0023950270652846606,-0.005176704091003347,2008-08-26,0.009897433678859535,-0.017233066609320336,-0.10905911286695957,0.13628964572890467,0.02713050028817987,-0.02403943248569998,-0.02164440542041532,-0.04707203473345517,-0.07015963653325741,-0.005745709863266002,0.0023950270652846606,-0.018221634745372306,-0.02200109890784656,-0.02472910547925064,2008-09-23,-0.0361100893765873,0.006299480660747828,-0.025308418101056773,0.013347417120881389,0.021867752209272423,-0.055204574945711966,0.08368190068430348,0.10396044032229979
2008-09-02,0.1404314085512739,0.23464869261813778,0.09421728406686387,53691,382329,-0.0361100893765873,-0.03553363483084099,0.1090218472407998,0.20509654628391125,0.09607469904311143,12715,116628,0.006299480660747828,-0.001063361982810314,2008-09-02,-0.025308418101056773,0.013347417120881389,-0.08330085739693693,0.1426208923121881,-0.03865583522193816,-0.04240957003733513,-0.0361100893765873,-0.02164440542041532,-0.04707203473345517,-0.07015963653325741,0.006299480660747828,0.0023950270652846606,-0.018221634745372306,-0.02200109890784656,2008-09-30,-0.027420954950589216,-0.015845554533567174,-0.0348162748825418,0.11138048673880308,0.0827547066365763,-0.06566462456904701,0.07149818311236,0.1594935399845614
2008-09-09,0.11301045360068468,0.21746749806414803,0.10445704446346334,44367,392592,-0.027420954950589216,-0.02438737317859749,0.09317629270723263,0.19875776397515527,0.10558147126792265,10846,116403,-0.015845554533567174,-0.016025311246012964,2008-09-09,-0.0348162748825418,0.11138048673880308,-0.051345573675367184,0.20175611139210003,-0.14619676162134487,-0.011575400417022041,-0.027420954950589216,-0.0361100893765873,-0.02164440542041532,-0.04707203473345517,-0.015845554533567174,0.006299480660747828,0.0023950270652846606,-0.018221634745372306,2008-10-07,0.004283497350779722,-0.023067693811024692,0.003914449859391489,0.07623517541538094,0.09952141479800417,-0.05657346740162507,0.1318467373036114,0.1141157935726409
2008-09-16,0.1172939509514644,0.22797310405419818,0.11067915310273378,46192,393814,0.004283497350779722,0.004648591922402902,0.07010859889620794,0.18735089905643582,0.11724230016022788,7876,112340,-0.023067693811024692,-0.02551480631942476,2008-09-16,0.003914449859391489,0.07623517541538094,-0.04631280944534755,0.18373001266574507,-0.07232072555598945,0.027351191161804414,0.004283497350779722,-0.027420954950589216,-0.0361100893765873,-0.02164440542041532,-0.023067693811024692,-0.015845554533567174,0.006299480660747828,0.0023950270652846606,2008-10-14,0.08111529918566922,-0.022590807261867928,0.13989214380851056,-0.09700263895276562,0.09843360054839957,-0.03397123024027869,0.06808082967119322,0.024800316246462284
2008-09-23,0.19840925013713362,0.26224562394434275,0.06383637380720915,73065,368254,0.08111529918566922,0.0682377975389397,0.04751779163434001,0.15894179286035842,0.11142400122601841,4961,104403,-0.022590807261867928,-0.0259480149546021,2008-09-23,0.13989214380851056,-0.09700263895276562,0.08368190068430348,0.10396044032229979,0.23689478276127618,0.10370610644753714,0.08111529918566922,0.004283497350779722,-0.027420954950589216,-0.0361100893765873,-0.022590807261867928,-0.023067693811024692,-0.015845554533567174,0.006299480660747828,2008-10-21,0.02477686505071658,-0.004160568962587222,-0.03749213567300025,0.068880516783143,-0.02424062190054324,-0.02104527069518091,-0.14983859588864412,0.1282789118849088
2008-09-30,0.2231861151878502,0.26344185051604585,0.04025573532819565,75124,336598,0.02477686505071658,0.005591249517995731,0.043357222671752786,0.14862443648133164,0.10526721380957886,4501,103812,-0.004160568962587222,-0.00440600365889869,2008-09-30,-0.03749213567300025,0.068880516783143,0.07149818311236,0.1594935399845614,-0.10637265245614325,0.0289374340133038,0.02477686505071658,0.08111529918566922,0.004283497350779722,-0.027420954950589216,-0.004160568962587222,-0.022590807261867928,-0.023067693811024692,-0.015845554533567174,2008-10-28,-0.010654246789161353,-0.0067543973661452275,0.025532279308709604,0.06600274032688258,-0.07602425499257368,-0.010792134285276124,-0.1422512099229678,0.12731191106219963
2008-10-07,0.21253186839868884,0.26529986645623405,0.05276799805754522,70025,329480,-0.010654246789161353,-0.015148634275901818,0.03660282530560756,0.13806153199243115,0.10145870668682358,3656,99883,-0.0067543973661452275,-0.008139714098562787,2008-10-07,0.025532279308709604,0.06600274032688258,0.1318467373036114,0.1141157935726409,-0.040470461018172976,-0.003899849423016126,-0.010654246789161353,0.02477686505071658,0.08111529918566922,0.004283497350779722,-0.0067543973661452275,-0.004160568962587222,-0.022590807261867928,-0.023067693811024692,2008-11-04,0.0031956831011751285,-0.00046545664967831413,-0.059851457773026695,-0.013080301910797676,-0.060456240248064314,0.027181416733283975,-0.14513895773432672,-0.027795171530750284
2008-10-14,0.21572755149986397,0.2599197517125405,0.04419220021267651,69787,323496,0.0031956831011751285,-0.0007223503702804419,0.036137368655929245,0.13629356160493325,0.10015619294900402,3563,98596,-0.00046545664967831413,-0.0009310893745682449,2008-10-14,-0.059851457773026695,-0.013080301910797676,0.06808082967119322,0.024800316246462284,-0.04677115586222902,0.0036611397508534427,0.0031956831011751285,-0.010654246789161353,0.02477686505071658,0.08111529918566922,-0.00046545664967831413,-0.0067543973661452275,-0.004160568962587222,-0.022590807261867928,2008-11-11,-0.041558923263273595,-0.009664847716770147,-0.07802728175132678,0.006475956685680906,-0.09024045177246964,0.04782563428605649,-0.13179490013448536,-0.0126297614790567
2008-10-21,0.17416862823659038,0.2328873891921671,0.0587187609555767,55642,319472,-0.041558923263273595,-0.04372542473477261,0.026472520939159097,0.15008396524568962,0.12361144430653051,2538,95873,-0.009664847716770147,-0.010395959268124467,2008-10-21,-0.07802728175132678,0.006475956685680906,-0.14983859588864412,0.1282789118849088,-0.08450323843700769,-0.03189407554650345,-0.041558923263273595,0.0031956831011751285,-0.010654246789161353,0.02477686505071658,-0.009664847716770147,-0.00046545664967831413,-0.0067543973661452275,-0.004160568962587222,2008-11-18,-0.027006768041313856,0.006092567447317565,-0.02990474970732393,0.06791351596043382,-0.03882171763942088,0.05235996139674719,-0.047403470340114495,0.00399530613553134
2008-10-28,0.14716186019527652,0.22063122192860263,0.0734693617333261,46166,313709,-0.027006768041313856,-0.029661441378274152,0.03256508838647666,0.15435245935893685,0.1217873709724602,3117,95716,0.006092567447317565,0.006039239410470101,2008-10-28,-0.02990474970732393,0.06791351596043382,-0.1422512099229678,0.12731191106219963,-0.09781826566775775,-0.03309933548863142,-0.027006768041313856,-0.041558923263273595,0.0031956831011751285,-0.010654246789161353,0.006092567447317565,-0.009664847716770147,-0.00046545664967831413,-0.0067543973661452275,2008-11-25,0.0049137679553480085,0.03121915365241487,0.022644531497350684,-0.08910434226606734,0.06160852817354551,0.04434736355762886,0.09161972759318271,-0.027022299674675843
2008-11-04,0.15207562815062453,0.23485067849480765,0.0827750503441831,46217,303908,0.0049137679553480085,0.0001625710451405602,0.06378424203889153,0.17365548667408467,0.10987124463519313,6019,94365,0.03121915365241487,0.03031885996071712,2008-11-04,0.022644531497350684,-0.08910434226606734,-0.14513895773432672,-0.027795171530750284,0.11174887376341802,-0.026305385697066863,0.0049137679553480085,-0.027006768041313856,-0.041558923263273595,0.0031956831011751285,0.03121915365241487,0.006092567447317565,-0.009664847716770147,-0.00046545664967831413,2008-12-02,-0.0265885284232302,0.0201787609030942,-0.04650740017318533,0.0020851081408959082,0.07735381942411224,0.027234027121891644,0.019288055651090374,0.08356311969839503
2008-11-11,0.12548709972739433,0.22391783031742737,0.09843073059003304,36872,293831,-0.0265885284232302,-0.030749437329718205,0.08396300294198573,0.19099625373039558,0.10703325078840985,7934,94494,0.0201787609030942,0.02029354103746092,2008-11-11,-0.04650740017318533,0.0020851081408959082,-0.13179490013448536,-0.0126297614790567,-0.04859250831408124,-0.0467672893263244,-0.0265885284232302,0.0049137679553480085,-0.027006768041313856,-0.041558923263273595,0.0201787609030942,0.03121915365241487,0.006092567447317565,-0.009664847716770147,2008-12-09,0.009859810869775165,-0.00513052060607945,0.006364148043044082,0.023101024300268946,0.09610208958605657,0.029195270094575676,0.05770570499740124,0.051500983388299115
2008-11-18,0.1353469105971695,0.2174180186399724,0.0820711080428029,39210,289700,0.009859810869775165,0.007956954848195051,0.07883248233590628,0.17860059007326926,0.09976810773736296,7241,91853,-0.00513052060607945,-0.007333798971363261,2008-11-18,0.006364148043044082,0.023101024300268946,-0.047403470340114495,0.00399530613553134,-0.016736876257224864,0.014990331475854615,0.009859810869775165,-0.0265885284232302,0.0049137679553480085,-0.027006768041313856,-0.00513052060607945,0.0201787609030942,0.03121915365241487,0.006092567447317565,2008-12-16,0.07342347777165253,-0.0019200303918007616,0.10911844822597327,0.03689591015022664,0.12385461636322495,0.04749499180123554,0.15255352582133774,0.001118984744870044
2008-11-25,0.20877038836882203,0.26413491125116156,0.05536452288233954,57739,276567,0.07342347777165253,0.06395926820849154,0.07691245194410552,0.18086281912567048,0.10395036718156496,6682,86878,-0.0019200303918007616,-0.006085811024136392,2008-11-25,0.10911844822597327,0.03689591015022664,0.09161972759318271,-0.027022299674675843,0.07222253807574663,0.0753435081634533,0.07342347777165253,0.009859810869775165,-0.0265885284232302,0.0049137679553480085,-0.0019200303918007616,-0.00513052060607945,0.0201787609030942,0.03121915365241487,2008-12-22,0.020659059205914737,0.014105817216677655,-0.04968714044474165,0.021481077107003532,0.09293532460133144,0.06332622722368571,0.03152450312309352,-0.020112204802105627
2008-12-02,0.22942944757473677,0.26212253961540205,0.03269309204066527,60752,264796,0.020659059205914737,0.010894286013877288,0.09101826916078318,0.1659388116553849,0.07492054249460174,7503,82434,0.014105817216677655,0.009450033380142268,2008-12-02,-0.04968714044474165,0.021481077107003532,0.019288055651090374,0.08356311969839503,-0.07116821755174518,0.0065532419892370825,0.020659059205914737,0.07342347777165253,0.009859810869775165,-0.0265885284232302,0.014105817216677655,-0.0019200303918007616,-0.00513052060607945,0.0201787609030942,2008-12-30,-0.00784025826128587,0.022140003875778233,-0.008089750826874464,-0.029977028169200004,0.07640384138042355,0.035892364747693944,0.11002802612772555,-0.02112963058220041
2008-12-09,0.2215891893134509,0.2672786694303853,0.04568948011693442,57835,261001,-0.00784025826128587,-0.011016027432438557,0.11315827303656141,0.17765585317935695,0.06449758014279554,9446,83476,0.022140003875778233,0.02357037144867409,2008-12-09,-0.008089750826874464,-0.029977028169200004,0.05770570499740124,0.051500983388299115,0.02188727734232554,-0.029980262137064104,-0.00784025826128587,0.020659059205914737,0.07342347777165253,0.009859810869775165,0.022140003875778233,0.014105817216677655,-0.0019200303918007616,-0.00513052060607945,2009-01-06,0.03761233764694355,0.01316920110058041,0.10121196886698058,-0.027280974343160125,0.08581644942171957,0.015776602752718208,0.10911339783353657,-0.04709704807584236
2008-12-16,0.25920152696039445,0.301118710566778,0.041917183606383544,73332,282915,0.03761233764694355,0.05937525143581825,0.12632747413714182,0.18600659159571548,0.059679117458573655,11039,87384,0.01316920110058041,0.019083329340169628,2008-12-16,0.10121196886698058,-0.027280974343160125,0.15255352582133774,0.001118984744870044,0.1284929432101407,0.02444313654636314,0.03761233764694355,-0.00784025826128587,0.020659059205914737,0.07342347777165253,0.01316920110058041,0.022140003875778233,0.014105817216677655,-0.0019200303918007616,2009-01-13,0.042504186009759026,0.01391120503064941,-0.011910574472270952,0.01566472060325097,0.023715643867897263,-0.011506020624408447,-0.04331149791253708,-0.0035467259621779768
2008-12-22,0.3017057129701535,0.324961686745332,0.023255973775178507,87803,291022,0.042504186009759026,0.051149638584027005,0.14023867916779123,0.19309074267475562,0.05285206350696441,11951,85219,0.01391120503064941,0.01043669321614941,2008-12-22,-0.011910574472270952,0.01566472060325097,0.03152450312309352,-0.020112204802105627,-0.02757529507552192,0.028592980979109617,0.042504186009759026,0.03761233764694355,-0.00784025826128587,0.020659059205914737,0.01391120503064941,0.01316920110058041,0.022140003875778233,0.014105817216677655,2009-01-20,0.004127575985006848,-0.013328045259314109,0.028816382559890386,0.02046365132690875,-0.023213856086286788,-0.012976058871088325,0.0126206888364786,-0.020379612304281647
2008-12-30,0.3058332889551603,0.3309457876238151,0.02511249866865481,91887,300448,0.004127575985006848,0.014033303324147315,0.12691063390847712,0.1884377344336084,0.06152710052513128,10827,85312,-0.013328045259314109,-0.013189546932022202,2008-12-30,0.028816382559890386,0.02046365132690875,0.11002802612772555,-0.02112963058220041,0.008352731232981636,0.017455621244320957,0.004127575985006848,0.042504186009759026,0.03761233764694355,-0.00784025826128587,-0.013328045259314109,0.01391120503064941,0.01316920110058041,0.022140003875778233,2009-01-27,0.0015723497800101405,0.0020242418808024965,-0.009004379121063444,-0.05594444566284196,-0.007787884074742679,0.0323874543350616,0.028461821871987425,-0.06246983268714068
2009-01-06,0.30740563873517046,0.32718771750767034,0.01978207877249985,98490,320391,0.0015723497800101405,0.021977180743423155,0.12893487578927962,0.18163801447204683,0.0527031386827672,11190,86788,0.0020242418808024965,0.004254969992498124,2009-01-06,-0.009004379121063444,-0.05594444566284196,0.10911339783353657,-0.04709704807584236,0.04694006654177851,-0.000451892100792356,0.0015723497800101405,0.004127575985006848,0.042504186009759026,0.03761233764694355,0.0020242418808024965,-0.013328045259314109,0.01391120503064941,0.01316920110058041,2009-02-03,-0.024488467906878753,-0.014113422276546245,-0.05121292687909307,0.01626934777050426,0.03128354483457496,0.02528682056410425,0.03848405766064822,-0.04440356391863576
2009-01-13,0.2829171708282917,0.3045680971761711,0.02165092634787938,90020,318185,-0.024488467906878753,-0.026436447965142593,0.11482145351273337,0.17623027142790632,0.06140881791517296,9865,85916,-0.014113422276546245,-0.015267087615799419,2009-01-13,-0.05121292687909307,0.01626934777050426,-0.04331149791253708,-0.0035467259621779768,-0.06748227464959733,-0.010375045630332508,-0.024488467906878753,0.0015723497800101405,0.004127575985006848,0.042504186009759026,-0.014113422276546245,0.0020242418808024965,-0.013328045259314109,0.01391120503064941,2009-02-10,-0.0044253139444250245,0.012441166783969532,0.044021612276744726,-0.0011681657388527,0.06668295229844334,0.06588236552308246,0.10917373476621606,-0.09338190413714953
2009-01-20,0.2784918568838667,0.3053329190635492,0.02684106217968248,92322,331507,-0.0044253139444250245,0.007234784795009192,0.1272626202967029,0.18886148073515616,0.06159886043845325,10989,86349,0.012441166783969532,0.013082545742352996,2009-01-20,0.044021612276744726,-0.0011681657388527,0.0126206888364786,-0.020379612304281647,0.045189778015597426,-0.016866480728394556,-0.0044253139444250245,-0.024488467906878753,0.0015723497800101405,0.004127575985006848,0.012441166783969532,-0.014113422276546245,0.0020242418808024965,-0.013328045259314109,2009-02-17,0.019553547996550957,0.032035467946835816,0.04465751559539921,-0.021626569055950284,0.06210695014784351,0.051061064576189114,0.12161436516920698,-0.11068459202646608
2009-01-27,0.29804540488041764,0.3338904715252505,0.03584506664483287,105565,354191,0.019553547996550957,0.03994787440385874,0.15929808824353872,0.2109211190222571,0.051623030778718396,14207,89185,0.032035467946835816,0.037267368469814356,2009-01-27,0.04465751559539921,-0.021626569055950284,0.028461821871987425,-0.06246983268714068,0.0662840846513495,-0.012481919950284859,0.019553547996550957,-0.0044253139444250245,-0.024488467906878753,0.0015723497800101405,0.032035467946835816,0.012441166783969532,-0.014113422276546245,0.0020242418808024965,2009-02-24,0.04064377868932778,-0.005076391890154852,0.00101785666759735,-0.037878176894337034,0.05235451784501349,0.016990175933025042,0.06938510669867082,-0.06909178496625401
2009-02-03,0.3386891835697454,0.37607425033498126,0.037385066765235876,117284,346288,0.04064377868932778,0.03308666792775649,0.15422169635338387,0.19965250018654132,0.04543080383315745,14468,93813,-0.005076391890154852,0.002926501093233167,2009-02-03,0.00101785666759735,-0.037878176894337034,0.03848405766064822,-0.04440356391863576,0.038896033561934384,0.04572017057948263,0.04064377868932778,0.019553547996550957,-0.0044253139444250245,-0.024488467906878753,-0.005076391890154852,0.032035467946835816,0.012441166783969532,-0.014113422276546245,2009-03-03,0.01091093955698963,0.02648212268243197,0.01947675022647477,-0.03270899244800951,0.030603752360016334,0.03675959347692423,0.017590500913311047,-0.008842750769896046
2009-02-10,0.34960012312673505,0.3855861915646786,0.03598606843794355,122660,350858,0.01091093955698963,0.015524650002310215,0.18070381903581584,0.2164467449150689,0.03574292587925307,17351,96019,0.02648212268243197,0.030731348533785296,2009-02-10,0.01947675022647477,-0.03270899244800951,0.10917373476621606,-0.09338190413714953,0.05218574267448428,-0.01557118312544234,0.01091093955698963,0.04064377868932778,0.019553547996550957,-0.0044253139444250245,0.02648212268243197,-0.005076391890154852,0.032035467946835816,0.012441166783969532,2009-03-10,-0.009001316095024858,-0.0023801341629238193,0.05646224267973565,-0.018470853628169248,-0.002805840013202554,0.004024123734615553,-0.02321382303065711,0.018475245387791883
2009-02-17,0.3405988070317102,0.3806990230048753,0.040100215973165126,123167,361619,-0.009001316095024858,0.001445029043088657,0.17832368487289202,0.2108633274603574,0.03253964258746539,17712,99325,-0.0023801341629238193,0.0037596725648048825,2009-02-17,0.05646224267973565,-0.018470853628169248,0.12161436516920698,-0.11068459202646608,0.0749330963079049,-0.006621181932101039,-0.009001316095024858,0.01091093955698963,0.04064377868932778,0.019553547996550957,-0.0023801341629238193,0.02648212268243197,-0.005076391890154852,0.032035467946835816,2009-03-17,0.009801115693720941,-0.002035420696328255,-0.007571742875136955,0.019966238004261783,-0.00044087466461179003,-0.007863751255063667,-0.058348491992899376,0.046297436091294664
2009-02-24,0.35039992272543113,0.38103070322540833,0.030630780499977195,130593,372697,0.009801115693720941,0.02053542540629779,0.17628826417656376,0.2091528992708774,0.03286463509431363,17916,101629,-0.002035420696328255,0.0020538635791593255,2009-02-24,-0.007571742875136955,0.019966238004261783,0.06938510669867082,-0.06909178496625401,-0.027537980879398738,0.011836536390049196,0.009801115693720941,-0.009001316095024858,0.01091093955698963,0.04064377868932778,-0.002035420696328255,-0.0023801341629238193,0.02648212268243197,-0.005076391890154852,2009-03-24,0.018893013204330622,0.014693025653744335,-0.05077674911776242,0.02237085730202093,-0.02581969197825351,-0.026696758277286264,-0.04072090391440675,-0.01391366490903545
2009-03-03,0.36929293592976176,0.3896778008656587,0.02038486493589691,134892,365271,0.018893013204330622,0.01153483929304502,0.1909812898303081,0.23018559714565132,0.0392043073153432,17771,93051,0.014693025653744335,-0.0014267581103818792,2009-03-03,-0.05077674911776242,0.02237085730202093,0.017590500913311047,-0.008842750769896046,-0.07314760641978335,0.004199987550586287,0.018893013204330622,0.009801115693720941,-0.009001316095024858,0.01091093955698963,0.014693025653744335,-0.002035420696328255,-0.0023801341629238193,0.02648212268243197,2009-03-31,-0.02249865281622926,-0.006253347059876707,-0.021327573717493387,-0.005390996290321581,-0.015308594416325094,-0.06548661224369984,0.002661912221494589,-0.00834451536887526
2009-03-10,0.3467942831135325,0.36845209401030377,0.021657810896771258,128772,371321,-0.02249865281622926,-0.016754683508956363,0.1847279427704314,0.21698460871450248,0.0322566659440711,17043,92260,-0.006253347059876707,-0.007823666591439103,2009-03-10,-0.021327573717493387,-0.005390996290321581,-0.02321382303065711,0.018475245387791883,-0.015936577427171805,-0.01624530575635255,-0.02249865281622926,0.018893013204330622,0.009801115693720941,-0.009001316095024858,-0.006253347059876707,0.014693025653744335,-0.002035420696328255,-0.0023801341629238193,2009-04-07,-0.006636350746434094,-0.01426800915260304,0.021327573717493387,0.009351337075333532,-0.02453375993339979,-0.09234440231436755,-0.01601133870979865,0.014986259055234985
2009-03-17,0.3401579323670984,0.3566422228542116,0.016484290487113175,127980,376237,-0.006636350746434094,-0.002132925420323655,0.17045993361782835,0.2029613345402819,0.03250140092245355,15818,92796,-0.01426800915260304,-0.013277693474962063,2009-03-17,0.021327573717493387,0.009351337075333532,-0.058348491992899376,0.046297436091294664,0.011976236642159854,0.007631658406168945,-0.006636350746434094,-0.02249865281622926,0.018893013204330622,0.009801115693720941,-0.01426800915260304,-0.006253347059876707,0.014693025653744335,-0.002035420696328255,2009-04-14,-0.01557770161992078,-0.020868427718550853,0.010055845203355673,-0.04024486299606833,-0.007673440039315194,-0.07939318799563057,-0.030102020460321732,-0.02532870839026602
2009-03-24,0.3245802307471776,0.34649527218817233,0.02191504144099469,125670,387177,-0.01557770161992078,-0.006139747021159535,0.1495915058992775,0.1826360483966204,0.03304454249734291,13934,93147,-0.020868427718550853,-0.020302599249967673,2009-03-24,0.010055845203355673,-0.04024486299606833,-0.04072090391440675,-0.01391366490903545,0.050300708199424005,0.005290726098630072,-0.01557770161992078,-0.006636350746434094,-0.02249865281622926,0.018893013204330622,-0.020868427718550853,-0.01426800915260304,-0.006253347059876707,0.014693025653744335,2009-04-21,0.02940411076625904,-0.02409682831266924,-0.007393932981861084,0.02794000684218112,0.003560890511216497,-0.08906822411858221,-0.04566692758319579,0.06515926022741203
2009-03-31,0.35398434151343666,0.37512818147784427,0.021143839964407597,130485,368618,0.02940411076625904,0.01243617260322798,0.12549467758660826,0.17509999365119674,0.04960531606458849,11860,94506,-0.02409682831266924,-0.02226588081204977,2009-03-31,-0.007393932981861084,0.02794000684218112,0.002661912221494589,-0.00834451536887526,-0.035333939824042204,0.05350093907892828,0.02940411076625904,-0.01557770161992078,-0.006636350746434094,-0.02249865281622926,-0.02409682831266924,-0.020868427718550853,-0.01426800915260304,-0.006253347059876707,2009-04-28,-0.031723818333303955,-0.03311113713054442,-0.040000824648786626,0.017939778133788664,-0.03832742986833715,-0.032890445447492395,-0.028424076082057326,0.010640258640860711
2009-04-07,0.3222605231801327,0.36553609583421515,0.04327557265408243,111157,344929,-0.031723818333303955,-0.05243368473595972,0.09238354045606384,0.1553581594182662,0.06297461896220234,8601,93101,-0.03311113713054442,-0.03448458298943982,2009-04-07,-0.040000824648786626,0.017939778133788664,-0.01601133870979865,0.014986259055234985,-0.05794060278257529,0.0013873187972404666,-0.031723818333303955,0.02940411076625904,-0.01557770161992078,-0.006636350746434094,-0.03311113713054442,-0.02409682831266924,-0.020868427718550853,-0.01426800915260304,2009-05-05,0.010223969147650502,-0.0013167948338660557,0.007236891966970305,-0.030963630370167472,0.013435207811107852,0.04674718587584267,0.01725858203415953,-0.06767944732475417
2009-04-14,0.3324844923277832,0.37316059715667943,0.04067610482889621,112024,336930,0.010223969147650502,0.0025135607617799605,0.09106674562219778,0.1408616022333136,0.04979485661111581,8612,94568,-0.0013167948338660557,0.00011815125508855973,2009-04-14,0.007236891966970305,-0.030963630370167472,-0.030102020460321732,-0.02532870839026602,0.03820052233713778,0.011540763981516558,0.010223969147650502,-0.031723818333303955,0.02940411076625904,-0.01557770161992078,-0.0013167948338660557,-0.03311113713054442,-0.02409682831266924,-0.020868427718550853,2009-05-12,-0.00434337106938909,-0.0305434638415025,-0.005509061919518388,0.05024310562160972,0.012870525654676612,0.08254997594058057,0.037405317728150145,-0.07415606436630329
2009-04-21,0.3281411212583941,0.36449151892838405,0.03635039766998992,111314,339226,-0.00434337106938909,-0.002107262636155878,0.060523281780695284,0.13586837977917882,0.07534509799848355,5827,96277,-0.0305434638415025,-0.029449708146518906,2009-04-21,-0.005509061919518388,0.05024310562160972,-0.04566692758319579,0.06515926022741203,-0.055752167541128106,0.02620009277211341,-0.00434337106938909,0.010223969147650502,-0.031723818333303955,0.02940411076625904,-0.0305434638415025,-0.0013167948338660557,-0.03311113713054442,-0.02409682831266924,2009-05-19,-0.012484209613294606,0.03208095035842058,0.009848918519277383,-0.0265789947443702,0.018279810927260276,0.16100275408562303,0.04577689555041786,-0.11867944388944007
2009-04-28,0.3156569116450995,0.3607774088509403,0.04512049720584077,108282,343037,-0.012484209613294606,-0.008937994139600149,0.09260423213911587,0.15517108295566068,0.06256685081654483,8398,90687,0.03208095035842058,0.026704197264144084,2009-04-28,0.009848918519277383,-0.0265789947443702,-0.028424076082057326,0.010640258640860711,0.03642791326364758,-0.04456515997171519,-0.012484209613294606,-0.00434337106938909,0.010223969147650502,-0.031723818333303955,0.03208095035842058,-0.0305434638415025,-0.0013167948338660557,-0.03311113713054442,2009-05-26,0.020038819346141046,0.046526494192790646,0.005681833467430231,-0.06037992783182622,0.044319408685408235,0.12391635489716624,0.06624648626675445,-0.09277037299561997
2009-05-05,0.33569573099124056,0.3714801983242596,0.035784467333018995,114627,341461,0.020038819346141046,0.018496547019709243,0.1391307263319065,0.1880259731551125,0.048895246823205965,12449,89477,0.046526494192790646,0.044670129125453484,2009-05-05,0.005681833467430231,-0.06037992783182622,0.01725858203415953,-0.06767944732475417,0.06606176129925645,-0.0264876748466496,0.020038819346141046,-0.012484209613294606,-0.00434337106938909,0.010223969147650502,0.046526494192790646,0.03208095035842058,-0.0305434638415025,-0.0013167948338660557,2009-06-02,0.009659286991219262,0.03448599523087184,0.02738362766096092,-0.03744024741171659,0.05594538526546883,0.07721240513324124,0.08791748826734125,-0.0932618378197736
2009-05-12,0.3453550179824598,0.38088324056998696,0.03552822258752716,124161,359517,0.009659286991219262,0.027921197442753346,0.17361672156277835,0.21752325316429474,0.04390653160151638,16762,96546,0.03448599523087184,0.04820233132536853,2009-05-12,0.02738362766096092,-0.03744024741171659,0.037405317728150145,-0.07415606436630329,0.0648238750726775,-0.02482670823965258,0.009659286991219262,0.020038819346141046,-0.012484209613294606,-0.00434337106938909,0.03448599523087184,0.046526494192790646,0.03208095035842058,-0.0305434638415025,2009-06-09,0.0010659142031945734,0.04790931430353998,0.0028625159027493297,0.0057197260984729326,0.06953362583012396,0.04179564327606164,0.03392733034218942,-0.03563594139910098
2009-05-19,0.3464209321856544,0.3821504575586183,0.03572952537296395,127459,367931,0.0010659142031945734,0.009173418781309367,0.22152603586631833,0.2469426201355135,0.02541658426919514,21284,96079,0.04790931430353998,0.0468377768110538,2009-05-19,0.0028625159027493297,0.0057197260984729326,0.04577689555041786,-0.11867944388944007,-0.002857210195723603,-0.046843400100345406,0.0010659142031945734,0.009659286991219262,0.020038819346141046,-0.012484209613294606,0.04790931430353998,0.03448599523087184,0.046526494192790646,0.03208095035842058,2009-06-16,0.013555388144853353,-0.00500544883003623,0.030318509235613966,-0.0006699238505500915,0.048286552014487005,-0.023278279064594953,0.010607581818200984,0.00989251356268106
2009-05-26,0.35997632033050775,0.39157104530626125,0.03159472497575353,142898,396965,0.013555388144853353,0.04196167216135634,0.2165205870362821,0.24273338768854463,0.026212800652262537,21245,98120,-0.00500544883003623,-0.000405915964987146,2009-05-26,0.030318509235613966,-0.0006699238505500915,0.06624648626675445,-0.09277037299561997,0.030988433086164058,0.018560836974889583,0.013555388144853353,0.0010659142031945734,0.009659286991219262,0.020038819346141046,-0.00500544883003623,0.04790931430353998,0.03448599523087184,0.046526494192790646,2009-06-23,0.03166479592620164,-0.00017745557113435506,0.027352835468017034,-0.06087139265597985,0.015919798714603972,-0.05219547516199757,-0.030758369767572624,0.02631847506112317
2009-06-02,0.3916411162567094,0.4147758510907617,0.023134734834052324,153154,391057,0.03166479592620164,0.02583603088433489,0.21634313146514775,0.24333720686567734,0.026994075400529595,22713,104986,-0.00017745557113435506,0.014961271911944558,2009-06-02,0.027352835468017034,-0.06087139265597985,0.08791748826734125,-0.0932618378197736,0.08822422812399688,0.031842251497335994,0.03166479592620164,0.013555388144853353,0.0010659142031945734,0.009659286991219262,-0.00017745557113435506,-0.00500544883003623,0.04790931430353998,0.03448599523087184,2009-06-30,0.023247527555874392,-0.0009307666263077552,-0.02660653026419091,0.02018564900895603,-0.029068957574856336,-0.07831418142977287,-0.055255605948492104,0.1078236960699348
2009-06-09,0.4148886438125838,0.42996169750065216,0.01507305368806837,160637,387181,0.023247527555874392,0.019135317869262026,0.21541236483884,0.23981887699982152,0.02440651216098152,22930,106447,-0.0009307666263077552,0.0020669422589678623,2009-06-09,-0.02660653026419091,0.02018564900895603,0.03392733034218942,-0.03563594139910098,-0.04679217927314694,0.024178294182182147,0.023247527555874392,0.03166479592620164,0.013555388144853353,0.0010659142031945734,-0.0009307666263077552,-0.00017745557113435506,-0.00500544883003623,0.04790931430353998,2009-07-07,-0.02018115961244238,-0.017164608037116613,-0.020457232621239108,0.05124818106025497,-0.04285491591467905,-0.08706495111444373,-0.033817059282607254,0.11977928312997843
2009-06-16,0.3947074842001414,0.4125947252262787,0.01788724102613731,146830,371997,-0.02018115961244238,-0.0356603242411172,0.19824775680172338,0.2198382396784028,0.021590482876679393,20614,103981,-0.017164608037116613,-0.021757306452976598,2009-06-16,-0.020457232621239108,0.05124818106025497,0.010607581818200984,0.00989251356268106,-0.07170541368149408,-0.0030165515753257655,-0.02018115961244238,0.023247527555874392,0.03166479592620164,0.013555388144853353,-0.017164608037116613,-0.0009307666263077552,-0.00017745557113435506,-0.00500544883003623,2009-07-14,-0.01881136515502968,-0.03392264492743885,-0.011047442350159642,0.01575603764789202,-0.037976608566890946,-0.09153707469620673,-0.012258036378353765,0.0829091570338405
2009-06-23,0.3758961190451117,0.40345675812143744,0.027560639076325714,139212,370347,-0.01881136515502968,-0.020478659774137962,0.16432511187428453,0.18896110653837786,0.024635994664093323,17369,105699,-0.03392264492743885,-0.03120762446985507,2009-06-23,-0.011047442350159642,0.01575603764789202,-0.030758369767572624,0.02631847506112317,-0.02680347999805166,0.01511127977240917,-0.01881136515502968,-0.02018115961244238,0.023247527555874392,0.03166479592620164,-0.03392264492743885,-0.017164608037116613,-0.0009307666263077552,-0.00017745557113435506,2009-07-21,-0.013323960363258669,-0.02629616183890965,0.0028555992870975544,0.020633828352831785,0.00865236550107068,-0.07462235719071189,0.024016358196493393,0.04553852204830244
2009-06-30,0.36257215868185305,0.389315372667122,0.026743213985268948,137487,379199,-0.013323960363258669,-0.004657793906795518,0.13802895003537488,0.1807369447578255,0.04270799472245062,14437,104594,-0.02629616183890965,-0.02773914606571491,2009-06-30,0.0028555992870975544,0.020633828352831785,-0.055255605948492104,0.1078236960699348,-0.01777822906573423,0.01297220147565098,-0.013323960363258669,-0.01881136515502968,-0.02018115961244238,0.023247527555874392,-0.02629616183890965,-0.03392264492743885,-0.017164608037116613,-0.0009307666263077552,2009-07-28,0.00946156921605168,-0.009681536310978622,-0.0051679835983060585,0.03214123606899966,0.018796583876515227,-0.016518327189863888,0.010147943494222211,-0.0002610977256396474
2009-07-07,0.37203372789790473,0.3873372923844122,0.0153035644865075,138763,372985,0.00946156921605168,0.0033649877768665002,0.12834741372439626,0.17184386705985494,0.04349645333545867,12883,100376,-0.009681536310978622,-0.014857448802034533,2009-07-07,-0.0051679835983060585,0.03214123606899966,-0.033817059282607254,0.11977928312997843,-0.037309219667305715,0.019143105527030302,0.00946156921605168,-0.013323960363258669,-0.01881136515502968,-0.02018115961244238,-0.009681536310978622,-0.02629616183890965,-0.03392264492743885,-0.017164608037116613,2009-08-04,-0.015302852264654276,-0.021636731618879607,0.001101790283014381,0.014378054964117037,0.0548285090775098,0.029990694582046423,0.042835193335068134,-0.06446293186790841
2009-07-14,0.35673087563325045,0.3785603048778842,0.021829429244633734,132172,370509,-0.015302852264654276,-0.017670951914956365,0.10671068210551665,0.16693423772350544,0.060223555617988804,10635,99662,-0.021636731618879607,-0.022395791822746473,2009-07-14,0.001101790283014381,0.014378054964117037,-0.012258036378353765,0.0829091570338405,-0.013276264681102656,0.00633387935422533,-0.015302852264654276,0.00946156921605168,-0.013323960363258669,-0.01881136515502968,-0.021636731618879607,-0.009681536310978622,-0.02629616183890965,-0.03392264492743885,2009-08-11,0.027817608912931946,-0.017007927421944014,0.025226952224687516,-0.021614597337646035,0.05868255079050838,0.09934905641915173,0.02156950041478467,-0.0807202574205137
2009-07-21,0.3845484845461824,0.404336737956561,0.0197882534103786,150335,390939,0.027817608912931946,0.049021751158541356,0.08970275468357264,0.16995186681456004,0.08024911213098739,8815,98269,-0.017007927421944014,-0.018261724629246856,2009-07-21,0.025226952224687516,-0.021614597337646035,0.024016358196493393,0.04553852204830244,0.04684154956233355,0.04482553633487596,0.027817608912931946,-0.015302852264654276,0.00946156921605168,-0.013323960363258669,-0.017007927421944014,-0.021636731618879607,-0.009681536310978622,-0.02629616183890965,2009-08-18,-0.003179741987814122,0.031807868161938355,-0.011012815415173627,-0.025165791421110306,-0.0060513870902556,0.11201273982510626,-0.011555825172284706,-0.04039333846562432
2009-07-28,0.3813687425583683,0.40096288243516076,0.01959413987679246,147338,386340,-0.003179741987814122,-0.0076661576358460016,0.121510622845511,0.18826525915242273,0.06675463630691175,11879,97761,0.031807868161938355,0.031179720969990537,2009-07-28,-0.011012815415173627,-0.025165791421110306,0.010147943494222211,-0.0002610977256396474,0.01415297600593668,-0.03498761014975248,-0.003179741987814122,0.027817608912931946,-0.015302852264654276,0.00946156921605168,0.031807868161938355,-0.017007927421944014,-0.021636731618879607,-0.009681536310978622,2009-08-25,0.045493494417046254,0.03682748546093169,0.027519266242539864,-0.03206059807326911,0.012689667099481883,0.0867640302434499,0.0070320137905053315,-0.03070827761706152
2009-08-04,0.42686223697541453,0.44473492620292543,0.017872689227510858,167686,392834,0.045493494417046254,0.052668633845835276,0.15833810830644268,0.21001839621218976,0.05168028790574706,15751,99477,0.03682748546093169,0.03960679616616033,2009-08-04,0.027519266242539864,-0.03206059807326911,0.042835193335068134,-0.06446293186790841,0.05957986431580897,0.008666008956114565,0.045493494417046254,-0.003179741987814122,0.027817608912931946,-0.015302852264654276,0.03682748546093169,0.031807868161938355,-0.017007927421944014,-0.021636731618879607,2009-09-01,-0.011448810551655697,0.0477216302182257,-0.020163902637269082,-0.0018792705884882466,-0.03685228124333029,0.10445121587726236,-0.008272385404758609,-0.03644325129509829
2009-08-11,0.41541342642375884,0.4342029392055106,0.018789512781751783,159935,385002,-0.011448810551655697,-0.01973098051594312,0.20605973852466838,0.24397366160893216,0.037913923084263765,21593,104790,0.0477216302182257,0.05872714295766861,2009-08-11,-0.020163902637269082,-0.0018792705884882466,0.02156950041478467,-0.0807202574205137,-0.018284632048780836,-0.0591704407698814,-0.011448810551655697,0.045493494417046254,-0.003179741987814122,0.027817608912931946,0.0477216302182257,0.03682748546093169,0.031807868161938355,-0.017007927421944014,2009-09-08,-0.036916328967832035,-0.004344244015989485,-0.00789837336238186,0.018712321617243344,-0.00021838001154578235,0.07461986395254791,0.04879528933775923,-0.0876593999703843
2009-08-18,0.3784970974559268,0.4107032984671357,0.032206201011208906,141486,373810,-0.036916328967832035,-0.047919231588407336,0.2017154945086789,0.23332077622262792,0.03160528171394902,20883,103527,-0.004344244015989485,-0.006775455673251264,2009-08-18,-0.00789837336238186,0.018712321617243344,-0.011555825172284706,-0.04039333846562432,-0.026610694979625205,-0.03257208495184255,-0.036916328967832035,-0.011448810551655697,0.045493494417046254,-0.003179741987814122,-0.004344244015989485,0.0477216302182257,0.03682748546093169,0.031807868161938355,2009-09-15,0.01556131220192336,0.0065591585802819985,0.007575023547616411,-0.015480730572547508,0.05292724833327239,0.12092947251399758,0.07166874218780261,-0.12966435801124776
2009-08-25,0.39405840965785016,0.4131243924989924,0.019065982841142273,149596,379629,0.01556131220192336,0.021695513763676733,0.2082746530889609,0.24451688513773032,0.03624223204876944,21148,101539,0.0065591585802819985,0.0025597187207201987,2009-08-25,0.007575023547616411,-0.015480730572547508,0.0070320137905053315,-0.03070827761706152,0.023055754120163918,0.009002153621641362,0.01556131220192336,-0.036916328967832035,-0.011448810551655697,0.045493494417046254,0.0065591585802819985,-0.004344244015989485,0.0477216302182257,0.03682748546093169,2009-09-22,-0.004048453925765916,0.054514671094744144,0.012214867047275924,-0.03779557175130588,0.04063745565163618,0.11022843622015724,0.07184917519121026,-0.11236986837833696
2009-09-01,0.39000995573208425,0.4086789029459089,0.018668947213824692,150038,384703,-0.004048453925765916,0.0011642946139520426,0.26278932418370504,0.29307871867705376,0.030289394493348706,28032,106671,0.054514671094744144,0.06779661016949153,2009-09-01,0.012214867047275924,-0.03779557175130588,-0.008272385404758609,-0.03644325129509829,0.0500104387985818,-0.05856312502051006,-0.004048453925765916,0.01556131220192336,-0.036916328967832035,-0.011448810551655697,0.054514671094744144,0.0065591585802819985,-0.004344244015989485,0.0477216302182257,2009-09-29,0.025185090680128808,0.017890278293511253,0.036903772105248756,-0.05309541926377426,0.03774062996695993,0.04440209739444484,0.036903772105248756,-0.036865395370364595
2009-09-08,0.41519504641221305,0.4310768120465871,0.01588176563437404,187549,451713,0.025185090680128808,0.0975063880448034,0.2806796024772163,0.31119815153623487,0.030518549059018563,32677,116421,0.017890278293511253,0.04354510598006956,2009-09-08,0.036903772105248756,-0.05309541926377426,0.04879528933775923,-0.0876593999703843,0.08999919136902301,0.007294812386617555,0.025185090680128808,-0.004048453925765916,0.01556131220192336,-0.036916328967832035,0.017890278293511253,0.054514671094744144,0.0065591585802819985,-0.004344244015989485,2009-10-06,0.01622929937698614,0.04196536454546018,0.014975079487661525,-0.023292636423620117,0.017123710079020804,0.012353075575302297,0.048579963918563784,-0.0074081939267527375
2009-09-15,0.4314243457891992,0.4432369008232669,0.01181255503406769,201860,467892,0.01622929937698614,0.031681620852178266,0.3226449670226765,0.34755757913346735,0.02491261211079089,39967,123873,0.04196536454546018,0.06261756899528435,2009-09-15,0.014975079487661525,-0.023292636423620117,0.07166874218780261,-0.12966435801124776,0.03826771591128164,-0.025736065168474043,0.01622929937698614,0.025185090680128808,-0.004048453925765916,0.01556131220192336,0.04196536454546018,0.017890278293511253,0.054514671094744144,0.0065591585802819985,2009-10-13,0.003271519520287147,-0.0041418777135583396,0.007755456551024054,0.0018137590603632958,0.01851585496964625,-0.0366618034010171,0.05277854577224517,0.011908943692239493
2009-09-22,0.43469586530948634,0.4457630928298494,0.011067227520363057,203066,467145,0.003271519520287147,0.0025775178887435563,0.31850308930911814,0.3452068900954877,0.026703800786369594,40827,128184,-0.0041418777135583396,0.006942594431393443,2009-09-22,0.007755456551024054,0.0018137590603632958,0.07184917519121026,-0.11236986837833696,0.005941697490660758,0.007413397233845487,0.003271519520287147,0.01622929937698614,0.025185090680128808,-0.004048453925765916,-0.0041418777135583396,0.04196536454546018,0.017890278293511253,0.054514671094744144,2009-10-20,-0.006945279610442168,-0.011311667730968256,-0.022730536038685578,0.03770890125666648,0.011222930479227344,-0.0332148776389079,0.036933638654847556,0.01815364992868762
2009-09-29,0.4277505856990442,0.4359470726046834,0.008196486905639209,194449,454585,-0.006945279610442168,-0.018446092754926202,0.3071914215781499,0.32925910097517386,0.022067679397023972,39534,128695,-0.011311667730968256,-0.01008706234787493,2009-09-29,-0.022730536038685578,0.03770890125666648,0.036903772105248756,-0.036865395370364595,-0.06043943729535206,0.004366388120526088,-0.006945279610442168,0.003271519520287147,0.01622929937698614,0.025185090680128808,-0.011311667730968256,-0.0041418777135583396,0.04196536454546018,0.017890278293511253,2009-10-27,0.004568170792189685,-0.01415874352563129,0.048579963918563784,-0.0236382178201624,-0.004876454328674784,-0.0450549145736408,0.0443669531216786,0.016440856506356738
2009-10-06,0.43231875649123386,0.44548808916658234,0.013169332675348488,209375,484307,0.004568170792189685,0.03283434341212314,0.2930326780525186,0.31536179543402554,0.022329117381506967,38622,131801,-0.01415874352563129,-0.007086522397917557,2009-10-06,0.048579963918563784,-0.0236382178201624,0.048579963918563784,-0.0074081939267527375,0.07221818173872618,0.018726914317820975,0.004568170792189685,-0.006945279610442168,0.003271519520287147,0.01622929937698614,-0.01415874352563129,-0.011311667730968256,-0.0041418777135583396,0.04196536454546018,2009-11-03,0.017621444267611586,-0.007049514430859216,0.019173661341342907,-0.003975498804627886,0.009432206582992209,-0.0584690754527043,0.04005518065680924,0.04475002049415844
2009-10-13,0.44994020075884544,0.46031730290546957,0.010377102146624169,226854,504187,0.017621444267611586,0.036090744094138635,0.2859831636216594,0.3073116935632099,0.021328529941550566,38898,136015,-0.007049514430859216,0.002094066054127055,2009-10-13,0.019173661341342907,-0.003975498804627886,0.05277854577224517,0.011908943692239493,0.023149160145970793,0.024670958698470802,0.017621444267611586,0.004568170792189685,-0.006945279610442168,0.003271519520287147,-0.007049514430859216,-0.01415874352563129,-0.011311667730968256,-0.0041418777135583396,2009-11-09,-0.004021404970131759,-0.0006949519514491409,-0.008089450566373557,0.008058465296811423,-0.044731955784717004,-0.08225098877646142,0.03700116343598214,0.04793015482905716
2009-10-20,0.4459187957887137,0.45909378077923707,0.013174984990523428,227275,509678,-0.004021404970131759,0.0008350076459726252,0.28528821167021023,0.3084396409166076,0.023151429246397355,38644,135456,-0.0006949519514491409,-0.0018674410910561336,2009-10-20,-0.008089450566373557,0.008058465296811423,0.036933638654847556,0.01815364992868762,-0.01614791586318498,-0.003326453018682618,-0.004021404970131759,0.017621444267611586,0.004568170792189685,-0.006945279610442168,-0.0006949519514491409,-0.007049514430859216,-0.01415874352563129,-0.011311667730968256,2009-11-17,-0.023044664418344296,-0.023151704665701156,-0.015297221571854536,0.0359961078343356,-0.044064800714443186,-0.05009833825248872,0.07943263991112026,0.02677408961047556
2009-10-27,0.4228741313703694,0.43804864124917836,0.015174509878808955,210371,497479,-0.023044664418344296,-0.03316603816527298,0.2621365070045091,0.281881619656286,0.01974511265177691,34823,132843,-0.023151704665701156,-0.028208421922986063,2009-10-27,-0.015297221571854536,0.0359961078343356,0.0443669531216786,0.016440856506356738,-0.051293329406190136,0.00010704024735685991,-0.023044664418344296,-0.004021404970131759,0.017621444267611586,0.004568170792189685,-0.023151704665701156,-0.0006949519514491409,-0.007049514430859216,-0.01415874352563129,2009-11-24,0.018876831703856678,-0.027572904404694787,0.04426819145369443,0.0046709461676393005,0.0025948827168397193,-0.007153472090215829,0.11908044337928825,0.008531462120948685
2009-11-03,0.44175096307422607,0.4605326817695059,0.018781718695279875,218221,493991,0.018876831703856678,0.01577956054426418,0.2345636025998143,0.25785360569483134,0.023290003095017022,30315,129240,-0.027572904404694787,-0.0339347952093825,2009-11-03,0.04426819145369443,0.0046709461676393005,0.04005518065680924,0.04475002049415844,0.03959724528605513,0.046449736108551465,0.018876831703856678,-0.023044664418344296,-0.004021404970131759,0.017621444267611586,-0.027572904404694787,-0.023151704665701156,-0.0006949519514491409,-0.007049514430859216,2009-12-01,-0.036542718100097626,-0.030831427754616336,0.016119644120515808,-0.0007953644697291651,-0.02529093848813352,0.026658999542734152,0.09764719258624499,-0.0019319737002487791
2009-11-09,0.40520824497412844,0.4212212891490184,0.016013044174889964,214965,530505,-0.036542718100097626,-0.00659121320024049,0.20373217484519796,0.2251012031538711,0.021369028308673144,28888,141794,-0.030831427754616336,-0.011041473228102755,2009-11-09,0.016119644120515808,-0.0007953644697291651,0.03700116343598214,0.04793015482905716,0.016915008590244973,-0.00571129034548129,-0.036542718100097626,0.018876831703856678,-0.023044664418344296,-0.004021404970131759,-0.030831427754616336,-0.027572904404694787,-0.023151704665701156,-0.0006949519514491409,2009-12-08,-0.0033542498998579418,0.03145769857252356,0.03434202590876456,-0.013097599921770176,0.00576807866347212,0.054214316793624595,0.025190658607503025,0.02461255385077843
2009-11-17,0.4018539950742705,0.41761220290404205,0.015758207829771588,214236,533119,-0.0033542498998579418,-0.0013741623547374672,0.23518987341772152,0.2550492264416315,0.019859353023909985,33444,142200,0.03145769857252356,0.03213111979350325,2009-11-17,0.03434202590876456,-0.013097599921770176,0.07943263991112026,0.02677408961047556,0.04743962583053474,-0.034811948472381504,-0.0033542498998579418,-0.036542718100097626,0.018876831703856678,-0.023044664418344296,0.03145769857252356,-0.030831427754616336,-0.027572904404694787,-0.023151704665701156,2009-12-15,0.02361501901293861,0.019793161496571732,0.02435058189631345,0.017753480344808725,0.010717777916878835,-0.017720028524588427,-0.015843360777826554,0.043231111643180054
2009-11-24,0.4254690140872091,0.4323543461620365,0.006885332074827387,221777,521253,0.02361501901293861,0.01414505954580497,0.25498303491429325,0.26347292196060573,0.008489887046312481,34719,136162,0.019793161496571732,0.008966244725738396,2009-11-24,0.02435058189631345,0.017753480344808725,0.11908044337928825,0.008531462120948685,0.006597101551504725,0.0038218575163668778,0.02361501901293861,-0.0033542498998579418,-0.036542718100097626,0.018876831703856678,0.019793161496571732,0.03145769857252356,-0.030831427754616336,-0.027572904404694787,2009-12-22,-0.00900898950111656,0.006239567228255194,0.02283494066065117,-0.005792489653558164,-0.020481763645030793,-0.0343916731140414,-0.0775400052914339,0.014815676023786306
2009-12-01,0.41646002458609255,0.4296429263203518,0.013182901734259244,217156,521433,-0.00900898950111656,-0.008865176795145544,0.26122260214254844,0.2719884153784335,0.010765813235885033,34455,131899,0.006239567228255194,-0.0019388669379121928,2009-12-01,0.02283494066065117,-0.005792489653558164,0.09764719258624499,-0.0019319737002487791,0.028627430314209334,-0.015248556729371754,-0.00900898950111656,0.02361501901293861,-0.0033542498998579418,-0.036542718100097626,0.006239567228255194,0.019793161496571732,0.03145769857252356,-0.030831427754616336,2009-12-29,-0.005483700948491987,-0.003276110503725893,-0.05633688985822616,0.025749163081298043,-0.01820860912338268,-0.05543013990374007,-0.08820476151951517,0.02261383317290422
2009-12-08,0.41097632363760056,0.42156265573952045,0.010586332101919898,207811,505652,-0.005483700948491987,-0.01792176559596343,0.25794649163882255,0.267287835617743,0.009341343978920467,32501,125999,-0.003276110503725893,-0.014814365537267152,2009-12-08,-0.05633688985822616,0.025749163081298043,0.025190658607503025,0.02461255385077843,-0.0820860529395242,-0.0022075904447660943,-0.005483700948491987,-0.00900898950111656,0.02361501901293861,-0.0033542498998579418,-0.003276110503725893,0.006239567228255194,0.019793161496571732,0.03145769857252356,2010-01-05,0.0015954493535487724,-0.04047664674568946,-0.006691993476565017,0.005520957870631449,-0.03354769761498233,-0.04643210862887767,-0.011330282410837889,-0.023395984376905155
2009-12-15,0.41257177299114933,0.4213530596707166,0.0087812866795673,208088,504368,0.0015954493535487724,0.000547807583080854,0.2174698448931331,0.23249607922027804,0.015026234327144934,26485,121787,-0.04047664674568946,-0.047746410685799094,2009-12-15,-0.006691993476565017,0.005520957870631449,-0.015843360777826554,0.043231111643180054,-0.012212951347196466,0.04207209609923823,0.0015954493535487724,-0.005483700948491987,-0.00900898950111656,0.02361501901293861,-0.04047664674568946,-0.003276110503725893,0.006239567228255194,0.019793161496571732,2010-01-12,-0.007584522548971018,0.00312151690711876,-0.037346062617293896,-0.010661955274585022,-0.047474480218448634,0.04918645975034858,0.0025373713945970877,-0.044328330102330504
2009-12-22,0.4049872504421783,0.41462803941245874,0.00964078897028041,202183,499233,-0.007584522548971018,-0.011707721346318561,0.22059136180025185,0.22675683189690418,0.0061654700966523295,26977,122294,0.00312151690711876,0.004039840048609458,2009-12-22,-0.037346062617293896,-0.010661955274585022,-0.0775400052914339,0.014815676023786306,-0.026684107342708874,-0.010706039456089778,-0.007584522548971018,0.0015954493535487724,-0.005483700948491987,-0.00900898950111656,0.00312151690711876,-0.04047664674568946,-0.003276110503725893,0.006239567228255194,2010-01-19,-0.006735834979468447,-0.01479889956144348,0.012170184432569897,0.0020056674955597487,-0.04080449450748824,0.05380069208717825,0.0491623511315451,-0.05409266199344165
2009-12-29,0.39825141546270987,0.41030318560458157,0.012051770141871665,195825,491712,-0.006735834979468447,-0.012735536312703688,0.20579246223880837,0.2179612977946499,0.012168835555841523,25587,124334,-0.01479889956144348,-0.011366052300194614,2009-12-29,0.012170184432569897,0.0020056674955597487,-0.08820476151951517,0.02261383317290422,0.010164516937010148,0.008063064581975032,-0.006735834979468447,-0.007584522548971018,0.0015954493535487724,-0.005483700948491987,-0.01479889956144348,0.00312151690711876,-0.04047664674568946,-0.003276110503725893,2010-01-26,-0.020822789440091638,0.005721920771136507,0.020537589250451127,-0.02026065446851133,-0.0547151196188278,-0.0061287447160892905,0.0008370584909664913,0.023702023517778503
2010-01-05,0.37742862602261823,0.39103464442531466,0.013606018402696382,191599,507643,-0.020822789440091638,-0.00859446179877652,0.21151438300994488,0.23564689650772383,0.024132513497778948,26522,125391,0.005721920771136507,0.0075200669165312786,2010-01-05,0.020537589250451127,-0.02026065446851133,-0.011330282410837889,-0.023395984376905155,0.04079824371896246,-0.026544710211228145,-0.020822789440091638,-0.006735834979468447,-0.007584522548971018,0.0015954493535487724,0.005721920771136507,-0.01479889956144348,0.00312151690711876,-0.04047664674568946,2010-02-02,-0.012331333249917531,0.05514192163353679,0.007175660328869959,-0.015411387854793901,-0.0060086701102944895,-0.07038188777434234,-0.005209532505046077,0.06333470618946313
2010-01-12,0.3650972927727007,0.38638092289581205,0.02128363012311138,191043,523266,-0.012331333249917531,-0.0010952578879251757,0.26665630464348167,0.2776063726442588,0.010950068000777151,34312,128675,0.05514192163353679,0.062125670901420356,2010-01-12,0.007175660328869959,-0.015411387854793901,0.0025373713945970877,-0.044328330102330504,0.02258704818366386,-0.06747325488345432,-0.012331333249917531,-0.020822789440091638,-0.006735834979468447,-0.007584522548971018,0.05514192163353679,0.005721920771136507,-0.01479889956144348,0.00312151690711876,2010-02-09,-0.0009145368380106267,0.007735749243948431,0.009278917119654118,-0.020426287165696166,-0.03799006539239852,-0.17149891761389308,-0.04706745678225932,0.12227338758811435
2010-01-19,0.36418275593469007,0.3787311598641771,0.014548403929487034,192625,528924,-0.0009145368380106267,0.0030233189238360603,0.2743920538874301,0.2812421509304715,0.006850097043041443,36051,131385,0.007735749243948431,0.013514668739071303,2010-01-19,0.009278917119654118,-0.020426287165696166,0.0491623511315451,-0.05409266199344165,0.029705204285350284,-0.008650286081959058,-0.0009145368380106267,-0.012331333249917531,-0.020822789440091638,-0.006735834979468447,0.007735749243948431,0.05514192163353679,0.005721920771136507,-0.01479889956144348,2010-02-16,-0.020646460090808005,-0.07472833636471102,-0.03615510820800871,0.0798003530067799,-0.027310369764219633,-0.1711016056741252,-0.017184052237132263,0.13660541655213176
2010-01-26,0.34353629584388207,0.35883679922768513,0.01530050338380306,174367,507565,-0.020646460090808005,-0.03451913696485696,0.19966371752271908,0.21483646262860803,0.015172745105888947,24937,124895,-0.07472833636471102,-0.08459108726262511,2010-01-26,-0.03615510820800871,0.0798003530067799,0.0008370584909664913,0.023702023517778503,-0.11595546121478861,0.05408187627390301,-0.020646460090808005,-0.0009145368380106267,-0.012331333249917531,-0.020822789440091638,-0.07472833636471102,0.007735749243948431,0.05514192163353679,0.005721920771136507,2010-02-23,0.027883660068441674,-0.05853122228711655,0.014490998254438558,0.019372028203173297,0.00936957934794258,-0.0921119181770266,0.0030633752035074124,0.056826359581322095
2010-02-02,0.37141995591232374,0.3889364887909163,0.017516532878592523,178601,480860,0.027883660068441674,0.008341788736417995,0.14113249523560253,0.17608231570165467,0.034949820466052134,17255,122261,-0.05853122228711655,-0.06150766643980944,2010-02-02,0.014490998254438558,0.019372028203173297,-0.005209532505046077,0.06333470618946313,-0.004881029948734739,0.08641488235555822,0.027883660068441674,-0.020646460090808005,-0.0009145368380106267,-0.012331333249917531,-0.05853122228711655,-0.07472833636471102,0.007735749243948431,0.05514192163353679,2010-03-02,-0.04431272853202156,-0.04597510820601394,-0.034682263948343284,0.043527293543857315,-0.005479352829384276,0.023618816566924994,0.017170528067802948,0.004408332035289675
2010-02-09,0.3271072273803022,0.35581542283762224,0.02870819545732001,152728,466905,-0.04431272853202156,-0.053805681487335194,0.09515738702958859,0.14913190491850278,0.053974517888914185,11285,118593,-0.04597510820601394,-0.04882996213019687,2010-02-09,-0.034682263948343284,0.043527293543857315,-0.04706745678225932,0.12227338758811435,-0.0782095574922006,0.0016623796739923813,-0.04431272853202156,0.027883660068441674,-0.020646460090808005,-0.0009145368380106267,-0.04597510820601394,-0.05853122228711655,-0.07472833636471102,0.007735749243948431,2010-03-09,0.00976515879016826,0.00813306118371633,0.039162321664781174,-0.006094258201678748,0.026010452192250677,0.11409080703087693,0.04007413418635153,-0.0724038613182807
2010-02-16,0.33687238617047044,0.3592921036893179,0.02241971751884744,157154,466509,0.00976515879016826,0.009479444426596416,0.10329044821330492,0.16017009803105703,0.056879649817752106,12412,120166,0.00813306118371633,0.009503090401625728,2010-02-16,0.039162321664781174,-0.006094258201678748,-0.017184052237132263,0.13660541655213176,0.04525657986645992,0.0016320976064519294,0.00976515879016826,-0.04431272853202156,0.027883660068441674,-0.020646460090808005,0.00813306118371633,-0.04597510820601394,-0.05853122228711655,-0.07472833636471102,2010-03-16,0.016033489021354208,0.004261351132387556,-0.015907680767369037,2.1296035970230776e-05,0.006095421258212608,0.115910546602444,0.007090282990908747,-0.06778493294243093
2010-02-23,0.35290587519182465,0.3677138791011891,0.014808003909364471,164656,466572,0.016033489021354208,0.0160811474162342,0.10755179934569248,0.16318497818974917,0.055633178844056705,12624,117376,0.004261351132387556,0.0017642261538205483,2010-02-23,-0.015907680767369037,2.1296035970230776e-05,0.0030633752035074124,0.056826359581322095,-0.015928976803339268,0.011772137888966652,0.016033489021354208,0.00976515879016826,-0.04431272853202156,0.027883660068441674,0.004261351132387556,0.00813306118371633,-0.04597510820601394,-0.05853122228711655,2010-03-23,0.013034727891114817,0.05719951245683505,0.028598151118734094,-0.03304599934285912,-0.04250665718813684,0.09807386720247674,0.003977622440527462,-0.06728197790304824
2010-03-02,0.36594060308293946,0.377724291922301,0.011783688839361539,176671,482786,0.013034727891114817,0.025751652478074125,0.16475131180252753,0.20080740521764837,0.03605609341512083,17834,108248,0.05719951245683505,0.04438726826608506,2010-03-02,0.028598151118734094,-0.03304599934285912,0.017170528067802948,0.004408332035289675,0.06164415046159322,-0.04416478456572023,0.013034727891114817,0.016033489021354208,0.00976515879016826,-0.04431272853202156,0.05719951245683505,0.004261351132387556,0.00813306118371633,-0.04597510820601394,2010-03-30,-0.012822923510386608,0.04449688225793799,-0.011778657829794703,-0.03328489980971305,-0.05047683577443124,0.05366057479859235,-0.0278569129598214,-0.05113467509019998
2010-03-09,0.35311767957255286,0.36257286261234356,0.00945518303979073,174408,493909,-0.012822923510386608,-0.004687377015903526,0.20924819406046552,0.23306875947560868,0.023820565415143137,23463,112130,0.04449688225793799,0.05200096075678073,2010-03-09,-0.011778657829794703,-0.03328489980971305,0.04007413418635153,-0.0724038613182807,0.02150624197991835,-0.0573198057683246,-0.012822923510386608,0.013034727891114817,0.016033489021354208,0.00976515879016826,0.04449688225793799,0.05719951245683505,0.004261351132387556,0.00813306118371633,2010-04-06,-0.01014987214386981,0.009952800755283403,0.006178470469338393,-0.001475329825828986,-0.0010082599645204748,0.04569654615113905,0.011868746876796621,-0.028101851603515193
2010-03-16,0.34296780742868305,0.3559350710299085,0.012967263601225425,170277,496481,-0.01014987214386981,-0.008363888894512957,0.21920099481574892,0.24073490262014852,0.021533907804399607,25031,114192,0.009952800755283403,0.013983768839739587,2010-03-16,0.006178470469338393,-0.001475329825828986,0.007090282990908747,-0.06778493294243093,0.007653800295167379,-0.020102672899153212,-0.01014987214386981,-0.012822923510386608,0.013034727891114817,0.016033489021354208,0.009952800755283403,0.04449688225793799,0.05719951245683505,0.004261351132387556,2010-04-13,-0.03256858942499524,-0.013575328267579706,-0.019020341317750322,0.0005242510753529217,0.02895763163223336,0.041689665942291204,0.020530559964695883,-0.02476241675795743
2010-03-23,0.3103992180036878,0.3284990396713677,0.01809982166767984,153692,495143,-0.03256858942499524,-0.033405105129904265,0.20562566654816922,0.23259864912904374,0.02697298258087451,23137,112520,-0.013575328267579706,-0.016586100602494044,2010-03-23,-0.019020341317750322,0.0005242510753529217,0.003977622440527462,-0.06728197790304824,-0.019544592393103244,-0.018993261157415536,-0.03256858942499524,-0.01014987214386981,-0.012822923510386608,0.013034727891114817,-0.013575328267579706,0.009952800755283403,0.04449688225793799,0.05719951245683505,2010-04-20,0.00506454930482042,0.012786220052950659,-0.003236384281614768,-0.01689869653001086,0.058344284292327464,0.03655338443897152,0.02857596758082437,-0.015875809869472235
2010-03-30,0.3154637673085082,0.3328954868238914,0.017431719515383196,147220,466678,0.00506454930482042,-0.01307097141633831,0.21841188660111988,0.24192936819364225,0.023517481592522375,24769,113405,0.012786220052950659,0.014504088162104514,2010-03-30,-0.003236384281614768,-0.01689869653001086,-0.0278569129598214,-0.05113467509019998,0.013662312248396091,-0.007721670748130238,0.00506454930482042,-0.03256858942499524,-0.01014987214386981,-0.012822923510386608,0.012786220052950659,-0.013575328267579706,0.009952800755283403,0.04449688225793799,2010-04-27,0.036645652299524156,0.036532853610484695,0.027947002006823318,-0.01025207632302827,0.06598152234542215,0.04412667344785037,0.059856104101509544,0.0064412601307690664
2010-04-06,0.3521094196080324,0.3651776882433834,0.013068268635351075,175135,497388,0.036645652299524156,0.05981640445874886,0.25494474021160457,0.27784891165172854,0.022904171440123997,30265,118712,0.036532853610484695,0.04846347162823509,2010-04-06,0.027947002006823318,-0.01025207632302827,0.011868746876796621,-0.028101851603515193,0.03819907832985159,0.00011279868903946166,0.036645652299524156,0.00506454930482042,-0.03256858942499524,-0.01014987214386981,0.036532853610484695,0.012786220052950659,-0.013575328267579706,0.009952800755283403,2010-05-04,0.019816019452884026,0.005945920546435557,0.014840283557237655,0.001864105019728779,0.02458016154987458,-0.007002286708915173,0.034000653995843955,0.03513704373916893
2010-04-13,0.3719254390609164,0.3785548429061975,0.006629403845281135,196695,528856,0.019816019452884026,0.04334644181202602,0.2608906607580401,0.291660264756067,0.030769603998026862,32262,123661,0.005945920546435557,0.016822225217332704,2010-04-13,0.014840283557237655,0.001864105019728779,0.020530559964695883,-0.02476241675795743,0.012976178537508876,0.01387009890644847,0.019816019452884026,0.036645652299524156,0.00506454930482042,-0.03256858942499524,0.005945920546435557,0.036532853610484695,0.012786220052950659,-0.013575328267579706,2010-05-11,-0.0031819367649011387,-0.01871160977089939,-0.010974933701621836,0.009410857963838115,0.0008740618850925364,0.010930255691918689,0.06833599573420734,0.007975159650111863
2010-04-20,0.36874350229601527,0.38172548327572514,0.0129819809797099,192240,521338,-0.0031819367649011387,-0.008423843163356377,0.24217905098714074,0.28141996700321287,0.03924091601607212,30679,126679,-0.01871160977089939,-0.012801125658049022,2010-04-20,-0.010974933701621836,0.009410857963838115,0.02857596758082437,-0.015875809869472235,-0.02038579166545995,0.015529673005998251,-0.0031819367649011387,0.019816019452884026,0.036645652299524156,0.00506454930482042,-0.01871160977089939,0.005945920546435557,0.036532853610484695,0.012786220052950659,2010-05-18,0.012701787357915106,0.02035950906182951,0.028043752239070407,0.005418373470230442,0.010371576754209133,0.06841442650990467,0.06956689405632499,0.009076879165053064
2010-04-27,0.3814452896539304,0.39028316477624025,0.00883787512230988,205443,538591,0.012701787357915106,0.025325220873981945,0.26253856004897025,0.30478345965189235,0.042244899602922104,32596,124157,0.02035950906182951,0.015132737075600533,2010-04-27,0.028043752239070407,0.005418373470230442,0.059856104101509544,0.0064412601307690664,0.022625378768839965,-0.007657721703914405,0.012701787357915106,-0.0031819367649011387,0.019816019452884026,0.036645652299524156,0.02035950906182951,-0.01871160977089939,0.005945920546435557,0.036532853610484695,2010-05-25,-0.004755708496023414,-0.014596106546280851,0.002091551901157729,0.01844370728537159,-0.03442148013012086,-0.025375722886133073,0.023536612868897855,0.0427352965366965
2010-05-04,0.37668958115790696,0.3941745707158603,0.01748498955795336,207788,551616,-0.004755708496023414,0.004353953185255602,0.2479424535026894,0.295217419480267,0.047274965977577604,30608,123448,-0.014596106546280851,-0.01601198482566428,2010-05-04,0.002091551901157729,0.01844370728537159,0.034000653995843955,0.03513704373916893,-0.016352155384213862,0.009840398050257437,-0.004755708496023414,0.012701787357915106,-0.0031819367649011387,0.019816019452884026,-0.014596106546280851,0.02035950906182951,-0.01871160977089939,0.005945920546435557,2010-06-01,-0.003890080211898017,0.02387846294726942,0.049175625295601044,-0.025297779069328286,-0.004349117217118059,-0.0036056987955764286,0.042940413864161364,0.018788703705042487
2010-05-11,0.37279950094600894,0.385025638213277,0.012226137267268091,217530,583504,-0.003890080211898017,0.017660836523958695,0.2718209164499588,0.30568440274233916,0.033863486292380306,33344,122669,0.02387846294726942,0.0221631780182749,2010-05-11,0.049175625295601044,-0.025297779069328286,0.06833599573420734,0.007975159650111863,0.07447340436492933,-0.027768543159167436,-0.003890080211898017,-0.004755708496023414,0.012701787357915106,-0.0031819367649011387,0.02387846294726942,-0.014596106546280851,0.02035950906182951,-0.01871160977089939,2010-06-08,0.006315578104215458,0.038772561047086596,-0.00974403537950419,0.010512577478779317,-0.0009528742232508547,-0.0360289859152588,0.0028138422334764712,0.060375950618853036
2010-05-18,0.3791150790502244,0.39039909755449687,0.011284018504272473,219795,579758,0.006315578104215458,0.0038817214620636706,0.3105934774970454,0.3269556329255438,0.01636215542849842,38895,125228,0.038772561047086596,0.04525185662229251,2010-05-18,-0.00974403537950419,0.010512577478779317,0.06956689405632499,0.009076879165053064,-0.020256612858283507,-0.03245698294287114,0.006315578104215458,-0.003890080211898017,-0.004755708496023414,0.012701787357915106,0.038772561047086596,0.02387846294726942,-0.014596106546280851,0.02035950906182951,2010-06-15,-0.03209126952641489,-0.07343064033420824,-0.017986528948356728,0.039076790841873876,-0.007561119485639478,-0.06709763558051227,0.012475211913368867,0.033150548954189674
2010-05-25,0.3470238095238095,0.3600497159090909,0.013025906385281385,205216,591360,-0.03209126952641489,-0.025146699139985993,0.23716283716283718,0.26938061938061936,0.032217782217782216,28488,120120,-0.07343064033420824,-0.08310441754240266,2010-05-25,-0.017986528948356728,0.039076790841873876,0.023536612868897855,0.0427352965366965,-0.057063319790230604,0.041339370807793346,-0.03209126952641489,0.006315578104215458,-0.003890080211898017,-0.004755708496023414,-0.07343064033420824,0.038772561047086596,0.02387846294726942,-0.014596106546280851,2010-06-22,0.02531665441697939,0.007173917544275793,0.021495352896421238,-0.005502885546282421,0.016291269384112184,0.01724123710039302,0.03425649128508823,-0.014696504543402877
2010-06-01,0.3723404639407889,0.3803899268887084,0.008049462947919488,206258,553950,0.02531665441697939,0.0017620400432900433,0.24433675470711297,0.2622009021966527,0.01786414748953975,29899,122368,0.007173917544275793,0.011746586746586747,2010-06-01,0.021495352896421238,-0.005502885546282421,0.042940413864161364,0.018788703705042487,0.02699823844270366,0.018142736872703596,0.02531665441697939,-0.03209126952641489,0.006315578104215458,-0.003890080211898017,0.007173917544275793,-0.07343064033420824,0.038772561047086596,0.02387846294726942,2010-06-29,-0.0004938372180308126,-0.008544824172412951,0.009049053664916151,0.016289467844482264,-0.015580452096586761,0.023542837687374196,0.011277945055391037,0.005192244161676296
2010-06-08,0.3718466267227581,0.3809845040298021,0.009137877307044009,210016,564792,-0.0004938372180308126,0.006784005776694648,0.23579193053470002,0.25279101651759484,0.01699908598289482,28893,122536,-0.008544824172412951,-0.008221103556485356,2010-06-08,0.009049053664916151,0.016289467844482264,0.0028138422334764712,0.060375950618853036,-0.0072404141795661126,0.008050986954382139,-0.0004938372180308126,0.02531665441697939,-0.03209126952641489,0.006315578104215458,-0.008544824172412951,0.007173917544275793,-0.07343064033420824,0.038772561047086596,2010-07-06,-0.00029266715817316546,0.007703911381833128,-8.266569961179471e-05,-0.016712824185884045,-0.057283819054150475,-0.019193352837620276,-0.03781342102972296,-0.010041741922943714
2010-06-15,0.3715539595645849,0.3786182106942326,0.0070642511296477185,211490,569204,-0.00029266715817316546,0.002609810337256902,0.24349584191653315,0.25806820782787826,0.014572365911345083,31915,131070,0.007703911381833128,0.024662140105764837,2010-06-15,-8.266569961179471e-05,-0.016712824185884045,0.012475211913368867,0.033150548954189674,0.01663015848627225,-0.007996578540006294,-0.00029266715817316546,-0.0004938372180308126,0.02531665441697939,-0.03209126952641489,0.007703911381833128,-0.008544824172412951,0.007173917544275793,-0.07343064033420824,2010-07-13,-0.008238880656663228,0.01090823234669705,0.003794750423362636,-0.008770262655718675,-0.05336878076871532,-0.02310570636095874,-0.021977047208381784,-0.001426430235592857
2010-06-22,0.3633150789079217,0.3705427025734922,0.007227623665570516,218865,602411,-0.008238880656663228,0.0129566903957105,0.2544040742632302,0.26798495169725,0.01358087743401981,35367,139019,0.01090823234669705,0.026337071793698024,2010-06-22,0.003794750423362636,-0.008770262655718675,0.03425649128508823,-0.014696504543402877,0.01256501307908131,-0.019147113003360278,-0.008238880656663228,-0.00029266715817316546,-0.0004938372180308126,0.02531665441697939,0.01090823234669705,0.007703911381833128,-0.008544824172412951,0.007173917544275793,2010-07-20,-0.006555067063719555,0.01347551813125697,-0.0014831933332759561,0.014385863158796752,-0.09811729456444129,-0.06559431343417232,-0.04032461877222282,0.020673316871751446
2010-06-29,0.35676001184420214,0.3649162089237413,0.008156197079539141,214462,601138,-0.006555067063719555,-0.007308963481742531,0.26787959239448716,0.2821223597391949,0.014242767344707766,34306,128065,0.01347551813125697,-0.007632050295283379,2010-06-29,-0.0014831933332759561,0.014385863158796752,0.011277945055391037,0.005192244161676296,-0.01586905649207271,-0.020030585194976525,-0.006555067063719555,-0.008238880656663228,-0.00029266715817316546,-0.0004938372180308126,0.01347551813125697,0.01090823234669705,0.007703911381833128,-0.008544824172412951,2010-07-27,-0.04219720417559453,-0.05128101469740742,-0.040042312420197845,0.0010554817598622535,-0.08377075700637948,-0.08336055004976534,-0.06612847940021283,-0.019266958326402683
2010-07-06,0.3145628076686076,0.33412031876371745,0.019557511095109843,181733,577732,-0.04219720417559453,-0.05444506918544494,0.21659857769707974,0.23716817134883408,0.020569593651754342,25767,118962,-0.05128101469740742,-0.06667707804630461,2010-07-06,-0.040042312420197845,0.0010554817598622535,-0.03781342102972296,-0.010041741922943714,-0.0410977941800601,0.009083810521812896,-0.04219720417559453,-0.006555067063719555,-0.008238880656663228,-0.00029266715817316546,-0.05128101469740742,0.01347551813125697,0.01090823234669705,0.007703911381833128,2010-08-03,0.003622371127261992,0.003791557858494665,0.01575370812172938,-0.008097512498533188,-0.013074115061168567,0.017331960759474407,-0.004473162490601368,-0.039485255776946726
2010-07-13,0.3181851787958696,0.3325106763507828,0.014325497554913233,180754,568078,0.003622371127261992,-0.0016945573380044727,0.2203901355555744,0.23620919132919066,0.015819055773616256,25997,117959,0.003791557858494665,0.0019333904944436038,2010-07-13,0.01575370812172938,-0.008097512498533188,-0.021977047208381784,-0.001426430235592857,0.02385122062026257,-0.00016918673123267336,0.003622371127261992,-0.04219720417559453,-0.006555067063719555,-0.008238880656663228,0.003791557858494665,-0.05128101469740742,0.01347551813125697,0.01090823234669705,2010-08-10,-0.0529873944523892,-0.031580374726516536,-0.0145528211404784,0.013329484451625628,-0.014993303014437409,0.008660687172803633,-0.005336937084809534,-0.013719194752420893
2010-07-20,0.2651977843434804,0.30237205370053605,0.03717426935705566,148371,559473,-0.0529873944523892,-0.05700449586148381,0.18880976082905787,0.2158664522551497,0.02705669142609184,22191,117531,-0.031580374726516536,-0.03226544816419264,2010-07-20,-0.0145528211404784,0.013329484451625628,-0.04032461877222282,0.020673316871751446,-0.02788230559210403,-0.021407019725872667,-0.0529873944523892,0.003622371127261992,-0.04219720417559453,-0.006555067063719555,-0.031580374726516536,0.003791557858494665,-0.05128101469740742,0.01347551813125697,2010-08-17,0.007791470494342256,-0.004290718484336042,-0.02728705396126596,-0.025554412039357377,0.06076777590034216,0.03181454067348777,0.026228224742755657,-0.018349022862291342
2010-07-27,0.27298925483782266,0.29846660929247626,0.02547735445465356,152892,560066,0.007791470494342256,0.008080818913513253,0.18451904234472183,0.21562579875607055,0.031106756411348725,21657,117370,-0.004290718484336042,-0.004543482145136177,2010-07-27,-0.02728705396126596,-0.025554412039357377,-0.06612847940021283,-0.019266958326402683,-0.0017326419219085842,0.012082188978678299,0.007791470494342256,-0.0529873944523892,0.003622371127261992,-0.04219720417559453,-0.004290718484336042,-0.031580374726516536,0.003791557858494665,-0.05128101469740742,2010-08-24,0.028499437769616387,0.04941149611183232,0.021613004489413612,-0.01916281569068179,0.07938574156805445,0.036433568679153844,0.058596299245890826,0.019486721409360808
2010-08-03,0.30148869260743905,0.32353661381721144,0.022047921209772427,156365,518643,0.028499437769616387,0.0062010548756753665,0.23393053845655415,0.2551108015291907,0.021180263072636558,28882,123464,0.04941149611183232,0.06155746783675556,2010-08-03,0.021613004489413612,-0.01916281569068179,-0.004473162490601368,-0.039485255776946726,0.0407758201800954,-0.020912058342215933,0.028499437769616387,0.007791470494342256,-0.0529873944523892,0.003622371127261992,0.04941149611183232,-0.004290718484336042,-0.031580374726516536,0.003791557858494665,2010-08-31,0.0017031831739931502,-0.0048797157281761094,0.014889933527521215,0.017668548525992644,0.06085525008263565,0.06745388052321089,0.051172620458539875,0.001906916699312422
2010-08-10,0.3031918757814322,0.32086419233842756,0.017672316556995325,158593,523078,0.0017031831739931502,0.004295825837811365,0.22905082272837804,0.25348139742238796,0.024430574694009888,28258,123370,-0.0048797157281761094,-0.005054104840277328,2010-08-10,0.014889933527521215,0.017668548525992644,-0.005336937084809534,-0.013719194752420893,-0.0027786149984714292,0.00658289890216926,0.0017031831739931502,0.028499437769616387,0.007791470494342256,-0.0529873944523892,-0.0048797157281761094,0.04941149611183232,-0.004290718484336042,-0.031580374726516536,2010-09-07,0.022773684462390364,-0.0084265212258324,0.01701234068708679,0.00869965634175518,0.057190593086189456,0.09015331712053468,0.041348431241225114,-0.03315701954881911
2010-08-17,0.32596556024382256,0.33578026537962086,0.009814705135798291,177219,543674,0.022773684462390364,0.03560845610023744,0.22062430150254564,0.24321681360983485,0.022592512107289207,28427,128848,-0.0084265212258324,0.0013698630136986301,2010-08-17,0.01701234068708679,0.00869965634175518,0.026228224742755657,-0.018349022862291342,0.008312684345331611,0.031200205688222765,0.022773684462390364,0.0017031831739931502,0.028499437769616387,0.007791470494342256,-0.0084265212258324,-0.0048797157281761094,0.04941149611183232,-0.004290718484336042,2010-09-14,0.026409436162054545,0.00032830952133003355,0.005081020541869208,0.012281332232294773,0.041422809241985215,0.09680411601703337,0.03503657956302675,-0.06617618920756652
2010-08-24,0.3523749964058771,0.3627620115586992,0.010387015152822105,196084,556464,0.026409436162054545,0.03469910277114594,0.22095261102387567,0.24620525828401177,0.025252647260136086,27439,124185,0.00032830952133003355,-0.007667949832360611,2010-08-24,0.005081020541869208,0.012281332232294773,0.058596299245890826,0.019486721409360808,-0.007200311690425565,0.02608112664072451,0.026409436162054545,0.022773684462390364,0.0017031831739931502,0.028499437769616387,0.00032830952133003355,-0.0084265212258324,-0.0048797157281761094,0.04941149611183232,2010-09-21,0.009968946284197588,0.08043180795588936,0.01418932570206266,-0.036742620400730175,0.0053925105219264635,0.09553542784044669,0.045874029001572225,-0.0891154642091867
2010-08-31,0.3623439426900747,0.3734827280411257,0.011138785351051006,209200,577352,0.009968946284197588,0.023570257914258604,0.30138441897976503,0.32198634692270645,0.02060192794294145,39425,130813,0.08043180795588936,0.09651729274872166,2010-08-31,0.01418932570206266,-0.036742620400730175,0.051172620458539875,0.001906916699312422,0.050931946102792836,-0.07046286167169177,0.009968946284197588,0.026409436162054545,0.022773684462390364,0.0017031831739931502,0.08043180795588936,0.00032830952133003355,-0.0084265212258324,-0.0048797157281761094,2010-09-28,-0.0019614738224530415,0.01781972086914768,0.005065744310206455,-0.01739538772213889,-4.962295251881299e-05,0.013310916873793877,0.04618110726732372,-0.07130843329824854
2010-09-07,0.36038246886762165,0.37132918007254545,0.0109467112049238,211027,585564,-0.0019614738224530415,0.003164447338885117,0.3192041398489127,0.33795387107409586,0.018749731225183124,44536,139522,0.01781972086914768,0.03907104034002737,2010-09-07,0.005065744310206455,-0.01739538772213889,0.041348431241225114,-0.03315701954881911,0.022461132032345343,-0.019781194691600723,-0.0019614738224530415,0.009968946284197588,0.026409436162054545,0.022773684462390364,0.01781972086914768,0.08043180795588936,0.00032830952133003355,-0.0084265212258324,2010-10-05,0.007005900618186123,-0.0017757223293337066,0.010700489008888425,-0.024319513316992225,-0.006016651406944129,-0.012834982407338325,0.06537869950014485,-0.07779098759631076
2010-09-14,0.3673883694858078,0.38013291631456864,0.012744546828760828,218250,594058,0.007005900618186123,0.012335116229822871,0.317428417519579,0.33572977527313913,0.01830135775356013,45963,144798,-0.0017757223293337066,0.010227777698140796,2010-09-14,0.010700489008888425,-0.024319513316992225,0.03503657956302675,-0.06617618920756652,0.03502000232588065,0.00878162294751983,0.007005900618186123,-0.0019614738224530415,0.009968946284197588,0.026409436162054545,-0.0017757223293337066,0.01781972086914768,0.08043180795588936,0.00032830952133003355,2010-10-12,-0.009620862558004206,-0.0009403786552566462,0.015918469980414685,-0.010657942769325413,-0.004043885058942598,-0.04721344057601856,0.062056081384375794,-0.06822819438342975
2010-09-21,0.35776750692780357,0.36777768109345504,0.01001017416565148,213799,597592,-0.009620862558004206,-0.007492534398998078,0.31648803886432236,0.33561359161119325,0.019125552746870892,46450,146767,-0.0009403786552566462,0.003363306123012749,2010-09-21,0.015918469980414685,-0.010657942769325413,0.045874029001572225,-0.0891154642091867,0.026576412749740097,-0.00868048390274756,-0.009620862558004206,0.007005900618186123,-0.0019614738224530415,0.009968946284197588,-0.0009403786552566462,-0.0017757223293337066,0.01781972086914768,0.08043180795588936,2010-10-19,0.004526812809752312,-0.0017927030107634523,0.014496403967814153,-0.018935589489792015,-0.02675197632805032,-0.06582624301510592,0.03201896537196092,-0.07168889764610453
2010-09-28,0.3622943197375559,0.3736745408519102,0.011380221114354352,224408,619408,0.004526812809752312,0.01775291503232975,0.3146953358535589,0.34340775131468887,0.028712415461129952,48532,154219,-0.0017927030107634523,0.014185750202702243,2010-09-28,0.014496403967814153,-0.018935589489792015,0.04618110726732372,-0.07130843329824854,0.03343199345760617,0.006319515820515764,0.004526812809752312,-0.009620862558004206,0.007005900618186123,-0.0019614738224530415,-0.0017927030107634523,-0.0009403786552566462,-0.0017757223293337066,0.01781972086914768,2010-10-26,-0.007928502276878358,-0.00832617841198452,0.02426333654302759,-0.023877942020201104,-0.03635148403801247,-0.07796504431218096,0.023423220359708452,-0.0659339100905294
2010-10-05,0.3543658174606775,0.36788646865542024,0.013520651194742743,218716,617204,-0.007928502276878358,-0.009189419574819828,0.3063691574415744,0.33364724272242724,0.027278085280852807,47823,156096,-0.00832617841198452,-0.004597358302154728,2010-10-05,0.02426333654302759,-0.023877942020201104,0.06537869950014485,-0.07779098759631076,0.048141278563228695,0.00039767613510616195,-0.007928502276878358,0.004526812809752312,-0.009620862558004206,0.007005900618186123,-0.00832617841198452,-0.0017927030107634523,-0.0009403786552566462,-0.0017757223293337066,2010-11-02,0.008978666966187654,-0.036154180498013944,0.007377870893119365,-0.01475672010411122,-0.03806567240447428,-0.0884762852144842,0.01138618599569341,-0.07312277989238947
2010-10-12,0.3633444844268652,0.37951302925783037,0.016168544830965213,223959,616382,0.008978666966187654,0.008494760241346459,0.27021497694356045,0.29932454374228745,0.029109566798727025,41605,153970,-0.036154180498013944,-0.03983446084460845,2010-10-12,0.007377870893119365,-0.01475672010411122,0.062056081384375794,-0.06822819438342975,0.022134590997230585,0.0451328474642016,0.008978666966187654,-0.007928502276878358,0.004526812809752312,-0.009620862558004206,-0.036154180498013944,-0.00832617841198452,-0.0017927030107634523,-0.0009403786552566462,2010-11-09,-0.03232895382711193,-0.019553181094344008,-0.014118646032000193,-0.014118646032000193,-0.07341756775661296,-0.09971030356837346,0.02713670222709208,-0.10934567844295051
2010-10-19,0.33101553059975325,0.34943056581872617,0.018415035218972895,208747,630626,-0.03232895382711193,-0.024679500699241703,0.25066179584921644,0.2843736764083016,0.03371188055908513,37876,151104,-0.019553181094344008,-0.024219003702019876,2010-10-19,-0.014118646032000193,-0.014118646032000193,0.03201896537196092,-0.07168889764610453,0.0,-0.01277577273276792,-0.03232895382711193,0.008978666966187654,-0.007928502276878358,0.004526812809752312,-0.019553181094344008,-0.036154180498013944,-0.00832617841198452,-0.0017927030107634523,2010-11-16,-0.00507269490020984,-0.013931504307838488,0.005900658955561688,-0.013180601934216885,-0.06965241122287563,-0.10069553979064513,0.006588047455363011,-0.08097047085287024
2010-10-26,0.3259428356995434,0.3452702680461238,0.01932743234658038,198037,607582,-0.00507269490020984,-0.016983124704658546,0.23673029154137795,0.272192443456661,0.03546215191528304,36215,152980,-0.013931504307838488,-0.010992429055484964,2010-10-26,0.005900658955561688,-0.013180601934216885,0.023423220359708452,-0.0659339100905294,0.019081260889778573,0.008858809407628648,-0.00507269490020984,-0.03232895382711193,0.008978666966187654,-0.007928502276878358,-0.013931504307838488,-0.019553181094344008,-0.036154180498013944,-0.00832617841198452,2010-11-23,-0.009642690643340168,-0.018837419314287757,0.01222630217901255,-0.03106681182206117,-0.05293380423716593,-0.07504156215112168,0.026613947166877594,-0.1168018543353031
2010-11-02,0.31630014505620324,0.3422275263955393,0.025927381339336104,195594,618381,-0.009642690643340168,-0.004020856444068455,0.2178928722270902,0.2534403308264989,0.0355474585994087,34565,158633,-0.018837419314287757,-0.010785723624003138,2010-11-02,0.01222630217901255,-0.03106681182206117,0.01138618599569341,-0.07312277989238947,0.04329311400107372,0.009194728670947588,-0.009642690643340168,-0.00507269490020984,-0.03232895382711193,0.008978666966187654,-0.018837419314287757,-0.013931504307838488,-0.019553181094344008,-0.036154180498013944,2010-11-30,-0.02637322838595102,-0.04738819885190321,0.023128387124518035,-0.050979618654672265,-0.02408709449285157,-0.011454488282490932,0.02187383419519584,-0.09924022176583724
2010-11-09,0.2899269166702522,0.3197057612283408,0.029778844558088647,188674,650764,-0.02637322838595102,-0.01119051199826644,0.170504673375187,0.2095666739122096,0.03906200053702259,26670,156418,-0.04738819885190321,-0.04976896358260891,2010-11-09,0.023128387124518035,-0.050979618654672265,0.02713670222709208,-0.10934567844295051,0.0741080057791903,0.021014970465952187,-0.02637322838595102,-0.009642690643340168,-0.00507269490020984,-0.03232895382711193,-0.04738819885190321,-0.018837419314287757,-0.013931504307838488,-0.019553181094344008,2010-12-07,-0.028563797293374604,-0.02053841731661568,-0.03466730080372926,0.014256561558080083,0.007865446889002425,0.024149403254556973,0.006689015159494716,-0.06337278914251199
2010-11-16,0.2613631193768776,0.28839803274059317,0.027034913363715517,166602,637435,-0.028563797293374604,-0.03391705748935098,0.1499662560585713,0.1931039654243897,0.04313770936581841,21999,146693,-0.02053841731661568,-0.029862292063573246,2010-11-16,-0.03466730080372926,0.014256561558080083,0.006588047455363011,-0.08097047085287024,-0.048923862361809345,-0.008025379976758923,-0.028563797293374604,-0.02637322838595102,-0.009642690643340168,-0.00507269490020984,-0.02053841731661568,-0.04738819885190321,-0.018837419314287757,-0.013931504307838488,2010-12-14,0.011645912085499865,0.011722473331684968,0.02592655866707627,-0.04901198541664975,0.022206094213592098,0.03923040919941018,0.03900918760966299,-0.10564143317276997
2010-11-23,0.2730090314623775,0.2973637893600894,0.024354757897711944,170006,622712,0.011645912085499865,0.005340152329257101,0.16168872939025627,0.19194230964552933,0.030253580255273048,23879,147685,0.011722473331684968,0.012815880785040867,2010-11-23,0.02592655866707627,-0.04901198541664975,0.026613947166877594,-0.1168018543353031,0.07493854408372602,-7.656124618510285e-05,0.011645912085499865,-0.028563797293374604,-0.02637322838595102,-0.009642690643340168,0.011722473331684968,-0.02053841731661568,-0.04738819885190321,-0.018837419314287757,2010-12-21,0.01920401910097419,0.04474965455434299,0.007486189207330796,-0.013505179252595312,-0.0021946299424498994,0.02334901425341368,0.006747540708815336,-0.05704632621197181
2010-11-30,0.2922130505633517,0.31199617434075694,0.019783123777405282,175374,600158,0.01920401910097419,0.008620357404385976,0.20643838394459926,0.22288735832475834,0.016448974380159083,27485,133139,0.04474965455434299,0.024416833124555642,2010-11-30,0.007486189207330796,-0.013505179252595312,0.02187383419519584,-0.09924022176583724,0.020991368459926107,-0.025545635453368798,0.01920401910097419,0.011645912085499865,-0.028563797293374604,-0.02637322838595102,0.04474965455434299,0.011722473331684968,-0.02053841731661568,-0.04738819885190321,2010-12-28,0.005579312995902974,-0.011784307314855302,0.00794356808881691,-0.015112186031347008,-0.0097625467701844,-0.009147239931490025,0.013204439622503727,-0.060200457065374025
2010-12-07,0.29779236355925465,0.3151125188856787,0.017320155326424048,179757,603632,0.005579312995902974,0.0073030768564278075,0.19465407662974396,0.2141637915380425,0.019509714908298528,26799,137675,-0.011784307314855302,-0.0051525097830087355,2010-12-07,0.00794356808881691,-0.015112186031347008,0.006689015159494716,-0.06337278914251199,0.023055754120163918,0.017363620310758276,0.005579312995902974,0.01920401910097419,0.011645912085499865,-0.028563797293374604,-0.011784307314855302,0.04474965455434299,0.011722473331684968,-0.02053841731661568,2011-01-04,-0.014223149968784932,-0.005457411371762477,-0.00234712835356099,-0.0280120824721779,-0.034323624263964125,-0.021961260539888477,-0.012903404835907573,-0.04789647843704836
2010-12-14,0.2835692135904697,0.30370872375776087,0.02013951016729112,168625,594652,-0.014223149968784932,-0.01844169957855117,0.18919666525798148,0.21419954665949517,0.025002881401513695,24623,130145,-0.005457411371762477,-0.015805338659887418,2010-12-14,-0.00234712835356099,-0.0280120824721779,0.03900918760966299,-0.10564143317276997,0.02566495411861691,-0.008765738597022454,-0.014223149968784932,0.005579312995902974,0.01920401910097419,0.011645912085499865,-0.005457411371762477,-0.011784307314855302,0.04474965455434299,0.011722473331684968,2011-01-11,-0.012754812070542132,-0.004158921614311528,-0.00633508823377138,-0.0004168784558515881,-0.046301307051813956,-0.014907618746182988,-0.009369569675895306,-0.012142532468091272
2010-12-21,0.2708144015199276,0.2961264865589135,0.025312085038985938,157650,582133,-0.012754812070542132,-0.018456172685873417,0.18503774364366996,0.2083374018853044,0.023299658241634432,24635,133135,-0.004158921614311528,9.220484843828038e-05,2010-12-21,-0.00633508823377138,-0.0004168784558515881,0.006747540708815336,-0.05704632621197181,-0.005918209777919792,-0.008595890456230604,-0.012754812070542132,-0.014223149968784932,0.005579312995902974,0.01920401910097419,-0.004158921614311528,-0.005457411371762477,-0.011784307314855302,0.04474965455434299,2011-01-18,0.01163610227323969,0.012253400369439282,0.013943088121019187,-0.016659310105997527,-0.044151001092594594,-0.027418432790528247,-0.014065457175198581,0.0031915225717109585
2010-12-28,0.2824505037931673,0.304237245369981,0.02178674157681374,167914,594490,0.01163610227323969,0.01763170959213788,0.19729114401310924,0.21947824069374555,0.02218709668063632,27210,137918,0.012253400369439282,0.019341270139332258,2010-12-28,0.013943088121019187,-0.016659310105997527,0.013204439622503727,-0.060200457065374025,0.030602398227016714,-0.0006172980961995922,0.01163610227323969,-0.012754812070542132,-0.014223149968784932,0.005579312995902974,0.012253400369439282,-0.004158921614311528,-0.005457411371762477,-0.011784307314855302,2011-01-25,-0.018981764497876752,-0.024598327923253754,-0.01816427636959439,-0.0028082074030213455,-0.009319747163842318,-0.043269312009340144,-0.05328205372621042,0.06522088885522326
2011-01-04,0.2634687392952905,0.2907428625426712,0.02727412324738067,156135,592613,-0.018981764497876752,-0.019813621759827753,0.17269281608985548,0.20803908537876742,0.035346269288911936,23647,136931,-0.024598327923253754,-0.025834191331080787,2011-01-04,-0.01816427636959439,-0.0028082074030213455,-0.012903404835907573,-0.04789647843704836,-0.015356068966573044,0.0056165634253770025,-0.018981764497876752,0.01163610227323969,-0.012754812070542132,-0.014223149968784932,-0.024598327923253754,0.012253400369439282,-0.004158921614311528,-0.005457411371762477,2011-02-01,-0.026200832756634762,0.0015962304219430123,0.0011867068064512765,0.007741863496779189,0.0038268513957122052,0.020200301312588514,-0.0297517474345268,0.012748031000918036
2011-01-11,0.23726790653865576,0.27330115492052587,0.036033248381870144,139556,588179,-0.026200832756634762,-0.02797609907308817,0.1742890465117985,0.1996464487167262,0.02535740220492771,23761,136331,0.0015962304219430123,0.0008325360948214795,2011-01-11,0.0011867068064512765,0.007741863496779189,-0.009369569675895306,-0.012142532468091272,-0.006555156690327912,-0.027797063178577774,-0.026200832756634762,-0.018981764497876752,0.01163610227323969,-0.012754812070542132,0.0015962304219430123,-0.024598327923253754,0.012253400369439282,-0.004158921614311528,2011-02-08,-0.01060450611132277,-0.016669735658656787,-0.011030975733074655,0.014917176583950642,0.06395671184573348,0.04629756438534946,-0.013206715007284764,-0.03883600149161026
2011-01-18,0.226663400427333,0.27067937778140694,0.044015977354073955,133240,587832,-0.01060450611132277,-0.01073822764838595,0.1576193108531417,0.18743320434862723,0.029813893495485536,21385,135675,-0.016669735658656787,-0.017428171142293388,2011-01-18,-0.011030975733074655,0.014917176583950642,-0.014065457175198581,0.0031915225717109585,-0.025948152317025297,0.006065229547334017,-0.01060450611132277,-0.026200832756634762,-0.018981764497876752,0.01163610227323969,-0.016669735658656787,0.0015962304219430123,-0.024598327923253754,0.012253400369439282,2011-02-15,0.046467356201991966,-0.003597478849372615,-0.025273508429992653,0.04537005617751477,0.09917504721656309,0.07562996011543346,0.0040389625381758165,-0.05961107808960264
2011-01-25,0.27313075662932496,0.317286734236148,0.044155977606823084,138217,506047,0.046467356201991966,0.008466704772792226,0.1540218320037691,0.19613667760662468,0.04211484560285557,19288,125229,-0.003597478849372615,-0.015456053067993367,2011-01-25,-0.025273508429992653,0.04537005617751477,-0.05328205372621042,0.06522088885522326,-0.07064356460750743,0.05006483505136458,0.046467356201991966,-0.01060450611132277,-0.026200832756634762,-0.018981764497876752,-0.003597478849372615,-0.016669735658656787,0.0015962304219430123,-0.024598327923253754,2011-02-22,-0.005835165938322229,0.038871285398674904,0.005366029922089233,-0.05528106525732657,0.06234549501620129,0.0757500022831269,0.046481486745302725,-0.16044275749554027
2011-02-01,0.2672955906910027,0.31438280259317747,0.047087211902174735,123733,462907,-0.005835165938322229,-0.02862184737781273,0.192893117402444,0.21431593062328894,0.02142281322084494,24167,125287,0.038871285398674904,0.03896062413658178,2011-02-01,0.005366029922089233,-0.05528106525732657,-0.0297517474345268,0.012748031000918036,0.0606470951794158,-0.04470645133699713,-0.005835165938322229,0.046467356201991966,-0.01060450611132277,-0.026200832756634762,0.038871285398674904,-0.003597478849372615,-0.016669735658656787,0.0015962304219430123,2011-03-01,0.033929027693386515,0.027693493494703958,0.01773173923369331,-0.04384216899574911,0.0987801309289002,0.047559895071599106,0.06818721429566565,-0.1267915493919971
2011-02-08,0.30122461838438924,0.34001519863595436,0.0387905802515651,141509,469779,0.033929027693386515,0.038400801888932336,0.22058661089714796,0.24158854761150836,0.021001936714360406,29955,135797,0.027693493494703958,0.046197929553744604,2011-02-08,0.01773173923369331,-0.04384216899574911,-0.013206715007284764,-0.03883600149161026,0.06157390822944242,0.006235534198682557,0.033929027693386515,-0.005835165938322229,0.046467356201991966,-0.01060450611132277,0.027693493494703958,0.038871285398674904,-0.003597478849372615,-0.016669735658656787,2011-03-08,0.024613829259506836,0.012662660071427218,0.0062147018123859255,-0.005857900014041739,0.06487568168509644,0.022609253806751356,0.04565931589559469,-0.12569365225278473
2011-02-15,0.3258384476438961,0.35155330678469193,0.025714859140795826,154234,473345,0.024613829259506836,0.027087204834613722,0.23324927096857517,0.2503993528783996,0.01715008190982442,34314,147113,0.012662660071427218,0.032099383638813817,2011-02-15,0.0062147018123859255,-0.005857900014041739,0.0040389625381758165,-0.05961107808960264,0.012072601826427665,0.011951169188079619,0.024613829259506836,0.033929027693386515,-0.005835165938322229,0.046467356201991966,0.012662660071427218,0.027693493494703958,0.038871285398674904,-0.003597478849372615,2011-03-15,0.009637804001630168,-0.0034774366816791857,0.017169015777134256,-0.05546162322842285,0.021250728344759995,-0.005207703747975384,0.017022339713978596,-0.09660393852070026
2011-02-22,0.33547625164552625,0.3686018652948803,0.03312561364935404,168449,502119,0.009637804001630168,0.030030949941374684,0.229771834286896,0.2536706417591508,0.023898807472254775,33333,145070,-0.0034774366816791857,-0.006668343382297962,2011-02-22,0.017169015777134256,-0.05546162322842285,0.046481486745302725,-0.16044275749554027,0.07263063900555711,0.013115240683309354,0.009637804001630168,0.024613829259506836,0.033929027693386515,-0.005835165938322229,-0.0034774366816791857,0.012662660071427218,0.027693493494703958,0.038871285398674904,2011-03-22,0.03059946997437668,0.010681178187147117,0.027071757472452163,-0.021629857153783405,0.015857687949587806,0.002770742999335163,0.020048683449378046,-0.07678214436989128
2011-03-01,0.3660757216199029,0.3865397142990089,0.020463992679105984,188816,515784,0.03059946997437668,0.040562097829399006,0.2404530124740431,0.2639136389743892,0.023460626500346093,32654,135802,0.010681178187147117,-0.004680499069414765,2011-03-01,0.027071757472452163,-0.021629857153783405,0.06818721429566565,-0.1267915493919971,0.04870161462623557,0.019918291787229564,0.03059946997437668,0.009637804001630168,0.024613829259506836,0.033929027693386515,0.010681178187147117,-0.0034774366816791857,0.012662660071427218,0.027693493494703958,2011-03-29,2.4578449582757234e-05,0.0027428522298562075,-0.004796159166377656,-0.04274427185653673,0.022914436624472567,-0.01587435470358256,-0.013082360457022268,-0.07878272050350521
2011-03-08,0.3661003000694857,0.3830971208080526,0.016996820738566887,188620,515214,2.4578449582757234e-05,-0.0003800040326958572,0.2431958647038993,0.27203056523204855,0.02883470052814923,32463,133485,0.0027428522298562075,-0.001406459404132487,2011-03-08,-0.004796159166377656,-0.04274427185653673,0.04565931589559469,-0.12569365225278473,0.037948112690159075,-0.0027182737802734502,2.4578449582757234e-05,0.03059946997437668,0.009637804001630168,0.024613829259506836,0.0027428522298562075,0.010681178187147117,-0.0034774366816791857,0.012662660071427218,2011-04-05,-0.01901112408082961,-0.015154297483299523,-0.022422274369230166,0.023231813718042726,0.04001339148734828,-0.02663513246277438,0.019118612300016657,-0.06689738131323608
2011-03-15,0.3470891759886561,0.37022609106664567,0.023136915077989602,176238,507760,-0.01901112408082961,-0.024032732029797325,0.2280415672205998,0.25476970514550007,0.026728137924900308,30766,134914,-0.015154297483299523,-0.012713038918230514,2011-03-15,-0.022422274369230166,0.023231813718042726,0.017022339713978596,-0.09660393852070026,-0.04565408808727289,-0.0038568265975300886,-0.01901112408082961,2.4578449582757234e-05,0.03059946997437668,0.009637804001630168,-0.015154297483299523,0.0027428522298562075,0.010681178187147117,-0.0034774366816791857,2011-04-12,0.00424476360645798,0.004501010065631361,0.020195359512533706,-0.03563982907761387,0.04505565252178634,-0.03937771154907149,0.038438561430417906,-0.1126044623811131
2011-03-22,0.35133393959511405,0.36122726763838775,0.009893328043273735,178875,509131,0.00424476360645798,0.005193398455963448,0.23254257728623115,0.25365473424125656,0.021112156955025444,31623,135988,0.004501010065631361,0.006352194731458559,2011-03-22,0.020195359512533706,-0.03563982907761387,0.020048683449378046,-0.07678214436989128,0.05583518859014758,-0.0002562464591733815,0.00424476360645798,-0.01901112408082961,2.4578449582757234e-05,0.03059946997437668,0.004501010065631361,-0.015154297483299523,0.0027428522298562075,0.010681178187147117,2011-04-19,0.03765621864926144,-0.007963919515770607,-0.006059286433948152,-0.023630433287397334,0.0422687640219776,-0.04740797344158945,0.04829340186253628,-0.1422478653440442
2011-03-29,0.3889901582443755,0.3983441952337696,0.009354036989394151,191417,492087,0.03765621864926144,0.024634131490716533,0.22457865777046054,0.24840056034545008,0.02382190257498953,31101,138486,-0.007963919515770607,-0.003838573991822808,2011-03-29,-0.006059286433948152,-0.023630433287397334,-0.013082360457022268,-0.07878272050350521,0.017571146853449182,0.04562013816503205,0.03765621864926144,0.00424476360645798,-0.01901112408082961,2.4578449582757234e-05,-0.007963919515770607,0.004501010065631361,-0.015154297483299523,0.0027428522298562075,2011-04-26,0.017123533312458472,-0.008017925529335612,0.02740481359066127,-0.030858932666267602,-0.007166386051789486,-0.062426865889561145,0.05743169733695819,-0.13920949936592297
2011-04-05,0.40611369155683397,0.4185391271544102,0.012425435597576215,206694,508956,0.017123533312458472,0.03104532328632945,0.21656073224112493,0.24961367148441052,0.033052939243285576,30971,143013,-0.008017925529335612,-0.0009387230478171078,2011-04-05,0.02740481359066127,-0.030858932666267602,0.019118612300016657,-0.06689738131323608,0.05826374625692887,0.025141458841794084,0.017123533312458472,0.03765621864926144,0.00424476360645798,-0.01901112408082961,-0.008017925529335612,-0.007963919515770607,0.004501010065631361,-0.015154297483299523,2011-05-03,-0.013968863046391555,-0.027896876569596635,-0.003102325238828918,-0.022475267349834294,-0.0368441016670531,-0.0391857635131575,0.053655876719747475,-0.0031257612026571735
2011-04-12,0.3921448285104424,0.4053714425555139,0.013226614045071484,201904,514871,-0.013968863046391555,-0.009411422598417152,0.1886638556715283,0.22408930669800234,0.03542545102647404,27294,144670,-0.027896876569596635,-0.025710949354254508,2011-04-12,-0.003102325238828918,-0.022475267349834294,0.038438561430417906,-0.1126044623811131,0.019372942111005376,0.01392801352320508,-0.013968863046391555,0.017123533312458472,0.03765621864926144,0.00424476360645798,-0.027896876569596635,-0.008017925529335612,-0.007963919515770607,0.004501010065631361,2011-05-10,0.0014578751066492424,-0.003529251826886598,0.03005019994465208,-0.06528323204054498,-0.03739888074203657,-0.04735396470768749,0.04345952390384333,0.0844520712736605
2011-04-19,0.39360270361709165,0.4019790090455176,0.008376305428425901,211737,537946,0.0014578751066492424,0.019097987651275756,0.1851346038446417,0.22962319200446954,0.04448858815982784,26841,144981,-0.003529251826886598,-0.0031312642565839498,2011-04-19,0.03005019994465208,-0.06528323204054498,0.04829340186253628,-0.1422478653440442,0.09533343198519706,0.00498712693353584,0.0014578751066492424,-0.013968863046391555,0.017123533312458472,0.03765621864926144,-0.003529251826886598,-0.027896876569596635,-0.008017925529335612,-0.007963919515770607,2011-05-17,-0.011778931424505645,-0.0229828119637423,0.003079009040473757,-0.020592067309276096,-0.052282421743274965,-0.05592901774501349,-0.008187937099784826,0.2537810520489576
2011-04-26,0.381823772192586,0.3914044049406563,0.009580632748070292,202417,530132,-0.011778931424505645,-0.01732515903083209,0.1621517918808994,0.2130444185543564,0.050892626673457,23243,143341,-0.0229828119637423,-0.024817044992102414,2011-04-26,0.003079009040473757,-0.020592067309276096,0.05743169733695819,-0.13920949936592297,0.023671076349749853,0.011203880539236655,-0.011778931424505645,0.0014578751066492424,-0.013968863046391555,0.017123533312458472,-0.0229828119637423,-0.003529251826886598,-0.027896876569596635,-0.008017925529335612,2011-05-24,-0.01255418230280514,0.015223176847068032,0.023628992973450558,0.1052248054969982,-0.048806715827512004,-0.05127407863076554,0.014984797092341573,0.22274642306730863
2011-05-03,0.36926958988978087,0.3898430664550479,0.020573476565267087,192878,522323,-0.01255418230280514,-0.017993631774727802,0.17737496872796743,0.2158035585677788,0.03842858983981138,23397,131907,0.015223176847068032,0.0010743611388228072,2011-05-03,0.023628992973450558,0.1052248054969982,0.053655876719747475,-0.0031257612026571735,-0.08159581252354764,-0.02777735914987317,-0.01255418230280514,-0.011778931424505645,0.0014578751066492424,-0.013968863046391555,0.015223176847068032,-0.0229828119637423,-0.003529251826886598,-0.027896876569596635,2011-05-31,-0.014523642121375024,-0.036065077764126624,-0.01329867805473306,0.06510256512648338,0.004314375008503957,-0.05959551765931377,-0.001602601102486112,0.0746687686033165
2011-05-10,0.35474594776840584,0.37525164118074844,0.02050569341234262,180974,510151,-0.014523642121375024,-0.022790495536286932,0.1413098909638408,0.18010798384289728,0.03879809287905648,17457,123537,-0.036065077764126624,-0.04503172689849667,2011-05-10,-0.01329867805473306,0.06510256512648338,0.04345952390384333,0.0844520712736605,-0.07840124318121644,0.0215414356427516,-0.014523642121375024,-0.01255418230280514,-0.011778931424505645,0.0014578751066492424,-0.036065077764126624,0.015223176847068032,-0.0229828119637423,-0.003529251826886598,2011-06-07,-0.013425665894589156,-0.0121043048642126,-0.02159726105897608,0.10404574873475214,0.03523834295475847,-0.017125751877605025,0.016895040776410575,0.05492247813747131
2011-05-17,0.3413202818738167,0.3569026875427171,0.015582405668900394,173788,509164,-0.013425665894589156,-0.01408602551009407,0.1292055860996282,0.17526013291523534,0.046054546815607146,15534,120227,-0.0121043048642126,-0.015566186648534448,2011-05-17,-0.02159726105897608,0.10404574873475214,-0.008187937099784826,0.2537810520489576,-0.12564300979372822,-0.0013213610303765555,-0.013425665894589156,-0.014523642121375024,-0.01255418230280514,-0.011778931424505645,-0.0121043048642126,-0.036065077764126624,0.015223176847068032,-0.0229828119637423,2011-06-14,-0.008303225508742684,-0.018327872849494345,0.026251743232600155,-0.05162669629092509,0.03592669470218074,-0.0034546142537099644,0.026790004919100774,-0.01985357541920285
2011-05-24,0.333017056365074,0.3604823223765955,0.02746526601152152,176892,531180,-0.008303225508742684,0.006096267607293524,0.11087771325013386,0.1652044977140739,0.05432678446394003,13460,121395,-0.018327872849494345,-0.017250700757733287,2011-05-24,0.026251743232600155,-0.05162669629092509,0.014984797092341573,0.22274642306730863,0.07787843952352524,0.01002464734075166,-0.008303225508742684,-0.013425665894589156,-0.014523642121375024,-0.01255418230280514,-0.018327872849494345,-0.0121043048642126,-0.036065077764126624,0.015223176847068032,2011-06-21,0.04056690853321082,0.006901737818519799,0.007041594778622873,-0.04285284896699393,0.06747341383391009,0.039723594156842304,0.014498321339928566,0.021793587720718488
2011-05-31,0.3735839648982848,0.39372955723972874,0.020145592341443957,187315,501400,0.04056690853321082,0.019622350239090328,0.11777945106865366,0.16517587482313223,0.047396423754478584,14234,120853,0.006901737818519799,0.006375880390460892,2011-05-31,0.007041594778622873,-0.04285284896699393,-0.001602601102486112,0.0746687686033165,0.0498944437456168,0.03366517071469102,0.04056690853321082,-0.008303225508742684,-0.013425665894589156,-0.014523642121375024,0.006901737818519799,-0.018327872849494345,-0.0121043048642126,-0.036065077764126624,2011-06-28,0.01640032582487949,0.006404688017582122,0.005198963824163627,0.045356274660638185,-0.03154213425811747,-0.0020880314937389427,-0.022983260132642513,0.10751318821483924
2011-06-07,0.3899842907231643,0.4052117367611015,0.015227446037937206,195870,502251,0.01640032582487949,0.01706222576785002,0.12418413908623578,0.16481421887763942,0.04063007979140365,15050,121191,0.006404688017582122,0.006752004501336334,2011-06-07,0.005198963824163627,0.045356274660638185,0.016895040776410575,0.05492247813747131,-0.04015731083647456,0.00999563780729737,0.01640032582487949,0.04056690853321082,-0.008303225508742684,-0.013425665894589156,0.006404688017582122,0.006901737818519799,-0.018327872849494345,-0.0121043048642126,2011-07-05,-0.01273731414716689,0.00156683275968246,-0.011702296916285881,0.02926969517807798,-0.0522360680445032,0.026870682892892503,-0.0187221926046508,0.023404117114866896
2011-06-14,0.37724697657599743,0.3966189883080879,0.019372011732090483,187786,497780,-0.01273731414716689,-0.016095537888426305,0.12575097184591824,0.1673678541978695,0.04161688235195127,14945,118846,0.00156683275968246,-0.0008664009703690869,2011-06-14,-0.011702296916285881,0.02926969517807798,0.026790004919100774,-0.01985357541920285,-0.04097199209436386,-0.01430414690684935,-0.01273731414716689,0.01640032582487949,0.04056690853321082,-0.008303225508742684,0.00156683275968246,0.006404688017582122,0.006901737818519799,-0.018327872849494345,2011-07-12,0.023243493622986666,0.024850335561057924,0.013960059653427948,-0.00997953315100375,0.005498572268489932,0.03673850020514785,0.027204478035230295,0.012033080639886506
2011-06-21,0.4004904701989841,0.41450945213352597,0.01401898193454184,206259,515016,0.023243493622986666,0.037110771826911484,0.15060130740697616,0.1823217285716662,0.03172042116469003,18108,120238,0.024850335561057924,0.02661427393433519,2011-06-21,0.013960059653427948,-0.00997953315100375,0.014498321339928566,0.021793587720718488,0.023939592804431697,-0.0016068419380712573,0.023243493622986666,-0.01273731414716689,0.01640032582487949,0.04056690853321082,0.024850335561057924,0.00156683275968246,0.006404688017582122,0.006901737818519799,2011-07-19,-0.05844863955881674,-0.03490988783206145,-0.030439986693948207,0.04286675152712682,-0.012748049364897873,0.03877963553218711,0.02554005089688971,-0.042494888258153285
2011-06-28,0.34204183064016735,0.360665724008141,0.018623893367973682,169571,495761,-0.05844863955881674,-0.07123662177485748,0.11569141957491472,0.1633691944371556,0.04767777486224088,13227,114330,-0.03490988783206145,-0.04059448759959414,2011-06-28,-0.030439986693948207,0.04286675152712682,-0.022983260132642513,0.10751318821483924,-0.07330673822107503,-0.02353875172675529,-0.05844863955881674,0.023243493622986666,-0.01273731414716689,0.01640032582487949,-0.03490988783206145,0.024850335561057924,0.00156683275968246,0.006404688017582122,2011-07-26,-0.004293607961506241,0.03536340240421357,0.00946003135215534,-0.03875279643933416,0.05594383075857329,0.09168879002169963,0.07588915808117136,-0.11372893106879722
2011-07-05,0.3377482226786611,0.3547884569053171,0.017040234226655942,165423,489782,-0.004293607961506241,-0.00836693487386059,0.15105482197912828,0.18383654978382216,0.03278172780469389,16805,111251,0.03536340240421357,0.03129537304294586,2011-07-05,0.00946003135215534,-0.03875279643933416,-0.0187221926046508,0.023404117114866896,0.0482128277914895,-0.03965701036571981,-0.004293607961506241,-0.05844863955881674,0.023243493622986666,-0.01273731414716689,0.03536340240421357,-0.03490988783206145,0.024850335561057924,0.00156683275968246,2011-08-02,0.044997326165826246,0.011434650071937807,0.034224373723595214,0.017898658703097592,0.09448204424464685,0.06110616153210652,0.08991982383551367,-0.04972907787868497
2011-07-12,0.38274554884448736,0.40058092817790014,0.01783537933341279,199105,520202,0.044997326165826246,0.06876937086295536,0.1624894720510661,0.1946983465579148,0.03220887450684871,18328,112795,0.011434650071937807,0.01368976458638574,2011-07-12,0.034224373723595214,0.017898658703097592,0.027204478035230295,0.012033080639886506,0.016325715020497622,0.03356267609388844,0.044997326165826246,-0.004293607961506241,-0.05844863955881674,0.023243493622986666,0.011434650071937807,0.03536340240421357,-0.03490988783206145,0.024850335561057924,2011-08-09,0.004996871989598861,0.02689147088809718,0.012295632515087362,-0.06450750204904354,-0.007595859394972149,0.00233858408190038,0.09865480906553614,0.06733236801332776
2011-07-19,0.3877424208340862,0.40586198376670074,0.018119562932614474,210289,542342,0.004996871989598861,0.021499340640751093,0.18938094293916327,0.2239329649393529,0.034552022000189656,21968,115999,0.02689147088809718,0.03227093399530121,2011-07-19,0.012295632515087362,-0.06450750204904354,0.02554005089688971,-0.042494888258153285,0.0768031345641309,-0.02189459889849832,0.004996871989598861,0.044997326165826246,-0.004293607961506241,-0.05844863955881674,0.02689147088809718,0.011434650071937807,0.03536340240421357,-0.03490988783206145,2011-08-16,0.010243240564654421,0.01799926665745108,0.019909120490333443,-0.028367291283517115,0.0010385138740581779,-0.009219400963248026,0.11736622998541435,0.09088491891151129
2011-07-26,0.39798566139874064,0.41299160785454114,0.015005946455800497,213501,536454,0.010243240564654421,0.005922462210192093,0.20738020959661435,0.23908734307436247,0.03170713347774813,24795,119563,0.01799926665745108,0.02437089974913577,2011-07-26,0.019909120490333443,-0.028367291283517115,0.07588915808117136,-0.11372893106879722,0.04827641177385056,-0.0077560260927966584,0.010243240564654421,0.004996871989598861,0.044997326165826246,-0.004293607961506241,0.01799926665745108,0.02689147088809718,0.011434650071937807,0.03536340240421357,2011-08-23,0.03424460552456732,0.004780773914620451,0.02349069710649765,0.025247056750778096,-0.03409782366317721,0.00850319459619961,0.1187895833922088,0.10040849772019067
2011-08-02,0.43223026692330796,0.4492739935361152,0.017043726612807255,228824,529403,0.03424460552456732,0.028563492862388948,0.2121609835112348,0.24821198654317397,0.03605100303193919,25541,120385,0.004780773914620451,0.006239388439567424,2011-08-02,0.02349069710649765,0.025247056750778096,0.08991982383551367,-0.04972907787868497,-0.0017563596442804474,0.029463831609946867,0.03424460552456732,0.010243240564654421,0.004996871989598861,0.044997326165826246,0.004780773914620451,0.01799926665745108,0.02689147088809718,0.011434650071937807,2011-08-30,-0.05708057747379275,-0.04733292737826833,0.04295935895361769,0.13496010459511032,-0.07279053677012515,0.005494188902558289,0.10331534268930742,0.0888548109250924
2011-08-09,0.3751496894495152,0.39453925048459204,0.01938956103507682,191410,510223,-0.05708057747379275,-0.0706720589040863,0.16482805613296647,0.20813531253503997,0.0433072564020735,19110,115939,-0.04733292737826833,-0.05342027661253478,2011-08-09,0.04295935895361769,0.13496010459511032,0.09865480906553614,0.06733236801332776,-0.09200074564149263,-0.009747650095524418,-0.05708057747379275,0.03424460552456732,0.010243240564654421,0.004996871989598861,-0.04733292737826833,0.004780773914620451,0.01799926665745108,0.02689147088809718,2011-09-06,0.013631245258629188,0.015333485842948774,0.03100705343496557,-0.04095495115086001,-0.01551437927970628,0.06792851289805188,0.08135116261624908,-0.041071109365898195
2011-08-16,0.3887809347081444,0.4148183160314876,0.026037381323343194,199875,514107,0.013631245258629188,0.01659078481369911,0.18016154197591525,0.21328885325885508,0.033127311282939824,20900,116007,0.015333485842948774,0.015439153347881214,2011-08-16,0.03100705343496557,-0.04095495115086001,0.11736622998541435,0.09088491891151129,0.07196200458582558,-0.0017022405843195865,0.013631245258629188,-0.05708057747379275,0.03424460552456732,0.010243240564654421,0.015333485842948774,-0.04733292737826833,0.004780773914620451,0.01799926665745108,2011-09-13,-0.024893096972580964,0.035721862216898714,0.02133247389712789,-0.018843712474837737,-0.04455126208653948,0.039140127559063376,0.026217215302184904,0.004923630615371266
2011-08-23,0.36388783773556344,0.38301294179974266,0.019125104064179218,192322,528520,-0.024893096972580964,-0.014691494183117522,0.21588340419281396,0.24357980464000392,0.027696400447189965,26455,122543,0.035721862216898714,0.047885041419914315,2011-08-23,0.02133247389712789,-0.018843712474837737,0.1187895833922088,0.10040849772019067,0.04017618637196563,-0.06061495918947968,-0.024893096972580964,0.013631245258629188,-0.05708057747379275,0.03424460552456732,0.035721862216898714,0.015333485842948774,-0.04733292737826833,0.004780773914620451,2011-09-20,-0.004448107582380623,0.0017717682209791308,0.008016456403596273,0.013693369955679824,-0.06064726387643288,-0.025487072248084552,-0.010694680549878655,0.034618864839342844
2011-08-30,0.3594397301531828,0.37264738104868,0.013207650895497186,183072,509326,-0.004448107582380623,-0.017501702868387193,0.2176551724137931,0.24420022246941045,0.02654505005561735,24459,112375,0.0017717682209791308,-0.016288160074422856,2011-08-30,0.008016456403596273,0.013693369955679824,0.10331534268930742,0.0888548109250924,-0.005676913552083551,-0.006219875803359753,-0.004448107582380623,-0.024893096972580964,0.013631245258629188,-0.05708057747379275,0.0017717682209791308,0.035721862216898714,0.015333485842948774,-0.04733292737826833,2011-09-27,0.0001955800166261179,0.01510139661722526,0.02099517888055935,0.0050341843041197265,-0.09628692426423235,-0.07694899483032416,-0.10884072917791876,0.1505329973315468
2011-09-06,0.35963531016980893,0.37301593368163977,0.013380623511830825,188195,523294,0.0001955800166261179,0.010058390893062596,0.23275656903101835,0.25432573226736244,0.021569163236344085,26406,113449,0.01510139661722526,0.01732591768631813,2011-09-06,0.02099517888055935,0.0050341843041197265,0.08135116261624908,-0.041071109365898195,0.015960994576439624,-0.014905816600599142,0.0001955800166261179,-0.004448107582380623,-0.024893096972580964,0.013631245258629188,0.01510139661722526,0.0017717682209791308,0.035721862216898714,0.015333485842948774,2011-10-04,-0.01540563754820401,-0.01345489949603973,-0.02412689387909861,0.005039788830409453,-0.0834085409672089,-0.12996928490211884,-0.1486255735710431,0.19577076598929688
2011-09-13,0.3442296726216049,0.3563218166337283,0.01209214401212339,176269,512068,-0.01540563754820401,-0.022790247929462215,0.21930166953497862,0.24362613771445807,0.024324468179479447,24721,112726,-0.01345489949603973,-0.014852488783506245,2011-09-13,-0.02412689387909861,0.005039788830409453,0.026217215302184904,0.004923630615371266,-0.029166682709508063,-0.0019507380521642803,-0.01540563754820401,0.0001955800166261179,-0.004448107582380623,-0.024893096972580964,-0.01345489949603973,0.01510139661722526,0.0017717682209791308,0.035721862216898714,2011-10-11,-0.04098909876247436,-0.028905337590249214,-0.015579421954935668,0.010851521749133841,-0.06570014672509966,-0.1164410304048055,-0.0965991617525308,0.14285425229011084
2011-09-20,0.30324057385913056,0.3198479641778611,0.016607390318730524,151425,499356,-0.04098909876247436,-0.048516993836756055,0.1903963319447294,0.23205444992551494,0.04165811798078553,21344,112103,-0.028905337590249214,-0.029957596295442045,2011-09-20,-0.015579421954935668,0.010851521749133841,-0.010694680549878655,0.034618864839342844,-0.02643094370406951,-0.01208376117222515,-0.04098909876247436,-0.01540563754820401,0.0001955800166261179,-0.004448107582380623,-0.028905337590249214,-0.01345489949603973,0.01510139661722526,0.0017717682209791308,2011-10-18,-0.0400877679701801,-0.04969015436126048,-0.09012959222444383,0.12960750244788377,-0.033904279857453756,-0.09834644659588995,-0.08262503596047743,0.1319920524098399
2011-09-27,0.26315280588895046,0.29243426282836354,0.029281456939413083,122475,465414,-0.0400877679701801,-0.05797467137673323,0.14070617758346893,0.17686788087909502,0.03616170329562609,14354,102014,-0.04969015436126048,-0.06235337145303872,2011-09-27,-0.09012959222444383,0.12960750244788377,-0.10884072917791876,0.1505329973315468,-0.2197370946723276,0.00960238639108038,-0.0400877679701801,-0.04098909876247436,-0.01540563754820401,0.0001955800166261179,-0.04969015436126048,-0.028905337590249214,-0.01345489949603973,0.01510139661722526,2011-10-25,0.013073963313649573,-0.037918893454569405,-0.018789665512565,0.050271952961869815,0.022092718909178077,-0.03970305801236325,0.03041121757130938,-0.009216615931291638
2011-10-04,0.27622676920260003,0.30513595166163143,0.0289091824590314,120689,436920,0.013073963313649573,-0.003837443652318151,0.10278728412889952,0.1637257423196376,0.060938458190738065,10392,101102,-0.037918893454569405,-0.03883780657556806,2011-10-04,-0.018789665512565,0.050271952961869815,-0.1486255735710431,0.19577076598929688,-0.06906161847443482,0.05099285676821898,0.013073963313649573,-0.0400877679701801,-0.04098909876247436,-0.01540563754820401,-0.037918893454569405,-0.04969015436126048,-0.028905337590249214,-0.01345489949603973,2011-11-01,0.002302756693905228,7.335500127360339e-05,0.0278995179394137,-0.04787672486877659,0.024407222231169923,0.005535697237560103,0.059952757321750205,-0.04564841329950298
2011-10-11,0.27852952589650526,0.30612659499189665,0.027597069095391356,122021,438090,0.002302756693905228,0.003048613018401538,0.10286063913017313,0.16543962767558026,0.06257898854540712,10255,99698,7.335500127360339e-05,-0.001355067159897925,2011-10-11,0.0278995179394137,-0.04787672486877659,-0.0965991617525308,0.14285425229011084,0.07577624280819029,0.0022294016926316246,0.002302756693905228,0.013073963313649573,-0.0400877679701801,-0.04098909876247436,7.335500127360339e-05,-0.037918893454569405,-0.04969015436126048,-0.028905337590249214,2011-11-08,-0.009193231894828457,-0.01081075378133367,-0.001605296162882297,-1.0678131137087377e-05,0.03557940735252374,0.0073225673862206825,0.0681370216734658,-0.012052782382022453
2011-10-18,0.2693362940016768,0.3030984216622234,0.03376212766054658,117899,437739,-0.009193231894828457,-0.009409025542696707,0.09204988534883946,0.15545149336764805,0.06340160801880859,9514,103357,-0.01081075378133367,-0.007432445986880379,2011-10-18,-0.001605296162882297,-1.0678131137087377e-05,-0.08262503596047743,0.1319920524098399,-0.0015946180317452097,0.0016175218865052132,-0.009193231894828457,0.002302756693905228,0.013073963313649573,-0.0400877679701801,-0.01081075378133367,7.335500127360339e-05,-0.037918893454569405,-0.04969015436126048,2011-11-15,0.015909230796451734,0.008953234222266224,0.02290666130734298,-0.011601165893247778,0.0514144127083489,0.03331998063977726,0.06876219051729304,-0.002971891183227715
2011-10-25,0.28524552479812854,0.31993157893550705,0.0346860541373785,126570,443723,0.015909230796451734,0.019808607412179404,0.10100311957110568,0.15758504100274598,0.05658192143164029,10814,107066,0.008953234222266224,0.01257776444749751,2011-10-25,0.02290666130734298,-0.011601165893247778,0.03041121757130938,-0.009216615931291638,0.03450782720059076,0.006955996574185511,0.015909230796451734,-0.009193231894828457,0.002302756693905228,0.013073963313649573,0.008953234222266224,-0.01081075378133367,7.335500127360339e-05,-0.037918893454569405,2011-11-22,0.015388466635641418,0.007319861795353946,0.010751874237875825,0.013840155593658476,0.01598185831605531,0.004065605785418619,-0.0016923472426038089,0.015099120604226357
2011-11-01,0.30063399143376995,0.32745827070643146,0.02682427927266152,133011,442435,0.015388466635641418,0.014515812793116426,0.10832298136645963,0.16374511157119853,0.0554221302047389,11772,108675,0.007319861795353946,0.0089477518539966,2011-11-01,0.010751874237875825,0.013840155593658476,0.059952757321750205,-0.04564841329950298,-0.0030882813557826516,0.008068604840287472,0.015388466635641418,0.015909230796451734,-0.009193231894828457,0.002302756693905228,0.007319861795353946,0.008953234222266224,-0.01081075378133367,7.335500127360339e-05,2011-11-29,0.013474941815259045,0.0018602251499341832,0.036083782291129296,-0.014281093951296064,0.015532331798171373,0.005754565900590369,-0.0029916852648614878,0.03804946252014574
2011-11-08,0.314108933249029,0.3347054294574844,0.02059649620845538,146055,464982,0.013474941815259045,0.02948229683456327,0.11018320651639381,0.15803685589363473,0.0478536493772409,12323,111841,0.0018602251499341832,0.005070163331032896,2011-11-08,0.036083782291129296,-0.014281093951296064,0.0681370216734658,-0.012052782382022453,0.05036487624242536,0.011614716665324862,0.013474941815259045,0.015388466635641418,0.015909230796451734,-0.009193231894828457,0.0018602251499341832,0.007319861795353946,0.008953234222266224,-0.01081075378133367,2011-12-06,0.006641773460996703,0.015186659472222905,-0.0009801273190550575,0.009070213067657651,0.011437932145953011,0.008582731362457408,-0.03131569721300398,0.03149881111881658
2011-11-15,0.3207507067100257,0.3397521732661693,0.019001466556143595,150910,470490,0.006641773460996703,0.010441264393030269,0.1253698659886167,0.16973568720422033,0.0443658212156036,13855,110513,0.015186659472222905,0.013698017721586896,2011-11-15,-0.0009801273190550575,0.009070213067657651,0.06876219051729304,-0.002971891183227715,-0.010050340386712708,-0.008544886011226202,0.006641773460996703,0.013474941815259045,0.015388466635641418,0.015909230796451734,0.015186659472222905,0.0018602251499341832,0.007319861795353946,0.008953234222266224,2011-12-13,-0.019523323595841857,-0.020301140632092415,-0.04754787645255387,0.006469845894206294,-0.023492588266915027,-0.013581764962281917,-0.08993129387195964,0.03119959125482641
2011-11-22,0.30122738311418384,0.3198197212680771,0.018592338153893277,137682,457070,-0.019523323595841857,-0.02811536908329614,0.1050687253565243,0.15918303423370306,0.05411430887717876,11405,108548,-0.020301140632092415,-0.02216933754399935,2011-11-22,-0.04754787645255387,0.006469845894206294,-0.0016923472426038089,0.015099120604226357,-0.054017722346760166,0.0007778170362505582,-0.019523323595841857,0.006641773460996703,0.013474941815259045,0.015388466635641418,-0.020301140632092415,0.015186659472222905,0.0018602251499341832,0.007319861795353946,2011-12-20,0.014938940117757482,0.009008821910525697,0.009452536215618146,0.03679049750957786,-0.03799429419302153,-0.04695574161708872,-0.051704102814193575,0.05125516559389265
2011-11-29,0.3161663232319413,0.33321596687902905,0.017049643647087737,133794,423176,0.014938940117757482,-0.008506355700439758,0.11407754726705,0.17536555543204763,0.061288008164997625,11289,98959,0.009008821910525697,-0.0010686516564100675,2011-11-29,0.009452536215618146,0.03679049750957786,-0.0029916852648614878,0.03804946252014574,-0.02733796129395971,0.005930118207231785,0.014938940117757482,-0.019523323595841857,0.006641773460996703,0.013474941815259045,0.009008821910525697,-0.020301140632092415,0.015186659472222905,0.0018602251499341832,2011-12-27,0.009380542163040684,0.004688390611801221,0.007759770342986805,-0.02083174535262522,-0.06304717871416454,-0.06838216392394036,-0.07443069375337519,0.03297293522906841
2011-12-06,0.325546865394982,0.3463386262400817,0.020791760845099726,137692,422956,0.009380542163040684,0.009211297427075259,0.11876593787885122,0.18213076376405668,0.06336482588520546,11364,95684,0.004688390611801221,0.0007578896310593276,2011-12-06,0.007759770342986805,-0.02083174535262522,-0.03131569721300398,0.03149881111881658,0.028591515695612024,0.004692151551239462,0.009380542163040684,0.014938940117757482,-0.019523323595841857,0.006641773460996703,0.004688390611801221,0.009008821910525697,-0.020301140632092415,0.015186659472222905,2012-01-03,-0.028288746951871335,-0.00697783685251642,-0.05959572397801072,0.008770993203667476,-0.07851597531170282,-0.04080214669109386,-0.07569174739911855,0.02643775988125041
2011-12-13,0.2972581184431107,0.32221492217657743,0.02495680373346676,127137,427699,-0.028288746951871335,-0.024955314500799138,0.1117881010263348,0.1827465899034696,0.07095848887713481,10990,98311,-0.00697783685251642,-0.003908699469085741,2011-12-13,-0.05959572397801072,0.008770993203667476,-0.08993129387195964,0.03119959125482641,-0.0683667171816782,-0.021310910099354916,-0.028288746951871335,0.009380542163040684,0.014938940117757482,-0.019523323595841857,-0.00697783685251642,0.004688390611801221,0.009008821910525697,-0.020301140632092415,2012-01-10,-0.03402502952194836,-0.05367511728689922,-0.009320685394787809,0.026525420233272534,-0.048456305668987204,-0.009895341430762414,0.0011984134872795593,0.02735925555499863
2011-12-20,0.2632330889211623,0.2942793383160356,0.031046249394873247,111470,423465,-0.03402502952194836,-0.03663090163876932,0.058112983739435575,0.17232244353284237,0.11420945979340681,5879,101165,-0.05367511728689922,-0.05198807864837099,2011-12-20,-0.009320685394787809,0.026525420233272534,-0.051704102814193575,0.05125516559389265,-0.03584610562806034,0.019650087764950863,-0.03402502952194836,-0.028288746951871335,0.009380542163040684,0.014938940117757482,-0.05367511728689922,-0.00697783685251642,0.004688390611801221,0.009008821910525697,2012-01-17,-0.010113944403385533,-0.012417600396325945,-0.013274054723563466,0.01850826714475362,-0.012203835482231362,0.05909772737682016,0.02217556108799723,0.007682551400666426
2011-12-27,0.2531191445177768,0.28785162730191316,0.03473248278413634,106043,418945,-0.010113944403385533,-0.012815699054231165,0.04569538334310963,0.16358793380323675,0.11789255046012713,4752,103993,-0.012417600396325945,-0.01114021647803094,2011-12-27,-0.013274054723563466,0.01850826714475362,-0.07443069375337519,0.03297293522906841,-0.03178232186831709,0.002303655992940412,-0.010113944403385533,-0.03402502952194836,-0.028288746951871335,0.009380542163040684,-0.012417600396325945,-0.05367511728689922,-0.00697783685251642,0.004688390611801221,2012-01-24,-0.006088254434497592,0.032268407844647726,0.006498716697243445,-0.02736692070044322,0.021230318754296484,0.09896853318200563,0.04481370105748983,-0.0641999503809112
2012-01-03,0.2470308900832792,0.28813655424960133,0.04110566416632213,104562,423275,-0.006088254434497592,-0.0035350702359498265,0.07796379118775736,0.18260333703700246,0.1046395458492451,8350,107101,0.032268407844647726,0.03459848259017434,2012-01-03,0.006498716697243445,-0.02736692070044322,-0.07569174739911855,0.02643775988125041,0.033865637397686665,-0.03835666227914532,-0.006088254434497592,-0.010113944403385533,-0.03402502952194836,-0.028288746951871335,0.032268407844647726,-0.012417600396325945,-0.05367511728689922,-0.00697783685251642,2012-01-31,0.0017709226908442788,0.023928968407815027,0.01729443690838739,0.009692488877415695,0.09156432600203998,0.09273411636725655,0.0823882962646465,-0.03064300031704681
2012-01-10,0.24880181277412347,0.2847270908755919,0.03592527810146845,103980,417923,0.0017709226908442788,-0.0013749926170929065,0.10189275959557238,0.1883942690114524,0.08650150941588002,10632,104345,0.023928968407815027,0.021306990597660152,2012-01-10,0.01729443690838739,0.009692488877415695,0.0011984134872795593,0.02735925555499863,0.007601948030971695,-0.022158045716970748,0.0017709226908442788,-0.006088254434497592,-0.010113944403385533,-0.03402502952194836,0.023928968407815027,0.032268407844647726,-0.012417600396325945,-0.05367511728689922,2012-02-07,0.002227440664807484,0.015317951520683354,0.011656462205929863,0.006848716078940331,0.10804963690837507,0.11473240076968307,0.06739467389278797,-0.06794229237202165
2012-01-17,0.25102925343893095,0.27858459747064723,0.027555344031716254,108655,432838,0.002227440664807484,0.011186271155212802,0.11721071111625574,0.1893544777559131,0.07214376663965737,12151,103668,0.015317951520683354,0.014557477598351623,2012-01-17,0.011656462205929863,0.006848716078940331,0.02217556108799723,0.007682551400666426,0.004807746126989532,-0.01309051085587587,0.002227440664807484,0.0017709226908442788,-0.006088254434497592,-0.010113944403385533,0.015317951520683354,0.023928968407815027,0.032268407844647726,-0.012417600396325945,2012-02-14,0.023320209833142314,0.027453205408859524,0.009364085245929132,-0.053374234636824,0.09452139550207528,0.10941794095484046,0.04041814546083611,-0.06822578130356582
2012-01-24,0.27434946327207327,0.29860057325914685,0.02425110998707357,117156,427032,0.023320209833142314,0.019640142501351546,0.14466391652511526,0.19471002183935937,0.05004610531424412,14904,103025,0.027453205408859524,0.026555928541112012,2012-01-24,0.009364085245929132,-0.053374234636824,0.04481370105748983,-0.0641999503809112,0.06273831988275314,-0.0041329955757172104,0.023320209833142314,0.002227440664807484,0.0017709226908442788,-0.006088254434497592,0.027453205408859524,0.015317951520683354,0.023928968407815027,0.032268407844647726,2012-02-21,0.0642457528132459,0.026033991029898645,0.044073311904400114,0.006190029363421168,0.07665212209698491,0.08920566559871931,0.05412250589403911,-0.017269921293622037
2012-01-31,0.3385952160853192,0.3526449369961871,0.014049720910867893,143948,425133,0.0642457528132459,0.06274002885029693,0.1706979075550139,0.214089850314997,0.04339194275998309,17368,101747,0.026033991029898645,0.023916525115263286,2012-01-31,0.044073311904400114,0.006190029363421168,0.0823882962646465,-0.03064300031704681,0.037883282540978946,0.03821176178334726,0.0642457528132459,0.023320209833142314,0.002227440664807484,0.0017709226908442788,0.026033991029898645,0.027453205408859524,0.015317951520683354,0.023928968407815027,2012-02-28,0.018256233597179372,0.04592725281024154,0.0023008145365288613,-0.027606803177559147,0.03118918785252367,0.08562405056902594,0.02438865278054969,-0.07994912405460042
2012-02-07,0.35685144968249854,0.37053302175613045,0.0136815720736319,155609,436061,0.018256233597179372,0.027429063375461325,0.21662516036525545,0.24493434457776772,0.028309184212512262,22964,106008,0.04592725281024154,0.0549991645945335,2012-02-07,0.0023008145365288613,-0.027606803177559147,0.06739467389278797,-0.06794229237202165,0.02990761771408801,-0.02767101921306217,0.018256233597179372,0.0642457528132459,0.023320209833142314,0.002227440664807484,0.04592725281024154,0.026033991029898645,0.027453205408859524,0.015317951520683354,2012-03-06,-0.011300800741492312,0.01000349170584075,-0.015320066226022,0.006565227147396158,-0.036848471672395855,-0.021863714538714996,-0.04212415878889875,-0.003817037035214632
2012-02-14,0.34555064894100623,0.3641166702229314,0.018566021281925207,148989,431164,-0.011300800741492312,-0.015181362240603952,0.2266286520710962,0.25283202380044245,0.02620337172934625,23767,104872,0.01000349170584075,0.0075749000075466,2012-02-14,-0.015320066226022,0.006565227147396158,0.04041814546083611,-0.06822578130356582,-0.021885293373418158,-0.021304292447333062,-0.011300800741492312,0.018256233597179372,0.0642457528132459,0.023320209833142314,0.01000349170584075,0.04592725281024154,0.026033991029898645,0.027453205408859524,2012-03-13,0.0054509364280519446,0.007240930052738376,0.023068445679132132,-0.0024183746268802153,-0.0434655022482347,-0.04467214978880854,-0.029265594707170273,-0.02062348544854764
2012-02-21,0.3510015853690582,0.37038075134230836,0.019379165973250182,160294,456676,0.0054509364280519446,0.026219721498084256,0.23386958212383457,0.26147780400242354,0.027608221878588933,25862,110583,0.007240930052738376,0.01997673354184148,2012-02-21,0.023068445679132132,-0.0024183746268802153,0.05412250589403911,-0.017269921293622037,0.025486820306012348,-0.0017899936246864312,0.0054509364280519446,-0.011300800741492312,0.018256233597179372,0.0642457528132459,0.007240930052738376,0.01000349170584075,0.04592725281024154,0.026033991029898645,2012-03-20,0.018782818568784665,0.022452376000205276,0.014339458790910697,-0.05648917339755721,-0.08861697515977318,-0.0691534578395819,-0.06579451788285073,0.003348199362253723
2012-02-28,0.36978440393784284,0.3858580840173345,0.016073680079491653,177143,479044,0.018782818568784665,0.03689486638229292,0.25632195812403985,0.2788393489030432,0.022517390779003332,29699,115866,0.022452376000205276,0.03469791921000515,2012-02-28,0.014339458790910697,-0.05648917339755721,0.02438865278054969,-0.07994912405460042,0.07082863218846791,-0.0036695574314206114,0.018782818568784665,0.0054509364280519446,-0.011300800741492312,0.018256233597179372,0.022452376000205276,0.007240930052738376,0.01000349170584075,0.04592725281024154,2012-03-27,-0.04978142592774015,-0.0615605122974994,-0.06421199703291958,0.04852528384182664,-0.07244002190460092,-0.11477688671432376,-0.06089844831249902,0.06504651446406351
2012-03-06,0.3200029780101027,0.34582367924123913,0.025820701231136448,141841,443249,-0.04978142592774015,-0.0736926044371707,0.19476144582654045,0.23045675220449816,0.035695306377957724,21623,111023,-0.0615605122974994,-0.06970120656620579,2012-03-06,-0.06421199703291958,0.04852528384182664,-0.04212415878889875,-0.003817037035214632,-0.11273728087474622,0.011779086369759245,-0.04978142592774015,0.018782818568784665,0.0054509364280519446,-0.011300800741492312,-0.0615605122974994,0.022452376000205276,0.007240930052738376,0.01000349170584075,2012-04-03,-0.017917831317331157,-0.012804943544252795,-0.002461502144293526,-0.01024122126593685,-0.04278176264129596,-0.04606776528649201,-0.01742192048802238,-0.006111755479382364
2012-03-13,0.30208514669277153,0.33072511015805334,0.028639963465281845,133618,442319,-0.017917831317331157,-0.018551649298701182,0.18195650228228766,0.20711536740356215,0.0251588651212745,20330,111730,-0.012804943544252795,-0.011646235464723527,2012-03-13,-0.002461502144293526,-0.01024122126593685,-0.029265594707170273,-0.02062348544854764,0.007779719121643325,-0.005112887773078362,-0.017917831317331157,-0.04978142592774015,0.018782818568784665,0.0054509364280519446,-0.012804943544252795,-0.0615605122974994,0.022452376000205276,0.007240930052738376,2012-04-10,-0.03970053648348654,-0.01724037799803499,-0.013460477496548329,0.02155331018392115,-0.04408307237886694,-0.06278013138711079,-0.007421165254305251,0.03921686374243105
2012-03-20,0.262384610209285,0.3014530007725519,0.0390683905632669,113098,431039,-0.03970053648348654,-0.04639185746033971,0.16471612428425267,0.19996051049164437,0.03524438620739172,18353,111422,-0.01724037799803499,-0.017694441958292312,2012-03-20,-0.013460477496548329,0.02155331018392115,-0.06579451788285073,0.003348199362253723,-0.03501378768046948,-0.022460158485451548,-0.03970053648348654,-0.017917831317331157,-0.04978142592774015,0.018782818568784665,-0.01724037799803499,-0.012804943544252795,-0.0615605122974994,0.022452376000205276,2012-04-17,0.03495977182395693,-0.02317105287453658,0.01923552836126241,0.005209141704252573,0.00755009919486932,-0.06488739099922533,0.0007490799735911935,0.012048647752067154
2012-03-27,0.2973443820332419,0.32720989973736175,0.029865517704119778,124083,417304,0.03495977182395693,0.02548493291790302,0.1415450714097161,0.1926833486560045,0.05113827724628842,15550,109859,-0.02317105287453658,-0.02515661180018309,2012-03-27,0.01923552836126241,0.005209141704252573,-0.06089844831249902,0.06504651446406351,0.014026386657009837,0.05813082469849351,0.03495977182395693,-0.03970053648348654,-0.017917831317331157,-0.04978142592774015,-0.02317105287453658,-0.01724037799803499,-0.012804943544252795,-0.0615605122974994,2012-04-24,-0.0201231666644352,0.007148609130332356,-0.020735469208442936,-0.022632986101619235,-0.03595623011196947,-0.062133667363118913,-0.024432308115148516,0.029546979468179302
2012-04-03,0.27722121536880673,0.31117983328469373,0.033958617915887,113040,407761,-0.0201231666644352,-0.02646272261948124,0.14869368054004845,0.19745950495559716,0.04876582441554872,17313,116434,0.007148609130332356,0.016047843144394176,2012-04-03,-0.020735469208442936,-0.022632986101619235,-0.01742192048802238,-0.006111755479382364,0.0018975168931762987,-0.027271775794767555,-0.0201231666644352,0.03495977182395693,-0.03970053648348654,-0.017917831317331157,0.007148609130332356,-0.02317105287453658,-0.01724037799803499,-0.012804943544252795,2012-05-01,-0.019219141054902134,-0.02951730964487158,0.007539253089423603,0.035087397955876565,-0.010076846334017953,-0.06246034540267044,0.008903940426961299,0.060446710405949844
2012-04-10,0.2580020743139046,0.2963199493055504,0.03831787499164581,104230,403989,-0.019219141054902134,-0.0216057935898725,0.11917637089517687,0.18145524115699446,0.06227887026181761,13642,114469,-0.02951730964487158,-0.03152859130494529,2012-04-10,0.007539253089423603,0.035087397955876565,-0.007421165254305251,0.03921686374243105,-0.02754814486645296,0.010298168589969445,-0.019219141054902134,-0.0201231666644352,0.03495977182395693,-0.03970053648348654,-0.02951730964487158,0.007148609130332356,-0.02317105287453658,-0.01724037799803499,2012-05-08,0.011932635090249721,-0.01934763761014953,-0.005290232268651884,-0.005614905806442749,-0.04169658697313225,-0.06719000377613575,-0.032169320819893876,0.039867241005158593
2012-04-17,0.2699347094041543,0.2955139689756754,0.025579259571521056,107576,398526,0.011932635090249721,0.008282403728814398,0.09982873328502734,0.15434589289243134,0.05451715960740399,12124,121448,-0.01934763761014953,-0.013261232298700958,2012-04-17,-0.005290232268651884,-0.005614905806442749,0.0007490799735911935,0.012048647752067154,0.00032467353779086494,0.03128027270039925,0.011932635090249721,-0.019219141054902134,-0.0201231666644352,0.03495977182395693,-0.01934763761014953,-0.02951730964487158,0.007148609130332356,-0.02317105287453658,2012-05-15,-0.008546557482881856,-0.020417329238430162,-0.005945859727477298,0.02270747342036472,-0.08016994303860756,-0.049893527344988114,-0.06783460231356031,0.06904184907667688
2012-04-24,0.26138815192127246,0.292638389029538,0.03125023710826553,103350,395389,-0.008546557482881856,-0.010604076020134195,0.07941140404659718,0.15596157776415287,0.0765501737175557,9714,122325,-0.020417329238430162,-0.019843883802121074,2012-04-24,-0.005945859727477298,0.02270747342036472,-0.024432308115148516,0.029546979468179302,-0.02865333314784202,0.011870771755548307,-0.008546557482881856,0.011932635090249721,-0.019219141054902134,-0.0201231666644352,-0.020417329238430162,-0.01934763761014953,-0.02951730964487158,0.007148609130332356,2012-05-22,0.005756217113516315,0.006821931090780831,0.012600779333666878,0.008266744836151307,-0.09006850059675547,-0.043167596466986626,-0.046382525853053025,0.044127969330946204
2012-05-01,0.2671443690347888,0.2909542396085171,0.02380987057372831,110056,411972,0.005756217113516315,0.016960512305602835,0.086233335137378,0.16554815897241615,0.07931482383503816,9560,110862,0.006821931090780831,-0.0012589413447782547,2012-05-01,0.012600779333666878,0.008266744836151307,0.008903940426961299,0.060446710405949844,0.004334034497515571,-0.0010657139772645152,0.005756217113516315,-0.008546557482881856,0.011932635090249721,-0.019219141054902134,0.006821931090780831,-0.020417329238430162,-0.01934763761014953,-0.02951730964487158,2012-05-29,-0.05083888169401643,-0.03424696801833689,-0.03353400815743157,0.014507928555085314,-0.09445971626841998,-0.054275033613172353,-0.06597770874099318,0.037683915855418526
2012-05-08,0.21630548734077235,0.2712004365746126,0.05489494923384028,90372,417798,-0.05083888169401643,-0.0477799462099366,0.051986367119041116,0.15878607473425568,0.10679970761521458,5903,113549,-0.03424696801833689,-0.0329869567570493,2012-05-08,-0.03353400815743157,0.014507928555085314,-0.032169320819893876,0.039867241005158593,-0.048041936712516886,-0.01659191367567954,-0.05083888169401643,0.005756217113516315,-0.008546557482881856,0.011932635090249721,-0.03424696801833689,0.006821931090780831,-0.020417329238430162,-0.01934763761014953,2012-06-05,-0.026540720975225585,-0.0020511611790018924,-0.04095551376231832,0.023559702265075533,-0.007337730034920831,-0.0092927390595594,0.007281116614012539,0.04028039690899554
2012-05-15,0.18976476636554676,0.2675252492945834,0.07776048292903663,80098,422091,-0.026540720975225585,-0.024590830975734685,0.04993520594003922,0.1595422387223312,0.10960703278229196,5703,114208,-0.0020511611790018924,-0.001761354129054417,2012-05-15,-0.04095551376231832,0.023559702265075533,-0.06783460231356031,0.06904184907667688,-0.06451521602739385,-0.024489559796223692,-0.026540720975225585,-0.05083888169401643,0.005756217113516315,-0.008546557482881856,-0.0020511611790018924,-0.03424696801833689,0.006821931090780831,-0.020417329238430162,2012-06-12,-0.018445115041029775,-0.013691398360428673,0.015506216733029987,-0.0022064063253659505,0.02339297516616748,-0.002900474616317074,0.04389993568079209,-0.0019429472878571552
2012-05-22,0.17131965132451699,0.26038888608373534,0.08906923475921837,74645,435706,-0.018445115041029775,-0.012919015093901552,0.03624380757961055,0.1622920094679138,0.12604820188830326,4119,113647,-0.013691398360428673,-0.013869431213224993,2012-05-22,0.015506216733029987,-0.0022064063253659505,-0.046382525853053025,0.044127969330946204,0.017712623058395938,-0.004753716680601101,-0.018445115041029775,-0.026540720975225585,-0.05083888169401643,0.005756217113516315,-0.013691398360428673,-0.0020511611790018924,-0.03424696801833689,0.006821931090780831,2012-06-19,0.0013650014418518097,-0.004285506055404897,-0.006994403554273276,0.0018226913606236295,0.051267638277195826,0.013361116180470423,0.03285770777180019,0.021944567831440942
2012-05-29,0.1726846527663688,0.26996530878042624,0.09728065601405744,72526,419991,0.0013650014418518097,-0.00486337117230426,0.03195830152420565,0.1600372057107256,0.12807890418651996,3642,113961,-0.004285506055404897,-0.0041972071414115636,2012-05-29,-0.006994403554273276,0.0018226913606236295,-0.06597770874099318,0.037683915855418526,-0.008817094914896906,0.005650507497256707,0.0013650014418518097,-0.018445115041029775,-0.026540720975225585,-0.05083888169401643,-0.004285506055404897,-0.013691398360428673,-0.0020511611790018924,-0.03424696801833689,2012-06-26,0.03628310453948272,0.010735326535276063,0.03972481719757415,0.01710440960866233,0.014674214594336016,-0.012824475710185804,0.01053883320224358,0.04050366498965863
2012-06-05,0.20896775730585151,0.29299124170580343,0.08402348439995189,88590,423941,0.03628310453948272,0.03824843865701884,0.042693628059481716,0.15958530592676934,0.11689167786728763,4987,116809,0.010735326535276063,0.011802283237247831,2012-06-05,0.03972481719757415,0.01710440960866233,0.007281116614012539,0.04028039690899554,0.022620407588911817,0.025547778004206656,0.03628310453948272,0.0013650014418518097,-0.018445115041029775,-0.026540720975225585,0.010735326535276063,-0.004285506055404897,-0.013691398360428673,-0.0020511611790018924,2012-07-03,0.004189984225862725,0.004341103264240434,-0.0043366946955387675,-0.018663641931777164,0.017393671924295195,0.007597869385821576,0.002034376531327986,0.010366232231117767
2012-06-12,0.21315774153171424,0.29197514093595056,0.07881739940423632,87873,412244,0.004189984225862725,-0.001691273078093414,0.04703473132372215,0.15088466579292267,0.10384993446920053,5742,122080,0.004341103264240434,0.0064635430489089025,2012-06-12,-0.0043366946955387675,-0.018663641931777164,0.04389993568079209,-0.0019429472878571552,0.014326947236238396,-0.0001511190383777089,0.004189984225862725,0.03628310453948272,0.0013650014418518097,-0.018445115041029775,0.004341103264240434,0.010735326535276063,-0.004285506055404897,-0.013691398360428673,2012-07-10,0.009429548069998572,0.002570192436358823,0.00446398882403809,0.021681108793932147,-0.026380370610424697,-0.003983864746761573,-0.027933592940152074,0.048145952643713574
2012-06-19,0.2225872896017128,0.29011546218326756,0.06752817258155472,93151,418492,0.009429548069998572,0.012803097194865177,0.04960492376008097,0.15513272602605543,0.10552780226597447,6077,122508,0.002570192436358823,0.0027441022280471823,2012-06-19,0.00446398882403809,0.021681108793932147,0.03285770777180019,0.021944567831440942,-0.017217119969894057,0.006859355633639749,0.009429548069998572,0.004189984225862725,0.03628310453948272,0.0013650014418518097,0.002570192436358823,0.004341103264240434,0.010735326535276063,-0.004285506055404897,2012-07-17,-0.035228422241008,-0.030471097946061124,-0.02931327812382989,0.020381788518841315,-0.0339650001950815,-0.013009647161192454,-0.023759301851027814,0.01949268466776566
2012-06-26,0.1873588673607048,0.2680831105029278,0.08072424314222301,77495,413618,-0.035228422241008,-0.037410512028903775,0.019133825814019848,0.15137440157255636,0.1322405757585365,2414,126164,-0.030471097946061124,-0.02990008815750808,2012-06-26,-0.02931327812382989,0.020381788518841315,0.01053883320224358,0.04050366498965863,-0.049695066642671204,-0.004757324294946876,-0.035228422241008,0.009429548069998572,0.004189984225862725,0.03628310453948272,-0.030471097946061124,0.002570192436358823,0.004341103264240434,0.010735326535276063,2012-07-24,0.0390025618694419,0.031157671631283444,0.031220360526658553,-0.013033023149878531,-0.04505677550163406,0.005247345290855576,0.005879739661220462,0.008926197688134074
2012-07-03,0.2263614292301467,0.2951621858149755,0.06880075658482879,96219,425068,0.0390025618694419,0.045268822923567154,0.05029149744530329,0.16471243285733,0.11442093541202672,6142,122128,0.031157671631283444,0.029548841190830982,2012-07-03,0.031220360526658553,-0.013033023149878531,0.002034376531327986,0.010366232231117767,0.044253383676537084,0.007844890238158455,0.0390025618694419,-0.035228422241008,0.009429548069998572,0.004189984225862725,0.031157671631283444,-0.030471097946061124,0.002570192436358823,0.004341103264240434,2012-07-31,-0.03958405830885717,-0.007240630868342715,-0.03430466416701883,0.019116078480818643,-0.025924149388400375,0.013168509614930358,-0.006179355117464702,0.007371444716307796
2012-07-10,0.18677737092128954,0.2676978695091822,0.08092049858789263,80287,429854,-0.03958405830885717,-0.03748106185363283,0.04305086657696058,0.16122924203724145,0.11817837546028089,5343,124109,-0.007240630868342715,-0.006542316258351893,2012-07-10,-0.03430466416701883,0.019116078480818643,-0.027933592940152074,0.048145952643713574,-0.05342074264783747,-0.03234342744051445,-0.03958405830885717,0.0390025618694419,-0.035228422241008,0.009429548069998572,-0.007240630868342715,0.031157671631283444,-0.030471097946061124,0.002570192436358823,2012-08-07,0.0018449184853417677,-0.0064555899780720585,0.00863827991316235,-0.006972159182015769,-0.007229961235877408,0.02989161628376876,0.026782426148010963,-0.018603236292519032
2012-07-17,0.1886222894066313,0.25456914519947044,0.06594685579283914,81356,431317,0.0018449184853417677,0.0024868908978397317,0.03659527659888852,0.16705932572094664,0.13046404912205814,4458,121819,-0.0064555899780720585,-0.007130828545874997,2012-07-17,0.00863827991316235,-0.006972159182015769,-0.023759301851027814,0.01949268466776566,0.015610439095178119,0.008300508463413826,0.0018449184853417677,-0.03958405830885717,0.0390025618694419,-0.035228422241008,-0.0064555899780720585,-0.007240630868342715,0.031157671631283444,-0.030471097946061124,2012-08-14,-0.04632019754756056,-0.012214105494013094,0.0003257633884183875,0.009815301539209731,-0.01691123262214342,0.04522311664725662,0.010758390410835261,-0.007583871376049434
2012-07-24,0.14230209185907075,0.22118459371490568,0.07888250185583494,59809,420296,-0.04632019754756056,-0.049956296644927047,0.024381171104875424,0.16650358641770646,0.14212241531283104,3015,123661,-0.012214105494013094,-0.011845442829115326,2012-07-24,0.0003257633884183875,0.009815301539209731,0.005879739661220462,0.008926197688134074,-0.009489538150791343,-0.03410609205354746,-0.04632019754756056,0.0018449184853417677,-0.03958405830885717,0.0390025618694419,-0.012214105494013094,-0.0064555899780720585,-0.007240630868342715,0.031157671631283444,2012-08-21,0.058135187982675585,0.03907883595535823,0.01916126574797339,-0.01458777612170481,0.08737988693951582,0.1059641206557056,0.03400357984601765,-0.04480624640876174
2012-07-31,0.20043727984174634,0.2607714865779382,0.060334206736191845,80857,403403,0.058135187982675585,0.050078991948531514,0.06346000706023365,0.17671929003604003,0.11325928297580638,7730,121809,0.03907883595535823,0.03812843176102409,2012-07-31,0.01916126574797339,-0.01458777612170481,-0.006179355117464702,0.007371444716307796,0.0337490418696782,0.019056352027317355,0.058135187982675585,-0.04632019754756056,0.0018449184853417677,-0.03958405830885717,0.03907883595535823,-0.012214105494013094,-0.0064555899780720585,-0.007240630868342715,2012-08-28,-0.0208898701563342,0.009482475800495688,-0.0013428829015431631,-0.006858602528008184,0.06486247939437342,0.13620002726480307,0.03237949115686689,-0.0662103468866797
2012-08-07,0.17954740968541213,0.24954540069130002,0.0699979910058879,69710,388254,-0.0208898701563342,-0.027632417210580983,0.07294248286072934,0.1817889214329396,0.10884643857221024,9065,124276,0.009482475800495688,0.0109597812969485,2012-08-07,-0.0013428829015431631,-0.006858602528008184,0.026782426148010963,-0.018603236292519032,0.005515719626465021,-0.030372345956829888,-0.0208898701563342,0.058135187982675585,-0.04632019754756056,0.0018449184853417677,0.009482475800495688,0.03907883595535823,-0.012214105494013094,-0.0064555899780720585,2012-09-04,-0.007836352900924243,0.008875910385415797,-0.007385755824013351,0.004047205734453829,0.0970106153725758,0.14626356881954916,0.051139693915365214,-0.08860630738573949
2012-08-14,0.1717110567844879,0.24595877759945592,0.07424772081496804,66656,388187,-0.007836352900924243,-0.007865984638921943,0.08181839324614514,0.18187808640778957,0.10005969316164443,10554,128993,0.008875910385415797,0.011981396247062988,2012-08-14,-0.007385755824013351,0.004047205734453829,0.010758390410835261,-0.007583871376049434,-0.01143296155846718,-0.01671226328634004,-0.007836352900924243,-0.0208898701563342,0.058135187982675585,-0.04632019754756056,0.008875910385415797,0.009482475800495688,0.03907883595535823,-0.012214105494013094,2012-09-11,0.057970922014098675,0.04852689851443588,0.023570952823600777,-0.027407073493502576,0.12710270385268962,0.13920597684885694,0.07910502117954987,-0.10500773918048001
2012-08-21,0.22968197879858657,0.27852999520999533,0.048848016411408735,91585,398747,0.057970922014098675,0.06421904906655813,0.13034529176058102,0.20406805659904834,0.07372276483846732,16655,127776,0.04852689851443588,0.04729714015489213,2012-08-21,0.023570952823600777,-0.027407073493502576,0.03400357984601765,-0.04480624640876174,0.05097802631710335,0.009444023499662793,0.057970922014098675,-0.007836352900924243,-0.0208898701563342,0.058135187982675585,0.04852689851443588,0.008875910385415797,0.009482475800495688,0.03907883595535823,2012-09-18,0.03561778043753319,0.06931474256445572,0.01753717705882263,-0.035991876599622774,0.07182091813816141,0.08685982191156458,0.07803079108958588,-0.0944314325949791
2012-08-28,0.26529975923611976,0.2994732264469862,0.03417346721086649,113166,426559,0.03561778043753319,0.05412203728178519,0.19966003432503673,0.24114570074808872,0.04148566642305197,24314,121777,0.06931474256445572,0.059940833959429,2012-08-28,0.01753717705882263,-0.035991876599622774,0.03237949115686689,-0.0662103468866797,0.0535290536584454,-0.033696962126922525,0.03561778043753319,0.057970922014098675,-0.007836352900924243,-0.0208898701563342,0.06931474256445572,0.04852689851443588,0.008875910385415797,0.009482475800495688,2012-09-25,0.011258265821868174,0.01954601735524175,0.01741731985695516,-0.02925456302706797,0.057933802077504315,0.03579576045279195,0.054946010483670094,-0.03295593678551123
2012-09-04,0.27655802505798793,0.30674999831266914,0.030191973254681218,122927,444489,0.011258265821868174,0.022883118161848653,0.21920605168027849,0.2557236577855135,0.036517606105234975,26196,119504,0.01954601735524175,0.01545447826765317,2012-09-04,0.01741731985695516,-0.02925456302706797,0.051139693915365214,-0.08860630738573949,0.04667188288402313,-0.008287751533373577,0.011258265821868174,0.03561778043753319,0.057970922014098675,-0.007836352900924243,0.01954601735524175,0.06931474256445572,0.04852689851443588,0.008875910385415797,2012-10-02,0.022255735579189584,0.0018183184147235743,0.020579571440171307,-0.012354226060286688,0.062363348676697294,0.03212196718154284,0.045286782391195324,-0.020725441494877206
2012-09-11,0.2988137606371775,0.32070805222666876,0.02189429158949126,137613,460531,0.022255735579189584,0.033040187721180954,0.22102437009500206,0.2538703015282941,0.03284593143329203,26755,121050,0.0018183184147235743,0.004677667693131611,2012-09-11,0.020579571440171307,-0.012354226060286688,0.07910502117954987,-0.10500773918048001,0.032933797500457995,0.02043741716446601,0.022255735579189584,0.011258265821868174,0.03561778043753319,0.057970922014098675,0.0018183184147235743,0.01954601735524175,0.06931474256445572,0.04852689851443588,2012-10-09,0.0026891362995704604,-0.003819256422856465,0.022496722733636787,-0.01683076690800167,0.04694837034418137,0.03800173618161337,0.018236579654740126,0.005360804812821307
2012-09-18,0.301502896936748,0.32588605730356096,0.024383160366812994,144302,478609,0.0026891362995704604,0.014524537978985128,0.2172051136721456,0.24861452232508344,0.03140940865293784,27592,127032,-0.003819256422856465,0.0069144981412639405,2012-09-18,0.022496722733636787,-0.01683076690800167,0.07803079108958588,-0.0944314325949791,0.03932748964163846,0.006508392722426926,0.0026891362995704604,0.022255735579189584,0.011258265821868174,0.03561778043753319,-0.003819256422856465,0.0018183184147235743,0.01954601735524175,0.06931474256445572,2012-10-16,0.021730664376876097,0.018250681105683092,-0.005547603547093161,0.0254836192098451,0.041139910511407474,0.029030875154274965,-0.013484422269422147,0.04076406353328155
2012-09-25,0.3232335613136241,0.3419786074408191,0.018745046127195027,158228,489516,0.021730664376876097,0.029096820160088924,0.2354557947778287,0.26743915351862,0.03198335874079136,31354,133163,0.018250681105683092,0.029614585301341395,2012-09-25,-0.005547603547093161,0.0254836192098451,0.054946010483670094,-0.03295593678551123,-0.03103122275693826,0.0034799832711930045,0.021730664376876097,0.0026891362995704604,0.022255735579189584,0.011258265821868174,0.018250681105683092,-0.003819256422856465,0.0018183184147235743,0.01954601735524175,2012-10-23,0.015687812421061154,0.015872224083992637,0.00775809176448039,-0.017024067736433945,-0.001547691834249909,-0.010659679791658022,-0.03176954657285069,0.03138274631114113
2012-10-02,0.3389213737346852,0.35728663278631256,0.01836525905162734,162990,480908,0.015687812421061154,0.009727976205067863,0.2513280188618213,0.2702114047887749,0.018883385926953572,34964,139117,0.015872224083992637,0.027109632555589767,2012-10-02,0.00775809176448039,-0.017024067736433945,0.045286782391195324,-0.020725441494877206,0.024782159500914336,-0.00018441166293148292,0.015687812421061154,0.021730664376876097,0.0026891362995704604,0.022255735579189584,0.015872224083992637,0.018250681105683092,-0.003819256422856465,0.0018183184147235743,2012-10-30,0.006840757246673657,0.007698087414794108,-0.006470631296283891,0.013732020247411825,-0.04110854800053265,-0.03974972180909028,-0.03650977014814849,0.03847114563818588
2012-10-09,0.3457621309813589,0.3667610181704067,0.020998887189047792,167473,484359,0.006840757246673657,0.009321949312550426,0.25902610627661543,0.2813723954253486,0.022346289148733142,36374,140426,0.007698087414794108,0.010135353695091182,2012-10-09,-0.006470631296283891,0.013732020247411825,0.018236579654740126,0.005360804812821307,-0.020202651543695715,-0.0008573301681204515,0.006840757246673657,0.015687812421061154,0.021730664376876097,0.0026891362995704604,0.007698087414794108,0.015872224083992637,0.018250681105683092,-0.003819256422856465,2012-11-06,-0.003119323533203433,-0.012790117450194871,-0.009224279190525486,0.01857249181245857,-0.08820209573623083,-0.06781638428369302,-0.027811702836345376,0.029221343957718027
2012-10-16,0.34264280744815545,0.36693919529153507,0.024296387843379584,158584,462826,-0.003119323533203433,-0.018352090081943353,0.24623598882642056,0.2680669000388954,0.021830911212474807,34819,141405,-0.012790117450194871,-0.011073447936991726,2012-10-16,-0.009224279190525486,0.01857249181245857,-0.013484422269422147,0.04076406353328155,-0.027796771002984055,0.009670793916991438,-0.003119323533203433,0.006840757246673657,0.015687812421061154,0.021730664376876097,-0.012790117450194871,0.007698087414794108,0.015872224083992637,0.018250681105683092,2012-11-13,-0.020956937968781286,-0.021439873840249896,-0.023832727850521707,0.01610230198770468,-0.07091467043783922,-0.05934686475246176,-0.013788356068147323,0.002949779450703627
2012-10-23,0.32168586947937416,0.34971349344939845,0.028027623970024305,146636,455836,-0.020956937968781286,-0.025815317203441466,0.22479611498617066,0.2505777038316873,0.02578158884551666,31616,140643,-0.021439873840249896,-0.022651249955800715,2012-10-23,-0.023832727850521707,0.01610230198770468,-0.03176954657285069,0.03138274631114113,-0.03993502983822639,0.0004829358714686094,-0.020956937968781286,-0.003119323533203433,0.006840757246673657,0.015687812421061154,-0.021439873840249896,-0.012790117450194871,0.007698087414794108,0.015872224083992637,2012-11-20,-0.02387304374522159,-0.013217817933439624,0.003017868189182593,-0.009935668409389198,-0.034972759756071004,-0.010508025053686532,0.011778315123144978,-0.033778225540308515
2012-10-30,0.2978128257341526,0.3285137506542171,0.030700924920064564,135428,454742,-0.02387304374522159,-0.024587790345650628,0.21157829705273104,0.249503943017044,0.03792564596431297,29110,137585,-0.013217817933439624,-0.01781816371948835,2012-10-26,0.003017868189182593,-0.009935668409389198,-0.03650977014814849,0.03847114563818588,0.012953536598571791,-0.010655225811781965,-0.02387304374522159,-0.020956937968781286,-0.003119323533203433,0.006840757246673657,-0.013217817933439624,-0.021439873840249896,-0.012790117450194871,0.007698087414794108,2012-11-27,-0.040252790489024526,-0.02036857505980863,0.002227436015519224,0.004482218566943974,0.019908447679243657,0.030481851427634127,0.01661533587891384,-0.041204246732081895
2012-11-06,0.25756003524512805,0.287748739807762,0.0301887045626339,115169,447154,-0.040252790489024526,-0.04455053634808309,0.1912097219929224,0.23132801676799725,0.04011829477507483,26638,139313,-0.02036857505980863,-0.01796707489915325,2012-11-06,0.002227436015519224,0.004482218566943974,-0.027811702836345376,0.029221343957718027,-0.00225478255142475,-0.019884215429215896,-0.040252790489024526,-0.02387304374522159,-0.020956937968781286,-0.003119323533203433,-0.02036857505980863,-0.013217817933439624,-0.021439873840249896,-0.012790117450194871,2012-12-04,0.014168101765188179,-0.004320597918963609,0.004799067577672567,-0.007699072694555831,0.01578394840188313,0.06554569998283566,-0.011369285962261166,-0.03966554330149963
2012-11-13,0.27172813701031623,0.30009504938435405,0.028366912374037816,124930,459761,0.014168101765188179,0.021829168474395845,0.1868891240739588,0.2259367628850291,0.0390476388110703,27018,144567,-0.004320597918963609,0.0027276707844924738,2012-11-13,0.004799067577672567,-0.007699072694555831,-0.013788356068147323,0.002949779450703627,0.012498140272228397,0.018488699684151788,0.014168101765188179,-0.040252790489024526,-0.02387304374522159,-0.020956937968781286,-0.004320597918963609,-0.02036857505980863,-0.013217817933439624,-0.021439873840249896,2012-12-11,0.014984972712986933,0.02739896585852533,0.001733943340770594,-0.02062570300330746,0.0042378766524865386,0.051911593806183376,-0.008715380227422465,-0.024826934970263892
2012-11-20,0.28671310972330316,0.31075719899014825,0.0240440892668451,135939,474129,0.014984972712986933,0.023945049710610514,0.21428808993248413,0.23915921109522068,0.024871121162736556,32215,150335,0.02739896585852533,0.03594872965476215,2012-11-20,0.001733943340770594,-0.02062570300330746,0.011778315123144978,-0.033778225540308515,0.022359646344078055,-0.012413993145538399,0.014984972712986933,0.014168101765188179,-0.040252790489024526,-0.02387304374522159,0.02739896585852533,-0.004320597918963609,-0.02036857505980863,-0.013217817933439624,2012-12-18,0.03100816369009307,0.027772058547881034,0.007854888944951455,-0.017361689601162578,-0.038788879330088816,-0.005531381334872715,-0.03223636367064309,0.014298513502699173
2012-11-27,0.31772127341339623,0.3336587584198526,0.01593748500645635,152307,479373,0.03100816369009307,0.0345222502736597,0.24206014848036517,0.26394740159360963,0.021887253113244475,36485,150727,0.027772058547881034,0.02840323278012439,2012-11-27,0.007854888944951455,-0.017361689601162578,0.01661533587891384,-0.041204246732081895,0.025216578546114032,0.003236105142212037,0.03100816369009307,0.014984972712986933,0.014168101765188179,-0.040252790489024526,0.027772058547881034,0.02739896585852533,-0.004320597918963609,-0.02036857505980863,2012-12-24,-0.04437728976638505,0.014695273495392902,-0.025757185825655782,0.006020921997526241,-0.08573910123417972,-0.07862969327933639,-0.0491400080526585,0.08001935794572557
2012-12-04,0.2733439836470112,0.3091598836138632,0.03581589996685205,118745,434416,-0.04437728976638505,-0.07001228688307434,0.25675542197575807,0.2777025215538529,0.020947099578094795,36392,141738,0.014695273495392902,-0.0006170095603309294,2012-12-04,-0.025757185825655782,0.006020921997526241,-0.011369285962261166,-0.03966554330149963,-0.03177810782318202,-0.059072563261777955,-0.04437728976638505,0.03100816369009307,0.014984972712986933,0.014168101765188179,0.014695273495392902,0.027772058547881034,0.02739896585852533,-0.004320597918963609,2012-12-31,0.0026220300157915877,-0.017954704095615892,0.0074529733125112685,0.007139535636679906,-0.04642566059816203,-0.09745681925752556,-0.014704307815234685,0.06792791623222572
2012-12-11,0.27596601366280277,0.3095902542978786,0.03362424063507585,119655,433586,0.0026220300157915877,0.00209476630695002,0.23880071788014218,0.2641517401555407,0.025351022275398528,33930,142085,-0.017954704095615892,-0.017370077184664663,2012-12-11,0.0074529733125112685,0.007139535636679906,-0.008715380227422465,-0.024826934970263892,0.00031343767583136284,0.02057673411140748,0.0026220300157915877,-0.04437728976638505,0.03100816369009307,0.014984972712986933,-0.017954704095615892,0.014695273495392902,0.027772058547881034,0.02739896585852533,2013-01-08,-0.02804178326958842,-0.03004400928253076,-0.021787040102450028,0.018499745469655604,-0.07803216307454613,-0.0868980263386494,-0.031209402617538018,0.05139589070984796
2012-12-18,0.24792423039321435,0.3001454989420345,0.05222126854882017,108031,435742,-0.02804178326958842,-0.026808983684897574,0.20875670859761142,0.2345799480989655,0.025823239501354095,29523,141423,-0.03004400928253076,-0.031016644966041455,2012-12-18,-0.021787040102450028,0.018499745469655604,-0.03223636367064309,0.014298513502699173,-0.04028678557210563,0.0020022260129423375,-0.02804178326958842,0.0026220300157915877,-0.04437728976638505,0.03100816369009307,-0.03004400928253076,-0.017954704095615892,0.014695273495392902,0.027772058547881034,2013-01-15,-0.01594205821399783,-0.04532625339658264,-0.00904875543706396,0.048359154841863816,-0.04446399496142189,-0.04987667327827763,0.00295709757402296,0.01246377487901329
2012-12-24,0.23198217217921652,0.3012033779028853,0.06922120572366877,98894,426300,-0.01594205821399783,-0.020968830179326298,0.16343045520102878,0.1957002081690361,0.03226975296800733,23003,140751,-0.04532625339658264,-0.04610282627295419,2012-12-24,-0.00904875543706396,0.048359154841863816,-0.0491400080526585,0.08001935794572557,-0.057407910278927776,0.02938419518258481,-0.01594205821399783,-0.02804178326958842,0.0026220300157915877,-0.04437728976638505,-0.04532625339658264,-0.03004400928253076,-0.017954704095615892,0.014695273495392902,2013-01-22,-0.005063849130367365,-0.004131852482796267,0.008678514411768035,-0.00607051971597361,-0.019794097124325533,0.021523051641161556,0.018810897969776086,-0.05381508865077045
2012-12-31,0.22691832304884915,0.29198511183646386,0.0650667887876147,97119,427991,-0.005063849130367365,-0.0041637344593009615,0.1592986027182325,0.19380305182735053,0.03450444910911803,22539,141489,-0.004131852482796267,-0.0032966018003424487,2012-12-31,0.008678514411768035,-0.00607051971597361,-0.014704307815234685,0.06792791623222572,0.014749034127741645,-0.0009319966475710983,-0.005063849130367365,-0.01594205821399783,-0.02804178326958842,0.0026220300157915877,-0.004131852482796267,-0.04532625339658264,-0.03004400928253076,-0.017954704095615892,2013-01-29,-0.02898447246059252,-0.007395911176739739,-0.009052121489792064,-0.009392489885697852,-0.04930559267770143,0.037736379642470896,-0.006377525396952244,-0.03821130232091896
2013-01-08,0.19793385058825663,0.26648976669144175,0.06855591610318511,87349,441304,-0.02898447246059252,-0.022827582823003286,0.15190269154149277,0.19186866557124369,0.03996597402975091,20893,137542,-0.007395911176739739,-0.011633413198199154,2013-01-08,-0.009052121489792064,-0.009392489885697852,-0.031209402617538018,0.05139589070984796,0.00034036839590578793,-0.02158856128385278,-0.02898447246059252,-0.005063849130367365,-0.01594205821399783,-0.02804178326958842,-0.007395911176739739,-0.004131852482796267,-0.04532625339658264,-0.03004400928253076,2013-02-05,0.00552638484353582,0.006977343777841011,0.01237946008911095,-0.020432370361179064,-0.012671268686194753,0.046563436553971604,0.008681743335306358,-0.03721926656208341
2013-01-15,0.20346023543179245,0.26450232595533896,0.061042090523546526,91104,447773,0.00552638484353582,0.008508873701575331,0.15888003531933378,0.19746071080159222,0.03858067548225844,22312,140433,0.006977343777841011,0.01031684867167847,2013-01-15,0.01237946008911095,-0.020432370361179064,0.00295709757402296,0.01246377487901329,0.032811830450290014,-0.001450958934305191,0.00552638484353582,-0.02898447246059252,-0.005063849130367365,-0.01594205821399783,0.006977343777841011,-0.007395911176739739,-0.004131852482796267,-0.04532625339658264,2013-02-12,0.008727839623098532,0.02607347152285655,0.006805044958689166,-0.017919708687919922,-0.050429124484122095,0.013469899570109134,-0.016561074391616692,-0.007627997473385051
2013-01-22,0.21218807505489098,0.2639058974486799,0.05171782239378892,97897,461369,0.008727839623098532,0.015170633334301086,0.18495350684219033,0.22325149881570716,0.03829799197351682,26315,142279,0.02607347152285655,0.028504696189642034,2013-01-22,0.006805044958689166,-0.017919708687919922,0.018810897969776086,-0.05381508865077045,0.024724753646609088,-0.01734563189975802,0.008727839623098532,0.00552638484353582,-0.02898447246059252,-0.005063849130367365,0.02607347152285655,0.006977343777841011,-0.007395911176739739,-0.004131852482796267,2013-02-19,-0.034575344683743264,0.012081475518513074,-0.016509908954960295,0.009533266613877878,-0.11647835652776094,-0.06924283501737845,-0.05230029654233892,0.03740224234631384
2013-01-29,0.17761273037114772,0.25788566997432194,0.08027293960317423,76501,430718,-0.034575344683743264,-0.046375027364213894,0.1970349823607034,0.227654646810115,0.030619664449411575,29266,148532,0.012081475518513074,0.020740938578426894,2013-01-29,-0.016509908954960295,0.009533266613877878,-0.006377525396952244,-0.03821130232091896,-0.026043175568838173,-0.04665682020225634,-0.034575344683743264,0.008727839623098532,0.00552638484353582,-0.02898447246059252,0.012081475518513074,0.02607347152285655,0.006977343777841011,-0.007395911176739739,2013-02-26,0.007649851530914159,0.001431145734760969,0.006007147242466537,-0.0084004541268623,-0.06040156911562172,-0.11061438150233431,-0.030077007379201603,0.03498935283463034
2013-02-05,0.18526258190206188,0.2666575467826464,0.08139496488058455,78548,423982,0.007649851530914159,0.0047525294972580664,0.19846612809546438,0.2197119700089762,0.021245841913511802,30070,151512,0.001431145734760969,0.0054129749818220985,2013-02-05,0.006007147242466537,-0.0084004541268623,0.008681743335306358,-0.03721926656208341,0.014407601369328837,0.00621870579615319,0.007649851530914159,-0.034575344683743264,0.008727839623098532,0.00552638484353582,0.001431145734760969,0.012081475518513074,0.02607347152285655,0.006977343777841011,2013-03-05,-0.03223147095439152,-0.02611619320602146,-0.0128633576378121,0.009158898727519293,-0.09052874326022804,-0.1478067127317662,-0.06097199952929877,0.04200731235659294
2013-02-12,0.15303111094767036,0.2618757584672526,0.10884464751958224,66582,435088,-0.03223147095439152,-0.028222896255029696,0.17234993488944292,0.20332161997683504,0.03097168508739211,26338,152817,-0.02611619320602146,-0.024631712339616665,2013-02-12,-0.0128633576378121,0.009158898727519293,-0.016561074391616692,-0.007627997473385051,-0.022022256365331394,-0.006115277748370063,-0.03223147095439152,0.007649851530914159,-0.034575344683743264,0.008727839623098532,-0.02611619320602146,0.001431145734760969,0.012081475518513074,0.02607347152285655,2013-03-12,-0.05732139242054031,-0.05663926306463103,-0.02893417719203306,0.02711053113177897,-0.05357211725080892,-0.12994453440523368,-0.036300450962993835,0.028570439751351984
2013-02-19,0.09570971852713005,0.24482326902009882,0.14911355049296876,42810,447290,-0.05732139242054031,-0.054637222814694957,0.11571067182481189,0.17570307621996356,0.05999240439515169,17976,155353,-0.05663926306463103,-0.05471904303840541,2013-02-19,-0.02893417719203306,0.02711053113177897,-0.05230029654233892,0.03740224234631384,-0.05604470832381203,-0.0006821293559092778,-0.05732139242054031,-0.03223147095439152,0.007649851530914159,-0.034575344683743264,-0.05663926306463103,-0.02611619320602146,0.001431145734760969,0.012081475518513074,2013-03-19,0.02150144272839595,-0.02929007096644279,0.005713380208177021,0.007120377102194375,0.05127742954235752,-0.08921269464673096,0.004816810258395421,0.023263606764050593
2013-02-26,0.117211161255526,0.2601957322441905,0.1429845709886645,50853,433858,0.02150144272839595,0.0179816226609135,0.0864206008583691,0.17816995708154507,0.09174935622317597,12585,145625,-0.02929007096644279,-0.034701615031573256,2013-02-26,0.005713380208177021,0.007120377102194375,-0.030077007379201603,0.03498935283463034,-0.0014069968940173538,0.05079151369483874,0.02150144272839595,-0.05732139242054031,-0.03223147095439152,0.007649851530914159,-0.02929007096644279,-0.05663926306463103,-0.02611619320602146,0.001431145734760969,2013-03-26,-0.02247732261369216,-0.03576118549467094,-0.02488784490763063,-0.0013824946048996978,0.016054032549018382,-0.07932807473148215,-0.009648238401410936,0.013857111901319996
2013-03-05,0.09473383864183384,0.24932234356375954,0.1545885049219257,41170,434586,-0.02247732261369216,-0.02231836222911644,0.05065941536369816,0.16706322229775664,0.11640380693405847,7452,147100,-0.03576118549467094,-0.0352480686695279,2013-03-05,-0.02488784490763063,-0.0013824946048996978,-0.06097199952929877,0.04200731235659294,-0.023505350302730932,0.013283862880978776,-0.02247732261369216,0.02150144272839595,-0.05732139242054031,-0.03223147095439152,-0.03576118549467094,-0.02929007096644279,-0.05663926306463103,-0.02611619320602146,2013-04-02,0.004725155055027602,-0.00825401487948891,0.011808190928492834,-0.004277973877721664,0.01120705920463863,-0.06669100343470712,0.0003279931355084642,0.05209554386355153
2013-03-12,0.09945899369686144,0.2534853506443383,0.15402635694747685,44324,445651,0.004725155055027602,0.007257481833285012,0.04240540048420925,0.1624461334070662,0.12004073292285697,6288,148283,-0.00825401487948891,-0.007912984364377974,2013-03-12,0.011808190928492834,-0.004277973877721664,-0.036300450962993835,0.028570439751351984,0.016086164806214498,0.012979169934516512,0.004725155055027602,-0.02247732261369216,0.02150144272839595,-0.05732139242054031,-0.00825401487948891,-0.03576118549467094,-0.02929007096644279,-0.05663926306463103,2013-04-09,0.04752815437262613,-0.015907423306128324,0.012183084029356195,0.02180369814447758,0.02055406711996781,-0.04615907557250382,-0.005527969768548857,0.0368466495386639
2013-03-19,0.14698714806948757,0.2754361124725444,0.12844896440305686,64779,440712,0.04752815437262613,0.04589914529530956,0.026497977178080927,0.1640432679298579,0.137545290751777,4015,151521,-0.015907423306128324,-0.015328796962564825,2013-03-19,0.012183084029356195,0.02180369814447758,0.004816810258395421,0.023263606764050593,-0.009620614115121384,0.06343557767875445,0.04752815437262613,0.004725155055027602,-0.02247732261369216,0.02150144272839595,-0.015907423306128324,-0.00825401487948891,-0.03576118549467094,-0.02929007096644279,2013-04-16,-0.013721954264943187,-0.019405451051193984,-0.008751668451629335,-0.0022861177605362215,0.019231263242524776,0.03357118913893983,-0.16152444802393262,0.047134474974752205
2013-03-26,0.13326519380454438,0.263900106497795,0.13063491269325062,55935,419727,-0.013721954264943187,-0.02006752709252301,0.007092526126886942,0.15491396600865617,0.14782143988176924,1075,151568,-0.019405451051193984,-0.019403251034510068,2013-03-26,-0.008751668451629335,-0.0022861177605362215,-0.009648238401410936,0.013857111901319996,-0.006465550691093114,0.005683496786250797,-0.013721954264943187,0.04752815437262613,0.004725155055027602,-0.02247732261369216,-0.019405451051193984,-0.015907423306128324,-0.00825401487948891,-0.03576118549467094,2013-04-23,-0.027324295958071912,-0.023124114197895895,-0.01491161337071123,0.036855937357331836,-0.0057722648328429604,0.041017180106993664,-0.12251237433858986,0.1015324701725806
2013-04-02,0.10594089784647247,0.2648858035936871,0.1589449057472146,44196,417176,-0.027324295958071912,-0.02796817931655576,-0.016031588071008955,0.15306089692144714,0.1690924849924561,-2497,155755,-0.023124114197895895,-0.023566979837432705,2013-04-02,-0.01491161337071123,0.036855937357331836,0.0003279931355084642,0.05209554386355153,-0.051767550728043066,-0.004200181760176017,-0.027324295958071912,-0.013721954264943187,0.04752815437262613,0.004725155055027602,-0.023124114197895895,-0.019405451051193984,-0.015907423306128324,-0.00825401487948891,2013-04-30,0.01407216297035678,0.01227791298271438,0.005952228024435513,-0.019526868202609293,0.01657772657080947,0.06606051256761816,-0.06547045249741945,0.05070103276668858
2013-04-09,0.12001306081682925,0.2723156300043456,0.15230256918751636,49987,416513,0.01407216297035678,0.013881431338332023,-0.003753675088294574,0.1569455316473641,0.16069920673565868,-609,162241,0.01227791298271438,0.01212160123270521,2013-04-09,0.005952228024435513,-0.019526868202609293,-0.005527969768548857,0.0368466495386639,0.025479096227044806,0.0017942499876423997,0.01407216297035678,-0.027324295958071912,-0.013721954264943187,0.04752815437262613,0.01227791298271438,-0.023124114197895895,-0.019405451051193984,-0.015907423306128324,2013-05-07,0.046205350495183095,0.06382284140531534,-0.14381339422602757,0.032091523580565884,-0.00918966626380606,0.049558220164462055,-0.08830458816336861,0.06881016348648794
2013-04-16,0.16621841131201234,0.2970032656875253,0.1307848543755129,68662,413083,0.046205350495183095,0.04483653571437146,0.060069166317020764,0.17428894737511283,0.11421978105809208,9449,157302,0.06382284140531534,0.06199419382276983,2013-04-16,-0.14381339422602757,0.032091523580565884,-0.16152444802393262,0.047134474974752205,-0.17590491780659345,-0.017617490910132247,0.046205350495183095,0.01407216297035678,-0.027324295958071912,-0.013721954264943187,0.06382284140531534,0.01227791298271438,-0.023124114197895895,-0.019405451051193984,2013-05-14,-0.038725482340310924,-0.01195946008314016,0.030260405233713428,0.052111877437292176,-0.07747693418011237,-0.034527573959452294,0.037031647148875635,0.04145253772558499
2013-04-23,0.12749292897170142,0.2882907626110043,0.16079783363930286,52919,415074,-0.038725482340310924,-0.03811098495943915,0.048109706233880604,0.16865446310624646,0.12054475687236585,7648,158970,-0.01195946008314016,-0.011449314058308223,2013-04-23,0.030260405233713428,0.052111877437292176,-0.12251237433858986,0.1015324701725806,-0.021851472203578748,-0.026766022257170764,-0.038725482340310924,0.046205350495183095,0.01407216297035678,-0.027324295958071912,-0.01195946008314016,0.06382284140531534,0.01227791298271438,-0.023124114197895895,2013-05-21,-0.004974304554419481,0.00191921826272861,0.04213030847045918,-0.013975500048560185,-0.04598864841656307,-0.034780320354551586,-0.029658163205081856,-0.004086018552326376
2013-04-30,0.12251862441728194,0.27741298116541235,0.15489435674813043,51591,421087,-0.004974304554419481,-0.0031994294993181937,0.050028924496609214,0.1777636833778236,0.1277347588812144,7178,143477,0.00191921826272861,-0.002956532679121847,2013-04-30,0.04213030847045918,-0.013975500048560185,-0.06547045249741945,0.05070103276668858,0.05610580851901936,-0.006893522817148091,-0.004974304554419481,-0.038725482340310924,0.046205350495183095,0.01407216297035678,0.00191921826272861,-0.01195946008314016,0.06382284140531534,0.01227791298271438,2013-05-28,-0.01169522986425875,-0.00422437942044173,-0.01688190764151365,-0.0014177374828099332,-0.0080736473977613,-0.04535580217642807,-0.0672083639085912,0.018641097022930708
2013-05-07,0.11082339455302319,0.2642082885203377,0.15338489396731447,48533,437931,-0.01169522986425875,-0.0072621572264163934,0.045804545076167484,0.17100224756513777,0.12519770248897027,6603,144156,-0.00422437942044173,-0.004007610975975243,2013-05-07,-0.01688190764151365,-0.0014177374828099332,-0.08830458816336861,0.06881016348648794,-0.015464170158703716,-0.007470850443817019,-0.01169522986425875,-0.004974304554419481,-0.038725482340310924,0.046205350495183095,-0.00422437942044173,0.00191921826272861,-0.01195946008314016,0.06382284140531534,2013-06-04,-0.022081917421123212,-0.020262952718599014,-0.01847715891378332,0.0047338978196629355,0.032820674379403406,-0.03253379151145369,-0.037376065193860164,0.021923672574002406
2013-05-14,0.08874147713189998,0.2535634939590722,0.16482201682717224,39384,443806,-0.022081917421123212,-0.020891418967828264,0.02554159235756847,0.1713878865801225,0.14584629422255402,3695,144666,-0.020262952718599014,-0.020172590804406337,2013-05-14,-0.01847715891378332,0.0047338978196629355,0.037031647148875635,0.04145253772558499,-0.023211056733446256,-0.0018189647025241978,-0.022081917421123212,-0.01169522986425875,-0.004974304554419481,-0.038725482340310924,-0.020262952718599014,-0.00422437942044173,0.00191921826272861,-0.01195946008314016,2013-06-11,-0.007237196576761626,-0.012212206478239448,-0.03642940512024406,0.006573321159380807,0.059229334222568736,-0.03000566573959667,-0.0336488441253584,0.04274522703960626
2013-05-21,0.08150428055513835,0.2535110864024282,0.1720068058472899,36358,446087,-0.007237196576761626,-0.006818294480020549,0.013329385879329022,0.16645920104428102,0.153129815164952,1981,148619,-0.012212206478239448,-0.011847980866271273,2013-05-21,-0.03642940512024406,0.006573321159380807,-0.029658163205081856,-0.004086018552326376,-0.04300272627962487,0.004975009901477822,-0.007237196576761626,-0.022081917421123212,-0.01169522986425875,-0.004974304554419481,-0.012212206478239448,-0.020262952718599014,-0.00422437942044173,0.00191921826272861,2013-06-18,0.03294069646438229,-0.008656263559147878,0.004580107766949837,0.008751615526696899,0.022585816128552705,-0.016164779598765146,-0.005660178670335192,0.029166949536915787
2013-05-28,0.11444497701952064,0.2780552845370206,0.16361030751749997,47037,411001,0.03294069646438229,0.023939276419173837,0.004673122320181144,0.16519728284434168,0.16052416052416052,679,145299,-0.008656263559147878,-0.008760656443657944,2013-05-28,0.004580107766949837,0.008751615526696899,-0.0672083639085912,0.018641097022930708,-0.004171507759747062,0.041596960023530166,0.03294069646438229,-0.007237196576761626,-0.022081917421123212,-0.01169522986425875,-0.008656263559147878,-0.012212206478239448,-0.020262952718599014,-0.00422437942044173,2013-06-25,0.029199091912905956,0.008597631244532649,0.012950391073217382,0.001864838068261765,-0.03690950381737139,-0.003407470545068977,-0.0780283883517292,0.05172808031583909
2013-06-04,0.1436440689324266,0.30091325547296555,0.15726918654053895,53588,373061,0.029199091912905956,0.015939133968043872,0.013270753564713793,0.17111998572742118,0.1578492321627074,1934,145734,0.008597631244532649,0.008637361578538049,2013-06-04,0.012950391073217382,0.001864838068261765,-0.037376065193860164,0.021923672574002406,0.011085553004955617,0.020601460668373307,0.029199091912905956,0.03294069646438229,-0.007237196576761626,-0.022081917421123212,0.008597631244532649,-0.008656263559147878,-0.012212206478239448,-0.020262952718599014,2013-07-02,0.004326742422042118,-0.017734826946741993,-0.014749937845281558,0.02555545228526679,-0.0915386788120803,0.008397161761480147,-0.11906865280325096,0.034010794332745675
2013-06-11,0.1479708113544687,0.3116059104867271,0.16363509913225838,55318,373844,0.004326742422042118,0.004637311324421476,-0.004464073382028198,0.16841854934601666,0.17288262272804483,-657,147175,-0.017734826946741993,-0.01777896715934511,2013-06-11,-0.014749937845281558,0.02555545228526679,-0.0336488441253584,0.04274522703960626,-0.040305390130548346,0.02206156936878411,0.004326742422042118,0.029199091912905956,0.03294069646438229,-0.007237196576761626,-0.017734826946741993,0.008597631244532649,-0.008656263559147878,-0.012212206478239448,2013-07-09,-0.04388071467077766,0.0016286796625920746,-0.008440739665220853,-0.007004956343309665,-0.09263383554035573,0.033862434245973926,-0.09958193225257794,0.019098214959791804
2013-06-18,0.10409009668369106,0.2927956595758222,0.1887055628921311,39253,377106,-0.04388071467077766,-0.042972469800237535,-0.0028353937194361234,0.16610737135651907,0.16894276507595518,-425,149891,0.0016286796625920746,0.0015763546798029558,2013-06-18,-0.008440739665220853,-0.007004956343309665,-0.005660178670335192,0.029166949536915787,-0.0014357833219111882,-0.04550939433336973,-0.04388071467077766,0.004326742422042118,0.029199091912905956,0.03294069646438229,0.0016286796625920746,-0.017734826946741993,0.008597631244532649,-0.008656263559147878,2013-07-16,-0.026554623481541806,0.00410104549454829,-0.06778810191444418,0.0313127463056202,-0.009058037757954648,0.03615998437476228,-0.05635297839285247,0.020780455155093858
2013-06-25,0.07753547320214925,0.27503347011496315,0.19749799691281386,30289,390647,-0.026554623481541806,-0.02377050484479165,0.0012656517751121665,0.1897766622345153,0.18851101045940316,178,140639,0.00410104549454829,0.004022923324282312,2013-06-25,-0.06778810191444418,0.0313127463056202,-0.0780283883517292,0.05172808031583909,-0.09910084822006437,-0.030655668976090095,-0.026554623481541806,-0.04388071467077766,0.004326742422042118,0.029199091912905956,0.00410104549454829,0.0016286796625920746,-0.017734826946741993,0.008597631244532649,2013-07-23,-0.025430083081802952,0.020402263551081774,-0.028089873378304375,-0.015852447914831647,0.04978827607904683,0.04287923087965299,0.049303019646889545,0.004828233911106761
2013-07-02,0.0521053901203463,0.25100207359179727,0.19889668347145095,21384,410399,-0.025430083081802952,-0.022795516156530065,0.02166791532619394,0.20104152894686586,0.17937361362067192,2950,136146,0.020402263551081774,0.019710037756241156,2013-07-02,-0.028089873378304375,-0.015852447914831647,-0.11906865280325096,0.034010794332745675,-0.012237425463472729,-0.04583234663288473,-0.025430083081802952,-0.026554623481541806,-0.04388071467077766,0.004326742422042118,0.020402263551081774,0.00410104549454829,0.0016286796625920746,-0.017734826946741993,2013-07-30,0.003231585693766692,0.00773044553775179,0.004736782705391462,0.010642872912312917,0.07893847251141162,0.027266444875867327,0.0650589385417284,0.04649567028913504
2013-07-09,0.05533697581411299,0.24547817987181805,0.19014120405770504,23882,431574,0.003231585693766692,0.006086759470661478,0.02939836086394573,0.20516843355671605,0.1757700726927703,3935,133851,0.00773044553775179,0.0072348802021359425,2013-07-09,0.004736782705391462,0.010642872912312917,-0.09958193225257794,0.019098214959791804,-0.005906090206921455,-0.004498859843985098,0.003231585693766692,-0.025430083081802952,-0.026554623481541806,-0.04388071467077766,0.00773044553775179,0.020402263551081774,0.00410104549454829,0.0016286796625920746,2013-08-06,0.03969508311162342,0.003926229791380433,0.03478821419450462,-0.005322716148007611,0.032386663414088655,0.0023691870145575965,0.02739447990344157,0.013490500216911894
2013-07-16,0.0950320589257364,0.24242816552081276,0.14739610659507635,41841,440283,0.03969508311162342,0.041612794097883564,0.03332459065532616,0.20555284948855335,0.17222825883322718,4447,133445,0.003926229791380433,0.003825148859552786,2013-07-16,0.03478821419450462,-0.005322716148007611,-0.05635297839285247,0.020780455155093858,0.04011093034251223,0.03576885332024299,0.03969508311162342,0.003231585693766692,-0.025430083081802952,-0.026554623481541806,0.003926229791380433,0.00773044553775179,0.020402263551081774,0.00410104549454829,2013-08-13,0.032291690355459673,0.010820291999438993,0.03786789612529784,0.015360525061633101,0.002236643688801665,0.051437215506210825,0.022563586422291948,-0.04639475550486161
2013-07-23,0.12732374928119608,0.2576032202415181,0.13027947096032202,55354,434750,0.032291690355459673,0.03069162334225941,0.044144882654765155,0.20644715669308072,0.16230227403831557,5816,131748,0.010820291999438993,0.010258908164412306,2013-07-23,0.03786789612529784,0.015360525061633101,0.049303019646889545,0.004828233911106761,0.02250737106366474,0.02147139835602068,0.032291690355459673,0.03969508311162342,0.003231585693766692,-0.025430083081802952,0.010820291999438993,0.003926229791380433,0.00773044553775179,0.020402263551081774,2013-08-20,0.0037201133505618267,0.0047894775472961115,-0.012333954483465526,0.02581498846319663,-0.0017016844671020048,0.07920340383551529,0.020903951564070766,-0.09457214911093725
2013-07-30,0.1310438626317579,0.27415719017215107,0.14311332754039316,52029,397035,0.0037201133505618267,-0.007648073605520414,0.04893436020206127,0.2153262416152856,0.16639188141322434,6500,132831,0.0047894775472961115,0.005191729665725476,2013-07-30,-0.012333954483465526,0.02581498846319663,0.0650589385417284,0.04649567028913504,-0.03814894294666216,-0.0010693641967342848,0.0037201133505618267,0.032291690355459673,0.03969508311162342,0.003231585693766692,0.0047894775472961115,0.010820291999438993,0.003926229791380433,0.00773044553775179,2013-08-27,-0.04332022340355626,-0.01716681232355794,-0.03292767593289536,-0.022362297159910227,0.05221214749055336,0.07387480959290238,0.06518715467237701,-0.1496190278252132
2013-08-06,0.08772363922820164,0.2659684594836162,0.17824482025541455,34744,396062,-0.04332022340355626,-0.04353520470487488,0.031767547878503326,0.2091963075431834,0.17742875966468008,4195,132053,-0.01716681232355794,-0.017352876963961726,2013-08-06,-0.03292767593289536,-0.022362297159910227,0.02739447990344157,0.013490500216911894,-0.010565378772985135,-0.026153411079998322,-0.04332022340355626,0.0037201133505618267,0.032291690355459673,0.03969508311162342,-0.01716681232355794,0.0047894775472961115,0.010820291999438993,0.003926229791380433,2013-09-03,0.009545063386336428,0.05299425828303366,0.029957320713354996,-0.06520797186978111,0.10631420072403519,0.12083007932221612,0.09569873810756846,-0.12115847777662969
2013-08-13,0.09726870261453807,0.2574875751189998,0.16021887250446168,37988,390547,0.009545063386336428,0.008190636819487857,0.08476180616153699,0.2212074601038262,0.1364456539422892,11462,135226,0.05299425828303366,0.05503093454900684,2013-08-13,0.029957320713354996,-0.06520797186978111,0.022563586422291948,-0.04639475550486161,0.09516529258313611,-0.043449194896697234,0.009545063386336428,-0.04332022340355626,0.0037201133505618267,0.032291690355459673,0.05299425828303366,-0.01716681232355794,0.0047894775472961115,0.010820291999438993,2013-09-10,0.028353362199556004,0.038586480328743455,0.03620826126707666,-0.032816868544442546,0.07135719674094551,0.049692574115637114,0.030833393499382744,-0.03548409144021791
2013-08-20,0.12562206481409408,0.27109571625022705,0.14547365143613294,48416,385410,0.028353362199556004,0.02670101165800787,0.12334828649028044,0.22282492599713144,0.09947663950685098,16168,131076,0.038586480328743455,0.034800999807729285,2013-08-20,0.03620826126707666,-0.032816868544442546,0.020903951564070766,-0.09457214911093725,0.0690251298115192,-0.010233118129187452,0.028353362199556004,0.009545063386336428,-0.04332022340355626,0.0037201133505618267,0.038586480328743455,0.05299425828303366,-0.01716681232355794,0.0047894775472961115,2013-09-17,0.057633945308217194,-0.0005391166953167964,0.03194924862484072,-0.029231890251079307,0.016814595334842974,-0.016445832540636515,-0.04596288450967467,0.0110630607292177
2013-08-27,0.18325601012231127,0.274747332739741,0.09149132261742975,70389,384102,0.057633945308217194,0.05701201318076853,0.12280916979496365,0.2198313582124952,0.09702218841753155,15016,122271,-0.0005391166953167964,-0.008788794287283713,2013-08-27,0.03194924862484072,-0.029231890251079307,0.06518715467237701,-0.1496190278252132,0.06118113887592003,0.05817306200353399,0.057633945308217194,0.028353362199556004,0.009545063386336428,-0.04332022340355626,-0.0005391166953167964,0.038586480328743455,0.05299425828303366,-0.01716681232355794,2013-09-24,0.010781829829925565,0.029788457405755808,-0.0024160924977039144,0.006098252888673272,-0.014008807465628326,-0.0289765353763093,-0.06878393278775174,0.05276842074909105
2013-09-03,0.19403783995223683,0.2770108908241204,0.08297305087188356,75400,388584,0.010781829829925565,0.01304601381924593,0.15259762720071945,0.23979627131541628,0.08719864411469683,17647,115644,0.029788457405755808,0.021517776087543246,2013-09-03,-0.0024160924977039144,0.006098252888673272,0.09569873810756846,-0.12115847777662969,-0.008514345386377187,-0.019006627575830243,0.010781829829925565,0.057633945308217194,0.028353362199556004,0.009545063386336428,0.029788457405755808,-0.0005391166953167964,0.038586480328743455,0.05299425828303366,2013-10-01,-0.025411940596753252,-0.018143246923545353,-0.03490802389483072,0.020466414466630667,-0.029978409401469897,-0.04987977371489012,-0.09071003188689986,0.045573553269016465
2013-09-10,0.16862589935548358,0.2612373881987901,0.0926114888433065,64780,384164,-0.025411940596753252,-0.02732999814711877,0.1344543802771741,0.23390573230254016,0.09945135202536606,15096,112276,-0.018143246923545353,-0.0220590778596382,2013-09-10,-0.03490802389483072,0.020466414466630667,0.030833393499382744,-0.03548409144021791,-0.05537443836146139,-0.007268693673207899,-0.025411940596753252,0.010781829829925565,0.057633945308217194,0.028353362199556004,-0.018143246923545353,0.029788457405755808,-0.0005391166953167964,0.038586480328743455,2013-10-08,-0.026189239206546533,-0.027551926327530174,-0.04058801674198076,0.013730283624993067,0.024556716476873353,-0.011584046593561978,-0.03349856979442123,-0.004152153658145252
2013-09-17,0.14243666014893705,0.25057723509589386,0.10814057494695678,54780,384592,-0.026189239206546533,-0.02603054945283785,0.10690245394964393,0.21138377218265827,0.10448131823301436,12054,112757,-0.027551926327530174,-0.027093947059033098,2013-09-17,-0.04058801674198076,0.013730283624993067,-0.04596288450967467,0.0110630607292177,-0.054318300366973826,0.001362687120983641,-0.026189239206546533,-0.025411940596753252,0.010781829829925565,0.057633945308217194,-0.027551926327530174,-0.018143246923545353,0.029788457405755808,-0.0005391166953167964,2013-10-15,0.026810542507745894,-0.013069819530989582,0.009128200346763649,0.012473469768794043,-0.004144110761547637,0.003701898628083747,-0.022140508810569948,-0.0028721076488680275
2013-09-24,0.16924720265668294,0.2618477272246547,0.09260052456797174,64012,378216,0.026810542507745894,0.024004659483296584,0.09383263441865435,0.20442141438962935,0.110588779970975,10539,112317,-0.013069819530989582,-0.013435972932944296,2013-09-24,0.009128200346763649,0.012473469768794043,-0.06878393278775174,0.05276842074909105,-0.0033452694220303947,0.039880362038735476,0.026810542507745894,-0.026189239206546533,-0.025411940596753252,0.010781829829925565,-0.013069819530989582,-0.027551926327530174,-0.018143246923545353,0.029788457405755808,2013-10-22,-0.005187772105916005,0.008885219067174988,-0.024342191596852025,-0.0010966145914013126,0.0013554835197296389,0.05745154689969757,0.0130740591902887,-0.03277126752104342
2013-10-01,0.16405943055076694,0.2613303185077683,0.09727088795700131,61383,374151,-0.005187772105916005,-0.006951054423927068,0.10271785348582933,0.22361547406237525,0.12089762057654593,11837,115238,0.008885219067174988,0.011556576475511277,2013-10-01,-0.024342191596852025,-0.0010966145914013126,-0.09071003188689986,0.045573553269016465,-0.023245577005450713,-0.014072991173090993,-0.005187772105916005,0.026810542507745894,-0.026189239206546533,-0.025411940596753252,0.008885219067174988,-0.013069819530989582,-0.027551926327530174,-0.018143246923545353,2013-10-29,0.029123185281589997,0.02015248019778279,0.022303438197647907,-0.02925929246053105,0.06427415246013796,0.061272174835095936,0.0407353687549854,-0.020091011360474642
2013-10-08,0.19318261583235694,0.2643558689654055,0.0711732531330486,71556,370406,0.029123185281589997,0.027189557157404363,0.12287033368361212,0.22758359317128632,0.10471325948767421,14265,116098,0.02015248019778279,0.021069438900362728,2013-10-08,0.022303438197647907,-0.02925929246053105,-0.03349856979442123,-0.004152153658145252,0.05156273065817896,0.008970705083807207,0.029123185281589997,-0.005187772105916005,0.026810542507745894,-0.026189239206546533,0.02015248019778279,0.008885219067174988,-0.013069819530989582,-0.027551926327530174,2013-11-05,-0.05489006644496752,-0.01226598110588445,-0.029229955758129478,0.015010329634270292,0.008691240153744256,0.027738672532799866,-0.006615270386295613,0.0212232888988777
2013-10-15,0.1382925493873894,0.25496231600070207,0.11666976661331266,52790,381727,-0.05489006644496752,-0.05066332618802071,0.11060435257772767,0.2298140387412118,0.11920968616348412,12853,116207,-0.01226598110588445,-0.01216213888266809,2013-10-15,-0.029229955758129478,0.015010329634270292,-0.022140508810569948,-0.0028721076488680275,-0.04424028539239977,-0.04262408533908307,-0.05489006644496752,0.029123185281589997,-0.005187772105916005,0.026810542507745894,-0.01226598110588445,0.02015248019778279,0.008885219067174988,-0.013069819530989582,2013-11-12,0.03231013678902317,0.040679828740624244,0.0443427683476223,-0.017425690103381353,-0.02412109534618498,-0.03525982449434609,-0.010399040881309496,0.017216100176098426
2013-10-22,0.17060268617641258,0.2691658405252466,0.09856315434883405,66598,390369,0.03231013678902317,0.03617244784885534,0.15128418131835192,0.25084998330007624,0.0995658019817243,17665,116767,0.040679828740624244,0.04140886521466005,2013-10-22,0.0443427683476223,-0.017425690103381353,0.0130740591902887,-0.03277126752104342,0.06176845845100365,-0.008369691951601074,0.03231013678902317,-0.05489006644496752,0.029123185281589997,-0.005187772105916005,0.040679828740624244,-0.01226598110588445,0.02015248019778279,0.008885219067174988,2013-11-19,0.05773089683449231,0.01270584700257335,0.003319117967844676,0.011583641569167469,-0.08375191025146478,-0.11346242624483363,-0.05066682386355481,0.05840937786608702
2013-10-29,0.2283335830109049,0.28315244623753116,0.0548188632266263,88403,387166,0.05773089683449231,0.05585740671006151,0.16399002832092527,0.2674377194023776,0.10344769108145234,19340,117934,0.01270584700257335,0.014344806323704471,2013-10-29,0.003319117967844676,0.011583641569167469,0.0407353687549854,-0.020091011360474642,-0.008264523601322793,0.04502504983191896,0.05773089683449231,0.03231013678902317,-0.05489006644496752,0.029123185281589997,0.01270584700257335,0.040679828740624244,-0.01226598110588445,0.02015248019778279,2013-11-26,-0.026459727024803703,-0.01338102210451328,-0.025047200943633108,0.012055007798821293,-0.18786779930167238,-0.15026775983262558,-0.0797730715636451,0.04582053831528965
2013-11-05,0.2018738559861012,0.27147902253384215,0.06960516654774093,78084,386796,-0.026459727024803703,-0.026652650284374146,0.150609006216412,0.2528428713421722,0.1022338651257602,17880,118718,-0.01338102210451328,-0.01237980565400987,2013-11-05,-0.025047200943633108,0.012055007798821293,-0.006615270386295613,0.0212232888988777,-0.0371022087424544,-0.013078704920290424,-0.026459727024803703,0.05773089683449231,0.03231013678902317,-0.05489006644496752,-0.01338102210451328,0.01270584700257335,0.040679828740624244,-0.01226598110588445,2013-12-03,-0.08770240194489676,-0.0752644781330304,-0.03301372625314336,0.011003140911491016,-0.1761490270364174,-0.17896922227993886,-0.0703709085431008,0.05594119720645585
2013-11-12,0.11417145404120443,0.24950475435816163,0.1353333003169572,46107,403840,-0.08770240194489676,-0.08267148574442341,0.07534452808338159,0.22768577494692144,0.15234124686353986,9759,129525,-0.0752644781330304,-0.06840580198453478,2013-11-12,-0.03301372625314336,0.011003140911491016,-0.010399040881309496,0.017216100176098426,-0.04401686716463438,-0.012437923811866355,-0.08770240194489676,-0.026459727024803703,0.05773089683449231,0.03231013678902317,-0.0752644781330304,-0.01338102210451328,0.01270584700257335,0.040679828740624244,2013-12-10,-0.02732067811625663,-0.0375227730098633,0.004074985365376982,0.02376758758660724,-0.07228845504567552,-0.06671101291274005,-0.005158215572493852,0.011987951023813892
2013-11-19,0.0868507759249478,0.24480243466888,0.1579516587439322,34531,397590,-0.02732067811625663,-0.028664817749603805,0.03782175507351829,0.20943886923758545,0.17161711416406716,5250,138809,-0.0375227730098633,-0.034811812391430226,2013-11-19,0.004074985365376982,0.02376758758660724,-0.05066682386355481,0.05840937786608702,-0.01969260222123026,0.01020209489360667,-0.02732067811625663,-0.08770240194489676,-0.026459727024803703,0.05773089683449231,-0.0375227730098633,-0.0752644781330304,-0.01338102210451328,0.01270584700257335,2013-12-17,-0.046384992215715286,-0.024099486585218603,-0.025787129732245617,-0.0010051979816299017,-0.05114538560966521,-0.00999855131674815,-0.0355997480989636,-0.011340430902214482
2013-11-26,0.04046578370923252,0.2373514319325004,0.1968856482232679,15961,394432,-0.046384992215715286,-0.046706406096732815,0.013722268488299685,0.22235476828197798,0.20863249979367832,1829,133287,-0.024099486585218603,-0.02464537602028687,2013-11-26,-0.025787129732245617,-0.0010051979816299017,-0.0797730715636451,0.04582053831528965,-0.024781931750615716,-0.022285505630496683,-0.046384992215715286,-0.02732067811625663,-0.08770240194489676,-0.026459727024803703,-0.024099486585218603,-0.0375227730098633,-0.0752644781330304,-0.01338102210451328,2013-12-24,-0.01474095475954874,-0.04208248455182657,-0.0156450379230888,0.022175666689987494,-0.01139109295089559,0.011371881744528748,-0.031538738547779666,-0.012007954744237548
2013-12-03,0.025724828949683778,0.24239718866772247,0.2166723597180387,9941,386436,-0.01474095475954874,-0.015262453350640921,-0.028360216063526882,0.21453846096056614,0.24289867702409304,-3775,133109,-0.04208248455182657,-0.0420446105021495,2013-12-03,-0.0156450379230888,0.022175666689987494,-0.0703709085431008,0.05594119720645585,-0.037820704613076295,0.027341529792277827,-0.01474095475954874,-0.046384992215715286,-0.02732067811625663,-0.08770240194489676,-0.04208248455182657,-0.024099486585218603,-0.0375227730098633,-0.0752644781330304,2013-12-31,0.016158170045845136,0.03699373123416842,0.032198966717463584,-0.03295010527115094,0.020975210570801008,0.0873298329723776,-0.015721413376346582,-0.031342469760760494
2013-12-10,0.041882998995528914,0.25000463805911805,0.2081216390635891,15803,377313,0.016158170045845136,0.015169394155823992,0.00863351517064154,0.22338938731346647,0.21475587214282493,1149,133086,0.03699373123416842,0.03699223944286262,2013-12-10,0.032198966717463584,-0.03295010527115094,-0.005158215572493852,0.011987951023813892,0.06514907198861453,-0.020835561188323286,0.016158170045845136,-0.01474095475954874,-0.046384992215715286,-0.02732067811625663,0.03699373123416842,-0.04208248455182657,-0.024099486585218603,-0.0375227730098633,2014-01-07,-0.006177608680246319,0.019189688586128597,-0.026366547161092768,0.00043920566057886745,0.021398126582442,0.06434773302044107,-0.02493480254399394,0.0023935648315442926
2013-12-17,0.035705390315282595,0.24232290001868034,0.20661750970339773,13762,385432,-0.006177608680246319,-0.005409302091367114,0.027823203756770137,0.2277541896088698,0.19993098585209967,3709,133306,0.019189688586128597,0.01923568219046331,2013-12-17,-0.026366547161092768,0.00043920566057886745,-0.0355997480989636,-0.011340430902214482,-0.026805752821671636,-0.025367297266374916,-0.006177608680246319,0.016158170045845136,-0.01474095475954874,-0.046384992215715286,0.019189688586128597,0.03699373123416842,-0.04208248455182657,-0.024099486585218603,2014-01-14,-0.006630699556945667,-0.0027290535239417046,-0.02172612018106168,-0.0016727218236529673,0.03234523723330608,0.0541330529450028,0.010396654886523748,-0.00412645776927123
2013-12-24,0.029074690758336928,0.2440632354392764,0.2149885446809395,11193,384974,-0.006630699556945667,-0.006665248344714502,0.025094150232828433,0.22883600878483937,0.20374185855201093,3325,132501,-0.0027290535239417046,-0.0028805905210568168,2013-12-24,-0.02172612018106168,-0.0016727218236529673,-0.031538738547779666,-0.012007954744237548,-0.020053398357408714,-0.0039016460330039623,-0.006630699556945667,-0.006177608680246319,0.016158170045845136,-0.01474095475954874,-0.0027290535239417046,0.019189688586128597,0.03699373123416842,-0.04208248455182657,2014-01-21,0.017625348762147858,0.033875466676022294,0.00017228724834428277,0.002841151673464548,0.044453325418459304,0.04527324587237133,0.03053671150782744,0.00891710624901565
2013-12-31,0.046700039520484786,0.2530865498616783,0.2063865103411935,17725,379550,0.017625348762147858,0.016967379615246744,0.058969616908850726,0.2398867710888847,0.18091715418003396,7812,132475,0.033875466676022294,0.03386389536682742,2013-12-31,0.00017228724834428277,0.002841151673464548,-0.015721413376346582,-0.031342469760760494,-0.0026688644251202653,-0.016250117913874436,0.017625348762147858,-0.006630699556945667,-0.006177608680246319,0.016158170045845136,0.033875466676022294,-0.0027290535239417046,0.019189688586128597,0.03699373123416842,2014-01-28,0.01658108605748613,0.01401163128223188,0.022985577549816227,0.0007859293211538443,0.07672088178620201,-0.031266558202769364,0.04075304901507959,0.033298206237421635
2014-01-07,0.06328112557797091,0.25758117701118216,0.19430005143321125,24238,383021,0.01658108605748613,0.01715979449347912,0.0729812481910826,0.23075692720154767,0.15777567901046508,9582,131294,0.01401163128223188,0.013361011511605963,2014-01-07,0.022985577549816227,0.0007859293211538443,-0.02493480254399394,0.0023935648315442926,0.022199648228662383,0.0025694547752542485,0.01658108605748613,0.017625348762147858,-0.006630699556945667,-0.006177608680246319,0.01401163128223188,0.033875466676022294,-0.0027290535239417046,0.019189688586128597,2014-02-04,0.004769501970617762,0.00897500851069033,0.00896491026942492,-0.006080816940236655,0.055248576088428744,-0.05703895687218985,0.01809813953792183,0.03816212670364694
2014-01-14,0.06805062754858868,0.25107480032544904,0.18302417277686037,28270,415426,0.004769501970617762,0.010526837954054739,0.08195625670177294,0.2335007858517311,0.15154452914995814,11159,136158,0.00897500851069033,0.012011211479580178,2014-01-14,0.00896491026942492,-0.006080816940236655,0.010396654886523748,-0.00412645776927123,0.015045727209661575,-0.004205506540072568,0.004769501970617762,0.01658108605748613,0.017625348762147858,-0.006630699556945667,0.00897500851069033,0.01401163128223188,0.033875466676022294,-0.0027290535239417046,2014-02-11,0.005477388628207555,-0.011588860596573172,-0.0015860635597579886,0.011370842194633912,0.07011841904095487,-0.014721075470862321,0.03660593946986168,0.035062296971534845
2014-01-21,0.07352801617679623,0.2548259072072883,0.1812978910304921,30217,410959,0.005477388628207555,0.0046867552825292595,0.07036739610519976,0.23017466372214415,0.1598072676169444,9814,139468,-0.011588860596573172,-0.009878229703726553,2014-01-21,-0.0015860635597579886,0.011370842194633912,0.03053671150782744,0.00891710624901565,-0.0129569057543919,0.017066249224780727,0.005477388628207555,0.004769501970617762,0.01658108605748613,0.017625348762147858,-0.011588860596573172,0.00897500851069033,0.01401163128223188,0.033875466676022294,2014-02-18,0.04989290512989057,-0.0426643373991184,0.010388624755596432,0.027222251661870533,0.10256375536736755,0.06715088185582993,0.062343168046259834,-0.035004062826665905
2014-01-28,0.1234209213066868,0.28683254123567237,0.16341161992898554,47238,382739,0.04989290512989057,0.04141775700252336,0.027703058706081363,0.20569313108344195,0.1779900723773606,3996,144244,-0.0426643373991184,-0.041715662374164686,2014-01-28,0.010388624755596432,0.027222251661870533,0.04075304901507959,0.033298206237421635,-0.016833626906274102,0.09255724252900897,0.04989290512989057,0.005477388628207555,0.004769501970617762,0.01658108605748613,-0.0426643373991184,-0.011588860596573172,0.00897500851069033,0.01401163128223188,2014-02-25,-0.004891219640287145,-0.01176076738718861,0.00033066807265846876,0.0056498497873791464,0.12497973623660963,0.15734943427752973,0.06606182787055115,-0.04289962522464297
2014-02-04,0.11852970166639966,0.2916457359773433,0.1731160343109436,43652,368279,-0.004891219640287145,-0.009369309111431027,0.015942291318892753,0.2084498166435376,0.19250752532464485,2378,149163,-0.01176076738718861,-0.011217104350960872,2014-02-04,0.00033066807265846876,0.0056498497873791464,0.01809813953792183,0.03816212670364694,-0.005319181714720678,0.0068695477469014644,-0.004891219640287145,0.04989290512989057,0.005477388628207555,0.004769501970617762,-0.01176076738718861,-0.0426643373991184,-0.011588860596573172,0.00897500851069033,2014-03-04,0.019639344923143884,0.05129288991201786,0.02747271020136477,-0.009180646672348747,0.1387185730382532,0.1754991163935745,0.06162076555561313,-0.021248753466160064
2014-02-11,0.13816904658954354,0.30988160955824423,0.1717125629687007,52086,376973,0.019639344923143884,0.022901115730193683,0.06723518123091062,0.22229505095007704,0.1550598697191664,9950,147988,0.05129288991201786,0.05076325898513707,2014-02-11,0.02747271020136477,-0.009180646672348747,0.03660593946986168,0.035062296971534845,0.036653356873713516,-0.031653544988873974,0.019639344923143884,-0.004891219640287145,0.04989290512989057,0.005477388628207555,0.05129288991201786,-0.01176076738718861,-0.0426643373991184,-0.011588860596573172,2014-03-11,0.037922724954620235,0.07028309673011908,0.024151165016640164,-0.05869551760356684,0.11711818796527901,0.10384624603349928,0.04327636168191962,0.013393149070392685
2014-02-18,0.17609177154416378,0.3156516061300524,0.13955983458588858,68770,390535,0.037922724954620235,0.044257811567406685,0.1375182779610297,0.22034889652123643,0.08283061856020675,20220,147035,0.07028309673011908,0.06939751871773386,2014-02-18,0.024151165016640164,-0.05869551760356684,0.062343168046259834,-0.035004062826665905,0.082846682620207,-0.032360371775498845,0.037922724954620235,0.019639344923143884,-0.004891219640287145,0.04989290512989057,0.07028309673011908,0.05129288991201786,-0.01176076738718861,-0.0426643373991184,2014-03-18,0.07230888599913265,0.0475342150225814,0.014107284579887747,0.01932668926389347,0.1117244832760328,0.005297364806196303,0.024960551977562417,0.07942218385388822
2014-02-25,0.24840065754329643,0.3284593925724446,0.08005873502914816,96256,387503,0.07230888599913265,0.07038037563854713,0.1850524929836111,0.25105852188073874,0.06600602889712762,26704,144305,0.0475342150225814,0.04409834393171694,2014-02-25,0.014107284579887747,0.01932668926389347,0.06606182787055115,-0.04289962522464297,-0.005219404684005724,0.024774670976551255,0.07230888599913265,0.037922724954620235,0.019639344923143884,-0.004891219640287145,0.0475342150225814,0.07028309673011908,0.05129288991201786,-0.01176076738718861,2014-03-25,0.008847617161356403,0.006388914728856138,-0.004110394242279547,0.02730072154586205,0.02029799460703602,-0.0983569639416929,-0.021908418217464032,0.06761460119229756
2014-03-04,0.25724827470465284,0.32637197215116487,0.06912369744651203,101167,393266,0.008847617161356403,0.012673450270062425,0.19144140771246723,0.27162860351928114,0.08018719580681392,25567,133550,0.006388914728856138,-0.007879144866775233,2014-03-04,-0.004110394242279547,0.02730072154586205,0.06162076555561313,-0.021248753466160064,-0.0314111157881416,0.002458702432500265,0.008847617161356403,0.07230888599913265,0.037922724954620235,0.019639344923143884,0.006388914728856138,0.0475342150225814,0.07028309673011908,0.05129288991201786,2014-04-01,-0.0019610401498302843,-0.02035998044805734,0.009128306327671254,0.025461255864204002,-0.00562425936283234,-0.13367376849751123,-0.04197857948882433,0.02449282174312506
2014-03-11,0.25528723455482255,0.30769249289738526,0.05240525834256272,106031,415340,-0.0019610401498302843,0.01236821896629762,0.1710814272644099,0.2633778591033852,0.0922964318389753,23374,136625,-0.02035998044805734,-0.016420816173717708,2014-03-11,0.009128306327671254,0.025461255864204002,0.04327636168191962,0.013393149070392685,-0.016332949536532748,0.018398940298227057,-0.0019610401498302843,0.008847617161356403,0.07230888599913265,0.037922724954620235,-0.02035998044805734,0.006388914728856138,0.0475342150225814,0.07028309673011908,2014-04-08,0.03252902026537402,-0.028265784497183893,0.005835355312282964,0.007333517179928695,-0.032170102644587195,-0.11854433117864324,-0.02946104313889375,0.01179774296674152
2014-03-18,0.28781625482019657,0.326218540936604,0.03840228611640745,121063,420626,0.03252902026537402,0.036192035440843644,0.142815642767226,0.25322663199103596,0.11041098922380999,20648,144578,-0.028265784497183893,-0.019952424519670633,2014-03-18,0.005835355312282964,0.007333517179928695,0.024960551977562417,0.07942218385388822,-0.001498161867645731,0.060794804762557914,0.03252902026537402,-0.0019610401498302843,0.008847617161356403,0.07230888599913265,-0.028265784497183893,-0.02035998044805734,0.006388914728856138,0.0475342150225814,2014-04-15,-0.01911760266986412,-0.0561201137253078,-0.0327616856151387,0.007519106602302816,-0.09032019851799161,-0.11148607003851341,-0.04006624999359332,0.018062793773989227
2014-03-25,0.26869865215033245,0.31444217905710786,0.045743526906775404,107013,398264,-0.01911760266986412,-0.033402595179565696,0.0866955290419182,0.24168512910154,0.1549896000596218,12796,147597,-0.0561201137253078,-0.05430978433786607,2014-03-25,-0.0327616856151387,0.007519106602302816,-0.021908418217464032,0.06761460119229756,-0.04028079221744152,0.03700251105544368,-0.01911760266986412,0.03252902026537402,-0.0019610401498302843,0.008847617161356403,-0.0561201137253078,-0.028265784497183893,-0.02035998044805734,0.006388914728856138,2014-04-22,-0.017074636808511956,-0.02892788982696219,-0.024180555513639845,-0.015821057903310454,-0.061754345628202395,-0.04686979832220129,-0.021024835028219613,0.0058684414348708636
2014-04-01,0.2516240153418205,0.3245802047593761,0.0729561894175556,91453,363451,-0.017074636808511956,-0.039069561898640096,0.05776763921495601,0.22600275337354767,0.16823511415859166,8686,150361,-0.02892788982696219,-0.027846094432813676,2014-04-01,-0.024180555513639845,-0.015821057903310454,-0.04197857948882433,0.02449282174312506,-0.008359497610329392,0.011853253018450235,-0.017074636808511956,-0.01911760266986412,0.03252902026537402,-0.0019610401498302843,-0.02892788982696219,-0.0561201137253078,-0.028265784497183893,-0.02035998044805734,2014-04-29,-0.02850688343158514,-0.005230543129189358,0.021645842677601834,0.012766177087820463,-0.04689342067174021,-0.027896404925644967,0.01184304855796725,0.02770796298560807
2014-04-08,0.22311713191023536,0.30029556650246303,0.0771784345922277,81527,365400,-0.02850688343158514,-0.027310421487353177,0.05253709608576665,0.21384543925280575,0.1613083431670391,8370,159316,-0.005230543129189358,-0.0021016087948337665,2014-04-08,0.021645842677601834,0.012766177087820463,-0.02946104313889375,0.01179774296674152,0.008879665589781371,-0.02327634030239578,-0.02850688343158514,-0.017074636808511956,-0.01911760266986412,0.03252902026537402,-0.005230543129189358,-0.02892788982696219,-0.0561201137253078,-0.028265784497183893,2014-05-06,-0.025621075608030397,-0.021207523357054066,-0.004769851542416603,0.013598567987176402,0.0008487687569254942,-0.028175077289151376,-0.0008727178011778136,0.02174198874083011
2014-04-15,0.19749605630220496,0.28533702043146625,0.08784096412926129,72990,369577,-0.025621075608030397,-0.02336343732895457,0.03132957272871258,0.20850643891860282,0.17717686618989023,5143,164158,-0.021207523357054066,-0.02025534158527706,2014-04-15,-0.004769851542416603,0.013598567987176402,-0.04006624999359332,0.018062793773989227,-0.018368419529593005,-0.004413552250976331,-0.025621075608030397,-0.02850688343158514,-0.017074636808511956,-0.01911760266986412,-0.021207523357054066,-0.005230543129189358,-0.02892788982696219,-0.0561201137253078,2014-05-13,0.009448250219925097,0.008496157991004324,-0.013720270649764998,-0.0046752457368155476,0.010181468513362657,-0.0020610197478291917,-0.007117462991970136,-0.0012742217120038646
2014-04-22,0.20694430652213006,0.2836365685882451,0.07669226206611504,77106,372593,0.009448250219925097,0.011137056689133793,0.03982573071971691,0.21952348640027397,0.17969775568055704,6280,157687,0.008496157991004324,0.006926253974829128,2014-04-22,-0.013720270649764998,-0.0046752457368155476,-0.021024835028219613,0.0058684414348708636,-0.009045024912949451,0.0009520922289207728,0.009448250219925097,-0.025621075608030397,-0.02850688343158514,-0.017074636808511956,0.008496157991004324,-0.021207523357054066,-0.005230543129189358,-0.02892788982696219,2014-05-20,-0.002213711852049771,-0.009954496430405867,0.008687328072547018,0.006018463647426753,-0.0037422713217775128,-0.034251824856793706,0.00732489013896398,0.010536855856762894
2014-04-29,0.20473059467008028,0.28278567121229753,0.07805507654221724,77407,378092,-0.002213711852049771,0.0008078519993666011,0.02987123428931104,0.23176488707052986,0.20189365278121882,4461,149341,-0.009954496430405867,-0.01153551021961227,2014-04-29,0.008687328072547018,0.006018463647426753,0.01184304855796725,0.02770796298560807,0.0026688644251202653,0.007740784578356096,-0.002213711852049771,0.009448250219925097,-0.025621075608030397,-0.02850688343158514,-0.009954496430405867,0.008496157991004324,-0.021207523357054066,-0.005230543129189358,2014-05-27,0.019235305997080565,-0.0055092154926957675,0.00893007631845677,0.006800202843042502,-0.05997393441536247,-0.056905695871076536,-0.024402346973270816,-0.00284980963056114
2014-05-06,0.22396590066716085,0.29499629355077833,0.0710303928836175,90639,404700,0.019235305997080565,0.03499677327211367,0.024362018796615273,0.234937623331884,0.21057560453526875,3642,149495,-0.0055092154926957675,-0.005484093450559458,2014-05-06,0.00893007631845677,0.006800202843042502,-0.0008727178011778136,0.02174198874083011,0.002129873475414268,0.024744521489776333,0.019235305997080565,-0.002213711852049771,0.009448250219925097,-0.025621075608030397,-0.0055092154926957675,-0.009954496430405867,0.008496157991004324,-0.021207523357054066,2014-06-03,-0.016288375851593234,0.004906534184268119,-0.011014596733208926,-0.009417642465657572,-0.12404990107538713,-0.07178475041549495,-0.04854810039655533,-0.010603230489993454
2014-05-13,0.20767752481556762,0.2885456729861043,0.08086814817053666,82454,397029,-0.016288375851593234,-0.020224857919446504,0.02926855298088339,0.2347420658742546,0.2054735128933712,4388,149922,0.004906534184268119,0.0049901334492792404,2014-05-13,-0.011014596733208926,-0.009417642465657572,-0.007117462991970136,-0.0012742217120038646,-0.0015969542675513537,-0.021194910035861353,-0.016288375851593234,0.019235305997080565,-0.002213711852049771,0.009448250219925097,0.004906534184268119,-0.0055092154926957675,-0.009954496430405867,0.008496157991004324,2014-06-10,-0.0044754896152150725,-0.02369464711796019,0.0007220824811691173,0.0071358318319512115,-0.10718873322140987,-0.052886164352004904,-0.02610009622544318,-0.009446400718485126
2014-05-20,0.20320203520035254,0.2814050093772457,0.07820297417689316,81153,399371,-0.0044754896152150725,-0.003276838719589753,0.005573905862923204,0.22717162568924643,0.22159771982632323,837,150164,-0.02369464711796019,-0.023685649871266392,2014-05-20,0.0007220824811691173,0.0071358318319512115,0.00732489013896398,0.010536855856762894,-0.006413749350782094,0.019219157502745117,-0.0044754896152150725,-0.016288375851593234,0.019235305997080565,-0.002213711852049771,-0.02369464711796019,0.004906534184268119,-0.0055092154926957675,-0.009954496430405867,2014-06-17,-0.05844537494563473,-0.032608367444688695,-0.023039909039687778,-0.0073682018398972815,-0.0621990418583665,0.032329555152048606,-0.01951718954852044,-0.03494717986810869
2014-05-27,0.1447566602547178,0.27947547743874074,0.13471881718402293,57569,397695,-0.05844537494563473,-0.059052860623330185,-0.027034461581765493,0.21895610898227344,0.24599057056403892,-4226,156319,-0.032608367444688695,-0.03371646999280786,2014-05-27,-0.023039909039687778,-0.0073682018398972815,-0.024402346973270816,-0.00284980963056114,-0.015671707199790497,-0.025837007500946037,-0.05844537494563473,-0.0044754896152150725,-0.016288375851593234,0.019235305997080565,-0.032608367444688695,-0.02369464711796019,0.004906534184268119,-0.0055092154926957675,2014-06-24,-0.04484066066294409,-0.020388270037114194,-0.01521567710482774,-0.0009532180163898119,0.1099147364240797,0.18205081271685686,0.04123885263039995,-0.048311019957736345
2014-06-03,0.09991599959177372,0.29110982595429435,0.19119382636252064,38182,382141,-0.04484066066294409,-0.0487484127283471,-0.047422731618879686,0.218338279668699,0.2657610112875787,-7638,161062,-0.020388270037114194,-0.021827161125646914,2014-06-03,-0.01521567710482774,-0.0009532180163898119,-0.04854810039655533,-0.010603230489993454,-0.014262459088437929,-0.0244523906258299,-0.04484066066294409,-0.05844537494563473,-0.0044754896152150725,-0.016288375851593234,-0.020388270037114194,-0.032608367444688695,-0.02369464711796019,0.004906534184268119,2014-07-01,0.0005727920023840261,0.023805120247758174,0.01143340743790322,-0.008260812694149244,0.2135482238156322,0.27845312128562716,0.062108648696837854,-0.04815687807052571
2014-06-10,0.10048879159415774,0.2952158631489164,0.19472707155475866,38054,378689,0.0005727920023840261,-0.0003349548988462374,-0.023617611371121512,0.21949211301785404,0.24310972438897555,-3815,161532,0.023805120247758174,0.023736200966087594,2014-06-10,0.01143340743790322,-0.008260812694149244,-0.02610009622544318,-0.009446400718485126,0.019694220132052465,-0.023232328245374148,0.0005727920023840261,-0.04484066066294409,-0.05844537494563473,-0.0044754896152150725,0.023805120247758174,-0.020388270037114194,-0.032608367444688695,-0.02369464711796019,2014-07-08,0.0405142017478283,0.06152107238609332,0.007304989158091857,-0.018364947317672353,0.22500659517736094,0.29345595762815896,0.04572961543311749,-0.04484169120219361
2014-06-17,0.14100299334198604,0.2991341159373741,0.15813112259538809,53559,379843,0.0405142017478283,0.04094388799252157,0.03790346101497181,0.2210528874197939,0.1831494264048221,6238,164576,0.06152107238609332,0.06223534655671941,2014-06-17,0.007304989158091857,-0.018364947317672353,-0.01951718954852044,-0.03494717986810869,0.02566993647576421,-0.02100687063826502,0.0405142017478283,0.0005727920023840261,-0.04484066066294409,-0.05844537494563473,0.06152107238609332,0.023805120247758174,-0.020388270037114194,-0.032608367444688695,2014-07-15,0.11366840333681147,0.11711289012011958,0.03771613313923261,-0.020732041929524936,0.15796019672187792,0.24491493513885068,0.01823315389079294,-0.030204889167402715
2014-06-24,0.2546713966787975,0.3429539129636992,0.08828251628490168,99930,392388,0.11366840333681147,0.1220793854302962,0.15501635113509138,0.26738691782684876,0.11237056669175738,24507,158093,0.11711289012011958,0.11100646509819172,2014-06-24,0.03771613313923261,-0.020732041929524936,0.04123885263039995,-0.048311019957736345,0.058448175068757546,-0.0034444867833081094,0.11366840333681147,0.0405142017478283,0.0005727920023840261,-0.04484066066294409,0.11711289012011958,0.06152107238609332,0.023805120247758174,-0.020388270037114194,2014-07-22,0.058792826728608416,0.07601403853165611,0.005654118961610166,-0.000799076129179177,0.05529095697008801,0.1222400109906433,-0.009813354213367376,-0.01080889723296119
2014-07-01,0.31346422340740593,0.3713842011084758,0.0579199777010699,125954,401813,0.058792826728608416,0.06632210974851423,0.2310303896667475,0.3142669338472731,0.08323654418052559,36202,156698,0.07601403853165611,0.07397544483310456,2014-07-01,0.005654118961610166,-0.000799076129179177,0.062108648696837854,-0.04815687807052571,0.006453195090789343,-0.017221211803047698,0.058792826728608416,0.11366840333681147,0.0405142017478283,0.0005727920023840261,0.07601403853165611,0.11711289012011958,0.06152107238609332,0.023805120247758174,2014-07-29,0.012031163364112751,0.03880795659028996,-0.004945625825817146,-0.004945625825817146,-0.023371905526257508,0.02418852076350514,-0.01977130484968903,0.001734820356433353
2014-07-08,0.3254953867715187,0.3764525830186476,0.0509571962471289,133776,410992,0.012031163364112751,0.019466766879120388,0.26983834625703745,0.34098318383585363,0.07114483757881618,43951,162879,0.03880795659028996,0.04945181176530651,2014-07-08,-0.004945625825817146,-0.004945625825817146,0.04572961543311749,-0.04484169120219361,0.0,-0.02677679322617721,0.012031163364112751,0.058792826728608416,0.11366840333681147,0.0405142017478283,0.03880795659028996,0.07601403853165611,0.11711289012011958,0.06152107238609332,2014-08-05,-0.02653219670765472,0.012980049896785029,-0.02019147238423269,-0.0037281452828814565,-0.07384834035450372,-0.08860111770990525,-0.02550546257559816,0.03360496201582652
2014-07-15,0.29896319006386396,0.3655036633624574,0.06654047329859343,122087,408368,-0.02653219670765472,-0.028440942889399308,0.2828183961538225,0.3407942282713747,0.05797583211755219,45943,162447,0.012980049896785029,0.012229937561011548,2014-07-15,-0.02019147238423269,-0.0037281452828814565,0.01823315389079294,-0.030204889167402715,-0.016463327101351233,-0.03951224660443975,-0.02653219670765472,0.012031163364112751,0.058792826728608416,0.11366840333681147,0.012980049896785029,0.03880795659028996,0.07601403853165611,0.11711289012011958,2014-08-12,0.010999163585021565,-0.005562034028087803,0.009669625035072293,-0.0013360499950834104,0.017316549364682632,-0.1435494082320179,0.011655880836407562,0.048023478812460496
2014-07-22,0.3099623536488855,0.36517453657021276,0.05521218292132726,125726,405617,0.010999163585021565,0.008911080202170591,0.2772563621257347,0.33069514108994674,0.053438778964212084,45050,162485,-0.005562034028087803,-0.005497177540982597,2014-07-22,0.009669625035072293,-0.0013360499950834104,-0.009813354213367376,-0.01080889723296119,0.011005675030155704,0.01656119761310937,0.010999163585021565,-0.02653219670765472,0.012031163364112751,0.058792826728608416,-0.005562034028087803,0.012980049896785029,0.03880795659028996,0.07601403853165611,2014-08-19,-0.019870035767737104,-0.022037451695482047,-0.004303831674711489,0.011744641460215366,-0.02829008747057271,-0.17992657856912525,-0.008465808618838722,0.06373046076534328
2014-07-29,0.2900923178811484,0.3624458229964189,0.0723535051152705,108630,374467,-0.019870035767737104,-0.0421481348168346,0.25521891043025263,0.3088018264609796,0.05358291603072693,40467,158558,-0.022037451695482047,-0.028205680524356094,2014-07-29,-0.004303831674711489,0.011744641460215366,-0.01977130484968903,0.001734820356433353,-0.016048473134926855,0.0021674159277449423,-0.019870035767737104,0.010999163585021565,-0.02653219670765472,0.012031163364112751,-0.022037451695482047,-0.005562034028087803,0.012980049896785029,0.03880795659028996,2014-08-26,-0.03844527146413346,-0.07398168188312043,-0.010679783551726274,0.026924515833576024,-0.06682440298378642,-0.16960568278173987,-0.014886603685889455,0.04501161765672901
2014-08-05,0.25164704641701496,0.34361523219608037,0.09196818577906545,90679,360342,-0.03844527146413346,-0.04793746845516427,0.1812372285471322,0.27239208518955693,0.0911548566424247,28559,157578,-0.07398168188312043,-0.07510185547244541,2014-08-05,-0.010679783551726274,0.026924515833576024,-0.02550546257559816,0.03360496201582652,-0.0376042993853023,0.035536410418986975,-0.03844527146413346,-0.019870035767737104,0.010999163585021565,-0.02653219670765472,-0.07398168188312043,-0.022037451695482047,-0.005562034028087803,0.012980049896785029,2014-09-02,0.06463269301153163,-0.04196824062532761,0.01696987102777303,0.010690371513752517,-0.08229183868650611,-0.13489911620447292,-0.018084568966489023,0.016088505600234004
2014-08-12,0.3162797394285466,0.37585367576348633,0.05957393633493972,116427,368114,0.06463269301153163,0.0714543405986535,0.1392689879218046,0.2618901648980211,0.12262117697621651,22035,158219,-0.04196824062532761,-0.041401718514005766,2014-08-12,0.01696987102777303,0.010690371513752517,0.011655880836407562,0.048023478812460496,0.0062794995140205145,0.10660093363685924,0.06463269301153163,-0.03844527146413346,-0.019870035767737104,0.010999163585021565,-0.04196824062532761,-0.07398168188312043,-0.022037451695482047,-0.005562034028087803,2014-09-09,-0.03460747325023378,-0.041939204365195146,-0.01045206442017399,0.014370931957799371,-0.1596297853513079,-0.1137246119802263,-0.04148691117217851,0.004412320346355081
2014-08-19,0.2816722661783128,0.35043026629294133,0.06875800011462851,103205,366401,-0.03460747325023378,-0.03591822098589024,0.09732978355660944,0.24780312081167788,0.15047333725506845,16049,164893,-0.041939204365195146,-0.03783363565690594,2014-08-19,-0.01045206442017399,0.014370931957799371,-0.008465808618838722,0.06373046076534328,-0.02482299637797336,0.007331731114961368,-0.03460747325023378,0.06463269301153163,-0.03844527146413346,-0.019870035767737104,-0.041939204365195146,-0.04196824062532761,-0.07398168188312043,-0.022037451695482047,2014-09-16,-0.05840435128095081,-0.011716555908096699,-0.010724626741762222,-0.006974201648398903,-0.1773027054655072,-0.1072737284357406,-0.04805654163584627,-0.007123134414282806
2014-08-26,0.223267914897362,0.3245583155486128,0.10129040065125079,81182,363608,-0.05840435128095081,-0.060106277002519096,0.08561322764851274,0.25746064214486614,0.17184741449635338,14063,164262,-0.011716555908096699,-0.012044174100780507,2014-08-26,-0.010724626741762222,-0.006974201648398903,-0.014886603685889455,0.04501161765672901,-0.0037504250933633188,-0.04668779537285411,-0.05840435128095081,-0.03460747325023378,0.06463269301153163,-0.03844527146413346,-0.011716555908096699,-0.041939204365195146,-0.04196824062532761,-0.07398168188312043,2014-09-23,-0.05391270716685315,-0.03927511530585346,-0.013877748832325842,-0.00199859622291898,-0.14516802583912275,-0.09201020405012549,-0.047736808115680596,0.039713812521950054
2014-09-02,0.16935520773050886,0.31255803937929827,0.1432028316487894,62918,371515,-0.05391270716685315,-0.05022991793359882,0.046338112342659284,0.2658234087254401,0.21948529638278078,7521,162307,-0.03927511530585346,-0.03982661845101119,2014-09-02,-0.013877748832325842,-0.00199859622291898,-0.018084568966489023,0.016088505600234004,-0.011879152609406862,-0.014637591860999687,-0.05391270716685315,-0.05840435128095081,-0.03460747325023378,0.06463269301153163,-0.03927511530585346,-0.011716555908096699,-0.041939204365195146,-0.04196824062532761,2014-09-30,-0.01270525365327016,-0.020793736401081002,-0.0064324711779164545,-0.0009858137401264067,-0.08795190031805104,-0.06109374384443157,-0.045749190416152885,0.07291687586577433
2014-09-09,0.1566499540772387,0.30886114153837346,0.15221118746113477,60207,384341,-0.01270525365327016,-0.007297148163600393,0.02554437594157828,0.24989563228683273,0.22435125634525444,4222,165281,-0.020793736401081002,-0.020325679114271102,2014-09-09,-0.0064324711779164545,-0.0009858137401264067,-0.04148691117217851,0.004412320346355081,-0.005446657437790048,0.008088482747810842,-0.01270525365327016,-0.05391270716685315,-0.05840435128095081,-0.03460747325023378,-0.020793736401081002,-0.03927511530585346,-0.011716555908096699,-0.041939204365195146,2014-10-07,-0.05228039336443306,-0.03548832082070943,-0.017021694883841754,0.0028354771971614845,-0.07808110010433249,-0.04259802399771929,-0.0380267717224303,0.06727306109204712
2014-09-16,0.10436956071280563,0.29439235391628676,0.19002279320348114,40295,386080,-0.05228039336443306,-0.051808159941302126,-0.009943944879131146,0.23675113861964264,0.24669508349877378,-1703,171260,-0.03548832082070943,-0.03584804060962845,2014-09-16,-0.017021694883841754,0.0028354771971614845,-0.04805654163584627,-0.007123134414282806,-0.019857172081003238,-0.016792072543723634,-0.05228039336443306,-0.01270525365327016,-0.05391270716685315,-0.05840435128095081,-0.03548832082070943,-0.020793736401081002,-0.03927511530585346,-0.011716555908096699,2014-10-14,-0.026269671654566396,0.0035469684775184035,-0.010404893221596545,0.039862745287833956,0.0016891792804079736,-0.01792487853564128,-0.002021780614682278,0.07135796159668484
2014-09-23,0.07809988905823924,0.2862375190519145,0.20813762999367527,30130,385788,-0.026269671654566396,-0.026328740157480313,-0.006396976401612743,0.23194027923682312,0.23833725563843586,-1090,170393,0.0035469684775184035,0.003579353030479972,2014-09-23,-0.010404893221596545,0.039862745287833956,-0.047736808115680596,0.039713812521950054,-0.0502676385094305,-0.0298166401320848,-0.026269671654566396,-0.05228039336443306,-0.01270525365327016,-0.05391270716685315,0.0035469684775184035,-0.03548832082070943,-0.020793736401081002,-0.03927511530585346,2014-10-21,0.0033034183542185735,-0.00835865510015955,-0.011890131132798132,0.0312044671209053,0.07391795761509316,-0.02215900742841452,0.020369345102215775,0.035717948380372455
2014-09-30,0.08140330741245781,0.2928971185182455,0.21149381110578772,30923,379874,0.0033034183542185735,0.002055533090713034,-0.014755631501772292,0.2423421967186616,0.2570978282204339,-2556,173222,-0.00835865510015955,-0.00860363982088466,2014-09-30,-0.011890131132798132,0.0312044671209053,-0.045749190416152885,0.07291687586577433,-0.04309459825370343,0.011662073454378124,0.0033034183542185735,-0.026269671654566396,-0.05228039336443306,-0.01270525365327016,-0.00835865510015955,0.0035469684775184035,-0.03548832082070943,-0.020793736401081002,2014-10-28,-0.002834453439551604,-0.002298016554368714,0.0012899475158061335,-0.006629628513853625,0.06354251918439073,-0.017920946926045105,0.016132818926521075,0.007606616909796138
2014-10-07,0.07856885397290621,0.2895758076440394,0.2110069536711332,29863,380087,-0.002834453439551604,-0.0027903989217477375,-0.017053648056141006,0.23807966931919688,0.2551333173753379,-2921,171283,-0.002298016554368714,-0.0021071226518571545,2014-10-07,0.0012899475158061335,-0.006629628513853625,-0.0380267717224303,0.06727306109204712,0.007919576029659758,-0.00053643688518289,-0.002834453439551604,0.0033034183542185735,-0.026269671654566396,-0.05228039336443306,-0.002298016554368714,-0.00835865510015955,0.0035469684775184035,-0.03548832082070943,2014-11-04,0.0274898860203074,-0.01081517535863142,0.018983296223906265,0.006920377701799207,0.014404644806374878,0.008995301547241123,-0.036227597671779854,0.0341531936648396
2014-10-14,0.10605873999321361,0.31062070352264015,0.20456196352942654,42196,397855,0.0274898860203074,0.03244783431161813,-0.027868823414772426,0.23744898983635407,0.2653178132511265,-4719,169329,-0.01081517535863142,-0.010497247245786214,2014-10-14,0.018983296223906265,0.006920377701799207,-0.002021780614682278,0.07135796159668484,0.012062918522107058,0.03830506137893882,0.0274898860203074,-0.002834453439551604,0.0033034183542185735,-0.026269671654566396,-0.01081517535863142,-0.002298016554368714,-0.00835865510015955,0.0035469684775184035,2014-11-11,0.045959106680118794,-0.0006871604152548366,0.011986232495301508,0.004222732071521573,-0.03701615753226219,0.0410335020021034,-0.0568161765329398,0.04203748513048167
2014-10-21,0.1520178466733324,0.3231546963073248,0.17113684963399237,62488,411057,0.045959106680118794,0.05100350630254741,-0.028555983830027262,0.2363977155212936,0.26495369935132085,-4860,170192,-0.0006871604152548366,-0.0008326984745672625,2014-10-21,0.011986232495301508,0.004222732071521573,0.020369345102215775,0.035717948380372455,0.007763500423779934,0.04664626709537363,0.045959106680118794,0.0274898860203074,-0.002834453439551604,0.0033034183542185735,-0.0006871604152548366,-0.01081517535863142,-0.002298016554368714,-0.00835865510015955,2014-11-18,-0.007072020076483859,-0.004120594597790135,-0.01612665730849283,0.003093135650328982,-0.046721941248200186,0.05622029121122039,-0.042291524584715745,0.03562174017442432
2014-10-28,0.14494582659684854,0.30988634444149515,0.1649405178446466,60067,414410,-0.007072020076483859,-0.005889694130011166,-0.0326765784278174,0.2335595425163901,0.2662361209442075,-5677,173733,-0.004120594597790135,-0.004800460656200056,2014-10-28,-0.01612665730849283,0.003093135650328982,0.016132818926521075,0.007606616909796138,-0.019219792958821813,-0.002951425478693724,-0.007072020076483859,0.045959106680118794,0.0274898860203074,-0.002834453439551604,-0.004120594597790135,-0.0006871604152548366,-0.01081517535863142,-0.002298016554368714,2014-11-25,-0.05197232781756746,0.024618231918917516,-0.051070469082494796,0.019916948241189836,-0.004663200258753247,0.09581677105891356,-0.023300705259008403,0.008115505740369233
2014-11-04,0.09297349877928109,0.2715147217024417,0.1785412229231606,38805,417377,-0.05197232781756746,-0.051306676962428514,-0.008058346508899883,0.24332579634257606,0.2513841428514759,-1422,176463,0.024618231918917516,0.02449160493400793,2014-11-04,-0.051070469082494796,0.019916948241189836,-0.036227597671779854,0.0341531936648396,-0.07098741732368463,-0.07659055973648497,-0.05197232781756746,-0.007072020076483859,0.045959106680118794,0.0274898860203074,0.024618231918917516,-0.004120594597790135,-0.0006871604152548366,-0.01081517535863142,2014-12-02,-0.023930916318329665,0.021223025096230856,-0.00160528263725368,0.014804669167441276,0.09347063236238158,0.11348072324550228,0.025687532746117903,0.0006138728422597772
2014-11-11,0.06904258246095142,0.24914866650730005,0.18010608404634862,30615,443422,-0.023930916318329665,-0.019622547481054298,0.013164678587330975,0.25073234749595746,0.23756766890862646,2247,170684,0.021223025096230856,0.020791894051444212,2014-11-11,-0.00160528263725368,0.014804669167441276,-0.0568161765329398,0.04203748513048167,-0.016409951804694956,-0.04515394141456052,-0.023930916318329665,-0.05197232781756746,-0.007072020076483859,0.045959106680118794,0.021223025096230856,0.024618231918917516,-0.004120594597790135,-0.0006871604152548366,2014-12-09,0.036253322964180795,0.01449962879386215,0.026510884443525562,-0.002193012884535772,0.1725173539138511,0.13000479406694213,0.053437561117431365,-0.023597016155943784
2014-11-18,0.10529590542513222,0.2601200460343256,0.1548241406091934,48400,459657,0.036253322964180795,0.04010851964945357,0.027664307381193125,0.24815253502816698,0.22048822764697384,4788,173075,0.01449962879386215,0.014887159897822877,2014-11-18,0.026510884443525562,-0.002193012884535772,-0.042291524584715745,0.03562174017442432,0.028703897328061334,0.021753694170318645,0.036253322964180795,-0.023930916318329665,-0.05197232781756746,-0.007072020076483859,0.01449962879386215,0.021223025096230856,0.024618231918917516,-0.004120594597790135,2014-12-16,0.03498672091296308,0.035475885249903034,0.002864162017214511,-0.024413098783726106,0.14171614322137893,0.0851726622391106,-0.0008696183462433282,0.02982167502437738
2014-11-25,0.1402826263380953,0.2937020958662356,0.15341946952814026,54450,388145,0.03498672091296308,0.013161988178141527,0.06314019263109616,0.26306502573510676,0.1999248331040106,9912,156984,0.035475885249903034,0.029605662285136503,2014-11-25,0.002864162017214511,-0.024413098783726106,-0.023300705259008403,0.008115505740369233,0.027277260800940617,-0.0004891643369399554,0.03498672091296308,0.036253322964180795,-0.023930916318329665,-0.05197232781756746,0.035475885249903034,0.01449962879386215,0.021223025096230856,0.024618231918917516,2014-12-23,0.04616150480356737,0.04228218410550623,-0.0020822310773684904,0.01241531534308038,0.078785527132476,0.052650057387341784,-0.023146741318943675,0.03747785438782136
2014-12-02,0.18644413114166267,0.32001434311001004,0.13357021196834737,68634,368121,0.04616150480356737,0.0365430444807997,0.10542237673660239,0.26806672865208664,0.16264435191548424,15647,148422,0.04228218410550623,0.03653238546603475,2014-12-02,-0.0020822310773684904,0.01241531534308038,0.025687532746117903,0.0006138728422597772,-0.01449754642044887,0.003879320698061142,0.04616150480356737,0.03498672091296308,0.036253322964180795,-0.023930916318329665,0.04228218410550623,0.035475885249903034,0.01449962879386215,0.021223025096230856,2014-12-30,0.05511580523313983,0.03774709591767071,0.026144745734059782,-0.009406219830762286,0.04632108215737313,0.02376729664601991,0.000520947824125706,0.01137327755008144
2014-12-09,0.2415599363748025,0.34809484097697185,0.10653490460216933,90663,375323,0.05511580523313983,0.05984173682023031,0.1431694726542731,0.272485576436452,0.1293161037821789,21217,148195,0.03774709591767071,0.03752812925307569,2014-12-09,0.026144745734059782,-0.009406219830762286,0.053437561117431365,-0.023597016155943784,0.03555096556482207,0.01736870931546912,0.05511580523313983,0.04616150480356737,0.03498672091296308,0.036253322964180795,0.03774709591767071,0.04228218410550623,0.035475885249903034,0.01449962879386215,2015-01-06,0.0054521122717086645,-0.030332503033969366,-0.02779629502014913,0.05122567829578539,-0.002496536200700089,-0.0005272523362438164,-0.009094446016762348,0.021390015746360902
2014-12-16,0.24701204864651116,0.34316987811471905,0.09615782946820788,91825,371743,0.0054521122717086645,0.003095999978685026,0.11283696962030373,0.26532799818906916,0.15249102856876542,16948,150199,-0.030332503033969366,-0.028806639900131582,2014-12-16,-0.02779629502014913,0.05122567829578539,-0.0008696183462433282,0.02982167502437738,-0.07902197331593452,0.03578461530567803,0.0054521122717086645,0.05511580523313983,0.04616150480356737,0.03498672091296308,-0.030332503033969366,0.03774709591767071,0.04228218410550623,0.035475885249903034,2015-01-13,-0.02794389517593987,0.0029532803981342087,-0.019412960955485836,-0.016756919420282124,0.006504419566008834,0.06584209092063548,0.027542444555302303,-0.04963967673992142
2014-12-23,0.2190681534705713,0.3280465443535921,0.1089783908830208,82197,375212,-0.02794389517593987,-0.025899613442620303,0.11579025001843794,0.26634439386117237,0.15055414384273444,17270,149149,0.0029532803981342087,0.0021438225287784872,2014-12-23,-0.019412960955485836,-0.016756919420282124,-0.023146741318943675,0.03747785438782136,-0.0026560415352037126,-0.03089717557407408,-0.02794389517593987,0.0054521122717086645,0.05511580523313983,0.04616150480356737,0.0029532803981342087,-0.030332503033969366,0.03774709591767071,0.04228218410550623,2015-01-20,0.013697059828464503,0.013399423364184357,0.02158545806570089,-0.013689261494659544,0.08163535804228067,0.1083692456789805,0.09680888122292242,-0.0362237371112939
2014-12-30,0.2327652132990358,0.3340481627458006,0.10128294944676482,87050,373982,0.013697059828464503,0.012934021299958423,0.1291896733826223,0.26920865810126077,0.14001898471863844,19326,149594,0.013399423364184357,0.01378487284527553,2014-12-30,0.02158545806570089,-0.013689261494659544,0.000520947824125706,0.01137327755008144,0.035274719560360435,0.000297636464280146,0.013697059828464503,-0.02794389517593987,0.0054521122717086645,0.05511580523313983,0.013399423364184357,0.0029532803981342087,-0.030332503033969366,0.03774709591767071,2015-01-27,0.006298186875066614,0.013452546935406984,0.01652935189317173,0.0006105183655171764,0.11686823936467841,0.12765593114828142,0.07683247080014866,-0.029618592979259173
2015-01-06,0.2390634001741024,0.32568061093190465,0.08661721075780225,94196,394021,0.006298186875066614,0.019107871501836987,0.14264222031802928,0.2715873337737688,0.1289451134557395,21807,152879,0.013452546935406984,0.016584889768306216,2015-01-06,0.01652935189317173,0.0006105183655171764,-0.009094446016762348,0.021390015746360902,0.015918833527654552,-0.00715436006034037,0.006298186875066614,0.013697059828464503,-0.02794389517593987,0.0054521122717086645,0.013452546935406984,0.013399423364184357,0.0029532803981342087,-0.030332503033969366,2015-02-03,0.014453068038417588,0.03603684022290993,0.00884059555191552,-0.019804014190496932,0.11449444157035085,0.08814846852258656,0.0330046349307791,-0.01147455171988998
2015-01-13,0.25351646821252,0.32870024968416445,0.07518378147164444,101941,402108,0.014453068038417588,0.01965631273460044,0.1786790605409392,0.2816151880062563,0.10293612746531708,28103,157282,0.03603684022290993,0.04118289627744818,2015-01-13,0.00884059555191552,-0.019804014190496932,0.027542444555302303,-0.04963967673992142,0.028644609742412452,-0.02158377218449234,0.014453068038417588,0.006298186875066614,0.013697059828464503,-0.02794389517593987,0.03603684022290993,0.013452546935406984,0.013399423364184357,0.0029532803981342087,2015-02-10,0.047187043300331966,0.04548043515647923,0.049853475712134276,-0.003340979791654597,0.05046947392850615,0.046898711157465744,0.0026201050546434956,0.008777783193971711
2015-01-20,0.30070351151285196,0.3617574303463155,0.061053918833463526,129341,430128,0.047187043300331966,0.06814089747033135,0.22415949569741844,0.29826645987592554,0.07410696417850711,35844,159904,0.04548043515647923,0.049217329382891875,2015-01-20,0.049853475712134276,-0.003340979791654597,0.09680888122292242,-0.0362237371112939,0.05319445550378887,0.0017066081438527336,0.047187043300331966,0.014453068038417588,0.006298186875066614,0.013697059828464503,0.04548043515647923,0.03603684022290993,0.013452546935406984,0.013399423364184357,2015-02-17,0.048929941150862244,0.03268610883348527,0.0016090476429271305,-0.00708411736262482,-0.0550433569676308,-0.03899798810293692,-0.068216732226551,0.013622333019650323
2015-01-27,0.3496334526637142,0.3949767157449935,0.04534326308127928,153237,438279,0.048929941150862244,0.05555555555555555,0.2568456045309037,0.30416153656734796,0.04731593203644423,41722,162440,0.03268610883348527,0.036759555733440065,2015-01-27,0.0016090476429271305,-0.00708411736262482,0.07683247080014866,-0.029618592979259173,0.00869316500555195,0.01624383231737697,0.048929941150862244,0.047187043300331966,0.014453068038417588,0.006298186875066614,0.03268610883348527,0.04548043515647923,0.03603684022290993,0.013452546935406984,2015-02-24,0.003924389080739055,-0.026054915690287866,-0.02729848397619783,0.01875455962488637,-0.1255276894289099,-0.08272335537685635,-0.07631172802845221,0.0314238255787429
2015-02-03,0.35355784174445326,0.39880912653388123,0.04525128478942802,148326,419524,0.003924389080739055,-0.011205191213815857,0.23079068884061585,0.2845458969884738,0.05375520814785798,38885,168486,-0.026054915690287866,-0.017464910120659937,2015-02-03,-0.02729848397619783,0.01875455962488637,0.0330046349307791,-0.01147455171988998,-0.0460530436010842,0.02997930477102692,0.003924389080739055,0.048929941150862244,0.047187043300331966,0.014453068038417588,-0.026054915690287866,0.03268610883348527,0.04548043515647923,0.03603684022290993,2015-03-03,-0.049571899603427116,-0.005212917142210893,-0.021543934324220082,0.00044832072336475903,-0.1734673015641628,-0.1056885659028895,-0.04719294205941971,0.013205078118903923
2015-02-10,0.30398594214102614,0.3581473532164219,0.054161411075395696,119537,393232,-0.049571899603427116,-0.06862301084085773,0.22557777169840496,0.28897505739060103,0.06339728569219606,37930,168146,-0.005212917142210893,-0.005668126728630272,2015-02-10,-0.021543934324220082,0.00044832072336475903,0.0026201050546434956,0.008777783193971711,-0.02199225504758484,-0.04435898246121622,-0.049571899603427116,0.003924389080739055,0.048929941150862244,0.047187043300331966,-0.005212917142210893,-0.026054915690287866,0.03268610883348527,0.04548043515647923,2015-03-10,-0.05832578759580498,-0.04041626410392343,-0.02098336156906022,0.0015035700340240155,-0.18553651914179028,-0.13371080939241825,-0.06135294611170483,0.013658177751790124
2015-02-17,0.24566015454522117,0.330128616537879,0.08446846199265781,95692,389530,-0.05832578759580498,-0.06063850347886235,0.18516150759448152,0.27432032101739223,0.08915881342291074,32439,175193,-0.04041626410392343,-0.0326561440652766,2015-02-17,-0.02098336156906022,0.0015035700340240155,-0.068216732226551,0.013622333019650323,-0.022486931603084237,-0.017909523491881546,-0.05832578759580498,-0.049571899603427116,0.003924389080739055,0.048929941150862244,-0.04041626410392343,-0.005212917142210893,-0.026054915690287866,0.03268610883348527,2015-03-17,-0.021554391310416865,-0.011039258440434158,-0.006485948158974075,0.01071737519646776,-0.20092592112858126,-0.12072199245926162,-0.05128878430517414,0.0092568974187488
2015-02-24,0.2241057632348043,0.3120280886636097,0.0879223254288054,89487,399307,-0.021554391310416865,-0.015929453443893925,0.17412224915404736,0.26481917012647294,0.09069692097242554,29022,166676,-0.011039258440434158,-0.01950420393508873,2015-02-24,-0.006485948158974075,0.01071737519646776,-0.07631172802845221,0.0314238255787429,-0.017203323355441835,-0.010515132869982707,-0.021554391310416865,-0.05832578759580498,-0.049571899603427116,0.003924389080739055,-0.011039258440434158,-0.04041626410392343,-0.005212917142210893,-0.026054915690287866,2015-03-24,-0.04401522305451383,-0.049020126216321014,0.001820301992834672,0.000535812165047389,-0.19774368405404597,-0.06050523527119156,-0.006004477300662003,-0.051238334334398505
2015-03-03,0.18009054018029047,0.28455238396145377,0.1044618437811633,72959,405124,-0.04401522305451383,-0.041391711139549266,0.12510212293772635,0.2466863393042227,0.12158421636649636,20519,164018,-0.049020126216321014,-0.05101514315198349,2015-03-03,0.001820301992834672,0.000535812165047389,-0.04719294205941971,0.013205078118903923,0.001284489827787283,0.005004903161807184,-0.04401522305451383,-0.021554391310416865,-0.05832578759580498,-0.049571899603427116,-0.049020126216321014,-0.011039258440434158,-0.04041626410392343,-0.005212917142210893,2015-03-31,-0.06164111718105461,-0.03323516063173966,-0.035703938376505207,0.0009014203562509593,-0.08706320424107714,0.05968962333663361,-0.015799198446533325,-0.038015305980103165
2015-03-10,0.11844942299923586,0.2604704588263352,0.14202103582709932,48673,410918,-0.06164111718105461,-0.059947077931694986,0.09186696230598669,0.24865631929046564,0.15678935698447893,15537,169125,-0.03323516063173966,-0.030374714970308136,2015-03-10,-0.035703938376505207,0.0009014203562509593,-0.06135294611170483,0.013658177751790124,-0.036605358732756166,-0.02840595654931495,-0.06164111718105461,-0.04401522305451383,-0.021554391310416865,-0.05832578759580498,-0.03323516063173966,-0.049020126216321014,-0.011039258440434158,-0.04041626410392343,2015-04-07,-0.07371518958259596,-0.027427447170766783,-0.01091919976252953,-0.0028977102990173087,0.024098282795613213,0.08835696226678878,0.0412311947367181,-0.031306154498600414
2015-03-17,0.04473423341663991,0.22768989477309431,0.18295566135645439,19224,429738,-0.07371518958259596,-0.07166636652568152,0.06443951513521991,0.24117765678564226,0.17673814165042234,11504,178524,-0.027427447170766783,-0.023846267553584627,2015-03-17,-0.01091919976252953,-0.0028977102990173087,-0.05128878430517414,0.0092568974187488,-0.008021489463512221,-0.046287742411829175,-0.07371518958259596,-0.06164111718105461,-0.04401522305451383,-0.021554391310416865,-0.027427447170766783,-0.03323516063173966,-0.049020126216321014,-0.011039258440434158,2015-04-14,-0.018372154235881576,0.0491774987476359,0.03879835884553806,-0.049777856556679545,0.07688140255398948,0.058960362308181996,0.0376630611190798,-0.0024607434769987613
2015-03-24,0.026362079180758332,0.22773516657560394,0.2013730873948456,11435,433767,-0.018372154235881576,-0.018124997091250948,0.1136170138828558,0.26660643233193754,0.1529894184490817,19617,172659,0.0491774987476359,0.045444870157513834,2015-03-24,0.03879835884553806,-0.049777856556679545,-0.006004477300662003,-0.051238334334398505,0.0885762154022176,-0.06754965298351748,-0.018372154235881576,-0.07371518958259596,-0.06164111718105461,-0.04401522305451383,0.0491774987476359,-0.027427447170766783,-0.03323516063173966,-0.049020126216321014,2015-04-21,0.066665256758455,0.07117473239150415,-0.00797441915303665,0.01375884051934273,0.09474396819466915,-0.05801917559514219,0.00704501778220834,0.06782327614148898
2015-03-31,0.09302733593921333,0.2678328624688778,0.17480552652966447,36056,387585,0.066665256758455,0.05676088775771324,0.18479174627435996,0.29915052467593545,0.1143587784015755,31434,170105,0.07117473239150415,0.06844126283599465,2015-03-31,-0.00797441915303665,0.01375884051934273,-0.015799198446533325,-0.038015305980103165,-0.02173325967237938,-0.004509475633049154,0.066665256758455,-0.018372154235881576,-0.07371518958259596,-0.06164111718105461,0.07117473239150415,0.0491774987476359,-0.027427447170766783,-0.03323516063173966,2015-04-28,0.04952036985563574,-0.004567821701584485,0.02132645480674622,0.00761057183775371,0.03230996196080524,-0.14851088302273424,0.02321942748001593,0.026993043232102387
2015-04-07,0.14254770579484907,0.28867222604852893,0.14612452025367986,55675,390571,0.04952036985563574,0.0506185739902215,0.18022392457277547,0.28441956393635826,0.1041956393635828,30584,169700,-0.004567821701584485,-0.004996913670967932,2015-04-07,0.02132645480674622,0.00761057183775371,0.0412311947367181,-0.031306154498600414,0.01371588296899251,0.05408819155722022,0.04952036985563574,0.066665256758455,-0.018372154235881576,-0.07371518958259596,-0.004567821701584485,0.07117473239150415,0.0491774987476359,-0.027427447170766783,2015-05-05,-0.020932069824219676,-0.05682404712937357,-0.014487333380167833,0.025947700722584344,-0.08540349146841927,-0.11091023144722764,-0.014662150058123657,0.0066151982275242105
2015-04-14,0.1216156359706294,0.2795294224845541,0.1579137865139247,48049,395089,-0.020932069824219676,-0.019525259171827913,0.1233998774434019,0.25471533700253546,0.13131545955913357,21950,177877,-0.05682404712937357,-0.05087802003535651,2015-04-14,-0.014487333380167833,0.025947700722584344,0.0376630611190798,-0.0024607434769987613,-0.040435034102752176,0.035891977305153894,-0.020932069824219676,0.04952036985563574,0.066665256758455,-0.018372154235881576,-0.05682404712937357,-0.004567821701584485,0.07117473239150415,0.0491774987476359,2015-05-12,-0.0005095885952019069,-0.06780203915568829,0.008180315508666602,0.02050616306180819,-0.05327692804285605,-0.03932667784816067,0.0005241334788808061,-0.018633552338223502
2015-04-21,0.12110604737542749,0.27243261470787333,0.15132656733244584,48125,397379,-0.0005095885952019069,0.00019236172102994517,0.055597838287713613,0.23236216893989586,0.17676433065218225,10154,182633,-0.06780203915568829,-0.06631548766844506,2015-04-21,0.008180315508666602,0.02050616306180819,0.00704501778220834,0.06782327614148898,-0.012325847553141589,0.06729245056048638,-0.0005095885952019069,-0.020932069824219676,0.04952036985563574,0.066665256758455,-0.06780203915568829,-0.05682404712937357,-0.004567821701584485,0.07117473239150415,2015-05-19,0.004231250524591085,-0.01931697503608791,0.008199990544770941,-0.027071392390043858,0.06232267471082137,0.1907067327442532,0.004410455055573692,-0.06249142774174299
2015-04-28,0.12533729790001857,0.28483429350182743,0.15949699560180883,50583,403575,0.004231250524591085,0.00618553068984521,0.0362808632516257,0.2464880949064142,0.2102072316547885,6511,179461,-0.01931697503608791,-0.01994710703980113,2015-04-28,0.008199990544770941,-0.027071392390043858,0.02321942748001593,0.026993043232102387,0.0352713829348148,0.023548225560678995,0.004231250524591085,-0.0005095885952019069,-0.020932069824219676,0.04952036985563574,-0.01931697503608791,-0.06780203915568829,-0.05682404712937357,-0.004567821701584485,2015-05-26,-0.06819308357358878,0.03303282987392213,-0.016555122731393368,-0.012767273166824467,0.035464331380423014,0.20905833699718068,-0.021022300507883784,-0.030429743395437914
2015-05-05,0.05714421432642979,0.24739992199765992,0.19025570767123012,22857,399988,-0.06819308357358878,-0.06870098494703587,0.06931369312554783,0.26236524867098476,0.19305155554543696,12178,175694,0.03303282987392213,0.031577891575328344,2015-05-05,-0.016555122731393368,-0.012767273166824467,-0.014662150058123657,0.0066151982275242105,-0.0037878495645689014,-0.1012259134475109,-0.06819308357358878,0.004231250524591085,-0.0005095885952019069,-0.020932069824219676,0.03303282987392213,-0.01931697503608791,-0.06780203915568829,-0.05682404712937357,2015-06-02,0.011194493601343551,0.0147595064696934,0.0006989501568366308,0.0006989501568366308,0.09771729388476391,0.13787133796622478,0.0003495361448315748,-0.01596194685158503
2015-05-12,0.06833870792777334,0.2569130104632013,0.18857430253542795,27719,405612,0.011194493601343551,0.012155364660939829,0.08407319959524123,0.26472824564512715,0.18065504604988594,14706,174919,0.0147595064696934,0.014388652998964108,2015-05-12,0.0006989501568366308,0.0006989501568366308,0.0005241334788808061,-0.018633552338223502,0.0,-0.0035650128683498497,0.011194493601343551,-0.06819308357358878,0.004231250524591085,-0.0005095885952019069,0.0147595064696934,0.03303282987392213,-0.01931697503608791,-0.06780203915568829,2015-06-09,0.11509001415847551,0.16223137143672559,0.012066637085359488,-0.023351712341711295,0.024352435695601013,-0.03822148688339471,-0.014781197387444323,0.01866246292908258
2015-05-19,0.18342872208624886,0.30869558116365725,0.1252668590774084,78617,428597,0.11509001415847551,0.1254844531226887,0.24630457103196682,0.31467789396398926,0.06837332293202246,42940,174337,0.16223137143672559,0.16141185348647089,2015-05-19,0.012066637085359488,-0.023351712341711295,0.004410455055573692,-0.06249142774174299,0.03541834942707078,-0.04714135727825007,0.11509001415847551,0.011194493601343551,-0.06819308357358878,0.004231250524591085,0.16223137143672559,0.0147595064696934,0.03303282987392213,-0.01931697503608791,2015-06-16,-0.02262709280580727,-0.0009653707831604463,-0.017232765018686536,0.004990291956261217,-0.09924184540542196,-0.24244064787241443,-0.022425787810382403,0.04447609498693428
2015-05-26,0.1608016292804416,0.3035942722733463,0.14279264299290467,66244,411961,-0.02262709280580727,-0.02886861083955324,0.24533920024880637,0.30592815716268595,0.060588956913879596,42598,173629,-0.0009653707831604463,-0.001961717822378497,2015-05-26,-0.017232765018686536,0.004990291956261217,-0.021022300507883784,-0.030429743395437914,-0.022223056974947752,-0.021661722022646823,-0.02262709280580727,0.11509001415847551,0.011194493601343551,-0.06819308357358878,-0.0009653707831604463,0.16223137143672559,0.0147595064696934,0.03303282987392213,2015-06-23,-0.005940121069247878,-0.03815416915703376,0.004816713921321991,0.0017005233770284178,-0.06818437271514127,-0.2811353385200661,-0.008994807194116383,0.04750289233476934
2015-06-02,0.1548615082111937,0.31407439732747466,0.15921288911628093,61747,398724,-0.005940121069247878,-0.010916081862118015,0.2071850310917726,0.2735963844950461,0.06641135340327346,36950,178343,-0.03815416915703376,-0.032529128198630415,2015-06-02,0.004816713921321991,0.0017005233770284178,0.0003495361448315748,-0.01596194685158503,0.0031161905442935733,0.032214048087785885,-0.005940121069247878,-0.02262709280580727,0.11509001415847551,0.011194493601343551,-0.03815416915703376,-0.0009653707831604463,0.16223137143672559,0.0147595064696934,2015-06-30,-0.062170364587819354,-0.1613333183799261,-0.014431783375439267,0.03532335993750424,-0.11953940855507716,-0.26117437657071774,-0.018428386620171544,0.04847758814035075
2015-06-09,0.09269114362337436,0.29828674437103053,0.20559560074765618,37639,406069,-0.062170364587819354,-0.06046287657627833,0.04585171271184652,0.2339598151157637,0.18810810240391718,8690,189524,-0.1613333183799261,-0.15845870036951268,2015-06-09,-0.014431783375439267,0.03532335993750424,-0.014781197387444323,0.01866246292908258,-0.049755143312943506,0.09916295379210674,-0.062170364587819354,-0.005940121069247878,-0.02262709280580727,0.11509001415847551,-0.1613333183799261,-0.03815416915703376,-0.0009653707831604463,0.16223137143672559,2015-07-07,-0.008504266942547453,-0.04198778955229413,0.004422046662421408,0.002461919716140404,-0.0880488275522025,-0.10951741197919376,-0.01842790801706773,0.03946171549452426
2015-06-16,0.0841868766808269,0.29954680817284796,0.21535993149202104,34998,415718,-0.008504266942547453,-0.006503820779227175,0.00386392315955239,0.23736272904564748,0.2334988058860951,741,191774,-0.04198778955229413,-0.04194191764631392,2015-06-16,0.004422046662421408,0.002461919716140404,-0.022425787810382403,0.04447609498693428,0.0019601269462810045,0.03348352260974668,-0.008504266942547453,-0.062170364587819354,-0.005940121069247878,-0.02262709280580727,-0.04198778955229413,-0.1613333183799261,-0.03815416915703376,-0.0009653707831604463,2015-07-14,0.008430379884473413,-0.03966006143081212,-0.003801784402420516,0.008017089304096281,-0.08661412410012038,-0.05231424515658011,-0.023030580164955516,0.018961602606399452
2015-06-23,0.09261725656530032,0.28967371884411736,0.197056462278817,39916,430978,0.008430379884473413,0.011830134851028823,-0.03579613827125973,0.2303605578385504,0.26615669610981013,-7169,200273,-0.03966006143081212,-0.04124646719576168,2015-06-23,-0.003801784402420516,0.008017089304096281,-0.008994807194116383,0.04750289233476934,-0.011818873706516797,0.04809044131528553,0.008430379884473413,-0.008504266942547453,-0.062170364587819354,-0.005940121069247878,-0.03966006143081212,-0.04198778955229413,-0.1613333183799261,-0.03815416915703376,2015-07-21,-0.05729515690918378,-0.018193207207685393,-0.00461686550473317,0.0026752191826098226,-0.12210220523417104,-0.04174846656719558,-0.06893589618934293,-0.0006033102521825207
2015-06-30,0.03532209965611654,0.260428983882017,0.22510688422590047,15623,442301,-0.05729515690918378,-0.056367146350857815,-0.05398934547894512,0.22444134930155954,0.27843069478050464,-10621,196724,-0.018193207207685393,-0.017236472215425944,2015-06-30,-0.00461686550473317,0.0026752191826098226,-0.018428386620171544,0.04847758814035075,-0.007292084687342992,-0.039101949701498384,-0.05729515690918378,0.008430379884473413,-0.008504266942547453,-0.062170364587819354,-0.018193207207685393,-0.03966006143081212,-0.04198778955229413,-0.1613333183799261,2015-07-28,-0.030679783584944678,-0.009676353788402113,-0.014431304772335452,0.026307487291677756,-0.06870927959962322,-0.01428967638925719,-0.06764624611711323,0.001917025624177171
2015-07-07,0.004642316071171859,0.2465624965442502,0.24192018047307834,2099,452145,-0.030679783584944678,-0.030576462635173784,-0.06366569926734723,0.2248239400888925,0.2884896393562397,-12548,197092,-0.009676353788402113,-0.009795449462190683,2015-07-07,-0.014431304772335452,0.026307487291677756,-0.01842790801706773,0.03946171549452426,-0.04073879206401321,-0.021003429796542565,-0.030679783584944678,-0.05729515690918378,0.008430379884473413,-0.008504266942547453,-0.009676353788402113,-0.018193207207685393,-0.03966006143081212,-0.04198778955229413,2015-08-04,-0.007069563490465341,0.015215377270319512,-0.00018062548546637913,-0.018038193171984407,-0.030632879610696537,0.003982517312201096,-0.059998506307197275,-0.024015772759875542
2015-07-14,-0.0024272474192934827,0.2343233966766379,0.23675064409593138,-1123,462664,-0.007069563490465341,-0.007126032578044654,-0.04845032199702772,0.23020633655689332,0.278656658553921,-8998,185716,0.015215377270319512,0.018011892923101902,2015-07-14,-0.00018062548546637913,-0.018038193171984407,-0.023030580164955516,0.018961602606399452,0.017857567686518028,-0.022284940760784855,-0.007069563490465341,-0.030679783584944678,-0.05729515690918378,0.008430379884473413,0.015215377270319512,-0.009676353788402113,-0.018193207207685393,-0.03966006143081212,2015-08-11,-0.027057701249577234,-0.029094282841427586,-0.049707100426807926,-0.011547823554485692,-0.010041494615522553,0.047140612156778595,-0.041296150977713,-0.037886721340886
2015-07-21,-0.029484948668870716,0.2312010614233513,0.26068601009222203,-13556,459760,-0.027057701249577234,-0.02687263327166151,-0.07754460483845531,0.21317800931523556,0.2907226141536909,-14751,190226,-0.029094282841427586,-0.030977406362402808,2015-07-21,-0.049707100426807926,-0.011547823554485692,-0.06893589618934293,-0.0006033102521825207,-0.038159276872322234,0.0020365815918503526,-0.027057701249577234,-0.007069563490465341,-0.030679783584944678,-0.05729515690918378,-0.029094282841427586,0.015215377270319512,-0.009676353788402113,-0.018193207207685393,2015-08-18,-0.003902231274635976,0.009265582970252997,-0.003327215432503472,0.005195555058969514,0.04778050615532872,0.07568341609778285,0.016378357797392162,0.010736599392578317
2015-07-28,-0.03338717994350669,0.24250140320615493,0.27588858314966164,-14633,438282,-0.003902231274635976,-0.0023425265355837828,-0.06827902186820231,0.2135381090993159,0.2818171309675182,-12995,190322,0.009265582970252997,0.009231125082796252,2015-07-28,-0.003327215432503472,0.005195555058969514,-0.06764624611711323,0.001917025624177171,-0.008522770491472986,-0.013167814244888974,-0.003902231274635976,-0.027057701249577234,-0.007069563490465341,-0.030679783584944678,0.009265582970252997,-0.029094282841427586,0.015215377270319512,-0.009676353788402113,2015-08-25,0.007396616403982016,0.008595839913056173,-0.006783564962419497,0.0003746889076250426,0.12736756656494258,0.06780067598825516,0.03866395314322091,0.04080609508342459
2015-08-04,-0.025990563539524676,0.23849744285276772,0.2644880063922924,-11287,434273,0.007396616403982016,0.007634354137290603,-0.05968318195514614,0.2125123757048771,0.27219555766002324,-11092,185848,0.008595839913056173,0.009998844064270027,2015-08-04,-0.006783564962419497,0.0003746889076250426,-0.059998506307197275,-0.024015772759875542,-0.00715825387004454,-0.001199223509074157,0.007396616403982016,-0.003902231274635976,-0.027057701249577234,-0.007069563490465341,0.008595839913056173,0.009265582970252997,-0.029094282841427586,0.015215377270319512,2015-09-01,0.013521821504708641,0.05837347211489701,0.018521729844017898,-0.03190914175299486,0.12494150851775873,0.08547085558726578,0.04581382408171919,0.04437810923813057
2015-08-11,-0.012468742034816035,0.2491612876559454,0.26163002969076143,-5430,435489,0.013521821504708641,0.013486908004872511,-0.001309709840249126,0.23597261413587256,0.23728232397612167,-233,177902,0.05837347211489701,0.05842946924368301,2015-08-11,0.018521729844017898,-0.03190914175299486,-0.041296150977713,-0.037886721340886,0.05043087159701276,-0.04485165061018837,0.013521821504708641,0.007396616403982016,-0.003902231274635976,-0.027057701249577234,0.05837347211489701,0.008595839913056173,0.009265582970252997,-0.029094282841427586,2015-09-08,0.03076429952127404,-0.000551478900423322,0.007967408348297234,0.03707549717897862,0.07607548755092579,0.05036667735623409,0.011787904426754814,0.04795321245071271
2015-08-18,0.018295557486458006,0.25899641345140595,0.24070085596494795,7917,432728,0.03076429952127404,0.030648305697732893,-0.001861188740672448,0.2307470684836786,0.23260825722435102,-323,173545,-0.000551478900423322,-0.0005058965048172589,2015-08-18,0.007967408348297234,0.03707549717897862,0.016378357797392162,0.010736599392578317,-0.02910808883068139,0.03131577842169736,0.03076429952127404,0.013521821504708641,0.007396616403982016,-0.003902231274635976,-0.000551478900423322,0.05837347211489701,0.008595839913056173,0.009265582970252997,2015-09-15,0.07568482913497787,0.0013828428607253053,0.018958379913325274,0.035265050749815785,0.003011717761344613,0.016537753702984243,-0.011361082458862803,0.02079601471051662
2015-08-25,0.09398038662143587,0.2764199799145675,0.1824395932931316,40614,432154,0.07568482913497787,0.07556016712576953,-0.0004783458799471428,0.22562977224756792,0.22610811812751505,-80,167243,0.0013828428607253053,0.001400213201187012,2015-08-25,0.018958379913325274,0.035265050749815785,0.03866395314322091,0.04080609508342459,-0.01630667083649051,0.07430198627425257,0.07568482913497787,0.03076429952127404,0.013521821504708641,0.007396616403982016,0.0013828428607253053,-0.000551478900423322,0.05837347211489701,0.008595839913056173,2015-09-22,0.004970558356798188,0.02626601951206678,0.00036630597607878457,0.003946703062331025,-0.044305210615483155,0.09907174669498593,-0.012629831101068412,-0.023294743532745077
2015-09-01,0.09895094497823406,0.27455066614018925,0.17559972116195519,40597,410274,0.004970558356798188,-3.933782864441842e-05,0.025787673632119635,0.24860998770802417,0.22282231407590455,4049,157013,0.02626601951206678,0.024688626728771906,2015-09-01,0.00036630597607878457,0.003946703062331025,0.04581382408171919,0.04437810923813057,-0.0035803970862522405,-0.02129546115526859,0.004970558356798188,0.07568482913497787,0.03076429952127404,0.013521821504708641,0.02626601951206678,0.0013828428607253053,-0.000551478900423322,0.05837347211489701,2015-09-29,-0.035344199462124304,0.023269293883865328,-0.015504189810946478,-0.02833403854041272,-0.0013709594117197466,0.03566352295180057,-0.01123497948568808,-0.013384796638255203
2015-09-08,0.06360674551610976,0.2671933834757619,0.2035866379596521,26825,421732,-0.035344199462124304,-0.033567810780112804,0.04905696751598496,0.26689586479452493,0.21783889727854,7634,155615,0.023269293883865328,0.022832504314929336,2015-09-08,-0.015504189810946478,-0.02833403854041272,0.011787904426754814,0.04795321245071271,0.012829848729466242,-0.05861349334598963,-0.035344199462124304,0.004970558356798188,0.07568482913497787,0.03076429952127404,0.023269293883865328,0.02626601951206678,0.0013828428607253053,-0.000551478900423322,2015-10-06,-0.04229947026830714,-0.03438040255367317,-0.015181578537320384,0.00991829943878253,0.04293676164753371,0.13114351127755774,0.021529987916838245,-0.04358378051080081
2015-09-15,0.02130727524780262,0.2523389131765429,0.23103163792874026,8807,413333,-0.04229947026830714,-0.042723815124296946,0.014676564962311796,0.2671970229167062,0.25252045795439443,2319,158007,-0.03438040255367317,-0.03415480512804036,2015-09-15,-0.015181578537320384,0.00991829943878253,-0.011361082458862803,0.02079601471051662,-0.025099877976102913,-0.007919067714633972,-0.04229947026830714,-0.035344199462124304,0.004970558356798188,0.07568482913497787,-0.03438040255367317,0.023269293883865328,0.02626601951206678,0.0013828428607253053,2015-10-13,0.0283679007581501,0.083916835852727,0.017689631271119666,-0.008825707493445911,0.15581601116646762,0.24546623374357496,0.05475282783379232,-0.04141519633115687
2015-09-22,0.04967517600595272,0.2564511666952855,0.2067759906893328,20829,419304,0.0283679007581501,0.029085507327022038,0.09859340081503878,0.2847114499802813,0.18611804916524255,15000,152140,0.083916835852727,0.08025593802806205,2015-09-22,0.017689631271119666,-0.008825707493445911,-0.012629831101068412,-0.023294743532745077,0.026515338764565577,-0.055548935094576896,0.0283679007581501,-0.04229947026830714,-0.035344199462124304,0.004970558356798188,0.083916835852727,-0.03438040255367317,0.023269293883865328,0.02626601951206678,2015-10-20,0.0479048095605616,-0.03714220423111858,0.001761157591459117,0.013856649956820899,0.19903365184916236,0.1872624002042124,0.044810710547811716,-0.026818893686655798
2015-09-29,0.09757998556651432,0.2709477988934328,0.17336781332691845,40564,415700,0.0479048095605616,0.04706609047373743,0.0614511965839202,0.275657244829674,0.2142060482457538,9642,156905,-0.03714220423111858,-0.035217562771131854,2015-09-29,0.001761157591459117,0.013856649956820899,-0.01123497948568808,-0.013384796638255203,-0.012095492365361782,0.08504701379168017,0.0479048095605616,0.0283679007581501,-0.04229947026830714,-0.035344199462124304,-0.03714220423111858,0.083916835852727,-0.03438040255367317,0.023269293883865328,2015-10-27,0.008963521597129154,0.1187492822096225,0.017260777591579846,-0.058533022412958324,0.14684351158417766,0.25283923032041955,0.03369158586803689,-0.04607575711275258
2015-10-06,0.10654350716364347,0.2682624096990433,0.16171890253539983,45838,430228,0.008963521597129154,0.012687033918691365,0.1802004787935427,0.31762318692151115,0.13742270812796845,28152,156226,0.1187492822096225,0.11796947197348714,2015-10-06,0.017260777591579846,-0.058533022412958324,0.021529987916838245,-0.04358378051080081,0.07579380000453817,-0.10978576061249334,0.008963521597129154,0.0479048095605616,0.0283679007581501,-0.04229947026830714,0.1187492822096225,-0.03714220423111858,0.083916835852727,-0.03438040255367317,2015-11-03,0.07057977925062678,0.07994231991234405,0.01804126137963369,0.01208688361842647,0.04485770932655703,0.11089463208328879,-0.026564900988016227,0.00649037005210662
2015-10-13,0.17712328641427025,0.29442935530638087,0.11730606889211062,77213,435928,0.07057977925062678,0.07292644830183066,0.26014279870588675,0.34963370644453534,0.08949090773864862,41973,161346,0.07994231991234405,0.08846798868306172,2015-10-13,0.01804126137963369,0.01208688361842647,0.05475282783379232,-0.04141519633115687,0.005954377761207219,-0.009362540661717267,0.07057977925062678,0.008963521597129154,0.0479048095605616,0.0283679007581501,0.07994231991234405,0.1187492822096225,-0.03714220423111858,0.083916835852727,2015-11-10,0.07158554144084484,0.02571300231336443,0.007747513985139065,0.005770595151055158,-0.13847068551514874,-0.09991255276135508,-0.0711279196034722,0.025766601406537415
2015-10-20,0.24870882785511508,0.3339069500974792,0.08519812224236413,116344,467792,0.07158554144084484,0.08976482354884292,0.2858558010192512,0.36345137073770395,0.07759556971845274,47902,167574,0.02571300231336443,0.036747114895937925,2015-10-20,0.007747513985139065,0.005770595151055158,0.044810710547811716,-0.026818893686655798,0.0019769188340839072,0.045872539127480405,0.07158554144084484,0.07057977925062678,0.008963521597129154,0.0479048095605616,0.02571300231336443,0.07994231991234405,0.1187492822096225,-0.03714220423111858,2015-11-17,-0.004285330704423107,0.02843462588508855,-0.00935796708831571,-0.005400213469275883,-0.28068808256828254,-0.21436488894633687,-0.09669504124177752,0.017555686339284282
2015-10-27,0.24442349715069198,0.31633746090235226,0.07191396375166031,114092,466780,-0.004285330704423107,-0.0048141054143722,0.3142904269043397,0.3722202913576465,0.057929864453306786,53353,169757,0.02843462588508855,0.032528912599806656,2015-10-27,-0.00935796708831571,-0.005400213469275883,0.03369158586803689,-0.04607575711275258,-0.003957753619039828,-0.032719956589511656,-0.004285330704423107,0.07158554144084484,0.07057977925062678,0.008963521597129154,0.02843462588508855,0.02571300231336443,0.07994231991234405,0.1187492822096225,2015-11-24,-0.09302228066049148,-0.02319531602750824,-0.04299570926447327,-0.005966895248099124,-0.28632390071614877,-0.2563335565047912,-0.08149132380525614,0.0317580426450812
2015-11-03,0.1514012164902005,0.2629015544041451,0.11150033791394458,67207,443900,-0.09302228066049148,-0.10044346373023694,0.2910951108768315,0.35261947263121324,0.06152436175438176,48596,166942,-0.02319531602750824,-0.028022408501564,2015-11-03,-0.04299570926447327,-0.005966895248099124,-0.026564900988016227,0.00649037005210662,-0.037028814016374145,-0.06982696463298324,-0.09302228066049148,-0.004285330704423107,0.07158554144084484,0.07057977925062678,-0.02319531602750824,0.02843462588508855,0.02571300231336443,0.07994231991234405,2015-12-01,-0.11274861559107899,-0.13086486493229982,-0.026521757235822285,0.031363114972857264,-0.20400775457788659,-0.22103399112376018,-0.044927793994109066,0.03129275843985413
2015-11-10,0.0386526008991215,0.21052824533827041,0.1718756444391489,16869,436426,-0.11274861559107899,-0.11339941428249606,0.16023024594453167,0.32786037491919845,0.16763012897466678,26027,162435,-0.13086486493229982,-0.13519066502138466,2015-11-10,-0.026521757235822285,0.031363114972857264,-0.0711279196034722,0.025766601406537415,-0.05788487220867955,0.01811624934122083,-0.11274861559107899,-0.09302228066049148,-0.004285330704423107,0.07158554144084484,-0.13086486493229982,-0.02319531602750824,0.02843462588508855,0.02571300231336443,2015-12-08,-0.07063185561228896,-0.08873933387161738,-0.01781960765316626,-0.002440319916197975,-0.08285651434855926,-0.10326837617468933,-0.012945828458446051,0.0053898517668375945
2015-11-17,-0.03197925471316747,0.20788927272059093,0.23986852743375842,-13923,435376,-0.07063185561228896,-0.07055491652651309,0.07149091207291429,0.30240567944189645,0.23091476736898214,12205,170721,-0.08873933387161738,-0.08509249853787669,2015-11-17,-0.01781960765316626,-0.002440319916197975,-0.09669504124177752,0.017555686339284282,-0.015379287736968283,0.018107478259328416,-0.07063185561228896,-0.11274861559107899,-0.09302228066049148,-0.004285330704423107,-0.08873933387161738,-0.13086486493229982,-0.02319531602750824,0.02843462588508855,2015-12-15,-0.009921148852289341,-0.013534041673365811,0.005845750348205669,0.008802142836521032,-0.03764452772114538,-0.055921346438625286,-0.008044777253781277,0.024966512560547383
2015-11-24,-0.04190040356545681,0.22896116468236508,0.27086156824782187,-16664,397705,-0.009921148852289341,-0.006295707618242622,0.05795687039954848,0.3094207840462808,0.2514639136467324,9858,170092,-0.013534041673365811,-0.013747576455151973,2015-11-24,0.005845750348205669,0.008802142836521032,-0.08149132380525614,0.0317580426450812,-0.0029563924883153625,0.00361289282107647,-0.009921148852289341,-0.07063185561228896,-0.11274861559107899,-0.09302228066049148,-0.013534041673365811,-0.08873933387161738,-0.13086486493229982,-0.02319531602750824,2015-12-22,-0.01070613452222928,0.012104249353522827,-0.006432179453326192,-0.006432179453326192,-0.00759946566527446,0.007933543960291632,-0.0032109181190138614,-0.009114988596251816
2015-12-01,-0.05260653808768609,0.23016831227298307,0.2827748503606692,-20566,390940,-0.01070613452222928,-0.00981129228951107,0.0700611197530713,0.3324351138493196,0.2623739940962483,11440,163286,0.012104249353522827,0.00930084895233168,2015-12-01,-0.006432179453326192,-0.006432179453326192,-0.044927793994109066,0.03129275843985413,0.0,-0.022810383875752106,-0.01070613452222928,-0.009921148852289341,-0.07063185561228896,-0.11274861559107899,0.012104249353522827,-0.013534041673365811,-0.08873933387161738,-0.13086486493229982,2015-12-29,0.00840262463824834,-0.013099249983228964,0.00546020829984073,0.00546020829984073,-0.015077845310343174,-0.026796026362527932,-0.0007824905791116166,0.017141795494409084
2015-12-08,-0.04420391344943775,0.23466488044493158,0.27886879389436936,-17422,394128,0.00840262463824834,0.008042154806364148,0.05696186976984234,0.3223927548876246,0.26543088511778223,9271,162758,-0.013099249983228964,-0.013283441323812206,2015-12-08,0.00546020829984073,0.00546020829984073,-0.012945828458446051,0.0053898517668375945,0.0,0.021501874621477304,0.00840262463824834,-0.01070613452222928,-0.009921148852289341,-0.07063185561228896,-0.013099249983228964,0.012104249353522827,-0.013534041673365811,-0.08873933387161738,2016-01-05,-0.025419868984875096,-0.04139230413555334,-0.012918556448501484,0.017136340877511813,0.00570388444206988,-0.009857046465162306,0.0033006919862952344,0.018215196966619995
2015-12-15,-0.06962378243431284,0.21388485307358598,0.28350863550789884,-27219,390944,-0.025419868984875096,-0.024857406730808267,0.015569565634289002,0.3031211046121392,0.28755153897785024,2598,166864,-0.04139230413555334,-0.040999520760884256,2015-12-15,-0.012918556448501484,0.017136340877511813,-0.008044777253781277,0.024966512560547383,-0.030054897326013297,0.01597243515067824,-0.025419868984875096,0.00840262463824834,-0.01070613452222928,-0.009921148852289341,-0.04139230413555334,-0.013099249983228964,0.012104249353522827,-0.013534041673365811,2016-01-12,0.020123913203581575,0.05032084872555111,0.010679609482973085,-0.025279358320278167,0.06985519113477692,0.035877128152871286,0.026152294879517868,0.02158604491907301
2015-12-22,-0.04949986923073127,0.19733576120051124,0.24683563043124251,-20062,405294,0.020123913203581575,0.018306969796185645,0.06589041435984011,0.31171950644256313,0.245829092082723,10616,161116,0.05032084872555111,0.04805110748873334,2015-12-22,0.010679609482973085,-0.025279358320278167,-0.0032109181190138614,-0.009114988596251816,0.03595896780325125,-0.03019693552196953,0.020123913203581575,-0.025419868984875096,0.00840262463824834,-0.01070613452222928,0.05032084872555111,-0.04139230413555334,-0.013099249983228964,0.012104249353522827,2016-01-19,-0.018184514167297994,-0.022625320969296737,-0.004003751913423947,0.01982460463733471,0.050573652052652095,0.03722453602286813,0.013263205417602286,0.030332302397920063
2015-12-29,-0.06768438339802926,0.18928784711854285,0.2569722305165721,-27201,401880,-0.018184514167297994,-0.01761437376324347,0.04326509339054337,0.2984376325709368,0.25517253918039345,7139,165006,-0.022625320969296737,-0.021580724446982297,2015-12-29,-0.004003751913423947,0.01982460463733471,-0.0007824905791116166,0.017141795494409084,-0.023828356550758656,0.004440806801998744,-0.018184514167297994,0.020123913203581575,-0.025419868984875096,0.00840262463824834,-0.022625320969296737,0.05032084872555111,-0.04139230413555334,-0.013099249983228964,2016-01-26,0.029184354390661395,0.0038397299141366623,0.00954339086524758,0.006533609772051641,0.1112888987736618,0.12086173070758632,0.048603809272898424,0.007992895855806204
2016-01-05,-0.03850002900736787,0.19273462126046684,0.23123465026783468,-15927,413688,0.029184354390661395,0.028053150194087786,0.047104823304680035,0.2930276981852913,0.24592287488061126,7891,167520,0.0038397299141366623,0.004557410033574537,2016-01-05,0.00954339086524758,0.006533609772051641,0.0033006919862952344,0.018215196966619995,0.00300978109319594,0.025344624476524732,0.029184354390661395,-0.018184514167297994,0.020123913203581575,-0.025419868984875096,0.0038397299141366623,-0.022625320969296737,0.05032084872555111,-0.04139230413555334,2016-02-02,0.038731437707831946,0.004341870482480255,0.00993304644472115,0.02050718882996483,0.11507478803000853,0.11129678749476783,0.04648914077371735,0.023465512388211263
2016-01-12,0.00023140870046407507,0.20853948410951667,0.2083080754090526,92,397565,0.038731437707831946,0.03872241882771557,0.05144669378716029,0.3034265700599379,0.2519798762727776,8549,166172,0.004341870482480255,0.003927889207258835,2016-01-12,0.00993304644472115,0.02050718882996483,0.026152294879517868,0.02158604491907301,-0.010574142385243679,0.03438956722535169,0.038731437707831946,0.029184354390661395,-0.018184514167297994,0.020123913203581575,0.004341870482480255,0.0038397299141366623,-0.022625320969296737,0.05032084872555111,2016-02-09,0.0008423741214567487,0.05166825659554795,-0.002209479978942497,-0.016533100841431114,0.14736140881906334,0.18991753883199142,0.08609936535163598,-0.01079719577033611
2016-01-19,0.0010737828219208238,0.20559394376704537,0.20452016094512457,439,408835,0.0008423741214567487,0.0008728132506634135,0.10311495038270824,0.3084170736141323,0.20530212323142408,16449,159521,0.05166825659554795,0.04754110199070842,2016-01-19,-0.002209479978942497,-0.016533100841431114,0.013263205417602286,0.030332302397920063,0.014323620862488617,-0.0508258824740912,0.0008423741214567487,0.038731437707831946,0.029184354390661395,-0.018184514167297994,0.05166825659554795,0.004341870482480255,0.0038397299141366623,-0.022625320969296737,2016-02-16,0.04253073255371172,0.061011873715421466,0.03133685194187219,-0.0025148019047791514,0.18780645368346954,0.18324827683683031,0.09873149120336588,0.01615855094388241
2016-01-26,0.04360451537563254,0.2484624367458155,0.20485792137018294,16803,385350,0.04253073255371172,0.040025927330096495,0.1641268240981297,0.3271032869311205,0.1629764628329908,25396,154734,0.061011873715421466,0.056086659436688585,2016-01-26,0.03133685194187219,-0.0025148019047791514,0.048603809272898424,0.007992895855806204,0.03385165384665134,-0.01848114116170975,0.04253073255371172,0.0008423741214567487,0.038731437707831946,0.029184354390661395,0.061011873715421466,0.05166825659554795,0.004341870482480255,0.0038397299141366623,2016-02-23,0.03297024364700812,-0.005725213298681836,0.007428722366066509,0.0220062263044567,0.20139761806549572,0.12792741839029312,0.08851706428020378,0.03773039105575826
2016-02-02,0.07657475902264066,0.2652161873491831,0.18864142832654246,29036,379185,0.03297024364700812,0.031745166731542755,0.15840161079944787,0.3225967809338078,0.1641951701343599,25017,157934,-0.005725213298681836,-0.002449364716222679,2016-02-02,0.007428722366066509,0.0220062263044567,0.04648914077371735,0.023465512388211263,-0.01457750393839019,0.03869545694568995,0.03297024364700812,0.04253073255371172,0.0008423741214567487,0.038731437707831946,-0.005725213298681836,0.061011873715421466,0.05166825659554795,0.004341870482480255,2016-03-01,0.07101805849688675,0.08296262181970385,0.04954327102263978,-0.013755519328582544,0.1550728755613724,0.12845610949655994,0.0857693618013835,0.04618159503355601
2016-02-09,0.1475928175195274,0.29466717620054866,0.14707435868102126,60636,410833,0.07101805849688675,0.08333662987723671,0.24136423261915171,0.35755234902589517,0.11618811640674342,39744,164664,0.08296262181970385,0.09324781237732217,2016-02-09,0.04954327102263978,-0.013755519328582544,0.08609936535163598,-0.01079719577033611,0.06329879035122232,-0.011944563322817098,0.07101805849688675,0.03297024364700812,0.04253073255371172,0.0008423741214567487,0.08296262181970385,-0.005725213298681836,0.061011873715421466,0.05166825659554795,2016-03-08,0.04128741898586297,0.04499899460038684,0.010422645872787406,0.010422645872787406,0.10771563151976254,0.05045622359865551,0.059805997676088296,0.052253633852323844
2016-02-16,0.18888023650539038,0.2942771477599135,0.10539691125452308,81013,428912,0.04128741898586297,0.04959922888375569,0.28636322721953855,0.3643973716583156,0.07803414443877704,47721,166645,0.04499899460038684,0.04844410435796531,2016-02-16,0.010422645872787406,0.010422645872787406,0.09873149120336588,0.01615855094388241,0.0,-0.003711575614523871,0.04128741898586297,0.07101805849688675,0.03297024364700812,0.04253073255371172,0.04499899460038684,0.08296262181970385,-0.005725213298681836,0.061011873715421466,2016-03-15,0.05612189693573788,0.00569101526888427,0.02112242501871009,0.0190570382070967,0.07431320236734179,0.01906462210047588,0.027415479742386673,0.025350092930773283
2016-02-23,0.24500213344112826,0.317485234341665,0.07248310090053672,109097,445290,0.05612189693573788,0.06547730070503972,0.2920542424884228,0.35880982501130526,0.06675558252288248,51021,174697,0.00569101526888427,0.019802574334663505,2016-02-23,0.02112242501871009,0.0190570382070967,0.08851706428020378,0.03773039105575826,0.00206538681161339,0.05043088166685361,0.05612189693573788,0.04128741898586297,0.07101805849688675,0.03297024364700812,0.00569101526888427,0.04499899460038684,0.08296262181970385,-0.005725213298681836,2016-03-22,-0.013354498857115205,-0.00519652219241501,0.004681019887246229,0.03045743028225445,0.03879136374539921,0.019144733475166986,0.017672605962934185,-0.02144228773782375
2016-03-01,0.23164763458401305,0.297018122093862,0.06537048750984896,104370,450555,-0.013354498857115205,-0.01061555390868872,0.2868577202960078,0.3580992402629812,0.07124151996697331,46555,162293,-0.00519652219241501,-0.025564262694837348,2016-03-01,0.004681019887246229,0.03045743028225445,0.0857693618013835,0.04618159503355601,-0.02577641039500822,-0.008157976664700195,-0.013354498857115205,0.05612189693573788,0.04128741898586297,0.07101805849688675,-0.00519652219241501,0.00569101526888427,0.04499899460038684,0.08296262181970385,2016-03-29,0.023660814455276902,0.0049627359217994105,0.02357990689734457,-0.007683480509814711,0.08930453427048296,-0.03339847519601069,0.008371126534045814,-0.021523369221530864
2016-03-08,0.25530844903928995,0.32120574622828635,0.06589729718899641,127427,499110,0.023660814455276902,0.05117466236086604,0.2918204562178072,0.34909786607799853,0.057277409860191315,49573,169875,0.0049627359217994105,0.01859599613045541,2016-03-08,0.02357990689734457,-0.007683480509814711,0.059805997676088296,0.052253633852323844,0.03126338740715928,0.01869807853347749,0.023660814455276902,-0.013354498857115205,0.05612189693573788,0.04128741898586297,0.0049627359217994105,-0.00519652219241501,0.00569101526888427,0.04499899460038684,2016-04-05,0.007884989833442213,0.01360739310220721,-0.021967872060914218,-0.016480895048763156,0.06690191430637565,-0.05135423087555846,-0.024514307685836734,-0.010739998339545753
2016-03-15,0.26319343887273217,0.32286862737940236,0.05967518850667024,129777,493086,0.007884989833442213,0.004708380918034101,0.30542784932001443,0.3531652425081237,0.04773739318810928,50756,166180,0.01360739310220721,0.006963944076526858,2016-03-15,-0.021967872060914218,-0.016480895048763156,0.027415479742386673,0.025350092930773283,-0.005486977012151062,-0.005722403268764997,0.007884989833442213,0.023660814455276902,-0.013354498857115205,0.05612189693573788,0.01360739310220721,0.0049627359217994105,-0.00519652219241501,0.00569101526888427,2016-04-12,0.0206000583137953,0.005771126643575375,0.011379551239257601,-0.027735342461500334,0.07501512644540004,-0.002300143692308798,0.017562771902246865,-0.040550398046117486
2016-03-22,0.28379349718652747,0.34168463646174246,0.057891139275215,144899,510579,0.0206000583137953,0.030668078185144172,0.3111989759635898,0.3649551984070545,0.05375622244346465,54701,175775,0.005771126643575375,0.02373931881092791,2016-03-22,0.011379551239257601,-0.027735342461500334,0.017672605962934185,-0.02144228773782375,0.039114893700757936,0.014828931670219925,0.0206000583137953,0.007884989833442213,0.023660814455276902,-0.013354498857115205,0.005771126643575375,0.01360739310220721,0.0049627359217994105,-0.00519652219241501,2016-04-19,0.037158671667968546,-0.057739730863592686,-0.004620459541642141,0.030376348798547337,0.062116053387548054,0.037898756800792466,0.0022604913401451654,-0.061781934617417544
2016-03-29,0.320952168854496,0.3832465070005682,0.06229433814607221,154205,480461,0.037158671667968546,0.018226366536814087,0.2534592450999971,0.3432369975179025,0.08977775241790534,44420,175255,-0.057739730863592686,-0.05848954629497938,2016-03-29,-0.004620459541642141,0.030376348798547337,0.008371126534045814,-0.021523369221530864,-0.03499680834018948,0.09489840253156123,0.037158671667968546,0.0206000583137953,0.007884989833442213,0.023660814455276902,-0.057739730863592686,0.005771126643575375,0.01360739310220721,0.0049627359217994105,2016-04-26,0.0012581944911695953,-0.012993019757748359,-0.009305527322537976,0.0030998903721703996,0.024610251307630115,0.09072788125672698,-0.0005053919775699356,-0.11003531595096971
2016-04-05,0.3222103633456656,0.3938375090171991,0.0716271456715335,152758,474094,0.0012581944911695953,-0.0030116908552411123,0.24046622534224876,0.33830795995842433,0.0978417346161756,43263,179913,-0.012993019757748359,-0.006601808792901772,2016-04-05,-0.009305527322537976,0.0030998903721703996,-0.024514307685836734,-0.010739998339545753,-0.012405417694708376,0.014251214248917954,0.0012581944911695953,0.037158671667968546,0.0206000583137953,0.007884989833442213,-0.012993019757748359,-0.057739730863592686,0.005771126643575375,0.01360739310220721,2016-05-03,0.015998201972466597,0.06266148028545687,0.02010920752716938,-0.04629129475533489,0.06468440382285046,0.10440380396610438,0.04405995122379203,-0.09491772464966619
2016-04-12,0.3382085653181322,0.4013692140893478,0.06316064877121558,170634,504523,0.015998201972466597,0.03770560268638709,0.30312770562770563,0.37756493506493505,0.07443722943722944,56018,184800,0.06266148028545687,0.07089537721009599,2016-04-12,0.02010920752716938,-0.04629129475533489,0.017562771902246865,-0.040550398046117486,0.06640050228250427,-0.046663278312990275,0.015998201972466597,0.0012581944911695953,0.037158671667968546,0.0206000583137953,0.06266148028545687,-0.012993019757748359,-0.057739730863592686,0.005771126643575375,2016-05-10,0.007700985255943316,0.04597002713667664,-0.0039227293228440985,-0.04896687903280039,0.02605390111292666,0.05199983160615562,0.007716922338621757,-0.04720384098286434
2016-04-19,0.3459095505740755,0.4145601999479468,0.06865064937387128,174107,503331,0.007700985255943316,0.006883729780406443,0.3490977327643823,0.39861189656058815,0.04951416379620585,67903,194510,0.04597002713667664,0.06431277056277056,2016-04-19,-0.0039227293228440985,-0.04896687903280039,0.0022604913401451654,-0.061781934617417544,0.045044149709956294,-0.03826904188073332,0.007700985255943316,0.015998201972466597,0.0012581944911695953,0.037158671667968546,0.04597002713667664,0.06266148028545687,-0.012993019757748359,-0.057739730863592686,2016-05-17,-0.0003471304119493923,-0.004910606407658169,-0.007386342859357242,-0.017877032535004833,0.011087947228729855,-0.020264690342711444,0.021837090689381,0.0040069840259571166
2016-04-26,0.3455624201621261,0.41470704019410143,0.06914462003197532,172050,497884,-0.0003471304119493923,-0.004086773912196944,0.3441871263567241,0.3860980517344787,0.04191092537775456,71160,206748,-0.004910606407658169,0.016744640378386716,2016-04-26,-0.007386342859357242,-0.017877032535004833,-0.0005053919775699356,-0.11003531595096971,0.010490689675647591,0.004563475995708777,-0.0003471304119493923,0.007700985255943316,0.015998201972466597,0.0012581944911695953,-0.004910606407658169,0.04597002713667664,0.06266148028545687,-0.012993019757748359,2016-05-24,0.041332347006389936,0.0006829029516290386,0.035259815878823986,0.018217481673473923,-0.05739832643848636,-0.05945406207023829,-0.011864494229663514,0.04302161150318007
2016-05-03,0.38689476716851606,0.43982579616596024,0.05293102899744421,218895,565774,0.041332347006389936,0.09408818118276546,0.34487002930835314,0.40866235869186884,0.06379232938351569,68366,198237,0.0006829029516290386,-0.013514036411476773,2016-05-03,0.035259815878823986,0.018217481673473923,0.04405995122379203,-0.09491772464966619,0.017042334205350063,0.0406494440547609,0.041332347006389936,-0.0003471304119493923,0.007700985255943316,0.015998201972466597,0.0006829029516290386,-0.004910606407658169,0.04597002713667664,0.06266148028545687,2016-05-31,-0.0226323007374572,0.010257507925508114,-0.01623382135800089,0.0014225889114669599,-0.08625813631528506,-0.07272918395356459,-0.057751814057870554,0.029204709980087618
2016-05-10,0.36426246643105886,0.42564986192967297,0.06138739549861412,211191,579777,-0.0226323007374572,-0.013616744495151774,0.35512753723386126,0.4222775097253531,0.06714997249149184,72940,205391,0.010257507925508114,0.023073391950039598,2016-05-10,-0.01623382135800089,0.0014225889114669599,0.007716922338621757,-0.04720384098286434,-0.017656410269467848,-0.032889808662965314,-0.0226323007374572,0.041332347006389936,-0.0003471304119493923,0.007700985255943316,0.010257507925508114,0.0006829029516290386,-0.004910606407658169,0.04597002713667664,2016-06-07,-0.0072649686282534875,-0.026294494812190428,0.010197439027915145,0.0022439459760210667,-0.0069074808367969864,-0.09958110732576464,-0.018015530067398977,0.024650933975558065
2016-05-17,0.3569974978028054,0.4151714820098912,0.058173984207085805,212441,595077,-0.0072649686282534875,0.0021560013591432566,0.32883304242167083,0.4068054042064862,0.07797236178481537,68198,207394,-0.026294494812190428,-0.023087671806456954,2016-05-17,0.010197439027915145,0.0022439459760210667,0.021837090689381,0.0040069840259571166,0.007953493051894078,0.01902952618393694,-0.0072649686282534875,-0.0226323007374572,0.041332347006389936,-0.0003471304119493923,-0.026294494812190428,0.010257507925508114,0.0006829029516290386,-0.004910606407658169,2016-06-14,-0.0688334040791656,-0.044099978135185014,-0.041087927778401756,0.02113759494221812,0.0633510078549564,-0.020366910465123955,0.004489949394953285,-0.0034008997493790716
2016-05-24,0.28816409372363977,0.3778929493625658,0.08972885563892603,156461,542958,-0.0688334040791656,-0.09407185960808433,0.2847330642864858,0.37775061124694376,0.09301754696045797,57995,203682,-0.044099978135185014,-0.049196215898241996,2016-05-24,-0.041087927778401756,0.02113759494221812,-0.011864494229663514,0.04302161150318007,-0.062225522720619875,-0.02473342594398059,-0.0688334040791656,-0.0072649686282534875,-0.0226323007374572,0.041332347006389936,-0.044099978135185014,-0.026294494812190428,0.010257507925508114,0.0006829029516290386,2016-06-21,0.012472537129591232,-0.012592218931697263,-0.010627503949383055,0.004400580150381472,0.1499821031523937,0.08283203215448726,0.029732544536910765,-0.030663109569851077
2016-05-31,0.300636630853231,0.388735255026592,0.08809862417336103,148611,494321,0.012472537129591232,-0.01445784020126787,0.27214084535478855,0.3567419416711253,0.08460109631633674,53916,198118,-0.012592218931697263,-0.020026315531072945,2016-05-31,-0.010627503949383055,0.004400580150381472,-0.057751814057870554,0.029204709980087618,-0.015028084099764527,0.025064756061288496,0.012472537129591232,-0.0688334040791656,-0.0072649686282534875,-0.0226323007374572,-0.012592218931697263,-0.044099978135185014,-0.026294494812190428,0.010257507925508114,2016-06-28,0.056718354741030874,-0.016594415446691935,0.02350246263247069,-0.003131187093062593,0.12467031351880381,0.09523602081108024,0.07676318592208187,-0.030504678981731814
2016-06-07,0.3573549855942619,0.42725807426510587,0.069903088670844,177366,496330,0.056718354741030874,0.05817070284288954,0.2555464299080966,0.3542437726119682,0.09869734270387158,49161,192376,-0.016594415446691935,-0.024000847979486973,2016-06-07,0.02350246263247069,-0.003131187093062593,-0.018015530067398977,0.024650933975558065,0.02663364972553328,0.07331277018772281,0.056718354741030874,0.012472537129591232,-0.0688334040791656,-0.0072649686282534875,-0.016594415446691935,-0.012592218931697263,-0.044099978135185014,-0.026294494812190428,2016-07-05,0.0629935200634999,0.05291970204845026,0.03270291849026741,-0.02580788774891607,0.06085041709590355,0.1276385691692501,0.08583946313981095,-0.11027536721507936
2016-06-14,0.4203485056577618,0.4721677726700125,0.05181926701225069,229240,545357,0.0629935200634999,0.10451514113593778,0.3084661319565469,0.38714586336264695,0.07867973140610011,61419,199111,0.05291970204845026,0.06371896702291346,2016-06-14,0.03270291849026741,-0.02580788774891607,0.004489949394953285,-0.0034008997493790716,0.05851080623918348,0.01007381801504964,0.0629935200634999,0.056718354741030874,0.012472537129591232,-0.0688334040791656,0.05291970204845026,-0.016594415446691935,-0.012592218931697263,-0.044099978135185014,2016-07-12,0.017797691218271683,0.0590989644844262,-0.015845332636444276,-0.006124614878253887,-0.010994930731219155,0.0916279891988136,0.035054845019273806,-0.10832805576359972
2016-06-21,0.43814619687603346,0.48106355541479956,0.042917358538766125,250408,571517,0.017797691218271683,0.03881494140535466,0.36756509644097307,0.42639263099534086,0.05882753455436781,75578,205618,0.0590989644844262,0.07111108878967008,2016-06-21,-0.015845332636444276,-0.006124614878253887,0.029732544536910765,-0.030663109569851077,-0.00972071775819039,-0.041301273266154515,0.017797691218271683,0.0629935200634999,0.056718354741030874,0.012472537129591232,0.0590989644844262,0.05291970204845026,-0.016594415446691935,-0.012592218931697263,2016-07-19,-0.012839252503998644,-0.00018823027510428414,0.03640313743578805,0.004559010738500735,-0.029120625991740146,0.048262937463208366,0.05137193075811286,-0.09278660970839692
2016-06-28,0.4253069443720348,0.4657848261300245,0.04047788175798968,261050,613792,-0.012839252503998644,0.018620618459293425,0.3673768661658688,0.4141090654506235,0.04673219928475468,77662,211396,-0.00018823027510428414,0.010135299438765089,2016-06-28,0.03640313743578805,0.004559010738500735,0.07676318592208187,-0.030504678981731814,0.03184412669728731,-0.01265102222889436,-0.012839252503998644,0.017797691218271683,0.0629935200634999,0.056718354741030874,-0.00018823027510428414,0.0590989644844262,0.05291970204845026,-0.016594415446691935,2016-07-26,-0.007101541681869383,0.015808132911477923,0.03257873985019977,-0.08290187532641013,0.004001171708301776,0.0720387976713453,0.00541144330265908,-0.09306559005230763
2016-07-05,0.41820540269016543,0.45954567660738377,0.041340273917218374,273076,652971,-0.007101541681869383,0.01959295657160732,0.3831849990773467,0.42598191599596874,0.04279691691862198,80985,211347,0.015808132911477923,0.015719313515865956,2016-07-05,0.03257873985019977,-0.08290187532641013,0.08583946313981095,-0.11027536721507936,0.1154806151766099,-0.022909674593347307,-0.007101541681869383,-0.012839252503998644,0.017797691218271683,0.0629935200634999,0.015808132911477923,-0.00018823027510428414,0.0590989644844262,0.05291970204845026,2016-08-02,-0.00885182776362281,0.01690912207801376,-0.018081699630269732,-0.02386057629743643,0.019314671647145287,0.01733606621168865,0.0061600490074207315,-0.025983767628222854
2016-07-12,0.4093535749265426,0.4677672111465673,0.05841363622002464,259129,633020,-0.00885182776362281,-0.02135929467005426,0.40009412115536047,0.43323222298326786,0.03313810182790739,85867,214617,0.01690912207801376,0.023099452559061637,2016-07-12,-0.018081699630269732,-0.02386057629743643,0.035054845019273806,-0.10832805576359972,0.005778876667166699,-0.02576094984163657,-0.00885182776362281,-0.007101541681869383,-0.012839252503998644,0.017797691218271683,0.01690912207801376,0.015808132911477923,-0.00018823027510428414,0.0590989644844262,2016-08-09,-0.000328004042249308,0.015733912748820966,0.0004717531023947785,0.009416831176948914,0.01687587628904863,0.010455281399624872,0.0063502040577754215,0.017941445933575384
2016-07-19,0.4090255708842933,0.46561567669093734,0.05659010580664399,252397,617069,-0.000328004042249308,-0.010634735079460365,0.41582803390418144,0.4513927538479786,0.03556471994379716,91152,219206,0.015733912748820966,0.02462526267723433,2016-07-19,0.0004717531023947785,0.009416831176948914,0.05137193075811286,-0.09278660970839692,-0.008945078074554136,-0.016061916791070274,-0.000328004042249308,-0.00885182776362281,-0.007101541681869383,-0.012839252503998644,0.015733912748820966,0.01690912207801376,0.015808132911477923,-0.00018823027510428414,2016-08-16,0.020282545196043278,0.02358762993303265,-0.009557350019665733,0.0042800303945900176,0.014954683999583607,-0.020228121323136783,0.009856166574228276,0.015155616288680118
2016-07-26,0.4293081160803366,0.48371491779811737,0.05440680171778076,247421,576325,0.020282545196043278,-0.008063928021015477,0.4394156638372141,0.47708876357656244,0.03767309973934833,95924,218299,0.02358762993303265,0.02176947711285275,2016-07-26,-0.009557350019665733,0.0042800303945900176,0.00541144330265908,-0.09306559005230763,-0.013837380414255751,-0.003305084736989372,0.020282545196043278,-0.000328004042249308,-0.00885182776362281,-0.007101541681869383,0.02358762993303265,0.015733912748820966,0.01690912207801376,0.015808132911477923,2016-08-23,0.008211958256974128,-0.03889459854817873,0.03332734555496142,-0.015820052902325354,0.013442240393703175,-0.06907958967982358,0.013871613675930483,0.05377849628041442
2016-08-02,0.4375200743373107,0.49559695711692153,0.05807688277961083,254729,582211,0.008211958256974128,0.012680345291285299,0.40052106528903536,0.4517591520441792,0.05123808675514385,89933,224540,-0.03889459854817873,-0.027444010279479063,2016-08-02,0.03332734555496142,-0.015820052902325354,0.0061600490074207315,-0.025983767628222854,0.04914739845728677,0.047106556805152855,0.008211958256974128,0.020282545196043278,-0.000328004042249308,-0.00885182776362281,-0.03889459854817873,0.02358762993303265,0.015733912748820966,0.01690912207801376,2016-08-30,-0.011290623121719467,0.010028337265949983,-0.017891544579915042,0.020064637264361807,-0.022772886847384155,-0.017776207410081124,-0.04105555376281256,0.06260574128708463
2016-08-09,0.42622945121559125,0.4892187855731414,0.06298933435755015,245252,575399,-0.011290623121719467,-0.016277603824043172,0.41054940255498534,0.4810939628857757,0.07054456033079037,86481,210647,0.010028337265949983,-0.015373652801282622,2016-08-09,-0.017891544579915042,0.020064637264361807,0.0063502040577754215,0.017941445933575384,-0.03795618184427685,-0.02131896038766945,-0.011290623121719467,0.008211958256974128,0.020282545196043278,-0.000328004042249308,0.010028337265949983,-0.03889459854817873,0.02358762993303265,0.015733912748820966,2016-09-06,-0.0022491963317143315,-0.014949489973940688,0.003977715618847633,0.006631001532053649,0.03010215296687707,-0.009504206091183187,0.005844155897507974,-0.0036495017709503585
2016-08-16,0.4239802548838769,0.4841116793829127,0.0601314244990358,242727,572496,-0.0022491963317143315,-0.004388259277475283,0.39559991258104465,0.47967266457832497,0.0840727519972803,81456,205905,-0.014949489973940688,-0.023855075078211416,2016-08-16,0.003977715618847633,0.006631001532053649,0.009856166574228276,0.015155616288680118,-0.002653285913206016,0.012700293642226357,-0.0022491963317143315,-0.011290623121719467,0.008211958256974128,0.020282545196043278,-0.014949489973940688,0.010028337265949983,-0.03889459854817873,0.02358762993303265,2016-09-13,0.018770101590162847,-0.02526383842365415,-0.005541902917963526,0.04290291038632432,-0.0014130290307494686,-0.030805348949649425,-0.021399614565523528,0.02704519873876432
2016-08-23,0.44275035647403976,0.49662025959338396,0.05386990311934419,253684,572973,0.018770101590162847,0.019138998351080183,0.3703360741573905,0.4696699375557538,0.09933386339836327,76387,206264,-0.02526383842365415,-0.024618149146451034,2016-08-23,-0.005541902917963526,0.04290291038632432,0.013871613675930483,0.05377849628041442,-0.04844481330428785,0.044033940013817,0.018770101590162847,-0.0022491963317143315,-0.011290623121719467,0.008211958256974128,-0.02526383842365415,-0.014949489973940688,0.010028337265949983,-0.03889459854817873,2016-09-20,-0.028003168984113203,0.012408783721563732,-0.021599821883781622,-0.006992807895655151,-0.0613072050990176,-0.002792753967830741,-0.01832594456256942,-0.037111035370525514
2016-08-30,0.41474718748992656,0.4775805070935068,0.06283331960358024,231594,558398,-0.028003168984113203,-0.038553300068240565,0.38274485787895424,0.4911939857245428,0.10844912784558855,72498,189416,0.012408783721563732,-0.018854477756661367,2016-08-30,-0.021599821883781622,-0.006992807895655151,-0.04105555376281256,0.06260574128708463,-0.014607013988126472,-0.040411952705676935,-0.028003168984113203,0.018770101590162847,-0.0022491963317143315,-0.011290623121719467,0.012408783721563732,-0.02526383842365415,-0.014949489973940688,0.010028337265949983,2016-09-27,0.04158441669254176,0.01830033858484792,0.02900816508040549,-0.04619060579367318,0.022828370546361887,-0.0021179160566936472,0.012636798063887511,-0.015266797893773276
2016-09-06,0.4563316041824683,0.4938441326254199,0.03751252844295157,269535,590656,0.04158441669254176,0.06794616026561699,0.40104519646380216,0.4964331792145464,0.09538798275074424,79887,199197,0.01830033858484792,0.03900937618786164,2016-09-06,0.02900816508040549,-0.04619060579367318,0.005844155897507974,-0.0036495017709503585,0.07519877087407867,0.02328407810769384,0.04158441669254176,-0.028003168984113203,0.018770101590162847,-0.0022491963317143315,0.01830033858484792,0.012408783721563732,-0.02526383842365415,-0.014949489973940688,2016-10-04,-0.03376437832934087,-0.036250632832406926,-0.02326605484418387,0.03732570204176833,-0.08902766749832813,-0.07647677530524377,-0.0620192727613178,0.0553700680117446
2016-09-13,0.42256722585312745,0.4724000959996661,0.04983287014653862,242977,575002,-0.03376437832934087,-0.04496356593347058,0.36479456363139523,0.48301392605425025,0.11821936242285502,70753,193953,-0.036250632832406926,-0.045854104228477334,2016-09-13,-0.02326605484418387,0.03732570204176833,-0.021399614565523528,0.02704519873876432,-0.0605917568859522,0.0024862545030660543,-0.03376437832934087,0.04158441669254176,-0.028003168984113203,0.018770101590162847,-0.036250632832406926,0.01830033858484792,0.012408783721563732,-0.02526383842365415,2016-10-11,-0.04112407447810529,0.0027487565581645335,-0.0024682329150094162,-0.02125332372296551,-0.12517631429111215,-0.12184239553960405,-0.0505610895484736,0.028924098381711172
2016-09-20,0.38144315137502216,0.4404491124588621,0.05900596108383993,213147,558791,-0.04112407447810529,-0.05187808042406809,0.36754332018955976,0.482891561283921,0.11534824109436127,71120,193501,0.0027487565581645335,0.0018922109995720613,2016-09-20,-0.0024682329150094162,-0.02125332372296551,-0.01832594456256942,-0.037111035370525514,0.018785090807956095,-0.04387283103626982,-0.04112407447810529,-0.03376437832934087,0.04158441669254176,-0.028003168984113203,0.0027487565581645335,-0.036250632832406926,0.01830033858484792,0.012408783721563732,2016-10-18,0.05613240666126629,0.013083621632700826,0.009362920742675307,0.014851429581097086,-0.11798655349266968,-0.15052584400990443,-0.04084195923410672,0.04781286962205167
2016-09-27,0.43757555803628845,0.4838303658852358,0.04625480784894737,255177,583161,0.05613240666126629,0.07521595730783065,0.3806269418222606,0.4823412048479795,0.10171426302571891,76691,201486,0.013083621632700826,0.02879054888605227,2016-09-27,0.009362920742675307,0.014851429581097086,0.012636798063887511,-0.015266797893773276,-0.0054885088384217795,0.04304878502856546,0.05613240666126629,-0.04112407447810529,-0.03376437832934087,0.04158441669254176,0.013083621632700826,0.0027487565581645335,-0.036250632832406926,0.01830033858484792,2016-10-25,-0.07027162135214826,-0.056058520663702205,-0.04564790574479982,0.024446260111844698,-0.1540744144575667,-0.18501385850038865,-0.041523168045914716,0.03330472978619259
2016-10-04,0.3673039366841402,0.4492551723125266,0.08195123562838641,200116,544824,-0.07027162135214826,-0.09441817954218475,0.3245684211585584,0.44470608361384073,0.12013766245528235,64507,198747,-0.056058520663702205,-0.06047070267909433,2016-10-04,-0.04564790574479982,0.024446260111844698,-0.0620192727613178,0.0553700680117446,-0.07009416585664452,-0.014213100688446056,-0.07027162135214826,0.05613240666126629,-0.04112407447810529,-0.03376437832934087,-0.056058520663702205,0.013083621632700826,0.0027487565581645335,-0.036250632832406926,2016-11-01,-0.06991302512212488,-0.0816162530667672,-0.011807871631339673,0.0108797324117349,-0.04848306022250792,-0.08249582019975446,0.014444256898886287,-0.012922767366497556
2016-10-11,0.2973909115620153,0.40579979533426075,0.1084088837722454,148793,500328,-0.06991302512212488,-0.09420106309560519,0.24295216809179118,0.3843195408307507,0.1413673727389595,45546,187469,-0.0816162530667672,-0.09540269790235828,2016-10-11,-0.011807871631339673,0.0108797324117349,-0.0505610895484736,0.028924098381711172,-0.022687604043074572,0.01170322794464232,-0.06991302512212488,-0.07027162135214826,0.05613240666126629,-0.04112407447810529,-0.0816162530667672,-0.056058520663702205,0.013083621632700826,0.0027487565581645335,2016-11-08,-0.03393431367966282,-0.02593469191213585,0.00725089739935747,-0.0023645524826250153,0.031340655657406014,0.055228587757676334,0.017331138360100695,-0.032148929229578016
2016-10-18,0.2634565978823525,0.3822629415705517,0.11880634368819923,130954,497061,-0.03393431367966282,-0.03565461057546249,0.21701747617965533,0.362412738005274,0.14539526182561868,41066,189229,-0.02593469191213585,-0.0238972843510127,2016-10-18,0.00725089739935747,-0.0023645524826250153,-0.04084195923410672,0.04781286962205167,0.009615449881982485,-0.007999621767526971,-0.03393431367966282,-0.06991302512212488,-0.07027162135214826,0.05613240666126629,-0.02593469191213585,-0.0816162530667672,-0.056058520663702205,0.013083621632700826,2016-11-15,0.020044545696369265,-0.021404392857783394,0.008681711930867309,0.0003432897452380068,0.01757345614102218,0.056612486469989176,-0.02778654316672302,0.004425222746091251
2016-10-25,0.28350114357872175,0.39221302675048314,0.10871188317176139,143910,507617,0.020044545696369265,0.026065211312092478,0.19561308332187194,0.33597709756457866,0.14036401424270672,38401,196311,-0.021404392857783394,-0.014083465008006172,2016-10-25,0.008681711930867309,0.0003432897452380068,-0.041523168045914716,0.03330472978619259,0.008338422185629302,0.04144893855415266,0.020044545696369265,-0.03393431367966282,-0.06991302512212488,-0.07027162135214826,-0.021404392857783394,-0.02593469191213585,-0.0816162530667672,-0.056058520663702205,2016-11-22,0.035319732882910515,0.046459517636931985,0.010319519200001182,-0.021781237040845447,-0.013713132421870833,0.05499843022573181,-0.05005053048458041,0.014883506185540796
2016-11-01,0.31882087646163226,0.390542007186878,0.07172113072524573,166267,521506,0.035319732882910515,0.044043048203665364,0.24207260095880392,0.33889757861379705,0.0968249776549931,47667,196912,0.046459517636931985,0.04720061535013321,2016-11-01,0.010319519200001182,-0.021781237040845447,0.014444256898886287,-0.012922767366497556,0.03210075624084663,-0.01113978475402147,0.035319732882910515,0.020044545696369265,-0.03393431367966282,-0.06991302512212488,0.046459517636931985,-0.021404392857783394,-0.02593469191213585,-0.0816162530667672,2016-11-29,0.009910690757789054,0.05610815489066359,-0.008920990170125265,-0.00834642945134556,-0.055199281090127506,0.030181047860676852,-0.08021252838554283,0.01808891813442237
2016-11-08,0.3287315672194213,0.4007360806356647,0.07200451341624338,173637,528203,0.009910690757789054,0.01413214804815285,0.2981807558494675,0.38238121796404007,0.08420046211457255,56137,188265,0.05610815489066359,0.04301413829527911,2016-11-08,-0.008920990170125265,-0.00834642945134556,0.017331138360100695,-0.032148929229578016,-0.0005745607187797042,-0.04619746413287454,0.009910690757789054,0.035319732882910515,0.020044545696369265,-0.03393431367966282,0.05610815489066359,0.046459517636931985,-0.021404392857783394,-0.02593469191213585,2016-12-06,-0.04770151319604665,-0.024550793199823007,-0.037866784127466246,0.03420959949304425,-0.11954991629088838,-0.04353180425630332,-0.08766926399379127,0.00563139591236439
2016-11-15,0.28103005402337466,0.3716991801551216,0.09066912613174692,134680,479237,-0.04770151319604665,-0.07375384085285393,0.2736299626496445,0.36615931957147185,0.09252935692182737,47839,174831,-0.024550793199823007,-0.044076169229543466,2016-11-15,-0.037866784127466246,0.03420959949304425,-0.02778654316672302,0.004425222746091251,-0.0720763836205105,-0.023150719996223645,-0.04770151319604665,0.009910690757789054,0.035319732882910515,0.020044545696369265,-0.024550793199823007,0.05610815489066359,0.046459517636931985,-0.021404392857783394,2016-12-13,-0.01124204286652375,-0.02301844910204076,-0.013582275386990084,0.010801573184687552,-0.10795167786415405,0.007221855687805645,-0.05863617142810362,-0.04932803026780963
2016-11-22,0.2697880111568509,0.37275680927944616,0.10296879812259523,124389,461062,-0.01124204286652375,-0.02147371759693012,0.25061151354760375,0.34145148266248576,0.09083996911488203,42519,169661,-0.02301844910204076,-0.030429386092855386,2016-11-22,-0.013582275386990084,0.010801573184687552,-0.05005053048458041,0.014883506185540796,-0.024383848571677635,0.011776406235517012,-0.01124204286652375,-0.04770151319604665,0.009910690757789054,0.035319732882910515,-0.02301844910204076,-0.024550793199823007,0.05610815489066359,0.046459517636931985,2016-12-20,-0.006166415785346158,0.021642135271877028,-0.01984247870096123,-0.01857582509196387,-0.13482371818613142,0.019124298646739313,-0.06943189998986199,-0.03334548312512142
2016-11-29,0.26362159537150476,0.3995602239308191,0.1359386285593143,106941,405661,-0.006166415785346158,-0.037843066659147793,0.2722536488194808,0.36372632896198587,0.09147268014250508,42642,156626,0.021642135271877028,0.0007249750974001097,2016-11-29,-0.01984247870096123,-0.01857582509196387,-0.08021252838554283,0.01808891813442237,-0.001266653608997359,-0.027808551057223185,-0.006166415785346158,-0.01124204286652375,-0.04770151319604665,0.009910690757789054,0.021642135271877028,-0.02301844910204076,-0.024550793199823007,0.05610815489066359,2016-12-27,-0.054439944442971816,-0.01760469722631658,-0.01637772577837371,-0.020803951673403542,-0.15561512982742526,-0.031807779183619905,-0.04247132653844865,-0.00040756340680392356
2016-12-06,0.20918165092853294,0.38334637785751313,0.1741647269289802,82318,393524,-0.054439944442971816,-0.06069846497444911,0.2546489515931642,0.3524981642681863,0.09784921267502213,40575,159337,-0.01760469722631658,-0.013197042636599288,2016-12-06,-0.01637772577837371,-0.020803951673403542,-0.08766926399379127,0.00563139591236439,0.004426225895029834,-0.03683524721665524,-0.054439944442971816,-0.006166415785346158,-0.01124204286652375,-0.04770151319604665,-0.01760469722631658,0.021642135271877028,-0.02301844910204076,-0.024550793199823007,2017-01-03,-0.03610327476931233,0.026202866744285958,-0.0088336915617786,-0.02074982668712977,-0.12309894729538462,0.0037753396675492823,-0.00865259186341305,0.01755541510798464
2016-12-13,0.17307837615922061,0.3681044948291582,0.19502611866993758,68718,397034,-0.03610327476931233,-0.03455951860623494,0.28085181833745015,0.36462129178996794,0.0837694734525178,45935,163556,0.026202866744285958,0.033639393235720516,2016-12-13,-0.0088336915617786,-0.02074982668712977,-0.05863617142810362,-0.04932803026780963,0.011916135125351168,-0.062306141513598284,-0.03610327476931233,-0.054439944442971816,-0.006166415785346158,-0.01124204286652375,0.026202866744285958,-0.01760469722631658,0.021642135271877028,-0.02301844910204076,2017-01-10,-0.038114083188501124,-0.011116006143107093,-0.02437800394874845,0.02678412032737576,-0.04767550544496546,0.0025582640668154744,0.024151483329093004,0.032289310086219825
2016-12-20,0.1349642929707195,0.34512530696506555,0.21016101399434609,53805,398661,-0.038114083188501124,-0.037561014925673875,0.26973581219434306,0.3707959448205038,0.10106013262616079,43076,159697,-0.011116006143107093,-0.017480251412360294,2016-12-20,-0.02437800394874845,0.02678412032737576,-0.06943189998986199,-0.03334548312512142,-0.05116212427612421,-0.02699807704539403,-0.038114083188501124,-0.03610327476931233,-0.054439944442971816,-0.006166415785346158,-0.011116006143107093,0.026202866744285958,-0.01760469722631658,0.021642135271877028,2017-01-17,-0.026957827426639977,-0.02928994255848219,0.007118094750452109,0.014362094626353628,-0.009658963407124382,0.03119528000819566,0.07211133942006764,0.006097471908439012
2016-12-27,0.10800646554407951,0.3252572145858291,0.21725074904174957,43366,401513,-0.026957827426639977,-0.02618515480571212,0.24044586963586087,0.3567386279330705,0.11629275829720964,39216,163097,-0.02928994255848219,-0.024170773402130283,2016-12-27,0.007118094750452109,0.014362094626353628,-0.04247132653844865,-0.00040756340680392356,-0.007243999875901519,0.0023321151318422134,-0.026957827426639977,-0.038114083188501124,-0.03610327476931233,-0.054439944442971816,-0.02928994255848219,-0.011116006143107093,0.026202866744285958,-0.01760469722631658,2017-01-24,-0.02192376191093119,0.01797842162485261,0.01744100889666189,-0.002840973158614979,0.015868370164312737,0.07544199135591281,0.05997418045295877,-0.009591290536939745
2017-01-03,0.08608270363314832,0.3009044606085153,0.21482175697536693,36557,424673,-0.02192376191093119,-0.016958355022128797,0.2584242912607135,0.37650477376504776,0.11808048250433424,42333,163812,0.01797842162485261,0.019111326388590838,2017-01-03,0.01744100889666189,-0.002840973158614979,-0.00865259186341305,0.01755541510798464,0.02028198205527687,-0.0399021835357838,-0.02192376191093119,-0.026957827426639977,-0.038114083188501124,-0.03610327476931233,0.01797842162485261,-0.02928994255848219,-0.011116006143107093,0.026202866744285958,2017-01-31,0.03932016708110683,0.02498579114355215,0.023970383630727454,-0.006015931708894584,0.08919645246084992,0.08392393368161655,0.044959361196830194,-0.02928736412359534
2017-01-10,0.12540287071425515,0.30532138441129636,0.17991851369704123,55679,444001,0.03932016708110683,0.04502758593082207,0.28341008240426563,0.39185046049442557,0.10844037809015997,46774,165040,0.02498579114355215,0.027110346006397577,2017-01-10,0.023970383630727454,-0.006015931708894584,0.024151483329093004,0.032289310086219825,0.02998631533962204,0.014334375937554683,0.03932016708110683,-0.02192376191093119,-0.026957827426639977,-0.038114083188501124,0.02498579114355215,0.01797842162485261,-0.02928994255848219,-0.011116006143107093,2017-02-07,-9.754115066004654e-05,0.01752100979827309,0.02358185214222619,0.0005922821495949471,0.04340998379177671,0.05516037382871847,0.03738345673499932,-0.016452236123576824
2017-01-17,0.1253053295635951,0.3025321784770172,0.1772268489134221,58635,467937,-9.754115066004654e-05,0.006657642662966976,0.3009310922025387,0.3906576928441903,0.08972660064165155,51777,172056,0.01752100979827309,0.030313863305865246,2017-01-17,0.02358185214222619,0.0005922821495949471,0.07211133942006764,0.006097471908439012,0.022989569992631242,-0.017618550948933137,-9.754115066004654e-05,0.03932016708110683,-0.02192376191093119,-0.026957827426639977,0.01752100979827309,0.02498579114355215,0.01797842162485261,-0.02928994255848219,2017-02-14,-0.0014304938552028579,0.014956768789234964,-0.005019064216656766,-0.001326667819025129,0.027960651049613344,0.06851059349097716,0.009279230054903387,-0.03458478705695356
2017-01-24,0.12387483570839225,0.28019545000352425,0.156320614295132,59754,482374,-0.0014304938552028579,0.002391347553196264,0.3158878609917737,0.40386596922314627,0.08797810823137257,56102,177601,0.014956768789234964,0.025137164644069374,2017-01-24,-0.005019064216656766,-0.001326667819025129,0.05997418045295877,-0.009591290536939745,-0.0036923963976316365,-0.016387262644437822,-0.0014304938552028579,-9.754115066004654e-05,0.03932016708110683,-0.02192376191093119,0.014956768789234964,0.01752100979827309,0.02498579114355215,0.01797842162485261,2017-02-21,0.051404320385605995,0.026460363950556343,0.002426189640533316,-0.022537046745270573,0.05882143367508216,0.0561184614630299,0.021286559405958805,-0.02744496923439277
2017-01-31,0.17527915609399825,0.353040536300959,0.17776138020696078,69837,398433,0.051404320385605995,0.020902867899181964,0.34234822494233,0.4110919026541568,0.06874367771182675,63964,186839,0.026460363950556343,0.044267768762563275,2017-01-31,0.002426189640533316,-0.022537046745270573,0.044959361196830194,-0.02928736412359534,0.02496323638580389,0.024943956435049652,0.051404320385605995,-0.0014304938552028579,-9.754115066004654e-05,0.03932016708110683,0.026460363950556343,0.014956768789234964,0.01752100979827309,0.02498579114355215,2017-02-28,-0.006466301587966378,-0.00377776870934593,0.01639447916889658,0.00681919629112393,0.0808312812480988,0.08696629873587508,0.03135106584204728,-0.012185319986263377
2017-02-07,0.16881285450603187,0.34302587217207364,0.17421301766604178,70149,415543,-0.006466301587966378,0.0007830676675877751,0.3385704562329841,0.40218938206418614,0.06361892583120204,65661,193936,-0.00377776870934593,0.009082686162953131,2017-02-07,0.01639447916889658,0.00681919629112393,0.03738345673499932,-0.016452236123576824,0.00957528287777265,-0.0026885328786204477,-0.006466301587966378,0.051404320385605995,-0.0014304938552028579,-9.754115066004654e-05,-0.00377776870934593,0.026460363950556343,0.014956768789234964,0.01752100979827309,2017-03-07,-0.015546873892823415,0.03087122946053178,-0.004522374537869744,-0.017540268783781787,0.038937588057406075,0.09491118079026978,-0.014406014192438477,-8.544298867985134e-06
2017-02-14,0.15326598061320845,0.32698107571640556,0.17371509510319708,63625,415128,-0.015546873892823415,-0.015699939597105476,0.3694416856935159,0.43022862935015205,0.06078694365663619,72166,195338,0.03087122946053178,0.03354199323488161,2017-02-14,-0.004522374537869744,-0.017540268783781787,0.009279230054903387,-0.03458478705695356,0.013017894245912043,-0.046418103353355195,-0.015546873892823415,-0.006466301587966378,0.051404320385605995,-0.0014304938552028579,0.03087122946053178,-0.00377776870934593,0.026460363950556343,0.014956768789234964,2017-03-14,0.02943028877026596,0.0025646367612877086,0.006988265134398652,0.005813150003535661,-0.044450249801560524,-0.008269947772516162,-0.024324917349338726,0.037512989982352085
2017-02-21,0.1826962693834744,0.33391780283167277,0.15122153344819836,78042,427168,0.02943028877026596,0.03472904742633597,0.3720063224548036,0.4309934805690209,0.058987158114217356,77432,208147,0.0025646367612877086,0.026958400311255362,2017-02-21,0.006988265134398652,0.005813150003535661,0.021286559405958805,-0.02744496923439277,0.0011751151308629915,0.026865652008978252,0.02943028877026596,-0.015546873892823415,-0.006466301587966378,0.051404320385605995,0.0025646367612877086,0.03087122946053178,-0.00377776870934593,0.026460363950556343,2017-03-21,0.07341416795862263,0.05730820122340152,0.012490696076621788,-0.00727739749714118,-0.05694662742142645,-0.032496105966927646,0.006686731186527517,0.03165830580965023
2017-02-28,0.25611043734209704,0.3731093680295731,0.11699893068747604,114246,446081,0.07341416795862263,0.0847535395909806,0.4293145236782051,0.48592564856372295,0.05661112488551781,84845,197629,0.05730820122340152,0.03561425338823043,2017-02-28,0.012490696076621788,-0.00727739749714118,0.03135106584204728,-0.012185319986263377,0.019768093573762968,0.016105966735221106,0.07341416795862263,0.02943028877026596,-0.015546873892823415,-0.006466301587966378,0.05730820122340152,0.0025646367612877086,0.03087122946053178,-0.00377776870934593,2017-03-28,-0.0483599947786591,0.004167113345048767,-0.029362600865589172,0.01899597197851932,-0.05353065638094284,-0.027142387860260186,-0.0015948501974447638,0.009403844051131482
2017-03-07,0.20775044256343794,0.3459407321806349,0.138190289617197,90247,434401,-0.0483599947786591,-0.05379964625258642,0.4334816370232539,0.4911017786047672,0.05762014158151332,83401,192398,0.004167113345048767,-0.007306619979861255,2017-03-07,-0.029362600865589172,0.01899597197851932,-0.014406014192438477,-8.544298867985134e-06,-0.048358572844108494,-0.052527108123707866,-0.0483599947786591,0.07341416795862263,0.02943028877026596,-0.015546873892823415,0.004167113345048767,0.05730820122340152,0.0025646367612877086,0.03087122946053178,2017-04-04,-0.09893471175179001,-0.07230989910225416,-0.014441277694769994,0.019981265497438283,0.04733127633849937,-0.008796475497428013,0.03262824646974405,-0.01342479713134015
2017-03-14,0.10881573081164793,0.28434427575850013,0.1755285449468522,46374,426170,-0.09893471175179001,-0.10099654466725445,0.3611717379209997,0.43106731715667396,0.06989557923567424,67516,186936,-0.07230989910225416,-0.08256322830798657,2017-03-14,-0.014441277694769994,0.019981265497438283,-0.024324917349338726,0.037512989982352085,-0.03442254319220828,-0.026624812649535853,-0.09893471175179001,-0.0483599947786591,0.07341416795862263,0.02943028877026596,-0.07230989910225416,0.004167113345048767,0.05730820122340152,0.0025646367612877086,2017-04-11,0.016933911150400036,-0.021661521433123776,0.037999913670264895,-4.153416916619079e-05,0.18279128559372687,0.08649644876940599,0.06010903171288451,-0.01921179409088225
2017-03-21,0.12574964196204796,0.29148540995345507,0.1657357679914071,56195,446880,0.016933911150400036,0.023044794330900814,0.33951021648787594,0.4135542058180789,0.07404398933020297,64785,190819,-0.021661521433123776,-0.014609278041682714,2017-03-21,0.037999913670264895,-4.153416916619079e-05,0.006686731186527517,0.03165830580965023,0.038041447839431086,0.03859543258352381,0.016933911150400036,-0.09893471175179001,-0.0483599947786591,0.07341416795862263,-0.021661521433123776,-0.07230989910225416,0.004167113345048767,0.05730820122340152,2017-04-18,0.07683013899910623,0.06266191933006898,0.004209114692649507,-0.02953185925565993,0.19448717523514936,0.08291416417041586,0.035469402333458966,-0.007541617447466731
2017-03-28,0.2025797809611542,0.3357208656529111,0.1331410846917569,91043,449418,0.07683013899910623,0.07798066595059076,0.4021721358179449,0.4607861110147699,0.058613975196825034,81170,201829,0.06266191933006898,0.08586671138618272,2017-03-28,0.004209114692649507,-0.02953185925565993,-0.0015948501974447638,0.009403844051131482,0.03374097394830944,0.014168219669037252,0.07683013899910623,0.016933911150400036,-0.09893471175179001,-0.0483599947786591,0.06266191933006898,-0.021661521433123776,-0.07230989910225416,0.004167113345048767,2017-04-25,0.05250193794078312,0.02251302570788094,0.00486049580159964,-0.0038326692039523103,0.1343636101120939,-0.028719053157386765,0.01011333021016636,0.03964884930319812
2017-04-04,0.2550817189019373,0.3820124915850101,0.1269307726830728,109126,427808,0.05250193794078312,0.04023648362993917,0.42468516152582586,0.4919921518525278,0.06730699032670195,93074,219160,0.02251302570788094,0.05898062220989055,2017-04-04,0.00486049580159964,-0.0038326692039523103,0.03262824646974405,-0.01342479713134015,0.00869316500555195,0.029988912232902176,0.05250193794078312,0.07683013899910623,0.016933911150400036,-0.09893471175179001,0.02251302570788094,0.06266191933006898,-0.021661521433123776,-0.07230989910225416,2017-05-02,0.03652529750343747,0.02298302516457984,0.013039507548370466,0.014194268537896182,0.05582853320618014,-0.1373463325256145,0.0002507525299320079,0.08448570877577
2017-04-11,0.2916070164053748,0.3942748903275594,0.10266787392218464,133011,456131,0.03652529750343747,0.055831120502655394,0.4476681866904057,0.5189079446977818,0.07123975800737606,98564,220172,0.02298302516457984,0.025050191640810366,2017-04-11,0.013039507548370466,0.014194268537896182,0.06010903171288451,-0.01921179409088225,-0.001154760989525716,0.01354227233885763,0.03652529750343747,0.05250193794078312,0.07683013899910623,0.016933911150400036,0.02298302516457984,0.02251302570788094,0.06266191933006898,-0.021661521433123776,2017-05-09,0.028629800791822535,-0.025243806032113902,0.013360284290839353,0.011628642474249329,-0.07000265830795496,-0.2788570199905898,-0.043338423108306046,0.0800930743625421
2017-04-18,0.3202368171971973,0.42137749516688794,0.10114067796969062,151236,472263,0.028629800791822535,0.03995562678265674,0.4224243806582918,0.4837576321145344,0.06133325145624254,96306,227984,-0.025243806032113902,-0.010255618334756463,2017-04-18,0.013360284290839353,0.011628642474249329,0.035469402333458966,-0.007541617447466731,0.0017316418165900238,0.05387360682393644,0.028629800791822535,0.03652529750343747,0.05250193794078312,0.07683013899910623,-0.025243806032113902,0.02298302516457984,0.02251302570788094,0.06266191933006898,2017-05-16,0.01670657387605079,-0.04897129799773364,-0.0211469574306431,0.01765860749500492,-0.16882343715347528,-0.3394640827877316,-0.04300573827349563,0.041806098799406666
2017-04-25,0.3369433910732481,0.4357154111999328,0.09877202012668466,160380,475985,0.01670657387605079,0.019362092732227592,0.37345308266055816,0.4633023251482899,0.08984924248773174,80211,214782,-0.04897129799773364,-0.07059705944276791,2017-04-25,-0.0211469574306431,0.01765860749500492,0.01011333021016636,0.03964884930319812,-0.03880556492564802,0.06567787187378443,0.01670657387605079,0.028629800791822535,0.03652529750343747,0.05250193794078312,-0.04897129799773364,-0.025243806032113902,0.02298302516457984,0.02251302570788094,2017-05-23,-0.026033138965130653,-0.0861142536603468,-0.005002081878634712,0.04100419026861957,-0.09687697979024784,-0.22669132722088725,-0.009273641908306374,0.023016747269955395
2017-05-02,0.31091025210811746,0.4228813284116864,0.11197107630356891,143611,461905,-0.026033138965130653,-0.03523010178892192,0.28733882900021135,0.41324772775311774,0.12590889875290637,54376,189240,-0.0861142536603468,-0.12028475384343194,2017-05-02,-0.005002081878634712,0.04100419026861957,0.0002507525299320079,0.08448570877577,-0.04600627214725428,0.06008111469521615,-0.026033138965130653,0.01670657387605079,0.028629800791822535,0.03652529750343747,-0.0861142536603468,-0.04897129799773364,-0.025243806032113902,0.02298302516457984,2017-05-30,-0.08930589401069763,-0.11852766230039546,-0.030549668089867588,0.00980163412466828,-0.02505154529216519,-0.08232506429146283,0.004086897234444109,-0.029249462185167108
2017-05-09,0.22160435809741982,0.3496708103077594,0.12806645221033963,95962,433033,-0.08930589401069763,-0.10315757569197129,0.16881116669981588,0.34660322414487743,0.17779205744506152,33101,196083,-0.11852766230039546,-0.11242337772141196,2017-05-09,-0.030549668089867588,0.00980163412466828,-0.043338423108306046,0.0800930743625421,-0.04035130221453587,0.02922176828969783,-0.08930589401069763,-0.026033138965130653,0.01670657387605079,0.028629800791822535,-0.11852766230039546,-0.0861142536603468,-0.04897129799773364,-0.025243806032113902,2017-06-06,-0.07019097805369778,-0.0858508688292557,0.013692969125649768,-0.0266583330888861,0.11449932560494494,0.07154257336440478,0.05897586177759795,-0.032166406068052655
2017-05-16,0.15141338004372204,0.3036497088646295,0.15223632882090748,65868,435021,-0.07019097805369778,-0.0694958582833179,0.08296029787056018,0.3201225322716349,0.2371622344010747,17847,215127,-0.0858508688292557,-0.07779358740941336,2017-05-16,0.013692969125649768,-0.0266583330888861,-0.04300573827349563,0.041806098799406666,0.04035130221453587,0.01565989077555792,-0.07019097805369778,-0.08930589401069763,-0.026033138965130653,0.01670657387605079,-0.0858508688292557,-0.11852766230039546,-0.0861142536603468,-0.04897129799773364,2017-06-13,0.08865303123927823,0.06380145756911072,0.012585138934546158,-0.0011307440344463515,0.16165254175347368,0.1353644707837084,0.02376966377156009,0.0225149895782617
2017-05-23,0.24006641128300027,0.3499844348555468,0.10991802357254654,111048,462572,0.08865303123927823,0.10385705517664665,0.1467617554396709,0.3365641234843384,0.18980236804466746,29860,203459,0.06380145756911072,0.05584143319992377,2017-05-23,0.012585138934546158,-0.0011307440344463515,-0.009273641908306374,0.023016747269955395,0.01371588296899251,0.024851573670167507,0.08865303123927823,-0.07019097805369778,-0.08930589401069763,-0.026033138965130653,0.06380145756911072,-0.0858508688292557,-0.11852766230039546,-0.0861142536603468,2017-06-20,0.045792295532952,0.058252009269077615,0.00835845726411577,-0.011262019186502936,-0.017170805001837264,-0.015120022624521529,-0.008090378577739088,0.027199954613275512
2017-05-30,0.28585870681595227,0.4036974433846253,0.11783873656867305,124133,434246,0.045792295532952,0.02828748821805038,0.20501376470874852,0.34492167515287353,0.13990791044412504,42076,205235,0.058252009269077615,0.060041580859042855,2017-05-30,0.00835845726411577,-0.011262019186502936,0.004086897234444109,-0.029249462185167108,0.019620476450618707,-0.012459713736125616,0.045792295532952,0.08865303123927823,-0.07019097805369778,-0.08930589401069763,0.058252009269077615,0.06380145756911072,-0.0858508688292557,-0.11852766230039546,2017-06-27,0.050244976886412496,0.03533997535547215,0.024339296453286252,0.006884690241782732,-0.12552336087735438,-0.14718942209231062,-0.011132166420312117,0.031031510226898984
2017-06-06,0.33610368370236476,0.46448776518548057,0.12838408148311578,166049,494041,0.050244976886412496,0.09652593230565164,0.24035374006422067,0.37515014332406554,0.13479640325984485,50226,208967,0.03533997535547215,0.0397105756815358,2017-06-06,0.024339296453286252,0.006884690241782732,0.05897586177759795,-0.032166406068052655,0.01745460621150352,0.014905001530940348,0.050244976886412496,0.045792295532952,0.08865303123927823,-0.07019097805369778,0.03533997535547215,0.058252009269077615,0.06380145756911072,-0.0858508688292557,2017-07-03,-0.02303776190516904,-0.02202897140995208,-0.02151322888038809,0.028023062557428258,-0.26241836805344887,-0.2346251644946794,-0.05863129999045569,0.03251096785519492
2017-06-13,0.3130659217971957,0.4562502387855684,0.14318431698837272,147496,471134,-0.02303776190516904,-0.03755356336822248,0.2183247686542686,0.3842078583001183,0.1658830896458497,43930,201214,-0.02202897140995208,-0.030129159149530786,2017-06-13,-0.02151322888038809,0.028023062557428258,0.02376966377156009,0.0225149895782617,-0.04953629143781635,-0.0010087904952169602,-0.02303776190516904,0.050244976886412496,0.045792295532952,0.08865303123927823,-0.02202897140995208,0.03533997535547215,0.058252009269077615,0.06380145756911072,2017-07-11,-0.09017031551603272,-0.08668303583911921,-0.01927490341475302,0.003554221000567459,-0.264246259384888,-0.2489666045631668,-0.04117481650499766,0.020900703922019037
2017-06-20,0.222895606281163,0.37016559715234804,0.14726999087118503,99376,445841,-0.09017031551603272,-0.10213654713945501,0.13164173281514938,0.34353695561924485,0.21189522280409545,26319,199929,-0.08668303583911921,-0.0875237309531146,2017-06-20,-0.01927490341475302,0.003554221000567459,-0.008090378577739088,0.027199954613275512,-0.02282912441532048,-0.0034872796769135073,-0.09017031551603272,-0.02303776190516904,0.050244976886412496,0.045792295532952,-0.08668303583911921,-0.02202897140995208,0.03533997535547215,0.058252009269077615,2017-07-18,-0.06256026034256512,-0.07381739019871149,0.005316669421542741,-0.007430463572879464,-0.16318317102660088,-0.16543463563790117,-0.0005924897084153002,0.012969231630429068
2017-06-27,0.16033534593859788,0.3189162826827675,0.15858093674416962,72655,453144,-0.06256026034256512,-0.05993392263161082,0.05782434261643789,0.31487463166485047,0.25705028904841254,11833,204637,-0.07381739019871149,-0.07245572178123234,2017-06-27,0.005316669421542741,-0.007430463572879464,-0.011132166420312117,0.031031510226898984,0.012747132994422206,0.011257129856146367,-0.06256026034256512,-0.09017031551603272,-0.02303776190516904,0.050244976886412496,-0.07381739019871149,-0.08668303583911921,-0.02202897140995208,0.03533997535547215,2017-07-25,-0.08665003028968198,-0.05209576704689661,-0.023159837116857318,0.008364147870078664,-0.0016037498909335646,-0.017988532064309677,0.0009254248111636443,0.01367255780558585
2017-07-03,0.07368531564891591,0.28385764685554055,0.21017233120662465,33689,457201,-0.08665003028968198,-0.08599032537118444,0.005728575569541271,0.29377864901911654,0.2880500734495753,1166,203541,-0.05209576704689661,-0.05212644829625141,2017-07-03,-0.023159837116857318,0.008364147870078664,-0.05863129999045569,0.03251096785519492,-0.03152398498693598,-0.03455426324278536,-0.08665003028968198,-0.06256026034256512,-0.09017031551603272,-0.02303776190516904,-0.05209576704689661,-0.07381739019871149,-0.08668303583911921,-0.02202897140995208,2017-08-01,-0.024865653236608193,-0.036370411478439495,-0.004056745394930061,0.016412798624252378,0.1903120634988168,0.10540826836410665,0.038528083913682565,0.0070040989267465825
2017-07-11,0.048819662412307716,0.2598844995154193,0.2110648371031116,23222,475669,-0.024865653236608193,-0.02289365071379984,-0.030641835908898223,0.26830031985818337,0.2989421557670816,-6361,207592,-0.036370411478439495,-0.03698026441847097,2017-07-11,-0.004056745394930061,0.016412798624252378,-0.04117481650499766,0.020900703922019037,-0.02046954401918244,0.011504758241831302,-0.024865653236608193,-0.08665003028968198,-0.06256026034256512,-0.09017031551603272,-0.036370411478439495,-0.05209576704689661,-0.07381739019871149,-0.08668303583911921,2017-08-08,0.010892772842254414,-0.0031510669138535667,0.021307423381829338,-0.00437725129102251,0.2542265104277487,0.17165217085968293,0.03601542471266317,-0.0013048241596980148
2017-07-18,0.05971243525456213,0.2623439707230837,0.20263153546852153,28913,484204,0.010892772842254414,0.01196420199760758,-0.03379290282275179,0.28054404379819636,0.3143369466209482,-7086,209689,-0.0031510669138535667,-0.0034924274538517862,2017-07-18,0.021307423381829338,-0.00437725129102251,-0.0005924897084153002,0.012969231630429068,0.025684674672851848,0.01404383975610798,0.010892772842254414,-0.024865653236608193,-0.08665003028968198,-0.06256026034256512,-0.0031510669138535667,-0.036370411478439495,-0.05209576704689661,-0.07381739019871149,2017-08-15,0.09901916079310219,0.07362871337488,0.006834583941121686,-0.006727137397722682,0.3097126370900304,0.23043571626213888,0.02400887163519716,0.0008716147057428181
2017-07-25,0.15873159604766432,0.293986766617726,0.13525517057006167,73624,463827,0.09901916079310219,0.09233917935415652,0.03983581055212821,0.3002951339248935,0.2604593233727653,8220,206347,0.07362871337488,0.07299381464931398,2017-07-25,0.006834583941121686,-0.006727137397722682,0.0009254248111636443,0.01367255780558585,0.013561721338844368,0.02539044741822219,0.09901916079310219,0.010892772842254414,-0.024865653236608193,-0.08665003028968198,0.07362871337488,-0.0031510669138535667,-0.036370411478439495,-0.05209576704689661,2017-08-22,0.10526578310006837,0.07130103338151972,0.014442821985661602,0.0016956889912393969,0.22908280039708565,0.19649228315230546,0.027289886225950077,-0.003034581675833259
2017-08-01,0.2639973791477327,0.3523040545208587,0.08830667537312602,118458,448709,0.10526578310006837,0.09666103956863227,0.11113684393364792,0.32066795974099915,0.20953111580735123,23034,207258,0.07130103338151972,0.07179169069576975,2017-08-01,0.014442821985661602,0.0016956889912393969,0.038528083913682565,0.0070040989267465825,0.012747132994422206,0.033964749718548654,0.10526578310006837,0.09901916079310219,0.010892772842254414,-0.024865653236608193,0.07130103338151972,0.07362871337488,-0.0031510669138535667,-0.036370411478439495,2017-08-29,0.039048793692323724,0.029873491017136794,-0.006569404595949457,0.008103875537807781,0.14635010403482357,0.17563779601865565,0.030769119651957944,-0.00835416316707116
2017-08-08,0.3030461728400564,0.3673235619875782,0.06427738914752176,135985,448727,0.039048793692323724,0.03906095041552543,0.14101033495078472,0.3405153640802816,0.19950502912949689,27520,195163,0.029873491017136794,0.021644520356270926,2017-08-08,-0.006569404595949457,0.008103875537807781,0.03601542471266317,-0.0013048241596980148,-0.014673280133757238,0.00917530267518693,0.039048793692323724,0.10526578310006837,0.09901916079310219,0.010892772842254414,0.029873491017136794,0.07130103338151972,0.07362871337488,-0.0031510669138535667,2017-09-05,0.06637889950453613,0.055632478488602366,0.009300870304363329,-0.0022008124255816774,0.11540987205626813,0.19824848780833268,0.06147818258104465,-0.02172342558801521
2017-08-15,0.36942507234459254,0.40892323208228976,0.039498159737697235,176556,477921,0.06637889950453613,0.09041354765815296,0.19664281343938708,0.3619164161634434,0.16527360272405628,36960,187955,0.055632478488602366,0.048369824198234296,2017-08-15,0.009300870304363329,-0.0022008124255816774,0.02400887163519716,0.0008716147057428181,0.011501682729945006,0.01074642101593376,0.06637889950453613,0.039048793692323724,0.10526578310006837,0.09901916079310219,0.055632478488602366,0.029873491017136794,0.07130103338151972,0.07362871337488,2017-09-12,0.018389324100157423,0.039685280265046585,0.010115598531874603,-0.01063333377929876,0.06721698784768931,0.20751856206736877,0.045091214302232174,-0.025425251932771786
2017-08-22,0.38781439644474996,0.4190627104385514,0.031248313993801492,194079,500443,0.018389324100157423,0.03666505552172849,0.23632809370443367,0.36714790067671865,0.13081980697228499,44247,187227,0.039685280265046585,0.038769918331515524,2017-08-22,0.010115598531874603,-0.01063333377929876,0.027289886225950077,-0.003034581675833259,0.020748932311173363,-0.021295956164889163,0.018389324100157423,0.06637889950453613,0.039048793692323724,0.10526578310006837,0.039685280265046585,0.055632478488602366,0.029873491017136794,0.07130103338151972,2017-09-19,0.022533086737806296,0.0504465462478699,0.01792205541166947,-0.0036238924999985045,0.021558761760183953,0.11451701028843655,0.019528260197251512,0.0016430524741162245
2017-08-29,0.41034748318255626,0.436214335421016,0.025866852238459755,221126,538875,0.022533086737806296,0.0540461151419842,0.28677463995230357,0.3857556215574627,0.09898098160515909,52429,182823,0.0504465462478699,0.043700961933909106,2017-08-29,0.01792205541166947,-0.0036238924999985045,0.030769119651957944,-0.00835416316707116,0.021545947911667973,-0.027913459510063604,0.022533086737806296,0.018389324100157423,0.06637889950453613,0.039048793692323724,0.0504465462478699,0.039685280265046585,0.055632478488602366,0.029873491017136794,2017-09-26,0.00810856171376828,0.05248418280681383,0.02413965833313725,-0.005265386883136269,-0.05379215666705606,0.022824837860072722,-0.010341009843652493,0.02121126606802859
2017-09-05,0.41845604489632454,0.44368641025233896,0.025230365356014375,237188,566817,0.00810856171376828,0.029806541405706332,0.3392588227591174,0.40046159890001964,0.06120277614090225,62178,183276,0.05248418280681383,0.05332480049009151,2017-09-05,0.02413965833313725,-0.005265386883136269,0.06147818258104465,-0.02172342558801521,0.029405045216273518,-0.04437562109304555,0.00810856171376828,0.022533086737806296,0.018389324100157423,0.06637889950453613,0.05248418280681383,0.0504465462478699,0.039685280265046585,0.055632478488602366,2017-10-03,0.018186015295957314,0.06490255274763845,-0.007086097974449146,-0.005902638770338253,-0.07674061224860312,-0.03708545469258662,-0.0534179685100975,0.020189730681134943
2017-09-12,0.43664206019228186,0.4657426895347275,0.02910062934244565,253517,580606,0.018186015295957314,0.028808239696409953,0.40416137550675585,0.435924274867566,0.03176289936081017,76066,188207,0.06490255274763845,0.07577642462733801,2017-09-12,-0.007086097974449146,-0.005902638770338253,0.045091214302232174,-0.025425251932771786,-0.0011834592041108927,-0.04671653745168114,0.018186015295957314,0.00810856171376828,0.022533086737806296,0.018389324100157423,0.06490255274763845,0.05248418280681383,0.0504465462478699,0.039685280265046585,2017-10-10,-0.027268901987347938,-0.05331627151388563,-0.015447355573106059,0.01643497062758925,-0.10716445901537008,-0.10524180767962499,-0.03342210218428221,0.011379566450317125
2017-09-19,0.4093731582049339,0.4415659818697202,0.032192823664786284,233382,570096,-0.027268901987347938,-0.03467928336944503,0.3508451039928702,0.4056913686435848,0.05484626465071453,67711,192994,-0.05331627151388563,-0.044392610264230345,2017-09-19,-0.015447355573106059,0.01643497062758925,0.019528260197251512,0.0016430524741162245,-0.03188232620069531,0.02604736952653769,-0.027268901987347938,0.018186015295957314,0.00810856171376828,0.022533086737806296,-0.05331627151388563,0.06490255274763845,0.05248418280681383,0.0504465462478699,2017-10-17,-0.052817831689433714,-0.04124562618049393,-0.011947214629234537,0.01594432109391386,-0.08880772704003226,-0.022075982238879133,-0.020183100461739656,-0.0035417024672774744
2017-09-26,0.3565553265155002,0.3986885890142039,0.04213326249870369,195976,549637,-0.052817831689433714,-0.06561351070696865,0.3095994778123763,0.3719677270927632,0.06236824928038693,57866,186906,-0.04124562618049393,-0.051011948557986256,2017-09-26,-0.011947214629234537,0.01594432109391386,-0.010341009843652493,0.02121126606802859,-0.027891535723148397,-0.011572205508939781,-0.052817831689433714,-0.027268901987347938,0.018186015295957314,0.00810856171376828,-0.04124562618049393,-0.05331627151388563,0.06490255274763845,0.05248418280681383,2017-10-24,-0.014839893867778786,-0.0074261097458455105,-0.01893730033330776,-0.0062869222700299154,-0.03687370182926164,0.02221244488964902,-0.01480779337119209,-0.021697930826911627
2017-10-03,0.3417154326477214,0.38916490677493254,0.04744947412721113,179444,525127,-0.014839893867778786,-0.03007803332017313,0.3021733680665308,0.37266613622243777,0.070492768155907,55447,183494,-0.0074261097458455105,-0.012942334649502958,2017-10-03,-0.01893730033330776,-0.0062869222700299154,-0.0534179685100975,0.020189730681134943,-0.012650378063277845,-0.007413784121933276,-0.014839893867778786,-0.052817831689433714,-0.027268901987347938,0.018186015295957314,-0.0074261097458455105,-0.04124562618049393,-0.05331627151388563,0.06490255274763845,2017-10-31,-0.012237831470809646,-0.0032538002393999177,0.012909768351366147,-0.014712803001156072,-0.029703054800008066,-0.011843325271098992,-0.0013250822817481023,-0.006404453437677926
2017-10-10,0.32947760117691177,0.3714464283997269,0.04196882722281516,171330,520005,-0.012237831470809646,-0.015451500303736048,0.29891956782713086,0.3738699019430781,0.07495033411594726,56274,188258,-0.0032538002393999177,0.004506959355619258,2017-10-10,0.012909768351366147,-0.014712803001156072,-0.03342210218428221,0.011379566450317125,0.02762257135252222,-0.008984031231409728,-0.012237831470809646,-0.014839893867778786,-0.052817831689433714,-0.027268901987347938,-0.0032538002393999177,-0.0074261097458455105,-0.04124562618049393,-0.05331627151388563,2017-11-07,-0.008912170012010112,0.02984955392686023,-0.0022083538505635047,0.0015137017099946526,-0.011485189987793187,0.02447589767230357,-0.00976981161536905,-0.0010633268719231204
2017-10-17,0.32056543116490166,0.3717000756429652,0.05113464447806354,169515,528800,-0.008912170012010112,-0.0034903510543167855,0.3287691217539911,0.38490475595014795,0.05613563419615689,63100,191928,0.02984955392686023,0.03625875128812587,2017-10-17,-0.0022083538505635047,0.0015137017099946526,-0.020183100461739656,-0.0035417024672774744,-0.0037220555605581573,-0.03876172393887034,-0.008912170012010112,-0.012237831470809646,-0.014839893867778786,-0.052817831689433714,0.02984955392686023,-0.0032538002393999177,-0.0074261097458455105,-0.04124562618049393,2017-11-14,-0.0008838064786630961,0.003042800948034219,-0.006571907538686972,-0.002211907265720292,0.00979134319566971,0.012353144990714993,-0.004678080729362044,-0.00405636924784325
2017-10-24,0.31968162468623856,0.3658828801117959,0.046201255425557364,168368,526674,-0.0008838064786630961,-0.0021690620272314673,0.3318119227020253,0.3862732659786796,0.05446134327665434,64338,193899,0.003042800948034219,0.006450335542495102,2017-10-24,-0.006571907538686972,-0.002211907265720292,-0.01480779337119209,-0.021697930826911627,-0.00436000027296668,-0.003926607426697315,-0.0008838064786630961,-0.008912170012010112,-0.012237831470809646,-0.014839893867778786,0.003042800948034219,0.02984955392686023,-0.0032538002393999177,-0.0074261097458455105,2017-11-21,-0.007669246838525212,-0.04148187990659352,-0.005454589243863772,0.009006555119203785,0.006035251531754993,-0.007918481312269965,0.0014824603459109298,0.002106889255832023
2017-10-31,0.31201237784771335,0.3433837546388729,0.03137137679115954,165965,531918,-0.007669246838525212,-0.004562594698048508,0.2903300427954318,0.36755794481350545,0.07722790201807365,57733,198853,-0.04148187990659352,-0.03406412616877859,2017-10-31,-0.005454589243863772,0.009006555119203785,-0.0013250822817481023,-0.006404453437677926,-0.014461144363067557,0.03381263306806831,-0.007669246838525212,-0.0008838064786630961,-0.008912170012010112,-0.012237831470809646,-0.04148187990659352,0.003042800948034219,0.02984955392686023,-0.0032538002393999177,2017-11-28,0.005980033341405233,0.033065422704002645,0.004465039017745198,-0.009371676435401266,0.0820647544045246,0.013242152703623333,0.017578893831310616,0.010007886923962594
2017-11-07,0.3179924111891186,0.3497894170176383,0.0317970058285197,170712,536843,0.005980033341405233,0.008924307882041968,0.32339546549943443,0.3805242708896867,0.0571288053902523,65756,203330,0.033065422704002645,0.0403463865267308,2017-11-07,0.004465039017745198,-0.009371676435401266,-0.00976981161536905,-0.0010633268719231204,0.013836715453146464,-0.027085389362597412,0.005980033341405233,-0.007669246838525212,-0.0008838064786630961,-0.008912170012010112,0.033065422704002645,-0.04148187990659352,0.003042800948034219,0.02984955392686023,2017-12-05,0.012364363171452786,0.01772680124527165,0.0028833770354435018,-0.001479340665925477,-0.03349278661610067,-0.21129513902381647,-0.007369713264025357,0.04257669119041596
2017-11-14,0.33035677436057137,0.3576692042457237,0.02731242988515235,176098,533054,0.012364363171452786,0.010032728376825254,0.3411222667447061,0.3925182217019595,0.051395954957253416,68190,199899,0.01772680124527165,0.011970688044066296,2017-11-14,0.0028833770354435018,-0.001479340665925477,-0.004678080729362044,-0.00405636924784325,0.004362717701368979,-0.005362438073818865,0.012364363171452786,0.005980033341405233,-0.007669246838525212,-0.0008838064786630961,0.01772680124527165,0.033065422704002645,-0.04148187990659352,0.003042800948034219,2017-12-12,-0.004639898142577814,-0.01722882535495074,-0.00041136646341399796,0.003951351237954981,-0.15968295467574004,-0.36897770839325117,-0.02845293141695393,0.050450311403424486
2017-11-21,0.32571687621799356,0.3523095791667607,0.026592702948767147,173155,531612,-0.004639898142577814,-0.005521016632461252,0.32389344138975534,0.3868918065014393,0.06299836511168394,64585,199402,-0.01722882535495074,-0.018034107224148194,2017-11-21,-0.00041136646341399796,0.003951351237954981,0.0014824603459109298,0.002106889255832023,-0.004362717701368979,0.012588927212372925,-0.004639898142577814,0.012364363171452786,0.005980033341405233,-0.007669246838525212,-0.01722882535495074,0.01772680124527165,0.033065422704002645,-0.04148187990659352,2017-12-19,0.0683602560342444,-0.020321245890700224,0.010641844241535914,0.016907552787334357,-0.1466033498343253,-0.3941329567626266,-0.01400596739239024,0.03659720393427346
2017-11-28,0.39407713225223795,0.41388221750262993,0.019805085250392013,198540,503810,0.0683602560342444,0.04775099132449982,0.3035721954990551,0.37464031094313693,0.07106811544408177,56547,186272,-0.020321245890700224,-0.040310528480155663,2017-11-28,0.010641844241535914,0.016907552787334357,0.017578893831310616,0.010007886923962594,-0.006265708545798443,0.08868150192494462,0.0683602560342444,-0.004639898142577814,0.012364363171452786,0.005980033341405233,-0.020321245890700224,-0.01722882535495074,0.01772680124527165,0.033065422704002645,2017-12-26,-0.10957750767922003,-0.19147186902343716,-0.020483568077590775,0.0231971278310521,-0.15800904453563006,-0.3394496122451776,-0.008504433791658883,0.011813706110111344
2017-12-05,0.2844996245730179,0.3535866496050085,0.06908702503199061,134510,472795,-0.10957750767922003,-0.12709156229530974,0.11210032647561798,0.29769394206353317,0.18559361558791523,21632,192970,-0.19147186902343716,-0.1874409465727538,2017-12-05,-0.020483568077590775,0.0231971278310521,-0.007369713264025357,0.04257669119041596,-0.043680695908642875,0.08189436134421713,-0.10957750767922003,0.0683602560342444,-0.004639898142577814,0.012364363171452786,-0.19147186902343716,-0.020321245890700224,-0.01722882535495074,0.01772680124527165,2018-01-02,-0.11382580488818658,-0.13995576812416308,-0.01819984111748507,0.006394279547083048,0.011415747153517897,-0.02997396943929695,0.03935817240502093,-0.023002970013030755
2017-12-12,0.17067381968483133,0.27571436887899725,0.10504054919416593,76226,446618,-0.11382580488818658,-0.1232754153491471,-0.027855441648545098,0.2331148882873021,0.2609703299358472,-5649,202797,-0.13995576812416308,-0.14137430688708089,2017-12-12,-0.01819984111748507,0.006394279547083048,-0.02845293141695393,0.050450311403424486,-0.02459412066456812,0.026129963235976494,-0.11382580488818658,-0.10957750767922003,0.0683602560342444,-0.004639898142577814,-0.13995576812416308,-0.19147186902343716,-0.020321245890700224,-0.01722882535495074,2018-01-09,0.008439706698836924,-0.04238407372432619,0.014035597561149693,-0.009901756231196046,0.18228006496829088,0.22324129563477135,0.054196411503542485,-0.021592581767153174
2017-12-19,0.17911352638366826,0.2571501008609001,0.07803657447723189,81245,453595,0.008439706698836924,0.011237791580276657,-0.07023951537287129,0.22924551921179365,0.2994850345846649,-14308,203703,-0.04238407372432619,-0.04269787028407718,2017-12-19,0.014035597561149693,-0.009901756231196046,-0.01400596739239024,0.03659720393427346,0.02393735379234574,0.050823780423163115,0.008439706698836924,-0.11382580488818658,-0.10957750767922003,0.0683602560342444,-0.04238407372432619,-0.13995576812416308,-0.19147186902343716,-0.020321245890700224,2018-01-16,0.056954561332939635,0.03436209862674882,0.01614337784226727,-0.007875945036827758,0.16696337463344738,0.24037757380217042,0.059534145525348414,-0.005948393272258823
2017-12-26,0.2360680877166079,0.27978837601594847,0.04372028829934059,107758,456470,0.056954561332939635,0.058450820666012634,-0.03587741674612247,0.24202654739143675,0.27790396413755925,-7187,200321,0.03436209862674882,0.03495775712679735,2017-12-26,0.01614337784226727,-0.007875945036827758,-0.008504433791658883,0.011813706110111344,0.02401932287909503,0.022592462706190815,0.056954561332939635,0.008439706698836924,-0.11382580488818658,-0.10957750767922003,0.03436209862674882,-0.04238407372432619,-0.13995576812416308,-0.19147186902343716,2018-01-23,0.05984728400992792,0.1180037737824435,0.02737903811908904,-0.011619548292089998,0.12369915968690262,0.15387126628483788,0.044255382487746076,0.013308816338808427
2018-01-02,0.2959153717265358,0.3363542500863737,0.040438878359837914,148174,500731,0.05984728400992792,0.0885403202839179,0.08212635703632103,0.28221158593307455,0.2000852288967535,15803,192423,0.1180037737824435,0.11476580088957224,2018-01-02,0.02737903811908904,-0.011619548292089998,0.03935817240502093,-0.023002970013030755,0.03899858641117904,-0.058156489772515585,0.05984728400992792,0.056954561332939635,0.008439706698836924,-0.11382580488818658,0.1180037737824435,0.03436209862674882,-0.04238407372432619,-0.13995576812416308,2018-01-30,0.057038512926586404,0.11325949694990524,-0.0033616020189635165,0.007804667792960629,0.0751737131103768,0.0511024514816112,0.013098036000433133,0.01680628922059757
2018-01-09,0.3529538846531222,0.38907742301356546,0.03612353836044324,196050,555455,0.057038512926586404,0.09561221494175516,0.19538585398622627,0.3395945828141265,0.14420872882790026,38102,195009,0.11325949694990524,0.11588531516502705,2018-01-09,-0.0033616020189635165,0.007804667792960629,0.054196411503542485,-0.021592581767153174,-0.011166269811924145,-0.056220984023318835,0.057038512926586404,0.05984728400992792,0.056954561332939635,0.008439706698836924,0.11325949694990524,0.1180037737824435,0.03436209862674882,-0.04238407372432619,2018-02-06,-0.006876983636006584,-0.025247795556927133,0.019373331582955622,0.005742432263698305,-0.01123555116723246,-0.18069757832554587,0.005197675888540587,0.029188792733930047
2018-01-16,0.34607690101711563,0.39045185486654543,0.04437495384942979,201532,582333,-0.006876983636006584,0.009869386358930967,0.17013805842929913,0.3048480746624871,0.13471001623318796,33434,196511,-0.025247795556927133,-0.02393735673738135,2018-01-16,0.019373331582955622,0.005742432263698305,0.059534145525348414,-0.005948393272258823,0.013630899319257317,0.01837081192092055,-0.006876983636006584,0.057038512926586404,0.05984728400992792,0.056954561332939635,-0.025247795556927133,0.11325949694990524,0.1180037737824435,0.03436209862674882,2018-02-13,0.01369034638639488,-0.05214420889058373,0.0008646148046649316,0.011381264574239491,-0.014355047359532247,-0.21285768575337055,-0.008608119001647374,0.030932652689122264
2018-01-23,0.3597672474035105,0.4052103203696295,0.04544307296611901,209536,582421,0.01369034638639488,0.013744713076538682,0.1179938495387154,0.26859014426081956,0.15059629472210415,23597,199985,-0.05214420889058373,-0.050058266458366196,2018-01-23,0.0008646148046649316,0.011381264574239491,0.044255382487746076,0.013308816338808427,-0.01051664976957456,0.06583455527697861,0.01369034638639488,-0.006876983636006584,0.057038512926586404,0.05984728400992792,-0.05214420889058373,-0.025247795556927133,0.11325949694990524,0.1180037737824435,2018-02-20,0.011321837433402093,0.015234958979216826,-0.003778308368223904,-0.008122075410300855,-0.027563003944216458,-0.16966625376404676,-0.008204534263254182,0.025954382258176256
2018-01-30,0.3710890848369126,0.4122721389085552,0.041183054071642605,207562,559332,0.011321837433402093,-0.0033893008665552924,0.13322880851793223,0.2519787455005596,0.11874993698262737,26427,198358,0.015234958979216826,0.01415106132959972,2018-01-30,-0.003778308368223904,-0.008122075410300855,0.013098036000433133,0.01680628922059757,0.004343767042076951,-0.003913121545814732,0.011321837433402093,0.01369034638639488,-0.006876983636006584,0.057038512926586404,0.015234958979216826,-0.05214420889058373,-0.025247795556927133,0.11325949694990524,2018-02-27,-0.02937075135102285,-0.11854053285725184,-0.011261962130856062,0.020187171306293106,-0.0895535970915386,-0.21823317898906386,-0.013257891143481082,0.029113296314483783
2018-02-06,0.34171833348588976,0.3855200898152697,0.043801756329379944,182929,535321,-0.02937075135102285,-0.04404003346849456,0.014688275660680391,0.18672798948751643,0.17203971382683603,3018,205470,-0.11854053285725184,-0.1180138940703173,2018-02-06,-0.011261962130856062,0.020187171306293106,0.005197675888540587,0.029188792733930047,-0.03144913343714917,0.08916978150622899,-0.02937075135102285,0.011321837433402093,0.01369034638639488,-0.006876983636006584,-0.11854053285725184,0.015234958979216826,-0.05214420889058373,-0.025247795556927133,2018-03-06,-0.00999647982830637,-0.0574079029847518,0.005567536692767661,0.007486292218890522,-0.04511136635343549,-0.07103905647353964,0.009130320613873089,0.0008579147292224754
2018-02-13,0.3317218536575834,0.3638198712249265,0.03209801756734311,169757,511745,-0.00999647982830637,-0.024605797269301972,-0.042719627324071405,0.19314527765181186,0.23586490497588325,-8290,194056,-0.0574079029847518,-0.05503479826738697,2018-02-13,0.005567536692767661,0.007486292218890522,-0.008608119001647374,0.030932652689122264,-0.0019187555261228617,0.04741142315644543,-0.00999647982830637,-0.02937075135102285,0.011321837433402093,0.01369034638639488,-0.0574079029847518,-0.11854053285725184,0.015234958979216826,-0.05214420889058373,2018-03-13,0.0004823898017106698,-0.008952776901259958,0.0012681995430581239,0.006402994143293483,-0.07379702232958324,-0.03931681554777883,-0.0023823012222363715,-0.0017418766708297007
2018-02-20,0.33220424345929406,0.3604971277316843,0.02829288427239025,175455,528154,0.0004823898017106698,0.011134451728888412,-0.05167240422533136,0.17763186972386055,0.22930427394919192,-10522,203629,-0.008952776901259958,-0.011501834521993652,2018-02-20,0.0012681995430581239,0.006402994143293483,-0.008204534263254182,0.025954382258176256,-0.0051347946002353595,0.009435166702970628,0.0004823898017106698,-0.00999647982830637,-0.02937075135102285,0.011321837433402093,-0.008952776901259958,-0.0574079029847518,-0.11854053285725184,0.015234958979216826,2018-03-20,-0.050668755713920044,-0.03333196624580025,-0.008831665248450804,-0.004963161353993328,-0.12724144792712994,-0.11418886349113117,-0.015406414011622793,0.0014661622104519267
2018-02-27,0.281535487745374,0.33306121682993656,0.05152572908456255,150019,532860,-0.050668755713920044,-0.04816019570049645,-0.08500437047113162,0.1895439710773082,0.2745483415484398,-16435,193343,-0.03333196624580025,-0.02903810360999661,2018-02-27,-0.008831665248450804,-0.004963161353993328,-0.013257891143481082,0.029113296314483783,-0.0038685038944574757,-0.01733678946811979,-0.050668755713920044,0.0004823898017106698,-0.00999647982830637,-0.02937075135102285,-0.03333196624580025,-0.008952776901259958,-0.0574079029847518,-0.11854053285725184,2018-03-27,0.015071479387080255,0.028653589658272367,0.011126249626498108,-0.008068210278968202,0.024611503891243613,-0.0710830574391081,0.01868473846683294,0.012887610811453065
2018-03-06,0.29660696713245427,0.33948435347372563,0.0428773863412714,150706,508100,0.015071479387080255,0.0012892692264384641,-0.05635078081285925,0.20873899994913273,0.26508978076199197,-11078,196590,0.028653589658272367,0.02770723532788878,2018-03-06,0.011126249626498108,-0.008068210278968202,0.009130320613873089,0.0008579147292224754,0.01919445990546631,-0.013582110271192112,0.015071479387080255,-0.050668755713920044,0.0004823898017106698,-0.00999647982830637,0.028653589658272367,-0.03333196624580025,-0.008952776901259958,-0.0574079029847518,2018-04-03,-0.03868213580445412,-0.025685662058990984,-0.0059450851433417995,0.004886500818838346,-0.03980009039740284,-0.11701028708237976,-0.0018193710344185376,0.018667881834593114
2018-03-13,0.25792483132800015,0.3081790258219082,0.05025419449390806,135865,526762,-0.03868213580445412,-0.02920881716197599,-0.08203644287185023,0.1912351194938379,0.2732715623656881,-16415,200094,-0.025685662058990984,-0.02714787120402869,2018-03-13,-0.0059450851433417995,0.004886500818838346,-0.0023823012222363715,-0.0017418766708297007,-0.010831585962180146,-0.012996473745463137,-0.03868213580445412,0.015071479387080255,-0.050668755713920044,0.0004823898017106698,-0.025685662058990984,0.028653589658272367,-0.03333196624580025,-0.008952776901259958,2018-04-10,-0.05296203579583603,-0.0838248248446123,-0.011755913246328298,0.00961103302457511,-0.006593734504217352,-0.08132660323797698,0.010597204424383833,0.009956779872977162
2018-03-20,0.20496279553216412,0.2715898654259678,0.06662706989380365,111807,545499,-0.05296203579583603,-0.04567147971949381,-0.16586126771646253,0.15089195619370308,0.31675322391016564,-35833,216042,-0.0838248248446123,-0.09704438913710556,2018-03-20,-0.011755913246328298,0.00961103302457511,-0.015406414011622793,0.0014661622104519267,-0.02136694627090341,0.030862789048776276,-0.05296203579583603,-0.03868213580445412,0.015071479387080255,-0.050668755713920044,-0.0838248248446123,-0.025685662058990984,0.028653589658272367,-0.03333196624580025,2018-04-17,0.1011841961044535,0.009773839806222817,0.02525948723000493,0.00645828724700781,0.05499498812968184,0.09699889446812028,0.02729680291985037,-0.006168382922230542
2018-03-27,0.3061469916366176,0.345636126791142,0.039489135154524346,162163,529690,0.1011841961044535,0.09231180992082479,-0.15608742791023972,0.1457192576462978,0.3018066855565375,-34264,219518,0.009773839806222817,0.007262476740633766,2018-03-27,0.02525948723000493,0.00645828724700781,0.01868473846683294,0.012887610811453065,0.01880119998299712,0.09141035629823069,0.1011841961044535,-0.05296203579583603,-0.03868213580445412,0.015071479387080255,0.009773839806222817,-0.0838248248446123,-0.025685662058990984,0.028653589658272367,2018-04-24,-0.0493401149015662,-0.017273639984999284,-0.00937785987475337,-0.002287939255828153,-0.10934795528267516,0.17690970973486653,-0.009932247035412622,-0.022061379742440934
2018-04-03,0.2568068767350514,0.31550814067376265,0.058701263938711244,126642,493141,-0.0493401149015662,-0.06705997847797769,-0.173361067895239,0.14394753354363465,0.3173086014388737,-40338,232682,-0.017273639984999284,-0.02766971273426325,2018-04-03,-0.00937785987475337,-0.002287939255828153,-0.0018193710344185376,0.018667881834593114,-0.007089920618925216,-0.03206647491656692,-0.0493401149015662,0.1011841961044535,-0.05296203579583603,-0.03868213580445412,-0.017273639984999284,0.009773839806222817,-0.0838248248446123,-0.025685662058990984,2018-05-01,-0.00547577991126863,0.009998021785411787,0.006471490315460571,-0.003824601142777606,-0.17937401528191252,0.050670567856715226,-0.020719944045067606,-0.00638743365833605
2018-04-10,0.2513310968237828,0.30834207386886797,0.05701097704508515,125562,499588,-0.00547577991126863,-0.0021900430100113355,-0.16336304610982721,0.14872235061076264,0.3120853967205899,-37112,227175,0.009998021785411787,0.013864415812138455,2018-04-10,0.006471490315460571,-0.003824601142777606,0.010597204424383833,0.009956779872977162,0.010296091458238177,-0.015473801696680417,-0.00547577991126863,-0.0493401149015662,0.1011841961044535,-0.05296203579583603,0.009998021785411787,-0.017273639984999284,0.009773839806222817,-0.0838248248446123,2018-05-08,0.008626686838063169,0.09450067286148496,0.004943685249138241,-0.006514129770632593,-0.16659530221330413,0.06389147130064743,-0.0201032269171888,-0.013036081777708652
2018-04-17,0.25995778366184596,0.3095178831465871,0.04956009948474117,132638,510229,0.008626686838063169,0.01416367086479259,-0.06886237324834225,0.18591487514990876,0.254777248398251,-14757,214297,0.09450067286148496,0.09840431385495763,2018-04-17,0.004943685249138241,-0.006514129770632593,0.02729680291985037,-0.006168382922230542,0.011457815019770834,-0.08587398602342179,0.008626686838063169,-0.00547577991126863,-0.0493401149015662,0.1011841961044535,0.09450067286148496,0.009998021785411787,-0.017273639984999284,0.009773839806222817,2018-05-15,-0.0631587473079035,0.08968465507296906,-0.011969562725258065,-0.009434709573202582,-0.22342021716609053,-0.015014131939348654,-0.04212745032637155,-0.011929186128572855
2018-04-24,0.19679903635394247,0.28288935842499163,0.08609032207104915,99661,506410,-0.0631587473079035,-0.06463176338467629,0.02082228182462681,0.23027460623577764,0.20945232441115083,4200,201707,0.08968465507296906,0.08846134103603877,2018-04-24,-0.011969562725258065,-0.009434709573202582,-0.009932247035412622,-0.022061379742440934,-0.002534853152055483,-0.15284340238087257,-0.0631587473079035,0.008626686838063169,-0.00547577991126863,-0.0493401149015662,0.08968465507296906,0.09450067286148496,0.009998021785411787,-0.017273639984999284,2018-05-22,-0.11936617490080356,-0.14351278186315058,-0.020165556884408353,0.01338600682827673,-0.16393043520311396,-0.02379835220112493,-0.03072957035438506,-0.01924250694737939
2018-05-01,0.07743286145313891,0.23449058209061044,0.15705772063747153,39317,507756,-0.11936617490080356,-0.11916036413182994,-0.12269050003852378,0.22238487813647687,0.34507537817500067,-23886,194685,-0.14351278186315058,-0.1392415731729687,2018-05-01,-0.020165556884408353,0.01338600682827673,-0.020719944045067606,-0.00638743365833605,-0.033551563712685084,0.024146606962347023,-0.11936617490080356,-0.0631587473079035,0.008626686838063169,-0.00547577991126863,-0.14351278186315058,0.08968465507296906,0.09450067286148496,0.009998021785411787,2018-05-29,0.007302933157339764,0.02321892522934399,0.007088207443339378,-0.010473249262150208,0.037614157819010424,0.1265005284571934,-0.004212210682046802,-0.017250192861422153
2018-05-08,0.08473579461047867,0.22284990984904293,0.13811411523856426,41639,491398,0.007302933157339764,0.0045730626521400045,-0.09947157480917979,0.24465320501365737,0.3441247798228372,-19483,195865,0.02321892522934399,0.022616020751470324,2018-05-08,0.007088207443339378,-0.010473249262150208,-0.0201032269171888,-0.013036081777708652,0.017561456705489586,-0.015915992072004226,0.007302933157339764,-0.11936617490080356,-0.0631587473079035,0.008626686838063169,0.02321892522934399,-0.14351278186315058,0.08968465507296906,0.09450067286148496,2018-06-05,-0.04819822811472325,0.015595069621488877,-0.01708053816004451,-0.005407234121496796,0.028170043961688526,0.12129998151034468,-0.01406423037096527,-0.0147087826756227
2018-05-15,0.03653756649575542,0.19858527034875895,0.16204770385300352,18998,519958,-0.04819822811472325,-0.0460746685985698,-0.08387650518769091,0.24760053517784567,0.33147704036553655,-16613,198065,0.015595069621488877,0.014652949735787405,2018-05-15,-0.01708053816004451,-0.005407234121496796,-0.04212745032637155,-0.011929186128572855,-0.011673304038547716,-0.06379329773621212,-0.04819822811472325,0.007302933157339764,-0.11936617490080356,-0.0631587473079035,0.015595069621488877,0.02321892522934399,-0.14351278186315058,0.08968465507296906,2018-06-12,-0.003668965344926896,0.08090043481119279,-0.000571682753271574,-0.016748030392009117,0.08716338849594271,0.26089887628990976,0.0027720876590713317,-0.031846751761149594
2018-05-22,0.03286860115082853,0.1817525678905321,0.14888396673970358,16531,502942,-0.003668965344926896,-0.004744613988052881,-0.0029760703764981234,0.28443162099995967,0.2874076913764578,-590,198248,0.08090043481119279,0.08089768510337515,2018-05-22,-0.000571682753271574,-0.016748030392009117,-0.03072957035438506,-0.01924250694737939,0.016176347638737543,-0.08456940015611969,-0.003668965344926896,-0.04819822811472325,0.007302933157339764,-0.11936617490080356,0.08090043481119279,0.015595069621488877,0.02321892522934399,-0.14351278186315058,2018-06-19,0.0821784181213208,0.006786098795167745,0.0063518027879299055,0.015378320914233967,-0.010389445827295663,0.12973212803277243,-0.013239785240560131,0.0009815449373422602
2018-05-29,0.11504701927214933,0.22983838323582925,0.11479136396367991,54001,469382,0.0821784181213208,0.07450163239498789,0.003810028418669621,0.28899860315013726,0.28518857473146764,791,207610,0.006786098795167745,0.006966022355837133,2018-05-29,0.0063518027879299055,0.015378320914233967,-0.004212210682046802,-0.017250192861422153,-0.009026518126304062,0.07539231932615306,0.0821784181213208,-0.003668965344926896,-0.04819822811472325,0.007302933157339764,0.006786098795167745,0.08090043481119279,0.015595069621488877,0.02321892522934399,2018-06-26,-0.0021411806999821342,0.018018378282495286,-0.0027638122455790892,-0.007931839076350755,-0.11509823861257228,0.09715934345764622,-0.03242189718476052,-0.025272067672327037
2018-06-05,0.1129058385721672,0.22196604392409922,0.10906020535193203,50880,450641,-0.0021411806999821342,-0.006649168481109203,0.021828406701164906,0.301127100021266,0.27929869332010115,4619,211605,0.018018378282495286,0.018438418187948558,2018-06-05,-0.0027638122455790892,-0.007931839076350755,-0.01406423037096527,-0.0147087826756227,0.005168026830771666,-0.02015955898247742,-0.0021411806999821342,0.0821784181213208,-0.003668965344926896,-0.04819822811472325,0.018018378282495286,0.006786098795167745,0.08090043481119279,0.015595069621488877,2018-07-03,0.010795116419530945,0.15519396440105396,-0.00024422013000791054,-0.02254520320702369,-0.11544345766218589,0.02690665083158937,-0.03478609080441242,-0.002704732552753608
2018-06-12,0.12370095499169814,0.2324808611640424,0.10877990617234425,55504,448695,0.010795116419530945,0.010260939417407649,0.17702237110221886,0.36418972641128244,0.1871673553090636,40744,230163,0.15519396440105396,0.17071902837834646,2018-06-12,-0.00024422013000791054,-0.02254520320702369,0.0027720876590713317,-0.031846751761149594,0.02230098307701578,-0.14439884798152303,0.010795116419530945,-0.0021411806999821342,0.0821784181213208,-0.003668965344926896,0.15519396440105396,0.018018378282495286,0.006786098795167745,0.08090043481119279,2018-07-10,-0.10122179966816527,-0.050266313445944566,-0.016583555652903037,0.016080266306482738,-0.12871889606713008,-0.13933839269094495,-0.03218477911134787,0.016227385033278807
2018-06-19,0.022479155323532864,0.20134089186390375,0.17886173654037088,10528,468345,-0.10122179966816527,-0.10023735499615552,0.1267560576562743,0.3434789364483077,0.21672287879203342,27736,218814,-0.050266313445944566,-0.05651646876344156,2018-06-19,-0.016583555652903037,0.016080266306482738,-0.013239785240560131,0.0009815449373422602,-0.032663821959385775,-0.05095548622222071,-0.10122179966816527,0.010795116419530945,-0.0021411806999821342,0.0821784181213208,-0.050266313445944566,0.15519396440105396,0.018018378282495286,0.006786098795167745,2018-07-17,-0.02253037466395581,-0.02578668577995845,-0.01283030915627048,-0.01087529169543533,-0.07254559761338783,-0.1682096141455674,-0.03813524557089831,0.007826862441317584
2018-06-26,-5.1219340422943705e-05,0.20241243093392064,0.2024636502743436,-24,468573,-0.02253037466395581,-0.022530399598586513,0.10096937187631584,0.3399346429159878,0.23896527103967194,22061,218492,-0.02578668577995845,-0.025935269224089865,2018-06-26,-0.01283030915627048,-0.01087529169543533,-0.03242189718476052,-0.025272067672327037,-0.001955017460835151,0.0032563111160026394,-0.02253037466395581,-0.10122179966816527,0.010795116419530945,-0.0021411806999821342,-0.02578668577995845,-0.050266313445944566,0.15519396440105396,0.018018378282495286,2018-07-24,-0.0024863997495957546,-0.052234314343561565,-0.005128005865230989,0.014635496043222673,-0.07328855755136554,-0.15984278983378009,-0.027371034464380273,0.022789932094837262
2018-07-03,-0.0025376190900186983,0.2110129430715309,0.2135505621615496,-1254,494164,-0.0024863997495957546,-0.002624991196675865,0.048735057532754276,0.3514361303751544,0.3027010728424001,10021,205622,-0.052234314343561565,-0.05510499240246783,2018-07-03,-0.005128005865230989,0.014635496043222673,-0.03478609080441242,-0.002704732552753608,-0.019763501908453662,0.04974791459396581,-0.0024863997495957546,-0.02253037466395581,-0.10122179966816527,0.010795116419530945,-0.052234314343561565,-0.02578668577995845,-0.050266313445944566,0.15519396440105396,2018-07-31,-0.0024803219854132477,-0.01105107912148038,0.0023570915630566347,-0.0036130856209912743,-0.09141472872454207,-0.08379721759491435,-0.022674033665691873,0.005667950069357275
2018-07-10,-0.005017941075431946,0.21327143149328923,0.21828937256872116,-2527,503593,-0.0024803219854132477,-0.0025760678641098904,0.0376839784112739,0.3313850198121338,0.2937010414008599,7827,207701,-0.01105107912148038,-0.010670064487263035,2018-07-10,0.0023570915630566347,-0.0036130856209912743,-0.03218477911134787,0.016227385033278807,0.005970177184047909,0.008570757136067132,-0.0024803219854132477,-0.0024863997495957546,-0.02253037466395581,-0.10122179966816527,-0.01105107912148038,-0.052234314343561565,-0.02578668577995845,-0.050266313445944566,2018-08-07,-0.04504850121442302,-0.07913753490056702,-0.022534022112453478,0.007679743714521514,-0.13887703448357686,-0.09705366920298303,-0.037174578825177385,0.009534390422883732
2018-07-17,-0.05006644228985496,0.20401190282389198,0.25407834511374694,-26449,528278,-0.04504850121442302,-0.047502645985945,-0.04145355648929312,0.2937932592094181,0.33524681569871123,-8810,212527,-0.07913753490056702,-0.08010072171053582,2018-07-17,-0.022534022112453478,0.007679743714521514,-0.03813524557089831,0.007826862441317584,-0.030213765826974992,0.034089033686144,-0.04504850121442302,-0.0024803219854132477,-0.0024863997495957546,-0.02253037466395581,-0.07913753490056702,-0.01105107912148038,-0.052234314343561565,-0.02578668577995845,2018-08-14,-0.023273334601933524,-0.017419861468171136,-0.0020660980497524406,0.004087777958084349,-0.12471262969712324,-0.05141090663737849,-0.027993971944557217,0.006683566324233947
2018-07-24,-0.07333977689178849,0.22199871128830898,0.29533848818009745,-36422,496620,-0.023273334601933524,-0.018878317855371602,-0.05887341795746426,0.30076049879774086,0.3596339167552051,-12634,214596,-0.017419861468171136,-0.01799300794722553,2018-07-24,-0.0020660980497524406,0.004087777958084349,-0.027371034464380273,0.022789932094837262,-0.006153876007836789,-0.005853473133762388,-0.023273334601933524,-0.04504850121442302,-0.0024803219854132477,-0.0024863997495957546,-0.017419861468171136,-0.07913753490056702,-0.01105107912148038,-0.052234314343561565,2018-08-21,-0.020612570922772272,0.023811257895304194,-0.0004310050665425891,-0.0024864859822573138,-0.11277231042965115,-0.05462966972619969,-0.026370202643382967,0.02211133722083547
2018-07-31,-0.09395234781456076,0.2442920104715512,0.33824435828611193,-42528,452655,-0.020612570922772272,-0.012295114977246184,-0.035062160062160064,0.30113194885922157,0.33619410892138163,-7942,226512,0.023811257895304194,0.021864340435050048,2018-07-31,-0.0004310050665425891,-0.0024864859822573138,-0.022674033665691873,0.005667950069357275,0.0020554809157147247,-0.044423828818076466,-0.020612570922772272,-0.023273334601933524,-0.04504850121442302,-0.0024803219854132477,0.023811257895304194,-0.017419861468171136,-0.07913753490056702,-0.01105107912148038,2018-08-28,-0.049942627744448034,-0.024307530729549075,-0.012143453596428877,0.0002533547325351826,-0.06414213915868887,-0.12200095111151332,-0.020116475603055406,0.03402676544573069
2018-08-07,-0.1438949755590088,0.23036994476292455,0.3742649203219333,-66116,459474,-0.049942627744448034,-0.05211032684936651,-0.05936969079170914,0.2865570846075433,0.3459267753992525,-13978,235440,-0.024307530729549075,-0.02664759482941301,2018-08-07,-0.012143453596428877,0.0002533547325351826,-0.037174578825177385,0.009534390422883732,-0.01239680832896406,-0.02563509701489896,-0.049942627744448034,-0.020612570922772272,-0.023273334601933524,-0.04504850121442302,-0.024307530729549075,0.023811257895304194,-0.017419861468171136,-0.07913753490056702,2018-09-04,-0.03088409642796941,-0.033494772334962473,-0.01335341523183331,0.00482891961587173,-0.03094935503082291,-0.1709743445016884,-0.014592348042064884,0.06620138195897374
2018-08-14,-0.1747790719869782,0.21983307428173487,0.39461214626871305,-83324,476739,-0.03088409642796941,-0.03745152065187584,-0.09286446312667161,0.27719361101158985,0.3700580741382614,-22291,240038,-0.033494772334962473,-0.03530835881753313,2018-08-14,-0.01335341523183331,0.00482891961587173,-0.027993971944557217,0.006683566324233947,-0.01818233484770504,0.002610675906993064,-0.03088409642796941,-0.049942627744448034,-0.020612570922772272,-0.023273334601933524,-0.033494772334962473,-0.024307530729549075,0.023811257895304194,-0.017419861468171136,2018-09-11,-0.011333015334461433,-0.020638624556992335,-0.00044232874857819127,0.01951554885468587,0.014551145690247985,-0.13719358376066576,0.001325746142050832,0.06619368128813141
2018-08-21,-0.18611208732143963,0.2214933950757654,0.40760548239720507,-90028,483730,-0.011333015334461433,-0.0140622017498044,-0.11350308768366395,0.2588494488034202,0.37235253648708416,-27717,244196,-0.020638624556992335,-0.022604754247244185,2018-08-21,-0.00044232874857819127,0.01951554885468587,-0.026370202643382967,0.02211133722083547,-0.019957877603264063,0.009305609222530903,-0.011333015334461433,-0.03088409642796941,-0.049942627744448034,-0.020612570922772272,-0.020638624556992335,-0.033494772334962473,-0.024307530729549075,0.023811257895304194,2018-09-18,0.028017600348190008,-0.04356002349000944,0.005822721973784972,0.009428942242637905,0.010448099046147574,-0.11403001950038814,0.0037093198058046895,0.04636283735587421
2018-08-28,-0.15809448697324963,0.22110318955606603,0.3791976765293157,-75772,479283,0.028017600348190008,0.0294709858805532,-0.1570631111736734,0.2658261814374761,0.4228892926111495,-35705,227329,-0.04356002349000944,-0.03271142852462776,2018-08-28,0.005822721973784972,0.009428942242637905,-0.020116475603055406,0.03402676544573069,-0.0036062202688529332,0.07157762383819945,0.028017600348190008,-0.011333015334461433,-0.03088409642796941,-0.049942627744448034,-0.04356002349000944,-0.020638624556992335,-0.033494772334962473,-0.024307530729549075,2018-09-25,-0.016749843616582077,-0.07328092411972417,-0.006619326035438355,0.03242797124577823,-0.02370177138309512,-0.05164755051193304,-0.00026392274868580756,0.017964799074968063
2018-09-04,-0.1748443305898317,0.21485337695881365,0.38969770754864536,-82722,473118,-0.016749843616582077,-0.0145008272774123,-0.23034403529339756,0.26158829705590164,0.4919323323492992,-48923,212391,-0.07328092411972417,-0.05814480334669136,2018-09-04,-0.006619326035438355,0.03242797124577823,-0.014592348042064884,0.06620138195897374,-0.039047297281216586,0.056531080503142095,-0.016749843616582077,0.028017600348190008,-0.011333015334461433,-0.03088409642796941,-0.07328092411972417,-0.04356002349000944,-0.020638624556992335,-0.033494772334962473,2018-10-02,0.014616404293101487,0.00028598840606020026,0.0025646789522824065,0.004821218945029404,0.0017100217089853764,0.050149903217643094,0.008289310504920877,-0.02713871460056838
2018-09-11,-0.16022792629673022,0.2142784109063798,0.37450633720311,-75219,469450,0.014616404293101487,0.01585862300736814,-0.23005804688733736,0.2537888394929391,0.4838468863802765,-48075,208969,0.00028598840606020026,0.003992636222815467,2018-09-11,0.0025646789522824065,0.004821218945029404,0.001325746142050832,0.06619368128813141,-0.0022565399927469976,0.014330415887041287,0.014616404293101487,-0.016749843616582077,0.028017600348190008,-0.011333015334461433,0.00028598840606020026,-0.07328092411972417,-0.04356002349000944,-0.020638624556992335,2018-10-09,-0.015436061978561844,0.002524939703285267,0.001941244915175666,-0.00031529507757133146,-0.07502901992392821,0.02358629014613256,-0.005491137235938304,-0.024141435741884543
2018-09-18,-0.17566398827529206,0.20855665095987524,0.3842206392351673,-82463,469436,-0.015436061978561844,-0.015430823303866227,-0.2275331071840521,0.2545201465914566,0.4820532537755087,-46751,205469,0.002524939703285267,0.006335867999559743,2018-09-18,0.001941244915175666,-0.00031529507757133146,0.0037093198058046895,0.04636283735587421,0.0022565399927469976,-0.01796100168184711,-0.015436061978561844,0.014616404293101487,-0.016749843616582077,0.028017600348190008,0.002524939703285267,0.00028598840606020026,-0.07328092411972417,-0.04356002349000944,2018-10-16,-0.0061322700810526876,0.018822445498445667,0.0018494794192944752,-0.01896909603826824,0.07157434580810068,0.06003393467479923,0.02059050718720723,-0.01411207508686374
2018-09-25,-0.18179625835634475,0.2140288824821467,0.39582514083849146,-83677,460279,-0.0061322700810526876,-0.002586082021830452,-0.20871066168560642,0.2575547166858998,0.4662653783715062,-42683,204508,0.018822445498445667,0.01979860708914727,2018-09-25,0.0018494794192944752,-0.01896909603826824,-0.00026392274868580756,0.017964799074968063,0.020818575457562716,-0.024954715579498354,-0.0061322700810526876,-0.015436061978561844,0.014616404293101487,-0.016749843616582077,0.018822445498445667,0.002524939703285267,0.00028598840606020026,-0.07328092411972417,2018-10-23,0.00866194947549842,0.02851652960985196,0.0019339072181683292,-0.012675542429758213,0.10202763674875044,0.10345198316388383,0.023823051985188748,0.0063171512160824506
2018-10-02,-0.17313430888084633,0.21895662235523386,0.3920909312360802,-79603,459776,0.00866194947549842,0.00885115332222413,-0.18019413207575447,0.2531510243639252,0.4333451564396797,-36070,200173,0.02851652960985196,0.03233614332935631,2018-10-02,0.0019339072181683292,-0.012675542429758213,0.008289310504920877,-0.02713871460056838,0.014609449647926542,-0.01985458013435354,0.00866194947549842,-0.0061322700810526876,-0.015436061978561844,0.014616404293101487,0.02851652960985196,0.018822445498445667,0.002524939703285267,0.00028598840606020026,2018-10-30,-0.0621226373398121,-0.026277624665450333,-0.011215768788576774,0.007818497803713242,0.05622926172762098,0.059720967693241644,0.016807120549744425,0.02994601815107467
2018-10-09,-0.23525694622065843,0.17671675411012933,0.4119737003307878,-109454,465253,-0.0621226373398121,-0.06492509395879732,-0.2064717567412048,0.22810265545175704,0.43457441219296183,-41264,199853,-0.026277624665450333,-0.025947555364609614,2018-10-09,-0.011215768788576774,0.007818497803713242,-0.005491137235938304,-0.024141435741884543,-0.019034266592290017,-0.03584501267436177,-0.0621226373398121,0.00866194947549842,-0.0061322700810526876,-0.015436061978561844,-0.026277624665450333,0.02851652960985196,0.018822445498445667,0.002524939703285267,2018-11-06,0.13116730375346705,0.038972584231951934,0.0280228893383212,0.009714065577449471,0.13938920434383612,0.10885322195570524,0.030093264988692248,0.021263193750866716
2018-10-16,-0.10408964246719138,0.20094726591318204,0.30503690838037345,-49382,474418,0.13116730375346705,0.129116846103088,-0.16749917250925286,0.2296512502632925,0.39715042277254536,-33399,199398,0.038972584231951934,0.0393539251349742,2018-10-16,0.0280228893383212,0.009714065577449471,0.02059050718720723,-0.01411207508686374,0.01830882376087173,0.09219471952151512,0.13116730375346705,-0.0621226373398121,0.00866194947549842,-0.0061322700810526876,0.038972584231951934,-0.026277624665450333,0.02851652960985196,0.018822445498445667,2018-11-13,0.024321020859597073,0.062240493987530274,0.005082024217275993,0.0014601302646779502,-0.04269638956127836,-0.014509867099209067,-0.018301217576536466,0.028495299016309428
2018-10-23,-0.0797686216075943,0.20795593430326978,0.28772455591086404,-38116,477832,0.024321020859597073,0.02374699105008663,-0.10525867852172259,0.2533767885214222,0.3586354670431448,-21025,199746,0.062240493987530274,0.062056790940731604,2018-10-23,0.005082024217275993,0.0014601302646779502,0.023823051985188748,0.0063171512160824506,0.003621893952598043,-0.0379194731279332,0.024321020859597073,0.13116730375346705,-0.0621226373398121,0.00866194947549842,0.062240493987530274,0.038972584231951934,-0.026277624665450333,0.02851652960985196,2018-11-20,-0.03713642554563104,-0.01521448586079023,-0.005082024217275993,0.010953324505234008,-0.018818669718412465,-0.041408645698516,-0.006205322232542443,0.021655726060752833
2018-10-30,-0.11690504715322535,0.16866305498998824,0.2855681021432136,-55523,474941,-0.03713642554563104,-0.036429121532254014,-0.12047316438251282,0.2411138121123957,0.3615869764949085,-25176,208976,-0.01521448586079023,-0.02078139236830775,2018-10-30,-0.005082024217275993,0.010953324505234008,0.016807120549744425,0.02994601815107467,-0.01603534872251,-0.02192193968484081,-0.03713642554563104,0.024321020859597073,0.13116730375346705,-0.0621226373398121,-0.01521448586079023,0.062240493987530274,0.038972584231951934,-0.026277624665450333,2018-11-27,0.021037305276403045,0.02285462959701326,0.002070375650371048,-0.0008643265964947133,-0.014960057035789578,-0.03788865819498377,-0.007367366831966038,0.01642555475083407
2018-11-06,-0.0958677418768223,0.16606622200759327,0.2619339638844156,-47446,494911,0.021037305276403045,0.01700632289063273,-0.09761853478549956,0.2223949505071032,0.32001348529260276,-20848,213566,0.02285462959701326,0.02071051221192864,2018-11-06,0.002070375650371048,-0.0008643265964947133,0.030093264988692248,0.021263193750866716,0.0029347022468657613,-0.001817324320610214,0.021037305276403045,-0.03713642554563104,0.024321020859597073,0.13116730375346705,0.02285462959701326,-0.01521448586079023,0.062240493987530274,0.038972584231951934,2018-12-04,-0.050918290151647436,-0.08439050482296237,-0.020371593226907514,0.016946170842892183,0.07139528620454866,-0.02620517609055445,0.009264106521049698,0.011464307886568381
2018-11-13,-0.14678603202846974,0.1474069543297746,0.29419298635824437,-79194,539520,-0.050918290151647436,-0.06414890758136312,-0.18200903960846193,0.19410196749663466,0.3761110071050966,-40833,224346,-0.08439050482296237,-0.09357762939793787,2018-11-13,-0.020371593226907514,0.016946170842892183,-0.018301217576536466,0.028495299016309428,-0.0373177640697997,0.033472214671314934,-0.050918290151647436,0.021037305276403045,-0.03713642554563104,0.024321020859597073,-0.08439050482296237,0.02285462959701326,-0.01521448586079023,0.062240493987530274,2018-12-11,0.04819874070246297,0.03534171538822334,0.017177919561270016,-0.005379442690878644,0.1466219549619688,0.12942130242076266,0.03321533505752239,-0.004834778300036646
2018-11-20,-0.09858729132600677,0.160390919116249,0.2589782104422558,-51851,525940,0.04819874070246297,0.05068023428232503,-0.1466673242202386,0.19128083963613376,0.3379481638563724,-32714,223049,0.03534171538822334,0.036189635652073136,2018-11-20,0.017177919561270016,-0.005379442690878644,-0.006205322232542443,0.021655726060752833,0.02255736225214866,0.012857025314239628,0.04819874070246297,-0.050918290151647436,0.021037305276403045,-0.03713642554563104,0.03534171538822334,-0.08439050482296237,0.02285462959701326,-0.01521448586079023,2018-12-18,-0.033277812863008155,-0.011694498357257999,-0.006244068816699588,0.005723153195315245,0.12573494518008632,0.15701673993237558,0.021213723070355073,-0.0008460091754081134
2018-11-27,-0.13186510418901493,0.18064999853207198,0.3125151027210869,-58390,442801,-0.033277812863008155,-0.012432977145682016,-0.1583618225774966,0.20032234974947818,0.35868417232697475,-31638,199783,-0.011694498357257999,0.004824052114109456,2018-11-27,-0.006244068816699588,0.005723153195315245,-0.007367366831966038,0.01642555475083407,-0.011967222012014833,-0.021583314505750156,-0.033277812863008155,0.04819874070246297,-0.050918290151647436,0.021037305276403045,-0.011694498357257999,0.03534171538822334,-0.08439050482296237,0.02285462959701326,2018-12-24,0.1073926485167413,0.03453811170144258,0.018701849003386783,-0.005825573460760403,0.22665941309721344,0.20909734953722253,0.04316114293095907,0.00044478670998859826
2018-12-04,-0.024472455672273637,0.24858533853105252,0.27305779420332615,-9787,399919,0.1073926485167413,0.10976262474565324,-0.12382371087605401,0.22957717512742554,0.3534008860034795,-22277,179909,0.03453811170144258,0.04685583858486458,2018-12-04,0.018701849003386783,-0.005825573460760403,0.009264106521049698,0.011464307886568381,0.024527422464147186,0.07285453681529871,0.1073926485167413,-0.033277812863008155,0.04819874070246297,-0.050918290151647436,0.03453811170144258,-0.011694498357257999,0.03534171538822334,-0.08439050482296237,2018-12-31,0.024308378605772705,0.07123597368835474,0.0035796353095651767,0.0006470846562871557,0.1356564329852832,0.294385532866415,0.03465545615358323,-0.029332292450540365
2018-12-11,-0.00016407706650093225,0.223597265382225,0.22376134244872592,-66,402250,0.024308378605772705,0.024307422253006233,-0.052587737187699275,0.25647006106703585,0.3090577982547351,-9154,174071,0.07123597368835474,0.07294243200729257,2018-12-11,0.0035796353095651767,0.0006470846562871557,0.03321533505752239,-0.004834778300036646,0.002932550653278021,-0.04692759508258204,0.024308378605772705,0.1073926485167413,-0.033277812863008155,0.04819874070246297,0.07123597368835474,0.03453811170144258,-0.011694498357257999,0.03534171538822334,2019-01-08,0.027311730920580476,0.06293715289983626,0.005176307574102701,-0.0013906735662501113,0.07149254255223128,0.2815937745269806,0.03338242686467474,-0.0393126917840978
2018-12-18,0.027147653854079544,0.2444404038934749,0.21729275003939538,11198,412485,0.027311730920580476,0.028002486016159105,0.010349415712136989,0.2803540437348143,0.27000462802267733,1789,172860,0.06293715289983626,0.06286515272503748,2018-12-18,0.005176307574102701,-0.0013906735662501113,0.021213723070355073,-0.0008460091754081134,0.006566981140352812,-0.03562542197925578,0.027311730920580476,0.024308378605772705,0.1073926485167413,-0.033277812863008155,0.06293715289983626,0.07123597368835474,0.03453811170144258,-0.011694498357257999,2019-01-15,0.06764665505411896,0.04038611124758895,0.015703351043904412,0.0070139490807119564,0.022562775667157288,0.19406175132447162,0.03108191503469726,-0.028900815695076076
2018-12-24,0.09479430890819851,0.26911844093538456,0.17432413202718605,41968,442727,0.06764665505411896,0.07459665199946665,0.05073552695972594,0.30729769410139046,0.2565621671416645,8812,173685,0.04038611124758895,0.04062825407844498,2018-12-24,0.015703351043904412,0.0070139490807119564,0.04316114293095907,0.00044478670998859826,0.008689401963192456,0.027260543806530008,0.06764665505411896,0.027311730920580476,0.024308378605772705,0.1073926485167413,0.04038611124758895,0.06293715289983626,0.07123597368835474,0.03453811170144258,2019-01-22,0.016389668404811056,0.11982629503063505,0.01019616222601094,-0.035602652621289366,-0.06322718934456867,0.1356865555741685,0.011844262728910593,-0.024961055953018896
2018-12-31,0.11118397731300957,0.26853287841191065,0.1573489010989011,50184,451360,0.016389668404811056,0.018557711637194028,0.170561821990361,0.34487025925442355,0.1743084372640626,30046,176159,0.11982629503063505,0.12225580792814578,2018-12-31,0.01019616222601094,-0.035602652621289366,0.03465545615358323,-0.029332292450540365,0.045798814847300306,-0.103436626625824,0.016389668404811056,0.06764665505411896,0.027311730920580476,0.024308378605772705,0.11982629503063505,0.04038611124758895,0.06293715289983626,0.07123597368835474,2019-01-29,-0.039855511827279214,0.05844421534892033,0.0023066060206566874,-0.009333314677270277,-0.04416355901722356,0.034261287889317815,0.022265759532592355,-0.002225236640202244
2019-01-08,0.07132846548573035,0.24754410937719667,0.17621564389146632,32471,455232,-0.039855511827279214,-0.039243619283941863,0.22900603733928132,0.36360760511726165,0.13460156777798032,42711,186506,0.05844421534892033,0.07189527642641023,2019-01-08,0.0023066060206566874,-0.009333314677270277,0.03338242686467474,-0.0393126917840978,0.011639920697926964,-0.09829972717619954,-0.039855511827279214,0.016389668404811056,0.06764665505411896,0.027311730920580476,0.05844421534892033,0.11982629503063505,0.04038611124758895,0.06293715289983626,2019-02-05,-0.02161803596449352,-0.02459487030267271,0.00287579574412522,0.00902120252277161,0.022212565414598165,0.0014563940347825377,0.02237593886439626,0.010197147709426702
2019-01-15,0.04971042952123683,0.2305618963128358,0.18085146679159897,24935,501605,-0.02161803596449352,-0.016554196541543654,0.2044111670366086,0.34156584445764426,0.13715467742103563,39231,191922,-0.02459487030267271,-0.01865891713939498,2019-01-15,0.00287579574412522,0.00902120252277161,0.03108191503469726,-0.028900815695076076,-0.0061454067786463895,0.0029768343381791906,-0.02161803596449352,-0.039855511827279214,0.016389668404811056,0.06764665505411896,-0.02459487030267271,0.05844421534892033,0.11982629503063505,0.04038611124758895,2019-02-12,-0.018143309957606983,-0.017989084502714164,-0.0035343012618822556,0.010953708822769137,0.03980967516639117,-0.012138596198017354,0.016114968855293732,0.007250324300072553
2019-01-22,0.03156711956362985,0.20504996017596575,0.1734828406123359,16210,513509,-0.018143309957606983,-0.017394164731212806,0.18642208253389445,0.3331036602817558,0.1466815777478614,35173,188674,-0.017989084502714164,-0.021144006419274497,2019-01-22,-0.0035343012618822556,0.010953708822769137,0.011844262728910593,-0.024961055953018896,-0.014488010084651393,-0.00015422545489281875,-0.018143309957606983,-0.02161803596449352,-0.039855511827279214,0.016389668404811056,-0.017989084502714164,-0.02459487030267271,0.05844421534892033,0.11982629503063505,2019-02-19,0.035453298732156156,0.01840102734578436,0.020617659029692703,-0.012866833308472714,0.13167234468705233,-0.010714951903794179,0.04231943292011486,-0.0005296991351131375
2019-01-29,0.067020418295786,0.2614948592234014,0.19447444092761537,32397,483390,0.035453298732156156,0.031522329696266276,0.2048231098796788,0.33904410066959134,0.1342209907899125,39919,194895,0.01840102734578436,0.025154499295080405,2019-01-29,0.020617659029692703,-0.012866833308472714,0.022265759532592355,-0.002225236640202244,0.03348449233816542,0.017052271386371796,0.035453298732156156,-0.018143309957606983,-0.02161803596449352,-0.039855511827279214,0.01840102734578436,-0.017989084502714164,-0.02459487030267271,0.05844421534892033,2019-02-26,0.026520612604542512,0.025639321494385053,0.002416785352460593,0.0030890696723586686,0.08970013837250321,0.026529246899542974,0.012822730916560943,0.008798616394551484
2019-02-05,0.09354103090032852,0.2813088865542715,0.187767855653943,44875,479736,0.026520612604542512,0.025813525310825626,0.23046243137406386,0.35604849807581807,0.1255860667017542,47729,207101,0.025639321494385053,0.04007285974499089,2019-02-05,0.002416785352460593,0.0030890696723586686,0.02237593886439626,0.010197147709426702,-0.0006722843198980755,0.0008812911101574589,0.026520612604542512,0.035453298732156156,-0.018143309957606983,-0.02161803596449352,0.025639321494385053,0.01840102734578436,-0.017989084502714164,-0.02459487030267271,2019-03-05,-0.004020926212700518,-0.0381898605354726,-0.0033851742649773087,0.006074379113417461,-0.027242981417078607,-0.13649535353126507,-0.02081373964509492,0.02529006195569261
2019-02-12,0.089520104687628,0.2780292512019963,0.1885091465143683,42619,476083,-0.004020926212700518,-0.004702586422532393,0.19227257083859126,0.33004015142824367,0.1377675805896524,41901,217925,-0.0381898605354726,-0.028140858808021207,2019-02-12,-0.0033851742649773087,0.006074379113417461,0.016114968855293732,0.007250324300072553,-0.00945955337839477,0.034168934322772085,-0.004020926212700518,0.026520612604542512,0.035453298732156156,-0.018143309957606983,-0.0381898605354726,0.025639321494385053,0.01840102734578436,-0.017989084502714164,2019-03-12,0.07371935956305417,-0.01656544020849099,0.022670162802938876,0.003173685387583447,-0.0566785674161528,-0.14227994826787332,-0.0071301326157637845,0.009987711437754676
2019-02-19,0.16323946425068217,0.3297624638603041,0.16652299960962194,82377,504639,0.07371935956305417,0.08351064835333334,0.17570713063010027,0.31730081241905245,0.14159368178895218,38800,220822,-0.01656544020849099,-0.014229666169553746,2019-02-19,0.022670162802938876,0.003173685387583447,0.04231943292011486,-0.0005296991351131375,0.01949647741535543,0.09028479977154516,0.07371935956305417,-0.004020926212700518,0.026520612604542512,0.035453298732156156,-0.01656544020849099,-0.0381898605354726,0.025639321494385053,0.01840102734578436,2019-03-19,-0.006518907582392958,0.05564522614912151,-0.008879042973861218,-0.0035385177788080924,-0.10396837706626788,-0.12433342872024218,-0.026553061720275828,0.015601435001653119
2019-02-26,0.1567205566682892,0.30765378998858894,0.15093323332029973,78559,501268,-0.006518907582392958,-0.0075658044661629405,0.23135235677922178,0.35203708457860855,0.12068472779938677,47762,206447,0.05564522614912151,0.04058472434811749,2019-02-26,-0.008879042973861218,-0.0035385177788080924,0.012822730916560943,0.008798616394551484,-0.005340525195053125,-0.06216413373151447,-0.006518907582392958,0.07371935956305417,-0.004020926212700518,0.026520612604542512,0.05564522614912151,-0.01656544020849099,-0.0381898605354726,0.025639321494385053,2019-03-26,-0.0904225071850393,-0.137385278936423,-0.03121968520919527,0.019580515233499796,-0.04292572764410239,-0.16748347845498834,-0.010244997198529227,0.0217195953219953
2019-03-05,0.06629804948324991,0.2671335911956224,0.2008355417123725,31247,471311,-0.0904225071850393,-0.09438464055156125,0.0939670778427988,0.2889898118132446,0.19502273397044584,17856,190024,-0.137385278936423,-0.14486042422510378,2019-03-05,-0.03121968520919527,0.019580515233499796,-0.02081373964509492,0.02529006195569261,-0.050800200442695065,0.04696277175138369,-0.0904225071850393,-0.006518907582392958,0.07371935956305417,-0.004020926212700518,-0.137385278936423,0.05564522614912151,-0.01656544020849099,-0.0381898605354726,2019-04-02,-0.03345651221177471,-0.04397445527208087,0.010298432764353826,-0.009227971404520474,-0.010369658179889843,-0.1026046985891213,0.002133789331120184,0.0049546630167096595
2019-03-12,0.0328415372714752,0.23261513499235892,0.1997735977208837,17407,530030,-0.03345651221177471,-0.029364899185463526,0.04999262257071793,0.27012457316302013,0.22013195059230217,9487,189768,-0.04397445527208087,-0.04404180524565318,2019-03-12,0.010298432764353826,-0.009227971404520474,-0.0071301326157637845,0.009987711437754676,0.0195264041688743,0.010517943060306158,-0.03345651221177471,-0.0904225071850393,-0.006518907582392958,0.07371935956305417,-0.04397445527208087,-0.137385278936423,0.05564522614912151,-0.01656544020849099,2019-04-09,0.026429549912939082,0.0013810793391401538,0.0032472336984268324,0.00878740895148189,0.049915496193764695,-0.062119988652410016,0.0013813691350517132,0.015289786267166594
2019-03-19,0.05927108718441428,0.24099166995680357,0.1817205827723893,30475,514163,0.026429549912939082,0.024655208195762505,0.051373701909858085,0.2753484486368732,0.2239747467270151,9716,189124,0.0013810793391401538,0.0012067366468529995,2019-03-19,0.0032472336984268324,0.00878740895148189,-0.026553061720275828,0.015601435001653119,-0.005540175253055057,0.02504847057379893,0.026429549912939082,-0.03345651221177471,-0.0904225071850393,-0.006518907582392958,0.0013810793391401538,-0.04397445527208087,-0.137385278936423,0.05564522614912151,2019-04-16,0.05452374183977254,0.012495176414375336,0.007429021547885384,0.0025796425415340885,-0.09419542572829157,-0.0999894780139229,-0.023536246754447987,-0.0003529160999229397
2019-03-26,0.11379482902418682,0.26565863709954374,0.1518638080753569,57987,509575,0.05452374183977254,0.05350832323601659,0.06386887832423342,0.27253005044738315,0.20866117212314975,12306,192676,0.012495176414375336,0.013694718808823841,2019-03-26,0.007429021547885384,0.0025796425415340885,-0.010244997198529227,0.0217195953219953,0.004849379006351295,0.0420285654253972,0.05452374183977254,0.026429549912939082,-0.03345651221177471,-0.0904225071850393,0.012495176414375336,0.0013810793391401538,-0.04397445527208087,-0.137385278936423,2019-04-23,-0.05786643772082675,-0.07250649907055592,-0.01884089867954586,0.0028155829282141553,-0.19067053349279023,-0.1439143343218237,-0.03420675708776866,0.00526280704388693
2019-04-02,0.05592839130336007,0.2517572755980644,0.19582888429470433,24618,440170,-0.05786643772082675,-0.06548398174949713,-0.008637620746322497,0.26121287426349754,0.26985049500982006,-1724,199592,-0.07250649907055592,-0.07281654175922274,2019-04-02,-0.01884089867954586,0.0028155829282141553,0.002133789331120184,0.0049546630167096595,-0.021656481607760014,0.014640061349729172,-0.05786643772082675,0.05452374183977254,0.026429549912939082,-0.03345651221177471,-0.07250649907055592,0.012495176414375336,0.0013810793391401538,-0.04397445527208087,2019-04-30,0.02682864216187983,-0.003489745335369587,0.009546012568285356,0.0011071518459364604,-0.055751651638560794,-0.06123674983503146,-0.006415075932976855,0.003521087299410919
2019-04-09,0.0827570334652399,0.26347871358697234,0.1807216801217324,37037,447539,0.02682864216187983,0.028214099098075745,-0.012127366081692084,0.23738888037397501,0.2495162464556671,-2532,208784,-0.003489745335369587,-0.004048258447232354,2019-04-09,0.009546012568285356,0.0011071518459364604,0.0013813691350517132,0.015289786267166594,0.008438860722348895,0.030318387497249417,0.02682864216187983,-0.05786643772082675,0.05452374183977254,0.026429549912939082,-0.003489745335369587,-0.07250649907055592,0.012495176414375336,0.0013810793391401538,2019-05-07,-0.11768137200911719,-0.03648841002237273,-0.021670382191072868,-0.006855293415607644,-0.061543316431827234,-0.05875653952675443,-0.015878566027768493,0.005353668122691779
2019-04-16,-0.03492433854387729,0.21833896604710598,0.2532633045909833,-15387,440581,-0.11768137200911719,-0.11713839464270152,-0.04861577610406481,0.22239226276008417,0.271008038864149,-10928,224783,-0.03648841002237273,-0.04021380948731704,2019-04-16,-0.021670382191072868,-0.006855293415607644,-0.023536246754447987,-0.0003529160999229397,-0.014815088775465224,-0.08119296198674446,-0.11768137200911719,0.02682864216187983,-0.05786643772082675,0.05452374183977254,-0.03648841002237273,-0.003489745335369587,-0.07250649907055592,0.012495176414375336,2019-05-14,-0.04195136592472613,-0.03142967989352548,-0.003241488785435287,0.008195365685343958,0.136365472145553,-0.02104975866736432,0.01605168380779176,0.031089564253272695
2019-04-23,-0.07687570446860342,0.20222566629095007,0.2791013707595535,-33829,440048,-0.04195136592472613,-0.04185836429623611,-0.08004545599759029,0.2266729952125159,0.3067184512101062,-17539,219113,-0.03142967989352548,-0.029410587099558242,2019-04-23,-0.003241488785435287,0.008195365685343958,-0.03420675708776866,0.00526280704388693,-0.011436854470779245,-0.010521686031200655,-0.04195136592472613,-0.11768137200911719,0.02682864216187983,-0.05786643772082675,-0.03142967989352548,-0.03648841002237273,-0.003489745335369587,-0.07250649907055592,2019-05-21,0.07705244413340269,0.010171085416236333,0.008950782475245944,0.001073863183738144,0.10820809280384051,-0.0598649815463828,0.0019959908524462833,0.02969456337150067
2019-04-30,0.00017673966479927257,0.22129433898202605,0.22111759931722677,76,430011,0.07705244413340269,0.07704841290041087,-0.06987437058135396,0.26580540155638066,0.3356797721377346,-13738,196610,0.010171085416236333,0.017347213538220004,2019-04-30,0.008950782475245944,0.001073863183738144,-0.006415075932976855,0.003521087299410919,0.0078769192915078,0.06688135871716636,0.07705244413340269,-0.04195136592472613,-0.11768137200911719,0.02682864216187983,0.010171085416236333,-0.03142967989352548,-0.03648841002237273,-0.003489745335369587,2019-05-28,0.021036977368613388,-0.0010095350270925563,8.2522473493718e-05,0.002939732669217321,0.05183800517114265,-0.10478613813857435,-0.003057434262503378,0.03770515294402088
2019-05-07,0.02121371703341266,0.22881350282975477,0.20759978579634208,9547,450039,0.021036977368613388,0.022025017964656717,-0.07088390560844651,0.28180601302471087,0.35268991863315735,-14139,199467,-0.0010095350270925563,-0.002039570723767865,2019-05-07,8.2522473493718e-05,0.002939732669217321,-0.015878566027768493,0.005353668122691779,-0.002857210195723603,0.022046512395705944,0.021036977368613388,0.07705244413340269,-0.04195136592472613,-0.11768137200911719,-0.0010095350270925563,0.010171085416236333,-0.03142967989352548,-0.03648841002237273,2019-06-04,0.08022741656826304,0.0012183708370173824,0.010259867644487386,0.01888060271497327,0.1785432897890881,-0.019499864545848053,0.03198845914099557,0.03844698171896388
2019-05-14,0.1014411336016757,0.26731339105589824,0.16587225745422254,52546,517995,0.08022741656826304,0.09554505276209395,-0.06966553477142913,0.2803648890022965,0.3500304237737256,-14197,203788,0.0012183708370173824,-0.00029077491514887177,2019-05-14,0.010259867644487386,0.01888060271497327,0.01605168380779176,0.031089564253272695,-0.008620735070485885,0.07900904573124566,0.08022741656826304,0.021036977368613388,0.07705244413340269,-0.04195136592472613,0.0012183708370173824,-0.0010095350270925563,0.010171085416236333,-0.03142967989352548,2019-06-11,-0.07010874526643861,-0.07024490277254396,-0.017297181740780765,0.006800364803571934,0.15861447754713145,0.03408258809728681,0.02196826536077623,0.025582236545582226
2019-05-21,0.03133238833523709,0.22606425331715957,0.1947318649819225,15937,508643,-0.07010874526643861,-0.07067442735933745,-0.1399104375439731,0.24984787693243835,0.3897583144764114,-29431,210356,-0.07024490277254396,-0.07475415628005574,2019-05-21,-0.017297181740780765,0.006800364803571934,0.0019959908524462833,0.02969456337150067,-0.0240975465443527,0.00013615750610534993,-0.07010874526643861,0.08022741656826304,0.021036977368613388,0.07705244413340269,-0.07024490277254396,0.0012183708370173824,-0.0010095350270925563,0.010171085416236333,2019-06-18,0.02068235650070483,-0.034750071175955216,0.003897357360296283,0.009084452756258354,0.2550178616476408,0.15792969706306975,0.054644287001781144,0.016931300093233848
2019-05-28,0.05201474483594192,0.23620641186555433,0.18419166702961243,26274,505126,0.02068235650070483,0.02032270177708137,-0.1746605087199283,0.22937432503848718,0.4040348337584155,-38007,217605,-0.034750071175955216,-0.04076898210652418,2019-05-28,0.003897357360296283,0.009084452756258354,-0.003057434262503378,0.03770515294402088,-0.005187095395962071,0.05543242767666005,0.02068235650070483,-0.07010874526643861,0.08022741656826304,0.021036977368613388,-0.034750071175955216,-0.07024490277254396,0.0012183708370173824,-0.0010095350270925563,2019-06-25,0.14774226198655882,0.08427673856563374,0.03512841587699267,0.0036815614441603195,0.25570592932719727,0.2762338230727647,0.10494658760401965,0.03883055440346039
2019-06-04,0.19975700682250075,0.33159845896634443,0.13184145214384366,96182,481495,0.14774226198655882,0.13839715239366018,-0.09038377015429457,0.2647435749149876,0.3551273450692822,-19536,216145,0.08427673856563374,0.08488315985386365,2019-06-04,0.03512841587699267,0.0036815614441603195,0.03198845914099557,0.03844698171896388,0.03144685443283235,0.06346552342092508,0.14774226198655882,0.02068235650070483,-0.07010874526643861,0.08022741656826304,0.08427673856563374,-0.034750071175955216,-0.07024490277254396,0.0012183708370173824,2019-07-02,0.060298604326306404,0.05480082348015224,0.00023967386426804183,0.006015857541591618,0.12054552688908227,0.18948242129521958,0.06391409057056752,0.03552328278179173
2019-06-11,0.26005561114880715,0.3415595685605733,0.08150395741176612,129160,496663,0.060298604326306404,0.06849084621854848,-0.03558294667414232,0.2904160026135365,0.32599894928767886,-8060,226513,0.05480082348015224,0.05309398783224224,2019-06-11,0.00023967386426804183,0.006015857541591618,0.02196826536077623,0.025582236545582226,-0.005776183677323576,0.005497780846154161,0.060298604326306404,0.14774226198655882,0.02068235650070483,-0.07010874526643861,0.05480082348015224,0.08427673856563374,-0.034750071175955216,-0.07024490277254396,2019-07-09,0.026294638834070738,0.05360220619323898,0.01537883990022415,-0.0018505716487764445,0.04481586137851862,0.10664700822302489,0.051153483487020424,0.02753879654453195
2019-06-18,0.2863502499828779,0.36482661004954,0.0784763600666621,150516,525636,0.026294638834070738,0.042998975160219305,0.018019259519096657,0.30562585085147786,0.2876065913323812,4315,239466,0.05360220619323898,0.054632625941998914,2019-06-18,0.01537883990022415,-0.0018505716487764445,0.054644287001781144,0.016931300093233848,0.017229411549000595,-0.02730756735916824,0.026294638834070738,0.060298604326306404,0.14774226198655882,0.02068235650070483,0.05360220619323898,0.05480082348015224,0.08427673856563374,-0.034750071175955216,2019-07-16,0.021370424180261305,0.08355405483373973,0.054199657962534786,0.0309837070664849,0.012800771781534825,0.10297522765759695,0.04069605356917094,0.006414993442575678
2019-06-25,0.3077206741631392,0.3547718596618797,0.04705118549874049,177741,577605,0.021370424180261305,0.05179439764399699,0.10157331435283638,0.34908539913627096,0.24751208478343456,23261,229007,0.08355405483373973,0.07911770355708117,2019-06-25,0.054199657962534786,0.0309837070664849,0.10494658760401965,0.03883055440346039,0.023215950896049886,-0.06218363065347843,0.021370424180261305,0.026294638834070738,0.060298604326306404,0.14774226198655882,0.08355405483373973,0.05360220619323898,0.05480082348015224,0.08427673856563374,2019-07-23,0.012581859548443819,-0.0024746632119113515,-0.005904081156459462,0.000374289822491658,-0.018881571548116982,0.11848760540774471,-0.0038074965404826244,-0.0684329421754124
2019-07-02,0.320302533711583,0.3534719918673024,0.033169458155719374,194087,605949,0.012581859548443819,0.028299616519940098,0.09909865114092503,0.3678669583770296,0.26876830723610456,21923,221224,-0.0024746632119113515,-0.005842616164571389,2019-07-02,-0.005904081156459462,0.000374289822491658,0.06391409057056752,0.03552328278179173,-0.00627837097895112,0.01505652276035517,0.012581859548443819,0.021370424180261305,0.026294638834070738,0.060298604326306404,-0.0024746632119113515,0.08355405483373973,0.05360220619323898,0.05480082348015224,2019-07-30,-0.015431061184257244,-0.028034589592042455,-0.012520933219279051,-0.001968628695668162,0.009386192326854892,0.16260243520177697,0.011699467021960785,-0.06958056763095133
2019-07-09,0.30487147252732577,0.3477612662923618,0.04288979376503605,182611,598977,-0.015431061184257244,-0.01893888759615083,0.07106406154888258,0.34999748275688464,0.2789334212080021,15527,218493,-0.028034589592042455,-0.028911872129606192,2019-07-09,-0.012520933219279051,-0.001968628695668162,0.051153483487020424,0.02753879654453195,-0.01055230452361089,0.012603528407785211,-0.015431061184257244,0.012581859548443819,0.021370424180261305,0.026294638834070738,-0.028034589592042455,-0.0024746632119113515,0.08355405483373973,0.05360220619323898,2019-08-06,-0.005720450762913054,0.04993042562781104,0.004921409982374669,-0.022974374750732718,0.07298389388741844,0.12477362494031465,0.05292008035100615,-0.03114020641870585
2019-07-16,0.2991510217644127,0.3510915434457551,0.051940521681342416,180059,601900,-0.005720450762913054,-0.004260597652330557,0.12099448717669362,0.3448238293421655,0.22382934216547185,27764,229465,0.04993042562781104,0.05600637091348464,2019-07-16,0.004921409982374669,-0.022974374750732718,0.04069605356917094,0.006414993442575678,0.027895784733107387,-0.055650876390724094,-0.005720450762913054,-0.015431061184257244,0.012581859548443819,0.021370424180261305,0.04993042562781104,-0.028034589592042455,-0.0024746632119113515,0.08355405483373973,2019-08-13,-0.010311919149390503,0.09906643258388748,0.00969610785288122,-0.04386422855150318,0.07732255735344329,0.02423363986798241,0.06844895441318499,-0.019078103432199622
2019-07-23,0.2888391026150222,0.3374401605553295,0.048601057940307266,178173,616859,-0.010311919149390503,-0.003133410865592291,0.2200609197605811,0.38734743434085245,0.16728651458027136,51656,234735,0.09906643258388748,0.10412045409975378,2019-07-23,0.00969610785288122,-0.04386422855150318,-0.0038074965404826244,-0.0684329421754124,0.0535603364043844,-0.10937835173327798,-0.010311919149390503,-0.005720450762913054,-0.015431061184257244,0.012581859548443819,0.09906643258388748,0.04993042562781104,-0.028034589592042455,-0.0024746632119113515,2019-08-20,0.04084962342341569,0.04164016658212091,0.009602882405983948,-0.0007733356330472674,0.09758203903260465,-0.03569056619086258,0.06178118033881219,0.0165361841841265
2019-07-30,0.3296887260384379,0.3827121701124449,0.05302344407400701,185713,563298,0.04084962342341569,0.012223214705467538,0.261701086342702,0.39696894908788205,0.13526786274518007,62562,239059,0.04164016658212091,0.04646090272008861,2019-07-30,0.009602882405983948,-0.0007733356330472674,0.011699467021960785,-0.06958056763095133,0.010376218039031215,-0.0007905431587052203,0.04084962342341569,-0.010311919149390503,-0.005720450762913054,-0.015431061184257244,0.04164016658212091,0.09906643258388748,0.04993042562781104,-0.028034589592042455,2019-08-27,0.0481666403763063,-0.06586339985350478,0.028699680109766312,0.036471732516577315,0.026680431892534773,-0.029222026460216682,0.07553053322792369,-0.01860597784123108
2019-08-06,0.3778553664147442,0.4142594662486653,0.03640409983392108,226833,600317,0.0481666403763063,0.07299866145450543,0.19583768648919722,0.3725395963057378,0.1767019098165406,46862,239290,-0.06586339985350478,-0.06567416411848122,2019-08-06,0.028699680109766312,0.036471732516577315,0.05292008035100615,-0.03114020641870585,-0.007772052406811003,0.11403004022981109,0.0481666403763063,0.04084962342341569,-0.010311919149390503,-0.005720450762913054,-0.06586339985350478,0.04164016658212091,0.09906643258388748,0.04993042562781104,2019-09-03,-0.001381787296888204,-0.050609559444521196,0.020450284044553513,-0.010912271764226489,-0.012720852465207821,0.073924108555289,0.048066557458123604,-0.10310733442720155
2019-08-13,0.376473579117856,0.41354665786700157,0.03707307874914557,223611,593962,-0.001381787296888204,-0.005367164348169384,0.14522812704467603,0.33539743156616303,0.190169304521487,33960,233839,-0.050609559444521196,-0.05391784027748757,2019-08-13,0.020450284044553513,-0.010912271764226489,0.06844895441318499,-0.019078103432199622,0.03136255580878,0.04922777214763299,-0.001381787296888204,0.0481666403763063,0.04084962342341569,-0.010311919149390503,-0.050609559444521196,-0.06586339985350478,0.04164016658212091,0.09906643258388748,2019-09-10,0.00994756252977086,0.039142226525042484,0.0030283337785084186,-0.008249940935177058,-0.04108521989065417,0.12881491150053098,-0.011349292993525495,-0.07126944510387911
2019-08-20,0.38642114164762686,0.41979331110763657,0.03337216946000972,229846,594807,0.00994756252977086,0.010497304541367967,0.1843703535697185,0.3283813411960384,0.1440109876263199,43896,238086,0.039142226525042484,0.042490773566428185,2019-08-20,0.0030283337785084186,-0.008249940935177058,0.06178118033881219,0.0165361841841265,0.011278274713685477,-0.029194663995271625,0.00994756252977086,-0.001381787296888204,0.0481666403763063,0.04084962342341569,0.039142226525042484,-0.050609559444521196,-0.06586339985350478,0.04164016658212091,2019-09-17,-0.030051983716654185,0.048108706312766814,0.023352235295095447,-0.03591549765840485,-0.04749976412975809,0.06323686289602021,-0.004298661231997514,-0.05353384796601102
2019-08-27,0.3563691579309727,0.4059665222113763,0.049597364280403594,226716,636183,-0.030051983716654185,-0.005262211103769794,0.23247905988248532,0.35272325707380087,0.12024419719131559,55788,239970,0.048108706312766814,0.04994833799551423,2019-08-27,0.023352235295095447,-0.03591549765840485,0.07553053322792369,-0.01860597784123108,0.059267732953500296,-0.078160690029421,-0.030051983716654185,0.00994756252977086,-0.001381787296888204,0.0481666403763063,0.048108706312766814,0.039142226525042484,-0.050609559444521196,-0.06586339985350478,2019-09-24,0.008765356018563708,0.037282735162000896,0.001235704339966226,-0.04802962406939315,0.004619029229089466,-0.005108545471449011,-0.007308449592742683,-0.031098363701790088
2019-09-03,0.3651345139495364,0.41802105435731873,0.05288654040778236,231626,634358,0.008765356018563708,0.007717905068195786,0.2697617950444862,0.3834497181950303,0.11368792315054412,60882,225688,0.037282735162000896,0.021227653456682084,2019-09-03,0.001235704339966226,-0.04802962406939315,0.048066557458123604,-0.10310733442720155,0.04926532840935938,-0.028517379143437188,0.008765356018563708,-0.030051983716654185,0.00994756252977086,-0.001381787296888204,0.037282735162000896,0.048108706312766814,0.039142226525042484,-0.050609559444521196,2019-10-01,-0.02974615472233455,0.004281243500720788,-0.038965566407095586,0.020925617559095944,-0.04968446972625429,-0.061518364631702266,-0.04289672330684713,0.059425114048619054
2019-09-10,0.33538835922720184,0.38954669599009684,0.05415833676289502,206181,614753,-0.02974615472233455,-0.040111419734597815,0.274043038545207,0.3854612685286962,0.11141822998348917,59586,217433,0.004281243500720788,-0.005742440891850696,2019-09-10,-0.038965566407095586,0.020925617559095944,-0.011349292993525495,-0.07126944510387911,-0.05989118396619153,-0.03402739822305534,-0.02974615472233455,0.008765356018563708,-0.030051983716654185,0.00994756252977086,0.004281243500720788,0.037282735162000896,0.048108706312766814,0.039142226525042484,2019-10-08,0.003533018290666934,-0.02643582207946829,0.0100789655400364,0.00948565620269104,-0.010404608333703602,-0.05809485937822878,0.012336246835743303,0.026681965902033866
2019-09-17,0.33892137751786877,0.38342287516442414,0.044501497646555414,213856,630990,0.003533018290666934,0.012484688972644297,0.24760721646573872,0.3653406363816031,0.11773341991586436,52620,212514,-0.02643582207946829,-0.032037455216089555,2019-09-17,0.0100789655400364,0.00948565620269104,-0.004298661231997514,-0.05353384796601102,0.0005933093373453602,0.029968840370135225,0.003533018290666934,-0.02974615472233455,0.008765356018563708,-0.030051983716654185,-0.02643582207946829,0.004281243500720788,0.037282735162000896,0.048108706312766814,2019-10-15,0.022066809642193375,-0.020236702054702405,0.020342446934350278,-0.01348001339418392,-0.049506227045435225,-0.05496180312583088,-0.01415339899115331,0.02146764041732574
2019-09-24,0.36098818716006215,0.4029295357420357,0.041941348581973584,237871,658944,0.022066809642193375,0.038059240241525225,0.2273705144110363,0.35659822411798325,0.12922770970694694,48934,215217,-0.020236702054702405,-0.017344739640682495,2019-09-24,0.020342446934350278,-0.01348001339418392,-0.007308449592742683,-0.031098363701790088,0.0338224603285342,0.04230351169689578,0.022066809642193375,0.003533018290666934,-0.02974615472233455,0.008765356018563708,-0.020236702054702405,-0.02643582207946829,0.004281243500720788,0.037282735162000896,2019-10-22,-0.045538142936780046,-0.01912708399825236,-0.03435256937413822,0.04249385368101599,-0.06613647788405852,-0.0268568309463299,-0.030278718464576748,0.033037287989235775
2019-10-01,0.3154500442232821,0.36368896567116066,0.04823892144787852,190811,604885,-0.045538142936780046,-0.07141729797979798,0.20824343041278395,0.3448173518132909,0.13657392140050692,44203,212266,-0.01912708399825236,-0.021982464210540988,2019-10-01,-0.03435256937413822,0.04249385368101599,-0.04289672330684713,0.059425114048619054,-0.07684642305515421,-0.026411058938527687,-0.045538142936780046,0.022066809642193375,0.003533018290666934,-0.02974615472233455,-0.01912708399825236,-0.020236702054702405,-0.02643582207946829,0.004281243500720788,2019-10-29,0.009533706670216135,0.007704748754194274,0.016267403735494845,-0.011817530587489244,-0.006862790049634748,0.006699835586565589,0.004430442479051777,-0.026059724988057198
2019-10-08,0.32498375089349824,0.37600027230422867,0.05101652141073041,200501,616957,0.009533706670216135,0.016019573968605604,0.21594817916697823,0.34263534734165857,0.12668716817468031,46206,213968,0.007704748754194274,0.009436273355129884,2019-10-08,0.016267403735494845,-0.011817530587489244,0.012336246835743303,0.026681965902033866,0.02808493432298409,0.0018289579160218616,0.009533706670216135,-0.045538142936780046,0.022066809642193375,0.003533018290666934,0.007704748754194274,-0.01912708399825236,-0.020236702054702405,-0.02643582207946829,2019-11-05,-0.03556860042106469,-0.023302765827070387,-0.016410680286860213,0.004271330717982913,-0.039193501669019415,-0.035128958828442164,-0.014693042367980524,-0.004405504110037484
2019-10-15,0.28941515047243355,0.3523075074046695,0.06289235693223595,175787,607387,-0.03556860042106469,-0.04005789706575985,0.19264541333990784,0.3301172030571412,0.1374717897172334,40632,210916,-0.023302765827070387,-0.026050624392432515,2019-10-15,-0.016410680286860213,0.004271330717982913,-0.01415339899115331,0.02146764041732574,-0.020682011004843126,-0.012265834593994301,-0.03556860042106469,0.009533706670216135,-0.045538142936780046,0.022066809642193375,-0.023302765827070387,0.007704748754194274,-0.01912708399825236,-0.020236702054702405,2019-11-12,0.00543655880357008,0.007868270124798571,0.004217127460926839,-0.001910365822273885,-0.041779070677158414,-0.050484798902796696,-0.01573818209980704,0.0186509632789571
2019-10-22,0.2948517092760036,0.3490123543630341,0.05416064508703047,184438,625528,0.00543655880357008,0.014242978529339614,0.2005136834647064,0.3442658102168005,0.14375212675209412,43016,214529,0.007868270124798571,0.011303078002617156,2019-10-22,0.004217127460926839,-0.001910365822273885,-0.030278718464576748,0.033037287989235775,0.0061274932832007245,-0.0024317113212284913,0.00543655880357008,-0.03556860042106469,0.009533706670216135,-0.045538142936780046,0.007868270124798571,-0.023302765827070387,0.007704748754194274,-0.01912708399825236,2019-11-19,0.013735544897643726,0.014429582534643132,0.00035659156949030546,-0.01660315929627698,-0.023444570063727965,-0.020794504548388937,-0.01082870856173912,0.010783763873127405
2019-10-29,0.30858725417364735,0.35848452541176984,0.04989727123812247,198558,643442,0.013735544897643726,0.022572930388407873,0.21494326599934954,0.35194503667835075,0.13700177067900118,47585,221384,0.014429582534643132,0.02129781987516839,2019-10-29,0.00035659156949030546,-0.01660315929627698,0.004430442479051777,-0.026059724988057198,0.016959750865767287,-0.0006940376369994061,0.013735544897643726,0.00543655880357008,-0.03556860042106469,0.009533706670216135,0.014429582534643132,0.007868270124798571,-0.023302765827070387,0.007704748754194274,2019-11-26,-0.02279700494916853,-0.03412404566081348,-0.0028560811115374563,0.00983669029053047,-0.01828949602593971,0.01472424830149538,-0.0180586544055803,0.022388026577975673
2019-11-05,0.2857902492244788,0.3378345680336028,0.05204431880912398,197247,690181,-0.02279700494916853,-0.002037479679598161,0.18081922033853606,0.34583247256152505,0.165013252222989,41138,227509,-0.03412404566081348,-0.029121345716040907,2019-11-05,-0.0028560811115374563,0.00983669029053047,-0.014693042367980524,-0.004405504110037484,-0.012692771402067926,0.011327040711644948,-0.02279700494916853,0.013735544897643726,0.00543655880357008,-0.03556860042106469,-0.03412404566081348,0.014429582534643132,0.007868270124798571,-0.023302765827070387,2019-12-03,-0.03815416942920369,-0.03865860590142492,-0.01745582001868673,0.027327798106977497,0.010867744316324812,0.03381390681457341,-0.005305471832243391,0.018703148240191148
2019-11-12,0.24763607979527513,0.2956145910231021,0.047978511227827,175441,708463,-0.03815416942920369,-0.03159461068908011,0.14216061443711114,0.3271175300060327,0.18495691556892158,31577,222122,-0.03865860590142492,-0.0420247111103297,2019-11-12,-0.01745582001868673,0.027327798106977497,-0.01573818209980704,0.0186509632789571,-0.044783618125664226,0.0005044364722212313,-0.03815416942920369,-0.02279700494916853,0.013735544897643726,0.00543655880357008,-0.03865860590142492,-0.03412404566081348,0.014429582534643132,0.007868270124798571,2019-12-10,0.02377105941700053,0.03755856447920633,0.00912660099899476,-0.00977756522810358,0.01851928474661818,0.002268777725374399,0.003921635794958078,0.013509473536919892
2019-11-19,0.27140713921227566,0.30838655137365806,0.036979412161382404,195199,719211,0.02377105941700053,0.027888541815168894,0.17971917891631747,0.33321906841010884,0.15349988949379134,39845,221707,0.03755856447920633,0.03722278747715219,2019-11-19,0.00912660099899476,-0.00977756522810358,-0.01082870856173912,0.010783763873127405,0.01890416622709834,-0.013787505062205802,0.02377105941700053,-0.03815416942920369,-0.02279700494916853,0.013735544897643726,0.03755856447920633,-0.03865860590142492,-0.03412404566081348,0.014429582534643132,2019-12-17,0.01889061893543198,0.04994833538452745,-0.0068733542743508735,-0.004998896591428714,0.00993826872399095,-0.007743143783357054,0.0023045892011008817,0.01108209639022828
2019-11-26,0.29029775814770764,0.326810784319585,0.036513026171877336,194287,669268,0.01889061893543198,-0.0012680562449684447,0.22966751430084492,0.36231351650501187,0.13264600220416692,48139,209603,0.04994833538452745,0.037409734469367226,2019-11-26,-0.0068733542743508735,-0.004998896591428714,-0.0180586544055803,0.022388026577975673,-0.0018744576829221593,-0.031057716449095468,0.01889061893543198,0.02377105941700053,-0.03815416942920369,-0.02279700494916853,0.04994833538452745,0.03755856447920633,-0.03865860590142492,-0.03412404566081348,2019-12-24,0.006360235393095992,-0.015034387147735445,0.009897101461799451,0.006151811952745945,0.0019891196211217488,0.007489843374253485,0.02530509316957552,-0.010928539404206905
2019-12-03,0.29665799354080363,0.33134193798715006,0.03468394444634645,207962,701016,0.006360235393095992,0.020432771326284835,0.21463312715310948,0.3565330625294572,0.14189993537634774,44173,205807,-0.015034387147735445,-0.01892148490241075,2019-12-03,0.009897101461799451,0.006151811952745945,-0.005305471832243391,0.018703148240191148,0.0037452895090535065,0.021394622540831437,0.006360235393095992,0.01889061893543198,0.02377105941700053,-0.03815416942920369,-0.015034387147735445,0.04994833538452745,0.03755856447920633,-0.03865860590142492,2019-12-31,-0.03050262899891032,-0.07020373499062393,-0.00822871239148526,0.02213412340370624,-0.0006238226405103076,0.041671296392693374,0.026880050764999552,-0.011621562420655707
2019-12-10,0.2661553645418933,0.30859141192139744,0.04243604737950415,183648,690003,-0.03050262899891032,-0.03468394444634645,0.14442939216248554,0.31905289283983823,0.1746235006773527,29212,202258,-0.07020373499062393,-0.07269432040698325,2019-12-10,-0.00822871239148526,0.02213412340370624,0.003921635794958078,0.013509473536919892,-0.0303628357951915,0.039701105991713614,-0.03050262899891032,0.006360235393095992,0.01889061893543198,0.02377105941700053,-0.07020373499062393,-0.015034387147735445,0.04994833538452745,0.03755856447920633,2020-01-07,0.015190043394373298,0.027546642970474877,0.007509554405137564,-0.012204942374795191,0.026209531361559846,0.09888328600961804,0.06997327969656908,-0.027844433410595837
2019-12-17,0.2813454079362666,0.3188565483056178,0.03751114036935119,201721,716987,0.015190043394373298,0.02619263974214605,0.17197603513296042,0.33035549825013816,0.15837946311717774,35479,206302,0.027546642970474877,0.03098517734774397,2019-12-17,0.007509554405137564,-0.012204942374795191,0.0023045892011008817,0.01108209639022828,0.019714496779932755,-0.012356599576101579,0.015190043394373298,-0.03050262899891032,0.006360235393095992,0.01889061893543198,0.027546642970474877,-0.07020373499062393,-0.015034387147735445,0.04994833538452745,2020-01-14,0.010941469832562778,0.06518132254213799,0.016127149694123766,-0.0270095323858639,0.007855139697451274,0.0717132066384416,0.04693525995076886,0.001388883053673684
2019-12-24,0.2922868777688294,0.32770652445384696,0.03541964668501757,218846,748737,0.010941469832562778,0.023884672943860905,0.2371573576750984,0.3664625234256611,0.12930516575056267,52897,223046,0.06518132254213799,0.08442962259212222,2019-12-24,0.016127149694123766,-0.0270095323858639,0.02530509316957552,-0.010928539404206905,0.043136682079987665,-0.05423985270957521,0.010941469832562778,0.015190043394373298,-0.03050262899891032,0.006360235393095992,0.06518132254213799,0.027546642970474877,-0.07020373499062393,-0.015034387147735445,2020-01-21,0.0037472931314639357,0.019147065870704444,0.011472059057223483,0.005458788936297143,-0.010321870191630778,0.004690259254833434,0.0379893675537204,0.034377113946024274
2019-12-31,0.2960341709002933,0.32862906816117715,0.03259489726088383,232732,786166,0.0037472931314639357,0.018545897958829334,0.25630442354580285,0.3736328805294323,0.1173284569836294,58868,229680,0.019147065870704444,0.02677026263640684,2019-12-31,0.011472059057223483,0.005458788936297143,0.026880050764999552,-0.011621562420655707,0.0060132701209263395,-0.015399772739240508,0.0037472931314639357,0.010941469832562778,0.015190043394373298,-0.03050262899891032,0.019147065870704444,0.06518132254213799,0.027546642970474877,-0.07020373499062393,2020-01-28,-0.003669274996840166,-0.012991745373699265,0.03486451654008427,0.0059112524137661104,0.011339710886723198,-0.04949038673344755,0.032767316207952035,0.05458640059799835
2020-01-07,0.29236489590345316,0.33222711002128885,0.039862214117835686,229757,785857,-0.003669274996840166,-0.0037841880722391964,0.24331267817210359,0.37518564039535,0.13187296222324643,57014,234324,-0.012991745373699265,-0.008072100313479625,2020-01-07,0.03486451654008427,0.0059112524137661104,0.06997327969656908,-0.027844433410595837,0.028953264126318157,0.009322470376859099,-0.003669274996840166,0.0037472931314639357,0.010941469832562778,0.015190043394373298,-0.012991745373699265,0.019147065870704444,0.06518132254213799,0.027546642970474877,2020-02-04,-0.003164348269735273,0.00037656359929844063,-0.015528465340662656,0.01702837408947433,-0.014916425758075724,0.002170481482198089,-0.010462110215510911,0.032376045546639975
2020-01-14,0.2892005476337179,0.329285478545784,0.040084930912066136,230459,796883,-0.003164348269735273,0.0008932922910911273,0.24368924177140203,0.3864574942784448,0.14276825250704273,57179,234639,0.00037656359929844063,0.0007041532237414862,2020-01-14,-0.015528465340662656,0.01702837408947433,0.04693525995076886,0.001388883053673684,-0.032556839430136986,-0.003540911869033714,-0.003164348269735273,-0.003669274996840166,0.0037472931314639357,0.010941469832562778,0.00037656359929844063,-0.012991745373699265,0.019147065870704444,0.06518132254213799,2020-02-11,-0.007235540056519274,-0.0018416248414701852,0.007181257297075305,0.0059786985064866904,0.008160946779859735,0.0028964121153182976,0.013431265008530424,0.021890608226818653
2020-01-21,0.2819650075771986,0.32534588683457016,0.04338087925737155,223832,793829,-0.007235540056519274,-0.008316151806475982,0.24184761692993184,0.3782509043949747,0.13640328746504288,56558,233858,-0.0018416248414701852,-0.002646618848529017,2020-01-21,0.007181257297075305,0.0059786985064866904,0.0379893675537204,0.034377113946024274,0.0012025587905886148,-0.005393915215049089,-0.007235540056519274,-0.003164348269735273,-0.003669274996840166,0.0037472931314639357,-0.0018416248414701852,0.00037656359929844063,-0.012991745373699265,0.019147065870704444,2020-02-18,0.02540887420981791,-0.03503358011757654,0.006250007711455119,0.025668075588271222,0.05151790978671139,0.035172002772937416,0.02802130617678067,0.0060292850265684095
2020-01-28,0.3073738817870165,0.3553391219765799,0.04796524018956339,219938,715539,0.02540887420981791,-0.0049053385552807974,0.2068140368123553,0.3570945057408821,0.15028046892852678,47967,231933,-0.03503358011757654,-0.036735967980569405,2020-01-28,0.006250007711455119,0.025668075588271222,0.032767316207952035,0.05458640059799835,-0.019418067876816103,0.06044245432739445,0.02540887420981791,-0.007235540056519274,-0.003164348269735273,-0.003669274996840166,-0.03503358011757654,-0.0018416248414701852,0.00037656359929844063,-0.012991745373699265,2020-02-25,-0.029925411641639088,0.038669122841946374,-0.00836490988337868,-0.016299102637592267,0.007594934600105074,0.051331337083949685,0.03748444735288725,0.013868490371239606
2020-02-04,0.27744847014537743,0.34184474740746623,0.06439627726208881,181610,654572,-0.029925411641639088,-0.053565214474682724,0.24548315965430167,0.34958832734644524,0.10410516769214355,55218,224936,0.038669122841946374,0.03126333898151622,2020-02-04,-0.00836490988337868,-0.016299102637592267,-0.010462110215510911,0.032376045546639975,0.007934192754213587,-0.06859453448358546,-0.029925411641639088,0.02540887420981791,-0.007235540056519274,-0.003164348269735273,0.038669122841946374,-0.03503358011757654,-0.0018416248414701852,0.00037656359929844063,2020-03-03,0.019913024268200186,0.0011024942324186493,0.00836490988337868,0.006542936769653007,0.033773593916704814,-0.09835428286349984,0.049690608961007854,0.07617816233696173
2020-02-11,0.2973614944135776,0.35180935649763534,0.054447862084057726,195671,658024,0.019913024268200186,0.021481212150840548,0.24658565388672032,0.3513148049653382,0.10472915107861785,54707,221858,0.0011024942324186493,-0.0022717572998541807,2020-02-11,0.00836490988337868,0.006542936769653007,0.013431265008530424,0.021890608226818653,0.0018219731137256723,0.018810530035781536,0.019913024268200186,-0.029925411641639088,0.02540887420981791,-0.007235540056519274,0.0011024942324186493,0.038669122841946374,-0.03503358011757654,-0.0018416248414701852,2020-03-10,0.03612142295033238,0.030433965816148933,0.02177129846532555,-0.009882624693763553,0.03443795938849664,-0.10360479213113388,0.045152252031233076,0.0917300607667646
2020-02-18,0.33348291736391,0.3890387059163979,0.05555578855248792,238546,715317,0.03612142295033238,0.0651571979137539,0.27701961970286926,0.37443768192643556,0.09741806222356633,65952,238077,0.030433965816148933,0.05068557365522091,2020-02-18,0.02177129846532555,-0.009882624693763553,0.02802130617678067,0.0060292850265684095,0.031653923159089103,0.005687457134183449,0.03612142295033238,0.019913024268200186,-0.029925411641639088,0.02540887420981791,0.030433965816148933,0.0011024942324186493,0.038669122841946374,-0.03503358011757654,2020-03-17,-0.018514100976788406,-0.01887424580656427,0.0157131488875617,0.03350728093294242,-0.06501752554442142,-0.14540372836487236,-0.04993060762406909,0.3090144886718509
2020-02-25,0.3149688163871216,0.35913752853324454,0.04416871214612296,230846,732917,-0.018514100976788406,-0.01076445827514235,0.258145373896305,0.36358538728710715,0.1054400133908022,61689,238970,-0.01887424580656427,-0.017905971597424363,2020-02-25,0.0157131488875617,0.03350728093294242,0.03748444735288725,0.013868490371239606,-0.017794132045380717,0.0003601448297758658,-0.018514100976788406,0.03612142295033238,0.019913024268200186,-0.029925411641639088,-0.01887424580656427,0.030433965816148933,0.0011024942324186493,0.038669122841946374,2020-03-24,-0.0037467523250393486,-0.11101649710550315,0.003841251724741923,0.04601056932812986,-0.02737659664561093,-0.16517258026657705,0.0006520433600538666,0.22964746132336344
2020-03-03,0.31122206406208225,0.3510495169692985,0.0398274529072162,215361,691985,-0.0037467523250393486,-0.021127903978213087,0.14712887679080183,0.2940749280124321,0.1469460512216303,28971,196909,-0.11101649710550315,-0.1369125831694355,2020-03-03,0.003841251724741923,0.04601056932812986,0.049690608961007854,0.07617816233696173,-0.042169317603387935,0.1072697447804638,-0.0037467523250393486,-0.018514100976788406,0.03612142295033238,0.019913024268200186,-0.11101649710550315,-0.01887424580656427,0.030433965816148933,0.0011024942324186493,2020-03-31,0.020577389739992014,-0.004148015035215391,0.003826552953603901,0.022094835199455876,-0.0033487981416380763,-0.01805723894395861,-0.03868798234898474,0.16636183948133842
2020-03-10,0.33179945380207426,0.3483069442909688,0.0165074904888945,210185,633470,0.020577389739992014,-0.007479930923358165,0.14298086175558644,0.2831070244841227,0.14012616272853629,26746,187060,-0.004148015035215391,-0.011299635872408067,2020-03-10,0.003826552953603901,0.022094835199455876,0.045152252031233076,0.0917300607667646,-0.018268282245851974,0.024725404775207405,0.020577389739992014,-0.0037467523250393486,-0.018514100976788406,0.03612142295033238,-0.004148015035215391,-0.11101649710550315,-0.01887424580656427,0.030433965816148933,2020-04-07,-0.06333406198258568,-0.011364970417589548,-0.07331156118997662,0.20740180321132273,-0.014161707733956364,-0.02337575576453775,0.010047731148667083,0.1272746468005379
2020-03-17,0.2684653918194886,0.2874574203946509,0.01899202857516226,154079,573925,-0.06333406198258568,-0.08856930872811657,0.1316158913379969,0.2244333521316039,0.09281746079360699,21938,166682,-0.011364970417589548,-0.025702983000106917,2020-03-17,-0.07331156118997662,0.20740180321132273,-0.04993060762406909,0.3090144886718509,-0.28071336440129935,-0.05196909156499613,-0.06333406198258568,0.020577389739992014,-0.0037467523250393486,-0.018514100976788406,-0.011364970417589548,-0.004148015035215391,-0.11101649710550315,-0.01887424580656427,2020-04-14,0.019126827922022083,-0.03864309770826896,0.06629579987168466,-0.04585974641554502,0.048381729913696436,-0.023947066369535044,0.12503198674354454,-0.08455199911306943
2020-03-24,0.28759221974151067,0.2904350908220575,0.002842871080546796,157409,547334,0.019126827922022083,0.005802151849109204,0.09297279362972793,0.200650298606503,0.10767750497677504,14011,150700,-0.03864309770826896,-0.047557624698527735,2020-03-24,0.06629579987168466,-0.04585974641554502,0.0006520433600538666,0.22964746132336344,0.11215554628722968,0.05776992563029104,0.019126827922022083,-0.06333406198258568,0.020577389739992014,-0.0037467523250393486,-0.03864309770826896,-0.011364970417589548,-0.004148015035215391,-0.11101649710550315,2020-04-21,0.020281046178933504,0.03609884421711529,-0.03549877398429668,-0.01727505251389516,0.009008464015013595,0.0058116512763297795,0.033399513618678434,-0.010037579850200373
2020-03-31,0.3078732659204442,0.31639133908468037,0.008518073164236199,152598,495652,0.020281046178933504,-0.008789879671279328,0.12907163784684322,0.21834606767392428,0.08927442982708106,17974,139256,0.03609884421711529,0.026297279362972794,2020-03-31,-0.03549877398429668,-0.01727505251389516,-0.03868798234898474,0.16636183948133842,-0.01822372147040152,-0.015817798038181785,0.020281046178933504,0.019126827922022083,-0.06333406198258568,0.020577389739992014,0.03609884421711529,-0.03864309770826896,-0.011364970417589548,-0.004148015035215391,2020-04-28,0.009764480147673726,-0.009466531855794533,0.052562266451255724,-0.016992357481344644,-0.015538356492630356,-0.024343739560625036,0.08285998409980344,0.0054733080454916205
2020-04-07,0.3176377460681179,0.3270596812831997,0.009421935215081763,152482,480050,0.009764480147673726,-0.0002340351698369017,0.11960510599104869,0.21837178177213004,0.09876667578108135,16622,138974,-0.009466531855794533,-0.009708737864077669,2020-04-07,0.052562266451255724,-0.016992357481344644,0.010047731148667083,0.1272746468005379,0.06955462393260037,0.01923101200346826,0.009764480147673726,0.020281046178933504,0.019126827922022083,-0.06333406198258568,-0.009466531855794533,0.03609884421711529,-0.03864309770826896,-0.011364970417589548,2020-05-05,-0.0007906243349328768,-0.011936281022586842,0.041672694404900845,-0.004424842702284604,-0.045907549042770335,-0.04065237806002202,0.03141626579368584,0.035714228411163784
2020-04-14,0.316847121733185,0.3314767381343565,0.014629616401171512,155244,489965,-0.0007906243349328768,0.005753567336735757,0.10766882496846185,0.2088139562438579,0.10114513127539605,15448,143477,-0.011936281022586842,-0.008447623296443938,2020-04-14,0.041672694404900845,-0.004424842702284604,0.12503198674354454,-0.08455199911306943,0.04609753710718545,0.011145656687653965,-0.0007906243349328768,0.009764480147673726,0.020281046178933504,0.019126827922022083,-0.011936281022586842,-0.009466531855794533,0.03609884421711529,-0.03864309770826896,2020-05-12,-0.02024643797666076,-0.008884380062404135,-0.025336673253181452,0.028654672847324036,-0.07080845756548326,-0.005136965305405819,-0.016361293978926383,-0.0005371217023850683
2020-04-21,0.29660068375652426,0.31529854529380036,0.018697861537276084,146271,493158,-0.02024643797666076,-0.01831355300888839,0.09878444490605771,0.2090582850430136,0.11027384013695589,13791,139607,-0.008884380062404135,-0.011548889369027789,2020-04-21,-0.025336673253181452,0.028654672847324036,0.033399513618678434,-0.010037579850200373,-0.05399134610050549,-0.011362057914256624,-0.02024643797666076,-0.0007906243349328768,0.009764480147673726,0.020281046178933504,-0.008884380062404135,-0.011936281022586842,-0.009466531855794533,0.03609884421711529,2020-05-19,-0.004265774328710448,0.005943453380160474,0.013961696496828324,-0.0017641646182031678,-0.0560425671162047,0.04254151466995125,0.03500214210656427,-0.11770657287701036
2020-04-28,0.2923349094278138,0.3075480815309415,0.015213172103127696,146406,500816,-0.004265774328710448,0.0002737459394352317,0.10472789828621819,0.22386139401079877,0.1191334957245806,14489,138349,0.005943453380160474,0.0049997492962387275,2020-04-28,0.013961696496828324,-0.0017641646182031678,0.08285998409980344,0.0054733080454916205,0.015725861115031492,-0.010209227708870922,-0.004265774328710448,-0.02024643797666076,-0.0007906243349328768,0.009764480147673726,0.005943453380160474,-0.008884380062404135,-0.011936281022586842,-0.009466531855794533,2020-05-26,-0.020604712402466252,-0.025775170355191515,0.0011185481451381207,0.01324856288432752,-0.07460933979976159,0.06031303479846113,0.00031083860892344717,-0.1242263158999366
2020-05-05,0.27173019702534756,0.29025804385909454,0.01852784683374699,133241,490343,-0.020604712402466252,-0.026287099453691575,0.07895272793102667,0.21420651263832002,0.13525378470729335,10467,132573,-0.025775170355191515,-0.02907140637084475,2020-05-05,0.0011185481451381207,0.01324856288432752,0.03141626579368584,0.035714228411163784,-0.012130014739189399,0.005170457952725263,-0.020604712402466252,-0.004265774328710448,-0.02024643797666076,-0.0007906243349328768,-0.025775170355191515,0.005943453380160474,-0.008884380062404135,-0.011936281022586842,2020-06-02,-0.025691532857645805,0.023579131732029357,-0.006104865367711376,-0.040676192815833456,-0.060787360001311574,0.07851765575495198,0.009764627245143487,-0.1799475809305524
2020-05-12,0.24603866416770176,0.2899208638741875,0.0438821997064857,122217,496739,-0.025691532857645805,-0.022482221628533496,0.10253185966305603,0.21416017707574989,0.11162831741269386,13943,135987,0.023579131732029357,0.026219516794520753,2020-05-12,-0.006104865367711376,-0.040676192815833456,-0.016361293978926383,-0.0005371217023850683,0.03457132744812208,-0.04927066458967516,-0.025691532857645805,-0.020604712402466252,-0.004265774328710448,-0.02024643797666076,0.023579131732029357,-0.025775170355191515,0.005943453380160474,-0.008884380062404135,2020-06-09,-0.005480547527382196,0.038794099912952934,0.026026762832309203,-0.08851477832730126,-0.05435382980036871,0.028842255835688557,0.007594193155003204,-0.122289778368037
2020-05-19,0.24055811664031956,0.29147963385428005,0.05092151721396049,127064,528205,-0.005480547527382196,0.009757639323668969,0.14132595957600896,0.2473171374020673,0.10599117782605832,21466,151890,0.038794099912952934,0.055321464551758626,2020-05-19,0.026026762832309203,-0.08851477832730126,0.03500214210656427,-0.11770657287701036,0.11454154115961046,-0.04427464744033513,-0.005480547527382196,-0.025691532857645805,-0.020604712402466252,-0.004265774328710448,0.038794099912952934,0.023579131732029357,-0.025775170355191515,0.005943453380160474,2020-06-16,-0.022832547012267335,0.023714973508670356,-0.0207296070008125,-0.008283907641129407,-0.026718426957888508,0.014867771572133676,-0.012312149285961027,-0.01786258917474326
2020-05-26,0.21772556962805223,0.2802720197776554,0.06254645014960318,113081,519374,-0.022832547012267335,-0.026472676328319497,0.16504093308467932,0.2577804469450327,0.09273951386035338,26107,158185,0.023714973508670356,0.030555006912897493,2020-05-26,-0.0207296070008125,-0.008283907641129407,0.00031083860892344717,-0.1242263158999366,-0.012445699359683093,-0.04654752052093769,-0.022832547012267335,-0.005480547527382196,-0.025691532857645805,-0.020604712402466252,0.023714973508670356,0.038794099912952934,0.023579131732029357,-0.025775170355191515,2020-06-23,-0.0067827326040162395,-0.007570549398700666,0.01057233678135816,-0.04247270214628829,0.025677468516961593,-0.008355514101229339,0.03415425855252163,-0.014128871210276728
2020-06-02,0.210942837024036,0.28093831779629846,0.06999548077226245,100355,475745,-0.0067827326040162395,-0.02450257425285055,0.15747038368597865,0.2578593740790947,0.10038899039311605,26718,169670,-0.007570549398700666,0.0038625659828681607,2020-06-02,0.01057233678135816,-0.04247270214628829,0.009764627245143487,-0.1799475809305524,0.05304503892764645,0.0007878167946844261,-0.0067827326040162395,-0.022832547012267335,-0.005480547527382196,-0.025691532857645805,-0.007570549398700666,0.023714973508670356,0.038794099912952934,0.023579131732029357,2020-06-30,-0.01925800265670294,-0.026096268187234067,-0.00827529945785166,0.016981609746681947,0.03575960658632532,0.05000461897017358,0.028913666701078533,0.018869264712805034
2020-06-09,0.19168483436733305,0.26575018763362984,0.07406535326629679,91177,475661,-0.01925800265670294,-0.0192918475233581,0.1313741154987446,0.25260214562885186,0.12122803013010729,23022,175240,-0.026096268187234067,-0.021783462014498732,2020-06-09,-0.00827529945785166,0.016981609746681947,0.007594193155003204,-0.122289778368037,-0.025256909204533606,0.006838265530531129,-0.01925800265670294,-0.0067827326040162395,-0.022832547012267335,-0.005480547527382196,-0.026096268187234067,-0.007570549398700666,0.023714973508670356,0.038794099912952934,2020-07-07,0.022154855315098004,0.024819615649398052,0.006120420391344972,0.015912410865992488,0.05159176940098126,0.08109336487149249,0.04711739839732143,0.011816087204514325
2020-06-16,0.21383968968243106,0.27768642646605235,0.06384673678362131,104688,489563,0.022154855315098004,0.028404683167213625,0.15619373114814264,0.27213767160207814,0.11594394045393552,27238,174386,0.024819615649398052,0.02405843414745492,2020-06-16,0.006120420391344972,0.015912410865992488,-0.012312149285961027,-0.01786258917474326,-0.009791990474647516,-0.002664760334300048,0.022154855315098004,-0.01925800265670294,-0.0067827326040162395,-0.022832547012267335,0.024819615649398052,-0.026096268187234067,-0.007570549398700666,0.023714973508670356,2020-07-14,0.029563348462582767,0.0004916878353073417,0.02573680083767016,-0.004550189676662875,0.018802185613815775,0.08279105863920591,0.04777711876756641,-0.05221842562120527
2020-06-23,0.24340303814501382,0.30368858543772703,0.060285547292713224,129515,532101,0.029563348462582767,0.05071257427542523,0.15668541898344998,0.2796221190117965,0.12293670002834653,28743,183444,0.0004916878353073417,0.008630279953666005,2020-06-23,0.02573680083767016,-0.004550189676662875,0.03415425855252163,-0.014128871210276728,0.030286990514333034,0.029071660627275425,0.029563348462582767,0.022154855315098004,-0.01925800265670294,-0.0067827326040162395,0.0004916878353073417,0.024819615649398052,-0.026096268187234067,-0.007570549398700666,2020-07-21,0.003299405465347488,0.050789583672702254,0.005331744929915061,-0.009474566223206526,-0.010837688258254902,0.1052651045838062,0.038416438075909554,-0.12168308949338291
2020-06-30,0.2467024436103613,0.3089696382658984,0.062267194655537116,138555,561628,0.003299405465347488,0.016989255799180984,0.20747500265615224,0.35374635516887226,0.14627135251272003,35150,169418,0.050789583672702254,0.03492619000894006,2020-06-30,0.005331744929915061,-0.009474566223206526,0.028913666701078533,0.018869264712805034,0.014806311153121587,-0.047490178207354766,0.003299405465347488,0.029563348462582767,0.022154855315098004,-0.01925800265670294,0.050789583672702254,0.0004916878353073417,0.024819615649398052,-0.026096268187234067,2020-07-28,-0.0034258398420470015,0.004992477714084842,0.009928432238391238,0.009928432238391238,-0.05102866235352277,-0.029369361964923013,0.09336923674116093,-0.1982732435748007
2020-07-07,0.2432766037683143,0.31392725952204703,0.0706506557537327,139343,572776,-0.0034258398420470015,0.0014030639498030725,0.21246748037023708,0.36699840130255496,0.15453092093231788,36016,169513,0.004992477714084842,0.0051116174196366385,2020-07-07,0.009928432238391238,0.009928432238391238,0.04711739839732143,0.011816087204514325,0.0,-0.008418317556131844,-0.0034258398420470015,0.003299405465347488,0.029563348462582767,0.022154855315098004,0.004992477714084842,0.050789583672702254,0.0004916878353073417,0.024819615649398052,2020-08-04,-0.010634728472067478,0.026517309417111473,0.006780140761589948,-0.048122101959727104,-0.04131055311661283,-0.05615225171414809,0.11472849290782872,-0.23988670461217065
2020-07-14,0.23264187529624683,0.30576981083293836,0.07312793553669152,134973,580175,-0.010634728472067478,-0.007629509616324706,0.23898478978734855,0.36786513200311716,0.1288803422157686,42627,178367,0.026517309417111473,0.03899995870523205,2020-07-14,0.006780140761589948,-0.048122101959727104,0.04777711876756641,-0.05221842562120527,0.05490224272131705,-0.03715203788917895,-0.010634728472067478,-0.0034258398420470015,0.003299405465347488,0.029563348462582767,0.026517309417111473,0.004992477714084842,0.050789583672702254,0.0004916878353073417,2020-08-11,-7.652540948790976e-05,0.022965733779907627,0.016376120146013307,-0.07401485354884052,-0.05609379046671009,-0.11792596685190686,0.055708001205097446,-0.20532841897322385
2020-07-21,0.23256534988675892,0.3005216053374186,0.06795625545065971,140269,603138,-7.652540948790976e-05,0.009128280260266299,0.2619505235672562,0.38491480255188565,0.12296427898462947,48656,185745,0.022965733779907627,0.03380109549412167,2020-07-21,0.016376120146013307,-0.07401485354884052,0.038416438075909554,-0.12168308949338291,0.09039097369485383,-0.023042259189395536,-7.652540948790976e-05,-0.010634728472067478,-0.0034258398420470015,0.003299405465347488,0.022965733779907627,0.026517309417111473,0.004992477714084842,0.050789583672702254,2020-08-18,-0.03689156862992038,-0.08384488287602695,0.06028454359516644,-0.08606472030462431,-0.05713107478152188,-0.09644258860673857,0.08410731815949468,-0.1902684827656662
2020-07-28,0.19567378125683854,0.2671003242408904,0.07142654298405189,117136,598629,-0.03689156862992038,-0.0383544064542443,0.17810564069122922,0.31494946201499835,0.13684382132376915,32775,184020,-0.08384488287602695,-0.08549893671431263,2020-07-28,0.06028454359516644,-0.08606472030462431,0.09336923674116093,-0.1982732435748007,0.14634926389979075,0.046953314246106576,-0.03689156862992038,-7.652540948790976e-05,-0.010634728472067478,-0.0034258398420470015,-0.08384488287602695,0.022965733779907627,0.026517309417111473,0.004992477714084842,2020-08-25,0.006292269394862937,-0.021790412035140233,0.03128768840505902,-0.03168502879897872,-0.037560098303455774,0.02484589716765337,-0.013864368563002216,-0.09764992544395934
2020-08-04,0.20196605065170148,0.2943148991611446,0.09234884850944312,113472,561837,0.006292269394862937,-0.0061206523573031045,0.156315228656089,0.2820894578327908,0.12577422917670183,32127,205527,-0.021790412035140233,-0.0035213563743071406,2020-08-04,0.03128768840505902,-0.03168502879897872,0.11472849290782872,-0.23988670461217065,0.06297271720403774,0.02808268143000317,0.006292269394862937,-0.03689156862992038,-7.652540948790976e-05,-0.010634728472067478,-0.021790412035140233,-0.08384488287602695,0.022965733779907627,0.026517309417111473,2020-09-01,-0.02541796582216474,-0.035256405720647296,-0.05224035094114132,-0.013563816320780298,-0.023508343569043688,0.06950168823737388,-0.02423775117430882,-0.09928781863755942
2020-08-11,0.17654808482953674,0.28086998165701327,0.10432189682747653,97692,553345,-0.02541796582216474,-0.028086437881449603,0.12105882293544169,0.2592581373157839,0.1381993143803422,23978,198069,-0.035256405720647296,-0.0396492918205394,2020-08-11,-0.05224035094114132,-0.013563816320780298,0.055708001205097446,-0.20532841897322385,-0.038676534620361025,0.009838439898482557,-0.02541796582216474,0.006292269394862937,-0.03689156862992038,-7.652540948790976e-05,-0.035256405720647296,-0.021790412035140233,-0.08384488287602695,0.022965733779907627,2020-09-08,-0.001113809724299697,0.04444911202507591,0.04477543710041054,-0.058954917341282886,0.010537197084584005,0.10426210718009944,0.007474446450859595,-0.051610959800708844
2020-08-18,0.17543427510523704,0.2775978382750317,0.10216356316979468,95438,544010,-0.001113809724299697,-0.004073408090793267,0.1655079349605176,0.3010821100376096,0.135574175077092,32257,194897,0.04444911202507591,0.04179856514648936,2020-08-18,0.04477543710041054,-0.058954917341282886,0.08410731815949468,-0.1902684827656662,0.10373035444169343,-0.04556292174937561,-0.001113809724299697,-0.02541796582216474,0.006292269394862937,-0.03689156862992038,0.04444911202507591,-0.035256405720647296,-0.021790412035140233,-0.08384488287602695,2020-09-15,-0.017320592151854275,0.037443602898364986,-0.03768714312733046,0.006553837017082564,0.016469684820487357,0.07627608814335746,-0.025456778491348864,-2.0085795865210088e-05
2020-08-25,0.15811368295338277,0.2640811095211567,0.10596742656777393,86849,549282,-0.017320592151854275,-0.0157883127148398,0.2029515378588826,0.32936988024366975,0.12641834238478716,38080,187631,0.037443602898364986,0.029877319815081814,2020-08-25,-0.03768714312733046,0.006553837017082564,-0.013864368563002216,-0.09764992544395934,-0.04424098014441302,-0.05476419505021926,-0.017320592151854275,-0.001113809724299697,-0.02541796582216474,0.006292269394862937,0.037443602898364986,0.04444911202507591,-0.035256405720647296,-0.021790412035140233,2020-09-22,0.020344024129275023,0.022865379034580274,0.02091430579375242,-0.0333229219925788,-0.016680703341417025,0.028164048431868982,-0.014283219225180055,0.06862435440531156
2020-09-01,0.1784577070826578,0.2687126623139506,0.09025495523129282,97742,547704,0.020344024129275023,0.019831343462920686,0.22581691689346287,0.37160331392798995,0.1457863970345271,37587,166449,0.022865379034580274,-0.002627497588351605,2020-09-01,0.02091430579375242,-0.0333229219925788,-0.02423775117430882,-0.09928781863755942,0.05423722778633122,-0.002521354905305251,0.020344024129275023,-0.017320592151854275,-0.001113809724299697,-0.02541796582216474,0.022865379034580274,0.037443602898364986,0.04444911202507591,-0.035256405720647296,2020-09-29,0.008627574831462953,-0.0004959867779217308,-0.020528153315972908,0.03411304251607028,-0.010654237641196607,0.0009420527711441473,-0.03777566488323192,0.11217571075313648
2020-09-08,0.18708528191412074,0.27899550996758493,0.09191022805346422,104292,557457,0.008627574831462953,0.011959014358120445,0.22532093011554113,0.3770716581441717,0.15175072802863054,35824,158991,-0.0004959867779217308,-0.010591832933811558,2020-09-08,-0.020528153315972908,0.03411304251607028,0.007474446450859595,-0.051610959800708844,-0.05464119583204319,0.009123561609384684,0.008627574831462953,0.020344024129275023,-0.017320592151854275,-0.001113809724299697,-0.0004959867779217308,0.022865379034580274,0.037443602898364986,0.04444911202507591,2020-10-06,0.004818678011603655,0.016463092988333927,0.011844212158202083,-0.007364043336439252,-0.01678351161235045,0.0015062675382367385,-0.022254691715165364,0.10787702409717248
2020-09-15,0.1919039599257244,0.2877246620892171,0.09582070216349269,111098,578925,0.004818678011603655,0.012209013430632317,0.24178402310387506,0.38945916488605087,0.14767514178217578,39265,162397,0.016463092988333927,0.021642734494405343,2020-09-15,0.011844212158202083,-0.007364043336439252,-0.025456778491348864,-2.0085795865210088e-05,0.019208255494641335,-0.011644414976730272,0.004818678011603655,0.008627574831462953,0.020344024129275023,-0.017320592151854275,0.016463092988333927,-0.0004959867779217308,0.022865379034580274,0.037443602898364986,2020-10-13,-0.05047098031375866,-0.010668436813123489,-0.02651358386116165,0.07519827721825934,-0.044070547958559,-0.026023260033642526,-0.031732849229530125,0.0832301394856354
2020-09-22,0.14143297961196574,0.25121683970709024,0.10978386009512447,81448,575877,-0.05047098031375866,-0.05121561514876711,0.23111558629075157,0.389764926412848,0.15864934012209642,36495,157908,-0.010668436813123489,-0.017056965338029643,2020-09-22,-0.02651358386116165,0.07519827721825934,-0.014283219225180055,0.06862435440531156,-0.10171186107942098,-0.03980254350063517,-0.05047098031375866,0.004818678011603655,0.008627574831462953,0.020344024129275023,-0.010668436813123489,0.016463092988333927,-0.0004959867779217308,0.022865379034580274,2020-10-20,0.02637048982949544,-0.0043566166261445605,-0.0025781398642994446,0.010228434355246119,0.01943047694966113,0.022139188963453516,0.0033529291749658796,-0.006688610574327125
2020-09-29,0.16780346944146118,0.24950390827815275,0.08170043883669158,94372,562396,0.02637048982949544,0.02244229236451534,0.226758969664607,0.37607750400488216,0.14931853434027512,35671,157308,-0.0043566166261445605,-0.005218228335486486,2020-09-29,-0.0025781398642994446,0.010228434355246119,-0.03777566488323192,0.11217571075313648,-0.012806574219545563,0.030727106455640002,0.02637048982949544,-0.05047098031375866,0.004818678011603655,0.008627574831462953,-0.0043566166261445605,-0.010668436813123489,0.016463092988333927,-0.0004959867779217308,2020-10-27,0.0024983008603091106,6.822798917086037e-05,-0.005007180147906354,0.02981435586010628,0.013824271688865075,0.032549656931468995,0.004647144868158648,-0.005523163646734108
2020-10-06,0.1703017703017703,0.25083025083025084,0.08052848052848052,94612,555555,0.0024983008603091106,0.0004267455671804209,0.22682719765377787,0.3838851586015281,0.15705796094775026,35268,155484,6.822798917086037e-05,-0.0025618531797492817,2020-10-06,-0.005007180147906354,0.02981435586010628,-0.022254691715165364,0.10787702409717248,-0.03482153600801263,0.00243007287113825,0.0024983008603091106,0.02637048982949544,-0.05047098031375866,0.004818678011603655,6.822798917086037e-05,-0.0043566166261445605,-0.010668436813123489,0.016463092988333927,2020-11-03,-0.022468358334604893,-0.011066434583545337,0.002366054643837323,-0.03201092794797633,-0.003819889742125382,0.0386115464985837,0.0090955380381601,-0.02305579321333262
2020-10-13,0.1478334119671654,0.2497645504223631,0.10193113845519769,81781,553197,-0.022468358334604893,-0.023095823095823097,0.21576076307023254,0.3788929413475092,0.16313217827727666,34134,158203,-0.011066434583545337,-0.007293354943273906,2020-10-13,0.002366054643837323,-0.03201092794797633,-0.031732849229530125,0.0832301394856354,0.034376982591813654,-0.011401923751059556,-0.022468358334604893,0.0024983008603091106,0.02637048982949544,-0.05047098031375866,-0.011066434583545337,6.822798917086037e-05,-0.0043566166261445605,-0.010668436813123489,2020-11-10,0.01303004459446147,0.03749401218397255,0.008572194543334355,-0.014720472841703192,-0.0020974621343956,0.04665287209114313,-0.011658955599710197,-0.008987561943348599
2020-10-20,0.16086345656162687,0.2648487636613599,0.10398530709973304,90565,562993,0.01303004459446147,0.015878611055374487,0.2532547752542051,0.3917704076784187,0.13851563242421364,39975,157845,0.03749401218397255,0.036920918060972294,2020-10-20,0.008572194543334355,-0.014720472841703192,0.0033529291749658796,-0.006688610574327125,0.023292667385037547,-0.024463967589511082,0.01303004459446147,-0.022468358334604893,0.0024983008603091106,0.02637048982949544,0.03749401218397255,-0.011066434583545337,6.822798917086037e-05,-0.0043566166261445605,2020-11-17,0.020764284568699387,0.0060538513418709194,-0.0012839241711066762,0.011393881282839136,0.0013637120544012504,0.015170789440275945,-0.015460603106378201,-0.0032226581843910473
2020-10-27,0.18162774113032626,0.2658940987698342,0.08426635763950793,101875,560900,0.020764284568699387,0.020089059721879313,0.259308626596076,0.39296792276549364,0.13365929616941763,41632,160550,0.0060538513418709194,0.01049764008996167,2020-10-27,-0.0012839241711066762,0.011393881282839136,0.004647144868158648,-0.005523163646734108,-0.012677805453945812,0.014710433226828468,0.020764284568699387,0.01303004459446147,-0.022468358334604893,0.0024983008603091106,0.0060538513418709194,0.03749401218397255,-0.011066434583545337,6.822798917086037e-05,2020-11-24,-0.015145860570681347,0.006130117556285564,-0.0005587869779049015,0.012281726293507766,-0.027917630604133686,-0.00231259964841668,-0.05411381754721312,-0.004509400987402934
2020-11-03,0.1664818805596449,0.25715984977256623,0.09067796921292132,90695,544774,-0.015145860570681347,-0.019932251738277767,0.26543874415236157,0.389477186869972,0.12403844271761044,40683,153267,0.006130117556285564,-0.005910931174089069,2020-11-03,-0.0005587869779049015,0.012281726293507766,0.0090955380381601,-0.02305579321333262,-0.012840513271412668,-0.02127597812696691,-0.015145860570681347,0.020764284568699387,0.01303004459446147,-0.022468358334604893,0.006130117556285564,0.0060538513418709194,0.03749401218397255,-0.011066434583545337,2020-12-01,-0.02074593072687511,-0.003025108990985903,-0.018388438994032974,-0.01794269667799231,-0.007492433639144286,0.01483584697986745,-0.050082110947377245,-0.04382365074706396
2020-11-10,0.1457359498327698,0.23765684109387358,0.09192089126110377,79783,547449,-0.02074593072687511,-0.020030324501536415,0.26241363516137567,0.3840114572514209,0.12159782209004523,40677,155011,-0.003025108990985903,-3.9147370275401747e-05,2020-11-10,-0.018388438994032974,-0.01794269667799231,-0.011658955599710197,-0.008987561943348599,-0.00044574231604066483,-0.01772082173588921,-0.02074593072687511,-0.015145860570681347,0.020764284568699387,0.01303004459446147,-0.003025108990985903,0.006130117556285564,0.0060538513418709194,0.03749401218397255,2020-12-08,0.01649121878325832,0.006011929533105365,0.0047705470366663505,-0.00895556908274564,0.034077341767171976,0.013918386980323438,-0.0009112864307638802,-0.018149255353707705
2020-11-17,0.16222716861602812,0.2502990854353016,0.08807191681927348,90447,557533,0.01649121878325832,0.01947944009396309,0.26842556469448103,0.3974666401610218,0.12904107546654076,43209,160972,0.006011929533105365,0.016334324660830523,2020-11-17,0.0047705470366663505,-0.00895556908274564,-0.015460603106378201,-0.0032226581843910473,0.01372611611941199,0.010479289250152957,0.01649121878325832,-0.02074593072687511,-0.015145860570681347,0.020764284568699387,0.006011929533105365,-0.003025108990985903,0.006130117556285564,0.0060538513418709194,2020-12-15,-0.00851705808983555,-0.011429537746821705,-0.03993713861194159,0.010107138479827249,0.02288419364108804,0.004402802379090354,-0.014610450175821299,-0.01724547441673341
2020-11-24,0.15371011052619257,0.24764026488825813,0.09393015436206559,85348,555253,-0.00851705808983555,-0.009145646984124706,0.25699602694765933,0.3874034498926536,0.1304074229449942,41657,162092,-0.011429537746821705,-0.00964142832293815,2020-11-24,-0.03993713861194159,0.010107138479827249,-0.05411381754721312,-0.004509400987402934,-0.05004427709176884,0.0029124796569861555,-0.00851705808983555,0.01649121878325832,-0.02074593072687511,-0.015145860570681347,-0.011429537746821705,0.006011929533105365,-0.003025108990985903,0.006130117556285564,2020-12-21,0.005279336394308054,0.023278564184569694,0.00347291962193097,-0.027032523466153258,0.039103686242173724,0.01864312870176482,0.036418234313381426,-0.08326365415125947
2020-12-01,0.15898944692050063,0.24988012088275635,0.09089067396225574,85543,538042,0.005279336394308054,0.0003511912587595204,0.280274591132229,0.42245294411046647,0.14217835297823747,42706,152372,0.023278564184569694,0.006471633393381537,2020-12-01,0.00347291962193097,-0.027032523466153258,-0.050082110947377245,-0.04382365074706396,0.030505443088084228,-0.01799922779026164,0.005279336394308054,-0.00851705808983555,0.01649121878325832,-0.02074593072687511,0.023278564184569694,-0.011429537746821705,0.006011929533105365,-0.003025108990985903,2020-12-29,0.02082384467944115,-0.0039425689905299155,0.03078238552258039,0.007731698715363944,0.036898866457667434,-0.009741769784092802,0.03561403390895901,-0.053972509040664196
2020-12-08,0.17981329159994178,0.26904207308196243,0.08922878148202067,98811,549520,0.02082384467944115,0.02465978492385353,0.2763320221416991,0.4266669250295503,0.15033490288785112,42782,154821,-0.0039425689905299155,0.000498779303284068,2020-12-08,0.03078238552258039,0.007731698715363944,-0.0009112864307638802,-0.018149255353707705,0.023050686807216447,0.024766413669971066,0.02082384467944115,0.005279336394308054,-0.00851705808983555,0.01649121878325832,-0.0039425689905299155,0.023278564184569694,-0.011429537746821705,0.006011929533105365,2021-01-05,0.005298070657174386,-0.00350365506812772,-0.008928616708391068,-0.008051788145771344,0.025093473879379297,-0.015600792915256678,0.04113644827961682,-0.07654921851478003
2020-12-15,0.18511136225711616,0.2759999709284367,0.09088860867132054,101879,550366,0.005298070657174386,0.005583054301936235,0.2728283670735714,0.42130436980311875,0.14847600272954736,43180,158268,-0.00350365506812772,0.00257071069170203,2020-12-15,-0.008928616708391068,-0.008051788145771344,-0.014610450175821299,-0.01724547441673341,-0.0008768285626197247,0.008801725725302106,0.005298070657174386,0.02082384467944115,0.005279336394308054,-0.00851705808983555,-0.00350365506812772,-0.0039425689905299155,0.023278564184569694,-0.011429537746821705,2021-01-12,0.0077024345112501336,0.002810788575852763,0.011091545877261133,-0.05591104125469881,-0.044285712166573316,-0.026146840546367844,0.001034262443766032,-0.03852378023966496
2020-12-21,0.1928137967683663,0.28210189935606284,0.08928810258769654,108124,560769,0.0077024345112501336,0.011346994545447938,0.27563915564942415,0.41743777640345864,0.14179862075403446,47244,171398,0.002810788575852763,0.025677963959865546,2020-12-21,0.011091545877261133,-0.05591104125469881,0.036418234313381426,-0.08326365415125947,0.06700258713195995,0.004891645935397371,0.0077024345112501336,0.005298070657174386,0.02082384467944115,0.005279336394308054,0.002810788575852763,-0.00350365506812772,-0.0039425689905299155,0.023278564184569694,2021-01-19,0.003074516609801764,-0.005106334301287929,0.002668719217508553,0.002258621644442016,-0.04859308112356553,-0.03499827749776083,-0.01894106438474008,0.022941105096790704
2020-12-29,0.19588831337816806,0.2869679770818132,0.09107966370364513,108995,556414,0.003074516609801764,0.001553224233151262,0.2705328213481362,0.4242342273473012,0.153701405999165,46006,170057,-0.005106334301287929,-0.007222954760265581,2020-12-29,0.002668719217508553,0.002258621644442016,0.03561403390895901,-0.053972509040664196,0.0004100975730665368,0.008180850911089693,0.003074516609801764,0.0077024345112501336,0.005298070657174386,0.02082384467944115,-0.005106334301287929,0.002810788575852763,-0.00350365506812772,-0.0039425689905299155,2021-01-26,0.009018452101153013,-0.009801592121693792,0.036304799893238204,-0.014845010758751886,-0.01555967786652701,-0.014409399856594618,-0.015601716452198211,0.015208371942822208
2021-01-05,0.20490676547932107,0.2937238964435882,0.08881713096426713,116569,568888,0.009018452101153013,0.013612166480354557,0.26073122922644243,0.41640862475497853,0.15567739552853613,45890,176005,-0.009801592121693792,-0.0006821242289350042,2021-01-05,0.036304799893238204,-0.014845010758751886,0.04113644827961682,-0.07654921851478003,0.05114981065199009,0.018820044222846805,0.009018452101153013,0.003074516609801764,0.0077024345112501336,0.005298070657174386,-0.009801592121693792,-0.005106334301287929,0.002810788575852763,-0.00350365506812772,2021-02-02,-0.06408111538877823,-0.014049702699238886,-0.04903080254424186,0.02997365012934372,-0.03610649010053102,-0.04582016829845026,-0.06064168035736106,-0.015623159092524208
2021-01-12,0.14082565009054285,0.23591005475773033,0.09508440466718748,78234,555538,-0.06408111538877823,-0.06738584747788669,0.24668152652720354,0.4105379543970876,0.16385642786988408,41944,170033,-0.014049702699238886,-0.022419817618817648,2021-01-12,-0.04903080254424186,0.02997365012934372,0.001034262443766032,-0.03852378023966496,-0.07900445267358558,-0.05003141268953934,-0.06408111538877823,0.009018452101153013,0.003074516609801764,0.0077024345112501336,-0.014049702699238886,-0.009801592121693792,-0.005106334301287929,0.002810788575852763,2021-02-09,0.00339506555425792,-0.00604064837554022,-0.00888378095124498,0.0055538440817568535,0.032122660782269885,-0.03782761550136801,-0.011785193041103703,-0.07548024429980149
2021-01-19,0.14422071564480077,0.2349047715811058,0.09068405593630503,78071,541330,0.00339506555425792,-0.00029340927173298676,0.24064087815166332,0.39418560061355573,0.15354472246189244,40162,166896,-0.00604064837554022,-0.010480318526403697,2021-01-19,-0.00888378095124498,0.0055538440817568535,-0.01894106438474008,0.022941105096790704,-0.014437625033001833,0.00943571392979814,0.00339506555425792,-0.06408111538877823,0.009018452101153013,0.003074516609801764,-0.00604064837554022,-0.014049702699238886,-0.009801592121693792,-0.005106334301287929,2021-02-16,0.03610791986684028,0.01548254333987828,0.006008067150050422,-0.00547411150952648,-0.009123621317781355,-0.029443563066452155,-0.0254693436448461,-0.10281054947966295
2021-01-26,0.18032863551164105,0.26715665183866033,0.08682801632701927,96399,534574,0.03610791986684028,0.03385735133837031,0.2561234214915416,0.39379914224446033,0.13767572075291876,42998,167880,0.01548254333987828,0.016992618157415398,2021-01-26,0.006008067150050422,-0.00547411150952648,-0.015601716452198211,0.015208371942822208,0.011482178659576903,0.020625376526962003,0.03610791986684028,0.00339506555425792,-0.06408111538877823,0.009018452101153013,0.01548254333987828,-0.00604064837554022,-0.014049702699238886,-0.009801592121693792,2021-02-23,-0.011528360132850995,-0.04121236056354943,-0.008735164011924645,-0.0456765417940983,-0.03665911095980939,-0.03858432454968816,-0.026260481590055562,-0.10977736844993302
2021-02-02,0.16880027537879005,0.2635751936016738,0.09477491822288375,87778,520011,-0.011528360132850995,-0.016126859892175827,0.21491106092799217,0.33967605931496336,0.12476499838697118,38638,179786,-0.04121236056354943,-0.025970931617822254,2021-02-02,-0.008735164011924645,-0.0456765417940983,-0.06064168035736106,-0.015623159092524208,0.03694137778217366,0.029684000430698437,-0.011528360132850995,0.03610791986684028,0.00339506555425792,-0.06408111538877823,-0.04121236056354943,0.01548254333987828,-0.00604064837554022,-0.014049702699238886,2021-03-02,0.004148035494022678,-0.006057149902156639,-0.0001743152279845006,-0.029883435077933562,-0.07038654370824052,-0.028455825972293042,-0.058009786093119686,-0.06854893191005074
2021-02-09,0.17294831087281273,0.26588138713859744,0.09293307626578469,87640,506741,0.004148035494022678,-0.00026537900159804314,0.20885391102583553,0.3418187497211191,0.13296483869528355,37445,179288,-0.006057149902156639,-0.006635666848364166,2021-02-09,-0.0001743152279845006,-0.029883435077933562,-0.011785193041103703,-0.07548024429980149,0.02970911984994906,0.010205185396179317,0.004148035494022678,-0.011528360132850995,0.03610791986684028,0.00339506555425792,-0.006057149902156639,-0.04121236056354943,0.01548254333987828,-0.00604064837554022,2021-03-09,-0.03785121654579332,0.0023434040593756367,-0.022567931554987375,-0.021776461098104605,-0.11084280114548187,-0.03947318077008516,-0.06754943633976751,-0.01767080472821636
2021-02-16,0.1350970943270194,0.2504830860250966,0.1153859916980772,67956,503016,-0.03785121654579332,-0.038844301132136536,0.21119731508521117,0.3437976724926993,0.13260035740748813,38764,183544,0.0023434040593756367,0.00735687831868279,2021-02-16,-0.022567931554987375,-0.021776461098104605,-0.0254693436448461,-0.10281054947966295,-0.0007914704568827702,-0.04019462060516896,-0.03785121654579332,0.004148035494022678,-0.011528360132850995,0.03610791986684028,0.0023434040593756367,-0.006057149902156639,-0.04121236056354943,0.01548254333987828,2021-03-16,0.008572430224812244,0.006341781856642276,0.005216929204840959,-0.012440930479796553,-0.04879311105010832,-0.056607517986676986,-0.035637027901551654,0.01137324175660348
2021-02-23,0.14366952455183166,0.2600654715510522,0.11639594699922058,69123,481125,0.008572430224812244,0.0023200057254640014,0.21753909694185344,0.3602371339737343,0.14269803703188083,37502,172392,0.006341781856642276,-0.006875735518458789,2021-02-23,0.005216929204840959,-0.012440930479796553,-0.026260481590055562,-0.10977736844993302,0.01765785968463751,0.0022306483681699685,0.008572430224812244,-0.03785121654579332,0.004148035494022678,-0.011528360132850995,0.006341781856642276,0.0023434040593756367,-0.006057149902156639,-0.04121236056354943,2021-03-23,-0.04525579288128212,-0.031083861986154315,-0.04048446851498877,-0.004448105254216017,-0.054019977836056624,-0.08123014077837495,-0.044185700926433924,0.05768033804313877
2021-03-02,0.09841373167054954,0.22827874468959847,0.12986501301904893,45960,467008,-0.04525579288128212,-0.048143413873733436,0.18645523495569913,0.36857826699252916,0.18212303203683003,29525,158349,-0.031083861986154315,-0.046272448837533064,2021-03-02,-0.04048446851498877,-0.004448105254216017,-0.058009786093119686,-0.06854893191005074,-0.03603636326077275,-0.014171930895127804,-0.04525579288128212,0.008572430224812244,-0.03785121654579332,0.004148035494022678,-0.031083861986154315,0.006341781856642276,0.0023434040593756367,-0.006057149902156639,2021-03-30,-0.03630822194321868,-0.017074504699948756,-0.009713965474632325,0.020994692103900814,-0.006243681533705692,-0.05201815313593361,-0.030254174278786294,0.07779809199886056
2021-03-09,0.06210550972733086,0.20305737215402503,0.1409518624266942,29430,473871,-0.03630822194321868,-0.035395539262710704,0.16938073025575037,0.3555927296123532,0.18621199935660288,26326,155425,-0.017074504699948756,-0.02020221157064459,2021-03-09,-0.009713965474632325,0.020994692103900814,-0.06754943633976751,-0.01767080472821636,-0.03070865757853314,-0.019233717243269922,-0.03630822194321868,-0.04525579288128212,0.008572430224812244,-0.03785121654579332,-0.017074504699948756,-0.031083861986154315,0.006341781856642276,0.0023434040593756367,2021-04-06,0.024198473549580234,-0.01479093315721619,0.00934447688322848,0.007267585386715236,0.08135314922167777,-0.011301127686423162,0.014688932259554477,0.044655263692246816
2021-03-16,0.08630398327691109,0.21128220842156958,0.12497822514465849,41121,476467,0.024198473549580234,0.024671271295352532,0.15458979709853418,0.34708847710758556,0.19249868000905138,24594,159092,-0.01479093315721619,-0.011143638410809072,2021-03-16,0.00934447688322848,0.007267585386715236,-0.035637027901551654,0.01137324175660348,0.0020768914965132446,0.038989406706796424,0.024198473549580234,-0.03630822194321868,-0.04525579288128212,0.008572430224812244,-0.01479093315721619,-0.017074504699948756,-0.031083861986154315,0.006341781856642276,2021-04-13,0.003345563438863941,-0.018280840935055692,-0.0033317438200413108,0.033866165806738735,0.030481660469032876,0.019529155030487078,0.006630183145680313,0.031416167183420995
2021-03-23,0.08964954671577503,0.2223492502940528,0.1326997035782778,43521,485457,0.003345563438863941,0.005037074970564593,0.1363089561634785,0.3393107574935956,0.2030018013301171,21869,160437,-0.018280840935055692,-0.017128453976315593,2021-03-23,-0.0033317438200413108,0.033866165806738735,-0.044185700926433924,0.05768033804313877,-0.037197909626780046,0.021626404373919633,0.003345563438863941,0.024198473549580234,-0.03630822194321868,-0.04525579288128212,-0.018280840935055692,-0.01479093315721619,-0.017074504699948756,-0.031083861986154315,2021-04-20,0.002520503421068812,-0.0018718743437129703,-0.02655294186734114,0.01566964870150578,0.029959219166981924,0.06429900039418884,0.02845236409825791,-0.0029194242398844494
2021-03-30,0.09217005013684385,0.24182307236353598,0.14965302222669213,43073,467321,0.002520503421068812,-0.0009228417758936425,0.13443708181976552,0.3352797331389084,0.2008426513191429,20836,154987,-0.0018718743437129703,-0.006438664397863335,2021-03-30,-0.02655294186734114,0.01566964870150578,-0.030254174278786294,0.07779809199886056,-0.04222259056884692,0.0043923777647817824,0.002520503421068812,0.003345563438863941,0.024198473549580234,-0.03630822194321868,-0.0018718743437129703,-0.018280840935055692,-0.01479093315721619,-0.017074504699948756,2021-04-27,0.05128860881216479,0.02364252074956169,0.03522914106370845,-0.012148136202712934,0.014845510653766866,0.07751862062123871,0.05464485201340086,-0.03673697906016171
2021-04-06,0.14345865894900864,0.26235505111653534,0.1188963921675267,66472,463353,0.05128860881216479,0.05007050828017572,0.1580796025693272,0.3485086646872756,0.1904290621179484,24438,154593,0.02364252074956169,0.02324065889397175,2021-04-06,0.03522914106370845,-0.012148136202712934,0.014688932259554477,0.044655263692246816,0.04737727726642138,0.027646088062603102,0.05128860881216479,0.002520503421068812,0.003345563438863941,0.024198473549580234,0.02364252074956169,-0.0018718743437129703,-0.018280840935055692,-0.01479093315721619,2021-05-04,-0.02667301520306467,0.01603934955969405,0.0012857277693543168,-0.005971511122110584,-0.029445634356213196,0.09662343143377325,0.020376693979259564,-0.03098084673713819
2021-04-13,0.11678564374594397,0.2432428326167216,0.12645718887077764,53807,460733,-0.02667301520306467,-0.027333372180605282,0.17411895212902126,0.3407774919849329,0.16665853985591164,28567,164066,0.01603934955969405,0.02670884192686603,2021-04-13,0.0012857277693543168,-0.005971511122110584,0.006630183145680313,0.031416167183420995,0.007257238891464901,-0.04271236476275872,-0.02667301520306467,0.05128860881216479,0.002520503421068812,0.003345563438863941,0.01603934955969405,0.02364252074956169,-0.0018718743437129703,-0.018280840935055692,2021-05-11,0.002823122136812989,0.026489004428646074,0.018490437132536286,-0.0004694256165667099,0.046872157747159,0.0867001222047796,0.05192337638632516,-0.03597374918134122
2021-04-20,0.11960876588275696,0.24768621565360432,0.12807744977084737,56424,471738,0.002823122136812989,0.005680079351815476,0.20060795655766733,0.3658304804627553,0.16522252390508796,33987,169420,0.026489004428646074,0.0330354857191618,2021-04-20,0.018490437132536286,-0.0004694256165667099,0.02845236409825791,-0.0029194242398844494,0.018959862749102996,-0.023665882291833085,0.002823122136812989,-0.02667301520306467,0.05128860881216479,0.002520503421068812,0.026489004428646074,0.01603934955969405,0.02364252074956169,-0.0018718743437129703,2021-05-18,-0.012593205092146245,0.011347745883336896,-0.000360453952198192,-0.018147906118771484,0.05715570828184402,0.047241784089668115,0.050139324455557244,-0.03732411643103095
2021-04-27,0.10701556079061071,0.2475021392125585,0.14048657842194778,50651,473305,-0.012593205092146245,-0.012237725177958951,0.21195570244100423,0.3755377746854525,0.16358207224444832,36556,172470,0.011347745883336896,0.015163498996576555,2021-04-27,-0.000360453952198192,-0.018147906118771484,0.05464485201340086,-0.03673697906016171,0.017787452166573292,-0.02394095097548314,-0.012593205092146245,0.002823122136812989,-0.02667301520306467,0.05128860881216479,0.011347745883336896,0.026489004428646074,0.01603934955969405,0.02364252074956169,2021-05-25,0.006997463802184731,0.04274733156209623,0.0009609830295671529,-0.006392003879689412,0.1032207553743872,0.02951971646072668,0.0669878923370062,0.0034492396933063496
2021-05-04,0.11401302459279544,0.24967842480243058,0.13566540020963513,53625,470341,0.006997463802184731,0.00628347471503576,0.25470303400310046,0.39923865615629095,0.14453562215319052,42554,167073,0.04274733156209623,0.03477706267756711,2021-05-04,0.0009609830295671529,-0.006392003879689412,0.020376693979259564,-0.03098084673713819,0.007352986909256565,-0.0357498677599115,0.006997463802184731,-0.012593205092146245,0.002823122136812989,-0.02667301520306467,0.04274733156209623,0.011347745883336896,0.026489004428646074,0.01603934955969405,2021-06-01,0.049644776900307525,0.006116040330700401,0.03283241017641991,-0.010964413566313613,0.11078961155861974,-0.03157455096303727,0.06574587486386196,0.015348364156777539
2021-05-11,0.16365780149310297,0.2632782092389506,0.09962040774584764,81615,498693,0.049644776900307525,0.059510015074169594,0.26081907433380086,0.41145582047685836,0.1506367461430575,46491,178250,0.006116040330700401,0.023564549628006918,2021-05-11,0.03283241017641991,-0.010964413566313613,0.05192337638632516,-0.03597374918134122,0.043796823742733526,0.043528736569607124,0.049644776900307525,0.006997463802184731,-0.012593205092146245,0.002823122136812989,0.006116040330700401,0.04274733156209623,0.011347745883336896,0.026489004428646074,2021-06-08,0.01310667267149801,-0.012969333686465412,0.01670638520176837,-0.0018197928662564422,0.05523464307423151,-0.031519297769077664,0.029647955506284518,0.031988029317457034
2021-05-18,0.17676447416460098,0.27243135220307063,0.09566687803846967,91990,520410,0.01310667267149801,0.020804382656263474,0.24784974064733545,0.4057409997467044,0.15789125909936896,45011,181606,-0.012969333686465412,-0.008302945301542778,2021-05-18,0.01670638520176837,-0.0018197928662564422,0.050139324455557244,-0.03732411643103095,0.018526178068024812,0.02607600635796342,0.01310667267149801,0.049644776900307525,0.006997463802184731,-0.012593205092146245,-0.012969333686465412,0.006116040330700401,0.04274733156209623,0.011347745883336896,2021-06-15,0.033471842000396934,-0.006374321745604539,0.01648811392925076,0.022625450005565817,0.024832186718873606,-0.019994406778659185,-0.00567184908617957,0.01363377009233524
2021-05-25,0.2102363161649979,0.2819916732658518,0.07175535710085384,107255,510164,0.033471842000396934,0.029332641571068966,0.2414754189017309,0.4016424265885085,0.16016700768677763,43666,180830,-0.006374321745604539,-0.007406142968844642,2021-05-25,0.01648811392925076,0.022625450005565817,0.0669878923370062,0.0034492396933063496,-0.006137336076315059,0.03984616374600147,0.033471842000396934,0.01310667267149801,0.049644776900307525,0.006997463802184731,-0.006374321745604539,-0.012969333686465412,0.006116040330700401,0.04274733156209623,2021-06-22,0.014566319986417275,-0.018346935861667718,-0.0002810344435770773,0.005507120583781777,-0.0724736162487094,-0.07339633089526545,-0.06800991527071432,0.017917691247261835
2021-06-01,0.22480263615141519,0.30104374915678317,0.07624111300536797,109973,489198,0.014566319986417275,0.0053276985439976166,0.2231284830400632,0.38461538461538464,0.16148690157532142,40679,182312,-0.018346935861667718,-0.01651827683459603,2021-06-01,-0.0002810344435770773,0.005507120583781777,0.06574587486386196,0.015348364156777539,-0.0057881550273588545,0.032913255848084993,0.014566319986417275,0.033471842000396934,0.01310667267149801,0.049644776900307525,-0.018346935861667718,-0.006374321745604539,-0.012969333686465412,0.006116040330700401,2021-06-29,-0.0059101915840807095,0.006171293524660004,-0.003265509181157533,0.005675251594365882,-0.0894091298870778,-0.01402582836430788,-0.07630690951108932,0.0021568395191100542
2021-06-08,0.21889244456733448,0.29487575682412404,0.07598331225678956,107664,491858,-0.0059101915840807095,-0.004719970237000152,0.2292997765647232,0.3686952570046689,0.13939548043994568,42384,184841,0.006171293524660004,0.009352099697222345,2021-06-08,-0.003265509181157533,0.005675251594365882,0.029647955506284518,0.031988029317457034,-0.008940760775523415,-0.012081485108740714,-0.0059101915840807095,0.014566319986417275,0.033471842000396934,0.01310667267149801,0.006171293524660004,-0.018346935861667718,-0.006374321745604539,-0.012969333686465412,2021-07-06,-0.017295783683859894,-0.0014444426960469325,-0.018613419390695718,-0.020174052091378236,-0.05152842783093281,-0.006682485703742136,-0.05327807008864216,0.002113338019339217
2021-06-15,0.20159666088347458,0.288561151528658,0.08696449064518347,96792,480127,-0.017295783683859894,-0.022103940568212778,0.22785533386867626,0.37383408487244424,0.145978751003768,44265,194268,-0.0014444426960469325,0.010176313696636569,2021-06-15,-0.018613419390695718,-0.020174052091378236,-0.00567184908617957,0.01363377009233524,0.0015606327006825182,-0.015851340987812962,-0.017295783683859894,-0.0059101915840807095,0.014566319986417275,0.033471842000396934,-0.0014444426960469325,0.006171293524660004,-0.018346935861667718,-0.006374321745604539,2021-07-13,-0.06383396096718608,-0.05977624586221081,-0.04584995225528399,0.026909371160492412,-0.02755198946487264,-0.0070717476787202915,-0.028142981081187735,0.0350189583912095
2021-06-22,0.1377626999162885,0.2424064854386042,0.10464378552231572,62536,453940,-0.06383396096718608,-0.07134778923076603,0.16807908800646545,0.32083117533565164,0.1527520873291862,29532,175703,-0.05977624586221081,-0.07583853233677189,2021-06-22,-0.04584995225528399,0.026909371160492412,-0.06800991527071432,0.017917691247261835,-0.0727593234157764,-0.004057715104975268,-0.06383396096718608,-0.017295783683859894,-0.0059101915840807095,0.014566319986417275,-0.05977624586221081,-0.0014444426960469325,0.006171293524660004,-0.018346935861667718,2021-07-20,-0.0023691936519511236,0.04102356666928986,-0.008578028683952077,-0.010253731144370004,0.046588600744235015,0.0037809832889095785,0.018711065459094733,0.04893260339892436
2021-06-29,0.13539350626433738,0.25462766896064937,0.11923416269631198,61382,453360,-0.0023691936519511236,-0.0025421861920077544,0.2091026546757553,0.36233682750017504,0.1532341728244197,32854,157119,0.04102356666928986,0.01890690540286734,2021-06-29,-0.008578028683952077,-0.010253731144370004,-0.07630690951108932,0.0021568395191100542,0.0016757024604179271,-0.04339276032124098,-0.0023691936519511236,-0.06383396096718608,-0.017295783683859894,-0.0059101915840807095,0.04102356666928986,-0.05977624586221081,-0.0014444426960469325,0.006171293524660004,2021-07-27,0.031970510472064284,0.013514636185225748,0.019763330241289623,0.005631750094595045,0.04499902692824859,-0.07034895806933947,0.021664966935934338,0.06137137114875957
2021-07-06,0.16736401673640167,0.28169794186912717,0.1143339251327255,77960,465811,0.031970510472064284,0.03656696664902065,0.22261729086098106,0.38661459393445957,0.16399730307347854,34999,157216,0.013514636185225748,0.013652072632845168,2021-07-06,0.019763330241289623,0.005631750094595045,-0.05327807008864216,0.002113338019339217,0.014131580146694578,0.018455874286838536,0.031970510472064284,-0.0023691936519511236,-0.06383396096718608,-0.017295783683859894,0.013514636185225748,0.04102356666928986,-0.05977624586221081,-0.0014444426960469325,2021-08-03,0.006680654682200277,-0.0018337046710250882,0.006521669616758707,0.012731568280492045,0.017688169656220387,-0.048809525942652254,0.008115979346620783,0.031076672379325654
2021-07-13,0.17404467141860194,0.27418021048894914,0.1001355390703472,86291,495798,0.006680654682200277,0.017884936165097003,0.22078358618995597,0.3842817342064267,0.1634981480164707,34155,154699,-0.0018337046710250882,-0.005368410339914513,2021-07-13,0.006521669616758707,0.012731568280492045,-0.028142981081187735,0.0350189583912095,-0.0062098986637333375,0.008514359353225365,0.006680654682200277,0.031970510472064284,-0.0023691936519511236,-0.06383396096718608,-0.0018337046710250882,0.013514636185225748,0.04102356666928986,-0.05977624586221081,2021-08-10,0.010306629241921578,-0.04892351489458094,0.0010040942849984802,0.04082301616820727,-0.09986062676107688,-0.1447921044855201,-0.04502405095774531,0.06273871528600417
2021-07-20,0.18435130066052352,0.27555043627171166,0.09119913561118813,90428,490520,0.010306629241921578,0.008344124018249367,0.17186007129537503,0.3506454142314003,0.17878534293602524,26082,151763,-0.04892351489458094,-0.05218521128126232,2021-07-20,0.0010040942849984802,0.04082301616820727,0.018711065459094733,0.04893260339892436,-0.03981892188320879,0.059230144136502516,0.010306629241921578,0.006680654682200277,0.031970510472064284,-0.0023691936519511236,-0.04892351489458094,-0.0018337046710250882,0.013514636185225748,0.04102356666928986,2021-08-17,-0.003958767467937552,-0.03310637468895919,-0.005624127207112473,0.002185036605465207,-0.06266268000283069,-0.10844385156516213,-0.014389582123279787,0.0406864938620326
2021-07-27,0.18039253319258597,0.26317157383138706,0.0827790406388011,90230,500187,-0.003958767467937552,-0.00040365326592187883,0.13875369660641584,0.3371437664938268,0.19839006988741098,20926,150814,-0.03310637468895919,-0.033974025289431546,2021-07-27,-0.005624127207112473,0.002185036605465207,0.021664966935934338,0.06137137114875957,-0.00780916381257768,0.029147607221021637,-0.003958767467937552,0.010306629241921578,0.006680654682200277,0.031970510472064284,-0.03310637468895919,-0.04892351489458094,-0.0018337046710250882,0.013514636185225748,2021-08-24,0.004659653200036085,0.03505406831191296,0.006214342651976068,-0.02466294867483887,-0.03092003772466717,-0.0678547129764466,0.0012459075292854394,0.04032722115221343
2021-08-03,0.18505218639262205,0.27368772173297123,0.08863553534034917,89873,485663,0.004659653200036085,-0.0007137330638341261,0.1738077649183288,0.3480122575173055,0.17420449259897672,25410,146196,0.03505406831191296,0.029731987746495683,2021-08-03,0.006214342651976068,-0.02466294867483887,0.008115979346620783,0.031076672379325654,0.030877291326814937,-0.030394415111876877,0.004659653200036085,-0.003958767467937552,0.010306629241921578,0.006680654682200277,0.03505406831191296,-0.03310637468895919,-0.04892351489458094,-0.0018337046710250882,2021-08-31,-0.11086814173509699,-0.09781628321389295,-0.046618360687607385,0.044393611187170556,-0.02398946467182214,-0.08672630298853039,0.0011792969322623748,0.06842422012288862
2021-08-10,0.07418404465752507,0.234460388238844,0.16027634358131895,35403,477232,-0.11086814173509699,-0.11215595999695262,0.07599148170443586,0.3018363529267077,0.22584487122227184,11740,154491,-0.09781628321389295,-0.09350461024925442,2021-08-10,-0.046618360687607385,0.044393611187170556,-0.04502405095774531,0.06273871528600417,-0.09101197187477794,-0.013051858521204038,-0.11086814173509699,0.004659653200036085,-0.003958767467937552,0.010306629241921578,-0.09781628321389295,0.03505406831191296,-0.03310637468895919,-0.04892351489458094,2021-09-07,0.04750457600016776,-0.012575261974222957,0.031638563119464,0.018770794744235708,0.05919940983483046,0.05172159494783769,0.03606073762382067,-0.00428007643430961
2021-08-17,0.12168862065769283,0.24155638176256733,0.1198677611048745,59078,485485,0.04750457600016776,0.049608995205686124,0.0634162197302129,0.3135186088087112,0.2501023890784983,9755,153825,-0.012575261974222957,-0.01284864490488119,2021-08-17,0.031638563119464,0.018770794744235708,-0.014389582123279787,0.0406864938620326,0.012867768375228295,0.06007983797439072,0.04750457600016776,-0.11086814173509699,0.004659653200036085,-0.003958767467937552,-0.012575261974222957,-0.09781628321389295,0.03505406831191296,-0.03310637468895919,2021-09-14,0.02778387481022597,0.007482763899756342,0.010011362445452754,0.0018257638956460376,0.018967360509707196,0.036811473453222415,0.011018939068575762,0.0019279326875412117
2021-08-24,0.1494724954679188,0.25089601474040835,0.10142351927248952,75444,504735,0.02778387481022597,0.03371061927762959,0.07089898362996924,0.3209540397872497,0.2500550561572804,10624,149847,0.007482763899756342,0.005649276775556639,2021-08-24,0.010011362445452754,0.0018257638956460376,0.0012459075292854394,0.04032722115221343,0.008185598549806716,0.020301110910469627,0.02778387481022597,0.04750457600016776,-0.11086814173509699,0.004659653200036085,0.007482763899756342,-0.012575261974222957,-0.09781628321389295,0.03505406831191296,2021-09-21,0.011590226252881114,0.016182478299829176,0.0061477320549530035,0.0034340502958363217,-0.05440892561210517,-0.061897836155443864,-0.015596842567633828,0.042201151178876906
2021-08-31,0.1610627217207999,0.2692792336224865,0.1082165119016866,81677,507113,0.011590226252881114,0.012349054454317613,0.08708146192979842,0.3477298367355627,0.2606483748057643,12273,140937,0.016182478299829176,0.011004557982475459,2021-08-31,0.0061477320549530035,0.0034340502958363217,0.0011792969322623748,0.06842422012288862,0.0027136817591166817,-0.0045922520469480616,0.011590226252881114,0.02778387481022597,0.04750457600016776,-0.11086814173509699,0.016182478299829176,0.007482763899756342,-0.012575261974222957,-0.09781628321389295,2021-09-28,-0.027679267228444382,0.04063161472247513,-0.011736919996049089,-0.028310685370027677,-0.0981911784231456,-0.06229301486551306,-0.04606830895242897,0.01732657204558352
2021-09-07,0.13338345449235553,0.2546391671205197,0.12125571262816415,67595,506772,-0.027679267228444382,-0.02776895879222185,0.12771307665227355,0.3549613110419795,0.22724823438970593,17776,139187,0.04063161472247513,0.039045814796682204,2021-09-07,-0.011736919996049089,-0.028310685370027677,0.03606073762382067,-0.00428007643430961,0.01657376537397859,-0.06831088195091951,-0.027679267228444382,0.011590226252881114,0.02778387481022597,0.04750457600016776,0.04063161472247513,0.016182478299829176,0.007482763899756342,-0.012575261974222957,2021-10-05,0.007272526675044494,-0.027485383468838234,0.006596764564219093,0.02497880386608653,-0.021421421457292728,-0.09448539836832143,-0.018778826570048146,0.05447519567293968
2021-09-14,0.14065598116740002,0.25838935452527473,0.11773337335787469,71222,506356,0.007272526675044494,0.007157064715493358,0.10022769318343532,0.3457947915184289,0.2455670983349936,14086,140540,-0.027485383468838234,-0.02651109658229576,2021-09-14,0.006596764564219093,0.02497880386608653,0.011018939068575762,0.0019279326875412117,-0.018382039301867437,0.03475791014388273,0.007272526675044494,-0.027679267228444382,0.011590226252881114,0.02778387481022597,-0.027485383468838234,0.04063161472247513,0.016182478299829176,0.007482763899756342,2021-10-12,-0.045592411311586395,-0.09122654570890994,-0.016604419190756836,0.04209898238698173,-0.019844307736099936,-0.06395874631715553,-0.024950337829642955,0.02944373691644664
2021-09-21,0.09506356985581363,0.24307124085517437,0.14800767099936074,46844,492765,-0.045592411311586395,-0.048143993553942284,0.009001147474525378,0.33141400468609356,0.3224128572115682,1310,145537,-0.09122654570890994,-0.09090650348655187,2021-09-21,-0.016604419190756836,0.04209898238698173,-0.015596842567633828,0.042201151178876906,-0.05870340157773857,0.04563413439732354,-0.045592411311586395,0.007272526675044494,-0.027679267228444382,0.011590226252881114,-0.09122654570890994,-0.027485383468838234,0.04063161472247513,0.016182478299829176,2021-10-19,-0.03219202655815932,0.015787299589759985,-0.02432373432984214,-0.021440528837457062,0.023870776426086232,0.12629370718635,-0.0035596668271731247,-0.05271532627223641
2021-09-28,0.0628715432976543,0.24227577018200783,0.1794042268843535,30861,490858,-0.03219202655815932,-0.032435339360547114,0.024788447064285363,0.3337155237298031,0.3089270766655178,3524,142163,0.015787299589759985,0.015212626342442128,2021-09-28,-0.02432373432984214,-0.021440528837457062,-0.04606830895242897,0.01732657204558352,-0.002883205492385077,-0.047979326147919305,-0.03219202655815932,-0.045592411311586395,0.007272526675044494,-0.027679267228444382,0.015787299589759985,-0.09122654570890994,-0.027485383468838234,0.04063161472247513,2021-10-26,0.049090489737408496,0.008439231219666759,0.015552562386331736,0.008837938257328481,0.10653413821291664,0.1809736255302012,0.034152409033181286,-0.03957738527022103
2021-10-05,0.1119620330350628,0.2619840467641885,0.1500220137291257,54166,483789,0.049090489737408496,0.047478089386339836,0.03322767828395212,0.3395963166217096,0.3063686383377575,4644,139763,0.008439231219666759,0.00787828056526663,2021-10-05,0.015552562386331736,0.008837938257328481,-0.018778826570048146,0.05447519567293968,0.006714624129003255,0.040651258517741734,0.049090489737408496,-0.03219202655815932,-0.045592411311586395,0.007272526675044494,0.008439231219666759,0.015787299589759985,-0.09122654570890994,-0.027485383468838234,2021-11-02,0.008849640396237285,0.003041268582327658,0.00042525330462428457,-5.265489040651161e-05,0.055958205885696194,0.13629153752435658,0.01549394868143672,-0.025710343272723257
2021-10-12,0.12081167343130009,0.27182678134199867,0.15101510791069858,58519,484382,0.008849640396237285,0.008997724214481933,0.03626894686627978,0.34035852886953655,0.30408958200325675,5056,139403,0.003041268582327658,0.002947847427430722,2021-10-12,0.00042525330462428457,-5.265489040651161e-05,-0.024950337829642955,0.02944373691644664,0.0004779081950307962,0.005808371813909627,0.008849640396237285,0.049090489737408496,-0.03219202655815932,-0.045592411311586395,0.003041268582327658,0.008439231219666759,0.015787299589759985,-0.09122654570890994,2021-11-09,-0.0018773271494002264,0.0990259077945956,0.004786251811712994,-0.040060080801701314,0.09916118239812946,0.15246832542020633,0.039475223203273124,-0.03418901067913094
2021-10-19,0.11893434628189986,0.2563100083543564,0.13737566207245655,57799,485974,-0.0018773271494002264,-0.0014864301315903564,0.13529485466087537,0.3483127297026395,0.21301787504176412,19437,143664,0.0990259077945956,0.10316133799129143,2021-10-19,0.004786251811712994,-0.040060080801701314,-0.0035596668271731247,-0.05271532627223641,0.04484633261341431,-0.10090323494399582,-0.0018773271494002264,0.008849640396237285,0.049090489737408496,-0.03219202655815932,0.0990259077945956,0.003041268582327658,0.008439231219666759,0.015787299589759985,2021-11-16,0.05047133522867109,0.07046721793361119,0.013388341530512271,-0.008302587835441688,0.11348845967031784,0.0962607475542896,0.04416003328797924,-0.0035636146363962062
2021-10-26,0.16940568151057095,0.2771315472524196,0.10772586574184867,86362,509794,0.05047133522867109,0.058774749266421664,0.20576207259448656,0.3718436795897755,0.16608160699528893,29132,141581,0.07046721793361119,0.06748385120837509,2021-10-26,0.013388341530512271,-0.008302587835441688,0.034152409033181286,-0.03957738527022103,0.02169092936595396,-0.0199958827049401,0.05047133522867109,-0.0018773271494002264,0.008849640396237285,0.049090489737408496,0.07046721793361119,0.0990259077945956,0.003041268582327658,0.008439231219666759,2021-11-23,-0.0014854425898119528,-0.03624285678617786,-0.0031058979654128294,0.022704980254826257,0.018759149159122857,-0.00653324646278558,-0.002388309629922425,0.017933037827758902
2021-11-02,0.167920238920759,0.26977873037886907,0.10185849145811007,85239,507616,-0.0014854425898119528,-0.0022028505631686525,0.1695192158083087,0.3563871168507857,0.18686790104247705,23969,141394,-0.03624285678617786,-0.03646675754515083,2021-11-02,-0.0031058979654128294,0.022704980254826257,0.01549394868143672,-0.025710343272723257,-0.025810878220239086,0.03475741419636591,-0.0014854425898119528,0.05047133522867109,-0.0018773271494002264,0.008849640396237285,-0.03624285678617786,0.07046721793361119,0.0990259077945956,0.003041268582327658,2021-11-30,0.05205261690867055,0.019218056478177425,0.02440652782646069,-0.008531322296814192,0.005214824666446849,0.029925723794453574,-0.009980264670406136,0.02455418878044613
2021-11-09,0.21997285582942955,0.2944406987434876,0.07446784291405806,125610,571025,0.05205261690867055,0.07953059005232302,0.18873727228648612,0.3529126549837224,0.16417538269723628,27248,144370,0.019218056478177425,0.023190517277960874,2021-11-09,0.02440652782646069,-0.008531322296814192,0.039475223203273124,-0.03418901067913094,0.03293785012327488,0.032834560430493126,0.05205261690867055,-0.0014854425898119528,0.05047133522867109,-0.0018773271494002264,0.019218056478177425,-0.03624285678617786,0.07046721793361119,0.0990259077945956,2021-12-07,0.012449950122788156,0.042818329928678844,0.009471061896419108,-0.009434684758966583,-0.058266731140610845,-0.05939157917223137,-0.02650256178387078,0.05291160839519016
2021-11-16,0.2324228059522177,0.3027495380436557,0.07032673209143797,142385,612612,0.012449950122788156,0.029376997504487544,0.23155560221516497,0.3912692580247238,0.1597136558095588,35290,152404,0.042818329928678844,0.055704093648264875,2021-11-16,0.009471061896419108,-0.009434684758966583,0.04416003328797924,-0.0035636146363962062,0.01890574665538569,-0.03036837980589069,0.012449950122788156,0.05205261690867055,-0.0014854425898119528,0.05047133522867109,0.042818329928678844,0.019218056478177425,-0.03624285678617786,0.07046721793361119,2021-12-14,-0.0442579752825239,-0.03232677608346399,-0.03316000138738939,0.01319406462871342,-0.10652273269563503,-0.16690648433675165,-0.04422044313329021,0.07841973914620093
2021-11-23,0.1881648306696938,0.2720020435030358,0.08383721283334197,105339,559823,-0.0442579752825239,-0.06047220753103106,0.19922882613170098,0.3656326432418706,0.1664038171101696,29813,149642,-0.03232677608346399,-0.03593737697173303,2021-11-23,-0.03316000138738939,0.01319406462871342,-0.002388309629922425,0.017933037827758902,-0.04635406601610281,-0.011931199199059911,-0.0442579752825239,0.012449950122788156,0.05205261690867055,-0.0014854425898119528,-0.03232677608346399,0.042818329928678844,0.019218056478177425,-0.03624285678617786,2021-12-21,-0.01502976708248796,0.00021611347106129108,-0.01069785300589654,0.029326131207513484,-0.044911215786076875,-0.12370391453227071,-0.001555456517396081,0.052334349115304324
2021-11-30,0.17313506358720585,0.2584645062308693,0.08532944264366346,92085,531868,-0.01502976708248796,-0.023675340241469178,0.19944493960276227,0.3541734599972464,0.15472852039448418,27524,138003,0.00021611347106129108,-0.015296507664960372,2021-11-30,-0.01069785300589654,0.029326131207513484,-0.009980264670406136,0.02455418878044613,-0.040023984213410024,-0.015245880553549251,-0.01502976708248796,-0.0442579752825239,0.012449950122788156,0.05205261690867055,0.00021611347106129108,-0.03232677608346399,0.042818329928678844,0.019218056478177425,2021-12-28,-0.011428938898387142,-0.07009924648850752,0.007884230712996043,0.019826097317929836,-0.008739254488579762,-0.07592993740800985,0.01879506691662236,0.008872897529880408
2021-12-07,0.1617061246888187,0.2504811668973197,0.08877504220850098,80741,499307,-0.011428938898387142,-0.02132860032940504,0.12934569311425476,0.3472087982895469,0.21786310517529214,17665,136572,-0.07009924648850752,-0.07144047593168265,2021-12-07,0.007884230712996043,0.019826097317929836,-0.02650256178387078,0.05291160839519016,-0.011941866604933793,0.058670307590120374,-0.011428938898387142,-0.01502976708248796,-0.0442579752825239,0.012449950122788156,-0.07009924648850752,0.00021611347106129108,-0.03232677608346399,0.042818329928678844,2022-01-04,-0.03580605143223603,-0.06469657523584145,-0.00824681945300032,0.01607344599204419,-0.0035495475291045797,0.026738337246766164,0.016410438581814013,-0.0078015316597346285
2021-12-14,0.12590007325658267,0.24119481684861696,0.11529474359203429,63417,503709,-0.03580605143223603,-0.03469608877904776,0.0646491178784133,0.33350657377233395,0.2688574558939207,9205,142384,-0.06469657523584145,-0.06194534750900624,2021-12-14,-0.00824681945300032,0.01607344599204419,-0.04422044313329021,0.07841973914620093,-0.02432026544504451,0.02889052380360542,-0.03580605143223603,-0.011428938898387142,-0.01502976708248796,-0.0442579752825239,-0.06469657523584145,-0.07009924648850752,0.00021611347106129108,-0.03232677608346399,2022-01-11,0.017353541627034258,0.010875793721016963,0.009504985228504736,-0.012891325402183185,0.01007032834190666,0.05859758321960527,0.028894220535319093,-0.00689295405192647
2021-12-21,0.14325361488361693,0.2478206873969244,0.10456707251330748,71748,500846,0.017353541627034258,0.016539311388122903,0.07552491159943027,0.3429658656878238,0.26744095408839347,10658,141119,0.010875793721016963,0.010204798291942915,2021-12-21,0.009504985228504736,-0.012891325402183185,-0.001555456517396081,0.052334349115304324,0.02239631063068792,0.006477747906017295,0.017353541627034258,-0.03580605143223603,-0.011428938898387142,-0.01502976708248796,0.010875793721016963,-0.06469657523584145,-0.07009924648850752,0.00021611347106129108,2022-01-18,0.021142194215009152,0.04799009059532215,0.009652670428121901,-0.014135320377910432,-0.010107347422693064,0.0839243175769011,0.014090153689440221,-0.029251535843962007
2021-12-28,0.16439580909862608,0.2562112899676172,0.0918154808689911,83663,508912,0.021142194215009152,0.023789747746812393,0.12351500219475242,0.3572065757614375,0.23369157356668507,17446,141246,0.04799009059532215,0.048101247882992366,2021-12-28,0.009652670428121901,-0.014135320377910432,0.01879506691662236,0.008872897529880408,0.023787990806032333,-0.026847896380313,0.021142194215009152,0.017353541627034258,-0.03580605143223603,-0.011428938898387142,0.04799009059532215,0.010875793721016963,-0.06469657523584145,-0.07009924648850752,2022-01-25,-0.00623923193891196,0.0325690281662685,0.005499602378187696,0.0031516681283147996,0.01280904758175666,0.05713581247657892,0.023094645956311055,-0.01155885539305368
2022-01-04,0.15815657715971412,0.2471609275198571,0.08900435036014298,79508,502717,-0.00623923193891196,-0.008164476373125413,0.15608403036102092,0.369800961862372,0.21371693150135104,21777,139521,0.0325690281662685,0.03066281523016581,2022-01-04,0.005499602378187696,0.0031516681283147996,0.016410438581814013,-0.0078015316597346285,0.002347934249872896,-0.03880826010518046,-0.00623923193891196,0.021142194215009152,0.017353541627034258,-0.03580605143223603,0.0325690281662685,0.04799009059532215,0.010875793721016963,-0.06469657523584145,2022-02-01,-0.02218617556122479,-0.03283732926300234,0.0042369625005047595,0.016982023599852347,-0.06129844132080671,-0.07589547763062719,-0.007933798777404633,0.0100505552596033
2022-01-11,0.13597040159848933,0.21828638136852352,0.08231597977003419,74310,546516,-0.02218617556122479,-0.010339813453692634,0.12324670109801858,0.34834743357195275,0.22510073247393417,17802,144442,-0.03283732926300234,-0.028490334788311436,2022-01-11,0.0042369625005047595,0.016982023599852347,0.028894220535319093,-0.00689295405192647,-0.012745061099347588,0.01065115370177755,-0.02218617556122479,-0.00623923193891196,0.021142194215009152,0.017353541627034258,-0.03283732926300234,0.0325690281662685,0.04799009059532215,0.010875793721016963,2022-02-08,-0.002824134137565465,0.036202528078312785,-0.005299081617374135,-0.03524990719421872,-0.0005154271619182138,-0.05430200748495295,0.00199467154311872,-0.01682948551494423
2022-01-18,0.13314626746092387,0.22219234278677458,0.0890460753258507,71793,539204,-0.002824134137565465,-0.004605537623784116,0.15944922917633136,0.35729509133571336,0.197845862159382,23716,148737,0.036202528078312785,0.04094376981764307,2022-01-18,-0.005299081617374135,-0.03524990719421872,0.014090153689440221,-0.029251535843962007,0.029950825576844586,-0.03902666221587825,-0.002824134137565465,-0.02218617556122479,-0.00623923193891196,0.021142194215009152,0.036202528078312785,-0.03283732926300234,0.0325690281662685,0.04799009059532215,2022-02-15,0.04405858921945888,0.02120158549499998,0.018657162694992735,0.003557360072997895,0.05965237926463529,-0.048184512801019194,0.021550180940864472,0.025245331639208946
2022-01-25,0.17720485668038274,0.2458406021556501,0.06863574547526737,101375,572078,0.04405858921945888,0.05486235265317023,0.18065081467133134,0.34011292734831566,0.1594621126769843,27419,151779,0.02120158549499998,0.024896293457579485,2022-01-25,0.018657162694992735,0.003557360072997895,0.023094645956311055,-0.01155885539305368,0.01509980262199484,0.022857003724458896,0.04405858921945888,-0.002824134137565465,-0.02218617556122479,-0.00623923193891196,0.02120158549499998,0.036202528078312785,-0.03283732926300234,0.0325690281662685,2022-02-22,-0.08034672084147533,-0.10046226194093762,-0.025528842355527992,0.02476107878097178,0.050070249290625674,-0.02401091726988397,0.028053392559350243,0.014969560136021354
2022-02-01,0.09685813583890741,0.21017365537877597,0.11331551953986856,49914,515331,-0.08034672084147533,-0.0899545166917798,0.08018855273039373,0.309120534277438,0.2289319815470443,11959,149136,-0.10046226194093762,-0.10185862339322305,2022-02-01,-0.025528842355527992,0.02476107878097178,-0.007933798777404633,0.0100505552596033,-0.05028992113649977,0.020115541099462286,-0.08034672084147533,0.04405858921945888,-0.002824134137565465,-0.02218617556122479,-0.10046226194093762,0.02120158549499998,0.036202528078312785,-0.03283732926300234,2022-03-01,0.038596838597663705,-0.0112438591173281,0.014165432821028112,-0.009898017174695184,0.14456649054185933,0.18853710502640303,0.0765845000423857,-0.04045540973557982
2022-02-08,0.13545497443657112,0.22859672179735668,0.09314174736078558,69467,512842,0.038596838597663705,0.03794260387983645,0.06894469361306563,0.29347464699855474,0.22452995338548912,10161,147379,-0.0112438591173281,-0.01205610985945714,2022-02-08,0.014165432821028112,-0.009898017174695184,0.00199467154311872,-0.01682948551494423,0.024063449995723296,0.049840697714991805,0.038596838597663705,-0.08034672084147533,0.04405858921945888,-0.002824134137565465,-0.0112438591173281,-0.10046226194093762,0.02120158549499998,0.036202528078312785,2022-03-08,0.05734367228898804,0.04232002276224654,0.014256427780371617,0.006824909959934455,0.08846444946499848,0.2203299211727416,0.11544249973948517,-0.015463066443165197
2022-02-15,0.19279864672555916,0.2712456032006015,0.0784469564750423,107706,558645,0.05734367228898804,0.07456292581340841,0.11126471637531217,0.2820574894245961,0.17079277304928392,17465,156968,0.04232002276224654,0.04955929949314353,2022-02-15,0.014256427780371617,0.006824909959934455,0.021550180940864472,0.025245331639208946,0.007431517820437161,0.015023649526741498,0.05734367228898804,0.038596838597663705,-0.08034672084147533,0.04405858921945888,0.04232002276224654,-0.0112438591173281,-0.10046226194093762,0.02120158549499998,2022-03-15,0.03447645924544926,0.045375181026135206,0.025160374313478506,-0.006718411430189697,0.012084733428422756,0.18981129367663963,0.03301716245531949,-0.029320854711095024
2022-02-22,0.22727510597100842,0.29985216390182634,0.07257705793081794,138976,611488,0.03447645924544926,0.05597472455673997,0.15663989740144738,0.2854194021191487,0.1287795047177013,25649,163745,0.045375181026135206,0.05213801539167219,2022-02-22,0.025160374313478506,-0.006718411430189697,0.028053392559350243,0.014969560136021354,0.0318787857436682,-0.010898721780685947,0.03447645924544926,0.05734367228898804,0.038596838597663705,-0.08034672084147533,0.045375181026135206,0.04232002276224654,-0.0112438591173281,-0.10046226194093762,2022-03-22,0.01414952040975831,0.11208576035534937,0.02300226512750747,-0.03066389109062939,-0.03703433900652944,0.1252919675635588,0.010480662477389657,-0.014747482848021853
2022-03-01,0.24142462638076673,0.3041179337231969,0.06269330734243014,148621,615600,0.01414952040975831,0.015772999633680465,0.26872565775679674,0.3786239365656232,0.10989827880882642,42295,157391,0.11208576035534937,0.10165806589514184,2022-03-01,0.02300226512750747,-0.03066389109062939,0.0765845000423857,-0.04045540973557982,0.05366615621813686,-0.09793623994559106,0.01414952040975831,0.03447645924544926,0.05734367228898804,0.038596838597663705,0.11208576035534937,0.045375181026135206,0.04232002276224654,-0.0112438591173281,2022-03-29,-0.017505202479197124,0.020548957029010495,0.05302343251812758,0.015094326117719437,-0.052916286389713324,0.017160207751787115,-0.013748945736979934,0.013378705182474526
2022-03-08,0.2239194239015696,0.28427475559982585,0.06035533169825623,142973,638502,-0.017505202479197124,-0.009174788823911631,0.28927461478580724,0.3824925868923183,0.09321797210651106,48680,168283,0.020548957029010495,0.04056775800395194,2022-03-08,0.05302343251812758,0.015094326117719437,0.11544249973948517,-0.015463066443165197,0.03792910640040814,-0.03805415950820762,-0.017505202479197124,0.01414952040975831,0.03447645924544926,0.05734367228898804,0.020548957029010495,0.11208576035534937,0.045375181026135206,0.04232002276224654,2022-04-05,-0.01903604374758769,0.011801395266144543,-0.06816890950379406,-0.007032878307995372,-0.04265820956005434,-0.026929974790116273,-0.06621427733011753,0.023142294211351278
2022-03-15,0.20488338015398191,0.26812768679010046,0.06324430663611856,126537,617605,-0.01903604374758769,-0.025741501201249174,0.3010760100519518,0.3901022115547311,0.08902620150277933,48043,159571,0.011801395266144543,-0.003785290255105982,2022-03-15,-0.06816890950379406,-0.007032878307995372,0.03301716245531949,-0.029320854711095024,-0.06113603119579869,-0.030837439013732232,-0.01903604374758769,-0.017505202479197124,0.01414952040975831,0.03447645924544926,0.011801395266144543,0.020548957029010495,0.11208576035534937,0.045375181026135206,2022-04-12,-0.01464261318950294,-0.01914414508694562,0.0026238743355486704,0.007854960432883473,-0.002291449899965131,-0.03611029565829382,0.02691391056504777,0.006685145887571853
2022-03-22,0.19024076696447897,0.25213362393029637,0.0618928569658174,115132,605191,-0.01464261318950294,-0.018466495575651103,0.28193186496500616,0.3705485796624125,0.08861671469740634,43828,155456,-0.01914414508694562,-0.026414574076743268,2022-03-22,0.0026238743355486704,0.007854960432883473,0.010480662477389657,-0.014747482848021853,-0.005231086097334803,0.004501531897442679,-0.01464261318950294,-0.01903604374758769,-0.017505202479197124,0.01414952040975831,-0.01914414508694562,0.011801395266144543,0.020548957029010495,0.11208576035534937,2022-04-19,-0.0017324269734255715,0.003954000543577696,-0.0012273430868621205,-0.002537703060133012,-0.014187832517102233,-0.0432244190608104,0.013622264249720573,-0.0019895280535591198
2022-03-29,0.1885083399910534,0.25497066251712297,0.06646232252606954,108302,574521,-0.0017324269734255715,-0.011285693276998502,0.28588586550858386,0.3689896179683789,0.08310375245979508,42131,147370,0.003954000543577696,-0.01091627212844792,2022-03-29,-0.0012273430868621205,-0.002537703060133012,-0.013748945736979934,0.013378705182474526,0.0013103599732708915,-0.005686427517003267,-0.0017324269734255715,-0.01464261318950294,-0.01903604374758769,-0.017505202479197124,0.003954000543577696,-0.01914414508694562,0.011801395266144543,0.020548957029010495,2022-04-26,-0.007247125649538139,-0.023541225512892894,0.0005581009249899793,0.024857915146596188,-0.04308133854784499,-0.10450368353549092,-0.010211568457985543,0.046356484518450536
2022-04-05,0.18126121434151526,0.2645425262099004,0.0832813118683851,101627,560666,-0.007247125649538139,-0.011618374263081767,0.26234463999569096,0.3528809770679881,0.09053633707229711,38965,148526,-0.023541225512892894,-0.02148334124991518,2022-04-05,0.0005581009249899793,0.024857915146596188,-0.06621427733011753,0.023142294211351278,-0.02429981422160621,0.016294099863354755,-0.007247125649538139,-0.0017324269734255715,-0.01464261318950294,-0.01903604374758769,-0.023541225512892894,0.003954000543577696,-0.01914414508694562,0.011801395266144543,2022-05-03,0.02133071591250152,0.0026210743979669937,0.024959278391371242,-0.023490026631774796,-0.060201191966278614,-0.152025957719306,-0.029153334730017022,0.041726089243277364
2022-04-12,0.20259193025401678,0.28606794208839775,0.08347601183438098,117025,577639,0.02133071591250152,0.02746376630649977,0.26496571439365796,0.3459099695868726,0.08094425519321466,42080,158813,0.0026210743979669937,0.020972758978226036,2022-04-12,0.024959278391371242,-0.023490026631774796,0.02691391056504777,0.006685145887571853,0.04844930502314604,0.018709641514534525,0.02133071591250152,-0.007247125649538139,-0.0017324269734255715,-0.01464261318950294,0.0026210743979669937,-0.023541225512892894,0.003954000543577696,-0.01914414508694562,2022-05-10,-0.026538995806640042,-0.026258268489462194,-0.010667771979778529,-0.0008197135082474993,-0.0941094288146882,-0.2520341967967066,-0.06956832416724001,0.11317940903304757
2022-04-19,0.17605293444737674,0.2739211616093129,0.09786822716193616,101266,575202,-0.026538995806640042,-0.02728174517302329,0.23870744590419576,0.3359362633883818,0.09722881748418603,40718,170577,-0.026258268489462194,-0.008576124120821343,2022-04-19,-0.010667771979778529,-0.0008197135082474993,0.013622264249720573,-0.0019895280535591198,-0.00984805847153103,-0.00028072731717784793,-0.026538995806640042,0.02133071591250152,-0.007247125649538139,-0.0017324269734255715,-0.026258268489462194,0.0026210743979669937,-0.023541225512892894,0.003954000543577696,2022-05-17,-0.030625933004168326,-0.05732526393110282,-0.025061175794568236,0.045808309511876644,-0.09803308400941475,-0.23644500246528175,-0.07116774248573421,0.08298292366289095
2022-04-26,0.14542700144320841,0.24779260826304042,0.10236560681983202,81117,557785,-0.030625933004168326,-0.03502943313827143,0.18138218197309294,0.30706069892399235,0.12567851695089943,26398,145538,-0.05732526393110282,-0.08395035673039156,2022-04-26,-0.025061175794568236,0.045808309511876644,-0.010211568457985543,0.046356484518450536,-0.07086948530644488,0.026699330926934495,-0.030625933004168326,-0.026538995806640042,0.02133071591250152,-0.007247125649538139,-0.05732526393110282,-0.026258268489462194,0.0026210743979669937,-0.023541225512892894,2022-05-24,-0.024366979067971764,-0.07106349969670797,-0.0183836653470415,0.020227519871423016,-0.030246412193673425,-0.18724742477639222,-0.018153876449461315,0.041807005726692825
2022-05-03,0.12106002237523665,0.2298689781796835,0.10880895580444686,67847,560441,-0.024366979067971764,-0.023790528608693313,0.11031868227638497,0.29552915202045144,0.18521046974406646,15190,137692,-0.07106349969670797,-0.07701081504486801,2022-05-03,-0.0183836653470415,0.020227519871423016,-0.029153334730017022,0.041726089243277364,-0.03861118521846452,0.04669652062873621,-0.024366979067971764,-0.030625933004168326,-0.026538995806640042,0.02133071591250152,-0.07106349969670797,-0.05732526393110282,-0.026258268489462194,0.0026210743979669937,2022-05-31,-0.012577520935908068,-0.09738716467943362,-0.01545571104585175,0.04796329315799541,-0.02218748041674548,-0.08960599193483942,-0.01709045441138013,0.03160368765115651
2022-05-10,0.10848250143932858,0.2168722558697482,0.10838975443041962,61992,571447,-0.012577520935908068,-0.010447130027960124,0.012931517596951356,0.27923952028693116,0.26630800268997984,1846,142752,-0.09738716467943362,-0.09691194840658862,2022-05-10,-0.01545571104585175,0.04796329315799541,-0.06956832416724001,0.11317940903304757,-0.06341900420384716,0.08480964374352555,-0.012577520935908068,-0.024366979067971764,-0.030625933004168326,-0.026538995806640042,-0.09738716467943362,-0.07106349969670797,-0.05732526393110282,-0.026258268489462194,2022-06-07,-0.030462651001366595,-0.010669074158037329,-0.012267190298272723,-0.031016198878404122,0.007946373553082323,0.033139125854570614,0.008828052860304858,-0.039596742344096825
2022-05-17,0.07801985043796199,0.2079545699911472,0.12993471955318522,43360,555756,-0.030462651001366595,-0.032604948490411186,0.0022624434389140274,0.2823487899041056,0.2800863464651916,327,144534,-0.010669074158037329,-0.010640831652095943,2022-05-17,-0.012267190298272723,-0.031016198878404122,-0.07116774248573421,0.08298292366289095,0.0187490085801314,-0.019793576843329268,-0.030462651001366595,-0.012577520935908068,-0.024366979067971764,-0.030625933004168326,-0.010669074158037329,-0.09738716467943362,-0.07106349969670797,-0.05732526393110282,2022-06-14,0.037160738811573,-0.008127686242213312,0.02795269024170466,0.004632391575678518,-0.003832384611838671,0.008324615214312096,-0.004498347249437984,0.023500387991674643
2022-05-24,0.11518058924953499,0.22858792147867,0.11340733222913499,61057,530098,0.037160738811573,0.0318431110055492,-0.005865242803299284,0.28366881520729775,0.28953405801059706,-859,146456,-0.008127686242213312,-0.008205681708110202,2022-05-24,0.02795269024170466,0.004632391575678518,-0.018153876449461315,0.041807005726692825,0.02332029866602614,0.045288425053786316,0.037160738811573,-0.030462651001366595,-0.012577520935908068,-0.024366979067971764,-0.008127686242213312,-0.010669074158037329,-0.09738716467943362,-0.07106349969670797,2022-06-21,-0.01630804729104382,0.02657793314484483,-0.017320243308960315,0.0100242017958867,-0.01562954142793252,0.055605191618621666,-0.020304676576930802,8.12776625203071e-06
2022-05-31,0.09887254195849117,0.21943969695671978,0.12056715499822862,50793,513722,-0.01630804729104382,-0.019362457507857037,0.020712690341545544,0.2782330058859071,0.25752031554436156,3051,147301,0.02657793314484483,0.026697438138417,2022-05-31,-0.017320243308960315,0.0100242017958867,-0.01709045441138013,0.03160368765115651,-0.027344445104847015,-0.04288598043588865,-0.01630804729104382,0.037160738811573,-0.030462651001366595,-0.012577520935908068,0.02657793314484483,-0.008127686242213312,-0.010669074158037329,-0.09738716467943362,2022-06-28,0.017556333033919735,0.02535795310997643,0.010462796225833237,-0.02323713683725792,-0.026233433700022943,-0.015225671376345765,-0.008921319276741002,0.024389452421303748
2022-06-07,0.1164288749924109,0.23316738510108675,0.11673851010867585,57531,494130,0.017556333033919735,0.013116043307469799,0.046070643451521974,0.27411763119209137,0.22804698774056942,6832,148294,0.02535795310997643,0.025668529066333563,2022-06-07,0.010462796225833237,-0.02323713683725792,0.008828052860304858,-0.039596742344096825,0.03369993306309116,-0.007801620076056694,0.017556333033919735,-0.01630804729104382,0.037160738811573,-0.030462651001366595,0.02535795310997643,0.02657793314484483,-0.008127686242213312,-0.010669074158037329,2022-07-05,-0.04224140916628759,-0.03548358479829585,-0.025593590408015565,0.032080931457367345,-0.08223847335454736,-0.10832903178154482,-0.04851555426673837,0.097626394076479
2022-06-14,0.07418746582612332,0.21933799170177865,0.14515052587565533,36905,497456,-0.04224140916628759,-0.04174205168680307,0.010587058653226124,0.267880877495427,0.25729381884220087,1609,151978,-0.03548358479829585,-0.03522057534357425,2022-06-14,-0.025593590408015565,0.032080931457367345,-0.004498347249437984,0.023500387991674643,-0.05767452186538291,-0.006757824367991737,-0.04224140916628759,0.017556333033919735,-0.01630804729104382,0.037160738811573,-0.03548358479829585,0.02535795310997643,0.02657793314484483,-0.008127686242213312,2022-07-12,0.025363581995479154,0.039152890162096256,0.01214636091421184,-0.018859868649744094,-0.0854926808242892,-0.08403056662108756,-0.047003219348750847,0.05795585229320288
2022-06-21,0.09955104782160247,0.22631507407910834,0.12676402625750585,49803,500276,0.025363581995479154,0.02592792126338812,0.04973994881532238,0.2710930405349624,0.22135309171964004,7230,145356,0.039152890162096256,0.03698561633920699,2022-06-21,0.01214636091421184,-0.018859868649744094,-0.020304676576930802,8.12776625203071e-06,0.031006229563955934,-0.013789308166617102,0.025363581995479154,-0.04224140916628759,0.017556333033919735,-0.01630804729104382,0.039152890162096256,-0.03548358479829585,0.02535795310997643,0.02657793314484483,2022-07-19,-0.026911939563134243,-0.0442529298501226,-0.005936886008770514,0.03440552645093842,-0.13525703083181997,-0.14640975955151658,-0.06720286575522572,0.07740053190762586
2022-06-28,0.07263910825846823,0.22303598555346527,0.15039687729499704,36102,497005,-0.026911939563134243,-0.027386882440892626,0.005487018965199779,0.2875271589025962,0.2820401399373964,745,135775,-0.0442529298501226,-0.04461460139244338,2022-06-28,-0.005936886008770514,0.03440552645093842,-0.008921319276741002,0.024389452421303748,-0.04034241245970893,0.017340990286988357,-0.026911939563134243,0.025363581995479154,-0.04224140916628759,0.017556333033919735,-0.0442529298501226,0.039152890162096256,-0.03548358479829585,0.02535795310997643,2022-07-26,-0.03844870662060468,-0.06774540729522263,-0.02913143876416413,0.049999804817917326,-0.11180303141980685,-0.12605487475473046,-0.058136870108929095,0.053671382572926696
2022-07-05,0.03419040163786355,0.20768752132634832,0.17349711968848477,17034,498210,-0.03844870662060468,-0.038365811209142765,-0.062258388330022854,0.2657069833336893,0.32796537166371215,-8745,140463,-0.06774540729522263,-0.06989504695267906,2022-07-05,-0.02913143876416413,0.049999804817917326,-0.04851555426673837,0.097626394076479,-0.07913124358208146,0.029296700674617954,-0.03844870662060468,-0.026911939563134243,0.025363581995479154,-0.04224140916628759,-0.06774540729522263,-0.0442529298501226,0.039152890162096256,-0.03548358479829585,2022-08-02,-0.045495616636029426,-0.011185119637838581,-0.024081255490028042,-0.007589610325908769,0.0003033098680899071,-0.0027316679565322216,-0.004257895372898446,-0.04189378806204713
2022-07-12,-0.011305214998165876,0.16897729555957405,0.18028251055773992,-6133,542493,-0.045495616636029426,-0.04650047168864535,-0.07344350796786143,0.2607567886741788,0.3342002966420402,-10448,142259,-0.011185119637838581,-0.012124189288282324,2022-07-12,-0.024081255490028042,-0.007589610325908769,-0.047003219348750847,0.05795585229320288,-0.016491645164119273,-0.034310496998190845,-0.045495616636029426,-0.03844870662060468,-0.026911939563134243,0.025363581995479154,-0.011185119637838581,-0.06774540729522263,-0.0442529298501226,0.039152890162096256,2022-08-09,-0.02440076801205162,-0.023226302768332777,-0.00805328549226303,0.0005848109646788835,0.10111868238803226,0.02706983953640133,0.03884276450587265,-0.043138767733232886
2022-07-19,-0.0357059830102175,0.1735107262769967,0.20921670928721423,-18738,524786,-0.02440076801205162,-0.0232353228520921,-0.09666981073619421,0.25068331876045635,0.34735312949665054,-14041,145247,-0.023226302768332777,-0.025256750012301505,2022-07-19,-0.00805328549226303,0.0005848109646788835,-0.06720286575522572,0.07740053190762586,-0.008638096456941913,-0.0011744652437188433,-0.02440076801205162,-0.045495616636029426,-0.03844870662060468,-0.026911939563134243,-0.023226302768332777,-0.011185119637838581,-0.06774540729522263,-0.0442529298501226,2022-08-16,-0.003457940151121129,-0.023898045053336453,0.0031291096375261063,0.010676377116239255,0.11582978246391387,0.054463233411748906,0.03619305079431001,-0.03522595549003693
2022-07-26,-0.039163923161338626,0.18915520548085699,0.2283191286421956,-19093,487515,-0.003457940151121129,-0.0006764662167054762,-0.12056785578953066,0.2484775077139609,0.3690453635034916,-17818,147784,-0.023898045053336453,-0.026003979428146536,2022-07-26,0.0031291096375261063,0.010676377116239255,-0.058136870108929095,0.053671382572926696,-0.007547267478713149,0.020440104902215324,-0.003457940151121129,-0.02440076801205162,-0.045495616636029426,-0.03844870662060468,-0.023898045053336453,-0.023226302768332777,-0.011185119637838581,-0.06774540729522263,2022-08-23,0.07365763466729208,0.05557779950297559,0.02474753597186652,-0.0455653658170565,0.08746631610789163,0.010950726034825317,0.016914445614009566,-0.009539137355865979
2022-08-02,0.034493711505953456,0.21023433097863806,0.1757406194726846,15855,459649,0.07365763466729208,0.07168599940514651,-0.06499005628655508,0.24236975936947316,0.3073598156560282,-8856,136267,0.05557779950297559,0.06064255941103232,2022-08-02,0.02474753597186652,-0.0455653658170565,-0.004257895372898446,-0.04189378806204713,0.07031290178892302,0.018079835164316493,0.07365763466729208,-0.003457940151121129,-0.02440076801205162,-0.045495616636029426,0.05557779950297559,-0.023898045053336453,-0.023226302768332777,-0.011185119637838581,2022-08-30,0.05531975588391293,0.018616387855094972,0.019019404388743055,-0.008834589997094522,-0.008821023038844682,-0.08662405620389291,-0.02181506630778074,0.060221344266699894
2022-08-09,0.08981346738986638,0.22051638223750938,0.130702914847643,40734,453540,0.05531975588391293,0.054126083163457336,-0.046373668431460104,0.230124811294678,0.27649847972613806,-6543,141093,0.018616387855094972,0.016974028928500664,2022-08-09,0.019019404388743055,-0.008834589997094522,0.03884276450587265,-0.043138767733232886,0.027853994385837577,0.036703368028817955,0.05531975588391293,0.07365763466729208,-0.003457940151121129,-0.02440076801205162,0.018616387855094972,0.05557779950297559,-0.023898045053336453,-0.023226302768332777,2022-09-06,-0.009689667936170016,0.004167091107014798,-0.01070299920382567,0.008497623207874838,-0.10475633164632903,-0.13253450221206847,-0.05450920832031869,0.08045702807432775
2022-08-16,0.08012379945369637,0.2131575469204335,0.13303374746673716,36373,453960,-0.009689667936170016,-0.009615469418353399,-0.042206577324445306,0.22022118436187757,0.26242776168632287,-6091,144314,0.004167091107014798,0.003203560771973096,2022-08-16,-0.01070299920382567,0.008497623207874838,0.03619305079431001,-0.03522595549003693,-0.019200622411700508,-0.013856759043184813,-0.009689667936170016,0.05531975588391293,0.07365763466729208,-0.003457940151121129,0.004167091107014798,0.018616387855094972,0.05557779950297559,-0.023898045053336453,2022-09-13,-0.03182140650714336,-0.06741055243026003,-0.01614949554277434,0.03636319525041021,-0.11967098130991431,-0.018923799713848798,-0.04248079813372296,-0.001815866798998922
2022-08-23,0.04830239294655301,0.20938828474185275,0.16108589179529975,22111,457762,-0.03182140650714336,-0.03141686492201956,-0.10961712975470535,0.2196152593916471,0.32923238914635244,-15824,144357,-0.06741055243026003,-0.06744321410258187,2022-08-23,-0.01614949554277434,0.03636319525041021,0.016914445614009566,-0.009539137355865979,-0.05251269079318455,0.035589145923116676,-0.03182140650714336,-0.009689667936170016,0.05531975588391293,0.07365763466729208,-0.06741055243026003,0.004167091107014798,0.018616387855094972,0.05557779950297559,2022-09-20,-0.022629704479444235,-0.041996982735742636,-0.013981975949923786,0.02419511580550937,-0.12647749067874017,0.04890119494428652,-0.048461512544110796,-0.05468493867400959
2022-08-30,0.025672688467108774,0.19984319362320735,0.17417050515609858,11788,459165,-0.022629704479444235,-0.02255101996233851,-0.15161411249044798,0.2244834695849013,0.37609758207534927,-21031,138714,-0.041996982735742636,-0.03607029794190791,2022-08-30,-0.013981975949923786,0.02419511580550937,-0.02181506630778074,0.060221344266699894,-0.03817709175543316,0.0193672782562984,-0.022629704479444235,-0.03182140650714336,-0.009689667936170016,0.05531975588391293,-0.041996982735742636,-0.06741055243026003,0.004167091107014798,0.018616387855094972,2022-09-27,-0.040615552723571424,-0.027294058153080586,-0.013674737623794897,0.011401093810533336,-0.11995769637633752,0.08887767838192086,-0.05750663950296797,-0.05396266247763215
2022-09-06,-0.01494286425646265,0.18424667530928854,0.19918953956575117,-6962,465908,-0.040615552723571424,-0.040834993956420894,-0.17890817064352857,0.24480838756326825,0.4237165582067968,-24743,138300,-0.027294058153080586,-0.02676009631327768,2022-09-06,-0.013674737623794897,0.011401093810533336,-0.05450920832031869,0.08045702807432775,-0.025075831434328233,-0.013321494570490838,-0.040615552723571424,-0.022629704479444235,-0.03182140650714336,-0.009689667936170016,-0.027294058153080586,-0.041996982735742636,-0.06741055243026003,0.004167091107014798,2022-10-04,-0.024604317599755295,0.11777779360523447,0.0013254109827700589,-0.07377527166545184,-0.0007870614982877881,0.22242906252456993,0.01485777967492119,-0.1425695887520706
2022-09-13,-0.039547181856217944,0.17318202012620937,0.2127292019824273,-18337,463674,-0.024604317599755295,-0.02441469131244795,-0.061130377038294104,0.28297793846380875,0.34410831550210286,-8285,135530,0.11777779360523447,0.11900216919739696,2022-09-13,0.0013254109827700589,-0.07377527166545184,-0.04248079813372296,-0.001815866798998922,0.0751006826482219,-0.14238211120498975,-0.024604317599755295,-0.040615552723571424,-0.022629704479444235,-0.03182140650714336,0.11777779360523447,-0.027294058153080586,-0.041996982735742636,-0.06741055243026003,2022-10-11,-0.038627915875969226,0.0004144422278752752,-0.022130209953162172,-0.016505876624600457,0.026612400507338145,0.062045814497994956,-0.021550018886997258,-0.013101665761483972
2022-09-20,-0.07817509773218717,0.16733028685861587,0.24550538459080307,-36695,469395,-0.038627915875969226,-0.039592472297346845,-0.06071593481041883,0.27700273263339564,0.33771866744381446,-8021,132107,0.0004144422278752752,0.0019479082122039401,2022-09-20,-0.022130209953162172,-0.016505876624600457,-0.048461512544110796,-0.05468493867400959,-0.005624333328561715,-0.0390423581038445,-0.038627915875969226,-0.024604317599755295,-0.040615552723571424,-0.022629704479444235,0.0004144422278752752,0.11777779360523447,-0.027294058153080586,-0.041996982735742636,2022-10-18,-0.01610991017704158,-0.002020499298108297,-0.02302710290878096,0.024917392001886807,0.019058601565856752,0.004032975712994991,-0.00854876842112251,0.020057301874389477
2022-09-27,-0.09428500790922875,0.16227812042593878,0.25656312833516753,-43094,457061,-0.01610991017704158,-0.01363244176013805,-0.06273643410852713,0.2668914728682171,0.3296279069767442,-8093,129000,-0.002020499298108297,-0.000545012754812387,2022-09-27,-0.02302710290878096,0.024917392001886807,-0.05750663950296797,-0.05396266247763215,-0.04794449491066777,-0.014089410878933284,-0.01610991017704158,-0.038627915875969226,-0.024604317599755295,-0.040615552723571424,-0.002020499298108297,0.0004144422278752752,0.11777779360523447,-0.027294058153080586,2022-10-25,0.07855508215447832,0.10625732598956847,0.058689681554094264,-0.07720583246390511,0.009237033028069636,0.007245187748387644,0.016103030214660308,-0.03914698005105732
2022-10-04,-0.015729925754750438,0.1894592337524167,0.20518915950716712,-6875,437065,0.07855508215447832,0.07924325199481032,0.04352089188104135,0.29249405515580124,0.24897316327475988,5637,129524,0.10625732598956847,0.10643410852713178,2022-10-04,0.058689681554094264,-0.07720583246390511,0.01485777967492119,-0.1425695887520706,0.13589551401799937,-0.02770224383509015,0.07855508215447832,-0.01610991017704158,-0.038627915875969226,-0.024604317599755295,0.10625732598956847,-0.002020499298108297,0.0004144422278752752,0.11777779360523447,2022-11-01,0.0027951444058706403,-0.0426054544213405,-0.03508238757914839,0.05569265132513479,-0.07287081556301465,-0.08265680547240048,-0.04609926325359659,0.023964207610482013
2022-10-11,-0.012934781348879798,0.18165486387185759,0.19458964522073738,-5580,431395,0.0027951444058706403,0.0029629460148948095,0.0009154374597008509,0.26661518989357047,0.2656997524338696,115,125623,-0.0426054544213405,-0.04263302553966832,2022-10-11,-0.03508238757914839,0.05569265132513479,-0.021550018886997258,-0.013101665761483972,-0.09077503890428318,0.04540059882721114,0.0027951444058706403,0.07855508215447832,-0.01610991017704158,-0.038627915875969226,-0.0426054544213405,0.10625732598956847,-0.002020499298108297,0.0004144422278752752,2022-11-08,-0.04618171481745062,-0.05759839655712469,-0.009128959487287425,0.01665309101127299,-0.02052882242698407,0.06596152516410911,0.02727350814287366,-0.08091109185838885
2022-10-18,-0.05911649616633042,0.16872286928256433,0.22783936544889477,-25698,434701,-0.04618171481745062,-0.0466347546911763,-0.05668295909742384,0.26728161405314027,0.3239645731505641,-7712,136055,-0.05759839655712469,-0.06230546953981357,2022-10-18,-0.009128959487287425,0.01665309101127299,-0.00854876842112251,0.020057301874389477,-0.025782050498560416,0.01141668173967407,-0.04618171481745062,0.0027951444058706403,0.07855508215447832,-0.01610991017704158,-0.05759839655712469,-0.0426054544213405,0.10625732598956847,-0.002020499298108297,2022-11-15,-0.025931478714828697,0.0011917127372843561,0.001624695727001857,-0.03428688992355999,0.1105270189958176,0.1492456078197359,0.07364328813048981,-0.06941884691096734
2022-10-25,-0.08504797488115912,0.15790489221000192,0.24295286709116104,-38788,456072,-0.025931478714828697,-0.03011265214480758,-0.05549124636013948,0.25472193263112486,0.3102131789912643,-7718,139085,0.0011917127372843561,-4.409981257579655e-05,2022-10-25,0.001624695727001857,-0.03428688992355999,0.016103030214660308,-0.03914698005105732,0.03591158565056185,-0.027123191452113053,-0.025931478714828697,-0.04618171481745062,0.0027951444058706403,0.07855508215447832,0.0011917127372843561,-0.05759839655712469,-0.0426054544213405,0.10625732598956847,2022-11-22,-0.0035527664366059725,0.016355332768780345,-0.0035126119141626333,-0.014094644802365774,0.12827196730010995,0.1462465971168866,0.05107578344809749,-0.03317888602510122
2022-11-01,-0.08860074131776509,0.167380734298359,0.2559814756161241,-41401,467276,-0.0035527664366059725,-0.005729358522338578,-0.03913591359135914,0.2594059405940594,0.29854185418541856,-5435,138875,0.016355332768780345,0.01641442283495704,2022-11-01,-0.0035126119141626333,-0.014094644802365774,-0.04609926325359659,0.023964207610482013,0.010582032888203141,-0.019908099205386318,-0.0035527664366059725,-0.025931478714828697,-0.04618171481745062,0.0027951444058706403,0.016355332768780345,0.0011917127372843561,-0.05759839655712469,-0.0426054544213405,2022-11-29,0.05513713754190122,0.1060128762151691,0.03829038381732186,-0.049182648143736074,0.12254430553036433,0.1512357338094066,0.058652368918148845,-0.02168862587418774
2022-11-08,-0.03346360377586387,0.1802747757799337,0.21373837955579758,-16346,488471,0.05513713754190122,0.05361927426189233,0.06687696262380996,0.2768216353240243,0.20994467270021433,9392,140437,0.1060128762151691,0.10676507650765077,2022-11-08,0.03829038381732186,-0.049182648143736074,0.02727350814287366,-0.08091109185838885,0.08747303196105793,-0.050875738673267876,0.05513713754190122,-0.0035527664366059725,-0.025931478714828697,-0.04618171481745062,0.1060128762151691,0.016355332768780345,0.0011917127372843561,-0.05759839655712469,2022-12-06,0.08487412660535106,0.025685686098502095,0.03724082050032873,0.028145335958694506,0.08910681628474801,0.04195314230610078,0.033244909937682365,-0.003630207054051038
2022-11-15,0.05141052282948719,0.19198418324174882,0.14057366041226163,25457,495171,0.08487412660535106,0.08557928720435809,0.09256264872231205,0.2690664651928006,0.17650381647048854,13109,141623,0.025685686098502095,0.026467383951522747,2022-11-15,0.03724082050032873,0.028145335958694506,0.07364328813048981,-0.06941884691096734,0.009095484541634224,0.05918844050684896,0.08487412660535106,0.05513713754190122,-0.0035527664366059725,-0.025931478714828697,0.025685686098502095,0.1060128762151691,0.016355332768780345,0.0011917127372843561,2022-12-13,-0.008186530410536345,-0.0018072979655649468,-0.02094280895539047,0.0019530709623061249,0.034277286066723686,0.06432477113352801,0.01802386779688714,-0.07554714025658527
2022-11-22,0.04322399241895084,0.20501087773778645,0.16178688531883562,19431,449542,-0.008186530410536345,-0.012169533353124476,0.09075535075674711,0.2918693321541887,0.20111398139744158,11699,128907,-0.0018072979655649468,-0.00995600997013197,2022-11-22,-0.02094280895539047,0.0019530709623061249,0.05107578344809749,-0.03317888602510122,-0.022895879917696593,-0.006379232444971399,-0.008186530410536345,0.08487412660535106,0.05513713754190122,-0.0035527664366059725,-0.0018072979655649468,0.025685686098502095,0.1060128762151691,0.016355332768780345,2022-12-20,-0.009280428206351603,0.021344469461300364,0.0040639735558887224,-0.002604384651452296,0.046309344120589714,0.1252984248276524,0.042343600666378656,-0.09228082762179746
2022-11-29,0.03394356421259924,0.20299727206274026,0.169053707850141,14720,433661,-0.009280428206351603,-0.010479554746831219,0.11209982021804747,0.3048046314469973,0.19270481122894983,13593,121258,0.021344469461300364,0.014692762999681941,2022-11-29,0.0040639735558887224,-0.002604384651452296,0.058652368918148845,-0.02168862587418774,0.006668358207341019,-0.030624897667651967,-0.009280428206351603,-0.008186530410536345,0.08487412660535106,0.05513713754190122,0.021344469461300364,-0.0018072979655649468,0.025685686098502095,0.1060128762151691,2022-12-27,0.02169964829628491,-0.003269715288136729,0.01288292483685538,-0.031124229323599373,0.08167547042061592,0.11220681105691031,0.03585177299646691,-0.08669161217500232
2022-12-06,0.05564321250888415,0.2218171049514333,0.16617389244254915,23487,422100,0.02169964829628491,0.020216251864935975,0.10883010492991074,0.30509636253855316,0.19626625760864244,13338,122558,-0.003269715288136729,-0.0021029540318989264,2022-12-06,0.01288292483685538,-0.031124229323599373,0.033244909937682365,-0.003630207054051038,0.04400715416045475,0.024969363584421637,0.02169964829628491,-0.009280428206351603,-0.008186530410536345,0.08487412660535106,-0.003269715288136729,0.021344469461300364,-0.0018072979655649468,0.025685686098502095,2023-01-03,0.030044596387326726,0.04805731492592932,0.022019778359533504,-0.04377159724383972,0.06581172782173961,0.10161765626411912,0.03703907362594272,-0.038779702202916155
2022-12-13,0.08568780889621087,0.2373627127951675,0.1516749038989566,37449,437040,0.030044596387326726,0.033077469793887704,0.15688741985584007,0.32559436103699574,0.16870694118115567,19698,125555,0.04805731492592932,0.051893797222539534,2022-12-13,0.022019778359533504,-0.04377159724383972,0.01802386779688714,-0.07554714025658527,0.06579137560337323,-0.018012718538602597,0.030044596387326726,0.02169964829628491,-0.009280428206351603,-0.008186530410536345,0.04805731492592932,-0.003269715288136729,0.021344469461300364,-0.0018072979655649468,2023-01-10,0.0038455276433296826,0.05916635572855944,0.0033769239141010488,-0.014780616402906066,0.042674727161556306,0.02188929008021767,0.0363041236921573,0.040895517556735594
2022-12-20,0.08953333653954056,0.2400372836096397,0.15050394707009915,39095,436653,0.0038455276433296826,0.003766245652571847,0.2160537755843995,0.3531846099104256,0.13713083432602607,27931,129278,0.05916635572855944,0.06557285651706424,2022-12-20,0.0033769239141010488,-0.014780616402906066,0.042343600666378656,-0.09228082762179746,0.018157540317007115,-0.055320828085229756,0.0038455276433296826,0.030044596387326726,0.02169964829628491,-0.009280428206351603,0.05916635572855944,0.04805731492592932,-0.003269715288136729,0.021344469461300364,2023-01-17,0.0260856980936746,0.00825285569055828,-0.0024278541140230203,0.002984830795342841,0.051529007660956375,-0.015328775205215195,0.04910551551725195,0.05905131696383581
2022-12-27,0.11561903463321516,0.2431210799018271,0.12750204526861195,50877,440040,0.0260856980936746,0.0269825238805184,0.22430663127495779,0.3504557590665307,0.12614912779157295,28816,128467,0.00825285569055828,0.006845712340846857,2022-12-27,-0.0024278541140230203,0.002984830795342841,0.03585177299646691,-0.08669161217500232,-0.005412684909365861,0.01783284240311632,0.0260856980936746,0.0038455276433296826,0.030044596387326726,0.02169964829628491,0.00825285569055828,0.05916635572855944,0.04805731492592932,-0.003269715288136729,2023-01-24,0.0058359056974085916,-0.013858870080927926,0.014070225466331188,0.01678768064848679,0.04416229344068362,-0.07739952939387093,0.06656705863721335,0.08252364860558581
2023-01-03,0.12145494033062375,0.24286092573760606,0.1214059854069823,54581,449393,0.0058359056974085916,0.008417416598491047,0.21044776119402986,0.35554966285324646,0.1451019016592166,27777,131990,-0.013858870080927926,-0.008087680104618307,2023-01-03,0.014070225466331188,0.01678768064848679,0.03703907362594272,-0.038779702202916155,-0.0027174551821556037,0.019694775778336518,0.0058359056974085916,0.0260856980936746,0.0038455276433296826,0.030044596387326726,-0.013858870080927926,0.00825285569055828,0.05916635572855944,0.04805731492592932,2023-01-31,0.006907595727143431,-0.03167105125797212,0.02128482842574808,0.03590362251581203,0.05759399933123842,-0.03840607252822628,0.04765935196283699,0.05768675218832264
2023-01-10,0.12836253605776718,0.24215866871296876,0.11379613265520155,61809,481519,0.006907595727143431,0.016083917640016644,0.17877670993605774,0.34548826186317433,0.1667115519271166,23234,129961,-0.03167105125797212,-0.03441927418743844,2023-01-10,0.02128482842574808,0.03590362251581203,0.0363041236921573,0.040895517556735594,-0.014618794090063947,0.03857864698511555,0.006907595727143431,0.0058359056974085916,0.0260856980936746,0.0038455276433296826,-0.03167105125797212,-0.013858870080927926,0.00825285569055828,0.05916635572855944,2023-02-07,0.012699808142729752,0.021948290443126572,0.016178315739195703,0.003375183004194149,0.007112899127733829,-0.13523661667328277,-0.004358860783963081,0.05978092580308436
2023-01-17,0.14106234420049693,0.25257717285662584,0.1115148286561289,69377,491818,0.012699808142729752,0.01571692913467589,0.2007250003791843,0.34972167872472737,0.14899667834554306,26468,131862,0.021948290443126572,0.02488438839344111,2023-01-17,0.016178315739195703,0.003375183004194149,0.04910551551725195,0.05905131696383581,0.012803132735001554,-0.00924848230039682,0.012699808142729752,0.006907595727143431,0.0058359056974085916,0.0260856980936746,0.021948290443126572,-0.03167105125797212,-0.013858870080927926,0.00825285569055828,2023-02-14,0.018718983873401845,-0.053817898498097455,0.015033689005938378,0.02645716243709284,-0.04443842019858196,-0.16047736922246225,-0.028442784110744412,0.0613397348836795
2023-01-24,0.15978132807389878,0.26304040389896927,0.10325907582507046,79879,499927,0.018718983873401845,0.021353427487403875,0.14690710188108685,0.32246038451846254,0.17555328263737566,19821,134922,-0.053817898498097455,-0.05040876067403801,2023-01-24,0.015033689005938378,0.02645716243709284,0.06656705863721335,0.08252364860558581,-0.011423473431154463,0.0725368823714993,0.018718983873401845,0.012699808142729752,0.006907595727143431,0.0058359056974085916,-0.053817898498097455,0.021948290443126572,-0.03167105125797212,-0.013858870080927926,2023-02-21,0.01926761158796339,0.025134586784716723,-0.004837481208045169,-0.008049215768776374,-0.07293364394904783,-0.10588406829110736,-0.055072358188802184,0.025774926714729585
2023-01-31,0.17904893966186217,0.29285983860640064,0.11381089894453844,84447,471642,0.01926761158796339,0.009137334050771412,0.17204168866580358,0.3230148340481546,0.15097314538235101,23787,138263,0.025134586784716723,0.02939476141770801,2023-01-31,-0.004837481208045169,-0.008049215768776374,0.04765935196283699,0.05768675218832264,0.0032117345607312053,-0.005866975196753332,0.01926761158796339,0.018718983873401845,0.012699808142729752,0.006907595727143431,0.025134586784716723,-0.053817898498097455,0.021948290443126572,-0.03167105125797212,2023-02-28,-0.04357350447636116,-0.1285015954030286,-0.030733384321051993,0.03799779613057375,-0.11679636874195307,-0.23086331901285764,-0.0551702357233399,0.07216356352702702
2023-02-07,0.135475435185501,0.2626940000682198,0.1272185648827188,59576,439755,-0.04357350447636116,-0.05273279309306635,0.04354009326277498,0.2621686963420932,0.21862860307931828,5817,133601,-0.1285015954030286,-0.1299696954355106,2023-02-07,-0.030733384321051993,0.03799779613057375,-0.004358860783963081,0.05978092580308436,-0.06873118045162574,0.08492809092666745,-0.04357350447636116,0.01926761158796339,0.018718983873401845,0.012699808142729752,-0.1285015954030286,0.025134586784716723,-0.053817898498097455,0.021948290443126572,2023-03-07,-0.03885151118358604,-0.0032924621060529125,-0.007905607587585628,0.004933992084789285,-0.10406907408323567,-0.18002315640638727,-0.031292691985163046,0.06819688279188396
2023-02-14,0.09662392400191497,0.24900731256277633,0.15238338856086137,41173,426116,-0.03885151118358604,-0.04184830189537356,0.040247631156722065,0.2570384161293252,0.21679078497260315,5318,132132,-0.0032924621060529125,-0.0037350019835180872,2023-02-14,-0.007905607587585628,0.004933992084789285,-0.028442784110744412,0.0613397348836795,-0.012839599672374913,-0.03555904907753313,-0.03885151118358604,-0.04357350447636116,0.01926761158796339,0.018718983873401845,-0.0032924621060529125,-0.1285015954030286,0.025134586784716723,-0.053817898498097455,2023-03-14,-0.009776239877064025,0.0007754024332574383,-0.011595885072119394,-0.009107645731857072,0.03346904778415408,-0.0788361408305387,0.02415411148716018,0.03565143625057221
2023-02-21,0.08684768412485094,0.24774753459143306,0.16089985046658212,36706,422648,-0.009776239877064025,-0.01048306095053929,0.0410230335899795,0.265168756960922,0.2241457233709425,5083,123906,0.0007754024332574383,-0.0017785245057972332,2023-02-21,-0.011595885072119394,-0.009107645731857072,-0.055072358188802184,0.025774926714729585,-0.0024882393402623215,-0.010551642310321463,-0.009776239877064025,-0.03885151118358604,-0.04357350447636116,0.01926761158796339,0.0007754024332574383,-0.0032924621060529125,-0.1285015954030286,0.025134586784716723,2023-03-21,-0.024595113204941836,-0.09984466393703358,-0.004935358742582885,0.03833942104352106,0.08602632039550984,-0.04334916180415125,0.05557143674852405,0.032423335277890875
2023-02-28,0.06225257091990911,0.23290543231277377,0.17065286139286467,26575,426890,-0.024595113204941836,-0.023970301527512256,-0.05882163034705407,0.24498789346246974,0.3038095238095238,-7288,123900,-0.09984466393703358,-0.09984181556986749,2023-02-28,-0.004935358742582885,0.03833942104352106,-0.0551702357233399,0.07216356352702702,-0.043274779786103945,0.07524955073209175,-0.024595113204941836,-0.009776239877064025,-0.03885151118358604,-0.04357350447636116,-0.09984466393703358,0.0007754024332574383,-0.0032924621060529125,-0.1285015954030286,2023-03-28,-0.030846209817643765,-0.07766143279655824,-0.006855840582875139,0.03403111539543069,0.14493029783989791,0.14639776220956952,0.07738417773875561,-0.031456278170744145
2023-03-07,0.03140636110226534,0.22561584735448467,0.19420948625221932,14399,458474,-0.030846209817643765,-0.02852257021715196,-0.1364830631436123,0.2181203579523619,0.3546034210959742,-17402,127503,-0.07766143279655824,-0.08163034705407586,2023-03-07,-0.006855840582875139,0.03403111539543069,-0.031292691985163046,0.06819688279188396,-0.04088695597830583,0.046815222978914474,-0.030846209817643765,-0.024595113204941836,-0.009776239877064025,-0.03885151118358604,-0.07766143279655824,-0.09984466393703358,0.0007754024332574383,-0.0032924621060529125,2023-04-04,0.0986866106838037,0.09789455346979567,0.0475411958847376,-0.027611454456522466,0.19967389202829494,0.2770592387399845,0.1086879179268454,-0.11043665704275041
2023-03-14,0.13009297178606904,0.25826464283847134,0.1281716710524023,59721,459064,0.0986866106838037,0.0988540244375908,-0.03858850967381664,0.2541799428440035,0.2927684525178202,-4699,121772,0.09789455346979567,0.09962902833658815,2023-03-14,0.0475411958847376,-0.027611454456522466,0.02415411148716018,0.03565143625057221,0.07515265034126006,0.0007920572140080323,0.0986866106838037,-0.030846209817643765,-0.024595113204941836,-0.009776239877064025,0.09789455346979567,-0.07766143279655824,-0.09984466393703358,0.0007754024332574383,2023-04-11,0.042781032734291735,0.036262381459644895,0.019821440189244477,-0.012335746704538408,0.08940607032133663,0.16325651715810174,0.05206208213934804,-0.0949527312452445
2023-03-21,0.17287400452036078,0.266220305869233,0.09334630134887226,81229,469874,0.042781032734291735,0.04685185507903038,-0.0023261282141717474,0.2568734149577602,0.25919954317193195,-277,119082,0.036262381459644895,0.03631376671155931,2023-03-21,0.019821440189244477,-0.012335746704538408,0.05557143674852405,0.032423335277890875,0.032157186893782885,0.00651865127464684,0.042781032734291735,0.0986866106838037,-0.030846209817643765,-0.024595113204941836,0.036262381459644895,0.09789455346979567,-0.07766143279655824,-0.09984466393703358,2023-04-18,0.034308864239446235,0.08990226007668718,0.016877382247648676,-0.02554019240511396,0.040076017667117186,0.12743110324116533,0.03207958764865104,-0.08754092733210772
2023-03-28,0.20718286875980702,0.27272670289650675,0.06554383413669974,99160,478611,0.034308864239446235,0.03816129430443055,0.08757613186251544,0.2719621789684399,0.18438604710592443,10281,117395,0.08990226007668718,0.0886615945314993,2023-03-28,0.016877382247648676,-0.02554019240511396,0.07738417773875561,-0.031456278170744145,0.042417574652762635,-0.05559339583724095,0.034308864239446235,0.042781032734291735,0.0986866106838037,-0.030846209817643765,0.08990226007668718,0.036262381459644895,0.09789455346979567,-0.07766143279655824,2023-04-25,0.023897384370753283,0.05300004373385679,0.02444789960521465,-0.044949263476575574,0.010063633314329357,0.07323406507519666,0.012514031739201847,-0.05775347335410297
2023-04-04,0.2310802531305603,0.2986789539060664,0.06759870077550609,110131,476592,0.023897384370753283,0.022922582222305796,0.14057617559637223,0.2941772730736987,0.15360109747732642,18445,131210,0.05300004373385679,0.06954299586864858,2023-04-04,0.02444789960521465,-0.044949263476575574,0.1086879179268454,-0.11043665704275041,0.06939716308179023,-0.02910265936310351,0.023897384370753283,0.034308864239446235,0.042781032734291735,0.0986866106838037,0.05300004373385679,0.08990226007668718,0.036262381459644895,0.09789455346979567,2023-05-02,-0.011581211023154625,-0.015908168112087118,-0.009084639902759761,-0.012127528659016562,-0.0006446957029169476,0.039123272971728906,-0.0024500222912058334,-0.018858035935282125
2023-04-11,0.21949904210740567,0.28330748876863066,0.06380844666122497,104606,476567,-0.011581211023154625,-0.011592725014267969,0.12466800748428511,0.2996727377206568,0.17500473023637167,17790,142699,-0.015908168112087118,-0.004991997561161497,2023-04-11,-0.009084639902759761,-0.012127528659016562,0.05206208213934804,-0.0949527312452445,0.0030428887562568008,0.004326957088932493,-0.011581211023154625,0.023897384370753283,0.034308864239446235,0.042781032734291735,-0.015908168112087118,0.05300004373385679,0.08990226007668718,0.036262381459644895,2023-05-09,-0.006549019919927707,0.0004369675427084718,-0.00016105430145252342,-0.004923942791401625,-0.0056329930969981346,0.04989282307022003,0.0146019406090101,-0.00431515929086812
2023-04-18,0.21295002218747797,0.28443517316600797,0.07148515097852999,102696,482254,-0.006549019919927707,-0.004007831008021957,0.12510497502699358,0.30977262251296006,0.1846676474859665,19813,158371,0.0004369675427084718,0.014176693599814995,2023-04-18,-0.00016105430145252342,-0.004923942791401625,0.03207958764865104,-0.08754092733210772,0.004762888489949102,-0.006985987462636178,-0.006549019919927707,-0.011581211023154625,0.023897384370753283,0.034308864239446235,0.0004369675427084718,-0.015908168112087118,0.05300004373385679,0.08990226007668718,2023-05-16,0.004296479886658405,0.03570522191071851,-0.002688173661800519,0.0042472615728907925,-0.013684741407456819,-0.03419523541132628,-0.007437008307456416,0.05218920001989824
2023-04-25,0.21724650207413637,0.2873550587583922,0.0701085566842558,102803,473209,0.004296479886658405,0.00022187477968041737,0.1608101969377121,0.3565788418886781,0.195768644950966,24072,149692,0.03570522191071851,0.02689254977236994,2023-04-25,-0.002688173661800519,0.0042472615728907925,0.012514031739201847,-0.05775347335410297,-0.006935435234691312,-0.031408742024060105,0.004296479886658405,-0.006549019919927707,-0.011581211023154625,0.023897384370753283,0.03570522191071851,0.0004369675427084718,-0.015908168112087118,0.05300004373385679,2023-05-23,0.013189055353506979,0.018889251630389042,0.00948384557480697,-0.00605382605775473,-0.022834295344571376,-0.06739631746224428,-0.012568600200840052,0.05397277469818107
2023-05-02,0.23043555742764335,0.28997537484508024,0.05953981741743688,113790,493804,0.013189055353506979,0.023218070662223245,0.17969944856810113,0.3856866239178324,0.2059871753497313,25614,142538,0.018889251630389042,0.010301151698153542,2023-05-02,0.00948384557480697,-0.00605382605775473,-0.0024500222912058334,-0.018858035935282125,0.0155376716325617,-0.0057001962768820635,0.013189055353506979,0.004296479886658405,-0.006549019919927707,-0.011581211023154625,0.018889251630389042,0.03570522191071851,0.0004369675427084718,-0.015908168112087118,2023-05-30,-0.016569508417235812,-0.005138618013595997,0.007967322997456172,0.0024153479853974424,-0.03755434100549948,-0.11029315155944218,-0.029659122905509427,0.062230840649804886
2023-05-09,0.21386604901040754,0.2764480654242886,0.06258201641388107,110986,518951,-0.016569508417235812,-0.005678366315380191,0.17456083055450514,0.3865172401938877,0.2119564096393826,25389,145445,-0.005138618013595997,-0.001578526428040242,2023-05-09,0.007967322997456172,0.0024153479853974424,0.0146019406090101,-0.00431515929086812,0.00555197501205873,-0.011430890403639815,-0.016569508417235812,0.013189055353506979,0.004296479886658405,-0.006549019919927707,-0.005138618013595997,0.018889251630389042,0.03570522191071851,0.0004369675427084718,2023-06-06,-0.01460076823038639,-0.08365109093883784,-0.02220000321791904,0.051580416519364736,0.0002705218432003942,-0.10206552697362156,-0.035979796097335814,0.045163742538012475
2023-05-16,0.19926528078002115,0.2678754848303669,0.06861020405034571,103983,521832,-0.01460076823038639,-0.013494530312110392,0.0909097396156673,0.3220873561249902,0.2311776165093229,12740,140139,-0.08365109093883784,-0.086967582247585,2023-05-16,-0.02220000321791904,0.051580416519364736,-0.007437008307456416,0.05218920001989824,-0.07378041973728378,0.06905032270845145,-0.01460076823038639,-0.016569508417235812,0.013189055353506979,0.004296479886658405,-0.08365109093883784,-0.005138618013595997,0.018889251630389042,0.03570522191071851,2023-06-13,-0.004853074050456152,0.002504139859800511,-0.007819765555184155,0.006030836251173621,-0.026838981744220558,-0.006432998830632239,-0.023700526269903044,-0.020485841708108854
2023-05-23,0.194412206729565,0.26832679301995493,0.07391458629038991,93139,479080,-0.004853074050456152,-0.02078063438041362,0.09341387947546781,0.3187711801974363,0.22535730072196847,12680,135740,0.002504139859800511,-0.0004281463404191553,2023-05-23,-0.007819765555184155,0.006030836251173621,-0.012568600200840052,0.05397277469818107,-0.013850601806357776,-0.007357213910256663,-0.004853074050456152,-0.01460076823038639,-0.016569508417235812,0.013189055353506979,0.002504139859800511,-0.08365109093883784,-0.005138618013595997,0.018889251630389042,2023-06-20,-0.0015309903074211262,-0.024007582466808855,-0.007606677129862405,0.0022042398938690866,-0.02082184792425859,-0.026220022314827576,-0.020266086795872162,-0.008575516555161311
2023-05-30,0.19288121642214387,0.27341468026650945,0.08053346384436559,86703,449515,-0.0015309903074211262,-0.013434081990481756,0.06940629700865895,0.2933939035616192,0.2239876065529603,9274,133619,-0.024007582466808855,-0.025092087814940326,2023-05-30,-0.007606677129862405,0.0022042398938690866,-0.029659122905509427,0.062230840649804886,-0.009810917023731491,0.02247659215938773,-0.0015309903074211262,-0.004853074050456152,-0.01460076823038639,-0.016569508417235812,-0.024007582466808855,0.002504139859800511,-0.08365109093883784,-0.005138618013595997,2023-06-27,0.021255354431464063,0.00308900657222462,0.0016466498056297851,-0.014651750126394969,-0.03154458264414586,0.01890783114642927,-0.024185933570488594,-0.009048477822964252
2023-06-06,0.21413657085360793,0.2772970953538956,0.06316052450028764,93428,436301,0.021255354431464063,0.01496056861283828,0.07249530358088357,0.27218196720122434,0.19968666362034077,9995,137871,0.00308900657222462,0.005395939200263436,2023-06-06,0.0016466498056297851,-0.014651750126394969,-0.035979796097335814,0.045163742538012475,0.016298399932024754,0.018166347859239443,0.021255354431464063,-0.0015309903074211262,-0.004853074050456152,-0.01460076823038639,0.00308900657222462,-0.024007582466808855,0.002504139859800511,-0.08365109093883784,2023-07-03,-0.04171027181780734,0.011981437204151485,-0.00992073339048627,-0.014069167726756593,-0.02856445264701646,0.013118351255204205,-0.0214525293650496,0.008554381712743808
2023-06-13,0.1724262990358006,0.2552841546969494,0.08285785566114881,74643,432898,-0.04171027181780734,-0.043055138539677885,0.08447674078503506,0.25328072900755916,0.1688039882225241,12997,153853,0.011981437204151485,0.021773977123543023,2023-06-13,-0.00992073339048627,-0.014069167726756593,-0.023700526269903044,-0.020485841708108854,0.0041484343362703235,-0.05369170902195883,-0.04171027181780734,0.021255354431464063,-0.0015309903074211262,-0.004853074050456152,0.011981437204151485,0.00308900657222462,-0.024007582466808855,0.002504139859800511,2023-07-11,0.0011640597695058152,-0.017282883624394826,-0.0043853260811532735,0.017941161404121164,-0.0017969139332486839,-0.03876749085570232,-0.006055722094866489,0.019096931404377404
2023-06-20,0.1735903588053064,0.2518371735720955,0.0782468147667891,76039,438037,0.0011640597695058152,0.0032247781232530525,0.06719385716064023,0.2443049668158262,0.17711110965518598,10256,152633,-0.017282883624394826,-0.017815707201029554,2023-06-20,-0.0043853260811532735,0.017941161404121164,-0.020266086795872162,-0.008575516555161311,-0.022326487485274438,0.01844694339390064,0.0011640597695058152,-0.04171027181780734,0.021255354431464063,-0.0015309903074211262,-0.017282883624394826,0.011981437204151485,0.00308900657222462,-0.024007582466808855,2023-07-18,-0.012253725027308399,0.021120270994447993,-0.011526523904478836,0.0017312786260661461,0.0656069928034751,0.13496053162346466,0.021410319456234284,-0.05682162568349769
2023-06-27,0.161336633777998,0.2505644177177379,0.08922778393973987,69675,431861,-0.012253725027308399,-0.014528453075881718,0.08831412815508823,0.26922609744839704,0.18091196929330883,10906,123491,0.021120270994447993,0.004258581040797207,2023-06-27,-0.011526523904478836,0.0017312786260661461,-0.024185933570488594,-0.009048477822964252,-0.013257802530544982,-0.03337399602175639,-0.012253725027308399,0.0011640597695058152,-0.04171027181780734,0.021255354431464063,0.021120270994447993,-0.017282883624394826,0.011981437204151485,0.00308900657222462,2023-07-25,0.024235484428593468,-0.002700473319000446,0.004380054011068779,0.0029511094093130907,0.03877214952901453,0.0451185938697181,0.02621644807839907,-0.04904847856186212
2023-07-03,0.18557211820659147,0.2745529088543352,0.08898079064774374,83148,448063,0.024235484428593468,0.031197538096748724,0.08561365483608778,0.2870889085045577,0.20147525366846994,9796,114421,-0.002700473319000446,-0.008988509284077382,2023-07-03,0.004380054011068779,0.0029511094093130907,-0.0214525293650496,0.008554381712743808,0.0014289446017556884,0.026935957747593914,0.024235484428593468,-0.012253725027308399,0.0011640597695058152,-0.04171027181780734,-0.002700473319000446,0.021120270994447993,-0.017282883624394826,0.011981437204151485,2023-08-01,-0.014942733104039568,-0.039904404906755044,0.005476073879696841,-0.003526618035122997,-0.0034781364184931773,0.002204963432515916,0.011088657062792606,-0.048051005657584245
2023-07-11,0.1706293851025519,0.25745389821387915,0.08682451311132727,82443,483170,-0.014942733104039568,-0.0015734394493631476,0.045709249929332736,0.2620674747676294,0.21635822483829667,5498,120282,-0.039904404906755044,-0.03756303475760568,2023-07-11,0.005476073879696841,-0.003526618035122997,-0.006055722094866489,0.019096931404377404,0.009002691914819838,0.024961671802715475,-0.014942733104039568,0.024235484428593468,-0.012253725027308399,0.0011640597695058152,-0.039904404906755044,-0.002700473319000446,0.021120270994447993,-0.017282883624394826,2023-08-08,0.0685679665062296,0.15644513885477218,0.0230807154699475,-0.05797739568375393,-0.03362233206567833,-0.07318125841579291,-0.004523996472197034,0.00972808047485385
2023-07-18,0.2391973516087815,0.3062492740155651,0.06705192240678359,115318,482104,0.0685679665062296,0.06804023428606909,0.2021543887841049,0.3661984298291605,0.1640440410450556,29689,146863,0.15644513885477218,0.20111903692988145,2023-07-18,0.0230807154699475,-0.05797739568375393,0.021410319456234284,-0.05682162568349769,0.08105811115370143,-0.08787717234854259,0.0685679665062296,-0.014942733104039568,0.024235484428593468,-0.012253725027308399,0.15644513885477218,-0.039904404906755044,-0.002700473319000446,0.021120270994447993,2023-08-15,-0.03908856830176896,-0.06872166675929858,-0.006720395282314051,0.009504425747701717,-0.17108099847198377,-0.250412537320805,-0.039146675370278494,0.06722927606437512
2023-07-25,0.20010878330701254,0.27847476563287527,0.07836598232586271,95287,476176,-0.03908856830176896,-0.04154912632958864,0.13343272202480633,0.3276491170744326,0.19421639504962626,19601,146898,-0.06872166675929858,-0.06868986742746641,2023-07-25,-0.006720395282314051,0.009504425747701717,0.02621644807839907,-0.04904847856186212,-0.016224821030015768,0.029633098457529622,-0.03908856830176896,0.0685679665062296,-0.014942733104039568,0.024235484428593468,-0.06872166675929858,0.15644513885477218,-0.039904404906755044,-0.002700473319000446,2023-08-22,-0.018014801518914242,-0.04561410375620263,-0.010747737004537683,0.003948582313590965,-0.17893683004382627,-0.12331419700285726,-0.03520487061354327,0.01743894263530521
2023-08-01,0.1820939817880983,0.28176329079641227,0.09966930900831393,80009,439383,-0.018014801518914242,-0.032084775377171464,0.0878186182686037,0.3092730577640872,0.2214544394954835,12658,144138,-0.04561410375620263,-0.04726408800664406,2023-08-01,-0.010747737004537683,0.003948582313590965,0.011088657062792606,-0.048051005657584245,-0.014696319318128648,0.02759930223728839,-0.018014801518914242,-0.03908856830176896,0.0685679665062296,-0.014942733104039568,-0.04561410375620263,-0.06872166675929858,0.15644513885477218,-0.039904404906755044,2023-08-29,-0.04508692875122472,-0.11529062675506387,-0.010136579655292799,0.0542524680973151,-0.09347277972669894,0.03425437810898625,-0.0032748431770013298,-0.02194197050939284
2023-08-08,0.13700705303687358,0.26787279753319043,0.13086574449631685,58606,427759,-0.04508692875122472,-0.04871148861016471,-0.027472008486460173,0.23239677107628368,0.25986877956274385,-3781,137631,-0.11529062675506387,-0.11405042389931871,2023-08-08,-0.010136579655292799,0.0542524680973151,-0.004523996472197034,0.00972808047485385,-0.0643890477526079,0.07020369800383915,-0.04508692875122472,-0.018014801518914242,-0.03908856830176896,0.0685679665062296,-0.11529062675506387,-0.04561410375620263,-0.06872166675929858,0.15644513885477218,2023-09-05,-0.06889069990007585,-0.020786140050239894,-0.011541963428133961,-0.0004762000942326594,-0.02219461914549231,0.13152645231592563,0.0,-0.03248111087561689
2023-08-15,0.06811635313679773,0.26093895219447844,0.19282259905768073,29536,433611,-0.06889069990007585,-0.06795882728358725,-0.04825814853670007,0.2294251709293492,0.2776833194660493,-6670,138215,-0.020786140050239894,-0.020990910478017308,2023-08-15,-0.011541963428133961,-0.0004762000942326594,-0.039146675370278494,0.06722927606437512,-0.011065763333901302,-0.04810455984983596,-0.06889069990007585,-0.04508692875122472,-0.018014801518914242,-0.03908856830176896,-0.020786140050239894,-0.11529062675506387,-0.04561410375620263,-0.06872166675929858,2023-09-12,-0.04694439987361146,0.058376673558649145,-0.002778590525578828,-0.040285907681368194,0.01023667176455556,0.05279155849104671,0.005083659562289178,-0.016926754963327184
2023-08-22,0.021171953263186275,0.2442479645034504,0.22307601124026413,9109,430239,-0.04694439987361146,-0.04710904474286861,0.010118525021949078,0.2670251682762657,0.25690664325431667,1383,136680,0.058376673558649145,0.05826429837571899,2023-08-22,-0.002778590525578828,-0.040285907681368194,-0.03520487061354327,0.01743894263530521,0.037507317155789366,-0.1053210734322606,-0.04694439987361146,-0.06889069990007585,-0.04508692875122472,-0.018014801518914242,0.058376673558649145,-0.020786140050239894,-0.11529062675506387,-0.04561410375620263,2023-09-19,0.06744924879821308,0.11195447135564088,0.021182290432004258,-0.035432330831107084,0.08700512935680378,0.0006489562303869257,0.01756205810573963,0.02645510191254319
2023-08-29,0.08862120206139935,0.27237435807102883,0.1837531560096295,39242,442806,0.06744924879821308,0.07003781619053596,0.12207299637758995,0.3220685517026809,0.19999555532509092,16479,134993,0.11195447135564088,0.11044776119402985,2023-08-29,0.021182290432004258,-0.035432330831107084,-0.0032748431770013298,-0.02194197050939284,0.05661462126311134,-0.044505222557427795,0.06744924879821308,-0.04694439987361146,-0.06889069990007585,-0.04508692875122472,0.11195447135564088,0.058376673558649145,-0.020786140050239894,-0.11529062675506387,2023-09-26,0.026191231829981912,-0.018018552548124483,-0.006861736478291469,0.043713327731091045,-0.034817428129991244,-0.08033963980183285,-0.020160707544548018,0.060028792485975924
2023-09-05,0.11481243389138127,0.27405897800634643,0.15924654411496517,50365,438672,0.026191231829981912,0.025119352492965315,0.10405444382946546,0.29734407034666627,0.1932896265172008,13348,128279,-0.018018552548124483,-0.02319379523382694,2023-09-05,-0.006861736478291469,0.043713327731091045,0.0,-0.03248111087561689,-0.050575064209382514,0.044209784378106395,0.026191231829981912,0.06744924879821308,-0.04694439987361146,-0.06889069990007585,-0.018018552548124483,0.11195447135564088,0.058376673558649145,-0.020786140050239894,2023-10-03,-0.036459408990027975,-0.09952103387511882,-0.006458303865844783,0.015078155818057049,-0.13234616330472831,-0.12193329672226386,-0.054527569862168335,0.05036985522768145
2023-09-12,0.07835302490135329,0.26684359991931483,0.18849057501796151,34571,441221,-0.036459408990027975,-0.03600412153043732,0.004533409954346646,0.25312869137694344,0.24859528142259682,568,125292,-0.09952103387511882,-0.09962659515587119,2023-09-12,-0.006458303865844783,0.015078155818057049,0.005083659562289178,-0.016926754963327184,-0.021536459683901832,0.06306162488509084,-0.036459408990027975,0.026191231829981912,0.06744924879821308,-0.04694439987361146,-0.09952103387511882,-0.018018552548124483,0.11195447135564088,0.058376673558649145,2023-10-10,0.029824057718636762,0.006234071297989357,0.009699808017871625,0.003095949194502179,-0.13967504396668906,-0.04349506261519046,-0.028343172930937577,0.027618868670090002
2023-09-19,0.10817708261999005,0.2765991444445966,0.1684220618246066,47390,438078,0.029824057718636762,0.02905346753667663,0.010767481252336003,0.26004182935848397,0.24927434810614796,1354,125749,0.006234071297989357,0.006273345464993775,2023-09-19,0.009699808017871625,0.003095949194502179,0.01756205810573963,0.02645510191254319,0.006603858823369446,0.023589986420647406,0.029824057718636762,-0.036459408990027975,0.026191231829981912,0.06744924879821308,0.006234071297989357,-0.09952103387511882,-0.018018552548124483,0.11195447135564088,2023-10-17,-0.054373308688581944,0.030965875323421092,-0.01654047521828339,-0.0018586402576743488,-0.07381936470224565,0.016133198139446595,-0.005202707877598023,0.011389300012451642
2023-09-26,0.05380377393140811,0.2632294201368165,0.20942564620540838,23438,435620,-0.054373308688581944,-0.054675194828318244,0.041733356575757094,0.259250748775811,0.2175173922000539,5267,126206,0.030965875323421092,0.03111754367827975,2023-09-26,-0.01654047521828339,-0.0018586402576743488,-0.020160707544548018,0.060028792485975924,-0.014681834960609041,-0.08533918401200304,-0.054373308688581944,0.029824057718636762,-0.036459408990027975,0.026191231829981912,0.030965875323421092,0.006234071297989357,-0.09952103387511882,-0.018018552548124483,2023-10-24,-0.07133750334475517,-0.05961220946855549,-0.041228598795911786,0.03405439047279657,0.06647861393765092,0.01669542225953892,0.037139241735396844,0.03428067028216297
2023-10-03,-0.017533729413347063,0.2330564483588652,0.25059017777221226,-7561,431226,-0.07133750334475517,-0.07116064459850328,-0.0178788528927984,0.23378388042623185,0.2516627333190303,-2250,125847,-0.05961220946855549,-0.059561352075178674,2023-10-03,-0.041228598795911786,0.03405439047279657,-0.054527569862168335,0.05036985522768145,-0.07528298926870836,-0.011725293876199673,-0.07133750334475517,-0.054373308688581944,0.029824057718636762,-0.036459408990027975,-0.05961220946855549,0.030965875323421092,0.006234071297989357,-0.09952103387511882,2023-10-31,-0.043788289651988714,-0.021082799768045418,0.019726093065385975,-0.0076728307395343975,0.17482406501089903,0.054504981902114946,0.08457971431235478,0.008342959667646532
2023-10-10,-0.06132201906533578,0.21519866024893528,0.27652067931427105,-26767,436499,-0.043788289651988714,-0.04453813081771507,-0.03896165266084382,0.23544746438163044,0.2744091170424743,-4947,126971,-0.021082799768045418,-0.021430785000834347,2023-10-10,0.019726093065385975,-0.0076728307395343975,-0.028343172930937577,0.027618868670090002,0.027398923804920372,-0.022705489883943296,-0.043788289651988714,-0.07133750334475517,-0.054373308688581944,0.029824057718636762,-0.021082799768045418,-0.05961220946855549,0.030965875323421092,0.006234071297989357,2023-11-07,0.09567973698308017,0.06586233205262641,0.03284027307121118,-0.013133619463136181,0.2228487757088166,0.04163192037425543,0.05667205477371606,0.019821900717524876
2023-10-17,0.0343577179177444,0.23819955821566446,0.20384184029792007,15103,439581,0.09567973698308017,0.09592232742801243,0.026900679391782596,0.25094629569718535,0.2240456163054028,3326,123640,0.06586233205262641,0.06515661056461712,2023-10-17,0.03284027307121118,-0.013133619463136181,-0.005202707877598023,0.011389300012451642,0.04597389253434736,0.02981740493045376,0.09567973698308017,-0.043788289651988714,-0.07133750334475517,-0.054373308688581944,0.06586233205262641,-0.021082799768045418,-0.05961220946855549,0.030965875323421092,2023-11-14,0.08592466995131462,0.03152809944351342,0.025801474394711477,0.021032730012036982,0.09780526288507663,0.02283008470416329,0.02125438326594331,0.009374937358958668
2023-10-24,0.12028238786905902,0.2642121706409825,0.14392978277192348,55748,463476,0.08592466995131462,0.09246305004083434,0.058428778835296014,0.23888530408130343,0.18045652524600742,7244,123980,0.03152809944351342,0.031688773859592366,2023-10-24,0.025801474394711477,0.021032730012036982,0.037139241735396844,0.03428067028216297,0.004768744382674495,0.0543965705078012,0.08592466995131462,0.09567973698308017,-0.043788289651988714,-0.07133750334475517,0.03152809944351342,0.06586233205262641,-0.021082799768045418,-0.05961220946855549,2023-11-21,0.03700794772849293,-0.021802649825979466,0.006211873781046151,0.00811667985828013,0.0353637298779617,0.02694860423513344,0.01303308774203149,-0.022025421305360116
2023-10-31,0.15729033559755196,0.2944696179971753,0.13717928239962338,74840,475808,0.03700794772849293,0.041193071485902184,0.03662612900931655,0.2214083082442374,0.18478217923492085,4635,126549,-0.021802649825979466,-0.021043716728504597,2023-10-31,0.006211873781046151,0.00811667985828013,0.08457971431235478,0.008342959667646532,-0.001904806077233978,0.0588105975544724,0.03700794772849293,0.08592466995131462,0.09567973698308017,-0.043788289651988714,-0.021802649825979466,0.03152809944351342,0.06586233205262641,-0.021082799768045418,2023-11-28,0.004236421045928862,-0.033955861295904936,-0.008181566473252744,0.0038061103103439464,0.06992450130802455,0.13414659565002915,0.02769695349022161,-0.060743360535922886
2023-11-07,0.16152675664348082,0.2903063299659129,0.12877957332243206,78235,484347,0.004236421045928862,0.007135231017553299,0.00267026771341161,0.19422001480091247,0.19154974708750086,350,131073,-0.033955861295904936,-0.03386040189965942,2023-11-07,-0.008181566473252744,0.0038061103103439464,0.05667205477371606,0.019821900717524876,-0.01198767678359669,0.0381922823418338,0.004236421045928862,0.03700794772849293,0.08592466995131462,0.09567973698308017,-0.033955861295904936,-0.021802649825979466,0.03152809944351342,0.06586233205262641,2023-12-05,-0.0293637758406598,0.047060496382534275,-0.002577398436561573,-0.02358058282170239,0.0628711025024341,0.1513872480465363,0.024667219645296612,-0.040233090583359665
2023-11-14,0.13216298080282102,0.2731498415647078,0.14098686076188677,64315,486634,-0.0293637758406598,-0.028739725857701192,0.04973076409594589,0.22641775325234006,0.17668698915639416,6705,134826,0.047060496382534275,0.04848443233923081,2023-11-14,-0.002577398436561573,-0.02358058282170239,0.02125438326594331,0.009374937358958668,0.021003184385140816,-0.07642427222319408,-0.0293637758406598,0.004236421045928862,0.03700794772849293,0.08592466995131462,0.047060496382534275,-0.033955861295904936,-0.021802649825979466,0.03152809944351342,2023-12-12,0.023483136944199706,0.03564661897448357,0.017580178870799656,-0.010367628652281802,0.07111446584450981,0.01481299116354727,0.0074944163783738915,0.023205280921976712
2023-11-21,0.15564611774702072,0.283974753603748,0.1283286358567273,79135,508429,0.023483136944199706,0.030454098973766733,0.08537738307042946,0.24795098747143293,0.16257360440100346,11469,134333,0.03564661897448357,0.0353344310444573,2023-11-21,0.017580178870799656,-0.010367628652281802,0.01303308774203149,-0.022025421305360116,0.027947807523081458,-0.012163482030283862,0.023483136944199706,-0.0293637758406598,0.004236421045928862,0.03700794772849293,0.03564661897448357,0.047060496382534275,-0.033955861295904936,-0.021802649825979466,2023-12-19,0.07156871915855578,0.08539534158891625,0.02087573952923627,-0.03060125937228264,0.06936494826877718,0.031213103722881344,0.02018867259117396,0.00831637688199205
2023-11-28,0.2272148369055765,0.3355924359942886,0.10837759908871214,114893,505658,0.07156871915855578,0.07033037061221921,0.1707727246593457,0.32774679468751794,0.15697407002817226,23762,139144,0.08539534158891625,0.09151139332851943,2023-11-28,0.02087573952923627,-0.03060125937228264,0.02769695349022161,-0.060743360535922886,0.05147699890151891,-0.013826622430360466,0.07156871915855578,0.023483136944199706,-0.0293637758406598,0.004236421045928862,0.08539534158891625,0.03564661897448357,0.047060496382534275,-0.033955861295904936,2023-12-26,-0.002816977759661582,-0.016715208899397788,-0.011211300318177742,0.024316380262907167,-0.010555598858021126,-0.042949456669573394,0.012914278602890406,0.04483185053326011
2023-12-05,0.22439785914591492,0.32803521864980134,0.1036373595038864,109387,487469,-0.002816977759661582,-0.01088878253681342,0.15405751575994792,0.31378217283349913,0.15972465707355119,21530,139753,-0.016715208899397788,-0.016040936008739147,2023-12-05,-0.011211300318177742,0.024316380262907167,0.024667219645296612,-0.040233090583359665,-0.03552768058108491,0.013898231139736206,-0.002816977759661582,0.07156871915855578,0.023483136944199706,-0.0293637758406598,-0.016715208899397788,0.08539534158891625,0.03564661897448357,0.047060496382534275,2024-01-02,-0.021120412498584096,-0.08951376050045476,-0.019750201703484294,0.03985778868363399,-0.00625866447963197,-0.034873993770710585,0.018895988540007735,0.040372766305518226
2023-12-12,0.20327744664733083,0.31841153851882903,0.11513409187149821,95528,469939,-0.021120412498584096,-0.028430525838566145,0.06454375525949316,0.24926832537738028,0.18472457011788712,8667,134281,-0.08951376050045476,-0.0920409579758574,2023-12-12,-0.019750201703484294,0.03985778868363399,0.0074944163783738915,0.023205280921976712,-0.05960799038711828,0.06839334800187066,-0.021120412498584096,-0.002816977759661582,0.07156871915855578,0.023483136944199706,-0.08951376050045476,-0.016715208899397788,0.08539534158891625,0.03564661897448357,2024-01-09,0.021733619368467072,0.05204673153381764,0.030274435083599727,-0.025256532692266465,-0.02269322579559896,-0.0012974979105629253,0.023909314061395293,0.016261100545014173
2023-12-19,0.2250110660157979,0.32355783318059117,0.09854676716479324,108276,481203,0.021733619368467072,0.027126924983880887,0.1165904867933108,0.27386337799590743,0.15727289120259666,14871,127549,0.05204673153381764,0.04620162197183518,2023-12-19,0.030274435083599727,-0.025256532692266465,0.02018867259117396,0.00831637688199205,0.05553096777586619,-0.03031311216535057,0.021733619368467072,-0.021120412498584096,-0.002816977759661582,0.07156871915855578,0.05204673153381764,-0.08951376050045476,-0.016715208899397788,0.08539534158891625,2024-01-16,-0.00835182796824252,0.011232781196461511,0.013601345540952714,0.005914214278985419,-0.05492478547939536,-0.06943082751294462,-0.006471490827895998,0.04331788538191139
2023-12-26,0.21665923804755538,0.3109864188560741,0.09432718080851869,106454,491343,-0.00835182796824252,-0.003786343809161622,0.1278232679897723,0.278110921709485,0.15028765371971264,16797,131408,0.011232781196461511,0.015100079185254295,2023-12-26,0.013601345540952714,0.005914214278985419,0.012914278602890406,0.04483185053326011,0.007687131261967295,-0.01958460916470403,-0.00835182796824252,0.021733619368467072,-0.021120412498584096,-0.002816977759661582,0.011232781196461511,0.05204673153381764,-0.08951376050045476,-0.016715208899397788,2024-01-23,0.0014799566187275737,-0.008639746000534979,-0.005229590381060412,0.019857296035165284,-0.08565114998903287,-0.14696954874898654,-0.019860026885430315,0.05834503188264595
2024-01-02,0.21813919466628295,0.30854338041905494,0.09040418575277198,109149,500364,0.0014799566187275737,0.0054849667136806675,0.11918352198923733,0.28520319168676933,0.166019669697532,16057,134725,-0.008639746000534979,-0.005631316206014854,2024-01-02,-0.005229590381060412,0.019857296035165284,0.018895988540007735,0.040372766305518226,-0.025086886416225695,0.010119702619262552,0.0014799566187275737,-0.00835182796824252,0.021733619368467072,-0.021120412498584096,-0.008639746000534979,0.011232781196461511,0.05204673153381764,-0.08951376050045476,2024-01-30,-0.037554973814551085,-0.0559372646403071,-0.014736876182096736,0.015746122923129935,-0.08795012958104564,-0.08746480860747027,-0.011231063171575073,0.010244976173581666
2024-01-09,0.18058422085173187,0.2742334882790411,0.09364926742730924,88459,489849,-0.037554973814551085,-0.041349897274783956,0.06324625734893023,0.24540881265531245,0.1821625553063822,8348,131992,-0.0559372646403071,-0.05722026349972165,2024-01-09,-0.014736876182096736,0.015746122923129935,0.023909314061395293,0.016261100545014173,-0.03048299910522667,0.018382290825756015,-0.037554973814551085,0.0014799566187275737,-0.00835182796824252,0.021733619368467072,-0.0559372646403071,-0.008639746000534979,0.011232781196461511,0.05204673153381764,2024-02-06,-0.01049794031532933,-0.01608659806856405,-0.00010636980569156407,0.001800252144630754,-0.01817527450926751,-0.09446126009780523,0.0032937257943821407,0.026903580273991867
2024-01-16,0.17008628053640254,0.26756979895122757,0.09748351841482505,83229,489334,-0.01049794031532933,-0.01067675957284796,0.04715965928036618,0.2402164357816242,0.193056776501258,6223,131956,-0.01608659806856405,-0.01609946057336808,2024-01-16,-0.00010636980569156407,0.001800252144630754,-0.006471490827895998,0.04331788538191139,-0.001906621950322318,0.0055886577532347215,-0.01049794031532933,-0.037554973814551085,0.0014799566187275737,-0.00835182796824252,-0.01608659806856405,-0.0559372646403071,-0.008639746000534979,0.011232781196461511,2024-02-13,-0.039078192477880025,-0.06630594003958042,0.0002128094834183969,0.020941360779719975,-0.08887186649878004,-0.10604758669802927,-0.01815109901651013,0.01878207458015213
2024-01-23,0.13100808805852251,0.23890253116735927,0.10789444310883677,61033,465872,-0.039078192477880025,-0.045359611226687704,-0.019146280759214238,0.21234047771918307,0.2314867584783973,-2654,138617,-0.06630594003958042,-0.06727242414138046,2024-01-23,0.0002128094834183969,0.020941360779719975,-0.019860026885430315,0.05834503188264595,-0.02072855129630158,0.02722774756170039,-0.039078192477880025,-0.01049794031532933,-0.037554973814551085,0.0014799566187275737,-0.06630594003958042,-0.01608659806856405,-0.0559372646403071,-0.008639746000534979,2024-02-20,-0.000819022973285205,0.05086499414098129,0.0033993733327948306,-0.028242759673899,-0.00836613828661989,0.052744763540418196,-0.00255711465255537,-0.02852006350795344
2024-01-30,0.1301890650852373,0.2511874663047722,0.12099840121953487,56024,430328,-0.000819022973285205,-0.010751880344815744,0.03171871338176705,0.24050855401921725,0.2087898406374502,4331,136544,0.05086499414098129,0.050390644726115846,2024-01-30,0.0033993733327948306,-0.028242759673899,-0.011231063171575073,0.010244976173581666,0.03164213300669383,-0.0516840171142665,-0.000819022973285205,-0.039078192477880025,-0.01049794031532933,-0.037554973814551085,0.05086499414098129,-0.06630594003958042,-0.01608659806856405,-0.0559372646403071,2024-02-27,0.03221988125722705,-0.06293371613064205,-0.00021208721613952264,0.032404727023540136,0.006371447566910687,-0.059997861752062516,-0.0031333642759596714,0.026562344378631586
2024-02-06,0.16240894634246436,0.2727517828980175,0.11034283655555317,68069,419121,0.03221988125722705,0.027990277183915526,-0.031215002748875,0.21788058344023403,0.24909558618910901,-4599,147333,-0.06293371613064205,-0.06540016404968362,2024-02-06,-0.00021208721613952264,0.032404727023540136,0.0032937257943821407,0.026903580273991867,-0.03261681423967966,0.0951535973878691,0.03221988125722705,-0.000819022973285205,-0.039078192477880025,-0.01049794031532933,-0.06293371613064205,0.05086499414098129,-0.06630594003958042,-0.01608659806856405,2024-03-05,-0.08119453230484186,-0.0276729246687881,-0.021551194616583835,-0.006321253549208983,0.07032912870163932,0.13624528085362164,0.04480450343480946,-0.010211732390362105
2024-02-13,0.0812144140376225,0.239161430757678,0.1579470167200555,34176,420812,-0.08119453230484186,-0.08086686183703513,-0.0588879274176631,0.21635724774491294,0.275245175162576,-8983,152544,-0.0276729246687881,-0.029755723429238528,2024-02-13,-0.021551194616583835,-0.006321253549208983,-0.01815109901651013,0.01878207458015213,-0.015229941067374853,-0.053521607636053764,-0.08119453230484186,0.03221988125722705,-0.000819022973285205,-0.039078192477880025,-0.0276729246687881,-0.06293371613064205,0.05086499414098129,-0.06630594003958042,2024-03-12,0.041427535734280124,0.09248641019886705,0.015806793847373157,-0.026360777308385597,0.19217205296117804,0.23735112638814757,0.07945473603405073,-0.009987646129091754
2024-02-20,0.12264194977190263,0.24281253761702734,0.12017058784512472,49923,407063,0.041427535734280124,0.03742051082193473,0.033598482781203955,0.2473121213775037,0.21371363859629974,4925,146584,0.09248641019886705,0.09117369414726242,2024-02-20,0.015806793847373157,-0.026360777308385597,-0.00255711465255537,-0.02852006350795344,0.042167571155758754,-0.05105887446458693,0.041427535734280124,-0.08119453230484186,0.03221988125722705,-0.000819022973285205,0.09248641019886705,-0.0276729246687881,-0.06293371613064205,0.05086499414098129,2024-03-19,0.013918562880245372,-0.06187763115149942,0.0028231237093905293,0.02683964821268603,0.144429914942786,0.20878500051012375,0.06369804236795762,-0.014773627729764982
2024-02-27,0.136560512652148,0.2526416906820365,0.1160811780298885,56153,411195,0.013918562880245372,0.01530475626622906,-0.028279148370295465,0.2305827596237758,0.25886190799407127,-4083,144382,-0.06187763115149942,-0.061452818861540144,2024-02-27,0.0028231237093905293,0.02683964821268603,-0.0031333642759596714,0.026562344378631586,-0.0240165245032955,0.07579619403174478,0.013918562880245372,0.041427535734280124,-0.08119453230484186,0.03221988125722705,-0.06187763115149942,0.09248641019886705,-0.0276729246687881,-0.06293371613064205,2024-03-26,0.09617756239195568,0.13330942647504213,0.04772578049462961,-0.004369349745453555,0.13306553124411166,0.21501625440982716,0.07004196335754376,-0.012503148284864096
2024-03-05,0.23273807504410368,0.30767828063509295,0.07494020559098928,109763,471616,0.09617756239195568,0.13037609893116406,0.10503027810474665,0.28757817707373107,0.18254789896898443,14812,141026,0.13330942647504213,0.13086811375379204,2024-03-05,0.04772578049462961,-0.004369349745453555,0.04480450343480946,-0.010211732390362105,0.052095130240083165,-0.03713186408308644,0.09617756239195568,0.013918562880245372,0.041427535734280124,-0.08119453230484186,0.13330942647504213,-0.06187763115149942,0.09248641019886705,-0.0276729246687881,2024-04-02,0.040648391954696855,0.07343292086573781,0.013099037982657435,-0.006097167287938632,0.06139545293837792,0.09458847950061951,0.06716892430492383,-0.028267105223739097
2024-03-12,0.27338646699880054,0.3371604299525052,0.06377396295370473,141083,516057,0.040648391954696855,0.06640996064594924,0.17846319897048446,0.31495011554374747,0.13648691657326303,25794,144534,0.07343292086573781,0.07787216541630622,2024-03-12,0.013099037982657435,-0.006097167287938632,0.07945473603405073,-0.009987646129091754,0.019196205270596067,-0.03278452891104096,0.040648391954696855,0.09617756239195568,0.013918562880245372,0.041427535734280124,0.07343292086573781,0.13330942647504213,-0.06187763115149942,0.09248641019886705,2024-04-09,-0.006314602284111903,0.06392028432084323,5.01001812800439e-05,-0.031146758909058825,0.007152077063715567,0.03158055178210875,0.08571336470744217,-0.06643048362544679
2024-03-19,0.26707186471468863,0.3225660549447058,0.05549419023001718,142896,535047,-0.006314602284111903,0.003513177807877812,0.2423834832913277,0.3492171278582342,0.10683364456690651,37122,153154,0.06392028432084323,0.07837602225081988,2024-03-19,5.01001812800439e-05,-0.031146758909058825,0.06369804236795762,-0.014773627729764982,0.03119685909033887,-0.07023488660495514,-0.006314602284111903,0.040648391954696855,0.09617756239195568,0.013918562880245372,0.06392028432084323,0.07343292086573781,0.13330942647504213,-0.06187763115149942,2024-04-16,0.0025541791815710257,-0.055646377251796,0.009167044698976667,0.029110127657586915,-0.00655789797499956,-0.013750615681078743,0.1018408055036426,-0.022211773422712078
2024-03-26,0.26962604389625966,0.3236545006175021,0.05402845672124247,135795,503642,0.0025541791815710257,-0.013271731268468003,0.1867371060395317,0.3360070356209497,0.14926992958141796,29939,160327,-0.055646377251796,-0.04690050537367617,2024-03-26,0.009167044698976667,0.029110127657586915,0.07004196335754376,-0.012503148284864096,-0.019943082958610248,0.05820055643336702,0.0025541791815710257,-0.006314602284111903,0.040648391954696855,0.09617756239195568,-0.055646377251796,0.06392028432084323,0.07343292086573781,0.13330942647504213,2024-04-23,0.024507484086221942,0.012881651565834457,0.04485274144200968,-0.020133306684328556,0.005704271513552295,0.03741789566753556,0.06434009992581036,-0.04775683529080421
2024-04-02,0.2941335279824816,0.3461148496635303,0.05198132168104871,147080,500045,0.024507484086221942,0.022406788949293346,0.19961875760536615,0.34685265221222494,0.14723389460685876,33301,166823,0.012881651565834457,0.02096964329152295,2024-04-02,0.04485274144200968,-0.020133306684328556,0.06716892430492383,-0.028267105223739097,0.06498604812633824,0.011625832520387486,0.024507484086221942,0.0025541791815710257,-0.006314602284111903,0.040648391954696855,0.012881651565834457,-0.055646377251796,0.06392028432084323,0.07343292086573781,2024-04-30,-0.013594983919965498,0.010424993147227057,0.03164347838517578,-0.044260545689646325,-0.03436181204280586,0.004127146251772407,0.004636188360430005,-0.004133927870637599
2024-04-09,0.2805385440625161,0.34562977272997186,0.06509122866745577,141732,505214,-0.013594983919965498,-0.010695037446629804,0.2100437507525932,0.3417776681938336,0.13173391744124038,36631,174397,0.010424993147227057,0.019961276322809206,2024-04-09,0.03164347838517578,-0.044260545689646325,0.08571336470744217,-0.06643048362544679,0.07590402407482211,-0.024019977067192555,-0.013594983919965498,0.024507484086221942,0.0025541791815710257,-0.006314602284111903,0.010424993147227057,0.012881651565834457,-0.055646377251796,0.06392028432084323,2024-05-07,-0.02002457732282703,0.01858911685765574,0.016177540977480476,0.013071951293675887,-0.04254180922997389,0.001202449855309512,-0.01602327240749979,0.015574903284163
2024-04-16,0.2605139667396891,0.32852339455483737,0.06800942781514831,134736,517193,-0.02002457732282703,-0.013847597255816347,0.22863286761024895,0.34385950939789744,0.11522664178764848,40190,175784,0.01858911685765574,0.020407461137519567,2024-04-16,0.016177540977480476,0.013071951293675887,0.1018408055036426,-0.022211773422712078,0.0031055896838045882,-0.03861369418048277,-0.02002457732282703,-0.013594983919965498,0.024507484086221942,0.0025541791815710257,0.01858911685765574,0.010424993147227057,0.012881651565834457,-0.055646377251796,2024-05-14,0.01481634867012288,-0.004477865903181694,-0.028333660878855582,0.0035650657894947813,-0.01109336982066017,0.003004924081460858,-0.01424988215475853,-0.026959467213385047
2024-04-23,0.27533031540981195,0.34169557713428983,0.06636526172447792,142139,516249,0.01481634867012288,0.014313805484606326,0.22415500170706726,0.34175486514168657,0.11759986343461933,39393,175740,-0.004477865903181694,-0.004533973512947709,2024-04-23,-0.028333660878855582,0.0035650657894947813,0.06434009992581036,-0.04775683529080421,-0.03189872666835036,0.019294214573304574,0.01481634867012288,-0.02002457732282703,-0.013594983919965498,0.024507484086221942,-0.004477865903181694,0.01858911685765574,0.010424993147227057,0.012881651565834457,2024-05-21,-0.015558599470136214,-0.020409097849928698,-0.014851170123370672,0.023489600735838057,0.004589622923103609,-0.030675636118257715,0.04184826561821353,-0.11623911503700324
2024-04-30,0.25977171593967574,0.33061942203693406,0.07084770609725832,135027,519791,-0.015558599470136214,-0.013776297871763432,0.20374590385713856,0.33576045455911974,0.13201455070198118,33886,166315,-0.020409097849928698,-0.031336064640946855,2024-04-30,-0.014851170123370672,0.023489600735838057,0.004636188360430005,-0.004133927870637599,-0.03834077085920873,0.004850498379792484,-0.015558599470136214,0.01481634867012288,-0.02002457732282703,-0.013594983919965498,-0.020409097849928698,-0.004477865903181694,0.01858911685765574,0.010424993147227057,2024-05-28,-0.021774981107133523,0.007500296750764163,0.010984017617245989,-0.024551714534845726,0.046818317638801066,0.0005052024692087653,0.029393398033985108,-0.16600926419118123
2024-05-07,0.23799673483254222,0.31100248190474394,0.07300574707220173,126099,529835,-0.021774981107133523,-0.017176134253959766,0.21124620060790272,0.33911582276916996,0.1278696221612672,34194,161868,0.007500296750764163,0.0018519075248774916,2024-05-07,0.010984017617245989,-0.024551714534845726,-0.01602327240749979,0.015574903284163,0.035535732152091715,-0.029275277857897686,-0.021774981107133523,-0.015558599470136214,0.01481634867012288,-0.02002457732282703,0.007500296750764163,-0.020409097849928698,-0.004477865903181694,0.01858911685765574,2024-06-04,0.011423862086486686,0.020391591083807087,0.017950931230221734,-0.02946241920387216,0.10234535255304131,-0.020363595828470527,0.004936200446163497,-0.07597045204674258
2024-05-14,0.2494205969190289,0.32864966574370114,0.07922906882467225,130435,522952,0.011423862086486686,0.008183679824851133,0.2316377916917098,0.3513196515163009,0.11968185982459109,39696,171371,0.020391591083807087,0.03399065905552673,2024-05-14,0.017950931230221734,-0.02946241920387216,-0.01424988215475853,-0.026959467213385047,0.04741335043409389,-0.008967728997320401,0.011423862086486686,-0.021774981107133523,-0.015558599470136214,0.01481634867012288,0.020391591083807087,0.007500296750764163,-0.020409097849928698,-0.004477865903181694,2024-06-11,0.03049934141388666,-0.03815842610290027,0.02776448689411648,-0.08571458203412341,0.10072830764241797,-0.07223857789453195,-0.018231129277144653,-0.04018507470753674
2024-05-21,0.27991993833291556,0.35923149846114993,0.07931156012823437,148523,530591,0.03049934141388666,0.03458826049044654,0.19347936558880954,0.32965310652865815,0.13617374093984863,36170,186945,-0.03815842610290027,-0.020575243185836575,2024-05-21,0.02776448689411648,-0.08571458203412341,0.04184826561821353,-0.11623911503700324,0.11347906892823989,0.06865776751678693,0.03049934141388666,0.011423862086486686,-0.021774981107133523,-0.015558599470136214,-0.03815842610290027,0.020391591083807087,0.007500296750764163,-0.020409097849928698,2024-06-18,0.026670095245561243,0.010771740737537783,-0.027306037707599096,-0.026280548418339933,0.08155819239883566,-0.0176689411953892,-0.039850597350071126,0.0423582669076934
2024-05-28,0.3065900335784768,0.3593597429083493,0.05276970932987248,148828,485430,0.026670095245561243,0.0005748307076448714,0.20425110632634733,0.3367235428410677,0.13247243651472035,37755,184846,0.010771740737537783,0.008478429484607773,2024-05-28,-0.027306037707599096,-0.026280548418339933,0.029393398033985108,-0.16600926419118123,-0.0010254892892591627,0.01589835450802346,0.026670095245561243,0.03049934141388666,0.011423862086486686,-0.021774981107133523,0.010771740737537783,-0.03815842610290027,0.020391591083807087,0.007500296750764163,2024-06-25,0.03375205380710672,-0.01336850154691513,-0.013473179970575622,0.06548709760959293,0.04326732726541627,-0.009945826095675125,-0.016776845869213908,0.08539678548200813
2024-06-04,0.3403420873855835,0.38561927917620137,0.04527719179061785,152299,447488,0.03375205380710672,0.007150361535133799,0.1908826047794322,0.31641220100748385,0.12552959622805165,34331,179854,-0.01336850154691513,-0.01852352769332309,2024-06-04,-0.013473179970575622,0.06548709760959293,0.004936200446163497,-0.07597045204674258,-0.07896027758016855,0.04712055535402185,0.03375205380710672,0.026670095245561243,0.03049934141388666,0.011423862086486686,-0.01336850154691513,0.010771740737537783,-0.03815842610290027,0.020391591083807087,2024-07-02,0.009806817175863347,-0.03148339098225433,-0.005216398493086416,0.006322958135333678,-0.008683740674348295,0.01307411815947837,0.001346207686076184,0.003198445467754496
2024-06-11,0.35014890456144687,0.38553577028638664,0.03538686572493974,152965,436857,0.009806817175863347,0.001488308066361556,0.15939921379717786,0.2965700197686837,0.13717080597150583,28060,176036,-0.03148339098225433,-0.03486717003791964,2024-06-11,-0.005216398493086416,0.006322958135333678,-0.018231129277144653,-0.04018507470753674,-0.011539356628420094,0.04129020815811768,0.009806817175863347,0.03375205380710672,0.026670095245561243,0.03049934141388666,-0.03148339098225433,-0.01336850154691513,0.010771740737537783,-0.03815842610290027,2024-07-09,0.011329226170304352,0.01641121059624248,0.006145018821190007,-0.003171240418893273,-0.04517179716376635,0.07277941341958222,0.020383889651752973,-0.03105921429013314
2024-06-18,0.3614781307317512,0.39977720014853324,0.038299069416782,160621,444345,0.011329226170304352,0.017525185587045647,0.17581042439342034,0.30042750771495713,0.12461708332153676,31049,176605,0.01641121059624248,0.01697948146969938,2024-06-18,0.006145018821190007,-0.003171240418893273,-0.039850597350071126,0.0423582669076934,0.00931625924008328,-0.00508198442593813,0.011329226170304352,0.009806817175863347,0.03375205380710672,0.026670095245561243,0.01641121059624248,-0.03148339098225433,-0.01336850154691513,0.010771740737537783,2024-07-16,-0.011620769887858151,0.018494855837251856,-0.004232286226741877,0.0167579701559748,-0.04324379221672525,0.044273468526089266,0.05779502677069548,-0.001607049539451122
2024-06-25,0.3498573608438931,0.38646586611822464,0.036608505274331585,158202,452190,-0.011620769887858151,-0.005443968087859658,0.1943052802306722,0.3060070883642698,0.11170180813359765,32346,166470,0.018494855837251856,0.007344072931117465,2024-06-25,-0.004232286226741877,0.0167579701559748,-0.016776845869213908,0.08539678548200813,-0.020990256382716677,-0.030115625725110007,-0.011620769887858151,0.011329226170304352,0.009806817175863347,0.03375205380710672,0.018494855837251856,0.01641121059624248,-0.03148339098225433,-0.01336850154691513,2024-07-23,-0.018199014132657843,0.009651442708238367,0.00464987358471447,-0.01671124240466071,-0.06528931507816632,-0.03292379257265787,0.03669718761707674,0.026146950833940696
2024-07-02,0.33165834671123523,0.36876388186396325,0.03710553515272799,150815,454730,-0.018199014132657843,-0.016336053428868395,0.20395672293891057,0.3203769292417466,0.11642020630283602,31557,154724,0.009651442708238367,-0.004739592719408902,2024-07-02,0.00464987358471447,-0.01671124240466071,0.001346207686076184,0.003198445467754496,0.02136111598937518,-0.02785045684089621,-0.018199014132657843,-0.011620769887858151,0.011329226170304352,0.009806817175863347,0.009651442708238367,0.018494855837251856,0.01641121059624248,-0.03148339098225433,2024-07-30,-0.026681239313554705,0.028221904277849513,0.013821283472590373,-0.02793470162255396,-0.033439859842603725,-0.04405524575698014,0.03177772266801959,0.07496623020600035
2024-07-09,0.3049771073976805,0.3524569843741527,0.047479876976472137,157467,516324,-0.026681239313554705,0.014628460844896971,0.23217862721676008,0.3379705350853012,0.10579190786854115,37902,163245,0.028221904277849513,0.04100850546780073,2024-07-09,0.013821283472590373,-0.02793470162255396,0.020383889651752973,-0.03105921429013314,0.04175598509514433,-0.05490314359140422,-0.026681239313554705,-0.018199014132657843,-0.011620769887858151,0.011329226170304352,0.028221904277849513,0.009651442708238367,0.018494855837251856,0.01641121059624248,2024-08-06,0.013257231117345447,-0.01209473429725047,0.04355615594013251,0.026280924331788746,0.008738836802300753,-0.06690483149094215,0.009743734223052414,0.14185371711567418
2024-07-16,0.31823433851502597,0.3733681462140992,0.05513380769907323,184532,579862,0.013257231117345447,0.05241863636011496,0.2200838929195096,0.3351996207415942,0.1151157278220846,36675,166641,-0.01209473429725047,-0.007516309841036479,2024-07-16,0.04355615594013251,0.026280924331788746,0.05779502677069548,-0.001607049539451122,0.017275231608343766,0.025351965414595917,0.013257231117345447,-0.026681239313554705,-0.018199014132657843,-0.011620769887858151,-0.01209473429725047,0.028221904277849513,0.009651442708238367,0.018494855837251856,2024-08-13,-0.03366629274929922,-0.05870240526149528,-0.025330125380360613,0.04451197052936662,0.03346530091945549,-0.06227138235200949,-0.001007979628034228,0.11721208000484529
2024-07-23,0.28456804576572675,0.3456227961964404,0.061054750430713636,162860,572306,-0.03366629274929922,-0.037374409773359867,0.16138148765801433,0.2792827772332056,0.11790128957519128,25354,157106,-0.05870240526149528,-0.06793646221518114,2024-07-23,-0.025330125380360613,0.04451197052936662,0.03669718761707674,0.026146950833940696,-0.06984209590972723,0.025036112512196063,-0.03366629274929922,0.013257231117345447,-0.026681239313554705,-0.018199014132657843,-0.05870240526149528,-0.01209473429725047,0.028221904277849513,0.009651442708238367,2024-08-20,0.013650441102904753,-0.0014800104760838984,-0.0002695913643426806,0.032108036967398945,0.07819602106520857,0.04162424077870755,0.04343160032559812,0.03633537895089445
2024-07-30,0.2982184868686315,0.36324312898061123,0.06502464211197971,152364,510914,0.013650441102904753,-0.018339839176943804,0.15990147718193043,0.2502558819839273,0.09035440480199687,24215,151437,-0.0014800104760838984,-0.007249882245108398,2024-07-30,-0.0002695913643426806,0.032108036967398945,0.03177772266801959,0.07496623020600035,-0.032377628331741626,0.015130451578988652,0.013650441102904753,-0.03366629274929922,0.013257231117345447,-0.026681239313554705,-0.0014800104760838984,-0.05870240526149528,-0.01209473429725047,0.028221904277849513,2024-08-27,0.015497457331349773,0.005372318543887505,-0.008212704972376805,0.03895278528711987,0.08565797716936308,0.0744484765652538,0.04769386701053424,-0.009851643897932139
2024-08-06,0.3137159441999813,0.3751271728614674,0.06141122866148613,150786,480645,0.015497457331349773,-0.003088582422873517,0.16527379572581793,0.24764635311820085,0.08237255739238293,24384,147537,0.005372318543887505,0.001115975620224912,2024-08-06,-0.008212704972376805,0.03895278528711987,0.009743734223052414,0.14185371711567418,-0.04716549025949668,0.010125138787462268,0.015497457331349773,0.013650441102904753,-0.03366629274929922,0.013257231117345447,0.005372318543887505,-0.0014800104760838984,-0.05870240526149528,-0.01209473429725047,2024-09-03,0.03798369523450018,-0.007461285158317815,0.03280444208904587,0.0016392872209598508,0.06209401635846107,0.027954543514069646,0.04253505567089544,0.005095376397318496
2024-08-13,0.35169963943448146,0.40295568839548346,0.05125604896100199,177915,505872,0.03798369523450018,0.056442904846612366,0.15781251056750012,0.24215637871215145,0.08434386814465132,23334,147859,-0.007461285158317815,-0.007116858821854857,2024-08-13,0.03280444208904587,0.0016392872209598508,-0.001007979628034228,0.11721208000484529,0.03116515486808602,0.045444980392817996,0.03798369523450018,0.015497457331349773,0.013650441102904753,-0.03366629274929922,-0.007461285158317815,0.005372318543887505,-0.0014800104760838984,-0.05870240526149528,2024-09-10,0.011064427396453858,0.04519321786922176,0.019109454573271734,-0.03636473052458422,0.020645673673410803,0.04241391798731187,0.019797458396275225,-0.00045247231756784245
2024-08-20,0.3627640668309353,0.4168807601146252,0.054116693283689926,193305,532867,0.011064427396453858,0.03042271562766866,0.20300572843672188,0.26884873389302383,0.06584300545630196,29839,146986,0.04519321786922176,0.043994616492739703,2024-08-20,0.019109454573271734,-0.03636473052458422,0.04343160032559812,0.03633537895089445,0.055474185097855955,-0.0341287904727679,0.011064427396453858,0.03798369523450018,0.015497457331349773,0.013650441102904753,0.04519321786922176,-0.007461285158317815,0.005372318543887505,-0.0014800104760838984,2024-09-17,0.021112397207059264,0.031344225310462354,0.003992675320593442,-0.014078985881427641,0.0396617785972147,0.07876945736748137,0.020775500709811823,-0.018988930051115016
2024-08-27,0.3838764640379946,0.4177714232049663,0.03389495916697172,200291,521759,0.021112397207059264,0.01311021324270409,0.23434995374718423,0.3030512735412709,0.0687013197940867,33187,141613,0.031344225310462354,0.022777679506891812,2024-08-27,0.003992675320593442,-0.014078985881427641,0.04769386701053424,-0.009851643897932139,0.018071661202021083,-0.01023182810340309,0.021112397207059264,0.011064427396453858,0.03798369523450018,0.015497457331349773,0.031344225310462354,0.04519321786922176,-0.007461285158317815,0.005372318543887505,2024-09-24,-0.008066503479552234,-0.04112161450729665,-0.013371516312015608,0.05389980558237051,0.004032646191532208,0.05334720293198761,0.0529052066472131,-0.018326820471211924
2024-09-03,0.37580996055844235,0.41493066424591496,0.03912070368747261,192090,511136,-0.008066503479552234,-0.01571798474008115,0.19322833923988758,0.3076576438958817,0.11442930465599413,25299,130928,-0.04112161450729665,-0.055701100887630375,2024-09-03,-0.013371516312015608,0.05389980558237051,0.04253505567089544,0.005095376397318496,-0.06727132189438612,0.033055111027744416,-0.008066503479552234,0.021112397207059264,0.011064427396453858,0.03798369523450018,-0.04112161450729665,0.031344225310462354,0.04519321786922176,-0.007461285158317815,2024-10-01,-0.0034646474505500846,0.006998089314924405,0.010066844814425657,-0.003908561493926488,0.026477009974677668,0.06470737371354474,0.0644055594355537,-0.04649081722854609
2024-09-10,0.37234531310789226,0.4176824678739631,0.045337154766070836,190455,511501,-0.0034646474505500846,-0.0031987572779064674,0.20022642855481199,0.3060352515140471,0.1058088229592351,25821,128959,0.006998089314924405,0.00398692411096175,2024-09-10,0.010066844814425657,-0.003908561493926488,0.019797458396275225,-0.00045247231756784245,0.013975406308352145,-0.01046273676547449,-0.0034646474505500846,-0.008066503479552234,0.021112397207059264,0.011064427396453858,0.006998089314924405,-0.04112161450729665,0.031344225310462354,0.04519321786922176,2024-10-08,0.030080532320257758,0.08154875724939126,0.02008749688680833,-0.054901188258131395,0.0006184243132133505,0.04225636676019301,0.041059264093235015,-0.035716133873728406
2024-09-17,0.40242584542815,0.44983603874061384,0.04741019331246384,216355,537627,0.030080532320257758,0.050635287125538365,0.28177518580420324,0.3632445503360478,0.08146936453184453,39619,140605,0.08154875724939126,0.10699524655122947,2024-09-17,0.02008749688680833,-0.054901188258131395,0.020775500709811823,-0.018988930051115016,0.07498868514493973,-0.0514682249291335,0.030080532320257758,-0.0034646474505500846,-0.008066503479552234,0.021112397207059264,0.08154875724939126,0.006998089314924405,-0.04112161450729665,0.031344225310462354,2024-10-15,-0.014516735198623232,0.005921970874968596,0.03612238125799472,-0.01341687630152455,-0.03396832628663582,-0.03722628448071735,0.03551257553736242,0.00904199791461302
2024-09-24,0.3879091102295268,0.45415663077359025,0.06624752054406348,219029,564640,-0.014516735198623232,0.004973708537703649,0.28769715667917184,0.37446275429629977,0.08676559761712789,43175,150071,0.005921970874968596,0.025290708011806124,2024-09-24,0.03612238125799472,-0.01341687630152455,0.0529052066472131,-0.018326820471211924,0.04953925755951927,-0.020438706073591828,-0.014516735198623232,0.030080532320257758,-0.0034646474505500846,-0.008066503479552234,0.005921970874968596,0.08154875724939126,0.006998089314924405,-0.04112161450729665,2024-10-22,0.014377860303593226,-0.029761443725739523,-0.0018711635236750013,0.025735808825036344,-0.03033800035780343,0.0024836857259558642,0.03144253157665933,-0.04582103412951
2024-10-01,0.40228697053312,0.46494793728088357,0.06266096674776359,214462,533107,0.014377860303593226,-0.00808833947293851,0.2579357129534323,0.36343665591301283,0.10550094295958054,37338,144757,-0.029761443725739523,-0.038894923069746984,2024-10-01,-0.0018711635236750013,0.025735808825036344,0.0644055594355537,-0.04649081722854609,-0.027606972348711345,0.04413930402933275,0.014377860303593226,-0.014516735198623232,0.030080532320257758,-0.0034646474505500846,-0.029761443725739523,0.005921970874968596,0.08154875724939126,0.006998089314924405,2024-10-29,-0.029323233112014402,-0.015452917638427321,-0.013279450527893033,0.0068661218608911945,-0.06547285827843125,-0.0036304417149471413,0.04178401635434881,-0.05199816522313894
2024-10-08,0.3729637374211056,0.43741879934501343,0.06445506192390778,194059,520316,-0.029323233112014402,-0.03827186662339831,0.242482795315005,0.3351745671700306,0.09269177185502558,34636,142839,-0.015452917638427321,-0.0186657640045041,2024-10-08,-0.013279450527893033,0.0068661218608911945,0.041059264093235015,-0.035716133873728406,-0.020145572388784228,-0.01387031547358708,-0.029323233112014402,0.014377860303593226,-0.014516735198623232,0.030080532320257758,-0.015452917638427321,-0.029761443725739523,0.005921970874968596,0.08154875724939126,2024-11-05,-0.004506218279591412,0.0020661060084808947,0.01454080833093574,-0.010143056469789968,-0.04502135398210366,-0.028773704887150087,0.044503779786935205,-0.01576375476125369
2024-10-15,0.3684575191415142,0.43210859668312296,0.06365107754160877,199421,541232,-0.004506218279591412,0.010305276024569685,0.2445489013234859,0.3365797967554159,0.09203089543192998,34701,141898,0.0020661060084808947,0.00045505779233962715,2024-10-15,0.01454080833093574,-0.010143056469789968,0.03551257553736242,0.00904199791461302,0.024683864800725708,-0.0065723242880723065,-0.004506218279591412,-0.029323233112014402,0.014377860303593226,-0.014516735198623232,0.0020661060084808947,-0.015452917638427321,-0.029761443725739523,0.005921970874968596,2024-11-12,-0.010886409269790842,0.045631941081641814,0.03205233729729162,-0.06827990834564757,-0.060058527386209426,-0.08034055838732548,-0.02415902465459485,-0.0016149419122553077
2024-10-22,0.35757110987172336,0.4225233547127719,0.06495224484104853,205160,573760,-0.010886409269790842,0.010603585892925768,0.2901808424051277,0.3578759283752162,0.06769508597008851,45635,157264,0.045631941081641814,0.07705534961733077,2024-10-22,0.03205233729729162,-0.06827990834564757,0.03144253157665933,-0.04582103412951,0.10033224564293919,-0.056518350351432656,-0.010886409269790842,-0.004506218279591412,-0.029323233112014402,0.014377860303593226,0.045631941081641814,0.0020661060084808947,-0.015452917638427321,-0.029761443725739523,2024-11-19,-0.02075699761703459,-0.03587557116664253,0.008470321254014479,0.019558677731407403,-0.049044650090273034,-0.10659707319776962,-0.042968888575730446,0.06470473203677951
2024-10-29,0.33681411225468877,0.4052958920941277,0.06848177983943893,195173,579468,-0.02075699761703459,-0.017406232571109872,0.2543052712384852,0.34662871033776865,0.09232343909928352,39753,156320,-0.03587557116664253,-0.03740207549089429,2024-10-29,0.008470321254014479,0.019558677731407403,0.04178401635434881,-0.05199816522313894,-0.011088356477392924,0.015118573549607939,-0.02075699761703459,-0.010886409269790842,-0.004506218279591412,-0.029323233112014402,-0.03587557116664253,0.045631941081641814,0.0020661060084808947,-0.015452917638427321,2024-11-26,-0.008871728815686819,-0.04059618081063027,-0.010559687095306636,0.04310053232277644,0.042507175774761596,-0.08263575641569001,-0.05267328260520632,0.06878007555179
2024-11-05,0.32794238343900195,0.39368031338592274,0.06573792994692079,183003,558034,-0.008871728815686819,-0.02100202254481697,0.2137090904278549,0.3212286436483464,0.1075195532204915,32297,151126,-0.04059618081063027,-0.04769703172978506,2024-11-05,-0.010559687095306636,0.04310053232277644,0.044503779786935205,-0.01576375476125369,-0.05366021941808308,0.03172445199494345,-0.008871728815686819,-0.02075699761703459,-0.010886409269790842,-0.004506218279591412,-0.04059618081063027,-0.03587557116664253,0.045631941081641814,0.0020661060084808947,2024-12-03,-0.019543391683697175,-0.0495007474916945,-0.05412199611059432,0.004005756379208414,0.06322504795221962,-0.03222722220582827,-0.038087974938600944,0.012586291744414613
2024-11-12,0.3083989917553048,0.3799780216089749,0.07157902985367019,165296,535981,-0.019543391683697175,-0.03173104147775942,0.1642083429361604,0.27876442118677386,0.11455607825061345,24225,147526,-0.0495007474916945,-0.053412384368010796,2024-11-12,-0.05412199611059432,0.004005756379208414,-0.02415902465459485,-0.0016149419122553077,-0.05812775248980273,0.029957355807997327,-0.019543391683697175,-0.008871728815686819,-0.02075699761703459,-0.010886409269790842,-0.0495007474916945,-0.04059618081063027,-0.03587557116664253,0.045631941081641814,2024-12-10,0.00012746802614554964,0.019375426271197677,0.013242473376156028,-0.001960234396612748,0.0972689976353181,0.02984047371021012,0.034957690584607626,0.0027081350480790967
2024-11-19,0.3085264597814503,0.38444026467734493,0.07591380489589464,155174,502952,0.00012746802614554964,-0.018884997789100733,0.18358376920735808,0.2881156794326442,0.10453191022528611,25938,141287,0.019375426271197677,0.011611512546940879,2024-11-19,0.013242473376156028,-0.001960234396612748,-0.042968888575730446,0.06470473203677951,0.015202707772768775,-0.019247958245052127,0.00012746802614554964,-0.019543391683697175,-0.008871728815686819,-0.02075699761703459,0.019375426271197677,-0.0495007474916945,-0.04059618081063027,-0.03587557116664253,2024-12-17,0.07079482824800004,-0.011914254384562922,-0.0012340727754613923,0.02363402124641789,0.08477273798266277,-0.03468423334869661,0.0028325823572021847,0.027341020589731535
2024-11-26,0.37932128802945037,0.4307451445013329,0.05142385647188254,179290,472660,0.07079482824800004,0.047948909637500196,0.17166951482279516,0.28682665874136265,0.1151571439185675,23105,134590,-0.011914254384562922,-0.02005138477000715,2024-11-26,-0.0012340727754613923,0.02363402124641789,-0.05267328260520632,0.06878007555179,-0.024868094021879283,0.08270908263256296,0.07079482824800004,0.00012746802614554964,-0.019543391683697175,-0.008871728815686819,-0.011914254384562922,0.019375426271197677,-0.0495007474916945,-0.04059618081063027,2024-12-24,0.0118461433617712,0.009812353399231477,0.004025620571298738,-0.013093251484598945,-0.01530840767858399,-0.030560585981580485,-0.006234643159259257,0.02222400061975316
2024-12-03,0.39116743139122157,0.4406112024932906,0.04944377110206909,180735,462040,0.0118461433617712,0.003057165827444675,0.18148186822202664,0.2924802720885481,0.11099840386652148,24332,134074,0.009812353399231477,0.009116576268667806,2024-12-03,0.004025620571298738,-0.013093251484598945,-0.038087974938600944,0.012586291744414613,0.017118872055897683,0.0020337899625397227,0.0118461433617712,0.07079482824800004,0.00012746802614554964,-0.019543391683697175,0.009812353399231477,-0.011914254384562922,0.019375426271197677,-0.0495007474916945,2024-12-31,0.014500557999401309,0.012566948424343888,0.018923669412614252,-0.005872400317127102,-0.028815059742843097,-0.06778304759069026,-0.007406476691483199,0.06403941800652735
2024-12-10,0.4056679893906229,0.45201987809974636,0.04635188870912348,196078,483346,0.014500557999401309,0.033207081637953426,0.19404881664637053,0.31033250383861916,0.11628368719224863,29320,151096,0.012566948424343888,0.03720333547145606,2024-12-10,0.018923669412614252,-0.005872400317127102,0.034957690584607626,0.0027081350480790967,0.024796069729741355,0.0019336095750574211,0.014500557999401309,0.0118461433617712,0.07079482824800004,0.00012746802614554964,0.012566948424343888,0.009812353399231477,-0.011914254384562922,0.019375426271197677,2025-01-07,-0.012368791626509779,-0.04514928078770905,-0.018882634851249414,0.02267265114503969,-0.03328856028255506,-0.026234317009191294,-0.016344270674838235,0.04262166721513205
2024-12-17,0.3932991977641131,0.43268870118374264,0.039389503419629594,183502,466571,-0.012368791626509779,-0.026018628477322663,0.14889953585866147,0.2743810314554438,0.12548149559678232,21879,146938,-0.04514928078770905,-0.04924683644835072,2024-12-17,-0.018882634851249414,0.02267265114503969,0.0028325823572021847,0.027341020589731535,-0.041555285996289104,0.03278048916119927,-0.012368791626509779,0.014500557999401309,0.0118461433617712,0.07079482824800004,-0.04514928078770905,0.012566948424343888,0.009812353399231477,-0.011914254384562922,2025-01-14,-0.02928631741324672,-0.007790607017446799,-0.010301298291922834,0.018517001276439515,-0.021724151274969405,0.04624690876904197,0.012587478377658279,0.03476612606853813
2024-12-24,0.3640128803508664,0.40932725681079346,0.045314376459927065,165497,454646,-0.02928631741324672,-0.03859005381817558,0.14110892884121468,0.2714705599582469,0.13036163111703222,20548,145618,-0.007790607017446799,-0.009058242251834107,2024-12-24,-0.010301298291922834,0.018517001276439515,-0.006234643159259257,0.02222400061975316,-0.02881829956836235,-0.021495710395799922,-0.02928631741324672,-0.012368791626509779,0.014500557999401309,0.0118461433617712,-0.007790607017446799,-0.04514928078770905,0.012566948424343888,0.009812353399231477,2025-01-21,-0.0016605087024879062,-0.027410108209878298,0.0028537870390747955,0.028722165902175245,0.013785354470716882,0.041637679955588314,0.047282204910482406,0.010227459567045738
2024-12-31,0.36235237164837847,0.39715297524553844,0.03480060359715995,166169,458584,-0.0016605087024879062,0.0014780730502412867,0.11369882063133638,0.25277294007800655,0.13907411944667014,17170,151013,-0.027410108209878298,-0.023197681605296047,2024-12-31,0.0028537870390747955,0.028722165902175245,-0.007406476691483199,0.06403941800652735,-0.02586837886310045,0.02574959950739039,-0.0016605087024879062,-0.02928631741324672,-0.012368791626509779,0.014500557999401309,-0.027410108209878298,-0.007790607017446799,-0.04514928078770905,0.012566948424343888,2025-01-28,0.010027057459689348,0.054115679005842854,0.009985875429259217,-0.027290151108522398,0.0022159004877935207,0.043445334151114345,0.05249435762096244,0.004301219670242329
2025-01-07,0.3723794291080678,0.40221321767639395,0.029833788568326126,177641,477043,0.010027057459689348,0.025016136629276205,0.16781449963717923,0.2802559535589419,0.11244145392176265,25439,151590,0.054115679005842854,0.05475687523590684,2025-01-07,0.009985875429259217,-0.027290151108522398,-0.016344270674838235,0.04262166721513205,0.037276026537781615,-0.044088621546153506,0.010027057459689348,-0.0016605087024879062,-0.02928631741324672,-0.012368791626509779,0.054115679005842854,-0.027410108209878298,-0.007790607017446799,-0.04514928078770905,2025-02-04,-0.0008043826189241265,0.027331944990524215,0.0100491142012471,0.014817109998445765,0.0142099687561546,0.04449645475758196,0.07079041443195067,0.003922028756953466
2025-01-14,0.3715750464891437,0.3931262548269882,0.021551208337844536,195622,526467,-0.0008043826189241265,0.037692618904375495,0.19514644462770345,0.30411534675853263,0.10896890213082919,29343,150364,0.027331944990524215,0.025753677683224487,2025-01-14,0.0100491142012471,0.014817109998445765,0.012587478377658279,0.03476612606853813,-0.004767995797198665,-0.02813632760944834,-0.0008043826189241265,0.010027057459689348,-0.0016605087024879062,-0.02928631741324672,0.027331944990524215,0.054115679005842854,-0.027410108209878298,-0.007790607017446799,2025-02-11,0.0062231883324395665,-0.012399835830900457,0.024393428240901294,-0.006021665225052875,-0.0031316956733039025,0.01414299653247214,0.07919853979280145,0.015119711157522975
2025-01-21,0.37779823482158326,0.39721589745653996,0.019417662634956694,215869,571387,0.0062231883324395665,0.03845825094450364,0.182746608796803,0.30171545788278853,0.11896884908598553,29221,159899,-0.012399835830900457,-0.0008113644223351334,2025-01-21,0.024393428240901294,-0.006021665225052875,0.047282204910482406,0.010227459567045738,0.03041509346595417,0.018623024163340024,0.0062231883324395665,-0.0008043826189241265,0.010027057459689348,-0.0016605087024879062,-0.012399835830900457,0.027331944990524215,0.054115679005842854,-0.027410108209878298,2025-02-18,-0.013229962685411267,-0.025602454014352266,0.008065939749554829,0.022795926005371836,-0.022986142849075464,0.04244106719536664,0.06710803167269397,0.002547258949554987
2025-01-28,0.364568272136172,0.3945784019185981,0.030010129782426127,210540,577505,-0.013229962685411267,-0.009326428497673206,0.15714415478245072,0.28264147515668997,0.12549732037423925,25950,165135,-0.025602454014352266,-0.02045666326868836,2025-01-28,0.008065939749554829,0.022795926005371836,0.05249435762096244,0.004301219670242329,-0.014729986255817007,0.012372491328940999,-0.013229962685411267,0.0062231883324395665,-0.0008043826189241265,0.010027057459689348,-0.025602454014352266,-0.012399835830900457,0.027331944990524215,0.054115679005842854,2025-02-25,0.022021125728050428,0.05516679961231047,0.028281932240247443,-0.02766934202181126,-0.013495697899430559,0.044094840580480826,0.05132857351210074,0.008814173069461528
2025-02-04,0.3865893978642224,0.4436959874834872,0.057106589619264805,209533,542004,0.022021125728050428,-0.0017437078466853101,0.2123109543947612,0.33037732975645184,0.11806637536169066,36247,170726,0.05516679961231047,0.062355042843733915,2025-02-04,0.028281932240247443,-0.02766934202181126,0.07079041443195067,0.003922028756953466,0.0559512742620587,-0.03314567388426004,0.022021125728050428,-0.013229962685411267,0.0062231883324395665,-0.0008043826189241265,0.05516679961231047,-0.025602454014352266,-0.012399835830900457,0.027331944990524215,2025-03-04,-0.01814604704838263,-0.0030215132345856044,0.018457239562097882,0.026014792399015274,-0.04596356754558445,0.021341013947308918,0.02468331195188256,0.03224086478879995
2025-02-11,0.3684433508158398,0.4332566070067465,0.0648132561909067,194803,528719,-0.01814604704838263,-0.027176921203533554,0.2092894411601756,0.3312917425160273,0.12200230135585172,34376,164251,-0.0030215132345856044,-0.010959080632123988,2025-02-11,0.018457239562097882,0.026014792399015274,0.07919853979280145,0.015119711157522975,-0.007557552836917392,-0.015124533813797025,-0.01814604704838263,0.022021125728050428,-0.013229962685411267,0.0062231883324395665,-0.0030215132345856044,0.05516679961231047,-0.025602454014352266,-0.012399835830900457,2025-03-11,-0.013631258843331995,0.01589823483199404,0.012302920120793814,-0.018594117433020863,-0.04068300219787219,0.061071172765872456,0.006597690332037942,-0.0259696077721836
2025-02-18,0.3548120919725078,0.42604866655179674,0.07123657457928896,185329,522330,-0.013631258843331995,-0.017918781053830105,0.22518767599216963,0.3427548542975892,0.11756717830541953,38306,170107,0.01589823483199404,0.023926794966240693,2025-02-18,0.012302920120793814,-0.018594117433020863,0.06710803167269397,0.002547258949554987,0.030897037553814677,-0.029529493675326035,-0.013631258843331995,-0.01814604704838263,0.022021125728050428,-0.013229962685411267,0.01589823483199404,-0.0030215132345856044,0.05516679961231047,-0.025602454014352266,2025-03-18,-0.0037395177357663623,-0.02394868062923808,-0.0077135184110384,0.029062840125278377,-0.010273646869184139,0.06495221120692043,0.03363546358483038,0.0026915684084154456
2025-02-25,0.35107257423674143,0.41527278549101,0.06420021125426853,179812,512179,-0.0037395177357663623,-0.010562288208603757,0.20123899536293155,0.31364666638155925,0.1124076710186277,32939,163681,-0.02394868062923808,-0.031550729834751066,2025-02-25,-0.0077135184110384,0.029062840125278377,0.05132857351210074,0.008814173069461528,-0.03677635853631678,0.020209162893471716,-0.0037395177357663623,-0.013631258843331995,-0.01814604704838263,0.022021125728050428,-0.02394868062923808,0.01589823483199404,-0.0030215132345856044,0.05516679961231047,2025-03-25,-0.010446743918103463,0.03241297297913856,0.0016366706800292619,-0.004242650302472839,-0.009453514328474855,0.06635833526644569,0.036012614717019886,-0.02291707428502754
2025-03-04,0.34062583031863797,0.41892002370879067,0.07829419339015267,166658,489270,-0.010446743918103463,-0.025682427432596806,0.2336519683420701,0.3280775687806215,0.09442560043855142,34098,145935,0.03241297297913856,0.007080846280264661,2025-03-04,0.0016366706800292619,-0.004242650302472839,0.02468331195188256,0.03224086478879995,0.005879320982502101,-0.04285971689724202,-0.010446743918103463,-0.0037395177357663623,-0.013631258843331995,-0.01814604704838263,0.03241297297913856,-0.02394868062923808,0.01589823483199404,-0.0030215132345856044,2025-04-01,-0.012865481700670367,0.036708645583977934,0.00037161794225326616,-0.032195680161968276,-0.055913772477572565,0.007356980111780431,0.06653194034803445,0.011847876888891218
2025-03-11,0.3277603486179676,0.4007757062721505,0.07301535765418286,167576,511276,-0.012865481700670367,0.001876264639156294,0.27036061392604804,0.35256307040312246,0.08220245647707439,41977,155263,0.036708645583977934,0.053989789974988864,2025-03-11,0.00037161794225326616,-0.032195680161968276,0.006597690332037942,-0.0259696077721836,0.03256729810422154,-0.0495741272846483,-0.012865481700670367,-0.010446743918103463,-0.0037395177357663623,-0.013631258843331995,0.036708645583977934,0.03241297297913856,-0.02394868062923808,0.01589823483199404,2025-04-08,0.016778096485356053,0.01977927327304202,0.039340693373586255,0.010067058747578184,-0.03371902578445318,-0.12333133769767143,0.022192138490318314,0.12104663466329502
2025-03-18,0.34453844510332365,0.41396753166431144,0.06942908656098777,183834,533566,0.016778096485356053,0.03179887184221438,0.29013988719909006,0.3678458778420084,0.07770599064291829,49488,170566,0.01977927327304202,0.04837598139930312,2025-03-18,0.039340693373586255,0.010067058747578184,0.03363546358483038,0.0026915684084154456,0.02927363462600807,-0.0030011767876859663,0.016778096485356053,-0.012865481700670367,-0.010446743918103463,-0.0037395177357663623,0.01977927327304202,0.036708645583977934,0.03241297297913856,-0.02394868062923808,2025-04-15,-0.002919385195057078,-0.022542556569712824,-0.005336367278848897,0.003454197431835393,-0.07111237399073311,-0.12703739412429782,0.06170824942865849,0.10951026476775816
2025-03-25,0.3416190599082666,0.41742426908473806,0.0758052091764715,174732,511482,-0.002919385195057078,-0.01705880809496857,0.26759733062937724,0.3527778432805905,0.08518051265121325,45392,169628,-0.022542556569712824,-0.024014164604903673,2025-03-25,-0.005336367278848897,0.003454197431835393,0.036012614717019886,-0.02291707428502754,-0.00879056471068429,0.019623171374655746,-0.002919385195057078,0.016778096485356053,-0.012865481700670367,-0.010446743918103463,-0.022542556569712824,0.01977927327304202,0.036708645583977934,0.03241297297913856,2025-04-22,-0.05690700206720117,-0.026588382175526698,0.03215599631104382,0.030522300871445918,-0.08181087211023885,-0.09137577239819492,0.11083616228714277,0.14679209694738793
2025-04-01,0.2847120578410654,0.4106960256322858,0.12598396779122037,141999,498746,-0.05690700206720117,-0.06399638696962943,0.24100894845385054,0.34082856924622645,0.0998196207923759,41019,170197,-0.026588382175526698,-0.02577994199070908,2025-04-01,0.03215599631104382,0.030522300871445918,0.06653194034803445,0.011847876888891218,0.0016336954395979042,-0.030318619891674475,-0.05690700206720117,-0.002919385195057078,0.016778096485356053,-0.012865481700670367,-0.026588382175526698,-0.022542556569712824,0.01977927327304202,0.036708645583977934,2025-04-29,0.009329264992449016,-0.09397967222547393,-0.043968183915462866,0.07700307761243552,-0.05036264606594523,-0.03967141431135926,0.06231481885440715,0.08878011633099225
2025-04-08,0.2940413228335144,0.3937274955776846,0.09968617274417017,130986,445468,0.009329264992449016,-0.022081380101294044,0.1470292762283766,0.23037287168884366,0.08334359546046705,22685,154289,-0.09397967222547393,-0.10772222777134732,2025-04-08,-0.043968183915462866,0.07700307761243552,0.022192138490318314,0.12104663466329502,-0.12097126152789839,0.10330893721792295,0.009329264992449016,-0.05690700206720117,-0.002919385195057078,0.016778096485356053,-0.09397967222547393,-0.026588382175526698,-0.022542556569712824,0.01977927327304202,2025-05-06,-0.020615251720923877,0.016073216846415633,0.07885680431192643,-0.001469311147958674,-0.0683829656650802,0.0660164028983942,0.13659717293782414,0.029101870732508583
2025-04-15,0.27342607111259054,0.368790350131836,0.09536427901924542,124854,456628,-0.020615251720923877,-0.013765298517514166,0.16310249307479224,0.24845567867036011,0.08535318559556787,23552,144400,0.016073216846415633,0.00561932477363908,2025-04-15,0.07885680431192643,-0.001469311147958674,0.06170824942865849,0.10951026476775816,0.0803261154598851,-0.03668846856733951,-0.020615251720923877,0.009329264992449016,-0.05690700206720117,-0.002919385195057078,0.016073216846415633,-0.09397967222547393,-0.026588382175526698,-0.022542556569712824,2025-05-13,-0.013617883314562818,0.01311906515639008,0.04379154557963538,0.04073602961146516,-0.04380412039101683,0.0418200452943909,0.0056258694470789905,-0.011900715236242032
2025-04-22,0.2598081877980277,0.3574935908593728,0.09768540306134509,120902,465351,-0.013617883314562818,-0.00865474740926969,0.17622155823118232,0.2511859953853379,0.07496443715415557,25891,146923,0.01311906515639008,0.016198060941828255,2025-04-22,0.04379154557963538,0.04073602961146516,0.11083616228714277,0.14679209694738793,0.0030555159681702193,-0.026736948470952898,-0.013617883314562818,-0.020615251720923877,0.009329264992449016,-0.05690700206720117,0.01311906515639008,0.016073216846415633,-0.09397967222547393,-0.026588382175526698,2025-05-20,-0.025458776022907553,0.025115975911308958,-0.016365347121691798,-0.027489679744949758,-0.01956488422659916,0.039011985540159,-0.024501377340270025,-0.04563243928295835
2025-04-29,0.23434941177512017,0.33353767029309445,0.09918825851797428,105895,451868,-0.025458776022907553,-0.03224877565536552,0.20133753414249128,0.27722720395103134,0.07588966980854005,30738,152669,0.025115975911308958,0.03299006962830871,2025-04-29,-0.016365347121691798,-0.027489679744949758,0.06231481885440715,0.08878011633099225,0.01112433262325796,-0.05057475193421651,-0.025458776022907553,-0.013617883314562818,-0.020615251720923877,0.009329264992449016,0.025115975911308958,0.01311906515639008,0.016073216846415633,-0.09397967222547393,2025-05-27,-0.008691054606685955,0.011708144984279523,0.030314170167954124,0.017324832013951852,0.01892230405299075,0.0237446386066531,-0.005110066036050576,-0.018430263715689676
2025-05-06,0.22565835716843421,0.3191391071010181,0.09348074993258387,102091,452414,-0.008691054606685955,-0.0084183876707357,0.2130456791267708,0.31089183736034964,0.09784615823357883,29882,140261,0.011708144984279523,-0.005606901204566742,2025-05-06,0.030314170167954124,0.017324832013951852,0.13659717293782414,0.029101870732508583,0.012989338154002272,-0.020399199590965478,-0.008691054606685955,-0.025458776022907553,-0.013617883314562818,-0.020615251720923877,0.011708144984279523,0.025115975911308958,0.01311906515639008,0.016073216846415633,2025-06-03,0.003963593553139494,-0.00812314075758766,-0.05211449917881872,-0.04247189711670929,0.07145589701665453,0.06141911055409266,-0.0210453391622476,-0.06062238958678412
2025-05-13,0.2296219507215737,0.32757768089247397,0.09795573017090023,101227,440842,0.003963593553139494,-0.001909755224197306,0.20492253836918314,0.31477918733997773,0.10985664897079458,28333,138262,-0.00812314075758766,-0.011043697107535238,2025-05-13,-0.05211449917881872,-0.04247189711670929,0.0056258694470789905,-0.011900715236242032,-0.009642602062109429,0.012086734310727154,0.003963593553139494,-0.008691054606685955,-0.025458776022907553,-0.013617883314562818,-0.00812314075758766,0.011708144984279523,0.025115975911308958,0.01311906515639008,2025-06-10,0.010621352849854854,0.01031100540215818,0.013664298792286367,0.007004305564748847,0.06785637205982259,0.07011031088001787,0.023921823705205902,-0.08066991282475744
2025-05-20,0.24024330357142856,0.332921875,0.09267857142857143,107629,448000,0.010621352849854854,0.014522209771301283,0.21523354377134132,0.323051798856141,0.10781825508479968,30445,141451,0.01031100540215818,0.015275346805340585,2025-05-20,0.013664298792286367,0.007004305564748847,-0.024501377340270025,-0.04563243928295835,0.0066599932275375195,0.0003103474476966739,0.010621352849854854,0.003963593553139494,-0.008691054606685955,-0.025458776022907553,0.01031100540215818,-0.00812314075758766,0.011708144984279523,0.025115975911308958,2025-06-17,0.013028412256682359,0.009848628977803059,0.0030259641825276518,-0.00028750417768108605,0.05555646706141629,0.049143103003279814,0.027165746482780584,-0.08599705509366729
2025-05-27,0.2532717158281109,0.3371181474523356,0.08384643162422464,110816,437538,0.013028412256682359,0.007113839285714286,0.22508217274914438,0.329673681000305,0.10459150825116058,33212,147555,0.009848628977803059,0.0195615442803515,2025-05-27,0.0030259641825276518,-0.00028750417768108605,-0.005110066036050576,-0.018430263715689676,0.003313468360208738,0.0031797832788793,0.013028412256682359,0.010621352849854854,0.003963593553139494,-0.008691054606685955,0.009848628977803059,0.01031100540215818,-0.00812314075758766,0.011708144984279523,2025-06-24,0.04384253835697782,0.04938261693171908,0.0143788970417571,-0.02486729385714259,0.03440663472527583,0.0332662892783106,0.005534745120628237,-0.07024946974862711
2025-06-03,0.29711425418508874,0.38458819880704237,0.0874739446219536,123582,415941,0.04384253835697782,0.029176894349747906,0.27446478968086346,0.35902097987719395,0.08455619019633051,44833,163347,0.04938261693171908,0.07875707363356037,2025-06-03,0.0143788970417571,-0.02486729385714259,-0.0210453391622476,-0.06062238958678412,0.03924619089889969,-0.005540078574741258,0.04384253835697782,0.013028412256682359,0.010621352849854854,0.003963593553139494,0.04938261693171908,0.009848628977803059,0.01031100540215818,-0.00812314075758766,2025-07-01,0.00036406859630755406,0.0005680595683375533,-0.0071473363113652155,-0.06251942035468261,0.0007411684926854067,0.00020552890418118475,-0.004412348228541418,-0.04462343820800152
2025-06-10,0.2974783227813963,0.38519164890696955,0.08771332612557324,124091,417143,0.00036406859630755406,0.001223731250345602,0.275032849249201,0.34186744395545127,0.06683459470625025,47933,174281,0.0005680595683375533,0.01897800388130789,2025-06-10,-0.0071473363113652155,-0.06251942035468261,0.023921823705205902,-0.08066991282475744,0.05537208404331739,-0.00020399097202999927,0.00036406859630755406,0.04384253835697782,0.013028412256682359,0.010621352849854854,0.0005680595683375533,0.04938261693171908,0.009848628977803059,0.01031100540215818,2025-07-08,-0.0016785521485514487,-0.010656202474579879,0.01690822156986105,0.0016771632958390015,-0.006507441984183682,-0.012408696131629482,-0.008348757100149484,-0.010152767597766399
2025-06-17,0.29579977063284485,0.37996527762038373,0.08416550698753893,130511,441214,-0.0016785521485514487,0.01539040568821723,0.26437664677462114,0.3391855262374818,0.07480887946286066,48865,184831,-0.010656202474579879,0.0053476856341196114,2025-06-17,0.01690822156986105,0.0016771632958390015,0.027165746482780584,-0.08599705509366729,0.015231058274022047,0.00897765032602843,-0.0016785521485514487,0.00036406859630755406,0.04384253835697782,0.013028412256682359,-0.010656202474579879,0.0005680595683375533,0.04938261693171908,0.009848628977803059,2025-07-15,-0.008121420079458097,-0.006028184747166154,-0.018605037179624695,0.015460081167359085,0.00903311717201144,-0.012408418355152273,-0.016842951841191223,-0.03213726888022794
2025-06-24,0.28767835055338675,0.37665475747083627,0.0889764069174495,125128,434958,-0.008121420079458097,-0.012200428816855314,0.258348462027455,0.33735174357006636,0.07900328154261138,45111,174613,-0.006028184747166154,-0.020310445758557817,2025-06-24,-0.018605037179624695,0.015460081167359085,0.005534745120628237,-0.07024946974862711,-0.03406511834698378,-0.002093235332291943,-0.008121420079458097,-0.0016785521485514487,0.00036406859630755406,0.04384253835697782,-0.006028184747166154,-0.010656202474579879,0.0005680595683375533,0.04938261693171908,2025-07-22,0.010177072124387398,0.016321856557589665,0.004431803692587444,0.0007587376834830017,0.039102368783465014,-0.004926919987254363,0.03185280625980447,-0.059238975404785954
2025-07-01,0.29785542267777415,0.37719975689002017,0.07934433421224597,130360,437662,0.010177072124387398,0.012028747603216863,0.27467031858504465,0.3621023800644384,0.08743206147939377,44927,163567,0.016321856557589665,-0.001053758883931895,2025-07-01,0.004431803692587444,0.0007587376834830017,-0.004412348228541418,-0.04462343820800152,0.003673066009104442,-0.006144784433202266,0.010177072124387398,-0.008121420079458097,-0.0016785521485514487,0.00036406859630755406,0.016321856557589665,-0.006028184747166154,-0.010656202474579879,0.0005680595683375533,2025-07-29,-0.006884541880561534,-0.012046165467473113,-0.011083745182973281,-0.028048749744447488,0.003667960341996346,-0.02207680837832704,-0.004235874104230319,-0.061530079462238874
2025-07-08,0.2909708807972126,0.3716286353871428,0.08065775458993013,128942,443144,-0.006884541880561534,-0.0032399431524783966,0.26262415311757153,0.3623459027167804,0.09972174959920886,42756,162803,-0.012046165467473113,-0.013272848435197809,2025-07-08,-0.011083745182973281,-0.028048749744447488,-0.008348757100149484,-0.010152767597766399,0.016965004561474206,0.005161623586911579,-0.006884541880561534,0.010177072124387398,-0.008121420079458097,-0.0016785521485514487,-0.012046165467473113,0.016321856557589665,-0.006028184747166154,-0.010656202474579879,2025-08-05,0.013862007007643673,-0.01065592469810267,0.00841402682881931,-0.020307337986622542,0.051491094930413706,-0.07768907851847193,0.022753370327595057,-0.008591524830745989
2025-07-15,0.3048328878048563,0.38493883365921194,0.08010594585435567,136727,448531,0.013862007007643673,0.01756765295253913,0.25196822841946886,0.34854263620140663,0.0965744077819378,43206,171474,-0.01065592469810267,0.0027640768290510616,2025-07-15,0.00841402682881931,-0.020307337986622542,-0.016842951841191223,-0.03213726888022794,0.028721364815441852,0.024517931705746343,0.013862007007643673,-0.006884541880561534,0.010177072124387398,-0.008121420079458097,-0.01065592469810267,-0.012046165467473113,0.016321856557589665,-0.006028184747166154,2025-08-12,0.021947831531995476,0.0014533136207317554,0.030090720921370995,-0.011641625357198926,0.027535901307374544,-0.07757935657739051,0.0050080690926614935,0.0006392976216251789
2025-07-22,0.32678071933685177,0.39792367747326957,0.07114295813641779,159934,489423,0.021947831531995476,0.05174001351077183,0.2534215420402006,0.3471576874578965,0.09373614541769587,44014,173679,0.0014533136207317554,0.004712084630906143,2025-07-22,0.030090720921370995,-0.011641625357198926,0.03185280625980447,-0.059238975404785954,0.04173234627856992,0.02049451791126372,0.021947831531995476,0.013862007007643673,-0.006884541880561534,0.010177072124387398,0.0014533136207317554,-0.01065592469810267,-0.012046165467473113,0.016321856557589665,2025-08-19,-0.02525733631708127,-0.0008280318334830117,-0.03165687667144734,-0.0015323663739699178,-0.013503283475666594,-0.0764494893133065,-0.034862043609285465,0.01831911127928354
2025-07-29,0.3015233830197705,0.3838619769617234,0.08233859394195289,134256,445259,-0.02525733631708127,-0.05246586286300399,0.2525935102067176,0.3391201733116498,0.08652666310493222,43024,170329,-0.0008280318334830117,-0.005700171005130154,2025-07-29,-0.03165687667144734,-0.0015323663739699178,-0.004235874104230319,-0.061530079462238874,-0.030124510297477425,-0.024429304483598258,-0.02525733631708127,0.021947831531995476,0.013862007007643673,-0.006884541880561534,-0.0008280318334830117,0.0014533136207317554,-0.01065592469810267,-0.012046165467473113,2025-08-26,0.040938592707855825,-0.067658435607618,0.015905499248852095,0.024889804887045397,0.01828236783654824,-0.04474505783326996,0.01885776031288522,0.008524700268726537
2025-08-05,0.3424619757276263,0.4143339108233792,0.07187193509575289,153987,449647,0.040938592707855825,0.0443135343698836,0.1849350745990996,0.28484081804764916,0.09990574344854956,29823,161262,-0.067658435607618,-0.07750295017290068,2025-08-05,0.015905499248852095,0.024889804887045397,0.022753370327595057,-0.008591524830745989,-0.008984305638193302,0.10859702831547383,0.040938592707855825,-0.02525733631708127,0.021947831531995476,0.013862007007643673,-0.067658435607618,-0.0008280318334830117,0.0014533136207317554,-0.01065592469810267,2025-09-02,-0.010093186615395489,-0.010546202757021256,-0.009331274406114254,-0.011076515534251374,-0.014810568162725746,0.05987448288726127,0.04533164877063367,-0.033030189219743544
2025-08-12,0.33236878911223083,0.4086880704333949,0.07631928132116408,148287,446152,-0.010093186615395489,-0.012676610763554521,0.17438887184207835,0.2803390610616754,0.10595018921959701,27280,156432,-0.010546202757021256,-0.015769369101214174,2025-08-12,-0.009331274406114254,-0.011076515534251374,0.0050080690926614935,0.0006392976216251789,0.0017452411281371205,0.0004530161416257672,-0.010093186615395489,0.040938592707855825,-0.02525733631708127,0.021947831531995476,-0.010546202757021256,-0.067658435607618,-0.0008280318334830117,0.0014533136207317554,2025-09-09,-0.019091353251045662,0.0025831808848157667,-0.009779391780575963,0.006038188300459435,-0.011507371403131017,0.05441976615464156,0.08034462355183969,0.0029208484254623635
2025-08-19,0.31327743586118517,0.39537466280233774,0.0820972269411526,137385,438541,-0.019091353251045662,-0.024435618354282845,0.17697205272689412,0.280147907898307,0.10317585517141288,28046,158477,0.0025831808848157667,0.004896696328117009,2025-08-19,-0.009779391780575963,0.006038188300459435,-0.034862043609285465,0.01831911127928354,-0.0158175800810354,-0.02167453413586143,-0.019091353251045662,-0.010093186615395489,0.040938592707855825,-0.02525733631708127,0.0025831808848157667,-0.010546202757021256,-0.067658435607618,-0.0008280318334830117,2025-09-16,0.006528314995133566,0.030876399646553532,0.02206292725072334,-0.01132677738452692,-0.005325996458293791,0.042758668826427676,0.10654240189108677,-0.0241801997552078
2025-08-26,0.31980575085631874,0.39547052460789617,0.07566477375157743,141917,443760,0.006528314995133566,0.010334267491523028,0.20784845237344765,0.30573661980709826,0.09788816743365063,32971,158630,0.030876399646553532,0.031077064810666532,2025-08-26,0.02206292725072334,-0.01132677738452692,0.01885776031288522,0.008524700268726537,0.03338970463525026,-0.024348084651419966,0.006528314995133566,-0.019091353251045662,-0.010093186615395489,0.040938592707855825,0.030876399646553532,0.0025831808848157667,-0.010546202757021256,-0.067658435607618,2025-09-23,0.007845656708581839,0.03696110511291323,0.042379387706600546,-0.016665084601424685,-0.016189374570125203,0.015902339219085737,0.10450782501545586,-0.02745176592460341
2025-09-02,0.3276514075649006,0.39789778214190075,0.07024637457700017,161502,492908,0.007845656708581839,0.04413421669370831,0.24480955748636088,0.3238848757324712,0.07907531824611033,38770,158368,0.03696110511291323,0.03655676732017903,2025-09-02,0.042379387706600546,-0.016665084601424685,0.04533164877063367,-0.033030189219743544,0.05904447230802523,-0.02911544840433139,0.007845656708581839,0.006528314995133566,-0.019091353251045662,-0.010093186615395489,0.03696110511291323,0.030876399646553532,0.0025831808848157667,-0.010546202757021256,2025-09-30,-0.00678998985580076,-0.01600091948964097,0.025681700375091765,0.024874522110954533,-0.03351958323346027,-0.03166478554839816,0.08780195105238953,-0.043674776139620786
2025-09-09,0.3208614177090998,0.39030071130733385,0.06943929359823399,163519,509625,-0.00678998985580076,0.0040920415168753605,0.2288086379967199,0.3151822236970575,0.08637358570033758,35855,156703,-0.01600091948964097,-0.018406496261871085,2025-09-09,0.025681700375091765,0.024874522110954533,0.08034462355183969,0.0029208484254623635,0.0008071782641372316,0.009210929633840209,-0.00678998985580076,0.007845656708581839,0.006528314995133566,-0.019091353251045662,-0.01600091948964097,0.03696110511291323,0.030876399646553532,0.0025831808848157667,2025-10-07,-0.012909978306208436,-0.009077916443398115,0.016418386558671116,-0.021062859880210727,-0.05362509833287571,-0.06365972585428326,0.09202288012238213,-0.062435115119875206
2025-09-16,0.3079514394028914,0.37841738325252167,0.0704659438496303,158971,516221,-0.012909978306208436,-0.00892420897718911,0.2197307215533218,0.31456116450041116,0.09483044294708937,35806,162954,-0.009077916443398115,-0.0003126934391811261,2025-09-16,0.016418386558671116,-0.021062859880210727,0.10654240189108677,-0.0241801997552078,0.03748124643888184,-0.003832061862810321,-0.012909978306208436,-0.00678998985580076,0.007845656708581839,0.006528314995133566,-0.009077916443398115,-0.01600091948964097,0.03696110511291323,0.030876399646553532,2025-10-14,-0.004335063116697846,0.004020070039211593,0.02002835037509243,-0.014598343553922533,-0.08499409998734386,-0.08611125688957444,0.11450906769599456,-0.0781218819852385
2025-09-23,0.30361637628619353,0.3760025265275942,0.07238615024140063,160549,528789,-0.004335063116697846,0.00305683031104895,0.2237507915925334,0.30894725732034617,0.0851964657278128,37099,165805,0.004020070039211593,0.007934754593320815,2025-09-23,0.02002835037509243,-0.014598343553922533,0.10450782501545586,-0.02745176592460341,0.03462669392901496,-0.008355133155909439,-0.004335063116697846,-0.012909978306208436,-0.00678998985580076,0.007845656708581839,0.004020070039211593,-0.009077916443398115,-0.01600091948964097,0.03696110511291323,2025-10-21,-0.009484551954753229,-0.01060601965457067,0.025673513743534215,-0.03288809481644206,-0.10839431799496602,-0.12215591973712252,0.08511421660137053,-0.00641235424990283
2025-09-30,0.2941318243314403,0.3730627769631472,0.07893095263170687,145227,493748,-0.009484551954753229,-0.028975640567409686,0.21314477193796272,0.30412544175003203,0.09098066981206931,34921,163837,-0.01060601965457067,-0.013135912668496124,2025-09-30,0.025673513743534215,-0.03288809481644206,0.08780195105238953,-0.043674776139620786,0.058561608559976275,0.001121467699817441,-0.009484551954753229,-0.004335063116697846,-0.012909978306208436,-0.00678998985580076,-0.01060601965457067,0.004020070039211593,-0.009077916443398115,-0.01600091948964097,2025-10-28,-0.0268955049552162,-0.047995859795526064,0.029902629445084372,0.006114183130700113,-0.06627361580067609,-0.07470735293387262,0.02475643160705676,0.016998032934277596
2025-10-07,0.2672363193762241,0.3513208487537045,0.08408452937748039,129759,485559,-0.0268955049552162,-0.03132772183380996,0.16514891214243665,0.25941588476278576,0.09426697262034912,27493,166474,-0.047995859795526064,-0.04533774422139077,2025-10-07,0.029902629445084372,0.006114183130700113,0.09202288012238213,-0.062435115119875206,0.02378844631438426,0.021100354840309865,-0.0268955049552162,-0.009484551954753229,-0.004335063116697846,-0.012909978306208436,-0.047995859795526064,-0.01060601965457067,0.004020070039211593,-0.009077916443398115,2025-11-04,-0.04427897996067659,-0.0315294474786893,0.03890457413228354,-0.03674962674557403,-0.04400092142907058,-0.04175995061413197,-0.010815670913159714,0.004278025667890262
2025-10-14,0.22295733941554752,0.31327863183116916,0.09032129241562163,108310,485788,-0.04427897996067659,-0.04417382851517529,0.13361946466374736,0.22796160426877013,0.09434213960502276,23038,172415,-0.0315294474786893,-0.02676093564160169,2025-10-14,0.03890457413228354,-0.03674962674557403,0.11450906769599456,-0.0781218819852385,0.07565420087785757,-0.012749532481987291,-0.04427897996067659,-0.0268955049552162,-0.009484551954753229,-0.004335063116697846,-0.0315294474786893,-0.047995859795526064,-0.01060601965457067,0.004020070039211593,2025-11-10,-0.02773528112432,-0.032024592808336486,-0.0093665007195316,0.057111184181413144,0.0033202232642090823,0.008285589548931716,-0.006349069945386532,0.015468370013040023
2025-10-21,0.19522205829122752,0.2868267922044109,0.09160473391318337,92227,472421,-0.02773528112432,-0.03310703434419953,0.10159487185541087,0.19595320450011214,0.09435833264470127,17212,169418,-0.032024592808336486,-0.03379056346605574,2025-10-21,-0.0093665007195316,0.057111184181413144,0.08511421660137053,-0.00641235424990283,-0.06647768490094474,0.004289311684016486,-0.02773528112432,-0.04427897996067659,-0.0268955049552162,-0.009484551954753229,-0.032024592808336486,-0.0315294474786893,-0.047995859795526064,-0.01060601965457067,2025-11-18,0.0326361502395367,0.036842547148679225,-0.03468427125077955,-0.009477707632261634,0.012860102432403847,0.03039899617681459,-0.007690358807652231,-0.05909777399039795
2025-10-28,0.22785820853076422,0.30321227155988995,0.0753540630291257,104159,457122,0.0326361502395367,0.02525713293862889,0.1384374190040901,0.21637049820781734,0.07793307920372723,21899,158187,0.036842547148679225,0.027665301207663886,2025-10-28,-0.03468427125077955,-0.009477707632261634,0.02475643160705676,0.016998032934277596,-0.02520656361851792,-0.004206396909142526,0.0326361502395367,-0.02773528112432,-0.04427897996067659,-0.0268955049552162,0.036842547148679225,-0.032024592808336486,-0.0315294474786893,-0.047995859795526064,2025-11-25,-0.0046228105836106925,-0.015048457475785412,-0.005669473075132103,-0.006605824135687222,0.02461900571766401,-0.006564801546067811,0.04218442901209052,-0.04671815361353593
2025-11-04,0.22323539794715352,0.29016050213255357,0.06692510418540006,100545,450399,-0.0046228105836106925,-0.007905985710598046,0.12338896152830468,0.21562956903714486,0.09224060750884018,19157,155257,-0.015048457475785412,-0.017333914923476645,2025-11-04,-0.005669473075132103,-0.006605824135687222,-0.010815670913159714,0.004278025667890262,0.0009363510605551184,0.01042564689217472,-0.0046228105836106925,0.0326361502395367,-0.02773528112432,-0.04427897996067659,-0.015048457475785412,0.036842547148679225,-0.032024592808336486,-0.0315294474786893,2025-12-02,0.0030421647326030754,0.01851609268437439,0.043371175100056725,-0.025559282400424266,0.06428401709263237,0.0024066256150070825,0.06651681117060004,-0.1510896602334899
2025-11-10,0.2262775626797566,0.2916432063687372,0.06536564368898058,104087,459997,0.0030421647326030754,0.007864138241869986,0.14190505421267907,0.22307061115321736,0.0811655569405383,22655,159649,0.01851609268437439,0.022530385103409187,2025-11-10,0.043371175100056725,-0.025559282400424266,-0.006349069945386532,0.015468370013040023,0.06893045750048099,-0.015473927951771313,0.0030421647326030754,-0.0046228105836106925,0.0326361502395367,-0.02773528112432,0.01851609268437439,-0.015048457475785412,0.036842547148679225,-0.032024592808336486,2025-12-09,-0.018195401956125234,-0.009911186180453613,-0.0107077895817973,-0.01745495982202483,0.05933698667537521,0.02464099714359702,0.0235587406550275,-0.16279480677694425
2025-11-18,0.20808216072363137,0.2759215430350056,0.06783938231137422,98205,471953,-0.018195401956125234,-0.01278703991547771,0.13199386803222546,0.21881992237189732,0.08682605433967187,20234,153295,-0.009911186180453613,-0.015164517159518694,2025-11-18,-0.0107077895817973,-0.01745495982202483,-0.007690358807652231,-0.05909777399039795,0.006747170240227529,-0.008284215775671622,-0.018195401956125234,0.0030421647326030754,-0.0046228105836106925,0.0326361502395367,-0.009911186180453613,0.01851609268437439,-0.015048457475785412,0.036842547148679225,2025-12-16,0.04439505352479686,-0.00012125057420317442,0.015190516568963197,0.002901912744600388,0.07338243331618668,0.011132321307368187,0.05594522690959458,-0.16901881733058133
2025-11-25,0.25247721424842823,0.31638818697943855,0.06391097273101033,109309,432946,0.04439505352479686,0.023527766536074565,0.13187261745802228,0.22574909541237434,0.09387647795435206,19061,144541,-0.00012125057420317442,-0.007651912978244561,2025-11-25,0.015190516568963197,0.002901912744600388,0.04218442901209052,-0.04671815361353593,0.01228860382436281,0.04451630409900004,0.04439505352479686,-0.018195401956125234,0.0030421647326030754,-0.0046228105836106925,-0.00012125057420317442,-0.009911186180453613,0.01851609268437439,-0.015048457475785412,2025-12-23,0.03504220079135767,-0.006077030314710519,0.01866290908337742,-0.1109773307556412,0.024436358723083806,0.006898174398634327,0.08461434418030755,-0.24420677548035652
2025-12-02,0.2875194150397859,0.3348777748572248,0.04735835981743889,120324,418490,0.03504220079135767,0.025441971978029592,0.12579558714331177,0.230488225310279,0.10469263816696722,18974,150832,-0.006077030314710519,-0.0006019053417369466,2025-12-02,0.01866290908337742,-0.1109773307556412,0.06651681117060004,-0.1510896602334899,0.12964023983901862,0.04111923110606819,0.03504220079135767,0.04439505352479686,-0.018195401956125234,0.0030421647326030754,-0.006077030314710519,-0.00012125057420317442,-0.009911186180453613,0.01851609268437439,2025-12-30,-0.001904865684654089,0.04075046421296433,0.00041310458448418075,-0.0372644289438786,-0.025952921450281774,-0.03679431006901908,0.02964109574720819,-0.23143379986014478
2025-12-09,0.2856145493551318,0.3314685056025744,0.0458539562474426,123548,432569,-0.001904865684654089,0.007703887787043896,0.1665460513562761,0.2571561494423696,0.09061009808609348,25775,154762,0.04075046421296433,0.045089901347194226,2025-12-09,0.00041310458448418075,-0.0372644289438786,0.0235587406550275,-0.16279480677694425,0.03767753352836278,-0.042655329897618416,-0.001904865684654089,0.03504220079135767,0.04439505352479686,-0.018195401956125234,0.04075046421296433,-0.006077030314710519,-0.00012125057420317442,-0.009911186180453613,,-0.004149955315313758,-0.023419862016682447,0.02167869667276978,-0.023678970375661912,,,,
2025-12-16,0.28146459403981805,0.32450705062482355,0.04304245658500551,132596,471093,-0.004149955315313758,0.020916894183355718,0.14312618933959365,0.238188345616364,0.09506215627677037,21887,152921,-0.023419862016682447,-0.02512244607849472,2025-12-16,0.02167869667276978,-0.023678970375661912,0.05594522690959458,-0.16901881733058133,0.045357667048431694,0.01926990670136869,-0.004149955315313758,-0.001904865684654089,0.03504220079135767,0.04439505352479686,-0.023419862016682447,0.04075046421296433,-0.006077030314710519,-0.00012125057420317442,,-0.004551021068306016,-0.0043553974829370345,0.04385963383967617,-0.0722860454051748,,,,
2025-12-23,0.27691357297151203,0.3263158322546296,0.04940225928311756,136270,492103,-0.004551021068306016,0.007798884721275842,0.1387707918566566,0.22494380579281997,0.08617301393616338,21608,155710,-0.0043553974829370345,-0.0018244714591194146,2025-12-23,0.04385963383967617,-0.0722860454051748,0.08461434418030755,-0.24420677548035652,0.11614567924485097,-0.0001956235853689814,-0.004551021068306016,-0.004149955315313758,-0.001904865684654089,0.03504220079135767,-0.0043553974829370345,-0.023419862016682447,0.04075046421296433,-0.006077030314710519,,-0.015347079382007911,-0.049769514782363924,-0.03631033934972194,-0.09820435513542947,,,,
2025-12-30,0.2615664935895041,0.3084716497947562,0.04690515620525208,126040,481866,-0.015347079382007911,-0.02078833089820627,0.08900127707429269,0.18488986028426022,0.09588858320996753,14008,157391,-0.049769514782363924,-0.0488086828077837,2025-12-30,-0.03631033934972194,-0.09820435513542947,0.02964109574720819,-0.23143379986014478,0.061894015785707523,0.03442243540035601,-0.015347079382007911,-0.004551021068306016,-0.004149955315313758,-0.001904865684654089,-0.049769514782363924,-0.0043553974829370345,-0.023419862016682447,0.04075046421296433,,,,,,,,,
