variant,ma,risk,cap,two_vote_fraction,one_vote_fraction,full_return_pct,full_max_drawdown_pct,full_average_weight_pct,full_days_in_gold_pct,full_full_weight_days_pct,full_last_weight_pct,full_turnover,blind_return_pct,blind_max_drawdown_pct,blind_average_weight_pct,blind_days_in_gold_pct,blind_full_weight_days_pct,blind_last_weight_pct,blind_turnover
ma100_r0.175_c1.00_v20.85_v10.30,100,0.175,1.0,0.85,0.3,117.40747278821857,-17.711264950681127,46.80483558536566,69.83842010771993,18.13285457809695,76.39691279082601,82.82618555301018,41.631430316263085,-10.656171658562707,48.131898706250446,78.8968824940048,13.42925659472422,76.39691279082601,23.126972734645733
ma100_r0.200_c1.00_v20.85_v10.30,100,0.19999999999999998,1.0,0.85,0.3,117.40516241046394,-17.680761921078236,47.87483464085035,69.77857570317175,19.03052064631957,85.0,83.23410068819324,41.084447411565115,-11.654683356526107,50.21046981652211,78.8968824940048,13.42925659472422,85.0,24.32838028597743
ma250_r0.200_c1.00_v20.85_v10.30,250,0.19999999999999998,1.0,0.85,0.3,116.65983561854208,-15.46087554971809,50.42427799619902,75.344105326152,20.40694195092759,85.0,88.50033470606999,42.7944248267917,-11.654683356526107,53.87595546962775,88.2494004796163,13.42925659472422,85.0,26.987987387961425
ma250_r0.175_c1.00_v20.85_v10.30,250,0.175,1.0,0.85,0.3,116.46071609367321,-15.408631243280823,49.25670692256247,75.46379413524835,19.090365050867746,76.39691279082601,88.06106360821106,43.50369733859978,-10.656171658562707,51.4504757940066,88.2494004796163,13.42925659472422,76.39691279082601,25.739740525136497
ma100_r0.300_c1.00_v20.85_v10.30,100,0.29999999999999993,1.0,0.85,0.3,115.11455214799665,-17.775109039331227,49.62602971551379,69.4195092758827,20.40694195092759,85.00000000000001,84.518266665656,39.38715429140602,-14.176412567873363,54.89198739986095,78.65707434052757,15.347721822541965,85.00000000000001,26.28133525575333
ma250_r0.300_c1.00_v20.85_v10.30,250,0.29999999999999993,1.0,0.85,0.3,115.02086850349929,-15.477869844128833,52.364271622047994,74.98503889886295,21.78336325553561,85.00000000000001,90.19821473473768,40.50567406169958,-14.176412567873363,59.227768625865906,87.76978417266187,15.347721822541965,85.00000000000001,29.429204980063737
ma100_r0.225_c1.00_v20.85_v10.30,100,0.22499999999999998,1.0,0.85,0.3,114.85159102470158,-17.58785995790855,48.53385113700205,69.47935368043088,19.03052064631957,85.00000000000001,83.40552880909877,39.64151476983196,-12.543194629916343,51.73716390344675,78.8968824940048,13.42925659472422,85.00000000000001,24.827324743216685
ma250_r0.225_c1.00_v20.85_v10.30,250,0.22499999999999998,1.0,0.85,0.3,114.39362764108552,-15.30399971931029,51.15499725789965,75.10472770795931,20.40694195092759,85.00000000000001,88.73004969560895,41.026376283081504,-12.543194629916343,55.67449743179254,88.2494004796163,13.42925659472422,85.00000000000001,27.585931100913058
ma100_r0.275_c1.00_v20.85_v10.30,100,0.27499999999999997,1.0,0.85,0.3,113.64782742181862,-17.775109039331305,49.382691160476725,69.4195092758827,20.107719928186714,85.00000000000001,84.27041272060062,38.7111410057817,-13.986689697076116,54.17145152246493,78.65707434052757,14.148681055155876,85.00000000000001,26.019834367523735
ma100_r0.150_c1.00_v20.85_v10.30,100,0.15,1.0,0.85,0.3,113.60007432300847,-16.88808709587092,44.997933940077914,70.3770197486535,14.90125673249551,65.48306810642231,81.60969621212948,40.27435279859939,-8.952040823231645,45.28056303666916,78.8968824940048,13.189448441247004,65.48306810642231,21.416696454761304
ma250_r0.275_c1.00_v20.85_v10.30,250,0.27499999999999997,1.0,0.85,0.3,113.49070087867288,-15.4778698441288,52.08270239815162,74.98503889886295,21.484141232794734,85.00000000000001,89.77258757666198,39.94318040864569,-13.986689697076116,58.37453492325152,87.76978417266187,14.148681055155876,85.00000000000001,29.000937407544775
ma100_r0.250_c1.00_v20.85_v10.30,100,0.24999999999999997,1.0,0.85,0.3,113.04425524012021,-17.76095001537875,49.02033605392455,69.47935368043088,19.389587073608617,85.00000000000001,83.90156699589025,38.61415431429784,-13.562961237712345,53.086182816159855,78.8968824940048,13.42925659472422,85.00000000000001,25.501366692050546
ma250_r0.250_c1.00_v20.85_v10.30,250,0.24999999999999997,1.0,0.85,0.3,112.72522213522981,-15.46331523844431,51.69114764097353,75.04488330341114,20.766008378216636,85.00000000000001,89.27627141049149,39.89998106762658,-13.562961237712345,57.19275743601598,88.00959232613909,13.42925659472422,85.00000000000001,28.366005819342405
ma250_r0.150_c1.00_v20.85_v10.30,250,0.15,1.0,0.85,0.3,112.59275690172723,-14.462328883347675,47.160700322964665,75.58348294434471,15.320167564332735,65.48306810642231,86.14448598771634,41.87586199187974,-8.952040823231645,48.12679811326099,88.2494004796163,13.189448441247004,65.48306810642231,23.656211703753392
ma100_r0.175_c1.00_v20.70_v10.30,100,0.175,1.0,0.7,0.3,109.77941216841197,-16.742916669258033,42.99064626472312,69.83842010771993,18.13285457809695,62.915104651268486,82.77869085845579,39.63831311853401,-8.792308301273334,43.039615671007866,78.8968824940048,13.42925659472422,62.915104651268486,21.641923736886362
ma100_r0.200_c1.00_v20.70_v10.30,100,0.19999999999999998,1.0,0.7,0.3,109.5134205804627,-16.74061558398108,43.91925908928963,69.77857570317175,19.03052064631957,70.0,83.44739658395062,39.2126386278804,-9.679544097465254,44.82888261732655,78.8968824940048,13.42925659472422,70.0,22.805054179284117
ma100_r0.200_c1.00_v20.85_v10.20,100,0.19999999999999998,1.0,0.85,0.2,109.34833507075763,-17.528620782449032,46.44006643058062,69.77857570317175,19.03052064631957,85.0,83.98046695481254,37.910651720767305,-12.007709314196745,49.2547775644611,78.8968824940048,13.42925659472422,85.0,25.2849779790245
ma100_r0.175_c1.00_v20.85_v10.20,100,0.175,1.0,0.85,0.2,109.34198420148942,-17.559180187278223,45.41188758833468,69.83842010771993,18.13285457809695,76.39691279082601,83.33176035442526,38.35643074567541,-11.061968058503691,47.20737327204995,78.8968824940048,13.42925659472422,76.39691279082601,24.050079454866907
ma250_r0.175_c1.00_v20.70_v10.30,250,0.175,1.0,0.7,0.3,109.26567235676652,-14.360387641313842,45.419056883463256,75.46379413524835,19.269898264512268,62.915104651268486,88.20259396647876,41.20284771618146,-8.792308301273334,46.01120180423899,88.2494004796163,13.42925659472422,62.915104651268486,23.84285701801943
ma250_r0.200_c1.00_v20.70_v10.30,250,0.19999999999999998,1.0,0.7,0.3,109.23679307091265,-14.413527226742662,46.43410902960028,75.344105326152,20.46678635547576,70.0,88.88113114058092,40.698644872799065,-9.679544097465254,48.10319588197024,88.2494004796163,13.42925659472422,70.0,25.053086764617845
ma250_r0.300_c1.00_v20.70_v10.30,250,0.29999999999999993,1.0,0.7,0.3,108.95295825719438,-14.452568933005505,48.1424322539391,74.98503889886295,21.84320766008378,70.0,91.06771712045025,39.71031356452688,-11.74668400762634,52.738829253520926,87.76978417266187,15.347721822541965,70.0,27.90626433430659
ma250_r0.200_c1.00_v20.85_v10.20,250,0.19999999999999998,1.0,0.85,0.2,108.62323051203666,-14.993187549094078,48.755019774396246,75.344105326152,20.40694195092759,85.0,88.70001449497923,39.83562790543462,-12.007709314196745,52.56286050658983,88.2494004796163,13.42925659472422,85.0,28.02724934658093
ma100_r0.300_c1.00_v20.85_v10.20,100,0.29999999999999993,1.0,0.85,0.2,108.60240501308107,-17.623142271582292,48.14211347606855,69.4195092758827,20.40694195092759,84.99999999999999,85.45727052541982,36.726239620342696,-14.176412567873363,53.87789059258995,78.65707434052757,15.347721822541965,84.99999999999999,27.3517086449275
ma250_r0.175_c1.00_v20.85_v10.20,250,0.175,1.0,0.85,0.2,108.49644623733722,-14.950267071927604,47.64773869677471,75.46379413524835,19.090365050867746,76.39691279082601,88.00711379277456,40.46446738062581,-11.061968058503691,50.2335024355722,88.2494004796163,13.42925659472422,76.39691279082601,26.742572142781537
ma100_r0.300_c1.00_v20.70_v10.30,100,0.29999999999999993,1.0,0.7,0.3,108.15612099655611,-16.85080792892918,45.46237973997456,69.4195092758827,20.40694195092759,70.0,85.25513082634399,38.440437865914845,-11.74668400762634,48.88802278766927,78.65707434052757,15.347721822541965,70.0,25.225756384971582
ma250_r0.300_c1.00_v20.85_v10.20,250,0.29999999999999993,1.0,0.85,0.2,107.81020729786034,-15.02219510024988,50.61931722438878,74.98503889886295,21.78336325553561,84.99999999999999,90.62281909040357,37.822301471932974,-14.176412567873363,57.777218715036064,87.76978417266187,15.347721822541965,84.99999999999999,30.629204980063733
ma250_r0.275_c1.00_v20.70_v10.30,250,0.27499999999999997,1.0,0.7,0.3,107.58682309216545,-14.452568933005395,47.89485001413742,74.98503889886295,21.543985637342907,70.0,90.56610504404709,39.14236718674196,-11.545825303621783,51.99133143946776,87.76978417266187,14.148681055155876,70.0,27.401392312670783
ma100_r0.225_c1.00_v20.85_v10.20,100,0.22499999999999998,1.0,0.85,0.2,107.5541760761419,-17.43554711931232,47.07509224411215,69.47935368043088,19.03052064631957,84.99999999999999,84.29286173515777,36.752807958010926,-12.844020482427254,50.738218414272836,78.8968824940048,13.42925659472422,84.99999999999999,25.869907587354717
ma250_r0.225_c1.00_v20.70_v10.30,250,0.22499999999999998,1.0,0.7,0.3,107.44716326425525,-14.272324217793164,47.08148608901026,75.10472770795931,20.46678635547576,70.0,89.40635159013007,39.33205860392326,-10.758303190802732,49.67207794642204,88.2494004796163,13.42925659472422,70.0,25.906163659191492
ma100_r0.225_c1.00_v20.70_v10.30,100,0.22499999999999998,1.0,0.7,0.3,107.35228141525997,-16.658973453744263,44.503548215440404,69.47935368043088,19.03052064631957,70.0,83.9191501119518,38.03927854398614,-10.758303190802732,46.16132414646284,78.8968824940048,13.42925659472422,70.0,23.573078632726666
ma100_r0.275_c1.00_v20.85_v10.20,100,0.27499999999999997,1.0,0.85,0.2,106.98174658687223,-17.623142271582292,47.9045134415088,69.4195092758827,20.107719928186714,84.99999999999999,85.18536968369872,36.01269437184524,-13.986689697076116,53.15302280974426,78.65707434052757,14.148681055155876,84.99999999999999,27.071880065914655
ma100_r0.275_c1.00_v20.70_v10.30,100,0.27499999999999997,1.0,0.7,0.3,106.9617374886183,-16.85080792892908,45.248927108041585,69.4195092758827,20.107719928186714,70.0,84.91734514837985,37.830038750655426,-11.545825303621783,48.256789050836076,78.65707434052757,14.148681055155876,70.0,24.873704233043856
ma250_r0.225_c1.00_v20.85_v10.20,250,0.22499999999999998,1.0,0.85,0.2,106.93628786648284,-14.844373056004379,49.44014833134997,75.10472770795931,20.40694195092759,84.99999999999999,89.09068163877333,38.30010153185732,-12.844020482427254,54.23842704429297,88.2494004796163,13.42925659472422,84.99999999999999,28.73483254834927
ma100_r0.150_c1.00_v20.85_v10.20,100,0.15,1.0,0.85,0.2,106.68597686434454,-16.734480947928375,43.67012258747939,70.3770197486535,14.90125673249551,65.48306810642231,81.99295153569355,37.149140435905096,-9.376250284341525,44.41835610266328,78.8968824940048,13.189448441247004,65.48306810642231,22.238608577102248
ma100_r0.150_c1.00_v20.70_v10.30,100,0.15,1.0,0.7,0.3,106.32076234511874,-15.913402029411595,41.37715265925022,70.3770197486535,14.90125673249551,53.92723255823013,81.65996465988286,38.41937586331723,-7.337808250587175,40.590307446410336,78.8968824940048,13.189448441247004,53.92723255823013,20.099253379493337
ma250_r0.250_c1.00_v20.70_v10.30,250,0.24999999999999997,1.0,0.7,0.3,106.28275190284108,-14.437835441815515,47.555731999779184,75.04488330341114,20.825852782764812,70.0,90.05829181192547,38.6257367880795,-11.638873303706909,50.98782608844795,88.00959232613909,13.42925659472422,70.0,26.754332982359024
ma250_r0.275_c1.00_v20.85_v10.20,250,0.27499999999999997,1.0,0.85,0.2,106.26865121775575,-15.02219510024977,50.34655493365131,74.98503889886295,21.484141232794734,84.99999999999999,90.1813819523137,37.25789393896295,-13.986689697076116,56.92511553560914,87.76978417266187,14.148681055155876,84.99999999999999,30.187177790502762
ma100_r0.250_c1.00_v20.85_v10.20,100,0.24999999999999997,1.0,0.85,0.2,106.13127676471059,-17.608957079141508,47.55140891808024,69.47935368043088,19.389587073608617,84.99999999999999,84.80607332597944,35.82211394931287,-13.56296123771238,52.07749571521255,78.8968824940048,13.42925659472422,84.99999999999999,26.54868096331502
ma100_r0.250_c1.00_v20.70_v10.30,100,0.24999999999999997,1.0,0.7,0.3,105.92151711062026,-16.836487476829642,44.934907683318634,69.47935368043088,19.389587073608617,70.0,84.52305554313708,37.333309786165955,-11.638873303706909,47.33335873274835,78.8968824940048,13.42925659472422,70.0,24.329162000880004
ma250_r0.150_c1.00_v20.70_v10.30,250,0.15,1.0,0.7,0.3,105.86663841256497,-13.532123579852218,43.53759359346853,75.58348294434471,15.320167564332735,53.92723255823013,86.50610163528367,39.75641945030341,-7.337808250587175,43.13912170483785,88.2494004796163,13.189448441247004,53.92723255823013,21.985767620464536
ma250_r0.150_c1.00_v20.85_v10.20,250,0.15,1.0,0.85,0.2,105.74723708960701,-14.102660120438838,45.63529856925889,75.58348294434471,15.320167564332735,65.48306810642231,86.04933547894345,38.9524988094398,-9.376250284341525,47.0133413865972,88.2494004796163,13.189448441247004,65.48306810642231,24.546459452457647
ma250_r0.250_c1.00_v20.85_v10.20,250,0.24999999999999997,1.0,0.85,0.2,105.4300060133611,-15.00756202794119,49.964308832867324,75.04488330341114,20.766008378216636,84.99999999999999,89.66608447926578,37.17799122182291,-13.56296123771238,55.74647907402148,88.00959232613909,13.42925659472422,84.99999999999999,29.53531525839512
ma100_r0.200_c1.00_v20.55_v10.30,100,0.19999999999999998,1.0,0.55,0.3,105.37838712335339,-15.741560287458823,40.267044909265934,69.71873129862358,19.090365050867746,55.00000000000001,81.09401924128963,38.2415080551415,-6.175247529108074,39.844953572375,78.41726618705036,13.42925659472422,55.00000000000001,20.815054834172418
ma250_r0.200_c1.00_v20.55_v10.30,250,0.19999999999999998,1.0,0.55,0.3,105.16095746915126,-13.488372983044883,42.79681629610109,75.344105326152,20.586475164572114,55.00000000000001,86.11142650327858,39.07498787821686,-6.545521593244374,42.758644409398514,88.2494004796163,13.42925659472422,55.00000000000001,22.567685069461028
ma100_r0.175_c1.00_v20.55_v10.30,100,0.175,1.0,0.55,0.3,104.73994839131797,-15.729097091470267,39.45003281537685,69.77857570317175,18.192698982645123,49.43329651171096,80.65218345907165,38.17764608863505,-5.420434093057014,38.29879072396133,78.41726618705036,13.42925659472422,49.43329651171096,19.923875199571317
ma250_r0.175_c1.00_v20.55_v10.30,250,0.175,1.0,0.55,0.3,104.17643038818665,-13.45748887851894,41.89308543829349,75.46379413524835,19.329742669060444,49.43329651171096,85.76301704897003,39.05975176667455,-5.73673656192385,40.92996690336041,88.2494004796163,13.42925659472422,49.43329651171096,21.65978784944388
ma250_r0.225_c1.00_v20.55_v10.30,250,0.22499999999999998,1.0,0.55,0.3,103.92348902578709,-13.366100019197091,43.374861343999484,75.10472770795931,20.586475164572114,55.00000000000001,86.59324010503491,38.18619757427595,-7.341379722680619,44.151356385665665,88.2494004796163,13.42925659472422,55.00000000000001,23.336982837853636
ma100_r0.125_c1.00_v20.85_v10.30,100,0.125,1.0,0.85,0.3,103.80880366906537,-15.581623332616811,41.56695455416842,70.8557749850389,6.822262118491921,54.56922342201859,79.81405574302754,36.130756156309275,-7.441752307547289,40.76889732108332,78.8968824940048,6.235011990407674,54.56922342201859,20.3581085770698
ma100_r0.225_c1.00_v20.55_v10.30,100,0.22499999999999998,1.0,0.55,0.3,103.76753093988063,-15.671458605897481,40.790072438435274,69.4195092758827,19.090365050867746,55.00000000000001,81.53485955670507,37.474003547836055,-6.925245979049888,41.03445076553866,78.41726618705036,13.42925659472422,55.00000000000001,21.520920664136902
ma250_r0.125_c1.00_v20.85_v10.30,250,0.125,1.0,0.85,0.3,103.4870207396192,-13.103667720183543,43.46608173013832,76.60083782166367,7.241172950329144,54.56922342201859,84.18380122731395,37.438317908354875,-7.441752307547289,43.14075988490985,88.2494004796163,6.235011990407674,54.56922342201859,22.224371284563205
ma225_r0.175_c1.00_v20.85_v10.30,225,0.175,1.0,0.85,0.3,103.45162094647064,-18.150305148285963,49.34902505831573,75.22441651705566,18.791143028126868,78.46946816621374,90.34033325671453,38.593055071185404,-10.884741987836733,50.741275805622166,86.57074340527578,13.42925659472422,78.46946816621374,25.519010173639966
ma225_r0.200_c1.00_v20.85_v10.30,225,0.19999999999999998,1.0,0.85,0.3,103.19182637934783,-17.947734190910158,50.512523279709065,75.10472770795931,20.107719928186714,85.0,90.9732481193248,37.60537245423805,-11.987174053360283,53.150434771175185,86.57074340527578,13.42925659472422,85.0,26.960900801216226
ma250_r0.300_c1.00_v20.55_v10.30,250,0.29999999999999993,1.0,0.55,0.3,102.99212916465903,-13.55717007685998,44.35281173786077,74.98503889886295,21.962896469180134,55.00000000000001,88.45892848672138,37.23162490267089,-8.400825010626667,46.986670940511814,87.76978417266187,15.347721822541965,55.00000000000001,25.505032669108004
ma250_r0.175_c1.00_v20.70_v10.20,250,0.175,1.0,0.7,0.2,102.95025120550108,-13.893041057836253,43.85074441250814,75.46379413524835,19.269898264512268,62.915104651268486,87.72600933426111,38.56111164550651,-9.40132286810076,44.72718415125583,88.2494004796163,13.42925659472422,62.915104651268486,24.681986190405265
ma250_r0.200_c1.00_v20.70_v10.20,250,0.19999999999999998,1.0,0.7,0.2,102.92901511449739,-13.936694613705992,44.82074961495223,75.344105326152,20.46678635547576,70.0,88.50447818389827,38.04331660500384,-10.262954674269832,46.75030932841807,88.2494004796163,13.42925659472422,70.0,25.9160159776455
ma150_r0.175_c1.00_v20.85_v10.30,150,0.175,1.0,0.85,0.3,102.88624332743174,-19.3011205881199,48.917193700347546,73.72830640335128,17.833632555356075,78.46946816621374,91.10018509190489,39.11499294426663,-10.656171658562707,48.98113244966091,79.85611510791367,13.42925659472422,78.46946816621374,24.57786421261858
ma250_r0.250_c1.00_v20.55_v10.30,250,0.24999999999999997,1.0,0.55,0.3,102.29316670554813,-13.542280018379616,43.80680967718162,75.04488330341114,20.94554159186116,55.00000000000001,87.23315305083554,37.26771194383047,-7.93642263424651,45.336444705808596,88.00959232613909,13.42925659472422,55.00000000000001,24.13550098285172
ma100_r0.175_c1.00_v20.70_v10.20,100,0.175,1.0,0.7,0.2,102.2683774293034,-16.588572427497372,41.637398596618475,69.71873129862358,18.13285457809695,62.915104651268486,83.0871591757882,36.727776816528454,-9.40132286810076,42.06819818041349,78.41726618705036,13.42925659472422,62.915104651268486,22.426856344546813
ma250_r0.275_c1.00_v20.55_v10.30,250,0.27499999999999997,1.0,0.55,0.3,102.12476954043535,-13.557170076860192,44.12767298593817,74.98503889886295,21.663674446439256,55.00000000000001,87.88248212423903,36.89641935967485,-8.209458031174844,46.29865198342205,87.76978417266187,14.148681055155876,55.00000000000001,24.924706830603604
ma100_r0.200_c1.00_v20.70_v10.20,100,0.19999999999999998,1.0,0.7,0.2,102.09243013342943,-16.586267076405704,42.53530265004173,69.6588868940754,19.03052064631957,70.0,83.84660534234776,36.31379575132907,-10.262954674269832,43.83699484818514,78.41726618705036,13.42925659472422,70.0,23.61449436410902
ma100_r0.300_c1.00_v20.55_v10.30,100,0.29999999999999993,1.0,0.55,0.3,102.04703619229565,-15.868097634763457,41.68519417901225,69.35966487133453,20.46678635547576,55.00000000000001,83.17962144525525,36.474186871779146,-8.076341174774093,43.605358023818155,78.17745803357315,15.347721822541965,55.00000000000001,23.457803972413142
ma150_r0.200_c1.00_v20.85_v10.30,150,0.19999999999999998,1.0,0.85,0.3,101.89155344185639,-19.349974903943124,50.013379880226815,73.54877318970676,18.91083183722322,85.0,91.94352312769189,38.21471720173155,-11.654683356526107,51.14282508364904,80.3357314148681,13.42925659472422,85.0,25.88530541719178
ma100_r0.250_c1.00_v20.55_v10.30,100,0.24999999999999997,1.0,0.55,0.3,101.8339543956115,-15.85360564106788,41.1847773498765,69.4195092758827,19.449431478156793,55.00000000000001,82.13281150064412,36.522366327874934,-7.568137585983381,42.09680088459033,78.41726618705036,13.42925659472422,55.00000000000001,22.245224719969677
ma100_r0.150_c1.00_v20.55_v10.30,100,0.15,1.0,0.55,0.3,101.67621348992797,-15.086912458770618,38.02532540873803,70.25733093955715,15.020945541591862,42.37139701003797,79.36273264932696,36.88845896996735,-4.660782901188554,36.226317577222765,78.41726618705036,13.189448441247004,42.37139701003797,18.642554500744527
ma100_r0.275_c1.00_v20.55_v10.30,100,0.27499999999999997,1.0,0.55,0.3,101.4280181646784,-15.868097634763423,41.48337424520434,69.35966487133453,20.167564332734887,55.00000000000001,82.70145066956175,36.149431446895555,-7.867286094865866,42.99028220946644,78.17745803357315,14.148681055155876,55.00000000000001,22.96474719196665
ma250_r0.300_c1.00_v20.70_v10.20,250,0.29999999999999993,1.0,0.7,0.2,101.40574159714402,-13.988007735009568,46.48360604814496,74.98503889886295,21.84320766008378,70.0,90.84846539783982,35.95281870042175,-12.69284799655328,51.369622768606035,87.76978417266187,15.347721822541965,70.0,28.862408256030285
ma225_r0.150_c1.00_v20.85_v10.30,225,0.15,1.0,0.85,0.3,101.37250933015358,-17.1780248675099,47.278473203055,75.40394973070018,14.961101137043686,67.25954414246893,88.36152226357368,37.69879649026324,-9.14348010441638,47.51588834637202,86.57074340527578,13.189448441247004,67.25954414246893,23.467014259613507
ma100_r0.300_c1.00_v20.85_v10.10,100,0.29999999999999993,1.0,0.85,0.1,101.34076107228952,-17.513501163037514,46.71688954524152,69.29982046678636,20.40694195092759,85.0,86.18495298170818,33.56850554671607,-14.176412567873363,52.97908118987774,78.17745803357315,15.347721822541965,85.0,28.31076063062622
ma250_r0.225_c1.00_v20.70_v10.20,250,0.22499999999999998,1.0,0.7,0.2,101.19123472528271,-13.803732923910584,45.43177240023656,75.10472770795931,20.46678635547576,70.0,89.07083958739996,36.567389838065644,-11.033900090339642,48.233228140034335,88.2494004796163,13.42925659472422,70.0,26.75892116073321
ma125_r0.175_c1.00_v20.85_v10.30,125,0.175,1.0,0.85,0.3,101.14105075293955,-20.102018562194303,48.252623764276464,72.5314183123878,17.953321364452425,78.46946816621374,91.01025273555416,37.95466967890082,-10.656171658562707,48.83029995530514,81.29496402877699,13.42925659472422,78.46946816621374,24.065249266842905
ma100_r0.200_c1.00_v20.85_v10.10,100,0.19999999999999998,1.0,0.85,0.1,100.80803432478982,-17.418853868658356,45.07015251538943,69.6588868940754,19.03052064631957,85.0,84.59445895410775,34.360943946050696,-12.36724108943391,48.43906499363805,78.41726618705036,13.42925659472422,85.0,26.209201404747493
ma225_r0.225_c1.00_v20.85_v10.30,225,0.22499999999999998,1.0,0.85,0.3,100.80364755682614,-17.624593227818696,51.24249580725373,74.86535008976661,20.107719928186714,85.0,91.20493562695377,35.723917138924975,-13.002245998881234,54.94598442452799,86.57074340527578,13.42925659472422,85.0,27.560817032257876
ma150_r0.150_c1.00_v20.85_v10.30,150,0.15,1.0,0.85,0.3,100.78120518098271,-18.38120628427662,46.95927701454286,74.08737283064033,14.542190305206462,67.25954414246893,89.19399160633162,38.13776596121485,-8.952040823231645,46.00719404126239,79.85611510791367,13.189448441247004,67.25954414246893,22.660317721595174
ma250_r0.150_c1.00_v20.70_v10.20,250,0.15,1.0,0.7,0.2,100.56096922033721,-13.1057912282448,42.04923434656184,75.58348294434471,15.320167564332735,53.92723255823013,85.90948697267422,37.24491816930908,-7.938945715235257,41.95792094769753,88.2494004796163,13.189448441247004,53.92723255823013,22.707127558946617
ma250_r0.200_c1.00_v20.85_v10.10,250,0.19999999999999998,1.0,0.85,0.1,100.52288544153254,-14.52586836342553,47.1497116220991,75.344105326152,20.46678635547576,85.0,88.6278292488067,36.41192883081856,-12.36724108943391,51.37413140960447,88.2494004796163,13.42925659472422,85.0,28.99464627011868
ma100_r0.300_c1.00_v20.70_v10.20,100,0.29999999999999993,1.0,0.7,0.2,100.47968159508915,-16.696663698915092,44.06542965028713,69.29982046678636,20.40694195092759,70.0,85.82757664492614,34.87382758232596,-12.69284799655328,47.982608081705905,78.17745803357315,15.347721822541965,70.0,26.1295717329641
ma250_r0.150_c1.00_v20.55_v10.30,250,0.15,1.0,0.55,0.3,100.44915714743242,-12.854543819715014,40.218098459443894,75.58348294434471,15.439856373429084,42.37139701003797,84.17037703671778,37.64217503720519,-4.929803650126541,38.48335187522282,88.2494004796163,13.189448441247004,42.37139701003797,20.130479629206725
ma100_r0.175_c1.00_v20.85_v10.10,100,0.175,1.0,0.85,0.1,100.38056101469462,-17.449453947131786,44.08132603510982,69.71873129862358,18.13285457809695,76.39691279082601,83.6908247167811,34.51980817913327,-11.473484903821507,46.41283658163533,78.41726618705036,13.42925659472422,76.39691279082601,24.88560810755079
ma250_r0.275_c1.00_v20.70_v10.20,250,0.27499999999999997,1.0,0.7,0.2,100.31281111530058,-13.988007735009568,46.23990290879599,74.98503889886295,21.543985637342907,70.0,90.33201120492626,35.580334577443764,-12.499996036531924,50.60350869488166,87.76978417266187,14.148681055155876,70.0,28.344744480856228
ma125_r0.200_c1.00_v20.85_v10.30,125,0.19999999999999998,1.0,0.85,0.3,100.27532756221684,-20.20814232450806,49.36031612018562,72.0526630760024,18.850987432675044,85.0,91.78401063489011,37.25269962155879,-11.654683356526107,50.99289648531617,80.3357314148681,13.42925659472422,85.0,25.333728961039448
ma225_r0.300_c1.00_v20.85_v10.30,225,0.29999999999999993,1.0,0.85,0.3,100.19018332235584,-17.802440110395914,52.45001674550356,74.74566128067026,21.484141232794734,85.0,92.6647293098641,34.416425570462735,-14.840003164476146,58.49222930043244,86.09112709832134,15.347721822541965,85.0,29.395719555190162
ma225_r0.175_c1.00_v20.70_v10.30,225,0.175,1.0,0.7,0.3,100.17105630949597,-16.350349685100205,45.446804527977356,75.22441651705566,18.91083183722322,64.62191496041132,89.62409792006906,37.36845815184091,-8.792308301273334,45.338921462797515,86.57074340527578,13.42925659472422,64.62191496041132,23.661079081492872
ma100_r0.225_c1.00_v20.70_v10.20,100,0.22499999999999998,1.0,0.7,0.2,100.16172588894756,-16.504473595771252,43.10595291755552,69.35966487133453,19.03052064631957,70.0,84.34316123415721,35.085152261369416,-11.033900090339642,45.167664909695205,78.41726618705036,13.42925659472422,70.0,24.3523396730111
ma250_r0.175_c1.00_v20.85_v10.10,250,0.175,1.0,0.85,0.1,100.14665732234471,-14.49465039129304,46.09740558915216,75.46379413524835,19.269898264512268,77.49304982786722,87.6504621909556,36.79527591710563,-11.473484903821507,49.11096885031694,88.2494004796163,13.42925659472422,77.49304982786722,27.60491623568292
ma250_r0.300_c1.00_v20.85_v10.10,250,0.29999999999999993,1.0,0.85,0.1,100.12814322584451,-14.567047817435752,48.92821888091139,74.98503889886295,21.84320766008378,85.0,90.64742344606945,34.443251770766814,-14.176412567873363,56.41058599014831,87.76978417266187,15.347721822541965,85.0,31.629204980063733
ma100_r0.150_c1.00_v20.70_v10.20,100,0.15,1.0,0.7,0.2,99.97808161259707,-15.757520010887472,40.08580866517811,70.25733093955715,14.90125673249551,53.92723255823013,81.8457001399475,35.67786215919817,-7.938945715235257,39.67762982891782,78.41726618705036,13.189448441247004,53.92723255823013,20.77415911963937
ma225_r0.200_c1.00_v20.70_v10.30,225,0.19999999999999998,1.0,0.7,0.3,99.87746637912952,-16.193001678400044,46.460314196018196,75.10472770795931,20.167564332734887,70.0,90.45882453973192,36.65377615219303,-9.679544097465254,47.41683816754422,86.57074340527578,13.42925659472422,70.0,25.03078016376886
ma150_r0.300_c1.00_v20.85_v10.30,150,0.29999999999999993,1.0,0.85,0.3,99.86611610141982,-19.44240891611837,51.781518878874465,73.0101735487732,20.287253141831236,85.0,93.34842673491399,36.698894285035635,-14.176412567873363,55.95151351970677,79.61630695443645,15.347721822541965,85.0,27.811495325011297
ma250_r0.250_c1.00_v20.70_v10.20,250,0.24999999999999997,1.0,0.7,0.2,99.77649999057321,-13.973194234306519,45.896647352819826,75.04488330341114,20.825852782764812,70.0,89.71968471461186,35.595188018230786,-12.065174263962364,49.54926284222414,88.00959232613909,13.42925659472422,70.0,27.59522225532384
ma125_r0.150_c1.00_v20.85_v10.30,125,0.15,1.0,0.85,0.3,99.73467876407534,-19.017657698900326,46.34864423292261,72.77079593058049,14.721723518850988,67.25954414246893,89.05888167128671,37.14670158112341,-8.952040823231645,45.87790904610029,81.29496402877699,13.189448441247004,67.25954414246893,22.220933482358884
ma100_r0.275_c1.00_v20.85_v10.10,100,0.27499999999999997,1.0,0.85,0.1,99.69334074466263,-17.513501163037482,46.479909834909144,69.29982046678636,20.107719928186714,85.0,85.8662450689676,32.89321906233618,-13.986689697076105,52.229371895026944,78.17745803357315,14.148681055155876,85.0,27.98984418647636
ma100_r0.225_c1.00_v20.85_v10.10,100,0.22499999999999998,1.0,0.85,0.1,99.61751279986937,-17.325656327288296,45.6739112119415,69.35966487133453,19.03052064631957,85.0,84.92353762329836,33.408184404069566,-13.152124859951819,49.85009452045121,78.41726618705036,13.42925659472422,85.0,26.75583339357432
ma100_r0.275_c1.00_v20.70_v10.20,100,0.27499999999999997,1.0,0.7,0.2,99.29610379342478,-16.696663698915025,43.84969243756993,69.29982046678636,20.107719928186714,70.0,85.4295298480887,34.3355914701434,-12.499996036531924,47.314892314224,78.17745803357315,14.148681055155876,70.0,25.722977668045555
ma250_r0.225_c1.00_v20.85_v10.10,250,0.22499999999999998,1.0,0.85,0.1,99.24966068905887,-14.385238890807372,47.78911468145596,75.10472770795931,20.46678635547576,85.0,89.04072328951591,35.02058050161183,-13.152124859951819,52.92618238171336,88.2494004796163,13.42925659472422,85.0,29.673143703363685
ma225_r0.275_c1.00_v20.85_v10.30,225,0.27499999999999997,1.0,0.85,0.3,99.24379312715324,-17.802440110395956,52.16903199690669,74.74566128067026,21.18491921005386,85.0,92.2418926038612,34.200425173320895,-14.395673580700198,57.64133770387437,86.09112709832134,14.148681055155876,85.0,28.970242434743994
ma150_r0.225_c1.00_v20.85_v10.30,150,0.22499999999999998,1.0,0.85,0.3,99.14587526448184,-19.258956742988754,50.679907420590666,73.07001795332137,18.91083183722322,85.0,92.24042178237211,36.62184954747578,-12.543194629916343,52.75889064175986,79.85611510791367,13.42925659472422,85.0,26.362217716490022
ma100_r0.150_c1.00_v20.85_v10.10,100,0.15,1.0,0.85,0.1,99.11514722674015,-16.666607259220257,42.41742607924346,70.25733093955715,14.90125673249551,65.48306810642231,82.24088137726116,33.56559795883736,-9.805175028969071,43.68436128137287,78.41726618705036,13.189448441247004,65.48306810642231,22.98535872877433
ma200_r0.175_c1.00_v20.85_v10.30,200,0.175,1.0,0.85,0.3,99.0149146997954,-18.374245316753512,49.67776126621812,75.52363853979654,18.67145421903052,78.46946816621374,93.43248189118455,38.402373921634215,-10.656171658562707,49.785418889327595,84.17266187050359,13.42925659472422,78.46946816621374,24.594879372702295
ma225_r0.250_c1.00_v20.85_v10.30,225,0.24999999999999997,1.0,0.85,0.3,99.00761306762405,-17.788285792820034,51.77806171502811,74.80550568521844,20.46678635547576,85.0,91.7483668897635,34.482159595766284,-13.929430480397853,56.461902322695146,86.33093525179856,13.42925659472422,85.0,28.338101298614426
ma250_r0.275_c1.00_v20.85_v10.10,250,0.27499999999999997,1.0,0.85,0.1,98.7683439747855,-14.56704781743573,48.66106106765142,74.98503889886295,21.543985637342907,85.0,90.19017632796542,34.00316626551236,-13.986689697076105,55.54678047193363,87.76978417266187,14.148681055155876,85.0,31.17341817346075
ma100_r0.250_c1.00_v20.70_v10.20,100,0.24999999999999997,1.0,0.7,0.2,98.6970496939451,-16.682316699172695,43.53335040353954,69.35966487133453,19.389587073608617,70.0,84.93561075385045,34.201800247058834,-12.065174263962364,46.35482757780823,78.41726618705036,13.42925659472422,70.0,25.084525152768684
ma250_r0.200_c1.00_v20.55_v10.20,250,0.19999999999999998,1.0,0.55,0.2,98.67405903021532,-12.887458216844227,41.06243936623254,75.344105326152,20.586475164572114,55.00000000000001,86.57767487132271,35.58697055176738,-7.034164938585807,41.235189830870695,88.2494004796163,13.42925659472422,55.00000000000001,23.673515607215442
ma100_r0.250_c1.00_v20.85_v10.10,100,0.24999999999999997,1.0,0.85,0.1,98.58687486111155,-17.49929709053414,46.135175211023274,69.35966487133453,19.389587073608617,85.0,85.44626095464943,32.593013822465224,-13.794344836783633,51.160057342091726,78.41726618705036,13.42925659472422,85.0,27.43167653316033
ma250_r0.150_c1.00_v20.85_v10.10,250,0.15,1.0,0.85,0.1,98.5569637698819,-13.912109490560331,44.178543358343234,75.58348294434471,15.320167564332735,66.35255668887805,85.71931482442773,35.51483306617407,-9.805175028969071,45.997458222938995,88.2494004796163,13.189448441247004,66.35255668887805,25.316894841666233
ma75_r0.175_c1.00_v20.85_v10.30,75,0.175,1.0,0.85,0.3,98.55560222347226,-21.61460025564996,45.80593012159774,68.34230999401557,17.474566128067025,76.39691279082601,91.06333378074343,42.303472152173825,-10.65617165856273,46.87874486642488,74.82014388489209,13.189448441247004,76.39691279082601,25.736733734965917
ma125_r0.300_c1.00_v20.85_v10.30,125,0.29999999999999993,1.0,0.85,0.3,98.54112605937037,-20.29959278016613,51.14628771864488,71.51406343506882,20.227408737283064,85.0,93.31900136004109,35.9702924891313,-14.176412567873363,55.828081220561344,79.61630695443645,15.347721822541965,85.0,27.382069950138405
ma75_r0.200_c1.00_v20.85_v10.30,75,0.19999999999999998,1.0,0.85,0.3,98.53553155304562,-21.65326114392121,46.825302236410664,68.28246558946739,18.372232196289648,85.0,91.27373360445063,41.91609046359952,-11.654683356526096,48.83020089605791,74.82014388489209,13.189448441247004,85.0,26.629198366677485
ma225_r0.300_c1.00_v20.70_v10.30,225,0.29999999999999993,1.0,0.7,0.3,98.49047827959518,-16.180507364129724,48.16657846501804,74.74566128067026,21.543985637342907,70.0,92.64014088820142,34.935295139990075,-11.74668400762634,52.04422090511063,86.09112709832134,15.347721822541965,70.0,27.878688102057765
ma225_r0.200_c1.00_v20.55_v10.30,225,0.19999999999999998,1.0,0.55,0.3,98.48117719043825,-14.691050088447788,42.71208044131377,75.16457211250747,20.227408737283064,55.00000000000001,87.19389988832579,36.36815987893951,-6.545521593244374,42.095350372588875,86.57074340527578,13.42925659472422,55.00000000000001,22.55015845450825
ma150_r0.175_c1.00_v20.70_v10.30,150,0.175,1.0,0.7,0.3,98.31818380135115,-17.704614964690503,44.81292830067707,73.72830640335128,17.833632555356075,64.62191496041132,90.62916591154175,37.52882227820314,-8.792308301273334,43.74745873912355,79.85611510791367,13.42925659472422,64.62191496041132,22.88301502651931
ma250_r0.175_c1.00_v20.55_v10.20,250,0.175,1.0,0.55,0.2,98.31692912826672,-12.85437132863888,40.21617939419678,75.46379413524835,19.389587073608617,49.43329651171096,85.86318935009729,35.94755745578995,-6.365670983456095,39.50860558955526,88.2494004796163,13.42925659472422,49.43329651171096,22.523483616013934
ma150_r0.275_c1.00_v20.85_v10.30,150,0.27499999999999997,1.0,0.85,0.3,98.28819331732126,-19.44240891611845,51.533301930753225,73.0101735487732,19.988031119090365,85.0,93.06861524349026,35.88846305794535,-13.986689697076116,55.21142897362085,79.61630695443645,14.148681055155876,85.0,27.51803689041337
ma100_r0.125_c1.00_v20.85_v10.20,100,0.125,1.0,0.85,0.2,98.21656873254507,-15.52771592863028,40.3477056077374,70.8557749850389,6.822262118491921,54.56922342201859,80.00091736906933,33.42904624073093,-7.797320565636657,39.99044643640623,78.8968824940048,6.235011990407674,54.56922342201859,21.017424848893462
ma200_r0.200_c1.00_v20.85_v10.30,200,0.19999999999999998,1.0,0.85,0.3,98.19185698013995,-18.51497007124332,50.8203137359254,75.40394973070018,19.988031119090365,85.0,94.03418903689877,37.4059287335814,-11.654683356526107,52.05998323051087,84.17266187050359,13.42925659472422,85.0,25.904751314430314
ma225_r0.225_c1.00_v20.70_v10.30,225,0.22499999999999998,1.0,0.7,0.3,97.99248287403657,-16.003903340011718,47.107076297887986,74.86535008976661,20.167564332734887,70.0,90.98566941594346,35.206694983260654,-10.758303190802732,48.98325597768028,86.57074340527578,13.42925659472422,70.0,25.885481485004874
ma250_r0.250_c1.00_v20.85_v10.10,250,0.24999999999999997,1.0,0.85,0.1,97.92736839226998,-14.552336369331186,48.28667454318093,75.04488330341114,20.825852782764812,85.0,89.63165300828382,33.929062958733795,-13.794344836783633,54.3654782906349,88.00959232613909,13.42925659472422,85.0,30.48038015769159
ma100_r0.125_c1.00_v20.70_v10.30,100,0.125,1.0,0.7,0.3,97.90412982496595,-14.52286501392469,38.23293360802554,70.97546379413525,6.822262118491921,44.939360465191776,79.51657733829595,34.74522992595328,-6.101276678913559,36.65471060992561,78.8968824940048,6.235011990407674,44.939360465191776,19.082674850422308
ma125_r0.225_c1.00_v20.85_v10.30,125,0.22499999999999998,1.0,0.85,0.3,97.87902780595176,-20.118092654516005,50.046104156860615,71.573907839617,18.850987432675044,85.0,92.23239826920074,35.930318704627304,-12.543194629916343,52.641180201249284,79.85611510791367,13.42925659472422,85.0,25.95419420331865
ma250_r0.125_c1.00_v20.85_v10.20,250,0.125,1.0,0.85,0.2,97.85754095203629,-12.942755666514172,42.06530443989069,76.60083782166367,7.241172950329144,54.56922342201859,83.93993832130714,34.90271290604099,-7.797320565636657,42.152934173017826,88.2494004796163,6.235011990407674,54.56922342201859,22.940633911689623
ma100_r0.200_c1.00_v20.40_v10.30,100,0.19999999999999998,1.0,0.4,0.3,97.81540500822376,-15.173679413470275,37.351865074941415,69.47935368043088,19.50927588270497,40.0,75.16284441812722,36.37918831648068,-5.492621427928645,36.16845824199569,78.41726618705036,13.42925659472422,40.0,18.073605047343698
ma225_r0.150_c1.00_v20.70_v10.30,225,0.15,1.0,0.7,0.3,97.74821920646917,-15.504029230868898,43.58337247748507,75.40394973070018,14.961101137043686,55.39021282320971,87.92508932592872,36.493753660624506,-7.337808250587175,42.55985734961428,86.57074340527578,13.189448441247004,55.39021282320971,21.82995796058463
ma225_r0.175_c1.00_v20.55_v10.30,225,0.175,1.0,0.55,0.3,97.7011293779832,-14.660595332053639,41.81180498106291,75.28426092160383,18.970676241771393,50.7743617546089,86.72019152741345,36.47224407757401,-5.73673656192385,40.28051931575302,86.57074340527578,13.42925659472422,50.7743617546089,21.516962327887303
ma225_r0.275_c1.00_v20.70_v10.30,225,0.27499999999999997,1.0,0.7,0.3,97.58429936357251,-16.180507364129692,47.91947755781595,74.74566128067026,21.244763614602036,70.0,92.14082683115234,34.65360287974561,-11.545825303621783,51.29865188428031,86.09112709832134,14.148681055155876,70.0,27.376114099776025
ma250_r0.125_c1.00_v20.70_v10.30,250,0.125,1.0,0.7,0.3,97.45138980553534,-12.398386427116503,40.149269804626186,76.60083782166367,7.241172950329144,44.93936046519178,84.30042752041973,35.8387124409085,-6.101276678913559,38.778722491948535,88.2494004796163,6.235011990407674,44.93936046519178,20.65477005123164
ma100_r0.200_c1.00_v20.55_v10.20,100,0.19999999999999998,1.0,0.55,0.2,97.43767670242948,-15.645464071301241,38.84659300353818,69.71873129862358,19.090365050867746,55.00000000000001,82.13113219194929,34.23682082530044,-7.034164938585807,38.769395484362576,78.41726618705036,13.42925659472422,55.00000000000001,21.862399211259845
ma150_r0.250_c1.00_v20.85_v10.30,150,0.24999999999999997,1.0,0.85,0.3,97.42480795044284,-19.428536999130962,51.17509944935027,73.07001795332137,19.269898264512268,85.0,92.71811474397174,35.585217956041014,-13.562961237712345,54.142800642913755,79.85611510791367,13.42925659472422,85.0,27.017914440132035
ma250_r0.225_c1.00_v20.55_v10.20,250,0.22499999999999998,1.0,0.55,0.2,97.3931768072506,-12.771411310461133,41.59795794261667,75.10472770795931,20.586475164572114,55.00000000000001,87.19996380037814,34.529281677657785,-7.8857338227969365,42.519857106777344,88.2494004796163,13.42925659472422,55.00000000000001,24.531976037468695
ma150_r0.200_c1.00_v20.70_v10.30,150,0.19999999999999998,1.0,0.7,0.3,97.29945007109666,-17.77608404172055,45.764024956099824,73.54877318970676,18.91083183722322,70.0,91.66243370066611,36.8494925615924,-9.679544097465254,45.6016611048412,80.3357314148681,13.42925659472422,70.0,24.141564100941928
ma100_r0.175_c1.00_v20.55_v10.20,100,0.175,1.0,0.55,0.2,97.29229808134889,-15.632986661116789,38.065915305241454,69.77857570317175,18.192698982645123,49.43329651171096,81.40100911199977,34.54887757694698,-6.365670983456095,37.26292052424321,78.41726618705036,13.42925659472422,49.43329651171096,20.749165142827476
ma225_r0.225_c1.00_v20.55_v10.30,225,0.22499999999999998,1.0,0.55,0.3,97.23365027601068,-14.570476952696021,43.289140108199966,74.92519449431478,20.227408737283064,55.00000000000001,87.67698982531684,35.46208805381601,-7.341379722680619,43.484113735735235,86.57074340527578,13.42925659472422,55.00000000000001,23.320732558135575
ma200_r0.150_c1.00_v20.85_v10.30,200,0.15,1.0,0.85,0.3,97.12714982432855,-17.16890267553042,47.6150511863749,76.00239377618193,14.602034709754639,67.25954414246893,91.19510209395192,37.53215256751545,-8.952040823231645,46.69658241811954,84.17266187050359,13.189448441247004,67.25954414246893,22.674902144524076
ma100_r0.175_c1.00_v20.40_v10.30,100,0.175,1.0,0.4,0.3,97.11824674862999,-15.270812099589214,36.6561704018683,69.53919808497906,18.611609814482346,35.95148837215342,74.80194361358053,36.44908388163832,-4.874561612315431,34.810358666845495,78.41726618705036,13.42925659472422,35.95148837215342,17.346838705007855
ma125_r0.275_c1.00_v20.85_v10.30,125,0.27499999999999997,1.0,0.85,0.3,97.07506483782859,-20.299592780166144,50.899257921151275,71.51406343506882,19.92818671454219,85.0,93.07497531652344,35.23376257744366,-13.986689697076116,55.092753817638,79.61630695443645,14.148681055155876,85.0,27.12439696344655
ma250_r0.300_c1.00_v20.55_v10.20,250,0.29999999999999993,1.0,0.55,0.2,97.04868554539385,-12.96225280379394,42.54121696073865,74.98503889886295,21.962896469180134,55.00000000000001,89.19206859509322,33.83041220721423,-9.036761981157348,45.3290321230093,87.76978417266187,15.347721822541965,55.00000000000001,26.81356842181396
ma150_r0.175_c1.00_v20.85_v10.20,150,0.175,1.0,0.85,0.2,96.83231328857515,-18.68495993463888,47.46448887043091,73.72830640335128,17.833632555356075,78.46946816621374,90.49115651077173,36.346881276836825,-11.061968058503691,48.19891745635128,79.85611510791367,13.42925659472422,78.46946816621374,25.586367550291524
ma225_r0.250_c1.00_v20.70_v10.30,225,0.24999999999999997,1.0,0.7,0.3,96.73329936824409,-16.16607146885055,47.58084087605731,74.80550568521844,20.526630760023938,70.0,91.63531161838479,34.42027148892033,-11.638873303706909,50.29707532648335,86.33093525179856,13.42925659472422,70.0,26.731352788818338
ma200_r0.175_c1.00_v20.85_v10.20,200,0.175,1.0,0.85,0.2,96.71547609397928,-16.53849347695412,48.09404018319401,75.52363853979654,18.67145421903052,78.46946816621374,92.82027154405226,35.88289116235781,-11.061968058503691,48.735108416129066,84.17266187050359,13.42925659472422,78.46946816621374,25.597710990347334
ma75_r0.300_c1.00_v20.85_v10.30,75,0.29999999999999993,1.0,0.85,0.3,96.41401269870296,-21.752817321846262,48.44317181711284,67.86355475763017,19.748653500897667,85.00000000000001,92.18586272874,40.2480603209125,-14.176412567873363,53.01368466675714,74.58033573141488,15.107913669064748,85.00000000000001,28.082865148363595
ma150_r0.300_c1.00_v20.70_v10.30,150,0.29999999999999993,1.0,0.7,0.3,96.36917015116553,-17.88490596220199,47.323244658011156,73.0101735487732,20.287253141831236,70.0,93.60340729504756,36.39571820171137,-11.74668400762634,49.77412657193579,79.61630695443645,15.347721822541965,70.0,26.57403285367517
ma250_r0.250_c1.00_v20.55_v10.20,250,0.24999999999999997,1.0,0.55,0.2,96.35616700045753,-12.947260268879235,42.01142126321594,75.04488330341114,20.94554159186116,55.00000000000001,87.89582689789515,33.9123022245045,-8.533876582832978,43.67542679611338,88.00959232613909,13.42925659472422,55.00000000000001,25.37767120018975
ma125_r0.250_c1.00_v20.85_v10.30,125,0.24999999999999997,1.0,0.85,0.3,96.30311607118097,-20.285868469173952,50.543747760081544,71.573907839617,19.210053859964095,85.0,92.76026026491098,34.99122404912476,-13.562961237712345,54.03491413747481,79.85611510791367,13.42925659472422,85.0,26.66005996107129
ma250_r0.275_c1.00_v20.55_v10.20,250,0.27499999999999997,1.0,0.55,0.2,96.28546540200263,-12.962252803793872,42.32391657269851,74.98503889886295,21.663674446439256,55.00000000000001,88.59076760653787,33.58536916754955,-8.829892848525278,44.63826244387687,87.76978417266187,14.148681055155876,55.00000000000001,26.210438320208723
ma225_r0.175_c1.00_v20.85_v10.20,225,0.175,1.0,0.85,0.2,96.28249184825262,-17.850954794633942,47.7876321904833,75.22441651705566,18.791143028126868,78.46946816621374,90.48638344127804,35.350725541066176,-11.308543613087519,49.69096533242363,86.57074340527578,13.42925659472422,78.46946816621374,26.521841791285006
ma75_r0.225_c1.00_v20.85_v10.30,75,0.22499999999999998,1.0,0.85,0.3,96.26834315267507,-21.574626595057477,47.44431125746553,67.92339916217833,18.372232196289648,85.00000000000001,91.34349877774164,40.51135484079704,-12.543194629916298,50.22183139190535,74.82014388489209,13.189448441247004,85.00000000000001,26.990745084004253
ma150_r0.150_c1.00_v20.70_v10.30,150,0.15,1.0,0.7,0.3,96.21462585198248,-16.80749334359195,43.066198569047884,74.08737283064033,14.542190305206462,55.39021282320971,88.9222124343899,36.62605583716554,-7.337808250587175,41.19574644360803,79.85611510791367,13.189448441247004,55.39021282320971,21.163045913464433
ma100_r0.225_c1.00_v20.40_v10.30,100,0.22499999999999998,1.0,0.4,0.3,96.15586989167927,-15.073176987878956,37.81941846163529,69.18013165769,19.50927588270497,40.0,75.63973982126078,35.54261098087006,-6.107609348365884,37.24679658816328,78.41726618705036,13.42925659472422,40.0,18.757933515349556
ma200_r0.200_c1.00_v20.85_v10.20,200,0.19999999999999998,1.0,0.85,0.2,96.08817680354571,-16.649398357444078,49.17878591282855,75.40394973070018,19.988031119090365,85.0,93.6632195690905,35.0247285068309,-12.007709314196745,50.914753974907,84.17266187050359,13.42925659472422,85.0,26.944013273049823
ma200_r0.300_c1.00_v20.85_v10.30,200,0.29999999999999993,1.0,0.85,0.3,96.08762639860569,-18.662306314317135,52.6277562944971,74.86535008976661,21.364452423698385,85.0,95.34842673491397,35.913767013976596,-14.176412567873363,56.9587077643111,82.9736211031175,15.347721822541965,85.0,27.811495325011297
ma150_r0.200_c1.00_v20.55_v10.30,150,0.19999999999999998,1.0,0.55,0.3,95.97967958265761,-16.10774192039035,41.84965590213654,73.60861759425494,18.970676241771393,55.00000000000001,88.63084320182708,36.33190705315283,-6.175247529108074,40.45298630475021,80.3357314148681,13.42925659472422,55.00000000000001,21.847321712878834
ma150_r0.200_c1.00_v20.85_v10.20,150,0.19999999999999998,1.0,0.85,0.2,95.91930586850133,-18.717987985101193,48.51151695127104,73.4290843806104,18.91083183722322,85.0,91.5790356256298,35.552444214479294,-12.007709314196745,50.30196430658953,79.85611510791367,13.42925659472422,85.0,26.93104934155747
ma100_r0.225_c1.00_v20.55_v10.20,100,0.22499999999999998,1.0,0.55,0.2,95.91376297361415,-15.575282439216675,39.34650118721335,69.4195092758827,19.090365050867746,55.00000000000001,82.69828939401424,33.32389387125501,-7.8857338227969365,39.92178280385704,78.41726618705036,13.42925659472422,55.00000000000001,22.63960041952508
ma225_r0.200_c1.00_v20.85_v10.20,225,0.19999999999999998,1.0,0.85,0.2,95.90568240088886,-17.632594656041988,48.89114058154483,75.10472770795931,20.107719928186714,85.0,91.37292790823403,34.404376180758,-12.379924281518706,52.00520551557132,86.57074340527578,13.42925659472422,85.0,28.00016275983573
ma150_r0.175_c1.00_v20.55_v10.30,150,0.175,1.0,0.55,0.3,95.8661966691761,-16.040662580802255,41.00947361772055,73.96768402154399,17.89347695990425,50.7743617546089,87.97047567516842,36.40747114330265,-5.420434093057014,38.84782300941777,80.57553956834532,13.42925659472422,50.7743617546089,20.901980178961562
ma250_r0.150_c1.00_v20.55_v10.20,250,0.15,1.0,0.55,0.2,95.77696522756302,-12.35362973389844,38.63690585200114,75.58348294434471,15.439856373429084,42.37139701003797,83.9967269519389,34.78139563522846,-5.313864879705443,37.186408767578115,88.2494004796163,13.189448441247004,42.37139701003797,20.798152846565532
ma225_r0.250_c1.00_v20.55_v10.30,225,0.24999999999999997,1.0,0.55,0.3,95.64890777298574,-14.74420771287166,43.72000045504504,74.86535008976661,20.586475164572114,55.00000000000001,88.31509718448214,34.55627294924648,-7.93642263424651,44.66484228329004,86.33093525179856,13.42925659472422,55.00000000000001,24.117445116498324
ma200_r0.225_c1.00_v20.85_v10.30,200,0.22499999999999998,1.0,0.85,0.3,95.63500804583664,-18.489542113171797,51.51419065451653,75.16457211250747,19.988031119090365,85.0,94.25085292550581,35.806973404577946,-12.543194629916343,53.744884039823084,84.17266187050359,13.42925659472422,85.0,26.372648859623727
ma250_r0.200_c1.00_v20.40_v10.30,250,0.19999999999999998,1.0,0.4,0.3,95.5953313674786,-13.877665235730563,39.97778562534837,75.28426092160383,20.885697187312985,40.0,79.53758992247252,35.636249804378735,-6.983513495391669,38.807213738175946,88.2494004796163,13.42925659472422,40.0,19.1044984695849
ma150_r0.150_c1.00_v20.85_v10.20,150,0.15,1.0,0.85,0.2,95.53793801210182,-17.78480514256372,45.57282234560995,74.08737283064033,14.542190305206462,67.25954414246893,88.47571838192087,35.4437744578173,-9.376250284341525,45.26739536270154,79.85611510791367,13.189448441247004,67.25954414246893,23.555426944609064
ma225_r0.300_c1.00_v20.55_v10.30,225,0.29999999999999993,1.0,0.55,0.3,95.51889743659052,-14.758890771055455,44.26779088075228,74.80550568521844,21.603830041891083,55.00000000000001,89.5372614470973,33.96862068142696,-8.400825010626667,46.32223484404111,86.09112709832134,15.347721822541965,55.00000000000001,25.483365629483927
ma100_r0.300_c1.00_v20.55_v10.20,100,0.29999999999999993,1.0,0.55,0.2,95.44084810002205,-15.772145733648191,40.212761594385825,69.35966487133453,20.46678635547576,55.00000000000001,84.45678766855086,32.86133331113818,-9.036761981157348,42.46941274461003,78.17745803357315,15.347721822541965,55.00000000000001,24.6663397251191
ma200_r0.150_c1.00_v20.85_v10.20,200,0.15,1.0,0.85,0.2,95.41011826337926,-15.794139396296291,46.10529066711075,76.00239377618193,14.602034709754639,67.25954414246893,90.47739871876111,35.04910208232766,-9.376250284341525,45.72698761393964,84.17266187050359,13.189448441247004,67.25954414246893,23.56514989322833
ma125_r0.175_c1.00_v20.70_v10.30,125,0.175,1.0,0.7,0.3,95.33995258417679,-18.830324626413407,44.17242482828703,72.5314183123878,17.953321364452425,64.62191496041132,89.92486289726992,36.351503864213264,-8.792308301273334,43.5991215032681,81.29496402877699,13.42925659472422,64.62191496041132,22.363468745194808
ma100_r0.150_c1.00_v20.55_v10.20,100,0.15,1.0,0.55,0.2,95.321169893629,-14.990069620916035,36.71075499798124,70.25733093955715,15.020945541591862,42.37139701003797,79.8898057282294,33.58693221126916,-5.313864879705443,35.26037556782438,78.41726618705036,13.189448441247004,42.37139701003797,19.277308440977137
ma200_r0.300_c1.00_v20.85_v10.20,200,0.29999999999999993,1.0,0.85,0.2,95.31690456494091,-16.811910991735303,50.915420834214544,74.86535008976661,21.364452423698385,85.0,95.21705720550361,33.89149294823899,-14.176412567873363,55.67602356091531,82.9736211031175,15.347721822541965,85.0,29.011495325011296
ma75_r0.275_c1.00_v20.85_v10.30,75,0.27499999999999997,1.0,0.85,0.3,95.24326933362359,-21.75281732184622,48.22391514307126,67.86355475763017,19.449431478156793,85.00000000000001,91.99459823783079,39.6684390814281,-13.986689697076137,52.38599182876911,74.58033573141488,13.908872901678656,85.00000000000001,27.90845922848631
ma75_r0.150_c1.00_v20.85_v10.30,75,0.15,1.0,0.85,0.3,95.21821006365974,-20.89229939298005,44.124318774607595,69.8982645122681,14.841412327947337,65.48306810642231,89.5761931056724,40.56580066029636,-8.952040823231622,44.14209425623436,74.82014388489209,12.949640287769784,65.48306810642231,24.07203413768044
ma150_r0.300_c1.00_v20.85_v10.20,150,0.29999999999999993,1.0,0.85,0.2,95.13271942634003,-18.932510695151706,50.218607460384334,73.0101735487732,20.287253141831236,85.0,93.21705720550361,34.40347339651761,-14.176412567873363,55.0045607311791,79.61630695443645,15.347721822541965,85.0,29.011495325011296
ma225_r0.150_c1.00_v20.85_v10.20,225,0.15,1.0,0.85,0.2,95.1206004605577,-16.93532238022578,45.79108905511586,75.40394973070018,14.961101137043686,67.25954414246893,88.47126011590237,34.59950978815598,-9.583916775125822,46.54629354219214,86.57074340527578,13.189448441247004,67.25954414246893,24.35726200831776
ma225_r0.150_c1.00_v20.55_v10.30,225,0.15,1.0,0.55,0.3,95.11118222241817,-13.979942248049726,40.15238236317435,75.40394973070018,15.080789946140035,43.520881503950484,85.00377848227757,35.44221840826154,-4.929803650126541,37.92365845185704,86.57074340527578,13.189448441247004,43.520881503950484,20.0080577535868
ma125_r0.175_c1.00_v20.85_v10.20,125,0.175,1.0,0.85,0.2,95.11013967639023,-19.729105310004858,46.88784171053442,72.5314183123878,17.953321364452425,78.46946816621374,91.41384517542582,35.32388116574137,-11.061968058503691,47.96858940677793,81.29496402877699,13.42925659472422,78.46946816621374,25.08388367149191
ma225_r0.275_c1.00_v20.55_v10.30,225,0.27499999999999997,1.0,0.55,0.3,95.08429936639796,-14.758890771055755,44.04175794631563,74.80550568521844,21.30460801915021,55.00000000000001,88.96262067125028,33.91653665622256,-8.209458031174844,45.63063272392742,86.09112709832134,14.148681055155876,55.00000000000001,24.90484537761487
ma150_r0.225_c1.00_v20.70_v10.30,150,0.22499999999999998,1.0,0.7,0.3,95.02214210931557,-17.695457266704906,46.35460406458755,73.07001795332137,18.91083183722322,70.0,92.24263038480936,35.59117966919543,-10.758303190802732,47.008121086330654,79.85611510791367,13.42925659472422,70.0,24.89655890558422
ma150_r0.275_c1.00_v20.70_v10.30,150,0.27499999999999997,1.0,0.7,0.3,95.00200910757862,-17.88490596220207,47.10403178150467,73.0101735487732,19.988031119090365,70.0,93.22382103742797,35.62712525130323,-11.545825303621783,49.119810416200174,79.61630695443645,14.148681055155876,70.0,26.180180122091983
ma250_r0.200_c1.00_v20.70_v10.10,250,0.19999999999999998,1.0,0.7,0.1,94.96042560701777,-13.46123013550643,43.24095383421807,75.344105326152,20.46678635547576,70.0,87.97503873637159,34.243499657873855,-10.619502710130767,45.53191877551366,88.2494004796163,13.42925659472422,70.0,26.626158699829087
ma250_r0.175_c1.00_v20.70_v10.10,250,0.175,1.0,0.7,0.1,94.75035482754974,-13.427053736398742,42.314637545749,75.46379413524835,19.269898264512268,62.915104651268486,87.05162822995199,34.61670033247037,-9.810666279077962,43.57126960040013,88.2494004796163,13.42925659472422,62.915104651268486,25.323318890699632
ma100_r0.250_c1.00_v20.55_v10.20,100,0.24999999999999997,1.0,0.55,0.2,94.73316383686539,-15.757637211925523,39.72787887390219,69.4195092758827,19.449431478156793,55.00000000000001,83.34975945910983,32.722312835191424,-8.533876582832978,40.96844925281032,78.41726618705036,13.42925659472422,55.00000000000001,23.404980619610697
ma250_r0.175_c1.00_v20.40_v10.30,250,0.175,1.0,0.4,0.3,94.71090259268496,-13.979693291045725,39.198225141449456,75.40394973070018,19.62896469180132,35.95148837215342,79.40500341970537,35.8453512146444,-6.155096704627949,37.18314910217346,88.2494004796163,13.42925659472422,35.95148837215342,18.470836118810254
ma100_r0.275_c1.00_v20.55_v10.20,100,0.27499999999999997,1.0,0.55,0.2,94.65910859391404,-15.77214573364808,40.018443897208215,69.35966487133453,20.167564332734887,55.00000000000001,83.95009342387402,32.49846164353967,-8.829892848525278,41.85707257802608,78.17745803357315,14.148681055155876,55.00000000000001,24.15047868157177
ma75_r0.250_c1.00_v20.85_v10.30,75,0.24999999999999997,1.0,0.85,0.3,94.65441028557002,-21.739343254312548,47.89617810545356,67.92339916217833,18.731298623578695,85.00000000000001,91.73264473882676,39.52411055112768,-13.562961237712335,51.43578671354124,74.82014388489209,13.189448441247004,85.00000000000001,27.52738929292562
ma200_r0.275_c1.00_v20.85_v10.30,200,0.27499999999999997,1.0,0.85,0.3,94.641286060408,-18.662306314317355,52.37808997865665,74.86535008976661,21.06523040095751,85.0,95.06861524349026,35.107990481871475,-13.986689697076116,56.21862321822516,82.9736211031175,14.148681055155876,85.0,27.51803689041337
ma100_r0.125_c1.00_v20.55_v10.30,100,0.125,1.0,0.55,0.3,94.59610017844628,-13.766730044472176,35.170432365560345,70.8557749850389,6.941950927588271,35.30949750836497,77.3719089785094,33.49663101113642,-3.8841626201703727,32.860459979138454,78.41726618705036,6.235011990407674,35.30949750836497,17.660875809002057
ma125_r0.150_c1.00_v20.85_v10.20,125,0.15,1.0,0.85,0.2,94.52590826482938,-18.641624738185048,45.05277617535273,72.77079593058049,14.721723518850988,67.25954414246893,89.35472354209931,34.569232037932075,-9.376250284341525,45.0699713202101,81.29496402877699,13.189448441247004,67.25954414246893,23.124726477066538
ma125_r0.200_c1.00_v20.70_v10.30,125,0.19999999999999998,1.0,0.7,0.3,94.42827893744466,-18.94156324752635,45.13132543238321,72.0526630760024,18.850987432675044,70.0,90.87190401170227,35.81815277095617,-9.679544097465254,45.45345897127069,80.3357314148681,13.42925659472422,70.0,23.557569971571752
ma100_r0.150_c1.00_v20.40_v10.30,100,0.15,1.0,0.4,0.3,94.41415800713382,-14.57480731861902,35.37637676906576,70.01795332136446,15.320167564332735,30.815561461845792,73.7243177836609,35.05263205558107,-4.19140833926498,33.022769881700086,78.41726618705036,13.189448441247004,30.815561461845792,16.39012990296927
ma150_r0.225_c1.00_v20.55_v10.30,150,0.22499999999999998,1.0,0.55,0.3,94.31348816199852,-16.037944896122912,42.37718255674545,73.12986235786954,18.970676241771393,55.00000000000001,89.1554256076303,35.534964205407604,-6.925245979049888,41.69886565210052,79.85611510791367,13.42925659472422,55.00000000000001,22.54148671506213
ma250_r0.225_c1.00_v20.40_v10.30,250,0.22499999999999998,1.0,0.4,0.3,94.27450010096562,-13.73830857097934,40.49527005372991,75.04488330341114,20.885697187312985,40.0,79.9982144851577,34.721937560000036,-7.725835632322098,40.06749833236641,88.2494004796163,13.42925659472422,40.0,19.785887881733753
ma125_r0.200_c1.00_v20.85_v10.20,125,0.19999999999999998,1.0,0.85,0.2,94.23271296990625,-19.83547260372879,47.95632325388742,72.0526630760024,18.850987432675044,85.0,92.47158219796206,34.68627111470632,-12.007709314196745,50.112565383798156,80.3357314148681,13.42925659472422,85.0,26.431531950539185
ma100_r0.250_c1.00_v20.40_v10.30,100,0.24999999999999997,1.0,0.4,0.3,94.21506558559143,-15.259191395521409,38.184639130789726,69.18013165769,19.868342309994016,40.0,76.31441386321679,34.64932347752572,-6.650439987309986,38.23491167693062,78.41726618705036,13.42925659472422,40.0,19.533133844124976
ma200_r0.225_c1.00_v20.85_v10.20,200,0.22499999999999998,1.0,0.85,0.2,94.2050275143804,-16.632265220962093,49.82829426134047,75.16457211250747,19.988031119090365,85.0,94.044504454863,33.69429397312771,-12.844020482427254,52.47667935975756,84.17266187050359,13.42925659472422,85.0,27.52155030705994
ma100_r0.300_c1.00_v20.40_v10.30,100,0.29999999999999993,1.0,0.4,0.3,94.09599984881996,-15.27378807245875,38.666373710866104,69.12028725314184,21.005385996409338,40.0,77.60723295719988,34.56111477483317,-7.252334430277118,39.73091405156368,78.17745803357315,15.827338129496402,40.0,20.992972452888047
ma225_r0.225_c1.00_v20.85_v10.20,225,0.22499999999999998,1.0,0.85,0.2,93.99605675328952,-17.308214288677128,49.5755224043426,74.86535008976661,20.107719928186714,85.0,91.76556757011815,32.705814724001826,-13.389488658005133,53.67777974446247,86.57074340527578,13.42925659472422,85.0,28.70971847969409
ma100_r0.300_c1.00_v20.85_v10.00,100,0.29999999999999993,1.0,0.85,0.0,93.98830873878894,-17.476877868694295,45.3438617739654,52.36385397965291,20.526630760023938,85.0,86.6929652508575,30.30163153714669,-14.176412567873342,52.162758222124125,65.22781774580336,15.587529976019185,85.0,29.168345854463233
ma250_r0.300_c1.00_v20.70_v10.10,250,0.29999999999999993,1.0,0.7,0.1,93.97887182884817,-13.52497523685724,44.836219651994476,74.98503889886295,21.84320766008378,70.0,90.47306975350571,32.27913709662991,-12.692847996553258,50.046257823054596,87.76978417266187,15.347721822541965,70.0,29.662408256030282
ma125_r0.150_c1.00_v20.70_v10.30,125,0.15,1.0,0.7,0.3,93.90038966089809,-17.783255097814365,42.476357268532496,72.77079593058049,14.721723518850988,55.39021282320971,88.19330986679675,35.620555802312246,-7.337808250587175,41.068600241446205,81.29496402877699,13.189448441247004,55.39021282320971,20.717720529472004
ma200_r0.250_c1.00_v20.85_v10.30,200,0.24999999999999997,1.0,0.85,0.3,93.89509332343782,-18.648300064632075,52.018438129534495,74.92519449431478,20.347097546379413,85.0,94.71811474397174,34.806487061935854,-13.562961237712345,55.14999488751808,83.21342925659472,13.42925659472422,85.0,27.017914440132035
ma150_r0.225_c1.00_v20.85_v10.20,150,0.22499999999999998,1.0,0.85,0.2,93.8573915049003,-18.753660364664427,49.140222136156154,73.07001795332137,18.91083183722322,85.0,92.03755035944053,34.225483837421365,-12.844020482427254,51.819350427715406,79.85611510791367,13.42925659472422,85.0,27.514596211637475
ma250_r0.150_c1.00_v20.85_v10.00,250,0.15,1.0,0.85,0.0,93.82790262747545,-13.653776561838304,42.87778850572067,55.71514063435069,15.61938958707361,71.30588718602597,85.41949293104202,33.25700751868177,-10.294205058558392,45.32357033569,71.70263788968825,13.189448441247004,71.30588718602597,26.026837755487822
ma150_r0.150_c1.00_v20.55_v10.30,150,0.15,1.0,0.55,0.3,93.8125940109138,-15.377568550226028,39.468270177752665,74.26690604428487,14.661879114302812,43.520881503950484,86.25734469965079,35.383627318216156,-4.660782901188554,36.69563304642682,80.57553956834532,13.189448441247004,43.520881503950484,19.480930197364735
ma100_r0.275_c1.00_v20.40_v10.30,100,0.27499999999999997,1.0,0.4,0.3,93.75312576168811,-15.27378807245874,38.472077178176995,69.12028725314184,20.586475164572114,40.0,76.97621326839169,34.32759719059719,-6.991352939700269,39.11552940838057,78.17745803357315,14.148681055155876,40.0,20.34644722853748
ma125_r0.300_c1.00_v20.85_v10.20,125,0.29999999999999993,1.0,0.85,0.2,93.75011611846189,-19.92735018085976,49.69916441190786,71.51406343506882,20.227408737283064,85.0,94.25727052541981,33.78382785455536,-14.176412567873363,54.913459210785355,79.61630695443645,15.347721822541965,85.0,28.651708644927503
ma200_r0.175_c1.00_v20.70_v10.30,200,0.175,1.0,0.7,0.3,93.72285372404659,-17.242933847127706,45.6766748516086,75.52363853979654,18.791143028126868,64.62191496041132,92.92494648876568,36.82432844298482,-8.792308301273334,44.55174517879023,84.17266187050359,13.42925659472422,64.62191496041132,22.900030186603026
ma200_r0.275_c1.00_v20.85_v10.20,200,0.27499999999999997,1.0,0.85,0.2,93.70888643833062,-16.811910991735267,50.67333931686532,74.86535008976661,21.06523040095751,85.0,94.91776689115541,33.08417878926255,-13.986689697076116,54.93706953801683,82.9736211031175,14.148681055155876,85.0,28.704277273371357
ma150_r0.250_c1.00_v20.70_v10.30,150,0.24999999999999997,1.0,0.7,0.3,93.69612073433883,-17.870763608662223,46.79328313044165,73.07001795332137,19.269898264512268,70.0,92.8380336240899,34.91142659692174,-11.638873303706909,48.20948672349792,79.85611510791367,13.42925659472422,70.0,25.64414008183284
ma250_r0.175_c1.00_v20.85_v10.00,250,0.175,1.0,0.85,0.0,93.64654866386108,-14.127906403328684,44.6731003912972,55.23638539796529,19.389587073608617,83.1902017170303,87.08807574996504,34.00580546955738,-11.957210017018326,48.29301627236352,70.26378896882494,13.42925659472422,83.1902017170303,28.324200554235766
ma225_r0.300_c1.00_v20.85_v10.20,225,0.29999999999999993,1.0,0.85,0.2,93.57371816487039,-17.48674422715949,50.752937871482885,74.74566128067026,21.484141232794734,85.0,93.28933366552998,31.40449449003013,-15.04507496326215,57.20954509703665,86.09112709832134,15.347721822541965,85.0,30.595719555190158
ma250_r0.225_c1.00_v20.70_v10.10,250,0.22499999999999998,1.0,0.7,0.1,93.57076224948948,-13.336636896997033,43.8195906608213,75.10472770795931,20.46678635547576,70.0,88.62829527105801,32.87294420931952,-11.338183004008794,46.944776145104555,88.2494004796163,13.42925659472422,70.0,27.504646348663094
ma125_r0.300_c1.00_v20.70_v10.30,125,0.29999999999999993,1.0,0.7,0.3,93.5588091093494,-19.04884267658087,46.70241053267591,71.51406343506882,20.227408737283064,70.0,92.85513082634398,35.42914773792276,-11.74668400762634,49.63644354211522,79.61630695443645,15.347721822541965,70.0,26.02575638497158
ma100_r0.200_c1.00_v20.70_v10.10,100,0.19999999999999998,1.0,0.7,0.1,93.48798152870799,-16.44768638594314,41.20107312745045,69.6588868940754,19.03052064631957,70.0,84.15299860384975,32.55728902855588,-10.619502710130767,43.04437249327206,78.41726618705036,13.42925659472422,70.0,24.331119052038787
ma150_r0.275_c1.00_v20.85_v10.20,150,0.27499999999999997,1.0,0.85,0.2,93.45889541816028,-18.932510695151763,49.977492188181245,73.0101735487732,19.988031119090365,85.0,92.91776689115542,33.59307219253254,-13.986689697076116,54.265606708280615,79.61630695443645,14.148681055155876,85.0,28.704277273371357
ma100_r0.150_c1.00_v20.85_v10.00,100,0.15,1.0,0.85,0.0,93.41873476203233,-16.62960795128514,41.29048415261855,53.97965290245362,15.200478755236386,67.25954414246893,82.58355422923415,30.88881953311109,-10.208283165182152,43.233405789849265,67.62589928057554,13.189448441247004,67.25954414246893,23.79841087330164
ma225_r0.175_c1.00_v20.70_v10.20,225,0.175,1.0,0.7,0.2,93.41824312344889,-16.04233664306428,43.920082974522764,75.22441651705566,18.91083183722322,64.62191496041132,89.54751328785142,34.49343938817311,-9.40132286810076,44.221566695050235,86.57074340527578,13.42925659472422,64.62191496041132,24.50020825387871
ma75_r0.200_c1.00_v20.55_v10.30,75,0.19999999999999998,1.0,0.55,0.3,93.4129883616713,-18.42616142408953,39.34872456372454,67.92339916217833,18.491921005385997,55.00000000000001,87.17897118174906,39.26902956030052,-6.175247529108063,38.84551018638718,74.82014388489209,13.189448441247004,55.00000000000001,22.063124512663997
ma250_r0.150_c1.00_v20.70_v10.10,250,0.15,1.0,0.7,0.1,93.40297909955248,-12.865962676255627,40.59735391686374,75.58348294434471,15.320167564332735,53.92723255823013,85.22183561592747,33.54806459975157,-8.366640593177655,40.904212675950575,88.2494004796163,13.189448441247004,53.92723255823013,23.258947664207433
ma200_r0.300_c1.00_v20.85_v10.10,200,0.29999999999999993,1.0,0.85,0.1,93.36034517464296,-15.086604883436372,49.25394920788641,74.86535008976661,21.424296828246558,85.0,94.78568767609326,31.17706310445676,-14.176412567873363,54.47725654346161,82.9736211031175,15.347721822541965,85.0,30.011495325011293
ma100_r0.175_c1.00_v20.70_v10.10,100,0.175,1.0,0.7,0.1,93.29673273458361,-16.44999556706518,40.33237349304978,69.71873129862358,18.13285457809695,62.915104651268486,83.25769930578244,32.76584723759104,-9.810666279077962,41.289066863236926,78.41726618705036,13.42925659472422,62.915104651268486,23.073860764869085
ma200_r0.175_c1.00_v20.85_v10.10,200,0.175,1.0,0.85,0.1,93.21481019218831,-15.335880605607189,46.56349266913599,75.52363853979654,18.791143028126868,78.46946816621374,92.01960267102478,32.73531287384568,-11.473484903821507,47.77660909012158,84.17266187050359,13.42925659472422,78.46946816621374,26.47101645361913
ma225_r0.125_c1.00_v20.85_v10.30,225,0.125,1.0,0.85,0.3,93.1854479671501,-16.114497768767354,43.58122904304464,76.42130460801914,7.001795332136446,56.04962011872412,85.9417328905781,34.05267226303841,-7.596956713392533,42.63166841250238,86.57074340527578,6.235011990407674,56.04962011872412,22.066706747779968
ma200_r0.200_c1.00_v20.85_v10.10,200,0.19999999999999998,1.0,0.85,0.1,93.15160560049993,-15.099949901120379,47.598215939009926,75.40394973070018,20.047875523638538,85.0,93.12038506620048,32.179261891830265,-12.36724108943391,49.89389058535569,84.17266187050359,13.42925659472422,85.0,27.91141019658757
ma250_r0.300_c1.00_v20.85_v10.00,250,0.29999999999999993,1.0,0.85,0.0,93.1227084102118,-14.176412567873387,47.29874581652139,54.57809694793537,22.022740873728306,85.0,90.31067490590995,31.124055234671964,-14.176412567873342,55.15223360608348,69.30455635491607,15.587529976019185,85.0,32.48605550951567
ma250_r0.125_c1.00_v20.70_v10.20,250,0.125,1.0,0.7,0.2,93.11740309154703,-12.093806766562698,38.78217567617687,76.60083782166367,7.241172950329144,44.93936046519178,83.61380756129003,33.60889835482617,-6.605756897741566,37.73829122497011,88.2494004796163,6.235011990407674,44.93936046519178,21.22997692542811
ma100_r0.300_c1.00_v20.70_v10.10,100,0.29999999999999993,1.0,0.7,0.1,93.11186364820865,-16.558266417582203,42.68468914555552,69.29982046678636,20.40694195092759,70.0,86.29620711551578,31.492891381682764,-12.692847996553258,47.14214833128492,78.17745803357315,15.347721822541965,70.0,26.929571732964096
ma225_r0.200_c1.00_v20.70_v10.20,225,0.19999999999999998,1.0,0.7,0.2,93.07687653623103,-15.869004081294714,44.888845864553886,75.10472770795931,20.167564332734887,70.0,90.48217158304928,33.72698814692545,-10.262954674269832,46.23181732142611,86.57074340527578,13.42925659472422,70.0,25.89370937679651
ma250_r0.125_c1.00_v20.55_v10.30,250,0.125,1.0,0.55,0.3,93.05716261123732,-11.811410875988415,37.1089280920956,76.60083782166367,7.360861759425494,35.30949750836497,82.01553358472299,34.11552982975632,-4.106576358475278,34.7413218941385,88.2494004796163,6.235011990407674,35.30949750836497,18.900813416053893
ma250_r0.300_c1.00_v20.40_v10.30,250,0.29999999999999993,1.0,0.4,0.3,93.01503876062733,-13.932896957581796,41.413227231630465,74.92519449431478,22.381807301017353,40.0,82.10093217229466,33.818441837099186,-8.795352903615694,42.77026843674985,87.76978417266187,15.827338129496402,40.0,22.154593323211582
ma150_r0.300_c1.00_v20.55_v10.30,150,0.29999999999999993,1.0,0.55,0.3,92.95138348926024,-16.233729344712668,43.281525172422334,73.07001795332137,20.347097546379413,55.00000000000001,90.78009683573973,34.74378050693541,-8.076341174774093,44.30672274801061,79.61630695443645,15.347721822541965,55.00000000000001,24.4582793628976
ma75_r0.175_c1.00_v20.55_v10.30,75,0.175,1.0,0.55,0.3,92.87896165043223,-18.36954965447154,38.57480567087105,67.98324356672651,17.65409934171155,49.43329651171096,86.85545149533758,39.08285917653404,-5.420434093057014,37.40736942424905,74.82014388489209,13.189448441247004,49.43329651171096,21.401935990415218
ma250_r0.200_c1.00_v20.85_v10.00,250,0.19999999999999998,1.0,0.85,0.0,92.86659960206754,-13.927294572037018,45.631040449801546,55.17654099341711,20.586475164572114,85.0,88.22623588770492,32.720255479627895,-12.787124762564195,50.347012233092,70.26378896882494,13.42925659472422,85.0,29.89687628285354
ma250_r0.275_c1.00_v20.70_v10.10,250,0.27499999999999997,1.0,0.7,0.1,92.84234866050139,-13.524975236857273,44.60163194591736,74.98503889886295,21.543985637342907,70.0,89.940805580578,31.88531829866963,-12.499996036531936,49.28251049239474,87.76978417266187,14.148681055155876,70.0,29.130984863814213
ma100_r0.125_c1.00_v20.70_v10.20,100,0.125,1.0,0.7,0.2,92.8198410685455,-14.408225151198483,37.047955468359994,70.8557749850389,6.822262118491921,44.93936046519177,79.55864137562207,32.32731571538583,-6.605756897741566,35.83804862598702,78.41726618705036,6.235011990407674,44.93936046519177,19.619169892672073
ma200_r0.200_c1.00_v20.70_v10.30,200,0.19999999999999998,1.0,0.7,0.3,92.81509046015957,-17.383169712270508,46.67164986914759,75.40394973070018,20.047875523638538,70.0,93.74053137246682,36.048692952861394,-9.679544097465254,46.51881925170302,84.17266187050359,13.42925659472422,70.0,24.161009998180464
ma200_r0.150_c1.00_v20.85_v10.10,200,0.15,1.0,0.85,0.1,92.78723936643472,-14.681755884708203,44.66247876611018,76.00239377618193,14.602034709754639,67.25954414246893,89.72659674174497,32.05064344558626,-9.805175028969071,44.852881268251075,84.17266187050359,13.189448441247004,67.25954414246893,24.344280168261477
ma200_r0.250_c1.00_v20.85_v10.20,200,0.24999999999999997,1.0,0.85,0.2,92.76503870124712,-16.79758610627713,50.321773989469584,74.92519449431478,20.347097546379413,85.0,94.54461624184916,32.74962198774523,-13.56296123771238,53.87158223295763,83.21342925659472,13.42925659472422,85.0,28.18722387918475
ma150_r0.175_c1.00_v20.70_v10.20,150,0.175,1.0,0.7,0.2,92.6937835090634,-17.0762000016498,43.39489478513827,73.72830640335128,17.833632555356075,64.62191496041132,89.79750251362744,35.1313848900576,-9.40132286810076,42.898199451265164,79.85611510791367,13.42925659472422,64.62191496041132,23.727815918933054
ma225_r0.200_c1.00_v20.40_v10.30,225,0.19999999999999998,1.0,0.4,0.3,92.69211103385761,-14.522328554382046,39.78629815602137,75.16457211250747,20.526630760023938,40.0,79.92484329341596,34.35576926969941,-6.983513495391669,38.15979032991358,86.57074340527578,13.42925659472422,40.0,19.09175184052834
ma250_r0.250_c1.00_v20.40_v10.30,250,0.24999999999999997,1.0,0.4,0.3,92.64022588858174,-13.918069271208378,40.89306576766339,74.98503889886295,21.244763614602036,40.0,80.6767488914321,33.87229102494851,-8.328710263252326,41.161281856156144,88.00959232613909,13.42925659472422,40.0,20.585403585030917
ma225_r0.275_c1.00_v20.85_v10.20,225,0.27499999999999997,1.0,0.85,0.2,92.60019424136452,-17.486744227159534,50.48076005604493,74.74566128067026,21.18491921005386,85.0,92.85068697951291,31.181329596861108,-14.569483092774792,56.35978402366604,86.09112709832134,14.148681055155876,85.0,30.15648281770198
ma100_r0.275_c1.00_v20.85_v10.00,100,0.27499999999999997,1.0,0.85,0.0,92.58200819066388,-17.476877868694285,45.116251556203466,52.36385397965291,20.287253141831236,85.0,86.45563227952579,29.84175770636124,-13.986689697076127,51.423831168834745,65.22781774580336,14.628297362110313,85.0,28.933006605498278
ma150_r0.250_c1.00_v20.55_v10.30,150,0.24999999999999997,1.0,0.55,0.3,92.56476191314837,-16.21930033226776,42.77742614893126,73.12986235786954,19.329742669060444,55.00000000000001,89.75079334168416,34.6632821281988,-7.568137585983381,42.78341034075463,79.85611510791367,13.42925659472422,55.00000000000001,23.263206561009717
ma75_r0.175_c1.00_v20.70_v10.30,75,0.175,1.0,0.7,0.3,92.54600904611372,-20.404952779612863,42.0478126194736,67.98324356672651,17.5344105326152,62.915104651268486,90.15041587966913,40.389877540111854,-8.792308301273287,41.976072845681216,74.82014388489209,13.189448441247004,62.915104651268486,23.690388921748905
ma125_r0.200_c1.00_v20.55_v10.30,125,0.19999999999999998,1.0,0.55,0.3,92.54133508044487,-17.54622861012892,41.220544433117205,72.11250748055058,18.91083183722322,55.00000000000001,87.39067624570237,35.375933759127044,-6.175247529108074,40.32321807119574,80.3357314148681,13.42925659472422,55.00000000000001,21.412289839292
ma150_r0.125_c1.00_v20.85_v10.30,150,0.125,1.0,0.85,0.3,92.52589888823191,-17.191640289100107,43.3024480972997,74.6259724715739,6.822262118491921,56.04962011872412,86.90453843076217,34.40431726295348,-7.441752307547289,41.37442315824435,79.85611510791367,6.235011990407674,56.04962011872412,21.394459632764686
ma125_r0.225_c1.00_v20.85_v10.20,125,0.22499999999999998,1.0,0.85,0.2,92.49766529285766,-19.745002354665697,48.62056623071402,71.573907839617,18.850987432675044,85.0,93.08175586736098,33.61626606394537,-12.844020482427254,51.72739594811393,79.85611510791367,13.42925659472422,85.0,27.15880171955792
ma150_r0.250_c1.00_v20.85_v10.20,150,0.24999999999999997,1.0,0.85,0.2,92.44931607196398,-18.9185509743251,49.62689310593165,73.07001795332137,19.269898264512268,85.0,92.54461624184916,33.2572360973316,-13.56296123771238,53.200119403221414,79.85611510791367,13.42925659472422,85.0,28.18722387918475
ma125_r0.125_c1.00_v20.85_v10.30,125,0.125,1.0,0.85,0.3,92.43262022062166,-17.631575743837235,42.71981898261679,73.24955116696589,6.822262118491921,56.04962011872412,86.12634169430524,33.597905355705436,-7.441752307547289,41.26668566227593,81.29496402877699,6.235011990407674,56.04962011872412,21.02830610006778
ma100_r0.125_c1.00_v20.85_v10.10,100,0.125,1.0,0.85,0.1,92.42824679983819,-15.496565228267546,39.20720083760949,70.73608617594255,6.822262118491921,54.56922342201859,80.06842573146159,30.339181136422955,-8.156195734587357,39.32115428903527,78.41726618705036,6.235011990407674,54.56922342201859,21.588979759361578
ma250_r0.275_c1.00_v20.40_v10.30,250,0.27499999999999997,1.0,0.4,0.3,92.42631051761603,-13.932896957581665,41.1999803581675,74.92519449431478,21.962896469180134,40.0,81.39543754889525,33.56800336821841,-8.602103092552637,42.0994459880866,87.76978417266187,14.148681055155876,40.0,21.44459969300072
ma100_r0.150_c1.00_v20.70_v10.10,100,0.15,1.0,0.7,0.1,92.41132599379809,-15.65333102638844,38.85155679701235,70.25733093955715,14.90125673249551,53.92723255823013,81.91039841076496,31.96291979482073,-8.366640593177655,38.9474587579247,78.41726618705036,13.189448441247004,53.92723255823013,21.330840699209823
ma125_r0.225_c1.00_v20.70_v10.30,125,0.22499999999999998,1.0,0.7,0.3,92.40495119739715,-18.86207931311401,45.73699465350959,71.573907839617,18.850987432675044,70.0,91.5606369892679,34.752096991308036,-10.758303190802732,46.88336011292233,79.85611510791367,13.42925659472422,70.0,24.414565510042777
ma125_r0.275_c1.00_v20.70_v10.30,125,0.27499999999999997,1.0,0.7,0.3,92.33828276593519,-19.04884267658099,46.484681164002936,71.51406343506882,19.92818671454219,70.0,92.52123427444968,34.75502742938852,-11.545825303621783,48.98807209043178,79.61630695443645,14.148681055155876,70.0,25.677593359113693
ma100_r0.175_c1.00_v20.85_v10.00,100,0.175,1.0,0.85,0.0,92.31151838303259,-17.41280221637688,42.852316981764815,52.96229802513464,18.2525433871933,78.46946816621374,84.03124445414878,31.25126201065744,-11.85577130767207,45.85449096888267,66.18705035971223,13.42925659472422,78.46946816621374,25.724369191685224
ma125_r0.175_c1.00_v20.55_v10.30,125,0.175,1.0,0.55,0.3,92.28269802830624,-17.496128462347937,40.382954889006776,72.59126271693597,18.0131657690006,50.7743617546089,86.79034620853385,35.36661844602862,-5.420434093057014,38.72949729168781,81.29496402877699,13.42925659472422,50.7743617546089,20.51404676764657
ma225_r0.250_c1.00_v20.85_v10.20,225,0.24999999999999997,1.0,0.85,0.2,92.27930380395422,-17.472535547145085,50.09909843056045,74.80550568521844,20.46678635547576,85.0,92.33817995853778,31.420860529997775,-14.08904592547201,55.18348966813469,86.33093525179856,13.42925659472422,85.0,29.50741073766714
ma150_r0.275_c1.00_v20.55_v10.30,150,0.27499999999999997,1.0,0.55,0.3,92.26505814322505,-16.233729344712657,43.077337939093766,73.07001795332137,20.047875523638538,55.00000000000001,90.30188644417251,34.356634313095455,-7.867286094865866,43.68216070464446,79.61630695443645,14.148681055155876,55.00000000000001,23.9651829665774
ma250_r0.250_c1.00_v20.70_v10.10,250,0.24999999999999997,1.0,0.7,0.1,92.2614617708194,-13.510081989922751,44.26696562087006,75.04488330341114,20.825852782764812,70.0,89.30949778338615,31.881188993939368,-12.065174263962419,48.228522787801396,88.00959232613909,13.42925659472422,70.0,28.36453169437656
ma75_r0.200_c1.00_v20.70_v10.30,75,0.19999999999999998,1.0,0.7,0.3,92.22173103538351,-20.459154323080575,42.928850066394446,67.92339916217833,18.372232196289648,70.0,90.66489391434388,40.09786446424748,-9.679544097465254,43.64902045774885,74.82014388489209,13.189448441247004,70.0,24.584702960914797
ma125_r0.275_c1.00_v20.85_v10.20,125,0.27499999999999997,1.0,0.85,0.2,92.17099556721897,-19.927350180859747,49.45902385466748,71.51406343506882,19.92818671454219,85.0,93.98796243441193,33.03451318300843,-13.986689697076116,54.17841106007555,79.61630695443645,14.148681055155876,85.0,28.37447281662788
ma100_r0.225_c1.00_v20.70_v10.10,100,0.22499999999999998,1.0,0.7,0.1,92.13310996497945,-16.365757016449223,41.74882771631046,69.35966487133453,19.03052064631957,70.0,84.73711355171932,31.523701408435635,-11.338183004008794,44.33617721126124,78.41726618705036,13.42925659472422,70.0,25.10154190865222
ma250_r0.125_c1.00_v20.85_v10.10,250,0.125,1.0,0.85,0.1,92.09154195712259,-12.787102963760045,40.73107554231864,76.60083782166367,7.241172950329144,55.29379724073172,83.41421221589361,31.93562784903101,-8.156195734587357,41.24873507367371,88.2494004796163,6.235011990407674,55.29379724073172,23.531926520104832
ma250_r0.275_c1.00_v20.85_v10.00,250,0.27499999999999997,1.0,0.85,0.0,92.06976774123447,-14.112368931506591,47.04287850544652,54.57809694793537,21.78336325553561,85.0,89.9385327966572,30.89782121572473,-13.986689697076127,54.30007489110125,69.30455635491607,14.628297362110313,85.0,32.11590712262968
ma225_r0.150_c1.00_v20.70_v10.20,225,0.15,1.0,0.7,0.2,92.04797516821013,-15.218276463725267,42.13089164346771,75.40394973070018,14.961101137043686,55.39021282320971,87.7236365635219,33.78058620861515,-7.938945715235257,41.522518514957866,86.57074340527578,13.189448441247004,55.39021282320971,22.55131789906671
ma250_r0.225_c1.00_v20.85_v10.00,250,0.22499999999999998,1.0,0.85,0.0,92.04529269501045,-13.918793815610119,46.2095695530516,54.69778575703172,20.586475164572114,85.0,88.72670419404803,31.652395991456906,-13.493663105354969,51.75541811835088,69.7841726618705,13.42925659472422,85.0,30.617378136970423
ma100_r0.200_c1.00_v20.85_v10.00,100,0.19999999999999998,1.0,0.85,0.0,91.97039354516707,-17.382188551732437,43.779605024554044,52.96229802513464,19.090365050867746,85.0,85.08129368556618,30.566856439863432,-12.69373306667142,47.81046349590407,66.18705035971223,13.42925659472422,85.0,27.11840317948525
ma75_r0.225_c1.00_v20.55_v10.30,75,0.22499999999999998,1.0,0.55,0.3,91.96116033882005,-18.364863279458365,39.83662159472235,67.56433273488929,18.491921005385997,55.00000000000001,87.5384875728634,38.53850692490168,-6.92524597904991,39.92056856301699,74.82014388489209,13.189448441247004,55.00000000000001,22.649999052439934
ma225_r0.175_c1.00_v20.40_v10.30,225,0.175,1.0,0.4,0.3,91.82562378564656,-14.62359288510794,39.010359821603515,75.28426092160383,19.269898264512268,36.92680854880647,79.70113031311878,34.5662736529045,-6.155096704627949,36.550240350464655,86.57074340527578,13.42925659472422,36.92680854880647,18.36696301222365
ma150_r0.200_c1.00_v20.70_v10.20,150,0.19999999999999998,1.0,0.7,0.2,91.82043292425645,-17.131703777505635,44.31207639384397,73.4290843806104,18.91083183722322,70.0,90.92161345301216,34.465475647545674,-10.262954674269832,44.72100873726744,79.85611510791367,13.42925659472422,70.0,25.01097527971576
ma200_r0.225_c1.00_v20.85_v10.10,200,0.22499999999999998,1.0,0.85,0.1,91.81412305774668,-14.897197144019703,48.20322092459267,75.16457211250747,20.047875523638538,85.0,93.52756569179842,31.03176125842375,-13.152124859951819,51.332300404612,84.17266187050359,13.42925659472422,85.0,28.459861462074358
ma250_r0.200_c1.00_v20.55_v10.10,250,0.19999999999999998,1.0,0.55,0.1,91.79990847643774,-12.404986943310147,39.442876654267145,75.344105326152,20.586475164572114,55.00000000000001,86.01291043484507,31.853930167592214,-8.343271507510098,39.85744546001088,88.2494004796163,13.42925659472422,55.00000000000001,24.348333340448086
ma200_r0.175_c1.00_v20.70_v10.20,200,0.175,1.0,0.7,0.2,91.78671213535121,-15.376124058745743,44.12762508296231,75.52363853979654,18.791143028126868,64.62191496041132,92.09010132485224,34.67153112473722,-9.40132286810076,43.43439041104295,84.17266187050359,13.42925659472422,64.62191496041132,23.739159358988864
ma100_r0.275_c1.00_v20.70_v10.10,100,0.27499999999999997,1.0,0.7,0.1,91.78149931798553,-16.558266417582235,42.475296306636764,69.29982046678636,20.107719928186714,70.0,85.87868149575388,30.914280944384686,-12.499996036531936,46.47252843029492,78.17745803357315,14.148681055155876,70.0,26.509218051003543
ma200_r0.275_c1.00_v20.85_v10.10,200,0.27499999999999997,1.0,0.85,0.1,91.7800792979421,-15.086604883436417,49.016250033346985,74.86535008976661,21.125074805505687,85.0,94.46691853882058,30.49247093994243,-13.986689697076105,53.72660018177539,82.9736211031175,14.148681055155876,85.0,29.690517656329348
ma75_r0.175_c1.00_v20.85_v10.20,75,0.175,1.0,0.85,0.2,91.77483718509365,-21.75323253351159,44.44853064420483,68.34230999401557,17.474566128067025,76.39691279082601,91.0134398478139,38.95939644964701,-11.061968058503723,46.03082452032744,74.82014388489209,13.189448441247004,76.39691279082601,26.74523707263886
ma200_r0.150_c1.00_v20.70_v10.30,200,0.15,1.0,0.7,0.3,91.74869089322364,-16.147940097858772,43.82268202710929,76.00239377618193,14.602034709754639,55.39021282320971,90.88862261386379,36.02706997137022,-7.337808250587175,41.885134820465176,84.17266187050359,13.189448441247004,55.39021282320971,21.177630336393335
ma200_r0.300_c1.00_v20.70_v10.30,200,0.29999999999999993,1.0,0.7,0.3,91.74608631169505,-17.53044408950879,48.26822534113827,74.86535008976661,21.424296828246558,70.0,95.60340729504757,35.61233221621425,-11.74668400762634,50.78132081654011,82.9736211031175,15.347721822541965,70.0,26.57403285367517
ma75_r0.200_c1.00_v20.85_v10.20,75,0.19999999999999998,1.0,0.85,0.2,91.73131854171814,-21.79182504620495,45.43122977621877,68.28246558946739,18.372232196289648,85.0,91.43991626850482,38.63003078283995,-12.007709314196791,47.96410849293786,74.82014388489209,13.189448441247004,85.0,27.68339219395515
ma100_r0.225_c1.00_v20.85_v10.00,100,0.22499999999999998,1.0,0.85,0.0,91.69226880900463,-17.28894963145754,44.33977170109842,52.48354278874925,19.090365050867746,85.0,85.50289763836813,30.000433563303286,-13.423411673911446,49.10563771947009,65.70743405275779,13.42925659472422,85.0,27.704095895681096
ma200_r0.150_c1.00_v20.85_v10.00,200,0.15,1.0,0.85,0.0,91.66788955751355,-13.600283822751413,43.34290545674707,56.49311789347696,14.90125673249551,67.25954414246893,89.21609870426403,29.91193177965703,-10.294205058558392,44.23696241958524,69.54436450839329,13.189448441247004,67.25954414246893,25.17751949752603
ma225_r0.225_c1.00_v20.40_v10.30,225,0.22499999999999998,1.0,0.4,0.3,91.4779775486034,-14.384015035177223,40.30220240069508,74.92519449431478,20.526630760023938,40.0,80.38639609990821,33.51081528406181,-7.725835632322098,39.41374282104458,86.57074340527578,13.42925659472422,40.0,19.774069496484255
ma250_r0.175_c1.00_v20.55_v10.10,250,0.175,1.0,0.55,0.1,91.47588679885288,-12.381563898033521,38.63899220046195,75.46379413524835,19.389587073608617,49.43329651171096,85.13067787830974,32.24130352952035,-7.683235525108545,38.18902519852675,88.2494004796163,13.42925659472422,49.43329651171096,23.106685948829856
ma150_r0.150_c1.00_v20.70_v10.20,150,0.15,1.0,0.7,0.2,91.44125336263743,-16.199521352608837,41.711900674742644,74.08737283064033,14.542190305206462,55.39021282320971,87.98453793845246,34.321150469337255,-7.938945715235257,40.38820373457066,79.85611510791367,13.189448441247004,55.39021282320971,21.889267326256146
ma250_r0.150_c1.00_v20.40_v10.30,250,0.15,1.0,0.4,0.3,91.44047956334202,-13.417535287390903,37.68239674050924,75.52363853979654,15.61938958707361,30.815561461845792,78.13213059117034,34.56216114887536,-5.280161947394246,35.059431752104146,88.2494004796163,13.189448441247004,30.815561461845792,17.35355625765704
ma200_r0.300_c1.00_v20.85_v10.00,200,0.29999999999999993,1.0,0.85,0.0,91.32052900234761,-14.176412567873342,47.651110640418246,54.877318970676235,21.543985637342907,85.0,94.0929652508575,28.501499542673358,-14.176412567873342,53.38676986683084,67.14628297362111,15.587529976019185,85.0,30.868345854463232
ma125_r0.250_c1.00_v20.85_v10.20,125,0.24999999999999997,1.0,0.85,0.2,91.24091388270547,-19.913561770154963,49.11040293385096,71.573907839617,19.210053859964095,85.0,93.64479400844598,32.75059942841598,-13.56296123771238,53.120850632125894,79.85611510791367,13.42925659472422,85.0,27.887401645781587
ma225_r0.200_c1.00_v20.55_v10.20,225,0.19999999999999998,1.0,0.55,0.2,91.2401372915775,-14.080964766736015,41.04754995715021,75.16457211250747,20.227408737283064,55.00000000000001,87.96014825636993,32.38554859780025,-7.034164938585807,40.75586080790527,86.57074340527578,13.42925659472422,55.00000000000001,23.655988992262667
ma100_r0.250_c1.00_v20.85_v10.00,100,0.24999999999999997,1.0,0.85,0.0,91.23297551339564,-17.462667489705265,44.78944804314045,52.42369838420108,19.449431478156793,85.0,86.06054979529758,29.434398343185777,-14.011802880932455,50.39960692484655,65.46762589928058,13.42925659472422,85.0,28.403942836048223
ma225_r0.225_c1.00_v20.70_v10.20,225,0.22499999999999998,1.0,0.7,0.2,91.18361289172145,-15.591171034990314,45.499253692298005,74.86535008976661,20.167564332734887,70.0,91.05015741321334,32.131443298016535,-11.033900090339642,47.71227187872661,86.57074340527578,13.42925659472422,70.0,26.738238986546587
ma125_r0.250_c1.00_v20.70_v10.30,125,0.24999999999999997,1.0,0.7,0.3,91.16217862192357,-19.03490078319664,46.17692119047896,71.573907839617,19.210053859964095,70.0,92.18113656683693,34.12247378203186,-11.638873303706909,48.089724609163014,79.85611510791367,13.42925659472422,70.0,25.18724302457985
ma200_r0.200_c1.00_v20.70_v10.20,200,0.19999999999999998,1.0,0.7,0.2,91.13527946006997,-15.485884857324928,45.08003641275065,75.40394973070018,20.047875523638538,70.0,92.99322915906669,33.941991589055796,-10.262954674269832,45.33379840558491,84.17266187050359,13.42925659472422,70.0,25.023939211208116
ma225_r0.175_c1.00_v20.55_v10.20,225,0.175,1.0,0.55,0.2,91.1066923221083,-14.218604105935773,40.201972470140305,75.28426092160383,18.970676241771393,50.7743617546089,87.1236457186576,32.92497726130337,-6.365670983456095,39.03990778029262,86.57074340527578,13.42925659472422,50.7743617546089,22.380658094457353
ma125_r0.225_c1.00_v20.55_v10.30,125,0.22499999999999998,1.0,0.55,0.3,91.08203460994902,-17.47762838390554,41.75779296967185,71.63375224416517,18.91083183722322,55.00000000000001,87.93521609956842,34.7318761950941,-6.925245979049888,41.57896157536191,79.85611510791367,13.42925659472422,55.00000000000001,22.121277207000247
ma250_r0.250_c1.00_v20.85_v10.00,250,0.24999999999999997,1.0,0.85,0.0,91.06776491156965,-14.0975791882634,46.687817899070566,54.637941352483544,20.94554159186116,85.0,89.40864117450795,30.722119777060165,-14.011802880932455,53.16261898542018,69.54436450839329,13.42925659472422,85.0,31.45203421525859
ma100_r0.250_c1.00_v20.70_v10.10,100,0.24999999999999997,1.0,0.7,0.1,91.02065138746052,-16.54389558223076,42.165298646404835,69.35966487133453,19.389587073608617,70.0,85.36211225172786,30.73351370774835,-12.065174263962419,45.51055956037108,78.41726618705036,13.42925659472422,70.0,25.853834591821403
ma75_r0.300_c1.00_v20.85_v10.20,75,0.29999999999999993,1.0,0.85,0.2,90.91438163834182,-21.89120514925148,47.01387984557412,67.86355475763017,19.748653500897667,84.99999999999999,92.53247114250507,37.38712793124468,-14.176412567873387,52.13190452334837,74.58033573141488,15.107913669064748,84.99999999999999,29.282865148363594
ma75_r0.300_c1.00_v20.70_v10.30,75,0.29999999999999993,1.0,0.7,0.3,90.91155896751894,-20.572573352477562,44.350051122803116,67.50448833034112,19.748653500897667,70.0,92.1409729408239,39.33112267045396,-11.74668400762634,47.25637336136281,74.58033573141488,15.107913669064748,70.0,26.545532328977778
ma125_r0.150_c1.00_v20.55_v10.30,125,0.15,1.0,0.55,0.3,90.71676836814106,-16.744767349254396,38.893137232889636,72.77079593058049,14.841412327947337,43.520881503950484,85.05340167570228,34.49613509700269,-4.660782901188554,36.594211002658284,81.29496402877699,13.189448441247004,43.520881503950484,19.14841584480903
ma200_r0.250_c1.00_v20.85_v10.10,200,0.24999999999999997,1.0,0.85,0.1,90.70560294585745,-15.071982902412252,48.67132214759708,74.92519449431478,20.40694195092759,85.0,94.04687319997034,30.166995245011073,-13.794344836783633,52.65844715700509,83.21342925659472,13.42925659472422,85.0,29.132288778481225
ma200_r0.225_c1.00_v20.70_v10.30,200,0.22499999999999998,1.0,0.7,0.3,90.6799071201664,-17.352137140483936,47.28803916293746,75.16457211250747,20.047875523638538,70.0,94.25306152794306,34.782450919981756,-10.758303190802732,47.994114484393876,84.17266187050359,13.42925659472422,70.0,24.906990048717926
ma250_r0.225_c1.00_v20.55_v10.10,250,0.22499999999999998,1.0,0.55,0.1,90.60788374923708,-12.297499004491996,39.95015696390947,75.10472770795931,20.586475164572114,55.00000000000001,86.74380683753702,30.730432561382926,-9.040807806312534,41.08867190115977,88.2494004796163,13.42925659472422,55.00000000000001,25.26408857889943
ma200_r0.275_c1.00_v20.70_v10.30,200,0.27499999999999997,1.0,0.7,0.3,90.51070442129155,-17.53044408950869,48.04756309691259,74.86535008976661,21.125074805505687,70.0,95.22382103742798,34.84815366351475,-11.545825303621783,50.127004660804495,82.9736211031175,14.148681055155876,70.0,26.180180122091983
ma200_r0.150_c1.00_v20.70_v10.20,200,0.15,1.0,0.7,0.2,90.45730837593551,-14.447517992738701,42.34507828247282,76.00239377618193,14.602034709754639,55.39021282320971,89.95151796714629,33.92974933077304,-7.938945715235257,40.84779598580875,84.17266187050359,13.189448441247004,55.39021282320971,21.898990274875413
ma75_r0.300_c1.00_v20.55_v10.30,75,0.29999999999999993,1.0,0.55,0.3,90.43551062303372,-18.555221771858342,40.64332993816302,67.50448833034112,19.868342309994016,55.00000000000001,88.91779213346635,37.65872768937082,-8.076341174774072,42.14815937169495,74.58033573141488,15.107913669064748,55.00000000000001,24.229908490150514
ma225_r0.300_c1.00_v20.70_v10.20,225,0.29999999999999993,1.0,0.7,0.2,90.407674196973,-15.777598484463073,46.549643342407634,74.74566128067026,21.543985637342907,70.0,92.82088916559101,30.86345397783321,-12.69284799655328,50.84288012762982,86.09112709832134,15.347721822541965,70.0,28.83483202378146
ma250_r0.300_c1.00_v20.55_v10.10,250,0.29999999999999993,1.0,0.55,0.1,90.369983803924,-12.492478772020633,40.851939481404436,74.98503889886295,21.962896469180134,55.00000000000001,88.81667295075911,29.984819091165726,-10.272837068484842,43.83780147002379,87.76978417266187,15.347721822541965,55.00000000000001,27.613568421813966
ma250_r0.200_c1.00_v20.40_v10.20,250,0.19999999999999998,1.0,0.4,0.2,90.3305511203093,-12.913712644429875,37.86855096998132,75.28426092160383,20.885697187312985,40.0,83.03288890778384,33.089622823502694,-5.511898159841799,36.79186674092526,88.2494004796163,13.42925659472422,40.0,21.43937962460649
ma75_r0.225_c1.00_v20.70_v10.30,75,0.22499999999999998,1.0,0.7,0.3,90.29519827865371,-20.389325405904668,43.47588195750822,67.56433273488929,18.372232196289648,70.0,91.0458046191416,38.95608852254136,-10.758303190802732,44.857960032285646,74.82014388489209,13.189448441247004,70.0,25.22518351206118
ma150_r0.175_c1.00_v20.55_v10.20,150,0.175,1.0,0.55,0.2,90.21433679072635,-15.465379815030156,39.51678768907852,73.78815080789947,17.89347695990425,50.7743617546089,87.61885110071591,33.21091018540743,-6.365670983456095,37.88522116879483,79.85611510791367,13.42925659472422,50.7743617546089,21.771347665559517
ma150_r0.300_c1.00_v20.70_v10.20,150,0.29999999999999993,1.0,0.7,0.2,90.18892692375474,-17.24137852404222,45.84047699093128,73.0101735487732,20.287253141831236,70.0,93.0281816873609,33.03682224201621,-12.69284799655328,48.90851720932308,79.61630695443645,15.347721822541965,70.0,27.530176775398864
ma75_r0.250_c1.00_v20.55_v10.30,75,0.24999999999999997,1.0,0.55,0.3,90.17116820172602,-18.541192644031167,40.20185537378481,67.56433273488929,18.850987432675044,55.00000000000001,88.04795374082003,37.62200044808503,-7.568137585983415,40.86847986553482,74.82014388489209,13.189448441247004,55.00000000000001,23.255311818084156
ma200_r0.175_c1.00_v20.85_v10.00,200,0.175,1.0,0.85,0.0,90.14274030090432,-14.18829367245169,45.13124794437985,55.53560742070617,18.91083183722322,78.46946816621374,91.40920248439846,30.10233787766776,-11.957210017018326,47.02530703690797,68.10551558752998,13.42925659472422,78.46946816621374,27.333329253280343
ma75_r0.225_c1.00_v20.85_v10.20,75,0.22499999999999998,1.0,0.85,0.2,90.09680238469716,-21.713329570263753,46.03214683271765,67.92339916217833,18.372232196289648,84.99999999999999,91.64911081219164,37.47705921858417,-12.844020482427275,49.32668333470848,74.82014388489209,13.189448441247004,84.99999999999999,28.1431235791517
ma200_r0.200_c1.00_v20.55_v10.30,200,0.19999999999999998,1.0,0.55,0.3,90.06109227746315,-16.205000490239552,42.81009634889493,75.58348294434471,20.107719928186714,55.00000000000001,90.69637263622158,35.53413618983314,-6.175247529108074,41.37014445161203,84.17266187050359,13.42925659472422,55.00000000000001,21.866767610117368
ma250_r0.150_c1.00_v20.55_v10.10,250,0.15,1.0,0.55,0.1,90.03844448997307,-12.034294137548951,37.13943988725008,75.58348294434471,15.439856373429084,42.37139701003797,83.17099889326406,31.38919170613792,-6.527464714419984,35.961414052337986,88.2494004796163,13.189448441247004,42.37139701003797,21.271575493987687
ma225_r0.250_c1.00_v20.40_v10.30,225,0.24999999999999997,1.0,0.4,0.3,89.99416300234803,-14.562430147994165,40.69828669167999,74.86535008976661,20.885697187312985,40.0,81.063617352266,32.757501961266435,-8.328710263252326,40.50066834064474,86.33093525179856,13.42925659472422,40.0,20.572272045864807
ma75_r0.275_c1.00_v20.70_v10.30,75,0.27499999999999997,1.0,0.7,0.3,89.98970112082891,-20.572573352477587,44.15779515199057,67.50448833034112,19.449431478156793,70.0,91.84992287938962,38.82379778487992,-11.545825303621783,46.706421027459896,74.58033573141488,13.908872901678656,70.0,26.27072130778604
ma200_r0.175_c1.00_v20.55_v10.30,200,0.175,1.0,0.55,0.3,89.96186452029207,-16.088641632296653,41.926399256184595,75.70317175344105,18.850987432675044,50.7743617546089,90.22974003033664,35.73253299426567,-5.420434093057014,39.644856487819084,84.17266187050359,13.42925659472422,50.7743617546089,20.91899533904528
ma75_r0.150_c1.00_v20.55_v10.30,75,0.15,1.0,0.55,0.3,89.9335313918856,-17.89661370852552,37.26501407404278,69.06044284859367,15.140634350688211,42.37139701003797,85.69807779228367,37.5603086928112,-4.6607829011885755,35.433317843969434,74.82014388489209,12.949640287769784,42.37139701003797,20.18019295645645
ma125_r0.175_c1.00_v20.70_v10.20,125,0.175,1.0,0.7,0.2,89.92402855546612,-18.370159409911025,42.8490637685507,72.5314183123878,17.953321364452425,64.62191496041132,90.11323254021863,34.10523938918224,-9.40132286810076,42.673433122202205,81.29496402877699,13.42925659472422,64.62191496041132,23.225812724442797
ma150_r0.200_c1.00_v20.40_v10.30,150,0.19999999999999998,1.0,0.4,0.3,89.92063707405138,-15.341110938719805,38.73311977756907,73.60861759425494,19.389587073608617,40.0,81.19512075948433,34.118654892280496,-5.35842441043145,36.68751124646667,80.3357314148681,13.42925659472422,40.0,18.575294420096434
ma200_r0.275_c1.00_v20.85_v10.00,200,0.27499999999999997,1.0,0.85,0.0,89.90421820043701,-13.986689697076137,47.42347983339626,54.877318970676235,21.30460801915021,85.0,93.85563227952578,28.028191906574797,-13.986689697076127,52.647760308377045,67.14628297362111,14.628297362110313,85.0,30.633006605498274
ma75_r0.150_c1.00_v20.70_v10.30,75,0.15,1.0,0.7,0.3,89.86779383404327,-19.688425742209315,40.557044637553034,69.53919808497906,14.841412327947337,53.92723255823013,88.75957882481092,38.87111615713017,-7.337808250587175,39.6320686848025,74.82014388489209,12.949640287769784,53.92723255823013,22.19964512533501
ma200_r0.125_c1.00_v20.85_v10.30,200,0.125,1.0,0.85,0.3,89.86239092196926,-15.79274293162486,43.87723422955274,76.84021543985638,6.822262118491921,56.04962011872412,88.30009032606537,33.91402041070866,-7.441752307547289,41.94891347229196,84.17266187050359,6.235011990407674,56.04962011872412,21.406613318538774
ma225_r0.300_c1.00_v20.40_v10.30,225,0.29999999999999993,1.0,0.4,0.3,89.85195767615106,-14.57714684265402,41.21898964745219,74.80550568521844,22.022740873728306,40.0,82.48517432529533,32.34727274353632,-8.795352903615694,42.1118247840834,86.09112709832134,15.827338129496402,40.0,22.13883547621225
ma225_r0.225_c1.00_v20.55_v10.20,225,0.22499999999999998,1.0,0.55,0.2,89.84963004498763,-13.8522015973503,41.58258535260989,74.92519449431478,20.227408737283064,55.00000000000001,88.58371352066007,31.243916549987084,-7.8857338227969365,42.038591883992396,86.57074340527578,13.42925659472422,55.00000000000001,24.515725757750637
ma75_r0.275_c1.00_v20.55_v10.30,75,0.27499999999999997,1.0,0.55,0.3,89.82031104876238,-18.55522177185831,40.47098113673388,67.50448833034112,19.569120287253142,55.00000000000001,88.52810713375526,37.28855344918516,-7.867286094865844,41.647522373877095,74.58033573141488,13.908872901678656,55.00000000000001,23.855842999892573
ma150_r0.200_c1.00_v20.55_v10.20,150,0.19999999999999998,1.0,0.55,0.2,89.81696316870807,-15.530101870109124,40.315525729187904,73.48892878515859,18.970676241771393,55.00000000000001,88.63292427889989,32.72108935733673,-7.034164938585807,39.43748484856972,79.85611510791367,13.42925659472422,55.00000000000001,22.959634216379428
ma125_r0.300_c1.00_v20.55_v10.30,125,0.29999999999999993,1.0,0.55,0.3,89.77353954083742,-17.67005574890017,42.66213558534873,71.573907839617,20.287253141831236,55.00000000000001,89.58009683573971,33.96723451992531,-8.076341174774093,44.186818671272,79.61630695443645,15.347721822541965,55.00000000000001,24.0582793628976
ma150_r0.175_c1.00_v20.85_v10.10,150,0.175,1.0,0.85,0.1,89.76325259397836,-18.065248365959707,46.06464322053822,73.72830640335128,17.833632555356075,78.46946816621374,89.6936694037434,32.96074501739674,-11.473484903821507,47.50851361023269,79.85611510791367,13.42925659472422,78.46946816621374,26.465344733591223
ma225_r0.275_c1.00_v20.70_v10.20,225,0.27499999999999997,1.0,0.7,0.2,89.75056227030653,-15.777598484463141,46.306421535658245,74.74566128067026,21.244763614602036,70.0,92.3067329920315,30.76412391379575,-12.499996036531924,50.07869484712826,86.09112709832134,14.148681055155876,70.0,28.31946626796147
ma150_r0.225_c1.00_v20.70_v10.20,150,0.22499999999999998,1.0,0.7,0.2,89.73987275097564,-17.052679552198533,44.87406957747419,73.07001795332137,18.91083183722322,70.0,91.54361501598328,33.14182343583161,-11.033900090339642,46.065801453398066,79.85611510791367,13.42925659472422,70.0,25.752793454837175
ma100_r0.200_c1.00_v20.55_v10.10,100,0.19999999999999998,1.0,0.55,0.1,89.73457858917611,-15.489377040806618,37.484565430625295,69.6588868940754,19.15020945541592,55.00000000000001,82.40220046450034,30.534455323896715,-8.343271507510098,37.8174193114941,78.41726618705036,13.42925659472422,55.00000000000001,22.543698910238668
ma225_r0.125_c1.00_v20.70_v10.30,225,0.125,1.0,0.7,0.3,89.71589287511938,-14.66866027643533,40.19607625440934,76.42130460801914,7.001795332136446,46.15851068600809,85.38480890862071,33.187260069319336,-6.101276678913559,38.2960021959289,86.57074340527578,6.235011990407674,46.15851068600809,20.524928667998385
ma150_r0.175_c1.00_v20.40_v10.30,150,0.175,1.0,0.4,0.3,89.653867748048,-15.25906234559542,38.01876368409102,74.1472172351885,18.31238779174147,36.92680854880647,80.79663061715605,34.30898687499329,-4.758727931732798,35.291825029845214,81.29496402877699,13.42925659472422,36.92680854880647,17.915062769345738
ma225_r0.250_c1.00_v20.70_v10.20,225,0.24999999999999997,1.0,0.7,0.2,89.6187618016872,-15.763093197802425,45.96364731228167,74.80550568521844,20.526630760023938,70.0,91.69670452107118,31.038449353495203,-12.065174263962364,49.02637778769358,86.33093525179856,13.42925659472422,70.0,27.57224206178315
ma200_r0.200_c1.00_v20.85_v10.00,200,0.19999999999999998,1.0,0.85,0.0,89.58255321263933,-13.869311852933485,46.096311809310315,55.475763016157984,20.107719928186714,85.0,92.54776278433663,29.055389931188593,-12.787124762564195,49.03398691352161,68.10551558752998,13.42925659472422,85.0,28.818403179485248
ma75_r0.275_c1.00_v20.85_v10.20,75,0.27499999999999997,1.0,0.85,0.2,89.56689147273403,-21.89120514925158,46.8000264671859,67.86355475763017,19.449431478156793,84.99999999999999,92.33189633340676,36.755034847447355,-13.986689697076093,51.49975571409765,74.58033573141488,13.908872901678656,84.99999999999999,29.094699611444298
ma250_r0.175_c1.00_v20.40_v10.20,250,0.175,1.0,0.4,0.2,89.55860717448168,-13.024210156255267,37.16399174645029,75.40394973070018,19.68880909634949,35.95148837215342,82.39072271427207,33.33868548842456,-4.824899749264199,35.327772446054,88.2494004796163,13.42925659472422,35.95148837215342,20.4200788788197
ma225_r0.150_c1.00_v20.55_v10.20,225,0.15,1.0,0.55,0.2,89.55214243304827,-13.689018151874688,38.62819022279201,75.40394973070018,15.080789946140035,43.520881503950484,85.13012839749868,32.20677902047244,-5.313864879705443,36.78265174650386,86.57074340527578,13.189448441247004,43.520881503950484,20.675730970945608
ma75_r0.150_c1.00_v20.85_v10.20,75,0.15,1.0,0.85,0.2,89.55054359973502,-21.032209130856018,42.82764269891503,69.8982645122681,14.841412327947337,65.48306810642231,89.39466804038494,37.39020978683567,-9.376250284341614,43.34496868300224,74.82014388489209,12.949640287769784,65.48306810642231,24.96714336069433
ma250_r0.275_c1.00_v20.55_v10.10,250,0.27499999999999997,1.0,0.55,0.1,89.53411391424333,-12.492478772020787,40.645754699990924,74.98503889886295,21.663674446439256,55.00000000000001,88.20054865866489,29.7049436608162,-10.068780729712511,43.157413617111345,87.76978417266187,14.148681055155876,55.00000000000001,26.997665379642015
ma225_r0.275_c1.00_v20.40_v10.30,225,0.27499999999999997,1.0,0.4,0.3,89.52782445259038,-14.577146842654109,41.005472028086665,74.80550568521844,21.603830041891083,40.0,81.78099285581251,32.27752325708553,-8.602103092552637,41.43991740399767,86.09112709832134,14.148681055155876,40.0,21.430154999918
ma250_r0.250_c1.00_v20.55_v10.10,250,0.24999999999999997,1.0,0.55,0.1,89.51723440486381,-12.4774053170018,40.346563147868,75.04488330341114,20.94554159186116,55.00000000000001,87.48653694528335,29.989325956215307,-9.77679356670922,42.21372814059149,88.00959232613909,13.42925659472422,55.00000000000001,26.147877617856373
ma150_r0.150_c1.00_v20.85_v10.10,150,0.15,1.0,0.85,0.1,89.51251290589339,-17.196519738434613,44.25331629494061,74.08737283064033,14.542190305206462,67.25954414246893,87.7243465556848,32.242729676409375,-9.805175028969071,44.62308514263202,79.85611510791367,13.189448441247004,67.25954414246893,24.339418693951842
ma75_r0.200_c1.00_v20.40_v10.30,75,0.19999999999999998,1.0,0.4,0.3,89.50464094542636,-16.979964765731058,36.47256059655601,67.56433273488929,18.91083183722322,40.0,81.2731771105763,37.248090671092115,-5.147807474733323,35.19608275693274,74.82014388489209,13.189448441247004,40.0,19.12167472583528
ma100_r0.200_c1.00_v20.40_v10.20,100,0.19999999999999998,1.0,0.4,0.2,89.50229398722074,-15.259331397043974,35.730862625408044,69.47935368043088,19.50927588270497,40.0,78.79767639058753,32.26433032134268,-5.245405981523299,34.75992212520948,78.41726618705036,13.42925659472422,40.0,20.11866844623178
ma100_r0.175_c1.00_v20.55_v10.10,100,0.175,1.0,0.55,0.1,89.48803675250075,-15.476876542807204,36.731778755606705,69.71873129862358,18.2525433871933,49.43329651171096,81.51341887451555,30.810382439101126,-7.683235525108545,36.32012336689385,78.41726618705036,13.42925659472422,49.43329651171096,21.3380391956713
ma200_r0.300_c1.00_v20.70_v10.20,200,0.29999999999999993,1.0,0.7,0.2,89.47922464004874,-15.648475877717926,46.63603363226597,74.86535008976661,21.424296828246558,70.0,95.0281816873609,32.53004775049628,-12.69284799655328,49.57998003905929,82.9736211031175,15.347721822541965,70.0,27.530176775398864
ma250_r0.225_c1.00_v20.40_v10.20,250,0.22499999999999998,1.0,0.4,0.2,89.4673877272949,-12.77311066898995,38.34197545906141,75.04488330341114,20.885697187312985,40.0,83.69043319647822,32.344699908084195,-6.191614162614389,37.94691108230211,88.2494004796163,13.42925659472422,40.0,22.266376097326102
ma125_r0.250_c1.00_v20.55_v10.30,125,0.24999999999999997,1.0,0.55,0.3,89.36639944757647,-17.65587414834806,42.15803656185766,71.63375224416517,19.269898264512268,55.00000000000001,88.53320765938116,33.868193597554594,-7.568137585983381,42.66350626401602,79.85611510791367,13.42925659472422,55.00000000000001,22.845620878706725
ma150_r0.300_c1.00_v20.85_v10.10,150,0.29999999999999993,1.0,0.85,0.1,89.35674094045886,-18.54224096981545,48.70655987584862,73.0101735487732,20.287253141831236,85.0,92.78568767609326,31.426080916775902,-14.176412567873363,54.14152512859351,79.61630695443645,15.347721822541965,85.0,30.011495325011293
ma125_r0.150_c1.00_v20.70_v10.20,125,0.15,1.0,0.7,0.2,89.33881125438485,-17.318779973281273,41.21928634533631,72.77079593058049,14.721723518850988,55.39021282320971,88.2761036259611,33.443881367647975,-7.938945715235257,40.19554688108812,81.29496402877699,13.189448441247004,55.39021282320971,21.458978873835928
ma200_r0.250_c1.00_v20.70_v10.30,200,0.24999999999999997,1.0,0.7,0.3,89.33382334215148,-17.51624068842125,47.735365078130364,74.92519449431478,20.40694195092759,70.0,94.83803362408992,34.13656560954712,-11.638873303706909,49.21668096810224,83.21342925659472,13.42925659472422,70.0,25.64414008183284
ma150_r0.200_c1.00_v20.85_v10.10,150,0.19999999999999998,1.0,0.85,0.1,89.29176652537572,-18.201830627497518,47.07111755100176,73.4290843806104,18.91083183722322,85.0,91.04268308848596,32.43601218627607,-12.36724108943391,49.58749575119696,79.85611510791367,13.42925659472422,85.0,27.904928230841392
ma225_r0.150_c1.00_v20.40_v10.30,225,0.15,1.0,0.4,0.3,89.26756084976294,-13.878983611212359,37.51243725545144,75.40394973070018,15.260323159784562,31.651550184691263,78.3392560685843,33.47488112243222,-5.280161947394246,34.5139144737943,86.57074340527578,13.189448441247004,31.651550184691263,17.2645221662971
ma200_r0.225_c1.00_v20.70_v10.20,200,0.22499999999999998,1.0,0.7,0.2,89.1938038949732,-15.463107388967124,45.661293567082545,75.16457211250747,20.047875523638538,70.0,93.55056911140576,32.61492209712347,-11.033900090339642,46.723130385440214,84.17266187050359,13.42925659472422,70.0,25.759747550259643
ma100_r0.125_c1.00_v20.55_v10.20,100,0.125,1.0,0.55,0.2,89.16095555325893,-13.66837497312442,33.96969580388253,70.8557749850389,6.941950927588271,35.30949750836497,77.59907672005858,30.71914997558538,-4.430797797662089,31.964374281210233,78.41726618705036,6.235011990407674,35.30949750836497,18.161400198057294
ma100_r0.200_c1.00_v20.25_v10.30,100,0.19999999999999998,1.0,0.25,0.3,89.15533074074331,-15.254969207350833,34.98435880912314,70.19748653500898,19.50927588270497,25.0,74.86802173329279,34.93773535172042,-5.785498227189112,33.30399881797356,78.65707434052757,13.42925659472422,25.0,17.82319316374906
ma200_r0.225_c1.00_v20.85_v10.00,200,0.22499999999999998,1.0,0.85,0.0,89.14135902159681,-13.654517556265123,46.6466438891071,54.99700777977259,20.107719928186714,85.0,92.91342195275868,28.26530559722076,-13.493663105354969,50.329401848683574,67.62589928057554,13.42925659472422,85.0,29.404095895681095
ma250_r0.300_c1.00_v20.40_v10.20,250,0.29999999999999993,1.0,0.4,0.2,89.12198116011727,-12.968336891245947,39.2126602540441,74.92519449431478,22.381807301017353,40.0,85.98286305189751,31.927525928600375,-7.289815391710008,40.57312710851411,87.76978417266187,15.827338129496402,40.0,24.811919847148538
ma125_r0.275_c1.00_v20.55_v10.30,125,0.27499999999999997,1.0,0.55,0.3,89.09851864457671,-17.670055748900214,42.45794835202016,71.573907839617,19.988031119090365,55.00000000000001,89.1018864441725,33.58232013852091,-7.867286094865866,43.562256627905846,79.61630695443645,14.148681055155876,55.00000000000001,23.565182966577403
ma125_r0.200_c1.00_v20.70_v10.20,125,0.19999999999999998,1.0,0.7,0.2,89.07719150281537,-18.481817768795906,43.77925589141828,72.0526630760024,18.850987432675044,70.0,91.19161370902029,33.55436531006042,-10.262954674269832,44.517405751363924,80.3357314148681,13.42925659472422,70.0,24.487511095317558
ma100_r0.175_c1.00_v20.40_v10.20,100,0.175,1.0,0.4,0.2,89.0320524298425,-15.35636600502892,35.08702022526751,69.53919808497906,18.67145421903052,35.95148837215342,78.10193050643299,32.497743803650714,-4.6020222077250095,33.48342668370635,78.41726618705036,13.42925659472422,35.95148837215342,19.12657177830524
ma250_r0.125_c1.00_v20.55_v10.20,250,0.125,1.0,0.55,0.2,89.0227043295485,-11.410327594925151,35.664451288804905,76.60083782166367,7.360861759425494,35.30949750836497,81.50296799645828,31.698242633410057,-4.430797797662089,33.569401947671686,88.2494004796163,6.235011990407674,35.30949750836497,19.428770536047622
ma150_r0.150_c1.00_v20.55_v10.20,150,0.15,1.0,0.55,0.2,89.01773584615407,-14.807872383234255,38.05036607803151,74.08737283064033,14.661879114302812,43.520881503950484,85.64747288134127,32.448283311509726,-5.313864879705443,35.79292036522003,79.85611510791367,13.189448441247004,43.520881503950484,20.153464889033177
ma75_r0.250_c1.00_v20.70_v10.30,75,0.24999999999999997,1.0,0.7,0.3,89.00838169339626,-20.55889388512062,43.875508576327036,67.56433273488929,18.731298623578695,70.0,91.55267166223686,38.284398284471386,-11.638873303706909,45.90649266397166,74.82014388489209,13.189448441247004,70.0,25.853722977918345
ma150_r0.275_c1.00_v20.70_v10.20,150,0.27499999999999997,1.0,0.7,0.2,89.00369433932667,-17.241378524042172,45.62343795763676,73.0101735487732,19.988031119090365,70.0,92.63008447032058,32.46217827370732,-12.499996036531924,48.23558479391624,79.61630695443645,14.148681055155876,70.0,27.123532290277424
ma100_r0.175_c1.00_v20.25_v10.30,100,0.175,1.0,0.25,0.3,88.9547696322683,-15.265347572625132,34.36746925341061,70.25733093955715,18.611609814482346,22.469680232595888,74.5001025723281,35.06409006574091,-5.132735972079184,32.10956241934523,78.65707434052757,13.42925659472422,22.469680232595888,17.17244126066163
ma175_r0.175_c1.00_v20.85_v10.30,175,0.175,1.0,0.85,0.3,88.9123773744548,-20.578995205271156,49.42473148748344,75.64332734889288,17.89347695990425,78.46946816621374,94.56271907543285,36.481876198191124,-11.030491155363563,49.83277766990146,84.17266187050359,13.42925659472422,78.46946816621374,25.02023570583949
ma100_r0.125_c1.00_v20.40_v10.30,100,0.125,1.0,0.4,0.3,88.85707266417582,-13.279024281294394,32.77649035384517,70.8557749850389,7.001795332136446,25.67963455153816,71.78281813519627,32.257069711180584,-3.4872954046865523,30.178629997236783,78.41726618705036,6.235011990407674,25.67963455153816,15.641560373799296
ma75_r0.250_c1.00_v20.85_v10.20,75,0.24999999999999997,1.0,0.85,0.2,88.79071190424672,-21.877754911929593,46.47769272522155,67.92339916217833,18.731298623578695,84.99999999999999,92.05746118935036,36.552374742158534,-13.562961237712335,50.54509462760707,74.82014388489209,13.189448441247004,84.99999999999999,28.696698731978337
ma225_r0.300_c1.00_v20.55_v10.20,225,0.29999999999999993,1.0,0.55,0.2,88.78705155273184,-14.046774973896504,42.52470980103282,74.80550568521844,21.603830041891083,55.00000000000001,90.57040155546915,30.058343224315287,-9.036761981157348,44.84322045905623,86.09112709832134,15.347721822541965,55.00000000000001,26.791901382189884
ma75_r0.175_c1.00_v20.40_v10.30,75,0.175,1.0,0.4,0.3,88.78579789353624,-17.074097101086583,35.81381074176932,67.62417713943746,18.073010173548774,35.95148837215342,81.11878631285185,37.18681694445494,-4.516085153635285,33.94488647149183,74.82014388489209,13.189448441247004,35.95148837215342,18.594626817079817
ma200_r0.125_c1.00_v20.85_v10.20,200,0.125,1.0,0.85,0.2,88.75441309226775,-14.747103753241053,42.486612598642935,76.84021543985638,6.822262118491921,56.04962011872412,87.56808157929122,31.728949448996534,-7.797320565636657,41.080972695803204,84.17266187050359,6.235011990407674,56.04962011872412,22.122875945665193
ma225_r0.250_c1.00_v20.55_v10.20,225,0.24999999999999997,1.0,0.55,0.2,88.71266617191154,-14.031969251451404,41.995670483309475,74.86535008976661,20.586475164572114,55.00000000000001,89.27777103154175,30.545444492334738,-8.533876582832978,43.19264609293906,86.33093525179856,13.42925659472422,55.00000000000001,25.359615333836352
ma150_r0.125_c1.00_v20.70_v10.30,150,0.125,1.0,0.7,0.3,88.69362805364047,-15.671044193841588,39.73010025951261,74.74566128067026,6.822262118491921,46.15851068600809,86.33130649164973,33.2913616148403,-6.101276678913559,37.15924310759034,79.85611510791367,6.235011990407674,46.15851068600809,19.969168628731552
ma100_r0.150_c1.00_v20.55_v10.10,100,0.15,1.0,0.55,0.1,88.6390456183026,-14.84865100735744,35.45033366956601,70.25733093955715,15.020945541591862,42.37139701003797,80.03525281593016,30.16407896465221,-6.527464714419984,34.35891805333807,78.41726618705036,13.189448441247004,42.37139701003797,19.755592562708927
ma100_r0.300_c1.00_v20.55_v10.10,100,0.29999999999999993,1.0,0.55,0.1,88.62430504831316,-15.616293110992752,38.80209888738013,69.29982046678636,20.526630760023938,55.00000000000001,84.9254181391405,29.298689190898088,-10.272837068484842,41.46108728675501,78.17745803357315,15.347721822541965,55.00000000000001,25.466339725119102
ma200_r0.250_c1.00_v20.85_v10.00,200,0.24999999999999997,1.0,0.85,0.0,88.54480079810546,-14.011802880932445,47.09665573107318,54.937163375224415,20.46678635547576,85.0,93.46054979529758,27.606798687393088,-14.011802880932455,51.62345355922443,67.38609112709833,13.42925659472422,85.0,30.103942836048223
ma100_r0.225_c1.00_v20.55_v10.10,100,0.22499999999999998,1.0,0.55,0.1,88.52520485746993,-15.41906554679554,37.965725627586004,69.35966487133453,19.15020945541592,55.00000000000001,83.0786290650772,29.647715617461557,-9.040807806312534,38.94756189473528,78.41726618705036,13.42925659472422,55.00000000000001,23.375190008667047
ma200_r0.225_c1.00_v20.55_v10.30,200,0.22499999999999998,1.0,0.55,0.3,88.49017362139584,-16.170656051525135,43.36189399588087,75.344105326152,20.107719928186714,55.00000000000001,91.165856750764,34.72657075132013,-6.925245979049888,42.684859050163745,84.17266187050359,13.42925659472422,55.00000000000001,22.551917858195836
ma250_r0.275_c1.00_v20.40_v10.20,250,0.27499999999999997,1.0,0.4,0.2,88.46958876474089,-12.96833689124568,39.0112400023419,74.92519449431478,21.962896469180134,40.0,85.24011457148917,31.655733913865625,-7.0547678927710304,39.91553566182413,87.76978417266187,14.148681055155876,40.0,24.066722722900913
ma250_r0.250_c1.00_v20.40_v10.20,250,0.24999999999999997,1.0,0.4,0.2,88.4425510960993,-12.953343029950437,38.71826027601906,74.98503889886295,21.244763614602036,40.0,84.46341504785087,31.817704583175455,-6.753173677845082,38.99905066876067,88.00959232613909,13.42925659472422,40.0,23.151566111728105
ma250_r0.150_c1.00_v20.70_v10.00,250,0.15,1.0,0.7,0.0,88.4258983964632,-12.617243619585173,39.270883041123575,55.71514063435069,15.61938958707361,58.72249532966845,84.88272539790319,31.119954220447312,-8.773522621551532,40.147128716231464,71.70263788968825,13.189448441247004,58.72249532966845,23.924766521669994
ma125_r0.150_c1.00_v20.85_v10.10,125,0.15,1.0,0.85,0.1,88.4012607435944,-18.376574382688414,43.84414383526512,72.77079593058049,14.721723518850988,67.25954414246893,89.64605794019451,31.534857778974533,-9.805175028969071,44.37712009913837,81.29496402877699,13.189448441247004,67.25954414246893,23.945993127211032
ma100_r0.225_c1.00_v20.40_v10.20,100,0.22499999999999998,1.0,0.4,0.2,88.37921448879275,-15.158930452125652,36.1715010071661,69.18013165769,19.50927588270497,40.0,79.41476273699318,31.58721957793711,-5.885318621217839,35.79489000387696,78.41726618705036,13.42925659472422,40.0,20.88820634916098
ma200_r0.275_c1.00_v20.70_v10.20,200,0.27499999999999997,1.0,0.7,0.2,88.36394127225189,-15.64847587771785,46.41802835382533,74.86535008976661,21.125074805505687,70.0,94.63008447032058,31.957592761899445,-12.499996036531924,48.90704762365245,82.9736211031175,14.148681055155876,70.0,27.123532290277424
ma225_r0.275_c1.00_v20.55_v10.20,225,0.27499999999999997,1.0,0.55,0.2,88.34993368075841,-14.046774973896603,42.30778760289237,74.80550568521844,21.30460801915021,55.00000000000001,89.97090615354914,30.023234259148968,-8.829892848525278,44.153966260313176,86.09112709832134,14.148681055155876,55.00000000000001,26.190576867219985
ma150_r0.250_c1.00_v20.70_v10.20,150,0.24999999999999997,1.0,0.7,0.2,88.34651166436328,-17.22712533835107,45.30684650771505,73.07001795332137,19.269898264512268,70.0,92.13611495587944,32.267705620143005,-12.065174263962364,47.274520599576256,79.85611510791367,13.42925659472422,70.0,26.485029354797653
ma150_r0.225_c1.00_v20.40_v10.30,150,0.22499999999999998,1.0,0.4,0.3,88.28958366446705,-15.347707283818002,39.206055893795664,73.12986235786954,19.389587073608617,40.0,81.68630669566923,33.305047923439425,-5.9678208017583945,37.815312533343096,79.85611510791367,13.42925659472422,40.0,19.20450038975801
ma125_r0.300_c1.00_v20.85_v10.10,125,0.29999999999999993,1.0,0.85,0.1,88.23710828412426,-19.53768601152772,48.30859458560326,71.51406343506882,20.227408737283064,85.0,94.98568767609328,31.085186293831924,-14.176412567873363,54.09356349789805,79.61630695443645,15.347721822541965,85.0,29.811495325011293
ma150_r0.125_c1.00_v20.85_v10.20,150,0.125,1.0,0.85,0.2,88.22787632997834,-16.627399605530822,42.0261242194411,74.6259724715739,6.822262118491921,56.04962011872412,86.16297443794048,32.04927559890187,-7.797320565636657,40.69797915310478,79.85611510791367,6.235011990407674,56.04962011872412,22.11477348848247
ma225_r0.150_c1.00_v20.85_v10.10,225,0.15,1.0,0.85,0.1,88.22494862248375,-16.66732951120369,44.37340006473441,75.40394973070018,14.961101137043686,67.25954414246893,88.45611002319691,31.011630121894605,-10.152421475423324,45.672187196503565,86.57074340527578,13.189448441247004,67.25954414246893,25.136392283350908
ma125_r0.175_c1.00_v20.85_v10.10,125,0.175,1.0,0.85,0.1,88.22316366458098,-19.338728585404596,45.58461689159679,72.5314183123878,17.953321364452425,78.46946816621374,91.66233540669492,32.13405771058817,-11.473484903821507,47.22155439282343,81.29496402877699,13.42925659472422,78.46946816621374,26.00634823906028
ma150_r0.225_c1.00_v20.55_v10.20,150,0.22499999999999998,1.0,0.55,0.2,88.18968182750129,-15.45982425850828,40.809408474332415,73.12986235786954,18.970676241771393,55.00000000000001,89.29864593687759,31.753511519217483,-7.8857338227969365,40.604080350082356,79.85611510791367,13.42925659472422,55.00000000000001,23.739956962388426
ma250_r0.175_c1.00_v20.70_v10.00,250,0.175,1.0,0.7,0.0,88.18735304933453,-13.05785463779987,40.86191996128092,55.23638539796529,19.389587073608617,68.5095778846132,86.43624739175974,31.749791748034273,-10.196430864600082,42.65180809763858,70.26378896882494,13.42925659472422,68.5095778846132,25.995616408237836
ma225_r0.175_c1.00_v20.85_v10.10,225,0.175,1.0,0.85,0.1,88.16668770825602,-17.55229266617624,46.27925569714589,75.22441651705566,18.91083183722322,78.46946816621374,90.44397509994636,31.513045673116835,-11.879854260842427,48.73246600641615,86.57074340527578,13.42925659472422,78.46946816621374,27.3951472545568
ma225_r0.125_c1.00_v20.85_v10.20,225,0.125,1.0,0.85,0.2,88.15189481339627,-15.877299841142278,42.215774616304074,76.42130460801914,7.001795332136446,56.04962011872412,85.93293274492959,31.36655554647576,-7.966854109493293,41.763727636013606,86.57074340527578,6.235011990407674,56.04962011872412,22.782969374906386
ma75_r0.175_c1.00_v20.70_v10.20,75,0.175,1.0,0.7,0.2,88.11811083420757,-20.016981860933104,40.72829418266895,67.98324356672651,17.5344105326152,62.915104651268486,89.67788712995846,37.53294342039845,-9.401322868100726,41.049989386084455,74.82014388489209,13.189448441247004,62.915104651268486,24.535189814162646
ma100_r0.150_c1.00_v20.40_v10.20,100,0.15,1.0,0.4,0.2,88.11390345779813,-14.66106400345133,33.901832377598055,70.01795332136446,15.320167564332735,30.815561461845792,76.67175491208918,31.728036234415246,-3.9551537188276975,31.82357585836435,78.41726618705036,13.189448441247004,30.815561461845792,17.853456660034293
ma225_r0.200_c1.00_v20.85_v10.10,225,0.19999999999999998,1.0,0.85,0.1,88.0448250386166,-17.31579438496471,47.33071573265882,75.10472770795931,20.167564332734887,85.0,91.6007426620615,30.773211486168982,-12.948783844545952,50.984342126019996,86.57074340527578,13.42925659472422,85.0,28.96755968337348
ma75_r0.225_c1.00_v20.40_v10.30,75,0.22499999999999998,1.0,0.4,0.3,88.036677532015,-16.879393980701487,36.90610719244144,67.20526630760024,18.91083183722322,40.0,81.6433678374191,36.476463852423024,-5.776209351547756,36.16186697322286,74.82014388489209,13.189448441247004,40.0,19.687011903652586
ma200_r0.150_c1.00_v20.55_v10.30,200,0.15,1.0,0.55,0.3,87.97182160530855,-15.233221584105483,40.276035982735415,76.12208258527828,14.721723518850988,43.520881503950484,88.18905457097829,34.81035963647765,-4.660782901188554,37.37880459934224,84.17266187050359,13.189448441247004,43.520881503950484,19.495514620293637
ma250_r0.125_c1.00_v20.85_v10.00,250,0.125,1.0,0.85,0.0,87.96107537743005,-12.585300452313696,39.520599374365275,57.390783961699576,7.241172950329144,59.42157265502165,82.64512394354104,29.96628345212835,-8.587708788434135,40.65314291528227,71.94244604316546,6.235011990407674,59.42157265502165,23.874102911237106
ma150_r0.300_c1.00_v20.55_v10.20,150,0.29999999999999993,1.0,0.55,0.2,87.91242870021527,-15.65695678070228,41.682598592362396,73.07001795332137,20.347097546379413,55.00000000000001,91.05726305903532,31.420199340474554,-9.036761981157348,43.179478988300325,79.61630695443645,15.347721822541965,55.00000000000001,25.766815115603556
ma200_r0.175_c1.00_v20.70_v10.10,200,0.175,1.0,0.7,0.1,87.87134692888594,-13.927225674092082,42.610780918512006,75.52363853979654,18.791143028126868,64.62191496041132,91.05745968884733,31.237881994431916,-9.810666279077962,42.44513874542312,84.17266187050359,13.42925659472422,64.62191496041132,24.380492059283227
ma75_r0.200_c1.00_v20.70_v10.20,75,0.19999999999999998,1.0,0.7,0.2,87.86874407100065,-20.071447599515313,41.582655270487294,67.92339916217833,18.372232196289648,70.0,90.25474383280621,37.2274769406778,-10.262954674269832,42.71099418657077,74.82014388489209,13.189448441247004,70.0,25.462564042600604
ma175_r0.200_c1.00_v20.85_v10.30,175,0.19999999999999998,1.0,0.85,0.3,87.85653909143825,-20.72023511010054,50.531273119810294,75.22441651705566,19.090365050867746,85.0,95.4220667254703,35.228666123470084,-12.14991816309048,52.114107551166725,84.17266187050359,13.42925659472422,85.0,26.39087283801568
ma125_r0.125_c1.00_v20.85_v10.20,125,0.125,1.0,0.85,0.2,87.84052817259096,-17.415799012843223,41.55125965934587,73.24955116696589,6.822262118491921,56.04962011872412,86.40551076236528,31.335898219184678,-7.797320565636657,40.533459117695244,81.29496402877699,6.235011990407674,56.04962011872412,21.755856432197035
ma75_r0.125_c1.00_v20.85_v10.30,75,0.125,1.0,0.85,0.3,87.79278368058898,-19.383086544415363,40.853547917040835,70.19748653500898,6.702573309395571,54.56922342201859,86.92683886813332,36.35063769649205,-7.441752307547289,39.804427926881594,75.0599520383693,5.755395683453238,54.56922342201859,22.670296151728923
ma100_r0.125_c1.00_v20.85_v10.00,100,0.125,1.0,0.85,0.0,87.79111680275469,-15.48244015319934,38.185384624259896,55.71514063435069,6.822262118491921,56.04962011872412,80.149031681867,28.024871667626527,-8.517009252085096,38.91133912708165,67.86570743405275,6.235011990407674,56.04962011872412,22.01708050941529
ma225_r0.125_c1.00_v20.55_v10.30,225,0.125,1.0,0.55,0.3,87.79059723007197,-13.347531040538673,37.070828298802624,76.42130460801914,7.121484141232795,36.26740125329208,82.7076905821298,32.324509096287926,-4.106576358475278,34.27491070800034,86.57074340527578,6.235011990407674,36.26740125329208,18.79879518637062
ma150_r0.275_c1.00_v20.85_v10.10,150,0.27499999999999997,1.0,0.85,0.1,87.77658810570908,-18.542240969815317,48.46934382388227,73.0101735487732,19.988031119090365,85.0,92.46691853882058,30.740189168026987,-13.986689697076105,53.390868766907275,79.61630695443645,14.148681055155876,85.0,29.690517656329348
ma200_r0.250_c1.00_v20.70_v10.20,200,0.24999999999999997,1.0,0.7,0.2,87.77428369007913,-15.633948352788085,46.10047065875748,74.92519449431478,20.40694195092759,70.0,94.13611495587944,31.763860909103393,-12.065174263962364,47.94598342931246,83.21342925659472,13.42925659472422,70.0,26.485029354797653
ma150_r0.225_c1.00_v20.85_v10.10,150,0.22499999999999998,1.0,0.85,0.1,87.7674857524439,-18.359636040368198,47.66135990814991,73.07001795332137,18.91083183722322,85.0,91.52408864408717,31.290303154647027,-13.152124859951819,51.00363593859093,79.85611510791367,13.42925659472422,85.0,28.45638441436312
ma150_r0.150_c1.00_v20.40_v10.30,150,0.15,1.0,0.4,0.3,87.74762943600179,-14.620716362352981,36.638278123248014,74.44643925792938,14.961101137043686,31.651550184691263,79.44926539486954,33.25314364052821,-4.074685952049261,33.43527277040621,81.29496402877699,13.189448441247004,31.651550184691263,16.87717910097317
ma75_r0.200_c1.00_v20.55_v10.20,75,0.19999999999999998,1.0,0.55,0.2,87.7331263645229,-18.149153888045344,37.948710953700605,67.92339916217833,18.491921005385997,55.00000000000001,87.33830439561301,35.47472994222656,-7.03416493858583,37.76638598506396,74.82014388489209,13.189448441247004,55.00000000000001,23.11046888975143
ma125_r0.200_c1.00_v20.85_v10.10,125,0.19999999999999998,1.0,0.85,0.1,87.72947426092674,-19.445361322931742,46.61580955520471,72.0526630760024,18.850987432675044,85.0,93.01696032851757,31.74799144632634,-12.36724108943391,49.35471315298874,80.3357314148681,13.42925659472422,85.0,27.487141507522445
ma250_r0.150_c1.00_v20.40_v10.20,250,0.15,1.0,0.4,0.2,87.72502834072095,-12.563526431619865,35.76993416661269,75.52363853979654,15.61938958707361,30.815561461845792,80.67273406827434,32.446434646053724,-4.145124116186938,33.40560394129148,88.2494004796163,13.189448441247004,30.815561461845792,18.962177031903835
ma125_r0.300_c1.00_v20.70_v10.20,125,0.29999999999999993,1.0,0.7,0.2,87.72341155030783,-18.58970566298308,45.343768433181424,71.51406343506882,20.227408737283064,70.0,93.4281816873609,32.34233504015056,-12.69284799655328,48.812593947932186,79.61630695443645,15.347721822541965,70.0,27.130176775398866
ma200_r0.200_c1.00_v20.70_v10.10,200,0.19999999999999998,1.0,0.7,0.1,87.69336803665743,-13.743959383117554,43.521986590267595,75.40394973070018,20.047875523638538,70.0,92.0931404548225,30.709083003733028,-10.619502710130767,44.283273560114544,84.17266187050359,13.42925659472422,70.0,25.734081933391707
ma100_r0.275_c1.00_v20.55_v10.10,100,0.27499999999999997,1.0,0.55,0.1,87.66803408332329,-15.616293110992652,38.61612573735573,69.29982046678636,20.227408737283064,55.00000000000001,84.4002317480145,28.881811726492135,-10.068780729712511,40.8548580698184,78.17745803357315,14.148681055155876,55.00000000000001,24.937705741005058
ma75_r0.175_c1.00_v20.55_v10.20,75,0.175,1.0,0.55,0.2,87.63402308885028,-18.09234987680818,37.2088854353249,67.98324356672651,17.65409934171155,49.43329651171096,86.76341179646933,35.66846564483998,-6.365670983456018,36.36658409566369,74.82014388489209,13.189448441247004,49.43329651171096,22.227225933671374
ma100_r0.225_c1.00_v20.25_v10.30,100,0.22499999999999998,1.0,0.25,0.3,87.604126664987,-15.183164087468803,35.4151997268164,70.1376421304608,19.50927588270497,25.0,75.47048620743422,34.240556089613825,-6.434658581106422,34.302099939206144,78.65707434052757,13.42925659472422,25.0,18.56867422580918
ma125_r0.125_c1.00_v20.70_v10.30,125,0.125,1.0,0.7,0.3,87.57737313737368,-16.31349260462113,39.16670227323483,73.36923997606223,6.822262118491921,46.15851068600809,85.08184922654138,32.47144883821014,-6.101276678913559,37.05328793912217,81.29496402877699,6.235011990407674,46.15851068600809,19.5980641420712
ma250_r0.200_c1.00_v20.70_v10.00,250,0.19999999999999998,1.0,0.7,0.0,87.55839787792736,-12.877236159424555,41.70035824657707,55.17654099341711,20.586475164572114,70.0,87.54363647692102,30.665915702751544,-10.949371936004692,44.426414820268654,70.26378896882494,13.42925659472422,70.0,27.48724313113405
ma100_r0.250_c1.00_v20.55_v10.10,100,0.24999999999999997,1.0,0.55,0.1,87.53750964537817,-15.601757743149225,38.33661961427894,69.35966487133453,19.50927588270497,55.00000000000001,83.77715793560117,29.03544877481994,-9.77679356670922,39.983222634274014,78.41726618705036,13.42925659472422,55.00000000000001,24.175187037277322
ma200_r0.150_c1.00_v20.70_v10.10,200,0.15,1.0,0.7,0.1,87.50500990758097,-13.310625082438465,40.910837840594155,76.00239377618193,14.602034709754639,55.39021282320971,88.92056357761989,30.663376499622295,-8.366640593177655,39.9379496365457,84.17266187050359,13.189448441247004,55.39021282320971,22.45081038013623
ma125_r0.200_c1.00_v20.40_v10.30,125,0.19999999999999998,1.0,0.4,0.3,87.50041131189516,-16.781352710502162,38.06928575983222,72.11250748055058,19.329742669060444,40.0,79.88768587588193,33.71731566861402,-5.64163166824504,36.614505406198866,80.3357314148681,13.42925659472422,40.0,18.671594141976122
ma100_r0.300_c1.00_v20.40_v10.20,100,0.29999999999999993,1.0,0.4,0.2,87.4928996956289,-15.359338972958659,36.98523300080331,69.12028725314184,21.005385996409338,40.0,81.53318995172648,31.105776762499925,-6.977921814811394,38.23825108025924,78.17745803357315,15.827338129496402,40.0,23.250298976825
ma200_r0.175_c1.00_v20.55_v10.20,200,0.175,1.0,0.55,0.2,87.48343120808111,-14.231576851932527,40.31049149983764,75.58348294434471,18.850987432675044,50.7743617546089,89.87493368988501,32.75759181913473,-6.365670983456095,38.421412128572605,84.17266187050359,13.42925659472422,50.7743617546089,21.782691105615328
ma175_r0.150_c1.00_v20.85_v10.30,175,0.15,1.0,0.85,0.3,87.38227425760145,-19.76990188984583,47.425188902257226,76.0622381807301,14.542190305206462,67.25954414246893,92.31134770430981,35.89501566407192,-9.272217313701258,46.73717565861143,84.17266187050359,13.189448441247004,67.25954414246893,23.039493287213098
ma250_r0.125_c1.00_v20.70_v10.10,250,0.125,1.0,0.7,0.1,87.33735717109693,-11.934708317322817,37.448555033056635,76.60083782166367,7.241172950329144,44.939360465191776,82.93726782445108,30.43687961752788,-6.963681478629081,36.80117625688115,88.2494004796163,6.235011990407674,44.939360465191776,21.66390060527353
ma150_r0.125_c1.00_v20.55_v10.30,150,0.125,1.0,0.55,0.3,87.26431569471367,-14.381373261406017,36.452103014538096,74.92519449431478,6.941950927588271,36.26740125329208,83.87243459794146,32.273963678994,-3.8841626201703727,33.25155620347516,80.57553956834532,6.235011990407674,36.26740125329208,18.359522222852235
ma200_r0.125_c1.00_v20.85_v10.10,200,0.125,1.0,0.85,0.1,87.25823866425935,-13.698347408630884,41.16792995562038,76.84021543985638,6.822262118491921,56.04962011872412,86.7216046637212,29.110852607094294,-8.156195734587357,40.2949209447671,84.17266187050359,6.235011990407674,56.04962011872412,22.721414292267532
ma200_r0.200_c1.00_v20.55_v10.20,200,0.19999999999999998,1.0,0.55,0.2,87.24283887320479,-14.327946819368819,41.142285722260034,75.46379413524835,20.107719928186714,55.00000000000001,90.69197174754822,32.204396323906415,-7.034164938585807,40.050274516887185,84.17266187050359,13.42925659472422,55.00000000000001,22.972598147871786
ma125_r0.225_c1.00_v20.70_v10.20,125,0.22499999999999998,1.0,0.7,0.2,87.23528203091418,-18.401883019132992,44.37312276591154,71.573907839617,18.850987432675044,70.0,91.92338038135132,32.415036641490836,-11.033900090339642,45.952894685721354,79.85611510791367,13.42925659472422,70.0,25.332558820205215
ma250_r0.300_c1.00_v20.70_v10.00,250,0.29999999999999993,1.0,0.7,0.0,87.19153674672684,-13.06352297807134,43.20538939646655,54.57809694793537,22.022740873728306,70.0,90.12950113613891,29.017873959355246,-12.692847996553303,48.783661552551756,69.30455635491607,15.587529976019185,70.0,30.509226339108345
ma100_r0.250_c1.00_v20.40_v10.20,100,0.24999999999999997,1.0,0.4,0.2,87.16516470017308,-15.344757034775991,36.52190020119274,69.18013165769,19.868342309994016,40.0,80.15535413104166,31.035653646498275,-6.462457059328763,36.76133367104156,78.41726618705036,13.42925659472422,40.0,21.716882053125158
ma250_r0.200_c1.00_v20.25_v10.30,250,0.19999999999999998,1.0,0.25,0.3,87.12567488005645,-14.818815365854975,37.68382015566893,75.8228605625374,20.94554159186116,25.0,79.07656903455357,33.35164327573392,-7.330426614981922,35.81837582773609,88.00959232613909,13.42925659472422,25.0,18.64507153230391
ma200_r0.300_c1.00_v20.70_v10.10,200,0.29999999999999993,1.0,0.7,0.1,87.10550252843119,-13.765068804217195,45.01528173303732,74.86535008976661,21.424296828246558,70.0,94.29681215795054,29.50734118473408,-12.692847996553258,48.42448080094189,82.9736211031175,15.347721822541965,70.0,28.33017677539886
ma150_r0.275_c1.00_v20.55_v10.20,150,0.27499999999999997,1.0,0.55,0.2,87.09890672893323,-15.656956780702302,41.486979397896796,73.07001795332137,20.047875523638538,55.00000000000001,90.55052919848478,31.01792094456006,-8.829892848525278,42.56192346927454,79.61630695443645,14.148681055155876,55.00000000000001,25.25091445618252
ma150_r0.250_c1.00_v20.55_v10.20,150,0.24999999999999997,1.0,0.55,0.2,87.0816314814673,-15.642428417308164,41.19616528198877,73.12986235786954,19.329742669060444,55.00000000000001,89.95015561784689,31.177248724512708,-8.533876582832978,41.67230198161769,79.85611510791367,13.42925659472422,55.00000000000001,24.505376778347745
ma125_r0.175_c1.00_v20.40_v10.30,125,0.175,1.0,0.4,0.3,87.04297688538935,-16.695638534617785,37.35650017532925,72.59126271693597,18.43207660083782,36.92680854880647,79.42409982006419,33.81795720373331,-5.106927196742439,35.21209867548082,81.29496402877699,13.42925659472422,36.92680854880647,17.942167349945702
ma100_r0.275_c1.00_v20.40_v10.20,100,0.27499999999999997,1.0,0.4,0.2,87.00551014003119,-15.359338972958604,36.79987254065135,69.12028725314184,20.586475164572114,40.0,80.86124756299904,30.845818987383346,-6.764403468129377,37.63134774383751,78.17745803357315,14.148681055155876,40.0,22.568570258437674
ma100_r0.125_c1.00_v20.70_v10.10,100,0.125,1.0,0.7,0.1,86.94314140292656,-14.374561831409594,35.91579847832319,70.8557749850389,6.822262118491921,44.939360465191776,79.52242227893927,29.136629971310345,-6.963681478629081,35.170547991859586,78.41726618705036,6.235011990407674,44.939360465191776,20.057144801108855
ma200_r0.300_c1.00_v20.55_v10.30,200,0.29999999999999993,1.0,0.55,0.3,86.92280546084639,-16.359157108857538,44.277373599415405,75.04488330341114,21.484141232794734,55.00000000000001,92.78009683573971,33.96988239141003,-8.076341174774093,45.31391699261492,82.9736211031175,15.347721822541965,55.00000000000001,24.4582793628976
ma100_r0.150_c1.00_v20.25_v10.30,100,0.15,1.0,0.25,0.3,86.83335184941419,-14.549071131359037,33.206449800480456,70.73608617594255,15.320167564332735,19.259725913653618,73.55249697227705,33.903016254256954,-4.414489723318804,30.540749049384747,78.65707434052757,13.189448441247004,19.259725913653618,16.284242647389824
ma200_r0.250_c1.00_v20.55_v10.30,200,0.24999999999999997,1.0,0.55,0.3,86.74341182751446,-16.344749701752914,43.770375840485926,75.10472770795931,20.46678635547576,55.00000000000001,91.75079334168416,33.88984635344619,-7.568137585983381,43.79060458535894,83.21342925659472,13.42925659472422,55.00000000000001,23.263206561009717
ma250_r0.175_c1.00_v20.25_v10.30,250,0.175,1.0,0.25,0.3,86.70006362388747,-14.817480406616546,36.98335423981055,75.94254937163375,19.68880909634949,22.469680232595888,78.863145337536,33.5717347376759,-6.4571966098586175,34.358396146439254,88.00959232613909,13.42925659472422,22.469680232595888,18.019317512233133
ma150_r0.250_c1.00_v20.85_v10.10,150,0.24999999999999997,1.0,0.85,0.1,86.69212834777953,-18.5282140450272,48.124899060705424,73.07001795332137,19.269898264512268,85.0,92.04687319997034,30.414095611682956,-13.794344836783633,52.322715742136985,79.85611510791367,13.42925659472422,85.0,29.132288778481225
ma150_r0.300_c1.00_v20.40_v10.30,150,0.29999999999999993,1.0,0.4,0.3,86.68482998280913,-15.54317400714048,40.06149156003121,73.07001795332137,20.885697187312985,40.0,83.60757869573403,32.60435322981721,-6.928535325924767,40.3334126749567,79.61630695443645,15.827338129496402,40.0,21.393318191422196
ma125_r0.275_c1.00_v20.85_v10.10,125,0.27499999999999997,1.0,0.85,0.1,86.66629861142323,-19.53768601152769,48.07137853363691,71.51406343506882,19.92818671454219,85.0,94.66691853882058,30.401073619734298,-13.986689697076105,53.342907136211835,79.61630695443645,14.148681055155876,85.0,29.49051765632935
ma125_r0.175_c1.00_v20.55_v10.20,125,0.175,1.0,0.55,0.2,86.6309623092225,-16.998616288225897,39.016446799499555,72.59126271693597,18.0131657690006,50.7743617546089,87.38954027412059,32.29275081849803,-6.365670983456095,37.712827655595206,81.29496402877699,13.42925659472422,50.7743617546089,21.33174294025501
ma100_r0.150_c1.00_v20.70_v10.00,100,0.15,1.0,0.7,0.0,86.62302253499088,-15.615608188274255,37.70255033350556,53.97965290245362,15.200478755236386,55.39021282320971,82.18982333642914,29.162411863313253,-8.773522621551532,38.42572937889444,67.62589928057554,13.189448441247004,55.39021282320971,22.089591442222552
ma200_r0.125_c1.00_v20.85_v10.00,200,0.125,1.0,0.85,0.0,86.61396000127739,-12.767559417013107,39.95883405089589,58.16876122082585,6.822262118491921,56.04962011872412,85.86835407867478,27.232862092333534,-8.587708788434135,39.7476363185283,69.7841726618705,6.235011990407674,56.04962011872412,23.166337696268947
ma250_r0.225_c1.00_v20.70_v10.00,250,0.22499999999999998,1.0,0.7,0.0,86.58429708832105,-12.86463085865497,42.2373403071577,54.69778575703172,20.586475164572114,70.0,88.3151583003785,29.5703697989393,-11.612711640417828,45.76548213775392,69.7841726618705,13.42925659472422,70.0,28.437412785034198
ma125_r0.275_c1.00_v20.70_v10.20,125,0.27499999999999997,1.0,0.7,0.2,86.55354373608645,-18.58970566298297,45.12672939988691,71.51406343506882,19.92818671454219,70.0,93.03008447032057,31.770690864492266,-12.499996036531924,48.139661532525345,79.61630695443645,14.148681055155876,70.0,26.723532290277426
ma150_r0.250_c1.00_v20.40_v10.30,150,0.24999999999999997,1.0,0.4,0.3,86.54449858985991,-15.52862374015559,39.576114686852314,73.12986235786954,19.748653500897667,40.0,82.33228766096491,32.51024815923134,-6.45234123493621,38.822814924366085,79.85611510791367,13.42925659472422,40.0,19.951007641873094
ma125_r0.225_c1.00_v20.85_v10.10,125,0.22499999999999998,1.0,0.85,0.1,86.52423750808576,-19.354450811000746,47.250685119362345,71.573907839617,18.850987432675044,85.0,93.66340986676137,30.85644548335249,-13.152124859951819,50.90474487848533,79.85611510791367,13.42925659472422,85.0,28.195705637037317
ma225_r0.225_c1.00_v20.85_v10.10,225,0.22499999999999998,1.0,0.85,0.1,86.46885100020536,-16.99016808629079,47.96937205785973,74.86535008976661,20.167564332734887,85.0,92.01560922086074,29.17476304238067,-13.97468126770759,52.53340078931692,86.57074340527578,13.42925659472422,85.0,29.648029634708507
ma75_r0.300_c1.00_v20.70_v10.20,75,0.29999999999999993,1.0,0.7,0.2,86.4296704530423,-20.18541946839878,42.9933077953965,67.50448833034112,19.748653500897667,70.0,91.84372527631267,35.862813303424666,-12.692847996553247,46.40152075834909,74.58033573141488,15.107913669064748,70.0,27.50167625070147
ma225_r0.200_c1.00_v20.40_v10.20,225,0.19999999999999998,1.0,0.4,0.2,86.38221583498455,-13.378494616111347,37.76928919830062,75.16457211250747,20.526630760023938,40.0,83.82014227872727,31.054682855344538,-5.511898159841799,36.34614391004166,86.57074340527578,13.42925659472422,40.0,21.426632995549927
ma75_r0.150_c1.00_v20.70_v10.20,75,0.15,1.0,0.7,0.2,86.36747176292576,-19.296962248769155,39.29254465940002,69.18013165769,14.841412327947337,53.92723255823013,88.16837894889572,36.18087941104433,-7.93894571523529,38.75766866485051,74.82014388489209,12.949640287769784,53.92723255823013,22.925866538126723
ma200_r0.275_c1.00_v20.55_v10.30,200,0.27499999999999997,1.0,0.55,0.3,86.35534373271743,-16.35915710885746,44.07173699836763,75.04488330341114,21.18491921005386,55.00000000000001,92.3018864441725,33.58495976372446,-7.867286094865866,44.68935494924878,82.9736211031175,14.148681055155876,55.00000000000001,23.9651829665774
ma75_r0.225_c1.00_v20.55_v10.20,75,0.22499999999999998,1.0,0.55,0.2,86.35158981627136,-18.08764758785476,38.41648114794327,67.56433273488929,18.491921005385997,55.00000000000001,87.81040086755414,34.602103867304244,-7.885733822796903,38.806886325779196,74.82014388489209,13.189448441247004,55.00000000000001,23.76867880782811
ma250_r0.275_c1.00_v20.70_v10.00,250,0.27499999999999997,1.0,0.7,0.0,86.34677672772852,-13.063522978071285,42.98233109410895,54.57809694793537,21.78336325553561,70.0,89.69036942105278,28.833439697157747,-12.499996036531947,48.03241879647147,69.30455635491607,14.628297362110313,70.0,30.071736513030128
ma75_r0.300_c1.00_v20.40_v10.30,75,0.29999999999999993,1.0,0.4,0.3,86.27070084024935,-17.075738484511295,37.66606002179934,67.14542190305207,20.40694195092759,40.0,83.34540364541098,35.69831034957633,-6.866195542304398,38.30832204699085,74.58033573141488,15.587529976019185,40.0,21.56507697062542
ma125_r0.200_c1.00_v20.55_v10.20,125,0.19999999999999998,1.0,0.55,0.2,86.26262456945943,-17.101848002504806,39.821421228773026,72.11250748055058,18.91083183722322,55.00000000000001,88.35114140129977,31.890284888780272,-7.034164938585807,39.273176194243135,80.3357314148681,13.42925659472422,55.00000000000001,22.48298642131718
ma75_r0.250_c1.00_v20.40_v10.30,75,0.24999999999999997,1.0,0.4,0.3,86.24563851059104,-17.06145224855099,37.242327054971575,67.20526630760024,19.269898264512268,40.0,82.2295561033927,35.646970841302505,-6.3501038756220485,37.037427932112735,74.82014388489209,13.189448441247004,40.0,20.343220942239455
ma200_r0.225_c1.00_v20.70_v10.10,200,0.22499999999999998,1.0,0.7,0.1,86.232645270648,-13.569431285432454,44.07207992058607,75.16457211250747,20.047875523638538,70.0,92.74104438125661,29.52768358988429,-11.338183004008794,45.60254409794449,84.17266187050359,13.42925659472422,70.0,26.50547273818953
ma150_r0.275_c1.00_v20.40_v10.30,150,0.27499999999999997,1.0,0.4,0.3,86.2258892902869,-15.543174007140504,39.86563698196234,73.07001795332137,20.46678635547576,40.0,82.97653019538132,32.28248575461692,-6.731329991150348,39.71178464129498,79.61630695443645,14.148681055155876,40.0,20.746764155527117
ma225_r0.200_c1.00_v20.25_v10.30,225,0.19999999999999998,1.0,0.25,0.3,86.2061454069659,-14.895040275740124,37.40044182434312,75.52363853979654,20.526630760023938,25.0,79.17516816097626,32.80006554135291,-7.330426614981922,35.210401747051606,85.85131894484412,13.42925659472422,25.0,18.54367065872661
ma175_r0.175_c1.00_v20.85_v10.20,175,0.175,1.0,0.85,0.2,86.19988580876439,-20.080838121043275,47.916917028598775,75.64332734889288,17.89347695990425,78.46946816621374,94.00623332989272,34.6234493069105,-11.061968058503691,48.76668093651165,84.17266187050359,13.42925659472422,78.46946816621374,25.881281879105465
ma75_r0.150_c1.00_v20.40_v10.30,75,0.15,1.0,0.4,0.3,86.17413168590132,-16.542552958627365,34.64207951680696,68.7013764213046,15.439856373429084,30.815561461845792,80.17541713051946,35.564208063272275,-3.8810298438961555,32.24841869370105,74.82014388489209,12.949640287769784,30.815561461845792,17.74537685617381
ma200_r0.150_c1.00_v20.70_v10.00,200,0.15,1.0,0.7,0.0,86.15360705079232,-12.204278910647314,39.568803659057664,56.49311789347696,14.90125673249551,55.39021282320971,88.32546733559943,28.393847047979914,-8.773522621551532,39.25227513826284,69.54436450839329,13.189448441247004,55.39021282320971,23.225327956289696
ma200_r0.150_c1.00_v20.55_v10.20,200,0.15,1.0,0.55,0.2,86.15073871352148,-13.503053444947376,38.742361888807324,76.00239377618193,14.721723518850988,43.520881503950484,87.57975260188873,32.0623395587361,-5.313864879705443,36.25251261645813,84.17266187050359,13.189448441247004,43.520881503950484,20.163187837652444
ma75_r0.225_c1.00_v20.70_v10.20,75,0.22499999999999998,1.0,0.7,0.2,86.0997373966621,-20.001278314564086,42.120832202629316,67.56433273488929,18.372232196289648,70.0,90.65527270769711,36.01174007365648,-11.033900090339554,43.927892582645214,74.82014388489209,13.189448441247004,70.0,26.08141806131413
ma100_r0.300_c1.00_v20.70_v10.00,100,0.29999999999999993,1.0,0.7,0.0,86.05915536896293,-16.520948298844406,41.31030030366961,52.36385397965291,20.526630760023938,70.0,86.7972696555075,28.27873233078757,-12.692847996553303,46.3215659312959,65.22781774580336,15.587529976019185,70.0,27.776994858476925
ma75_r0.300_c1.00_v20.55_v10.20,75,0.29999999999999993,1.0,0.55,0.2,86.05120598452616,-18.278652497511406,39.19715139241471,67.50448833034112,19.868342309994016,55.00000000000001,89.27293629993738,34.28133681667727,-9.036761981157293,41.01885533019449,74.58033573141488,15.107913669064748,55.00000000000001,25.438444242856477
ma125_r0.150_c1.00_v20.55_v10.20,125,0.15,1.0,0.55,0.2,86.04282033806501,-16.175574197354436,37.598188749822555,72.77079593058049,14.841412327947337,43.520881503950484,85.40467148321704,31.66373431915577,-5.313864879705443,35.645154496763205,81.29496402877699,13.189448441247004,43.520881503950484,19.776660838772166
ma225_r0.300_c1.00_v20.85_v10.10,225,0.29999999999999993,1.0,0.85,0.1,86.02024598327415,-17.169384680266965,49.10672283141664,74.74566128067026,21.543985637342907,85.0,93.61393802119588,27.74974882068728,-15.582510844022613,56.010778079582956,86.09112709832134,15.347721822541965,85.0,31.595719555190158
ma75_r0.300_c1.00_v20.85_v10.10,75,0.29999999999999993,1.0,0.85,0.1,86.00908690110454,-21.878791806882536,45.6234867369917,67.50448833034112,19.748653500897667,85.0,92.47907955627014,34.36759427275331,-14.176412567873376,51.27410519528731,74.58033573141488,15.107913669064748,85.0,30.282865148363598
ma125_r0.225_c1.00_v20.40_v10.30,125,0.22499999999999998,1.0,0.4,0.3,86.0061637035916,-16.796429554593185,38.54882602982393,71.63375224416517,19.329742669060444,40.0,80.43999912516139,33.004885917785984,-6.179552374896713,37.74761204725974,79.85611510791367,13.42925659472422,40.0,19.35819281925017
ma125_r0.250_c1.00_v20.70_v10.20,125,0.24999999999999997,1.0,0.7,0.2,85.93350587244315,-18.575684694271054,44.810839553089195,71.573907839617,19.210053859964095,70.0,92.54783874408142,31.59749352027088,-12.065174263962364,47.181408798185856,79.85611510791367,13.42925659472422,70.0,26.096753142999653
ma250_r0.225_c1.00_v20.25_v10.30,250,0.22499999999999998,1.0,0.25,0.3,85.87592135938368,-14.712656399570967,38.15491050982177,75.76301615798923,20.94554159186116,25.0,79.64220261051199,32.55259243173909,-8.123461679845722,36.99336749290397,88.00959232613909,13.42925659472422,25.0,19.420727167053016
ma75_r0.275_c1.00_v20.40_v10.30,75,0.27499999999999997,1.0,0.4,0.3,85.87207508998705,-17.07573848451116,37.50076429573454,67.14542190305207,19.988031119090365,40.0,82.80286973258518,35.392774197854116,-6.652420611770127,37.805491533685206,74.58033573141488,13.908872901678656,40.0,21.037543036463404
ma200_r0.275_c1.00_v20.70_v10.10,200,0.27499999999999997,1.0,0.7,0.1,85.81819965722568,-13.765068804217362,44.80516975320086,74.86535008976661,21.125074805505687,70.0,93.87923611798574,28.916249677105,-12.499996036531936,47.75391512859958,82.9736211031175,14.148681055155876,70.0,27.90977267323541
ma100_r0.250_c1.00_v20.25_v10.30,100,0.24999999999999997,1.0,0.25,0.3,85.78292778376692,-15.37153687156032,35.75696449690842,70.1376421304608,19.868342309994016,25.0,76.19713145167904,33.48155624615339,-7.007209590458363,35.24013673996238,78.65707434052757,13.42925659472422,25.0,19.364226791535685
ma225_r0.175_c1.00_v20.40_v10.20,225,0.175,1.0,0.4,0.2,85.76994445868674,-13.562080831732871,37.06699651715758,75.28426092160383,19.329742669060444,36.92680854880647,83.08684960768547,31.401552285521394,-4.824899749264199,34.89113209078272,86.57074340527578,13.42925659472422,36.92680854880647,20.3162057722331
ma225_r0.175_c1.00_v20.25_v10.30,225,0.175,1.0,0.25,0.3,85.74624784792016,-14.893706511098081,36.70302929840777,75.64332734889288,19.269898264512268,23.079255343004043,78.89332382205178,32.993200400877896,-6.4571966098586175,33.762657592280846,85.85131894484412,13.42925659472422,23.079255343004043,17.849495996748917
ma200_r0.225_c1.00_v20.55_v10.20,200,0.22499999999999998,1.0,0.55,0.2,85.72320443132175,-14.299875369401416,41.6538932451811,75.22441651705566,20.107719928186714,55.00000000000001,91.30560003230006,31.232104347469992,-7.8857338227969365,41.261409282124504,84.17266187050359,13.42925659472422,55.00000000000001,23.74691105781089
ma250_r0.125_c1.00_v20.40_v10.30,250,0.125,1.0,0.4,0.3,85.67141479205506,-12.144549933789417,34.828999883605704,76.5409934171155,7.4207061639736684,25.67963455153816,76.07267711051968,31.86114627113399,-4.399797578306197,31.8758482225735,88.2494004796163,6.235011990407674,25.67963455153816,16.44441566937244
ma175_r0.300_c1.00_v20.85_v10.30,175,0.29999999999999993,1.0,0.85,0.3,85.63526014700183,-20.903215227231776,52.32311074003545,74.56612806702573,20.46678635547576,85.0,97.04842673491397,33.38029623393937,-14.237284230783786,57.03065021035426,83.21342925659472,15.347721822541965,85.0,28.4114953250113
ma250_r0.250_c1.00_v20.70_v10.00,250,0.24999999999999997,1.0,0.7,0.0,85.63041244993208,-13.048550257063752,42.665460229723365,54.637941352483544,20.94554159186116,70.0,89.08758356032212,28.747285103572008,-12.158511862491206,47.01604497377288,69.54436450839329,13.42925659472422,70.0,29.334606388349904
ma175_r0.175_c1.00_v20.70_v10.30,175,0.175,1.0,0.7,0.3,85.61762194159435,-18.847472019784327,45.343412468502294,75.64332734889288,17.89347695990425,64.62191496041132,93.81131386774582,34.925727979417864,-8.9555256638149,44.5991039593641,84.17266187050359,13.42925659472422,64.62191496041132,23.32538651974022
ma125_r0.250_c1.00_v20.85_v10.10,125,0.24999999999999997,1.0,0.85,0.1,85.60240474700707,-19.52383050113764,47.72728457202206,71.573907839617,19.210053859964095,85.0,94.25273509407134,30.085745973446777,-13.794344836783633,52.27615984144178,79.85611510791367,13.42925659472422,85.0,28.938150672582225
ma100_r0.300_c1.00_v20.25_v10.30,100,0.29999999999999993,1.0,0.25,0.3,85.59171533424784,-15.38611650686439,36.20537135144125,70.1376421304608,21.125074805505687,25.0,77.5361165060221,33.52375166181185,-7.675729786526997,36.66489708092381,78.65707434052757,16.30695443645084,25.0,20.859895287079514
ma75_r0.150_c1.00_v20.55_v10.20,75,0.15,1.0,0.55,0.2,85.58603912996219,-17.617807940223862,35.96322070516769,69.06044284859367,15.140634350688211,42.37139701003797,85.39206174276322,34.446275847341745,-5.313864879705377,34.462582723655984,74.82014388489209,12.949640287769784,42.37139701003797,20.814946896689065
ma75_r0.200_c1.00_v20.85_v10.10,75,0.19999999999999998,1.0,0.85,0.1,85.55214277563512,-21.779395909977417,44.09215476250418,67.92339916217833,18.372232196289648,85.0,91.32578399456526,35.16239326266029,-12.367241089433879,47.18650705639711,74.82014388489209,13.189448441247004,85.0,28.657271083239074
ma225_r0.225_c1.00_v20.40_v10.20,225,0.22499999999999998,1.0,0.4,0.2,85.47574716162546,-13.238643037379605,38.242188945082724,74.92519449431478,20.526630760023938,40.0,84.47861481122874,30.278155010532505,-6.191614162614389,37.499085507102144,86.57074340527578,13.42925659472422,40.0,22.254557712076604
ma125_r0.150_c1.00_v20.40_v10.30,125,0.15,1.0,0.4,0.3,85.46506183507671,-15.968420507504955,36.02361038374291,72.77079593058049,15.140634350688211,31.651550184691263,78.01321773334179,32.8158387237252,-4.38948986836214,33.36583482791462,81.29496402877699,13.189448441247004,31.651550184691263,16.90041159863028
ma175_r0.200_c1.00_v20.85_v10.20,175,0.19999999999999998,1.0,0.85,0.2,85.39456040208691,-19.92665043478743,48.96690574075031,75.22441651705566,19.090365050867746,85.0,95.08905674980025,33.595242263979365,-12.007709314196745,50.95083685534424,84.17266187050359,13.42925659472422,85.0,27.2680942887734
ma100_r0.175_c1.00_v20.70_v10.00,100,0.175,1.0,0.7,0.0,85.37841763161656,-16.412629025742152,39.08002236510918,52.96229802513464,18.2525433871933,64.62191496041132,83.54335750963492,29.47110955983099,-10.196430864600082,40.64350887074538,66.18705035971223,13.42925659472422,64.62191496041132,23.85457881554916
ma250_r0.100_c1.00_v20.85_v10.30,250,0.1,1.0,0.85,0.3,85.35850104340885,-11.09573477155128,36.99165650741507,78.27648114901257,1.6756433273488927,43.65537873761487,77.28951994106615,31.30952215221898,-5.601063409213836,35.754269295852716,88.48920863309353,0.2398081534772182,43.65537873761487,19.658113857377042
ma100_r0.275_c1.00_v20.25_v10.30,100,0.27499999999999997,1.0,0.25,0.3,85.32762052553731,-15.386116506864479,36.024548641480905,70.1376421304608,20.586475164572114,25.0,76.87714541429045,33.249155214773026,-7.380411772243667,36.07304810413769,78.65707434052757,14.148681055155876,25.0,20.190592269279527
ma75_r0.275_c1.00_v20.70_v10.20,75,0.27499999999999997,1.0,0.7,0.2,85.31755616545344,-20.185419468398724,42.806570962667436,67.50448833034112,19.449431478156793,70.0,91.54433276019303,35.299346452516936,-12.499996036531936,45.847576656302785,74.58033573141488,13.908872901678656,70.0,27.214073475971478
ma125_r0.125_c1.00_v20.55_v10.30,125,0.125,1.0,0.55,0.3,85.31404781747112,-15.341463533124111,35.90303117158808,73.36923997606223,6.941950927588271,36.26740125329208,82.25113686347652,31.549715108719557,-3.8841626201703727,33.16703783366805,81.29496402877699,6.235011990407674,36.26740125329208,18.082426929055814
ma200_r0.300_c1.00_v20.55_v10.20,200,0.29999999999999993,1.0,0.55,0.2,85.2893106453175,-14.491070028583298,42.53500741801787,74.92519449431478,21.484141232794734,55.00000000000001,93.05726305903531,30.919583018062234,-9.036761981157348,43.85094181803654,82.9736211031175,15.347721822541965,55.00000000000001,25.766815115603556
ma75_r0.250_c1.00_v20.55_v10.20,75,0.24999999999999997,1.0,0.55,0.2,85.27812924383929,-18.264575729727596,38.769328780398425,67.56433273488929,18.850987432675044,55.00000000000001,88.36321665193195,34.04335107728076,-8.533876582832967,39.74166579595324,74.82014388489209,13.189448441247004,55.00000000000001,24.415067717725176
ma150_r0.175_c1.00_v20.70_v10.10,150,0.175,1.0,0.7,0.1,85.2674033978126,-16.444162908419948,42.00906687379544,73.72830640335128,17.833632555356075,64.62191496041132,88.76804264362167,31.460770963558193,-9.810666279077962,42.17704326553422,79.85611510791367,13.42925659472422,64.62191496041132,24.374820339255322
ma75_r0.175_c1.00_v20.85_v10.10,75,0.175,1.0,0.85,0.1,85.26544018844528,-21.740797264017463,43.14789341906319,67.98324356672651,17.5344105326152,77.49304982786722,90.66084412850189,35.2256373782325,-11.473484903821529,45.27046891867765,74.82014388489209,13.189448441247004,77.49304982786722,27.61325288556815
ma75_r0.275_c1.00_v20.55_v10.20,75,0.27499999999999997,1.0,0.55,0.2,85.25728670163228,-18.278652497511338,39.03136374947078,67.50448833034112,19.569120287253142,55.00000000000001,88.86489633597834,33.86588138010991,-8.829892848525267,40.51840214238977,74.58033573141488,13.908872901678656,55.00000000000001,25.04157448949769
ma175_r0.150_c1.00_v20.85_v10.20,175,0.15,1.0,0.85,0.2,85.2055465640627,-19.307040707709234,45.98871238135004,76.0622381807301,14.542190305206462,67.25954414246893,91.66207291057484,33.97561439039376,-9.376250284341525,45.75404977426757,84.17266187050359,13.189448441247004,67.25954414246893,23.808210655021014
ma225_r0.275_c1.00_v20.85_v10.10,225,0.27499999999999997,1.0,0.85,0.1,85.20109350584461,-17.16938468026695,48.84014949345615,74.74566128067026,21.244763614602036,85.0,93.15948135516464,27.63811616464753,-15.00052010429338,55.14931466742459,86.09112709832134,14.148681055155876,85.0,31.142723200659972
ma225_r0.125_c1.00_v20.70_v10.20,225,0.125,1.0,0.7,0.2,85.16377279620274,-14.411238715558017,38.861854320161804,76.42130460801914,7.001795332136446,46.15851068600809,85.09473464889871,30.78900091769201,-6.605756897741566,37.37545586435373,86.57074340527578,6.235011990407674,46.15851068600809,21.100135542194856
ma150_r0.150_c1.00_v20.70_v10.10,150,0.15,1.0,0.7,0.1,85.14378307214004,-15.59480012643566,40.400966083195215,74.08737283064033,14.542190305206462,55.39021282320971,86.9530136997061,30.853444755584782,-8.366640593177655,39.70815351092665,79.85611510791367,13.189448441247004,55.39021282320971,22.445948905826597
ma200_r0.300_c1.00_v20.70_v10.00,200,0.29999999999999993,1.0,0.7,0.0,85.13634387920115,-12.692847996553269,43.411085974431245,54.877318970676235,21.543985637342907,70.0,93.5972696555075,26.867767050594328,-12.692847996553303,47.3297502378731,67.14628297362111,15.587529976019185,70.0,29.176994858476924
ma150_r0.150_c1.00_v20.85_v10.00,150,0.15,1.0,0.85,0.0,85.1281196080943,-16.629477473635767,43.056409711995755,56.552962298025136,14.841412327947337,67.25954414246893,87.11734241805691,29.91193177965703,-10.294205058558392,44.23696241958524,69.54436450839329,13.189448441247004,67.25954414246893,25.17751949752603
ma200_r0.250_c1.00_v20.70_v10.10,200,0.24999999999999997,1.0,0.7,0.1,85.06945242601856,-13.750216907635593,44.4949791543942,74.92519449431478,20.40694195092759,70.0,93.36261645375684,28.707856033932664,-12.065174263962419,46.79310908232379,83.21342925659472,13.42925659472422,70.0,27.254338793850373
ma225_r0.225_c1.00_v20.25_v10.30,225,0.22499999999999998,1.0,0.25,0.3,85.06402157016124,-14.78897630646343,37.8700927035748,75.46379413524835,20.526630760023938,25.0,79.74220261051198,32.07675019241623,-8.123461679845722,36.37962515660017,85.85131894484412,13.42925659472422,25.0,19.320727167053015
ma100_r0.200_c1.00_v20.70_v10.00,100,0.19999999999999998,1.0,0.7,0.0,85.06016872309259,-16.41031881187194,39.89047666633538,52.96229802513464,19.090365050867746,70.0,84.60074289868913,28.867374587291252,-10.949371936004692,42.33737585294062,66.18705035971223,13.42925659472422,70.0,25.199088810713103
ma175_r0.225_c1.00_v20.85_v10.30,175,0.22499999999999998,1.0,0.85,0.3,85.02173040126351,-20.748238025863774,51.21419750028069,74.86535008976661,19.090365050867746,85.0,95.89503667701591,33.373199996786894,-13.194229464723396,53.808767675721555,83.93285371702638,13.42925659472422,85.0,26.927356925524396
ma200_r0.125_c1.00_v20.70_v10.30,200,0.125,1.0,0.7,0.3,84.99641345802078,-14.598379442767417,40.399661501335245,76.84021543985638,6.822262118491921,46.15851068600809,87.69127104828435,32.805124741188926,-6.101276678913559,37.73373342163798,84.17266187050359,6.235011990407674,46.15851068600809,19.98132231450564
ma100_r0.275_c1.00_v20.70_v10.00,100,0.27499999999999997,1.0,0.7,0.0,84.95175732388354,-16.520948298844417,41.11051618214503,52.36385397965291,20.287253141831236,70.0,86.46915723047398,27.910183550224254,-12.499996036531947,45.66358733869756,65.22781774580336,14.628297362110313,70.0,27.450524322451326
ma225_r0.175_c1.00_v20.70_v10.10,225,0.175,1.0,0.7,0.1,84.924950799662,-15.733667830160925,42.42556702526414,75.22441651705566,18.91083183722322,64.62191496041132,89.27313218354232,30.369138619047177,-9.810666279077962,43.23231502943041,86.57074340527578,13.42925659472422,64.62191496041132,25.141540954173074
ma225_r0.150_c1.00_v20.70_v10.10,225,0.15,1.0,0.7,0.1,84.86670253837141,-14.938596114555802,40.72177411220817,75.40394973070018,14.961101137043686,55.39021282320971,87.42833405830618,29.924245833162733,-8.366640593177655,40.61267216569481,86.57074340527578,13.189448441247004,55.39021282320971,23.103138004327526
ma225_r0.250_c1.00_v20.85_v10.10,225,0.24999999999999997,1.0,0.85,0.1,84.86200169525434,-17.155121351333335,48.466347444285184,74.80550568521844,20.526630760023938,85.0,92.60374848755585,27.874994963330767,-14.681978084838487,53.970354592182154,86.33093525179856,13.42925659472422,85.0,30.452475636963612
ma150_r0.125_c1.00_v20.70_v10.20,150,0.125,1.0,0.7,0.2,84.85436017152976,-15.087917937193163,38.48445503517055,74.74566128067026,6.822262118491921,46.15851068600809,85.32697768334845,31.226671866336186,-6.605756897741566,36.43019354736438,79.85611510791367,6.235011990407674,46.15851068600809,20.548426731519385
ma125_r0.225_c1.00_v20.55_v10.20,125,0.22499999999999998,1.0,0.55,0.2,84.8120437710711,-17.032878058684673,40.33856875630718,71.63375224416517,18.91083183722322,55.00000000000001,89.09357974024857,31.053889740973094,-7.8857338227969365,40.50390488528583,79.85611510791367,13.42925659472422,55.00000000000001,23.33489076575941
ma225_r0.150_c1.00_v20.40_v10.20,225,0.15,1.0,0.4,0.2,84.78518334497454,-13.088130657460283,35.68475588205595,75.40394973070018,15.260323159784562,31.651550184691263,81.27446382705335,30.794676692451638,-4.145124116186938,33.029324737924085,86.57074340527578,13.189448441247004,31.651550184691263,18.87314294054389
ma200_r0.175_c1.00_v20.70_v10.00,200,0.175,1.0,0.7,0.0,84.77675726929597,-12.751503781184748,41.154731727986864,55.53560742070617,18.91083183722322,64.62191496041132,90.34776352599903,28.568217075851486,-10.196430864600082,41.607812256675174,68.10551558752998,13.42925659472422,64.62191496041132,25.17960474862749
ma225_r0.200_c1.00_v20.70_v10.10,225,0.19999999999999998,1.0,0.7,0.1,84.75545476740302,-15.544306648931006,43.350941167003434,75.10472770795931,20.167564332734887,70.0,90.35273213552261,29.708468877783556,-10.619502710130767,45.18129247595574,86.57074340527578,13.42925659472422,70.0,26.6038520989801
ma150_r0.200_c1.00_v20.70_v10.10,150,0.19999999999999998,1.0,0.7,0.1,84.75299287670659,-16.52305339709309,42.894197144910265,73.4290843806104,18.91083183722322,70.0,90.02800671451415,30.962977563799644,-10.619502710130767,43.976878725955814,79.85611510791367,13.42925659472422,70.0,25.727599967645524
ma75_r0.250_c1.00_v20.70_v10.20,75,0.24999999999999997,1.0,0.7,0.2,84.7491829371909,-20.171673323079997,42.51922930862521,67.56433273488929,18.731298623578695,70.0,91.14906794667257,35.14341894802402,-12.065174263962398,45.00128358532263,74.82014388489209,13.189448441247004,70.0,26.69461225088316
ma175_r0.175_c1.00_v20.55_v10.30,175,0.175,1.0,0.55,0.3,84.71804755156984,-17.082499350902346,41.55510974083253,75.70317175344105,17.953321364452425,50.7743617546089,90.87223760404864,33.84908249246828,-6.285833657931994,39.69221526839296,84.17266187050359,13.42925659472422,50.7743617546089,21.344351672182476
ma200_r0.250_c1.00_v20.55_v10.20,200,0.24999999999999997,1.0,0.55,0.2,84.59850116289435,-14.476340837405811,42.04664161735195,74.98503889886295,20.46678635547576,55.00000000000001,91.95015561784689,30.677557868995862,-8.533876582832978,42.34376481135391,83.21342925659472,13.42925659472422,55.00000000000001,24.505376778347745
ma200_r0.175_c1.00_v20.55_v10.10,200,0.175,1.0,0.55,0.1,84.58417083500092,-12.52292467931464,38.76453588932128,75.52363853979654,18.91083183722322,50.7743617546089,88.78416168640166,29.532166885234634,-7.683235525108545,37.26849462277998,84.17266187050359,13.42925659472422,50.7743617546089,22.36589343843125
ma175_r0.200_c1.00_v20.55_v10.30,175,0.19999999999999998,1.0,0.55,0.3,84.56578454894412,-17.19258503093678,42.414289421005584,75.28426092160383,19.15020945541592,55.00000000000001,91.55421873715095,33.38653302714854,-7.166985084962052,41.42426877226788,84.17266187050359,13.42925659472422,55.00000000000001,22.352889133702735
ma200_r0.200_c1.00_v20.55_v10.10,200,0.19999999999999998,1.0,0.55,0.1,84.56178268547016,-12.380107809118158,39.556437849455385,75.40394973070018,20.167564332734887,55.00000000000001,89.75655805435309,29.011318046013336,-8.343271507510098,38.84039585346144,84.17266187050359,13.42925659472422,55.00000000000001,23.64741588110443
ma200_r0.275_c1.00_v20.55_v10.20,200,0.27499999999999997,1.0,0.55,0.2,84.55134498806902,-14.491070028583374,42.338421978406124,74.92519449431478,21.18491921005386,55.00000000000001,92.55052919848478,30.518837013151256,-8.829892848525278,43.23338629901075,82.9736211031175,14.148681055155876,55.00000000000001,25.25091445618252
ma125_r0.300_c1.00_v20.55_v10.20,125,0.29999999999999993,1.0,0.55,0.2,84.55091346182829,-17.2263425016435,41.21282001665922,71.573907839617,20.287253141831236,55.00000000000001,90.85726305903532,30.730243434408422,-9.036761981157348,43.08355572690943,79.61630695443645,15.347721822541965,55.00000000000001,25.366815115603558
ma225_r0.300_c1.00_v20.40_v10.20,225,0.29999999999999993,1.0,0.4,0.2,84.53666242473838,-13.432827331781393,39.113756283600424,74.80550568521844,22.022740873728306,40.0,86.76710520489819,29.445946392708922,-7.289815391710008,40.128838056688245,86.09112709832134,15.827338129496402,40.0,24.79616200014921
ma100_r0.225_c1.00_v20.70_v10.00,100,0.22499999999999998,1.0,0.7,0.0,84.51782585694558,-16.328352800642463,40.41233309505369,52.48354278874925,19.090365050867746,70.0,85.30731760746565,28.17416762026088,-11.612711640417828,43.583179006943915,65.70743405275779,13.42925659472422,70.0,26.038239174560637
ma250_r0.150_c1.00_v20.55_v10.00,250,0.15,1.0,0.55,0.0,84.51713065357332,-11.796127800089696,35.79769264855715,55.71514063435069,15.739078396169958,46.139103473310925,82.95155507053056,28.540991394431003,-7.617088768155689,35.15328483027112,71.70263788968825,13.189448441247004,46.139103473310925,22.045388013669108
ma150_r0.200_c1.00_v20.40_v10.20,150,0.19999999999999998,1.0,0.4,0.2,84.51208714110783,-14.868441429498525,36.86801657108598,73.48892878515859,19.389587073608617,40.0,84.32625245382432,31.06806556035817,-5.245405981523299,35.21208696454146,79.85611510791367,13.42925659472422,40.0,20.9166575408642
ma75_r0.275_c1.00_v20.85_v10.10,75,0.27499999999999997,1.0,0.85,0.1,84.49492564176941,-21.878791806882525,45.415036654256845,67.50448833034112,19.449431478156793,85.0,92.26919442898273,33.687554565490686,-13.986689697076137,50.63750041477388,74.58033573141488,13.908872901678656,85.0,30.080939994402286
ma175_r0.200_c1.00_v20.70_v10.30,175,0.19999999999999998,1.0,0.7,0.3,84.48742291440712,-18.986923993876403,46.3082805555535,75.22441651705566,19.090365050867746,70.0,94.86339326721725,33.89293639234852,-9.907788165788013,46.572943572358874,84.17266187050359,13.42925659472422,70.0,24.647131521765832
ma250_r0.175_c1.00_v20.55_v10.00,250,0.175,1.0,0.55,0.0,84.48681060815898,-12.001599175518807,37.178395945106416,55.23638539796529,19.50927588270497,53.82895405219609,84.65714641992204,28.925397114489783,-8.857624521215968,37.24419576385852,70.26378896882494,13.42925659472422,53.82895405219609,23.92684044235968
ma175_r0.300_c1.00_v20.85_v10.20,175,0.29999999999999993,1.0,0.85,0.2,84.48635043942951,-19.984133989043585,50.68838603608751,74.56612806702573,20.46678635547576,85.0,96.91705720550362,32.223632657233935,-14.176412567873363,55.72398519161076,83.21342925659472,15.347721822541965,85.0,29.411495325011295
ma100_r0.100_c1.00_v20.85_v10.30,100,0.1,1.0,0.85,0.3,84.47194132759464,-13.686560278195037,35.3595212213193,72.17235188509873,1.6756433273488927,43.65537873761487,73.48221285146275,30.267106049354943,-5.601063409213836,33.8341403444669,79.13669064748201,0.2398081534772182,43.65537873761487,18.158490381134975
ma250_r0.125_c1.00_v20.55_v10.10,250,0.125,1.0,0.55,0.1,84.45219913051123,-11.234011697548185,34.29397657994123,76.60083782166367,7.360861759425494,35.30949750836497,80.78087672724814,28.812382527684566,-5.423300956752152,32.48817131950412,88.2494004796163,6.235011990407674,35.30949750836497,19.821174796077432
ma75_r0.225_c1.00_v20.85_v10.10,75,0.22499999999999998,1.0,0.85,0.1,84.44082985164856,-21.70088795924118,44.66609728648424,67.56433273488929,18.372232196289648,85.0,91.54413255421983,34.20441625765365,-13.15212485995183,48.4844320688729,74.82014388489209,13.189448441247004,85.0,29.084911781877345
ma225_r0.250_c1.00_v20.40_v10.20,225,0.24999999999999997,1.0,0.4,0.2,84.43808960421018,-13.417913493146628,38.61788697928487,74.86535008976661,20.885697187312985,40.0,85.25028350868476,29.735183072167715,-6.753173677845082,38.548873741080044,86.33093525179856,13.42925659472422,40.0,23.138434572561998
ma250_r0.300_c1.00_v20.25_v10.30,250,0.29999999999999993,1.0,0.25,0.3,84.43706521034855,-14.909365383290574,38.99756980849946,75.70317175344105,22.56134051466188,25.0,81.76373555301566,31.78119387523397,-9.316530833245684,39.5022643882851,87.76978417266187,16.30695443645084,25.0,21.75543598930182
ma150_r0.175_c1.00_v20.40_v10.20,150,0.175,1.0,0.4,0.2,84.42017230469764,-14.92005014957638,36.207331042602576,73.78815080789947,18.372232196289648,36.92680854880647,83.42727114602607,31.406959225496234,-4.6020222077250095,33.8980267019579,79.85611510791367,13.42925659472422,36.92680854880647,19.86997724938309
ma125_r0.300_c1.00_v20.40_v10.30,125,0.29999999999999993,1.0,0.4,0.3,84.36915760999429,-16.988551099820924,39.403203110001286,71.573907839617,20.825852782764812,40.0,82.40757869573403,32.26866905693879,-7.16414310860104,40.261470228913524,79.61630695443645,15.827338129496402,40.0,21.5933181914222
ma250_r0.250_c1.00_v20.25_v10.30,250,0.24999999999999997,1.0,0.25,0.3,84.32424108758,-14.894703600031212,38.52911115599784,75.70317175344105,21.30460801915021,25.0,80.38681399084035,31.826951492861568,-8.765811134878653,38.03815237991337,87.76978417266187,13.42925659472422,25.0,20.243844043387607
ma200_r0.200_c1.00_v20.70_v10.00,200,0.19999999999999998,1.0,0.7,0.0,84.32191588119915,-12.49159756603625,41.99903667739862,55.475763016157984,20.107719928186714,70.0,91.45548215650008,27.672898969798787,-10.949371936004692,43.3450998512107,68.10551558752998,13.42925659472422,70.0,26.599088810713102
ma200_r0.200_c1.00_v20.40_v10.30,200,0.19999999999999998,1.0,0.4,0.3,84.31233954291221,-16.13736005994869,39.80622016258627,75.58348294434471,20.40694195092759,40.0,83.64808195647268,33.3338352751166,-6.2939772018931865,37.604669393328486,84.17266187050359,13.42925659472422,40.0,18.594740317334967
ma200_r0.125_c1.00_v20.70_v10.20,200,0.125,1.0,0.7,0.2,84.2981417018144,-13.510210881304985,39.03971852394197,76.84021543985638,6.822262118491921,46.15851068600809,86.69649748603062,30.908341194901645,-6.605756897741566,36.81318709006281,84.17266187050359,6.235011990407674,46.15851068600809,20.556529188702108
ma125_r0.250_c1.00_v20.40_v10.30,125,0.24999999999999997,1.0,0.4,0.3,84.25525465527166,-16.974249843171908,38.91835243916539,71.63375224416517,19.68880909634949,40.0,81.11470197866191,32.19251424134679,-6.6766504075568385,38.75298107332328,79.85611510791367,13.42925659472422,40.0,20.133421959570104
ma225_r0.275_c1.00_v20.40_v10.20,225,0.27499999999999997,1.0,0.4,0.2,84.18208368211107,-13.43282733178155,38.911601368752976,74.80550568521844,21.603830041891083,40.0,86.02566987840646,29.377352997294693,-7.0547678927710304,39.46830267207089,86.09112709832134,14.148681055155876,40.0,24.052278029818197
ma175_r0.275_c1.00_v20.85_v10.30,175,0.27499999999999997,1.0,0.85,0.3,84.16968853220472,-20.903215227231907,52.0748937919142,74.56612806702573,20.167564332734887,85.0,96.76861524349026,32.58953960264468,-14.162978731836795,56.290565664268335,83.21342925659472,14.148681055155876,85.0,28.11803689041337
ma200_r0.175_c1.00_v20.40_v10.30,200,0.175,1.0,0.4,0.3,84.14088704997668,-16.153991509300425,39.044989010022235,75.70317175344105,19.15020945541592,36.92680854880647,83.41937875026858,33.66352388123492,-5.54774239819682,36.06370396944057,84.17266187050359,13.42925659472422,36.92680854880647,17.932077929429454
ma150_r0.175_c1.00_v20.25_v10.30,150,0.175,1.0,0.25,0.3,84.13180746046096,-15.015579813393531,35.50869720335906,75.52363853979654,18.31238779174147,23.079255343004043,78.92072542057169,33.04028457074111,-5.065322943880812,32.55024619033375,81.5347721822542,13.42925659472422,23.079255343004043,17.417337345668717
ma150_r0.200_c1.00_v20.25_v10.30,150,0.19999999999999998,1.0,0.25,0.3,84.12962964550354,-15.216698985209575,36.14768467871149,75.16457211250747,19.389587073608617,25.0,79.36565113321663,32.90744547798064,-5.7113984418584955,33.79035333001076,80.57553956834532,13.42925659472422,25.0,18.0497750574921
ma250_r0.200_c1.00_v20.40_v10.10,250,0.19999999999999998,1.0,0.4,0.1,84.1198404597858,-12.430186479957783,36.225444657111936,75.28426092160383,20.885697187312985,40.0,82.49016177455776,29.685165667109658,-6.2850099780517805,35.31977858802568,88.2494004796163,13.42925659472422,40.0,22.136234661090697
ma75_r0.150_c1.00_v20.85_v10.10,75,0.15,1.0,0.85,0.1,84.09217408207934,-21.019659273620974,41.59534973980544,69.18013165769,14.841412327947337,66.35255668887805,88.93187978939008,33.90288580415739,-9.805175028969071,42.639523791005885,74.82014388489209,12.949640287769784,66.35255668887805,25.74244022421255
ma150_r0.300_c1.00_v20.70_v10.10,150,0.29999999999999993,1.0,0.7,0.1,84.08318825425849,-16.838130691384034,44.36914913349504,73.0101735487732,20.287253141831236,70.0,92.29681215795054,29.753189308010008,-12.692847996553258,48.088749386073786,79.61630695443645,15.347721822541965,70.0,28.33017677539886
ma175_r0.150_c1.00_v20.70_v10.30,175,0.15,1.0,0.7,0.3,84.05836113577065,-17.842481831426483,43.54788277020926,76.0622381807301,14.542190305206462,55.39021282320971,91.7636915126642,34.40784906949344,-7.474173400403384,41.92572806095706,84.17266187050359,13.189448441247004,55.39021282320971,21.542221479082357
ma250_r0.275_c1.00_v20.25_v10.30,250,0.27499999999999997,1.0,0.25,0.3,84.02024778521697,-14.90936538329054,38.806984300726214,75.70317175344105,22.022740873728306,25.0,81.08579620736788,31.55126543585476,-9.080993706839468,38.89179387529402,87.76978417266187,14.148681055155876,25.0,21.078171246316643
ma200_r0.275_c1.00_v20.70_v10.00,200,0.27499999999999997,1.0,0.7,0.0,84.00607185967077,-12.50708146683377,43.211281263646605,54.877318970676235,21.30460801915021,70.0,93.26915723047398,26.48377324890001,-12.499996036531947,46.67168914011036,67.14628297362111,14.628297362110313,70.0,28.850524322451328
ma100_r0.250_c1.00_v20.70_v10.00,100,0.24999999999999997,1.0,0.7,0.0,83.97562034677068,-16.506571036343075,40.816919498592455,52.42369838420108,19.449431478156793,70.0,85.97739065979594,27.64069763724841,-12.158511862491206,44.740477679480925,65.46762589928058,13.42925659472422,70.0,26.82441348782372
ma200_r0.150_c1.00_v20.55_v10.10,200,0.15,1.0,0.55,0.1,83.97247983676715,-12.145258878367414,37.281951986679196,76.00239377618193,14.721723518850988,43.520881503950484,86.56986778515619,29.07489149233202,-6.527464714419984,35.1713798237019,84.17266187050359,13.189448441247004,43.520881503950484,20.6366104850746
ma250_r0.200_c1.00_v20.55_v10.00,250,0.19999999999999998,1.0,0.55,0.0,83.9546443001309,-11.836288008729634,37.90207377839852,55.17654099341711,20.706163973668463,55.00000000000001,85.73760674709683,27.974180499826005,-9.570763679329009,38.760581472821166,70.26378896882494,13.42925659472422,55.00000000000001,25.354179660374243
ma225_r0.300_c1.00_v20.25_v10.30,225,0.29999999999999993,1.0,0.25,0.3,83.93489284669131,-14.985509263932551,38.708576747068236,75.40394973070018,22.142429682824655,25.0,81.86373555301566,31.52510147902534,-9.316530833245684,38.87179099343718,85.61151079136691,16.30695443645084,25.0,21.65543598930182
ma100_r0.125_c1.00_v20.55_v10.10,100,0.125,1.0,0.55,0.1,83.93267580964398,-13.615986001244362,32.79935013104699,70.8557749850389,6.941950927588271,35.30949750836497,77.55161951184247,27.80531694512087,-5.423300956752152,31.152757987004193,78.41726618705036,6.235011990407674,35.30949750836497,18.557855686678465
ma150_r0.150_c1.00_v20.40_v10.20,150,0.15,1.0,0.4,0.2,83.92563856902544,-14.281712529025848,34.93212161986028,74.08737283064033,14.961101137043686,31.651550184691263,81.64825141980798,30.797697391108958,-3.9551537188276975,32.17809154750281,79.85611510791367,13.189448441247004,31.651550184691263,18.490661349529596
ma250_r0.150_c1.00_v20.25_v10.30,250,0.15,1.0,0.25,0.3,83.91922560801535,-14.212034790990181,35.60074456247596,76.0622381807301,15.798922800718133,19.259725913653618,77.78232551732276,32.650556325444555,-5.54259563287367,32.470948373961846,88.00959232613909,13.189448441247004,19.259725913653618,17.02173867639636
ma125_r0.275_c1.00_v20.40_v10.30,125,0.27499999999999997,1.0,0.4,0.3,83.91590970077232,-16.98855109982097,39.207348531932425,71.573907839617,20.40694195092759,40.0,81.77653019538133,31.94761638015624,-6.9674369935586515,39.63984219525182,79.61630695443645,14.148681055155876,40.0,20.946764155527116
ma125_r0.150_c1.00_v20.85_v10.00,125,0.15,1.0,0.85,0.0,83.84461263793663,-18.140056760536417,42.755729072513624,56.01436265709157,15.020945541591862,67.25954414246893,90.0494227415004,29.31665236780947,-10.222641328067816,43.9108933956816,68.34532374100719,13.189448441247004,67.25954414246893,24.789031546189417
ma150_r0.175_c1.00_v20.55_v10.10,150,0.175,1.0,0.55,0.1,83.80247769079008,-14.820998887269187,38.10184833166964,73.72830640335128,17.953321364452425,50.7743617546089,86.53126086323171,29.75215893864931,-7.683235525108545,37.00039914289109,79.85611510791367,13.42925659472422,50.7743617546089,22.360221718403345
ma125_r0.125_c1.00_v20.70_v10.20,125,0.125,1.0,0.7,0.2,83.78393064583456,-15.950592002335728,38.025367396947395,73.36923997606223,6.822262118491921,46.15851068600809,85.10354777902054,30.510008512628552,-6.605756897741566,36.26964616946227,81.29496402877699,6.235011990407674,46.15851068600809,20.189853021169203
ma125_r0.250_c1.00_v20.55_v10.20,125,0.24999999999999997,1.0,0.55,0.2,83.76343142206481,-17.212084470041777,40.727088309409595,71.63375224416517,19.269898264512268,55.00000000000001,89.76187940604888,30.508775818862112,-8.533876582832978,41.57919018022728,79.85611510791367,13.42925659472422,55.00000000000001,24.11710056654974
ma125_r0.275_c1.00_v20.55_v10.20,125,0.27499999999999997,1.0,0.55,0.2,83.75194436776712,-17.226342501643533,41.01720082219362,71.573907839617,19.988031119090365,55.00000000000001,90.3505291984848,30.330076999642518,-8.829892848525278,42.46600020788366,79.61630695443645,14.148681055155876,55.00000000000001,24.850914456182522
ma100_r0.125_c1.00_v20.40_v10.20,100,0.125,1.0,0.4,0.2,83.7427264826859,-13.292064751358101,31.43960942436108,70.8557749850389,7.001795332136446,25.67963455153816,74.26376405379887,29.462221270243628,-3.2892635419669025,29.11617289207642,78.41726618705036,6.235011990407674,25.67963455153816,16.868919204449448
ma225_r0.200_c1.00_v20.55_v10.10,225,0.19999999999999998,1.0,0.55,0.1,83.68170088944457,-13.749357168496502,39.48184720927817,75.10472770795931,20.287253141831236,55.00000000000001,87.7953838198923,28.40667925949367,-8.343271507510098,39.54598214447952,86.57074340527578,13.42925659472422,55.00000000000001,24.33080672549531
ma75_r0.125_c1.00_v20.55_v10.30,75,0.125,1.0,0.55,0.3,83.67485899170349,-16.683513538859362,34.54816807758437,69.35966487133453,6.822262118491921,35.30949750836497,83.01176157479102,34.099325907222735,-3.8841626201703727,32.19839954678277,75.0599520383693,5.755395683453238,35.30949750836497,18.984176303602787
ma150_r0.300_c1.00_v20.85_v10.00,150,0.29999999999999993,1.0,0.85,0.0,83.66198527462284,-18.15404794114156,47.25314535017288,54.7576301615799,20.40694195092759,85.0,92.0929652508575,28.501499542673358,-14.176412567873342,53.38676986683084,67.14628297362111,15.587529976019185,85.0,30.868345854463232
ma200_r0.225_c1.00_v20.70_v10.00,200,0.22499999999999998,1.0,0.7,0.0,83.65527846460128,-12.306916327905926,42.512797659841276,54.99700777977259,20.107719928186714,70.0,92.11598468990493,26.80312721996414,-11.612711640417828,44.5911157980279,67.62589928057554,13.42925659472422,70.0,27.438239174560636
ma225_r0.175_c1.00_v20.55_v10.10,225,0.175,1.0,0.55,0.1,83.63457437902963,-13.903218010645668,38.67834507481563,75.22441651705566,19.03052064631957,50.7743617546089,86.79113424687004,29.008659321305608,-7.683235525108545,37.88699027450001,86.57074340527578,13.42925659472422,50.7743617546089,22.963860427273275
ma225_r0.250_c1.00_v20.25_v10.30,225,0.24999999999999997,1.0,0.25,0.3,83.62009338560487,-14.97086060086068,38.24290159802278,75.40394973070018,20.885697187312985,25.0,80.48681399084035,31.425986560754836,-8.765811134878653,37.41883302409487,85.61151079136691,13.42925659472422,25.0,20.14384404338761
ma150_r0.125_c1.00_v20.85_v10.10,150,0.125,1.0,0.85,0.1,83.59533800376049,-16.091334401473468,40.828987803338634,74.6259724715739,6.822262118491921,56.04962011872412,85.3069422763229,29.26724305825401,-8.156195734587357,40.10342417341789,79.85611510791367,6.235011990407674,56.04962011872412,22.717363063676174
ma225_r0.150_c1.00_v20.25_v10.30,225,0.15,1.0,0.25,0.3,83.54812062176042,-14.172642856508999,35.332371769233845,75.76301615798923,15.260323159784562,19.78221886543204,77.67306478297934,32.158667229159875,-5.54259563287367,31.957291264980913,85.85131894484412,13.189448441247004,19.78221886543204,16.871973930452256
ma150_r0.200_c1.00_v20.55_v10.10,150,0.19999999999999998,1.0,0.55,0.1,83.50447021595177,-14.869330795649638,38.8698484299326,73.4290843806104,19.03052064631957,55.00000000000001,87.70399255145094,29.26191479940008,-8.343271507510098,38.53400101930269,79.85611510791367,13.42925659472422,55.00000000000001,23.640933915358254
ma150_r0.150_c1.00_v20.55_v10.10,150,0.15,1.0,0.55,0.1,83.50044895905584,-14.187926521266558,36.71326202623461,74.08737283064033,14.661879114302812,43.520881503950484,84.6370182153888,29.262649073467006,-6.527464714419984,34.941583698082844,79.85611510791367,13.189448441247004,43.520881503950484,20.631749010764963
ma75_r0.250_c1.00_v20.85_v10.10,75,0.24999999999999997,1.0,0.85,0.1,83.48055375830408,-21.865339431998464,45.098831657968496,67.56433273488929,18.731298623578695,85.0,91.95803310011773,33.38492620180493,-13.794344836783612,49.681290376176044,74.82014388489209,13.189448441247004,85.0,29.641763631274813
ma250_r0.175_c1.00_v20.40_v10.10,250,0.175,1.0,0.4,0.1,83.44132222882395,-12.551136883106729,35.56334914649785,75.40394973070018,19.68880909634949,35.95148837215342,81.67749388282962,29.99821455422438,-5.516642800870808,33.91420168622547,88.2494004796163,13.42925659472422,35.95148837215342,21.02256385198074
ma225_r0.275_c1.00_v20.25_v10.30,225,0.27499999999999997,1.0,0.25,0.3,83.41818025351712,-14.985509263932439,38.51938299102307,75.40394973070018,21.603830041891083,25.0,81.18579620736789,31.223339675393056,-9.080993706839468,38.266897499960805,85.61151079136691,14.148681055155876,25.0,20.97817124631664
ma175_r0.250_c1.00_v20.85_v10.30,175,0.24999999999999997,1.0,0.85,0.3,83.36777788164606,-20.88959485927426,51.71669131051125,74.6259724715739,19.449431478156793,85.0,96.41811474397173,32.293656291115134,-14.068464029520477,55.22193733356124,83.45323741007195,13.42925659472422,85.0,27.617914440132033
ma150_r0.175_c1.00_v20.85_v10.00,150,0.175,1.0,0.85,0.0,83.36177451705578,-17.46427469594254,44.75950308810532,55.65529622980251,17.953321364452425,78.46946816621374,88.97452535703474,30.10233787766776,-11.957210017018326,47.02530703690797,68.10551558752998,13.42925659472422,78.46946816621374,27.333329253280343
ma150_r0.225_c1.00_v20.40_v10.20,150,0.22499999999999998,1.0,0.4,0.2,83.33925432387366,-14.76757735722064,37.306772566215365,73.12986235786954,19.389587073608617,40.0,85.0150220408938,30.375718458455925,-5.885318621217839,36.26740505224939,79.85611510791367,13.42925659472422,40.0,21.688465653061595
ma200_r0.300_c1.00_v20.55_v10.10,200,0.29999999999999993,1.0,0.55,0.1,83.33156771760319,-12.54292001936892,40.88433331651512,74.86535008976661,21.543985637342907,55.00000000000001,92.32589352962496,27.705871976680974,-10.272837068484842,42.52757687248508,82.9736211031175,15.347721822541965,55.00000000000001,26.56681511560356
ma75_r0.125_c1.00_v20.70_v10.30,75,0.125,1.0,0.7,0.3,83.32547003464188,-18.220732129595962,37.579617226118486,70.19748653500898,6.702573309395571,44.93936046519178,85.87854715640826,35.144632154773504,-6.101276678913525,35.85047122710501,75.0599520383693,5.755395683453238,44.93936046519178,20.891089299814738
ma175_r0.225_c1.00_v20.85_v10.20,175,0.22499999999999998,1.0,0.85,0.2,83.30384888033204,-19.824516051072617,49.60513285754536,74.86535008976661,19.090365050867746,85.0,95.70378551773955,32.093135179609874,-12.844020482427254,52.519268450356535,83.93285371702638,13.42925659472422,85.0,27.891355684327053
ma250_r0.225_c1.00_v20.40_v10.10,250,0.22499999999999998,1.0,0.4,0.1,83.29329144395878,-12.297995048829913,36.67370654624281,75.04488330341114,20.885697187312985,40.0,83.2600759244748,28.84154342591332,-7.048512412516283,36.43370688891436,88.2494004796163,13.42925659472422,40.0,23.024288329594512
ma125_r0.150_c1.00_v20.70_v10.10,125,0.15,1.0,0.7,0.1,83.28671979015172,-16.963923057246323,40.0268734214775,72.77079593058049,14.721723518850988,55.39021282320971,88.34035799858293,30.232668645492854,-8.366640593177655,39.50707945245872,81.29496402877699,13.189448441247004,55.39021282320971,22.106007741244994
ma200_r0.225_c1.00_v20.55_v10.10,200,0.22499999999999998,1.0,0.55,0.1,83.28021055488703,-12.344262793709959,40.041029240302336,75.16457211250747,20.167564332734887,55.00000000000001,90.48246265565177,28.01918853514802,-9.040807806312534,39.99808978394099,84.17266187050359,13.42925659472422,55.00000000000001,24.47902359924163
ma175_r0.300_c1.00_v20.70_v10.30,175,0.29999999999999993,1.0,0.7,0.3,83.2559277951062,-19.16465809726653,47.89176650121881,74.56612806702573,20.46678635547576,70.0,97.00340729504757,33.08448026544644,-11.74668400762634,50.85326326258327,83.21342925659472,15.347721822541965,70.0,27.174032853675172
ma75_r0.200_c1.00_v20.25_v10.30,75,0.19999999999999998,1.0,0.25,0.3,83.25196628421206,-16.28160278691537,34.21548394783447,68.64153201675643,18.91083183722322,25.0,80.60288571254968,35.189245790768965,-5.031600360346045,32.29324629782914,75.0599520383693,13.189448441247004,25.0,18.871262842240647
ma175_r0.175_c1.00_v20.70_v10.20,175,0.175,1.0,0.7,0.2,83.23784027218417,-18.12580981282571,43.870269323995444,75.64332734889288,17.89347695990425,64.62191496041132,93.03219330542456,33.423316860345295,-9.40132286810076,43.46596293142553,84.17266187050359,13.42925659472422,64.62191496041132,24.022730247746992
ma225_r0.150_c1.00_v20.85_v10.00,225,0.15,1.0,0.85,0.0,83.1977045441932,-16.33283951270068,43.08256215858795,56.193895870736085,15.260323159784562,67.25954414246893,88.53512084568219,28.300277054461766,-10.76904973619076,45.05626834783772,71.46282973621103,13.189448441247004,67.25954414246893,25.969631612615462
ma225_r0.125_c1.00_v20.40_v10.30,225,0.125,1.0,0.4,0.3,83.18858420526854,-12.898972739639492,34.69001868234259,76.42130460801914,7.1813285457809695,26.376291820576053,76.24528167503132,30.971363670092256,-4.399797578306197,31.42125049064863,86.57074340527578,6.235011990407674,26.376291820576053,16.37022059323915
ma175_r0.150_c1.00_v20.55_v10.30,175,0.15,1.0,0.55,0.3,83.17239574212482,-16.102198855637607,39.958190836236746,76.0622381807301,14.661879114302812,43.520881503950484,88.82294675822119,33.20562204888675,-5.405016286639686,37.419397839834126,84.17266187050359,13.189448441247004,43.520881503950484,19.860105762982663
ma225_r0.150_c1.00_v20.55_v10.10,225,0.15,1.0,0.55,0.1,83.16450043396209,-13.399119923132197,37.19290323128298,75.40394973070018,15.080789946140035,43.520881503950484,84.85589546507684,28.629187451258286,-6.527464714419984,35.701518953747616,86.57074340527578,13.189448441247004,43.520881503950484,21.149153618367762
ma150_r0.225_c1.00_v20.70_v10.10,150,0.22499999999999998,1.0,0.7,0.1,83.1497235606896,-16.649224740727618,43.431067039719274,73.07001795332137,18.91083183722322,70.0,90.73756733354537,29.783257754553304,-11.338183004008794,45.27387963192341,79.85611510791367,13.42925659472422,70.0,26.501995690478292
ma225_r0.225_c1.00_v20.70_v10.10,225,0.22499999999999998,1.0,0.7,0.1,83.14097809004923,-15.265402749008727,43.92896303606646,74.86535008976661,20.167564332734887,70.0,91.00761309687138,28.1759631089038,-11.414583493946651,46.591685591230885,86.57074340527578,13.42925659472422,70.0,27.483964174476473
ma75_r0.125_c1.00_v20.85_v10.20,75,0.125,1.0,0.85,0.2,83.08714578233707,-19.538777811288334,39.65756807235504,70.19748653500898,6.702573309395571,54.56922342201859,86.57703822098203,33.609354448706675,-7.797320565636623,39.080211509515976,75.0599520383693,5.755395683453238,54.56922342201859,23.390610007446707
ma125_r0.125_c1.00_v20.85_v10.10,125,0.125,1.0,0.85,0.1,83.08559361243854,-17.187643912177208,40.46459723308909,73.24955116696589,6.822262118491921,56.04962011872412,86.59403760255273,28.68807238145319,-8.156195734587357,39.898453303839844,81.29496402877699,6.235011990407674,56.04962011872412,22.3895084247255
ma150_r0.125_c1.00_v20.55_v10.20,150,0.125,1.0,0.55,0.2,83.07098960979292,-13.83297757975207,35.1527174109672,74.74566128067026,6.941950927588271,36.26740125329208,82.97651111028507,29.79173203960577,-4.430797797662089,32.40816161237328,79.85611510791367,6.235011990407674,36.26740125329208,18.89153057143733
ma250_r0.125_c1.00_v20.70_v10.00,250,0.125,1.0,0.7,0.0,83.04785944017661,-11.741691925503972,36.21859476494439,57.390783961699576,7.241172950329144,48.93541277472371,82.18935840432903,28.319622802774624,-7.323787074125643,36.132509743837495,71.94244604316546,6.235011990407674,48.93541277472371,22.001876917336332
ma225_r0.125_c1.00_v20.55_v10.20,225,0.125,1.0,0.55,0.2,83.03976187033359,-13.080427946275552,35.67384861206237,76.42130460801914,7.121484141232795,36.26740125329208,82.49512499386509,29.59629582636265,-4.430797797662089,33.232937763443125,86.57074340527578,6.235011990407674,36.26740125329208,19.32675230636435
ma250_r0.225_c1.00_v20.55_v10.00,250,0.22499999999999998,1.0,0.55,0.0,83.035413405207,-11.819997618011202,38.37366354012044,54.69778575703172,20.706163973668463,55.00000000000001,86.60225329778864,27.003575815879955,-10.213447914967155,39.93475764917001,69.7841726618705,13.42925659472422,55.00000000000001,26.35608832417762
ma200_r0.250_c1.00_v20.70_v10.00,200,0.24999999999999997,1.0,0.7,0.0,83.00671112620024,-12.49201291213492,42.91766399083398,54.937163375224415,20.46678635547576,70.0,92.77739065979594,26.197836117062923,-12.158511862491206,45.74849697572931,67.38609112709833,13.42925659472422,70.0,28.22441348782372
ma125_r0.175_c1.00_v20.70_v10.10,125,0.175,1.0,0.7,0.1,82.92894424118427,-17.945125062936917,41.57453067186261,72.5314183123878,17.953321364452425,64.62191496041132,90.19166779338667,30.735781489113336,-9.810666279077962,41.94245686398829,81.29496402877699,13.42925659472422,64.62191496041132,23.978222313910123
ma175_r0.275_c1.00_v20.85_v10.20,175,0.27499999999999997,1.0,0.85,0.2,82.90384964994244,-19.984133989043627,50.44727076388441,74.56612806702573,20.167564332734887,85.0,96.61776689115541,31.42637505374488,-13.986689697076116,54.985031168712275,83.21342925659472,14.148681055155876,85.0,29.104277273371356
ma225_r0.125_c1.00_v20.85_v10.10,225,0.125,1.0,0.85,0.1,82.87812076453984,-15.642137797032207,40.92281301642726,76.42130460801914,7.001795332136446,56.04962011872412,85.79115513189129,28.266934328728844,-8.444358768352645,40.97767588497751,86.57074340527578,6.235011990407674,56.04962011872412,23.381507721508726
ma250_r0.300_c1.00_v20.40_v10.10,250,0.29999999999999993,1.0,0.4,0.1,82.79134867921549,-12.497385799387317,37.51827060612285,74.92519449431478,22.381807301017353,40.0,85.63961585972466,28.18820634844301,-8.226708858093424,39.061411002989175,87.76978417266187,15.827338129496402,40.0,25.64406829930979
ma150_r0.275_c1.00_v20.70_v10.10,150,0.27499999999999997,1.0,0.7,0.1,82.78493896643737,-16.838130691383824,44.159520276231646,73.0101735487732,19.988031119090365,70.0,91.87923611798576,29.160975711574967,-12.499996036531936,47.41818371373148,79.61630695443645,14.148681055155876,70.0,27.90977267323541
ma75_r0.175_c1.00_v20.25_v10.30,75,0.175,1.0,0.25,0.3,82.77993055959065,-16.291330630636203,33.641635342652,68.7013764213046,18.13285457809695,22.469680232595888,80.36107456233762,35.10561533085686,-4.413882396983548,31.197954825067352,75.0599520383693,13.189448441247004,22.469680232595888,18.33950222934176
ma250_r0.125_c1.00_v20.40_v10.20,250,0.125,1.0,0.4,0.2,82.77933173587833,-11.668594462347459,33.085072885460534,76.5409934171155,7.4207061639736684,25.67963455153816,78.08753915649324,30.05370381893677,-3.446684239711739,30.434529627849027,88.2494004796163,6.235011990407674,25.67963455153816,17.792852847674062
ma200_r0.225_c1.00_v20.40_v10.30,200,0.22499999999999998,1.0,0.4,0.3,82.72977545260358,-16.06303561139344,40.30188807826477,75.344105326152,20.40694195092759,40.0,84.09673783880294,32.509954725386116,-6.943501930925045,38.80130593140632,84.17266187050359,13.42925659472422,40.0,19.214931532891715
ma250_r0.300_c0.75_v20.85_v10.30,250,0.29999999999999993,0.75,0.85,0.3,82.71507981796378,-11.698088598638122,39.61192753091217,74.74566128067026,0.0,63.74999999999999,67.99740656174988,31.671839358022535,-10.70408985964657,45.39334600518926,86.810551558753,0.0,63.74999999999999,22.603297973518806
ma250_r0.300_c1.00_v20.55_v10.00,250,0.29999999999999993,1.0,0.55,0.0,82.70857126890616,-12.02428460164191,39.230329415530576,54.51825254338719,22.142429682824655,55.00000000000001,88.66736063052173,26.092282688675006,-11.502349338657092,42.61334693251549,69.06474820143885,15.587529976019185,55.00000000000001,28.65143043285485
ma250_r0.150_c1.00_v20.40_v10.10,250,0.15,1.0,0.4,0.1,82.6965012461726,-12.162956689297943,34.249995343033255,75.52363853979654,15.61938958707361,30.815561461845792,79.84471009204361,29.36830140869089,-4.743388819478622,32.09622851017817,88.2494004796163,13.189448441247004,30.815561461845792,19.45212765676466
ma75_r0.200_c1.00_v20.55_v10.10,75,0.19999999999999998,1.0,0.55,0.1,82.69078015363462,-17.846851695215506,36.60412945626411,67.92339916217833,18.491921005385997,55.00000000000001,86.73159293136834,31.973397737595466,-8.343271507510075,36.81084369888467,74.82014388489209,13.189448441247004,55.00000000000001,23.79176858873025
ma150_r0.300_c1.00_v20.40_v10.20,150,0.29999999999999993,1.0,0.4,0.2,82.6810418915697,-14.96891031824854,38.125921894293036,73.07001795332137,20.885697187312985,40.0,87.13353569026063,30.04420596972983,-6.977921814811394,38.73247444002262,79.61630695443645,15.827338129496402,40.0,24.050644715359155
ma175_r0.225_c1.00_v20.55_v10.30,175,0.22499999999999998,1.0,0.55,0.3,82.67515100416591,-17.19424266622893,42.959348160074015,74.92519449431478,19.15020945541592,55.00000000000001,92.21375496617667,32.31215905361871,-8.047541161304606,42.74874268606222,83.93285371702638,13.42925659472422,55.00000000000001,23.1066259240965
ma150_r0.150_c1.00_v20.25_v10.30,150,0.15,1.0,0.25,0.3,82.64905353039585,-14.012118776190563,34.2580611067751,75.70317175344105,14.961101137043686,19.78221886543204,77.75667590806263,32.196086732726,-4.340459566256605,30.918081491883402,81.5347721822542,13.189448441247004,19.78221886543204,16.501552229526368
ma125_r0.300_c1.00_v20.85_v10.00,125,0.29999999999999993,1.0,0.85,0.0,82.59245300691825,-19.120325160156636,46.94507427255224,54.099341711549975,20.347097546379413,85.0,95.32214590598865,28.244350661176277,-14.176412567873342,53.243396315981684,65.94724220623502,15.587529976019185,85.0,30.697526509594383
ma150_r0.225_c1.00_v20.25_v10.30,150,0.22499999999999998,1.0,0.25,0.3,82.58241586999529,-15.202738670563631,36.583600205368704,74.92519449431478,19.389587073608617,25.0,79.97835208854887,32.20384005589998,-6.3730224528472545,34.83542655709801,80.0959232613909,13.42925659472422,25.0,18.776540106923836
ma225_r0.300_c1.00_v20.70_v10.10,225,0.29999999999999993,1.0,0.7,0.1,82.5120231514039,-15.452549698460627,44.94414802944086,74.74566128067026,21.543985637342907,70.0,92.8454935212569,26.897382911976276,-13.116371188648934,49.68738088951242,86.09112709832134,15.347721822541965,70.0,29.634832023781456
ma75_r0.200_c1.00_v20.70_v10.10,75,0.19999999999999998,1.0,0.7,0.1,82.50943907468968,-19.831829737515825,40.27185626382723,67.92339916217833,18.372232196289648,70.0,89.6833573575125,33.68403170922416,-10.619502710130767,41.914805718346884,74.82014388489209,13.189448441247004,70.0,26.179188730530367
ma75_r0.200_c1.00_v20.40_v10.20,75,0.19999999999999998,1.0,0.4,0.2,82.49642485206428,-17.136673594959284,34.88695754386348,67.56433273488929,18.91083183722322,40.0,83.6302293462409,33.343374916737424,-5.2454059815233105,33.783980526835734,74.82014388489209,13.189448441247004,40.0,21.166738124723363
ma100_r0.125_c1.00_v20.25_v10.30,100,0.125,1.0,0.25,0.3,82.49112194467094,-13.13766831537767,30.78876805673024,71.39437462597246,7.001795332136446,16.04977159471135,71.32770633454693,31.383724443697346,-3.6805148506200536,28.031401383797732,78.65707434052757,6.235011990407674,16.04977159471135,15.46348993026905
ma150_r0.125_c1.00_v20.40_v10.30,150,0.125,1.0,0.4,0.3,82.48391717145228,-13.681237130133372,33.895265916435235,75.10472770795931,7.001795332136446,26.376291820576053,77.20667338649532,30.787597712882263,-3.388052789537943,30.522382404491882,81.29496402877699,6.235011990407674,26.376291820576053,16.04743470546921
ma75_r0.175_c1.00_v20.55_v10.10,75,0.175,1.0,0.55,0.1,82.46593593301445,-17.789837888014425,35.889953940051974,67.98324356672651,17.65409934171155,49.43329651171096,86.03495620718873,32.131995769265046,-7.683235525108523,35.418871809447076,74.82014388489209,13.189448441247004,49.43329651171096,22.8160999865152
ma200_r0.125_c1.00_v20.70_v10.10,200,0.125,1.0,0.7,0.1,82.45623633513952,-12.444041523880333,37.72115601022031,76.84021543985638,6.822262118491921,46.15851068600809,85.71525844665994,28.07924240600135,-6.963681478629081,35.99595705737709,84.17266187050359,6.235011990407674,46.15851068600809,20.99045286854753
ma100_r0.150_c1.00_v20.55_v10.00,100,0.15,1.0,0.55,0.0,82.42682367248864,-14.810291606490612,34.29022266960697,53.97965290245362,15.320167564332735,43.520881503950484,80.40168964939035,26.994493036641074,-7.617088768155689,33.80065070143778,67.62589928057554,13.189448441247004,43.520881503950484,20.603464736960404
ma175_r0.200_c1.00_v20.70_v10.20,175,0.19999999999999998,1.0,0.7,0.2,82.4165365545841,-18.0295643382851,44.79382754319342,75.22441651705566,19.090365050867746,70.0,94.15405054595533,32.52396811710332,-10.262954674269832,45.36988128602214,84.17266187050359,13.42925659472422,70.0,25.348020226931695
ma125_r0.200_c1.00_v20.70_v10.10,125,0.19999999999999998,1.0,0.7,0.1,82.4039578804743,-18.057153795438154,42.47760515112403,72.0526630760024,18.850987432675044,70.0,91.45050082093749,30.35085118623757,-10.619502710130767,43.78339045932453,80.3357314148681,13.42925659472422,70.0,25.356629633662532
ma200_r0.275_c1.00_v20.55_v10.10,200,0.27499999999999997,1.0,0.55,0.1,82.4036682169889,-12.542920019368985,40.697641348862334,74.86535008976661,21.244763614602036,55.00000000000001,91.80066752262525,27.27310317880478,-10.068780729712511,41.920403179679276,82.9736211031175,14.148681055155876,55.00000000000001,26.038141515615813
ma75_r0.175_c1.00_v20.70_v10.10,75,0.175,1.0,0.7,0.1,82.38674837383233,-19.777200716058417,39.444458573916904,67.98324356672651,17.5344105326152,62.915104651268486,89.0075619081563,33.78375062390375,-9.810666279077928,40.26594294004065,74.82014388489209,13.189448441247004,62.915104651268486,25.182194234484918
ma175_r0.175_c1.00_v20.85_v10.10,175,0.175,1.0,0.85,0.1,82.36838253584769,-19.581188441599227,46.46196174973805,75.64332734889288,17.89347695990425,78.46946816621374,93.26128905845741,32.118992512513955,-11.473484903821507,47.79239535031287,84.17266187050359,13.42925659472422,78.46946816621374,26.612801897998196
ma100_r0.200_c1.00_v20.25_v10.20,100,0.19999999999999998,1.0,0.25,0.2,82.32399930050336,-14.896928048896008,33.051985346514094,69.47935368043088,19.50927588270497,25.0,72.43955931863091,31.477783463579478,-4.999740504041839,31.44355906382344,78.41726618705036,13.42925659472422,25.0,17.414049232280306
ma225_r0.225_c1.00_v20.55_v10.10,225,0.22499999999999998,1.0,0.55,0.1,82.321403415052,-13.51971221823458,39.98864433799606,74.86535008976661,20.287253141831236,55.00000000000001,88.52755655781897,27.16000388687203,-9.040807806312534,40.775272385808876,86.57074340527578,13.42925659472422,55.00000000000001,25.24783829918137
ma150_r0.275_c1.00_v20.85_v10.00,150,0.27499999999999997,1.0,0.85,0.0,82.30236926790802,-18.15404794114156,47.025514543150884,54.7576301615799,20.167564332734887,85.0,91.85563227952578,28.028191906574797,-13.986689697076127,52.647760308377045,67.14628297362111,14.628297362110313,85.0,30.633006605498274
ma200_r0.150_c1.00_v20.40_v10.30,200,0.15,1.0,0.4,0.3,82.29629364186908,-15.255435915864524,37.55600400696004,76.12208258527828,14.90125673249551,31.651550184691263,81.74627495805068,32.705143638709245,-4.7558963396016285,34.096883290059374,84.17266187050359,13.189448441247004,31.651550184691263,16.89176352390207
ma100_r0.200_c1.00_v20.40_v10.10,100,0.19999999999999998,1.0,0.4,0.1,82.27550896261582,-15.102050217937368,34.348702916595855,69.47935368043088,19.50927588270497,40.0,79.09078196639013,28.72898342155907,-6.2850099780517805,33.72727257323371,78.41726618705036,13.42925659472422,40.0,20.822005448462164
ma75_r0.300_c1.00_v20.70_v10.10,75,0.29999999999999993,1.0,0.7,0.1,82.2733962203984,-19.946143282743034,41.641813549770404,67.50448833034112,19.748653500897667,70.0,91.39033369007774,32.722288745736996,-12.69284799655328,45.56770224563576,74.58033573141488,15.107913669064748,70.0,28.30167625070147
ma150_r0.200_c1.00_v20.85_v10.00,150,0.19999999999999998,1.0,0.85,0.0,82.26733644092046,-17.800432610221627,45.70355847383749,55.41591861160982,18.970676241771393,85.0,90.33379099385047,29.055389931188593,-12.787124762564195,49.03398691352161,68.10551558752998,13.42925659472422,85.0,28.818403179485248
ma200_r0.250_c1.00_v20.55_v10.10,200,0.24999999999999997,1.0,0.55,0.1,82.26537272443335,-12.527855253018839,40.417942610500134,74.92519449431478,20.526630760023938,55.00000000000001,91.17755409433822,27.39471207894009,-9.77679356670922,41.04993186326607,83.21342925659472,13.42925659472422,55.00000000000001,25.275583196014374
ma175_r0.150_c1.00_v20.70_v10.20,175,0.15,1.0,0.7,0.2,82.26002029007104,-17.36775095879529,42.14356302392976,76.0622381807301,14.542190305206462,55.39021282320971,90.89501544740253,32.86515922781377,-7.938945715235257,40.87485814613668,84.17266187050359,13.189448441247004,55.39021282320971,22.142051036668096
ma100_r0.125_c1.00_v20.70_v10.00,100,0.125,1.0,0.7,0.0,82.24431884345007,-14.359570264990607,34.87679816170646,55.83482944344704,6.822262118491921,46.15851068600809,79.59322588079957,26.71191618110189,-7.323787074125643,34.69801029605663,67.86570743405275,6.235011990407674,46.15851068600809,20.47256435113013
ma100_r0.300_c0.75_v20.85_v10.30,100,0.29999999999999993,0.75,0.85,0.3,82.23747165912411,-13.54714812011012,37.54717018944402,69.18013165769,0.0,63.74999999999999,63.66724649249191,30.559842462024477,-10.70408985964657,42.02266880620674,77.6978417266187,0.0,63.74999999999999,20.07313790426084
ma150_r0.300_c1.00_v20.55_v10.10,150,0.29999999999999993,1.0,0.55,0.1,82.2353946886534,-15.122957897684309,40.18134853265208,73.0101735487732,20.40694195092759,55.00000000000001,90.32589352962496,27.94830031062383,-10.272837068484842,42.19184545761698,79.61630695443645,15.347721822541965,55.00000000000001,26.56681511560356
ma250_r0.250_c1.00_v20.40_v10.10,250,0.24999999999999997,1.0,0.4,0.1,82.22846489060282,-12.48231080238693,37.038437693426495,74.98503889886295,21.244763614602036,40.0,84.0800184934262,28.19767692656918,-7.718171686022091,37.47738648622254,88.00959232613909,13.42925659472422,40.0,23.947665927581866
ma175_r0.300_c1.00_v20.85_v10.10,175,0.29999999999999993,1.0,0.85,0.1,82.22177017455745,-19.429983141449192,49.104525166093985,74.56612806702573,20.46678635547576,85.0,96.48568767609325,30.35806336777307,-14.176412567873363,54.50123735880933,83.21342925659472,15.347721822541965,85.0,30.211495325011295
ma150_r0.250_c1.00_v20.40_v10.20,150,0.24999999999999997,1.0,0.4,0.2,82.21515738486296,-14.954261116809198,37.66103915137113,73.12986235786954,19.748653500897667,40.0,85.75564224648679,29.87019254126877,-6.462457059328763,37.24934610688827,79.85611510791367,13.42925659472422,40.0,22.517170168570285
ma250_r0.275_c1.00_v20.40_v10.10,250,0.27499999999999997,1.0,0.4,0.1,82.19876237597363,-12.49738579938744,37.324396988256495,74.92519449431478,21.962896469180134,40.0,84.87837836162203,27.975970643679936,-8.016057046755808,38.399899815292784,87.76978417266187,14.148681055155876,40.0,24.882432520340053
ma175_r0.150_c1.00_v20.85_v10.10,175,0.15,1.0,0.85,0.1,82.16316705209647,-18.854048659241652,44.619184478706444,76.0622381807301,14.542190305206462,67.25954414246893,90.97969951501454,31.524948877885038,-9.805175028969071,44.86641234841503,84.17266187050359,13.189448441247004,67.25954414246893,24.465810549157816
ma175_r0.200_c1.00_v20.85_v10.10,175,0.19999999999999998,1.0,0.85,0.1,82.1562414203355,-19.401992259722654,47.463496210968536,75.22441651705566,19.090365050867746,85.0,94.58418173904843,31.478039725555984,-12.36724108943391,49.911932025574316,84.17266187050359,13.42925659472422,85.0,28.07345070444936
ma250_r0.275_c1.00_v20.55_v10.00,250,0.27499999999999997,1.0,0.55,0.0,82.15334297520505,-12.024284601642021,39.03730443948864,54.51825254338719,21.903052064631957,55.00000000000001,88.15131987092272,26.01614202549838,-11.301090815817572,41.95189743679262,69.06474820143885,14.628297362110313,55.00000000000001,28.136679728904912
ma150_r0.275_c1.00_v20.40_v10.20,150,0.27499999999999997,1.0,0.4,0.2,82.14579198837303,-14.968910318248628,37.939260260142404,73.07001795332137,20.46678635547576,40.0,86.46156448998869,29.743352078974894,-6.764403468129377,38.12035704664219,79.61630695443645,14.148681055155876,40.0,23.36888718542731
ma200_r0.150_c1.00_v20.55_v10.00,200,0.15,1.0,0.55,0.0,82.12991833292466,-11.01643005915186,35.928416933398935,56.49311789347696,15.020945541591862,43.520881503950484,86.04043317270106,26.429128106928033,-7.617088768155689,34.45018559043862,69.54436450839329,13.189448441247004,43.520881503950484,21.4958291408703
ma150_r0.225_c1.00_v20.55_v10.10,150,0.22499999999999998,1.0,0.55,0.1,82.10856622330903,-14.92759603612166,39.34275557819522,73.07001795332137,19.03052064631957,55.00000000000001,88.47898560794053,28.27178625221265,-9.040807806312534,39.66942531791992,79.85611510791367,13.42925659472422,55.00000000000001,24.475546551530392
ma125_r0.300_c1.00_v20.70_v10.10,125,0.29999999999999993,1.0,0.7,0.1,82.08179135863443,-18.16560372499665,43.998113825296365,71.51406343506882,20.227408737283064,70.0,93.89681215795055,29.414723257174668,-12.692847996553258,48.040787755378346,79.61630695443645,15.347721822541965,70.0,28.130176775398862
ma200_r0.125_c1.00_v20.55_v10.30,200,0.125,1.0,0.55,0.3,82.0768785655629,-13.841367841569374,37.159280912420414,76.95990424895272,6.941950927588271,36.26740125329208,85.22770846509509,31.807954650513803,-3.8841626201703727,33.82086583090468,84.17266187050359,6.235011990407674,36.26740125329208,18.37167590862632
ma175_r0.225_c1.00_v20.70_v10.30,175,0.22499999999999998,1.0,0.7,0.3,82.06016738693445,-19.000848891250634,46.915824126324246,74.86535008976661,19.090365050867746,70.0,95.59910251140442,32.36703780339067,-11.070036876496726,48.05799812029235,83.93285371702638,13.42925659472422,70.0,25.461698114618592
ma150_r0.250_c1.00_v20.70_v10.10,150,0.24999999999999997,1.0,0.7,0.1,82.01681231243718,-16.823808055934474,43.849812799998055,73.07001795332137,19.269898264512268,70.0,91.36261645375686,28.952186467770225,-12.065174263962419,46.45737766745569,79.85611510791367,13.42925659472422,70.0,27.254338793850373
ma250_r0.250_c1.00_v20.55_v10.00,250,0.24999999999999997,1.0,0.55,0.0,82.01341050067599,-12.009130498655141,38.754377890594625,54.57809694793537,21.06523040095751,55.00000000000001,87.46572033293114,26.231126235801373,-11.013111194306358,41.03959344844459,69.30455635491607,13.42925659472422,55.00000000000001,27.316372948236072
ma100_r0.150_c1.00_v20.40_v10.10,100,0.15,1.0,0.4,0.1,82.00634151388913,-14.5026724224252,32.60717744810673,70.01795332136446,15.320167564332735,30.815561461845792,76.68456938084253,28.498148463635964,-4.743388819478622,30.847990430204238,78.41726618705036,13.189448441247004,30.815561461845792,18.34826875920475
ma175_r0.275_c1.00_v20.70_v10.30,175,0.27499999999999997,1.0,0.7,0.3,81.98006374121738,-19.16465809726642,47.67255362471234,74.56612806702573,20.167564332734887,70.0,96.62382103742797,32.334546215541124,-11.594864576286646,50.198947106847655,83.21342925659472,14.148681055155876,70.0,26.78018012209198
ma175_r0.250_c1.00_v20.85_v10.20,175,0.24999999999999997,1.0,0.85,0.2,81.94935257940384,-19.970355356440027,50.09667168163482,74.6259724715739,19.449431478156793,85.0,96.24461624184916,31.09598576124586,-13.56296123771238,53.919543863653075,83.45323741007195,13.42925659472422,85.0,28.58722387918475
ma250_r0.200_c1.00_v20.25_v10.20,250,0.19999999999999998,1.0,0.25,0.2,81.92579827489739,-13.892839652983213,35.26701094726404,75.28426092160383,20.885697187312985,25.0,75.9377770134343,31.005488927056525,-5.94145214632592,33.16115659467375,88.2494004796163,13.42925659472422,25.0,18.018690532858336
ma75_r0.175_c1.00_v20.40_v10.20,75,0.175,1.0,0.4,0.2,81.91266604787792,-17.230628245879664,34.27584839413489,67.62417713943746,18.073010173548774,35.95148837215342,83.18118974402482,33.448343234117694,-4.602022207724998,32.613039359485434,74.82014388489209,13.189448441247004,35.95148837215342,20.374359890377203
ma75_r0.225_c1.00_v20.25_v10.30,75,0.22499999999999998,1.0,0.25,0.3,81.90404174882818,-16.209275159233037,34.60631477325236,68.52184320766008,18.91083183722322,25.0,81.07411422359255,34.57778788838295,-5.6461449682039255,33.17999136363601,75.0599520383693,13.189448441247004,25.0,19.49775261411221
ma100_r0.175_c1.00_v20.25_v10.20,100,0.175,1.0,0.25,0.2,81.90254509870978,-14.90735026195571,32.48427452302795,69.53919808497906,18.611609814482346,22.469680232595888,71.92890301228847,31.538800340319682,-4.423137617443973,30.30786865461481,78.41726618705036,13.42925659472422,22.469680232595888,16.648157165619715
ma75_r0.300_c1.00_v20.85_v10.00,75,0.29999999999999993,1.0,0.85,0.0,81.89894073111591,-21.645632929382042,44.27970522482111,50.927588270496706,19.92818671454219,85.0,92.06506976859487,31.345098832767015,-14.176412567873353,50.46442346524137,61.87050359712231,15.347721822541965,85.0,31.140450372200604
ma75_r0.300_c1.00_v20.55_v10.10,75,0.29999999999999993,1.0,0.55,0.1,81.89337640926608,-17.976828585792582,37.809750504059714,67.50448833034112,19.868342309994016,55.00000000000001,88.81954471370244,30.94224712942799,-10.272837068484842,40.01717111004711,74.58033573141488,15.107913669064748,55.00000000000001,26.238444242856477
ma175_r0.175_c1.00_v20.55_v10.20,175,0.175,1.0,0.55,0.2,81.8224601303065,-16.15597841787175,40.01510860862501,75.70317175344105,17.953321364452425,50.7743617546089,90.57315586518918,31.527117060059815,-6.365670983456095,38.452984648955194,84.17266187050359,13.42925659472422,50.7743617546089,22.066261994373463
ma225_r0.275_c1.00_v20.70_v10.10,225,0.27499999999999997,1.0,0.7,0.1,81.80317238935085,-15.452549698460693,44.710041655963344,74.74566128067026,21.244763614602036,70.0,92.31552736768323,26.77095411609034,-12.605510352735216,48.9255623520754,86.09112709832134,14.148681055155876,70.0,29.105706650919455
ma125_r0.175_c1.00_v20.85_v10.00,125,0.175,1.0,0.85,0.0,81.79624620757862,-19.024400062442492,44.37949520745429,55.11669658886894,18.073010173548774,78.46946816621374,91.95144186531991,29.410101479796037,-11.875234881572705,46.64489317568706,66.90647482014388,13.42925659472422,78.46946816621374,26.880093310054292
ma100_r0.175_c1.00_v20.40_v10.10,100,0.175,1.0,0.4,0.1,81.79480090462128,-15.199264925015344,33.732413301294265,69.53919808497906,18.67145421903052,35.95148837215342,78.2336229092939,28.98158142092957,-5.516642800870808,32.45860076012287,78.41726618705036,13.42925659472422,35.95148837215342,19.73472847149418
ma200_r0.125_c1.00_v20.70_v10.00,200,0.125,1.0,0.7,0.0,81.6605038233637,-11.47894236248298,36.4957819275548,58.16876122082585,6.822262118491921,46.15851068600809,84.85023550002677,26.086469764867125,-7.323787074125643,35.38679842886363,69.7841726618705,6.235011990407674,46.15851068600809,21.419011446186083
ma225_r0.250_c1.00_v20.70_v10.10,225,0.24999999999999997,1.0,0.7,0.1,81.61599560178439,-15.437988429950245,44.37585666351564,74.80550568521844,20.526630760023938,70.0,91.68651758984547,27.01908266493469,-12.123419019916682,47.873503440704894,86.33093525179856,13.42925659472422,70.0,28.34155150083587
ma75_r0.225_c1.00_v20.55_v10.10,75,0.22499999999999998,1.0,0.55,0.1,81.59634632750874,-17.78511823195591,37.056144172531354,67.56433273488929,18.491921005385997,55.00000000000001,87.29922399599866,31.131453729335746,-9.040807806312534,37.83165114110124,74.82014388489209,13.189448441247004,55.00000000000001,24.504268396970076
ma150_r0.225_c1.00_v20.85_v10.00,150,0.22499999999999998,1.0,0.85,0.0,81.57429759357436,-17.96766180961702,46.248993509525725,54.877318970676235,18.970676241771393,85.0,90.90289763836812,28.26530559722076,-13.493663105354969,50.329401848683574,67.62589928057554,13.42925659472422,85.0,29.404095895681095
ma75_r0.225_c1.00_v20.40_v10.20,75,0.22499999999999998,1.0,0.4,0.2,81.53659327713365,-17.036292647598927,35.296581643552145,67.20526630760024,18.91083183722322,40.0,84.12687421053307,32.73623900446234,-5.885318621217827,34.70894611338035,74.82014388489209,13.189448441247004,40.0,21.81728473746401
ma75_r0.150_c1.00_v20.70_v10.10,75,0.15,1.0,0.7,0.1,81.52367697850411,-19.055022556606215,38.06720448489014,69.18013165769,14.841412327947337,53.92723255823013,87.40763923975925,32.65404644705785,-8.366640593177666,38.02270448294232,74.82014388489209,12.949640287769784,53.92723255823013,23.48254811769717
ma75_r0.150_c1.00_v20.55_v10.10,75,0.15,1.0,0.55,0.1,81.47044394294281,-17.313543311416822,34.69724102598321,69.06044284859367,15.140634350688211,42.37139701003797,84.55292457578807,31.20106014531039,-6.527464714420006,33.556332098254614,74.82014388489209,12.949640287769784,42.37139701003797,21.293231018420848
ma250_r0.275_c0.75_v20.85_v10.30,250,0.27499999999999997,0.75,0.85,0.3,81.43239844553088,-11.698088598638012,39.510129451173384,74.74566128067026,0.0,63.74999999999999,67.8030422370133,30.770848911760694,-10.664276365609505,45.08253959348583,86.810551558753,0.0,63.74999999999999,22.347814809058907
ma175_r0.200_c1.00_v20.55_v10.20,175,0.19999999999999998,1.0,0.55,0.2,81.40311418514932,-16.259565110411533,40.82363923840755,75.28426092160383,19.15020945541592,55.00000000000001,91.5877773406158,30.804768508472826,-7.034164938585807,40.08635739732442,84.17266187050359,13.42925659472422,55.00000000000001,23.296679163595364
ma100_r0.225_c1.00_v20.40_v10.10,100,0.22499999999999998,1.0,0.4,0.1,81.37810132431895,-15.001462925905507,34.77560681810669,69.18013165769,19.50927588270497,40.0,79.82090209889381,28.026735524731205,-7.048512412516283,34.76008580990871,78.41726618705036,13.42925659472422,40.0,21.649595629140627
ma225_r0.200_c1.00_v20.25_v10.20,225,0.19999999999999998,1.0,0.25,0.2,81.3644080236998,-13.797192773621248,35.0709917442875,74.92519449431478,20.526630760023938,25.0,76.13547797094209,30.30604219190598,-5.94145214632592,32.73538180289003,85.61151079136691,13.42925659472422,25.0,18.016391490366118
ma175_r0.300_c1.00_v20.55_v10.30,175,0.29999999999999993,1.0,0.55,0.3,81.32678887848157,-17.371655159784893,43.870992557221854,74.6259724715739,20.526630760023938,55.00000000000001,93.88009683573972,31.472646166556075,-9.061930732249113,45.38585943865809,83.21342925659472,15.347721822541965,55.00000000000001,25.0582793628976
ma225_r0.300_c1.00_v20.55_v10.10,225,0.29999999999999993,1.0,0.55,0.1,81.3162854966083,-13.71503655513463,40.889292285791974,74.74566128067026,21.663674446439256,55.00000000000001,90.59500591113505,25.894864068347733,-10.298044989942346,43.51985551350478,86.09112709832134,15.347721822541965,55.00000000000001,27.591901382189885
ma250_r0.175_c1.00_v20.25_v10.20,250,0.175,1.0,0.25,0.2,81.3139716947064,-13.937003530467573,34.63908534996412,75.40394973070018,19.62896469180132,22.469680232595888,75.62930780248146,31.149279047650815,-5.229565902923472,31.85265268353587,88.2494004796163,13.42925659472422,22.469680232595888,17.319450215709864
ma100_r0.225_c1.00_v20.25_v10.20,100,0.22499999999999998,1.0,0.25,0.2,81.30855220344668,-14.824819557971914,33.450833912716746,69.18013165769,19.50927588270497,25.0,73.05474033897926,30.93831122623003,-5.57354251843194,32.40194876155319,78.41726618705036,13.42925659472422,25.0,18.160316537804007
ma100_r0.175_c1.00_v20.55_v10.00,100,0.175,1.0,0.55,0.0,81.30225662379206,-15.426423563590197,35.47727524547904,52.96229802513464,18.372232196289648,50.7743617546089,81.92819795148864,27.125593451959773,-8.857624521215968,35.666122613552965,66.18705035971223,13.42925659472422,50.7743617546089,22.244596619532857
ma125_r0.125_c1.00_v20.55_v10.20,125,0.125,1.0,0.55,0.2,81.28908769801907,-14.837322975345346,34.72739259019216,73.36923997606223,6.941950927588271,36.26740125329208,82.33180187886929,29.149363978115094,-4.430797797662089,32.28502338865925,81.29496402877699,6.235011990407674,36.26740125329208,18.57752719621982
ma150_r0.275_c1.00_v20.55_v10.10,150,0.27499999999999997,1.0,0.55,0.1,81.28156411332097,-15.12295789768433,39.99513968757237,73.0101735487732,20.107719928186714,55.00000000000001,89.80066752262525,27.514709973244166,-10.068780729712511,41.58467176481117,79.61630695443645,14.148681055155876,55.00000000000001,26.038141515615813
ma125_r0.275_c1.00_v20.85_v10.00,125,0.27499999999999997,1.0,0.85,0.0,81.27104238586351,-19.120325160156515,46.720425051940786,54.099341711549975,20.107719928186714,85.0,95.09904788006267,27.793342642708474,-13.986689697076127,52.51633455343199,65.94724220623502,14.628297362110313,85.0,30.476422206035167
ma75_r0.225_c1.00_v20.70_v10.10,75,0.22499999999999998,1.0,0.7,0.1,81.26086575856408,-19.76145009201723,40.790130026054506,67.56433273488929,18.372232196289648,70.0,90.15770848264077,32.66947264670337,-11.338183004008794,43.09539060865506,74.82014388489209,13.189448441247004,70.0,26.830620296955246
ma75_r0.150_c1.00_v20.85_v10.00,75,0.15,1.0,0.85,0.0,81.23003036410256,-20.783936247642664,40.510566651965924,52.782764811490125,15.140634350688211,71.30588718602597,88.48394008443096,31.695872976563756,-10.208283165182197,42.26394210418603,64.26858513189448,12.949640287769784,71.30588718602597,26.457611959536308
ma125_r0.125_c1.00_v20.40_v10.30,125,0.125,1.0,0.4,0.3,81.22352444974932,-14.588328250816485,33.30981189558778,73.36923997606223,7.001795332136446,26.376291820576053,75.4159816983205,30.429515760593073,-3.6525655971477833,30.464517452415556,81.29496402877699,6.235011990407674,26.376291820576053,16.06679512018347
ma75_r0.125_c1.00_v20.40_v10.30,75,0.125,1.0,0.4,0.3,81.20727950571214,-15.249197367979605,32.17377789033688,69.00059844404548,6.882106523040096,25.67963455153816,77.62783091133628,32.57712781970985,-3.2270960472474575,29.50084633178337,75.0599520383693,5.755395683453238,25.67963455153816,16.94323752642007
ma100_r0.275_c0.75_v20.85_v10.30,100,0.27499999999999997,0.75,0.85,0.3,81.15981379768797,-13.547148120110208,37.44426047583297,69.18013165769,0.0,63.74999999999999,63.481454091288484,29.79963581525995,-10.664276365609505,41.734208995617564,77.6978417266187,0.0,63.74999999999999,19.853501412239105
ma200_r0.175_c1.00_v20.55_v10.00,200,0.175,1.0,0.55,0.0,81.14682425433222,-11.318808819399573,37.30587192543564,55.53560742070617,19.03052064631957,50.7743617546089,88.15905195396718,26.46281999695619,-8.857624521215968,36.42391331738728,68.10551558752998,13.42925659472422,50.7743617546089,23.285688424094406
ma250_r0.225_c1.00_v20.25_v10.20,250,0.22499999999999998,1.0,0.25,0.2,81.11552869500488,-13.796064852932998,35.69812397654156,75.04488330341114,20.885697187312985,25.0,76.53696394725765,30.422667827726222,-6.595425165277247,34.23664639173285,88.2494004796163,13.42925659472422,25.0,18.756837511862855
ma150_r0.250_c1.00_v20.55_v10.10,150,0.24999999999999997,1.0,0.55,0.1,81.11267452944088,-15.108337551246521,39.715924071783235,73.07001795332137,19.389587073608617,55.00000000000001,89.1775540943382,27.636549727627614,-9.77679356670922,40.71420044839796,79.85611510791367,13.42925659472422,55.00000000000001,25.275583196014374
ma250_r0.100_c1.00_v20.85_v10.20,250,0.1,1.0,0.85,0.2,81.09283254566859,-10.777659518490147,35.785684846332536,78.27648114901257,1.6756433273488927,43.65537873761487,76.89491185396069,28.975784531876457,-5.743628745946527,34.881329290737284,88.48920863309353,0.2398081534772182,43.65537873761487,20.19083601961064
ma225_r0.250_c1.00_v20.55_v10.10,225,0.24999999999999997,1.0,0.55,0.1,81.06949391405757,-13.70017368966846,40.3846723320549,74.80550568521844,20.646319569120287,55.00000000000001,89.26848107892995,26.293589854433662,-9.77679356670922,41.89881314485122,86.33093525179856,13.42925659472422,55.00000000000001,26.129821751502973
ma175_r0.175_c1.00_v20.40_v10.30,175,0.175,1.0,0.4,0.3,81.06482569531417,-16.43873933030554,38.57582795787623,75.52363853979654,18.731298623578695,36.92680854880647,83.41800651871242,31.808783344294135,-6.701756792505198,36.11106275001445,84.17266187050359,13.42925659472422,36.92680854880647,18.35743426256665
ma125_r0.225_c1.00_v20.70_v10.10,125,0.22499999999999998,1.0,0.7,0.1,81.06104794583919,-17.976802630596822,43.050499344469124,71.573907839617,18.850987432675044,70.0,92.29205699422252,29.375097513003425,-11.338183004008794,45.18771987469799,79.85611510791367,13.42925659472422,70.0,26.256485351155433
ma200_r0.200_c1.00_v20.40_v10.20,200,0.19999999999999998,1.0,0.4,0.2,81.04238577257188,-14.503609289423757,37.8014520619621,75.46379413524835,20.40694195092759,40.0,86.77273168506649,30.55780787103275,-5.245405981523299,35.824876632858924,84.17266187050359,13.42925659472422,40.0,20.92962147235656
ma150_r0.250_c1.00_v20.85_v10.00,150,0.24999999999999997,1.0,0.85,0.0,80.99736922305583,-18.1399541699967,46.69869044082782,54.81747456612807,19.329742669060444,85.0,91.46054979529758,27.606798687393088,-14.011802880932455,51.62345355922443,67.38609112709833,13.42925659472422,85.0,30.103942836048223
ma225_r0.175_c1.00_v20.85_v10.00,225,0.175,1.0,0.85,0.0,80.99164958338541,-17.178033245703826,44.87355376227856,55.53560742070617,19.03052064631957,78.46946816621374,90.4213352499473,28.21613068054969,-12.506828555838368,47.98116395320254,70.02398081534771,13.42925659472422,78.46946816621374,28.257460054218015
ma100_r0.300_c1.00_v20.40_v10.10,100,0.29999999999999993,1.0,0.4,0.1,80.9889336699692,-15.202243410861161,35.570119924513186,69.12028725314184,21.005385996409338,40.0,82.03396887447738,27.61006736830838,-8.226708858093424,37.212092128221286,78.17745803357315,15.827338129496402,40.0,24.082447428986256
ma75_r0.275_c1.00_v20.70_v10.10,75,0.27499999999999997,1.0,0.7,0.1,80.98807952575551,-19.946143282742923,41.4604800126947,67.50448833034112,19.449431478156793,70.0,91.08163085576899,32.11034846504146,-12.499996036531947,45.00930217232676,74.58033573141488,13.908872901678656,70.0,28.000313858929466
ma175_r0.200_c1.00_v20.40_v10.30,175,0.19999999999999998,1.0,0.4,0.3,80.98724362481,-16.217591750547033,39.318131215853505,75.10472770795931,19.92818671454219,40.0,83.84091226358095,31.221096931998037,-7.602064382154605,37.65879371398434,84.17266187050359,13.42925659472422,40.0,19.080861840920335
ma200_r0.250_c1.00_v20.40_v10.30,200,0.24999999999999997,1.0,0.4,0.3,80.98584416287756,-16.240586030142957,40.6797765268211,75.10472770795931,20.766008378216636,40.0,84.73228766096489,31.74917829053383,-7.422994963404717,39.830009168970406,83.21342925659472,13.42925659472422,40.0,19.951007641873094
ma175_r0.250_c1.00_v20.55_v10.30,175,0.24999999999999997,1.0,0.55,0.3,80.96345979713581,-17.357422158760794,43.36689353373078,74.68581687612208,19.50927588270497,55.00000000000001,92.85079334168415,31.394102022812966,-8.600880122609155,43.86254703140211,83.45323741007195,13.42925659472422,55.00000000000001,23.86320656100972
ma100_r0.200_c1.00_v20.55_v10.00,100,0.19999999999999998,1.0,0.55,0.0,80.96190777258468,-15.438931523303456,36.17563712634637,52.96229802513464,19.210053859964095,55.00000000000001,82.99676179277176,26.53773328875859,-9.570763679329009,37.119052275353006,66.18705035971223,13.42925659472422,55.00000000000001,23.55634412290064
ma125_r0.200_c1.00_v20.25_v10.30,125,0.19999999999999998,1.0,0.25,0.3,80.94909921554851,-16.74962012671628,35.526172940660516,72.41172950329144,19.329742669060444,25.0,78.18693151657476,32.35050577849281,-6.106508476725681,33.74429739463297,80.57553956834532,13.42925659472422,25.0,18.385486091653302
ma75_r0.300_c1.00_v20.40_v10.20,75,0.29999999999999993,1.0,0.4,0.2,80.94003085517159,-17.23226653102502,36.0261344517517,67.14542190305207,20.40694195092759,40.0,85.949338583113,32.47699124075307,-6.977921814811417,36.82230031339406,74.58033573141488,15.587529976019185,40.0,23.822403494562376
ma200_r0.300_c1.00_v20.40_v10.30,200,0.29999999999999993,1.0,0.4,0.3,80.93272005735803,-16.255013661013397,41.1680521354384,75.04488330341114,21.903052064631957,40.0,86.00757869573403,31.842742870593767,-7.894248048108432,41.34060691956101,82.9736211031175,15.827338129496402,40.0,21.393318191422196
ma150_r0.300_c1.00_v20.25_v10.30,150,0.29999999999999993,1.0,0.25,0.3,80.92599703151117,-15.401140574328199,37.382709530644874,74.92519449431478,21.005385996409338,25.0,82.03165720824441,31.717864388237118,-7.460380958913227,37.234038801425626,80.0959232613909,16.30695443645084,25.0,21.05543598930182
ma75_r0.275_c1.00_v20.55_v10.10,75,0.27499999999999997,1.0,0.55,0.1,80.90426114634238,-17.976828585792624,37.651366330123906,67.50448833034112,19.569120287253142,55.00000000000001,88.40318110802963,30.465551606261123,-10.068780729712568,39.52027703413511,74.58033573141488,13.908872901678656,55.00000000000001,25.828801548930983
ma150_r0.250_c1.00_v20.25_v10.30,150,0.24999999999999997,1.0,0.25,0.3,80.90238161255898,-15.386563527788654,36.9300529451984,74.92519449431478,19.748653500897667,25.0,80.67674870353098,31.52354577940266,-6.898388883030115,35.79224896320593,80.0959232613909,13.42925659472422,25.0,19.543844043387608
ma125_r0.150_c1.00_v20.55_v10.10,125,0.15,1.0,0.55,0.1,80.90195281239569,-15.747606357006328,36.37424916247464,72.77079593058049,14.841412327947337,43.520881503950484,85.48999542863277,28.728913212155692,-6.527464714419984,34.785400624640616,81.29496402877699,13.189448441247004,43.520881503950484,20.345292248342574
ma175_r0.150_c1.00_v20.55_v10.20,175,0.15,1.0,0.55,0.2,80.87791251847547,-15.60531988912307,38.497800740665625,76.0622381807301,14.661879114302812,43.520881503950484,88.28207337058745,31.012593252404685,-5.313864879705443,36.27957477678605,84.17266187050359,13.189448441247004,43.520881503950484,20.406248599445128
ma100_r0.150_c1.00_v20.25_v10.20,100,0.15,1.0,0.25,0.2,80.87699859497772,-14.157381589158257,31.424981105449174,70.01795332136446,15.320167564332735,19.259725913653618,70.96822319864215,30.66519312587794,-3.802240350955155,28.89201660510271,78.41726618705036,13.189448441247004,19.259725913653618,15.747806786502123
ma200_r0.175_c1.00_v20.40_v10.20,200,0.175,1.0,0.4,0.2,80.85563045007267,-14.552375023664588,37.11062744488756,75.58348294434471,19.210053859964095,36.92680854880647,86.04683751313947,30.9597797265345,-4.6020222077250095,34.43421766173568,84.17266187050359,13.42925659472422,36.92680854880647,19.8813206894389
ma125_r0.200_c1.00_v20.85_v10.00,125,0.19999999999999998,1.0,0.85,0.0,80.80858960954285,-19.02752158015515,45.340626295395595,54.7576301615799,18.91083183722322,85.0,93.3466825210514,28.482044782594595,-12.719184590507105,48.71573666735285,66.90647482014388,13.42925659472422,85.0,28.439230743335614
ma225_r0.275_c1.00_v20.55_v10.10,225,0.27499999999999997,1.0,0.55,0.1,80.80256800567732,-13.715036555134674,40.68348569427814,74.74566128067026,21.364452423698385,55.00000000000001,89.98068720567615,25.820316559703137,-10.068780729712511,42.840983140981706,86.09112709832134,14.148681055155876,55.00000000000001,26.977803926653273
ma125_r0.275_c1.00_v20.70_v10.10,125,0.27499999999999997,1.0,0.7,0.1,80.79765695071602,-18.165603724996615,43.78848496803297,71.51406343506882,19.92818671454219,70.0,93.47923611798575,28.824054472071925,-12.499996036531936,47.37022208303603,79.61630695443645,14.148681055155876,70.0,27.709772673235413
ma75_r0.175_c1.00_v20.85_v10.00,75,0.175,1.0,0.85,0.0,80.77036105452467,-21.50722653097281,41.963529573742605,51.526032315978455,17.65409934171155,83.1902017170303,90.04551275833707,32.49681340759627,-11.855771307672104,44.80054024122491,62.829736211031175,13.189448441247004,83.1902017170303,28.338637495873527
ma175_r0.250_c1.00_v20.70_v10.30,175,0.24999999999999997,1.0,0.7,0.3,80.76138065949543,-19.150736150307868,47.361804973649306,74.6259724715739,19.449431478156793,70.0,96.23803362408991,31.636222362704515,-11.825301457278336,49.2886234141454,83.45323741007195,13.42925659472422,70.0,26.244140081832843
ma125_r0.175_c1.00_v20.25_v10.30,125,0.175,1.0,0.25,0.3,80.7546144348633,-16.605008225206962,34.88899206679742,73.0101735487732,18.43207660083782,23.079255343004043,77.6475821473303,32.408283210843855,-5.5163054804445615,32.49667104213862,81.5347721822542,13.42925659472422,23.079255343004043,17.667432671378513
ma200_r0.200_c1.00_v20.55_v10.00,200,0.19999999999999998,1.0,0.55,0.0,80.748160969215,-11.105836214261554,38.03415928053286,55.475763016157984,20.227408737283064,55.00000000000001,89.23977120962323,25.654181785383614,-9.570763679329009,37.910976854275624,68.10551558752998,13.42925659472422,55.00000000000001,24.65634412290064
ma225_r0.175_c1.00_v20.25_v10.20,225,0.175,1.0,0.25,0.2,80.743874063898,-13.841405707851317,34.44537225097966,75.04488330341114,19.269898264512268,23.079255343004043,75.76934626144944,30.44141801614122,-5.229565902923472,31.43611889839672,85.61151079136691,13.42925659472422,23.079255343004043,17.259488674677854
ma100_r0.300_c1.00_v20.55_v10.00,100,0.29999999999999993,1.0,0.55,0.0,80.74242643212554,-15.56592335138377,37.436926355676384,52.30400957510473,20.646319569120287,55.00000000000001,85.62060732431132,25.451350420020447,-11.502349338657092,40.678631073963125,64.98800959232614,15.587529976019185,55.00000000000001,26.504677126644445
ma75_r0.150_c1.00_v20.25_v10.30,75,0.15,1.0,0.25,0.3,80.73925971990334,-15.70244556532925,32.58210233414062,69.77857570317175,15.439856373429084,19.259725913653618,79.43568946720316,33.82205494066295,-3.792979176657074,29.72663929496709,75.0599520383693,12.949640287769784,19.259725913653618,17.572714103880255
ma75_r0.250_c1.00_v20.55_v10.10,75,0.24999999999999997,1.0,0.55,0.1,80.71163742555933,-17.962699827858795,37.399449183135694,67.56433273488929,18.850987432675044,55.00000000000001,87.88893008106946,30.566583057386644,-9.77679356670923,38.75797673961535,74.82014388489209,13.189448441247004,55.00000000000001,25.1852741353918
ma175_r0.275_c1.00_v20.85_v10.10,175,0.27499999999999997,1.0,0.85,0.1,80.70115757178169,-19.429983141449135,48.867309114127636,74.56612806702573,20.167564332734887,85.0,96.16691853882058,29.677745432222235,-13.986689697076105,53.75058099712311,83.21342925659472,14.148681055155876,85.0,29.890517656329347
ma175_r0.225_c1.00_v20.85_v10.10,175,0.22499999999999998,1.0,0.85,0.1,80.68456725502298,-19.263531611070118,48.056891271238285,74.86535008976661,19.090365050867746,85.0,95.20194406604139,30.245210830988878,-13.152124859951819,51.353594949911496,83.93285371702638,13.42925659472422,85.0,28.644764150707914
ma175_r0.275_c1.00_v20.55_v10.30,175,0.27499999999999997,1.0,0.55,0.3,80.68181205130416,-17.371655159784726,43.66680532389329,74.6259724715739,20.227408737283064,55.00000000000001,93.4018864441725,31.094898604732045,-8.8719449203139,44.76129739529194,83.21342925659472,14.148681055155876,55.00000000000001,24.565182966577403
ma175_r0.300_c1.00_v20.70_v10.20,175,0.29999999999999993,1.0,0.7,0.2,80.6757745143854,-18.221089996015195,46.33718554868113,74.56612806702573,20.46678635547576,70.0,96.4281816873609,30.87914671757175,-12.69284799655328,49.62794166975473,83.21342925659472,15.347721822541965,70.0,27.930176775398863
ma125_r0.175_c1.00_v20.55_v10.10,125,0.175,1.0,0.55,0.1,80.66278133383062,-16.5554544807195,37.71280225674541,72.5314183123878,18.073010173548774,50.7743617546089,87.4098451598102,29.128849280325376,-7.683235525108545,36.8181855572085,81.29496402877699,13.42925659472422,50.7743617546089,22.02602216224389
ma225_r0.225_c1.00_v20.25_v10.20,225,0.22499999999999998,1.0,0.25,0.2,80.62239007562675,-13.70031047719581,35.50111241889158,74.68581687612208,20.526630760023938,25.0,76.73595350722839,29.77357379538603,-6.595425165277247,33.80689504201316,85.61151079136691,13.42925659472422,25.0,18.75582707183357
ma175_r0.150_c1.00_v20.85_v10.00,175,0.15,1.0,0.85,0.0,80.60431309872014,-18.41414697783992,43.373539565873195,56.91202872531418,14.841412327947337,67.25954414246893,90.53074302605819,29.91193177965703,-10.294205058558392,44.23696241958524,69.54436450839329,13.189448441247004,67.25954414246893,25.17751949752603
ma100_r0.100_c1.00_v20.85_v10.20,100,0.1,1.0,0.85,0.2,80.59635760808047,-13.688355984561884,34.3244669867374,72.2920406941951,1.6756433273488927,43.65537873761487,73.5887393339076,27.859480451039165,-5.703383994616662,33.15515054654203,79.13669064748201,0.2398081534772182,43.65537873761487,18.672197662734973
ma150_r0.150_c1.00_v20.70_v10.00,150,0.15,1.0,0.7,0.0,80.59533404687684,-15.013262971261042,39.18171141464987,56.552962298025136,14.841412327947337,55.39021282320971,86.27834128417288,28.393847047979914,-8.773522621551532,39.25227513826284,69.54436450839329,13.189448441247004,55.39021282320971,23.225327956289696
ma200_r0.125_c1.00_v20.55_v10.20,200,0.125,1.0,0.55,0.2,80.58989179158273,-12.496698258585381,35.75173699932595,76.84021543985638,6.941950927588271,36.26740125329208,84.31044357429866,29.476882256256133,-4.430797797662089,32.79115515507169,84.17266187050359,6.235011990407674,36.26740125329208,18.899633028620052
ma200_r0.275_c1.00_v20.40_v10.30,200,0.27499999999999997,1.0,0.4,0.3,80.58232230623537,-16.25501366101332,40.97074818965033,75.04488330341114,21.484141232794734,40.0,85.37653019538132,31.52272403457792,-7.699088922677988,40.718978885899304,82.9736211031175,14.148681055155876,40.0,20.746764155527117
ma75_r0.150_c1.00_v20.40_v10.20,75,0.15,1.0,0.4,0.2,80.5784404405796,-16.70008744749302,33.185757613917936,68.7013764213046,15.439856373429084,30.815561461845792,81.8979738978314,32.42764302310519,-3.955153718827664,31.044431559450246,74.82014388489209,12.949640287769784,30.815561461845792,19.208703613238832
ma75_r0.275_c1.00_v20.85_v10.00,75,0.27499999999999997,1.0,0.85,0.0,80.5694735583511,-21.64563292938203,44.079683556511604,50.927588270496706,19.68880909634949,85.0,91.9467280874517,30.87370927281663,-13.986689697076116,49.83604908853473,61.87050359712231,14.388489208633093,85.0,31.024102413424202
ma150_r0.275_c1.00_v20.25_v10.30,150,0.27499999999999997,1.0,0.25,0.3,80.56024297804099,-15.401140574328231,37.200025056399205,74.92519449431478,20.46678635547576,25.0,81.36472439132757,31.368188285786623,-7.220022753079891,36.63472937351055,80.0959232613909,14.148681055155876,25.0,20.37817124631664
ma125_r0.200_c1.00_v20.40_v10.20,125,0.19999999999999998,1.0,0.4,0.2,80.50523945831442,-16.593536229101126,36.42548957494781,72.11250748055058,19.329742669060444,40.0,83.52251784834223,30.30712006842422,-5.245405981523299,35.090649548953245,80.3357314148681,13.42925659472422,40.0,20.516657540864202
ma125_r0.150_c1.00_v20.40_v10.20,125,0.15,1.0,0.4,0.2,80.49906545936278,-15.799183113579296,34.53192278623007,72.77079593058049,15.140634350688211,31.651550184691263,80.8934564903456,30.09649725336534,-3.9551537188276975,32.07789934444277,81.29496402877699,13.189448441247004,31.651550184691263,18.18971525572252
ma75_r0.250_c1.00_v20.40_v10.20,75,0.24999999999999997,1.0,0.4,0.2,80.4521978469813,-17.21800726179992,35.61892110909957,67.20526630760024,19.269898264512268,40.0,84.76881132386379,32.25516086880387,-6.462457059328807,35.565387488422104,74.82014388489209,13.189448441247004,40.0,22.526969151239637
ma75_r0.125_c1.00_v20.70_v10.20,75,0.125,1.0,0.7,0.2,80.44931278790186,-17.915516966781542,36.41478036820565,69.47935368043088,6.702573309395571,44.93936046519178,85.20423145813587,32.768805056106046,-6.605756897741566,35.06570724111689,75.0599520383693,5.755395683453238,44.93936046519178,21.47034740260257
ma250_r0.300_c1.00_v20.25_v10.20,250,0.29999999999999993,1.0,0.25,0.2,80.43409426822821,-13.996409013413658,36.49634275956926,74.92519449431478,22.381807301017353,25.0,78.72374975395891,30.042112549591373,-7.757040182307728,36.67585932092332,87.76978417266187,15.827338129496402,25.0,21.16036351774023
ma125_r0.225_c1.00_v20.85_v10.00,125,0.22499999999999998,1.0,0.85,0.0,80.42526381183998,-18.936139512202665,45.931863559355826,54.219030520646314,18.91083183722322,85.0,94.08882864769977,27.943631975549053,-13.455620083146124,50.149727635892404,66.42685851318944,13.42925659472422,85.0,29.190026905012758
ma200_r0.300_c1.00_v20.55_v10.00,200,0.29999999999999993,1.0,0.55,0.0,80.41622067461014,-11.502349338657114,39.28935774756311,54.81747456612807,21.663674446439256,55.00000000000001,91.82060732431133,24.42184170675834,-11.502349338657092,41.47098804241083,66.90647482014388,15.587529976019185,55.00000000000001,27.604677126644447
ma125_r0.175_c1.00_v20.40_v10.20,125,0.175,1.0,0.4,0.2,80.38873220369376,-16.62260964748976,35.76523020462858,72.59126271693597,18.491921005385997,36.92680854880647,82.67902194625475,30.586596395245593,-4.6020222077250095,33.78113579838786,81.29496402877699,13.42925659472422,36.92680854880647,19.518873473274837
ma175_r0.125_c1.00_v20.85_v10.30,175,0.125,1.0,0.85,0.3,80.38795680157745,-18.624293812834313,43.75914714588119,76.84021543985638,6.822262118491921,56.04962011872412,89.67604734086055,32.58453590515562,-7.707224556507142,41.98274117270188,84.17266187050359,6.235011990407674,56.04962011872412,21.710439270779624
ma75_r0.275_c1.00_v20.40_v10.20,75,0.27499999999999997,1.0,0.4,0.2,80.38389903014,-17.232266531024965,35.86883372007896,67.14542190305207,19.988031119090365,40.0,85.37605047510337,32.13887612082471,-6.764403468129432,36.32539926909518,74.58033573141488,13.908872901678656,40.0,23.2596660663636
ma100_r0.225_c1.00_v20.55_v10.00,100,0.22499999999999998,1.0,0.55,0.0,80.37046075628496,-15.368578059424198,36.63533805104931,52.48354278874925,19.210053859964095,55.00000000000001,83.8103784676428,25.87089077864737,-10.213447914967155,38.2199317864308,65.70743405275779,13.42925659472422,55.00000000000001,24.471023344519814
ma125_r0.200_c1.00_v20.55_v10.10,125,0.19999999999999998,1.0,0.55,0.1,80.36083927924203,-16.65906871438504,38.49197243815717,72.0526630760024,18.970676241771393,55.00000000000001,88.57470352426603,28.72594605300818,-8.343271507510098,38.379807084248355,80.3357314148681,13.42925659472422,55.00000000000001,23.31677997071121
ma100_r0.275_c1.00_v20.40_v10.10,100,0.27499999999999997,1.0,0.4,0.1,80.34185361272455,-15.202243410861282,35.391474702266706,69.12028725314184,20.586475164572114,40.0,81.33986862514536,27.306301509748554,-8.016057046755808,36.60477078280671,78.17745803357315,14.148681055155876,40.0,23.384280055876815
ma100_r0.250_c1.00_v20.40_v10.10,100,0.24999999999999997,1.0,0.4,0.1,80.32413641617717,-15.187634408171313,35.120217600713595,69.18013165769,19.868342309994016,40.0,80.60864600572015,27.4435571720254,-7.718171686022091,35.734338701017926,78.41726618705036,13.42925659472422,40.0,22.51298186897892
ma175_r0.225_c1.00_v20.70_v10.20,175,0.22499999999999998,1.0,0.7,0.2,80.27875110795581,-18.052466381873778,45.36591028091006,74.86535008976661,19.090365050867746,70.0,94.91170740623357,31.02669015126216,-11.033900090339642,46.7657194760392,83.93285371702638,13.42925659472422,70.0,26.129552927526756
ma75_r0.250_c1.00_v20.70_v10.10,75,0.24999999999999997,1.0,0.7,0.1,80.2406532819073,-19.932355927845848,41.178541654305825,67.56433273488929,18.731298623578695,70.0,90.67388439719616,31.900126357384238,-12.065174263962408,44.15855313008392,74.82014388489209,13.189448441247004,70.0,27.46392168993588
ma200_r0.150_c1.00_v20.40_v10.20,200,0.15,1.0,0.4,0.2,80.23015030758867,-13.677287720388698,35.733473649922146,76.00239377618193,14.90125673249551,31.651550184691263,83.94583083220903,30.416563314296894,-3.9551537188276975,32.637683798740916,84.17266187050359,13.189448441247004,31.651550184691263,18.500384298148862
ma75_r0.250_c1.00_v20.25_v10.30,75,0.24999999999999997,1.0,0.25,0.3,80.22910402104336,-16.39536901606544,34.91937771759763,68.52184320766008,19.269898264512268,25.0,81.71227369185496,33.903564625792114,-6.162755975417767,34.00667210896652,75.0599520383693,13.189448441247004,25.0,20.174313889650165
ma75_r0.300_c1.00_v20.25_v10.30,75,0.29999999999999993,1.0,0.25,0.3,80.2258002057217,-16.409772267458976,35.31038092063693,68.52184320766008,20.526630760023938,25.0,82.8742871942332,34.11977943347178,-6.7075129465320344,35.20872033907651,75.0599520383693,16.06714628297362,25.0,21.431999804816886
ma225_r0.200_c1.00_v20.85_v10.00,225,0.19999999999999998,1.0,0.85,0.0,80.14478836485297,-16.87016497478836,45.85377338468854,55.475763016157984,20.227408737283064,85.0,91.60391227112254,26.903080252015044,-13.580633326861713,50.12443845418591,70.02398081534771,13.42925659472422,85.0,29.874552666271157
ma250_r0.100_c1.00_v20.70_v10.30,250,0.1,1.0,0.7,0.3,80.13475734101134,-10.44391659058962,34.13285808705636,78.27648114901257,1.6756433273488927,35.95148837215342,76.63347439635247,29.872753028289956,-4.870781465304463,32.150714979264706,88.48920863309353,0.2398081534772182,35.95148837215342,18.41858682870153
ma75_r0.125_c1.00_v20.55_v10.20,75,0.125,1.0,0.55,0.2,80.11272471031639,-16.35627680766538,33.35929186231685,69.35966487133453,6.822262118491921,35.30949750836497,82.43716984138396,31.475620368411782,-4.430797797662079,31.298319589758666,75.0599520383693,5.755395683453238,35.30949750836497,19.484700692658024
ma100_r0.300_c1.00_v20.25_v10.20,100,0.29999999999999993,1.0,0.25,0.2,80.10459748348866,-15.028629435541385,34.20464064554967,69.12028725314184,21.005385996409338,25.0,75.15968448015921,30.487083305337027,-6.804681984342276,34.70692263952367,78.17745803357315,15.827338129496402,25.0,20.48435047378802
ma150_r0.125_c1.00_v20.85_v10.00,150,0.125,1.0,0.85,0.0,80.0810902497879,-15.59037110698549,39.74268229219225,58.16876122082585,6.822262118491921,56.04962011872412,84.27538267553066,27.232862092333534,-8.587708788434135,39.7476363185283,69.7841726618705,6.235011990407674,56.04962011872412,23.166337696268947
ma200_r0.225_c1.00_v20.55_v10.00,200,0.22499999999999998,1.0,0.55,0.0,80.06723242611639,-10.952574990657327,38.4875039094321,54.99700777977259,20.227408737283064,55.00000000000001,90.01718831813083,24.855297278439824,-10.213447914967155,39.01204123938528,67.62589928057554,13.42925659472422,55.00000000000001,25.571023344519816
ma125_r0.250_c1.00_v20.70_v10.10,125,0.24999999999999997,1.0,0.7,0.1,80.05169008023134,-18.151509714907675,43.47912829336138,71.573907839617,19.210053859964095,70.0,92.96847834785785,28.62567442357953,-12.065174263962419,46.41082176676048,79.85611510791367,13.42925659472422,70.0,27.060200687951372
ma125_r0.250_c1.00_v20.85_v10.00,125,0.24999999999999997,1.0,0.85,0.0,80.00349544991887,-19.10639778074699,46.39658253602825,54.15918611609815,19.269898264512268,85.0,94.71820034124019,27.394004168968465,-14.011802880932455,51.50397560018347,66.18705035971223,13.42925659472422,85.0,29.96159338199085
ma100_r0.275_c1.00_v20.55_v10.00,100,0.27499999999999997,1.0,0.55,0.0,79.99661493808199,-15.565923351383804,37.26219264798756,52.30400957510473,20.40694195092759,55.00000000000001,85.19179600689651,25.23883474882873,-11.301090815817572,40.0904782435113,64.98800959232614,14.628297362110313,55.00000000000001,26.07715586487871
ma250_r0.250_c0.75_v20.85_v10.30,250,0.24999999999999997,0.75,0.85,0.3,79.99655132928739,-11.69808859863809,39.40340258695025,74.74566128067026,0.0,63.74999999999999,67.65067768311847,29.964453531122203,-10.70627012402171,44.78937648276901,86.810551558753,0.0,63.74999999999999,22.141380021341746
ma75_r0.200_c1.00_v20.85_v10.00,75,0.19999999999999998,1.0,0.85,0.0,79.9867921304677,-21.545940377621264,42.8274779412451,51.526032315978455,18.491921005385997,85.0,90.92936336405776,31.581416014475817,-12.69373306667142,46.55433944535233,62.829736211031175,13.189448441247004,85.0,29.56647285797683
ma250_r0.250_c1.00_v20.25_v10.20,250,0.24999999999999997,1.0,0.25,0.2,79.95320785034275,-13.981589920616244,36.04349298323574,74.86535008976661,21.244763614602036,25.0,77.28367748905615,29.87590838808569,-7.156778399723029,35.20597397393805,87.52997601918466,13.42925659472422,25.0,19.578135314516025
ma100_r0.250_c1.00_v20.25_v10.20,100,0.24999999999999997,1.0,0.25,0.2,79.95038362547122,-15.013988202412865,33.77500028131447,69.18013165769,19.868342309994016,25.0,73.7983967704947,30.35424867088876,-6.10015768680614,33.30270872711662,78.41726618705036,13.42925659472422,25.0,18.966231454160827
ma150_r0.125_c1.00_v20.70_v10.10,150,0.125,1.0,0.7,0.1,79.94568805073486,-14.529977788683334,37.284047450466886,74.74566128067026,6.822262118491921,46.15851068600809,84.33618339793023,28.234383279906172,-6.963681478629081,35.80446028602788,79.85611510791367,6.235011990407674,46.15851068600809,20.986401639956167
ma200_r0.225_c1.00_v20.40_v10.20,200,0.22499999999999998,1.0,0.4,0.2,79.93198684565637,-14.428211804415557,38.25639364194291,75.22441651705566,20.40694195092759,40.0,87.42197613631626,29.85976382588389,-5.885318621217839,36.924733984291535,84.17266187050359,13.42925659472422,40.0,21.695419748484063
ma100_r0.250_c0.75_v20.85_v10.30,100,0.24999999999999997,0.75,0.85,0.3,79.92856775371851,-13.547148120110187,37.33642197773758,69.18013165769,0.0,63.74999999999999,63.32650664155045,29.13183345913053,-10.70627012402171,41.46339248601499,77.6978417266187,0.0,63.74999999999999,19.68291329696011
ma175_r0.300_c1.00_v20.85_v10.00,175,0.29999999999999993,1.0,0.85,0.0,79.88574402068318,-18.904192142824172,47.57929735496043,55.17654099341711,20.586475164572114,85.0,95.79296525085752,28.501499542673358,-14.176412567873342,53.38676986683084,67.14628297362111,15.587529976019185,85.0,30.868345854463232
ma75_r0.275_c1.00_v20.25_v10.30,75,0.27499999999999997,1.0,0.25,0.3,79.87828671012748,-16.409772267459022,35.15826003642334,68.52184320766008,19.988031119090365,25.0,82.30380187848395,33.7571156842432,-6.4698221807353296,34.72822741771611,75.0599520383693,13.908872901678656,25.0,20.881688077205453
ma100_r0.150_c0.75_v20.85_v10.30,100,0.15,0.75,0.85,0.3,79.85552551750474,-13.48133673760248,35.928028718991236,69.77857570317175,0.0,63.74999999999999,62.38807551614494,29.775838411679633,-8.822860161941936,37.65785236239158,78.8968824940048,0.0,63.74999999999999,18.24628521448307
ma250_r0.275_c1.00_v20.25_v10.20,250,0.27499999999999997,1.0,0.25,0.2,79.85215884021419,-13.996409013413336,36.313618991257776,74.92519449431478,21.962896469180134,25.0,78.00065430071379,29.71777195431653,-7.4990334262747265,36.062731756376444,87.76978417266187,14.148681055155876,25.0,20.434199889866434
ma225_r0.300_c1.00_v20.25_v10.20,225,0.29999999999999993,1.0,0.25,0.2,79.77024115041287,-13.900877177749372,36.29719872273801,74.80550568521844,22.022740873728306,25.0,78.91390109958434,29.27081935274316,-7.757040182307728,36.23756271290172,86.09112709832134,15.827338129496402,25.0,21.150514863365647
ma250_r0.125_c1.00_v20.55_v10.00,250,0.125,1.0,0.55,0.0,79.76736574410039,-11.050340067209309,33.05698162610145,57.390783961699576,7.360861759425494,38.449252894425776,80.2574557920157,26.3048315767048,-6.353263119462893,31.779963293618557,71.94244604316546,6.235011990407674,38.449252894425776,20.29006289693111
ma225_r0.125_c1.00_v20.40_v10.20,225,0.125,1.0,0.4,0.2,79.7160246252109,-12.549557355513919,33.023883893160146,76.42130460801914,7.1813285457809695,26.376291820576053,78.58898062214243,28.69952653648602,-3.446684239711739,30.120963625042858,86.57074340527578,6.235011990407674,26.376291820576053,17.718657771540776
ma75_r0.225_c1.00_v20.85_v10.00,75,0.22499999999999998,1.0,0.85,0.0,79.71404240496413,-21.467198113743923,43.358380800311416,51.04727707959306,18.491921005385997,85.0,91.23197602667115,31.018197706926397,-13.423411673911456,47.7389609923356,62.35011990407674,13.189448441247004,85.0,30.033174283984124
ma100_r0.275_c1.00_v20.25_v10.20,100,0.27499999999999997,1.0,0.25,0.2,79.68934352057929,-15.028629435541319,34.03360819144758,69.12028725314184,20.586475164572114,25.0,74.48359446639739,30.18076468291642,-6.494499525983988,34.12697784798711,78.17745803357315,14.148681055155876,25.0,19.797854599576908
ma175_r0.225_c1.00_v20.55_v10.20,175,0.22499999999999998,1.0,0.55,0.2,79.66713202557334,-16.26821761077717,41.32817915981498,74.92519449431478,19.15020945541592,55.00000000000001,92.36859555907915,29.66043339859583,-7.8857338227969365,41.30399837272349,83.93285371702638,13.42925659472422,55.00000000000001,24.116716435078004
ma100_r0.250_c1.00_v20.55_v10.00,100,0.24999999999999997,1.0,0.55,0.0,79.66286858091252,-15.55137930718552,36.997557367446646,52.36385397965291,19.569120287253142,55.00000000000001,84.59342591108914,25.31615063572772,-11.013111194306358,39.25147092043432,65.22781774580336,13.42925659472422,55.00000000000001,25.34407852639407
ma175_r0.150_c1.00_v20.40_v10.30,175,0.15,1.0,0.4,0.3,79.66274832342386,-15.336028447835648,37.13184066125229,75.88270496708557,14.961101137043686,31.651550184691263,81.73899043373606,31.12546584066813,-5.75362330225907,34.13747653055126,84.17266187050359,13.189448441247004,31.651550184691263,17.256354666591093
ma175_r0.250_c1.00_v20.85_v10.10,175,0.24999999999999997,1.0,0.85,0.1,79.65756030774243,-19.416109084758737,48.52286435095078,74.6259724715739,19.449431478156793,85.0,95.74687319997034,29.354301834230224,-13.794344836783633,52.682427972352805,83.45323741007195,13.42925659472422,85.0,29.332288778481225
ma200_r0.275_c1.00_v20.55_v10.00,200,0.27499999999999997,1.0,0.55,0.0,79.64413163115283,-11.301090815817549,39.11460345061421,54.81747456612807,21.424296828246558,55.00000000000001,91.3917960068965,24.191973226471998,-11.301090815817572,40.88275270679461,66.90647482014388,14.628297362110313,55.00000000000001,27.17715586487871
ma225_r0.150_c1.00_v20.70_v10.00,225,0.15,1.0,0.7,0.0,79.63366573797464,-14.609667928394266,39.407837835194655,56.193895870736085,15.260323159784562,55.39021282320971,87.44853662172449,27.084477659869187,-8.868224246118139,39.926997667411946,71.46282973621103,13.189448441247004,55.39021282320971,23.87765558048099
ma250_r0.125_c1.00_v20.25_v10.30,250,0.125,1.0,0.25,0.3,79.60796533260361,-12.79152557495885,32.92316223606723,76.95990424895272,7.4207061639736684,16.04977159471135,75.34498416261277,30.36254685638271,-4.626435710081534,29.639900820945314,88.00959232613909,6.235011990407674,16.04977159471135,16.078069954441162
ma225_r0.125_c1.00_v20.70_v10.10,225,0.125,1.0,0.7,0.1,79.5948292119644,-14.17013805693771,37.56901284958587,76.42130460801914,7.001795332136446,46.15851068600809,84.81819491205977,27.47732215161087,-6.963681478629081,36.55822583166801,86.57074340527578,6.235011990407674,46.15851068600809,21.534059222040273
ma250_r0.150_c1.00_v20.25_v10.20,250,0.15,1.0,0.25,0.2,79.5693864057621,-13.434928714019712,33.38318459212679,75.52363853979654,15.61938958707361,19.259725913653618,74.52151167502522,30.346380815685457,-4.4870053138975186,30.2180115328313,88.2494004796163,13.189448441247004,19.259725913653618,16.323200829436537
ma175_r0.275_c1.00_v20.70_v10.20,175,0.27499999999999997,1.0,0.7,0.2,79.54982665488085,-18.221089996015248,46.12014651538661,74.56612806702573,20.167564332734887,70.0,96.03008447032059,30.31382268944778,-12.499996036531924,48.95500925434789,83.21342925659472,14.148681055155876,70.0,27.523532290277423
ma125_r0.150_c1.00_v20.25_v10.30,125,0.15,1.0,0.25,0.3,79.5337181400978,-15.599674810059305,33.68030986291383,73.18970676241771,15.140634350688211,19.78221886543204,76.40087401118161,31.63937966698409,-4.743303125255127,30.871058868965477,81.5347721822542,13.189448441247004,19.78221886543204,16.706736750096983
ma225_r0.250_c1.00_v20.25_v10.20,225,0.24999999999999997,1.0,0.25,0.2,79.52997255799103,-13.886041624068145,35.84570476405508,74.6259724715739,20.885697187312985,25.0,77.48367748905616,29.27759322379464,-7.156778399723029,34.77311039060261,85.37170263788968,13.42925659472422,25.0,19.578135314516025
ma125_r0.225_c1.00_v20.25_v10.30,125,0.22499999999999998,1.0,0.25,0.3,79.49805766928353,-16.746256409923653,35.96795929363935,72.23219628964692,19.329742669060444,25.0,78.84214173410095,31.72112390086461,-6.714882829898594,34.79049618899309,80.0959232613909,13.42925659472422,25.0,19.14032975247591
ma150_r0.125_c1.00_v20.40_v10.20,150,0.125,1.0,0.4,0.2,79.47997111749547,-13.341036751160962,32.34241478843837,74.74566128067026,7.001795332136446,26.376291820576053,78.85493957066078,28.70069725286717,-3.2892635419669025,29.411602633025137,79.85611510791367,6.235011990407674,26.376291820576053,17.399923112362195
ma125_r0.225_c1.00_v20.40_v10.20,125,0.22499999999999998,1.0,0.4,0.2,79.45549338562302,-16.494716053228796,36.87649741608813,71.63375224416517,19.329742669060444,40.0,84.22512428226773,29.704738341539304,-5.885318621217839,36.17390439070836,79.85611510791367,13.42925659472422,40.0,21.29856789443553
ma250_r0.150_c0.75_v20.85_v10.30,250,0.15,0.75,0.85,0.3,79.45474000147905,-11.695248881098252,37.84011123550273,75.344105326152,0.0,63.74999999999999,66.33775102955249,30.981565374129573,-8.822860161941936,40.406966602220805,88.2494004796163,0.0,63.74999999999999,20.240990540971065
ma125_r0.125_c1.00_v20.85_v10.00,125,0.125,1.0,0.85,0.0,79.43360456564793,-16.909832227226218,39.4910697192209,57.57031717534411,6.822262118491921,56.04962011872412,86.76266647150155,26.74472321884698,-8.526961513294118,39.47591213194194,68.5851318944844,6.235011990407674,56.04962011872412,22.842597736821766
ma225_r0.150_c1.00_v20.25_v10.20,225,0.15,1.0,0.25,0.2,79.39937189226008,-13.221478121719677,33.20095056609265,75.16457211250747,15.260323159784562,19.78221886543204,74.5989540621417,29.743174737551037,-4.4870053138975186,29.8589665324343,85.61151079136691,13.189448441247004,19.78221886543204,16.27180522283767
ma175_r0.300_c1.00_v20.55_v10.20,175,0.29999999999999993,1.0,0.55,0.2,79.36633365804893,-16.44613677273109,42.20623713215893,74.6259724715739,20.526630760023938,55.00000000000001,94.15726305903533,29.288743231137325,-9.036761981157348,43.89890344873197,83.21342925659472,15.347721822541965,55.00000000000001,26.16681511560356
ma125_r0.300_c1.00_v20.55_v10.10,125,0.29999999999999993,1.0,0.55,0.1,79.35806743190781,-16.78422816906704,39.83724320650008,71.51406343506882,20.347097546379413,55.00000000000001,91.32589352962496,27.612640929284993,-10.272837068484842,42.14388382692153,79.61630695443645,15.347721822541965,55.00000000000001,26.36681511560356
ma225_r0.275_c1.00_v20.25_v10.20,225,0.27499999999999997,1.0,0.25,0.2,79.33754416128814,-13.900877177749171,36.114363727892766,74.80550568521844,21.603830041891083,25.0,78.19162636753708,29.054256158526837,-7.4990334262747265,35.6239894420289,86.09112709832134,14.148681055155876,25.0,20.425171956689734
ma200_r0.125_c1.00_v20.55_v10.10,200,0.125,1.0,0.55,0.1,79.31943419145469,-11.412776179322194,34.394985802805564,76.84021543985638,6.941950927588271,36.26740125329208,83.2836530025568,26.915484529730893,-5.423300956752152,31.829809462307374,84.17266187050359,6.235011990407674,36.26740125329208,19.29203728864986
ma100_r0.100_c1.00_v20.70_v10.30,100,0.1,1.0,0.7,0.3,79.31150708779413,-12.672566549961184,32.49874950449064,72.2920406941951,1.6756433273488927,35.95148837215342,72.68343237119836,29.080270068511993,-4.870781465304463,30.457556323712343,79.13669064748201,0.2398081534772182,35.95148837215342,17.171547199606483
ma75_r0.250_c1.00_v20.85_v10.00,75,0.24999999999999997,1.0,0.85,0.0,79.29396465865715,-21.632140404829357,43.78046859290102,50.987432675044886,18.850987432675044,85.0,91.67063689341205,30.455382401287135,-14.011802880932455,48.9223775211293,62.11031175059952,13.189448441247004,85.0,30.6140299341627
ma200_r0.250_c1.00_v20.55_v10.00,200,0.24999999999999997,1.0,0.55,0.0,79.28346822265205,-11.143568362748457,38.849947580813236,54.877318970676235,20.586475164572114,55.00000000000001,90.79342591108914,24.249535459977434,-11.013111194306358,40.04366287855322,67.14628297362111,13.42925659472422,55.00000000000001,26.444078526394073
ma200_r0.175_c1.00_v20.25_v10.30,200,0.175,1.0,0.25,0.3,79.27666598292917,-16.468044400452474,36.74309262258472,76.5409934171155,19.15020945541592,23.079255343004043,82.51387788982107,32.40091871468407,-5.85179746211989,33.322125129929105,84.41247002398082,13.42925659472422,23.079255343004043,17.434352505752432
ma225_r0.200_c1.00_v20.40_v10.10,225,0.19999999999999998,1.0,0.4,0.1,79.27656580369886,-12.996516940530444,36.181429553438974,75.16457211250747,20.526630760023938,40.0,83.67741514550119,27.296138682658324,-6.2850099780517805,35.04747825652084,86.57074340527578,13.42925659472422,40.0,22.123488032034135
ma125_r0.225_c1.00_v20.55_v10.10,125,0.22499999999999998,1.0,0.55,0.1,79.1685741649281,-16.589730385240287,38.99229497648248,71.573907839617,18.970676241771393,55.00000000000001,89.44864370662062,27.889119224544313,-9.040807806312534,39.59599686357467,79.85611510791367,13.42925659472422,55.00000000000001,24.245204650210482
ma200_r0.300_c1.00_v20.40_v10.20,200,0.29999999999999993,1.0,0.4,0.2,79.12958732777989,-14.622418782644875,39.0830584279078,74.92519449431478,21.903052064631957,40.0,89.53353569026063,29.548831191192647,-6.977921814811394,39.403937269758835,82.9736211031175,15.827338129496402,40.0,24.050644715359155
ma200_r0.200_c1.00_v20.25_v10.30,200,0.19999999999999998,1.0,0.25,0.3,79.12119593903344,-16.323625983282785,37.42525628668858,76.42130460801914,20.40694195092759,25.0,82.8060440927988,32.129713472227664,-6.643462007381662,34.70751147687257,84.41247002398082,13.42925659472422,25.0,18.069220954730632
ma100_r0.125_c0.75_v20.85_v10.30,100,0.125,0.75,0.85,0.3,79.09823260457627,-13.413442052637004,34.792378136383434,69.95810891681627,0.0,54.56922342201859,61.73772796684495,30.131242792035895,-7.550212937357637,35.533826988708945,78.8968824940048,0.0,54.56922342201859,16.93020038288246
ma175_r0.225_c1.00_v20.40_v10.30,175,0.22499999999999998,1.0,0.4,0.3,79.0952667859159,-16.169525289875885,39.80916703871608,74.74566128067026,19.92818671454219,40.0,84.44649328616686,30.13526662216559,-8.429067090579135,38.865189567304796,83.93285371702638,13.42925659472422,40.0,19.769639598792384
ma250_r0.225_c0.75_v20.85_v10.30,250,0.22499999999999998,0.75,0.85,0.3,79.03396507625304,-11.698088598637923,39.273203716535996,74.98503889886295,0.0,63.74999999999999,67.64866105105325,29.504139471288184,-10.791800760731075,44.42082646939943,87.76978417266187,0.0,63.74999999999999,22.0719037350478
ma175_r0.175_c1.00_v20.85_v10.00,175,0.175,1.0,0.85,0.0,79.01607828772813,-19.09966133857608,45.10637544698973,56.01436265709157,18.0131657690006,78.46946816621374,92.69857860167016,30.10233787766776,-11.957210017018326,47.02530703690797,68.10551558752998,13.42925659472422,78.46946816621374,27.333329253280343
ma100_r0.225_c0.75_v20.85_v10.30,100,0.22499999999999998,0.75,0.85,0.3,79.0125701321806,-13.547148120110108,37.21952228663534,69.4195092758827,0.0,63.74999999999999,63.38869999924201,28.693664964708198,-10.791800760731075,41.16899054989571,78.65707434052757,0.0,63.74999999999999,19.711001441814997
ma175_r0.175_c1.00_v20.70_v10.10,175,0.175,1.0,0.7,0.1,78.98490603968926,-17.612932707724603,42.429331783684574,75.64332734889288,17.89347695990425,64.62191496041132,92.05527627101182,30.628514546538852,-9.810666279077962,42.460925005614406,84.17266187050359,13.42925659472422,64.62191496041132,24.522277503662295
ma225_r0.150_c1.00_v20.40_v10.10,225,0.15,1.0,0.4,0.1,78.95570829741725,-12.7945582202862,34.21371671865312,75.40394973070018,15.260323159784562,31.651550184691263,80.84877438068956,27.45073315300943,-4.743388819478622,31.867978823253207,86.57074340527578,13.189448441247004,31.651550184691263,19.36309356540471
ma225_r0.225_c1.00_v20.85_v10.00,225,0.22499999999999998,1.0,0.85,0.0,78.94524579892308,-16.662854260912376,46.43171801263909,54.99700777977259,20.227408737283064,85.0,92.10159012539285,25.578572319888426,-14.634684587576707,51.530502233388496,69.54436450839329,13.42925659472422,85.0,30.592264068315245
ma175_r0.250_c1.00_v20.70_v10.20,175,0.24999999999999997,1.0,0.7,0.2,78.92551591967192,-18.20700554210437,45.803555065464906,74.6259724715739,19.449431478156793,70.0,95.53611495587944,30.122504116668814,-12.065174263962364,47.99394506000792,83.45323741007195,13.42925659472422,70.0,26.88502935479766
ma100_r0.125_c1.00_v20.55_v10.00,100,0.125,1.0,0.55,0.0,78.91725123188426,-13.600174598794357,31.75595140579785,55.83482944344704,6.941950927588271,36.26740125329208,77.80868465962962,25.031583067365727,-6.353263119462893,30.652768186257447,67.86570743405275,6.235011990407674,36.26740125329208,19.088460166340525
ma150_r0.200_c1.00_v20.25_v10.20,150,0.19999999999999998,1.0,0.25,0.2,78.89986111070672,-14.504778404813013,33.966315993932064,73.60861759425494,19.389587073608617,25.0,76.26925469793811,30.142697721145172,-4.8521309428193105,31.768683334971897,80.3357314148681,13.42925659472422,25.0,17.687127756209772
ma150_r0.175_c1.00_v20.70_v10.00,150,0.175,1.0,0.7,0.0,78.89871300069333,-15.827223302419146,40.680812568673105,55.65529622980251,17.953321364452425,64.62191496041132,87.9693542017642,28.568217075851486,-10.196430864600082,41.607812256675174,68.10551558752998,13.42925659472422,64.62191496041132,25.17960474862749
ma100_r0.125_c1.00_v20.40_v10.10,100,0.125,1.0,0.4,0.1,78.89057793843807,-13.176098253319356,30.249314411376048,70.8557749850389,7.001795332136446,25.67963455153816,74.16888294790309,26.729093670014905,-3.9498081710893085,28.20581749581591,78.41726618705036,6.235011990407674,25.67963455153816,17.23144011037511
ma125_r0.125_c1.00_v20.70_v10.10,125,0.125,1.0,0.7,0.1,78.88806619311298,-15.701415806320785,36.95039953216793,73.36923997606223,6.822262118491921,46.15851068600809,85.20153948460475,27.72559466576414,-6.963681478629081,35.63689857063793,81.29496402877699,6.235011990407674,46.15851068600809,20.703117336138167
ma175_r0.150_c1.00_v20.70_v10.10,175,0.15,1.0,0.7,0.1,78.8870355852301,-16.898175215889477,40.782606580408064,76.0622381807301,14.542190305206462,55.39021282320971,89.93248963933195,30.143204651677813,-8.366640593177655,39.95148071670967,84.17266187050359,13.189448441247004,55.39021282320971,22.57234076103257
ma150_r0.150_c1.00_v20.40_v10.10,150,0.15,1.0,0.4,0.1,78.8831459592563,-13.65624153405024,33.56078396698729,74.08737283064033,14.961101137043686,31.651550184691263,80.48634023991357,27.796807638975253,-4.743388819478622,31.25262696669181,79.85611510791367,13.189448441247004,31.651550184691263,18.985473448700052
ma225_r0.175_c1.00_v20.40_v10.10,225,0.175,1.0,0.4,0.1,78.8268373840877,-13.24426848509721,35.521127081540385,75.28426092160383,19.329742669060444,36.92680854880647,82.773620776243,27.75411745093832,-5.516642800870808,33.64908640914168,86.57074340527578,13.42925659472422,36.92680854880647,20.918690745394137
ma200_r0.250_c1.00_v20.40_v10.20,200,0.24999999999999997,1.0,0.4,0.2,78.79711545229786,-14.607709887458908,38.61624319469363,74.98503889886295,20.766008378216636,40.0,88.15564224648679,29.375480628585173,-6.462457059328763,37.920808936624475,83.21342925659472,13.42925659472422,40.0,22.517170168570285
ma125_r0.300_c1.00_v20.40_v10.20,125,0.29999999999999993,1.0,0.4,0.2,78.78722939075382,-16.691969229393177,37.69504218154618,71.573907839617,20.825852782764812,40.0,86.33353569026063,29.35757108725532,-6.977921814811394,38.63655117863174,79.61630695443645,15.827338129496402,40.0,23.650644715359157
ma75_r0.125_c1.00_v20.85_v10.10,75,0.125,1.0,0.85,0.1,78.77970468368034,-19.55717094904471,38.522431627019586,69.47935368043088,6.702573309395571,55.29379724073172,85.92903565899582,30.598827924772554,-8.156195734587335,38.43471096989005,75.0599520383693,5.755395683453238,55.29379724073172,23.985953844453277
ma250_r0.125_c1.00_v20.40_v10.10,250,0.125,1.0,0.4,0.1,78.76459481119657,-11.352611971248006,31.6878433084687,76.5409934171155,7.4207061639736684,25.67963455153816,77.20427098108581,27.44671044557394,-3.9498081710893085,29.24601589579419,88.2494004796163,6.235011990407674,25.67963455153816,18.151322525008368
ma175_r0.125_c1.00_v20.85_v10.20,175,0.125,1.0,0.85,0.2,78.76126852340424,-18.20867002874731,42.44116901056194,76.84021543985638,6.822262118491921,56.04962011872412,89.02985438966925,30.85588891473856,-7.797320565636657,41.103524496076474,84.17266187050359,6.235011990407674,56.04962011872412,22.325426580492433
ma150_r0.125_c1.00_v20.55_v10.10,150,0.125,1.0,0.55,0.1,78.75879856728079,-13.251665436176019,33.91072984556271,74.74566128067026,6.941950927588271,36.26740125329208,81.94016529249566,27.069215757462395,-5.423300956752152,31.638312690958166,79.85611510791367,6.235011990407674,36.26740125329208,19.2879860600585
ma225_r0.125_c1.00_v20.85_v10.00,225,0.125,1.0,0.85,0.0,78.74245380495934,-15.36153652334219,39.74176636838103,57.86953919808497,7.001795332136446,56.04962011872412,85.52481387240783,25.919753504572697,-8.986542483591986,40.4303912587387,71.70263788968825,6.235011990407674,56.04962011872412,23.82643112551014
ma150_r0.175_c1.00_v20.25_v10.20,150,0.175,1.0,0.25,0.2,78.70966352513726,-14.352090829201103,33.383719385623486,74.1472172351885,18.31238779174147,23.079255343004043,75.75002480548775,30.26730734281877,-4.2941302418957665,30.610177222295754,81.29496402877699,13.42925659472422,23.079255343004043,16.97138290729105
ma175_r0.200_c1.00_v20.70_v10.10,175,0.19999999999999998,1.0,0.7,0.1,78.6776312513652,-17.474981585733474,43.31293816474723,75.22441651705566,19.090365050867746,70.0,93.29192133384936,30.01566026083251,-10.619502710130767,44.30131500033316,84.17266187050359,13.42925659472422,70.0,25.896122441253496
ma200_r0.275_c1.00_v20.40_v10.20,200,0.27499999999999997,1.0,0.4,0.2,78.66689619763902,-14.622418782644765,38.89543054861104,74.92519449431478,21.484141232794734,40.0,88.8615644899887,29.249123337113424,-6.764403468129377,38.791819876378405,82.9736211031175,14.148681055155876,40.0,23.36888718542731
ma225_r0.300_c1.00_v20.85_v10.00,225,0.29999999999999993,1.0,0.85,0.0,78.65390125857607,-16.85025867077131,47.51914085021035,54.877318970676235,21.663674446439256,85.0,93.67718948103638,24.174325235112406,-16.08768771928728,54.920291402952195,69.06474820143885,15.587529976019185,85.0,32.4525700846421
ma200_r0.200_c1.00_v20.40_v10.10,200,0.19999999999999998,1.0,0.4,0.1,78.62009288392314,-12.36952053464898,36.19547205325814,75.46379413524835,20.40694195092759,40.0,85.85935529512292,27.516990389747754,-6.2850099780517805,34.53432459032587,84.17266187050359,13.42925659472422,40.0,21.626476508840767
ma150_r0.125_c1.00_v20.25_v10.30,150,0.125,1.0,0.25,0.3,78.61783160036148,-12.835246221241936,31.72286927761378,76.0622381807301,7.001795332136446,16.485182387860036,75.27653532080348,29.987351218523294,-3.6170894512635443,28.34584508587994,81.5347721822542,6.235011990407674,16.485182387860036,15.644581248716172
ma175_r0.275_c1.00_v20.55_v10.20,175,0.27499999999999997,1.0,0.55,0.2,78.58980996374972,-16.446136772731112,42.010617937693326,74.6259724715739,20.227408737283064,55.00000000000001,93.65052919848479,28.892989241280077,-8.829892848525278,43.28134792970619,83.21342925659472,14.148681055155876,55.00000000000001,25.65091445618252
ma125_r0.150_c1.00_v20.70_v10.00,125,0.15,1.0,0.7,0.0,78.58440906424111,-16.723131752777466,38.91664822429774,56.01436265709157,15.020945541591862,55.39021282320971,88.67605452198349,27.883967931649025,-8.773522621551532,38.97109709938493,68.34532374100719,13.189448441247004,55.39021282320971,22.890324407112292
ma175_r0.250_c1.00_v20.55_v10.20,175,0.24999999999999997,1.0,0.55,0.2,78.57332037962604,-16.431744348155895,41.7198038217853,74.68581687612208,19.50927588270497,55.00000000000001,93.05015561784688,29.049732942288475,-8.533876582832978,42.39172644204935,83.45323741007195,13.42925659472422,55.00000000000001,24.905376778347748
ma175_r0.275_c1.00_v20.85_v10.00,175,0.27499999999999997,1.0,0.85,0.0,78.55408283568288,-18.904192142824016,47.35166654793844,55.17654099341711,20.347097546379413,85.0,95.55563227952578,28.028191906574797,-13.986689697076127,52.647760308377045,67.14628297362111,14.628297362110313,85.0,30.633006605498274
ma150_r0.300_c1.00_v20.70_v10.00,150,0.29999999999999993,1.0,0.7,0.0,78.54603304823844,-16.440626461929973,42.9143774166814,54.7576301615799,20.40694195092759,70.0,91.59726965550749,26.867767050594328,-12.692847996553303,47.3297502378731,67.14628297362111,15.587529976019185,70.0,29.176994858476924
ma150_r0.200_c1.00_v20.40_v10.10,150,0.19999999999999998,1.0,0.4,0.1,78.540330006506,-14.202432085409134,35.40220713593137,73.48892878515859,19.389587073608617,40.0,83.41935802962693,27.764684501220493,-6.2850099780517805,34.22792975616714,79.85611510791367,13.42925659472422,40.0,21.619994543094588
ma175_r0.175_c1.00_v20.55_v10.10,175,0.175,1.0,0.55,0.1,78.50122634800975,-15.628214941895513,38.54505962224809,75.64332734889288,18.0131657690006,50.7743617546089,89.53810846329799,28.930719462010735,-7.683235525108545,37.284280882971274,84.17266187050359,13.42925659472422,50.7743617546089,22.507678882810318
ma225_r0.125_c1.00_v20.25_v10.30,225,0.125,1.0,0.25,0.3,78.49004536166262,-13.12045289164454,32.700428898966315,76.60083782166367,7.1813285457809695,16.485182387860036,75.31671469719304,29.95888769330497,-4.626435710081534,29.211853230127865,85.85131894484412,6.235011990407674,16.485182387860036,15.953265999487744
ma150_r0.150_c1.00_v20.55_v10.00,150,0.15,1.0,0.55,0.0,78.47590247039678,-13.593111245005595,35.48261927251836,56.552962298025136,14.961101137043686,43.520881503950484,84.04493735605509,26.429128106928033,-7.617088768155689,34.45018559043862,69.54436450839329,13.189448441247004,43.520881503950484,21.4958291408703
ma250_r0.125_c0.75_v20.85_v10.30,250,0.125,0.75,0.85,0.3,78.4743748702638,-11.503635198513917,36.56186825214835,75.58348294434471,0.0,54.56922342201859,65.53750935701889,31.38117807944203,-7.550212937357637,37.90568955253548,88.2494004796163,0.0,54.56922342201859,18.796463090375866
ma200_r0.150_c1.00_v20.40_v10.10,200,0.15,1.0,0.4,0.1,78.45147047849872,-11.999541307185424,34.238830146717916,76.00239377618193,14.90125673249551,31.651550184691263,82.78448950153457,27.611179233159255,-4.743388819478622,31.482423092310864,84.17266187050359,13.189448441247004,31.651550184691263,18.990334923009684
ma150_r0.175_c1.00_v20.40_v10.10,150,0.175,1.0,0.4,0.1,78.44013090323496,-14.271445511496273,34.7719213108552,73.78815080789947,18.372232196289648,36.92680854880647,82.35896354888698,28.160020663979267,-5.516642800870808,32.931175909820055,79.85611510791367,13.42925659472422,36.92680854880647,20.47813394257203
ma125_r0.275_c1.00_v20.55_v10.10,125,0.27499999999999997,1.0,0.55,0.1,78.41929695353062,-16.784228169067063,39.651034361420365,71.51406343506882,20.047875523638538,55.00000000000001,90.80066752262525,27.18018807215352,-10.068780729712511,41.53671013411573,79.61630695443645,14.148681055155876,55.00000000000001,25.83814151561581
ma250_r0.150_c1.00_v20.40_v10.00,250,0.15,1.0,0.4,0.0,78.4169806793719,-11.93450513840678,32.838081355739746,55.17654099341711,15.978456014362658,33.5557116169534,79.41262120392533,26.756178672270735,-5.634574742518783,31.059849099634768,70.9832134292566,13.189448441247004,33.5557116169534,20.04247772708423
ma100_r0.300_c0.75_v20.85_v10.20,100,0.29999999999999993,0.75,0.85,0.2,78.38256832428834,-13.427193629124679,36.43042392667021,69.06044284859367,0.0,63.74999999999999,64.46530233795445,28.7057155708206,-10.704089859646594,41.32792018837111,77.21822541966426,0.0,63.74999999999999,20.952563279133738
ma175_r0.200_c1.00_v20.85_v10.00,175,0.19999999999999998,1.0,0.85,0.0,78.37867638168699,-18.86582657787297,46.040920365628885,55.95451825254338,19.15020945541592,85.0,94.04033623874781,29.055389931188593,-12.787124762564195,49.03398691352161,68.10551558752998,13.42925659472422,85.0,28.818403179485248
ma75_r0.150_c1.00_v20.70_v10.00,75,0.15,1.0,0.7,0.0,78.3781049437454,-18.812974507759485,36.95766840912403,52.782764811490125,15.140634350688211,58.72249532966845,86.91221108044408,30.265126810833888,-8.773522621551532,37.56391895075366,64.26858513189448,12.949640287769784,58.72249532966845,24.153530970686752
ma125_r0.250_c1.00_v20.40_v10.20,125,0.24999999999999997,1.0,0.4,0.2,78.3590502525166,-16.677616877461286,37.23086104174826,71.63375224416517,19.68880909634949,40.0,84.96736603468878,29.204596956029928,-6.462457059328763,37.15623430549786,79.85611510791367,13.42925659472422,40.0,22.12889395677228
ma175_r0.200_c1.00_v20.55_v10.10,175,0.19999999999999998,1.0,0.55,0.1,78.35390800147441,-15.520161388481801,39.314951809639766,75.22441651705566,19.210053859964095,55.00000000000001,90.69032313955887,28.326902089838903,-8.343271507510098,38.85843729368004,84.17266187050359,13.42925659472422,55.00000000000001,23.80945638896622
ma225_r0.225_c1.00_v20.40_v10.10,225,0.22499999999999998,1.0,0.4,0.1,78.33384698759227,-12.777150261126103,36.62934003826116,74.92519449431478,20.526630760023938,40.0,84.4482575392253,26.370330568303157,-7.048512412516283,36.159998412086246,86.57074340527578,13.42925659472422,40.0,23.012469944345014
ma200_r0.175_c1.00_v20.40_v10.10,200,0.175,1.0,0.4,0.1,78.30044860302712,-12.45448565180195,35.5442014600327,75.58348294434471,19.210053859964095,36.92680854880647,84.97534815000122,27.94272804748521,-5.516642800870808,33.19927138970894,84.17266187050359,13.42925659472422,36.92680854880647,20.483805662599938
ma125_r0.250_c1.00_v20.55_v10.10,125,0.24999999999999997,1.0,0.55,0.1,78.26682369778712,-16.76989398183435,39.37216954719323,71.573907839617,19.329742669060444,55.00000000000001,90.18341598843921,27.311527729510043,-9.77679356670922,40.66764454770276,79.85611510791367,13.42925659472422,55.00000000000001,25.08144509011537
ma125_r0.275_c1.00_v20.40_v10.20,125,0.27499999999999997,1.0,0.4,0.2,78.2633882398969,-16.691969229393344,37.50838054739556,71.573907839617,20.40694195092759,40.0,85.66156448998868,29.0583057084558,-6.764403468129377,38.024433785251304,79.61630695443645,14.148681055155876,40.0,22.968887185427313
ma75_r0.300_c1.00_v20.70_v10.00,75,0.29999999999999993,1.0,0.7,0.0,78.24896614154162,-19.70675993329919,40.29667096699001,50.927588270496706,19.92818671454219,70.0,90.96937417324489,29.738759815216365,-12.692847996553292,44.75376108335439,61.87050359712231,15.347721822541965,70.0,29.149099376214302
ma175_r0.150_c1.00_v20.55_v10.10,175,0.15,1.0,0.55,0.1,78.21661816720045,-15.119904685445873,37.11067483689447,76.0622381807301,14.661879114302812,43.520881503950484,87.34061713531077,28.561043414703356,-6.527464714419984,35.184910903865855,84.17266187050359,13.189448441247004,43.520881503950484,20.75814086597094
ma200_r0.125_c1.00_v20.55_v10.00,200,0.125,1.0,0.55,0.0,78.17170453596518,-10.415263522056584,33.16611923683374,58.16876122082585,6.941950927588271,36.26740125329208,82.60292158880884,24.569490621080337,-6.353263119462893,31.194047260424814,69.7841726618705,6.235011990407674,36.26740125329208,19.83209716959877
ma100_r0.175_c0.75_v20.85_v10.30,100,0.175,0.75,0.85,0.3,78.11598518135759,-13.431095841737973,36.550950441795884,69.47935368043088,0.0,63.74999999999999,62.63868221617287,28.45885958838814,-9.758708309725462,39.17005052817844,78.8968824940048,0.0,63.74999999999999,18.79715332909248
ma225_r0.275_c1.00_v20.85_v10.00,225,0.27499999999999997,1.0,0.85,0.0,78.10772428672419,-16.85025867077121,47.26385801443499,54.877318970676235,21.424296828246558,85.0,93.30783782385643,24.258594519334853,-15.502916049099447,54.07047479402625,69.06474820143885,14.628297362110313,85.0,32.0852121498289
ma250_r0.300_c0.75_v20.85_v10.20,250,0.29999999999999993,0.75,0.85,0.2,78.07958973969846,-11.341856359018877,38.295595683637444,74.74566128067026,0.0,63.74999999999999,68.36603703233953,29.585824782817017,-10.704089859646594,44.33118299128209,86.810551558753,0.0,63.74999999999999,23.503297973518812
ma225_r0.125_c1.00_v20.55_v10.10,225,0.125,1.0,0.55,0.1,78.06149648986043,-12.830723018538349,34.342818458687724,76.42130460801914,7.121484141232795,36.26740125329208,82.17303372465497,26.55145437092452,-5.423300956752152,32.271592070678814,86.57074340527578,6.235011990407674,36.26740125329208,19.71915656639416
ma150_r0.150_c1.00_v20.25_v10.20,150,0.15,1.0,0.25,0.2,78.0216003202531,-13.680282390421938,32.24878895396946,74.44643925792938,14.961101137043686,19.78221886543204,74.62493406330728,29.593462666900194,-3.6800653610088774,29.15101652434776,81.29496402877699,13.189448441247004,19.78221886543204,16.024857422220414
ma175_r0.300_c1.00_v20.70_v10.10,175,0.29999999999999993,1.0,0.7,0.1,78.00459876399847,-17.529414313899693,44.79404440578708,74.56612806702573,20.46678635547576,70.0,95.69681215795055,28.698766302672183,-12.692847996553258,48.44846161628961,83.21342925659472,15.347721822541965,70.0,28.530176775398864
ma150_r0.200_c1.00_v20.70_v10.00,150,0.19999999999999998,1.0,0.7,0.0,77.98129884153322,-16.11223236001418,41.50662031769676,55.41591861160982,18.970676241771393,70.0,89.27927009374679,27.672898969798787,-10.949371936004692,43.3450998512107,68.10551558752998,13.42925659472422,70.0,26.599088810713102
ma250_r0.200_c1.00_v20.40_v10.00,250,0.19999999999999998,1.0,0.4,0.0,77.9806270397231,-11.884186817376396,34.636644820112124,54.69778575703172,21.125074805505687,40.0,82.04901517640423,26.275775051526363,-7.323335700247757,34.04005206668066,69.54436450839329,13.42925659472422,40.0,22.96490138753044
ma150_r0.225_c1.00_v20.25_v10.20,150,0.22499999999999998,1.0,0.25,0.2,77.89298130554323,-14.499524343153292,34.36839349078789,73.12986235786954,19.389587073608617,25.0,76.88745949958937,29.622882712775045,-5.416451106610998,32.757445296221945,79.85611510791367,13.42925659472422,25.0,18.393035698414113
ma250_r0.175_c0.75_v20.85_v10.30,250,0.175,0.75,0.85,0.3,77.84931174666461,-11.580189085300885,38.53475785493343,75.10472770795931,0.0,63.74999999999999,66.618865127903,29.360003699496584,-9.760642910104789,42.18346021889025,88.2494004796163,0.0,63.74999999999999,20.895513829522997
ma175_r0.225_c1.00_v20.85_v10.00,175,0.22499999999999998,1.0,0.85,0.0,77.84392706266642,-18.718167790514528,46.57577533564126,55.475763016157984,19.15020945541592,85.0,94.60289763836812,28.26530559722076,-13.493663105354969,50.329401848683574,67.62589928057554,13.42925659472422,85.0,29.404095895681095
ma100_r0.200_c0.75_v20.85_v10.30,100,0.19999999999999998,0.75,0.85,0.3,77.83933658037749,-13.555769990936595,36.960164465184256,69.4195092758827,0.0,63.74999999999999,63.11321184029853,28.165957943993902,-10.534451452388282,40.36789279627605,78.65707434052757,0.0,63.74999999999999,19.410807525164238
ma125_r0.300_c1.00_v20.25_v10.30,125,0.29999999999999993,1.0,0.25,0.3,77.8333998997471,-16.94104691335322,36.76631216379867,72.23219628964692,20.94554159186116,25.0,80.93165720824439,31.21019804361529,-7.817046703149821,37.18607717073018,80.0959232613909,16.30695443645084,25.0,21.45543598930182
ma125_r0.250_c1.00_v20.25_v10.30,125,0.24999999999999997,1.0,0.25,0.3,77.81018814294485,-16.926735204745157,36.313655578352204,72.23219628964692,19.68880909634949,25.0,79.57674870353098,31.01662837660648,-7.257220654359553,35.744287332510496,80.0959232613909,13.42925659472422,25.0,19.943844043387607
ma200_r0.125_c1.00_v20.40_v10.30,200,0.125,1.0,0.4,0.3,77.79275457332784,-13.861288089596457,34.69402936294633,76.95990424895272,7.001795332136446,26.376291820576053,78.97885530129827,30.340121931403207,-3.9598373853068747,31.07372450420285,84.17266187050359,6.235011990407674,26.376291820576053,16.059588391243295
ma250_r0.200_c0.75_v20.85_v10.30,250,0.19999999999999998,0.75,0.85,0.3,77.76720313162551,-11.706894874628793,38.97787298078395,74.98503889886295,0.0,63.74999999999999,67.20797537197951,29.055011305734958,-10.534451452388282,43.49607815163339,87.76978417266187,0.0,63.74999999999999,21.617518826997724
ma75_r0.175_c1.00_v20.70_v10.00,75,0.175,1.0,0.7,0.0,77.7641954291238,-19.537312181241518,38.23280588303936,51.526032315978455,17.65409934171155,68.5095778846132,88.34929510755707,30.96182097690403,-10.196430864600014,39.69449626939795,62.829736211031175,13.189448441247004,68.5095778846132,25.86051641347131
ma250_r0.175_c1.00_v20.40_v10.00,250,0.175,1.0,0.4,0.0,77.75954677119037,-12.157154861516561,34.03961148142473,54.81747456612807,19.80849790544584,39.14833021977897,81.03911300740228,26.984790934229075,-6.559766879949769,32.752647515453354,69.54436450839329,13.42925659472422,39.14833021977897,21.683876524658018
ma75_r0.200_c1.00_v20.40_v10.10,75,0.19999999999999998,1.0,0.4,0.1,77.75796761319135,-16.748386409605754,33.52224391052769,67.56433273488929,18.91083183722322,40.0,83.0455551852478,30.01084832132319,-6.285009978051825,32.74776486154915,74.82014388489209,13.189448441247004,40.0,21.870075126953747
ma100_r0.125_c1.00_v20.25_v10.20,100,0.125,1.0,0.25,0.2,77.75661633991804,-12.798614488723226,29.144680731991446,70.8557749850389,7.001795332136446,16.04977159471135,68.74247637331612,28.626053611953406,-3.1672470553093635,26.57583903880683,78.41726618705036,6.235011990407674,16.04977159471135,14.990534404549301
ma75_r0.150_c1.00_v20.55_v10.00,75,0.15,1.0,0.55,0.0,77.74585428239304,-17.065814797922872,33.57339162245532,52.66307600239377,15.439856373429084,46.139103473310925,84.16896268204623,28.378796071430813,-7.617088768155622,33.04649353081949,64.26858513189448,12.949640287769784,46.139103473310925,22.072142707654134
ma225_r0.175_c1.00_v20.70_v10.00,225,0.175,1.0,0.7,0.0,77.722573295539,-15.363903354704245,40.99531687615183,55.53560742070617,19.03052064631957,64.62191496041132,89.18128462703925,27.036393283888938,-10.31226786577485,42.39498854068247,70.02398081534771,13.42925659472422,64.62191496041132,25.940653643517336
ma200_r0.150_c1.00_v20.25_v10.30,200,0.15,1.0,0.25,0.3,77.69681199709251,-15.541625574053175,35.38007541107063,76.95990424895272,14.90125673249551,19.78221886543204,81.03920278440528,31.652433849268213,-5.01978257143727,31.579692011536565,84.41247002398082,13.189448441247004,19.78221886543204,16.51613665245527
ma200_r0.225_c1.00_v20.40_v10.10,200,0.22499999999999998,1.0,0.4,0.1,77.67574424120878,-12.301499664009974,36.62689960108301,75.22441651705566,20.40694195092759,40.0,86.62463845050566,26.750477882247537,-7.048512412516283,35.59477470163687,84.17266187050359,13.42925659472422,40.0,22.453331980752473
ma75_r0.200_c1.00_v20.25_v10.20,75,0.19999999999999998,1.0,0.25,0.2,77.67443596078883,-16.05033366116708,32.24518790885588,67.56433273488929,18.91083183722322,25.0,77.56126584794539,32.17443166266396,-4.3540303291359495,30.446723735679114,74.82014388489209,13.189448441247004,25.0,18.46211891077189
ma175_r0.125_c1.00_v20.70_v10.30,175,0.125,1.0,0.7,0.3,77.66169600810325,-16.749961791873037,40.18965456624277,76.84021543985638,6.822262118491921,46.15851068600809,88.82221273062495,31.486649236832264,-6.211552074066584,37.76756112204788,84.17266187050359,6.235011990407674,46.15851068600809,20.285148266746493
ma225_r0.250_c1.00_v20.85_v10.00,225,0.24999999999999997,1.0,0.85,0.0,77.60571827056759,-16.83594038873576,46.90938188335854,54.937163375224415,20.586475164572114,85.0,92.78073665377998,24.390976919182663,-15.387856319628657,52.935360994401506,69.30455635491607,13.42925659472422,85.0,31.42412969453061
ma175_r0.125_c1.00_v20.55_v10.30,175,0.125,1.0,0.55,0.3,77.5995780299396,-15.120062307668224,36.9061809015692,76.66068222621185,6.941950927588271,36.26740125329208,86.11363481498114,30.499378947394405,-4.506461673259454,33.85469353131459,84.17266187050359,6.235011990407674,36.26740125329208,18.675501860867172
ma200_r0.225_c1.00_v20.25_v10.30,200,0.22499999999999998,1.0,0.25,0.3,77.57421594170995,-16.286505832610352,37.88031974199375,76.36146020347098,20.40694195092759,25.0,83.38878323168258,31.41531497284875,-7.3444991957299255,35.82141995516123,84.41247002398082,13.42925659472422,25.0,18.78697125005754
ma250_r0.300_c0.75_v20.70_v10.30,250,0.29999999999999993,0.75,0.7,0.3,77.54450391227769,-10.916842339656652,36.43088919584237,74.74566128067026,0.0,52.49999999999999,68.82657551812498,30.438473100561893,-9.035262547869793,40.506019727247725,86.810551558753,0.0,52.49999999999999,21.632466929893905
ma150_r0.225_c1.00_v20.40_v10.10,150,0.22499999999999998,1.0,0.4,0.1,77.51974324012463,-14.115395900074745,35.82348963409702,73.12986235786954,19.389587073608617,40.0,84.22116140279444,27.000572276035363,-7.048512412516283,35.26611023561579,79.85611510791367,13.42925659472422,40.0,22.449854933041237
ma175_r0.300_c1.00_v20.40_v10.30,175,0.29999999999999993,1.0,0.4,0.3,77.49585778050303,-16.35479073104692,40.67190448642259,74.44643925792938,21.424296828246558,40.0,86.40757869573403,29.38515712368217,-9.45361116894361,41.41254936560418,83.21342925659472,15.827338129496402,40.0,21.993318191422198
ma125_r0.275_c1.00_v20.25_v10.30,125,0.27499999999999997,1.0,0.25,0.3,77.47389773906829,-16.941046913353297,36.583627689553005,72.23219628964692,20.40694195092759,25.0,80.26472439132756,30.861869661077755,-7.577614884730388,36.58676774281511,80.0959232613909,14.148681055155876,25.0,20.778171246316642
ma150_r0.275_c1.00_v20.70_v10.00,150,0.27499999999999997,1.0,0.7,0.0,77.4559953974775,-16.440626461929963,42.71457270589676,54.7576301615799,20.167564332734887,70.0,91.26915723047398,26.48377324890001,-12.499996036531947,46.67168914011036,67.14628297362111,14.628297362110313,70.0,28.850524322451328
ma225_r0.150_c1.00_v20.55_v10.00,225,0.15,1.0,0.55,0.0,77.43465320403362,-13.077016758499793,35.866828583832024,56.193895870736085,15.380011968880911,43.520881503950484,84.96754960353303,25.417923410920974,-7.617088768155689,34.980324720484354,71.46282973621103,13.189448441247004,43.520881503950484,22.008372274163463
ma250_r0.225_c1.00_v20.40_v10.00,250,0.22499999999999998,1.0,0.4,0.0,77.36915912008504,-11.820670891487772,35.05188411019797,54.219030520646314,21.125074805505687,40.0,82.95110664285426,25.529492179484457,-8.209636916672435,35.100461099000576,69.06474820143885,13.42925659472422,40.0,23.93652221097654
ma175_r0.250_c1.00_v20.40_v10.30,175,0.24999999999999997,1.0,0.4,0.3,77.36243375795434,-16.340380289823575,40.1865276132437,74.50628366247756,20.287253141831236,40.0,85.13228766096489,29.29333661366631,-8.990336464148818,39.901951615013566,83.45323741007195,13.42925659472422,40.0,20.551007641873095
ma125_r0.125_c1.00_v20.40_v10.20,125,0.125,1.0,0.4,0.2,77.36191447749461,-14.347360295750223,31.96090819111379,73.36923997606223,7.001795332136446,26.376291820576053,77.80759564073604,28.124668942964416,-3.2892635419669025,29.328109130475106,81.29496402877699,6.235011990407674,26.376291820576053,17.1491347008563
ma75_r0.175_c1.00_v20.55_v10.00,75,0.175,1.0,0.55,0.0,77.35349160800837,-17.543536352434074,34.67154611934317,51.526032315978455,17.7737881508079,53.82895405219609,85.5285977531613,28.844583372640997,-8.857624521215913,34.82204813851588,62.829736211031175,13.189448441247004,53.82895405219609,23.642203511188864
ma225_r0.300_c1.00_v20.40_v10.10,225,0.29999999999999993,1.0,0.4,0.1,77.31154088884983,-12.978539465463745,37.4730789565419,74.80550568521844,22.022740873728306,40.0,86.82385801272532,25.352047534769227,-8.572272847530026,38.784396023493336,86.09112709832134,15.827338129496402,40.0,25.62831045231046
ma200_r0.300_c1.00_v20.40_v10.10,200,0.29999999999999993,1.0,0.4,0.1,77.27904559682726,-12.503634191894875,37.42793395712064,74.92519449431478,21.903052064631957,40.0,88.83431461301151,26.389975609103967,-8.226708858093424,38.062738830024465,82.9736211031175,15.827338129496402,40.0,24.882793167520408
ma175_r0.250_c1.00_v20.85_v10.00,175,0.24999999999999997,1.0,0.85,0.0,77.27591466351448,-18.890227545577776,47.02484244561537,55.23638539796529,19.50927588270497,85.0,95.16054979529758,27.606798687393088,-14.011802880932455,51.62345355922443,67.38609112709833,13.42925659472422,85.0,30.103942836048223
ma100_r0.275_c0.75_v20.85_v10.20,100,0.27499999999999997,0.75,0.85,0.2,77.25475542191454,-13.427193629124833,36.326490963948736,69.06044284859367,0.0,63.74999999999999,64.23800528296248,27.981077754408034,-10.664276365609505,41.00892683934019,77.21822541966426,0.0,63.74999999999999,20.697141339205924
ma175_r0.175_c1.00_v20.40_v10.20,175,0.175,1.0,0.4,0.2,77.23623656518986,-15.449985758693574,36.74131077870027,75.52363853979654,18.791143028126868,36.92680854880647,86.10118988317546,29.745968138063827,-5.195468087359522,34.46579018211827,84.17266187050359,13.42925659472422,36.92680854880647,20.164891578197036
ma175_r0.200_c1.00_v20.40_v10.20,175,0.19999999999999998,1.0,0.4,0.2,77.2355242462643,-15.410518232966918,37.41446132108547,75.10472770795931,19.92818671454219,40.0,87.00352148431298,29.175612236852633,-5.932035213363973,35.86095951329616,84.17266187050359,13.42925659472422,40.0,21.253702488080137
ma150_r0.300_c1.00_v20.40_v10.10,150,0.29999999999999993,1.0,0.4,0.1,77.198553042451,-14.315229144318387,36.6202214652983,73.07001795332137,20.885697187312985,40.0,86.43431461301152,26.629905932899756,-8.226708858093424,37.72700741515636,79.61630695443645,15.827338129496402,40.0,24.882793167520408
ma75_r0.175_c1.00_v20.25_v10.20,75,0.175,1.0,0.25,0.2,77.17543707739429,-16.060088377713775,31.710932943289478,67.62417713943746,18.073010173548774,22.469680232595888,77.21845502276881,32.09582043615309,-3.8181512316695976,29.41546880405707,74.82014388489209,13.189448441247004,22.469680232595888,17.86567259891974
ma200_r0.150_c1.00_v20.40_v10.00,200,0.15,1.0,0.4,0.0,77.16945992602653,-10.857564876196824,32.83768895314763,56.134051466187906,15.260323159784562,31.651550184691263,82.14763547057007,25.232889748000353,-5.634574742518783,30.54850419793841,68.82494004796163,13.189448441247004,31.651550184691263,19.642798546866917
ma225_r0.250_c1.00_v20.40_v10.10,225,0.24999999999999997,1.0,0.4,0.1,77.16895079612745,-12.963547361873307,36.99379613824509,74.86535008976661,20.885697187312985,40.0,85.26688695426009,25.647411698610313,-7.718171686022091,37.20257584183852,86.33093525179856,13.42925659472422,40.0,23.934534388415756
ma75_r0.275_c1.00_v20.70_v10.00,75,0.27499999999999997,1.0,0.7,0.0,77.14095677960341,-19.706759933299058,40.124005069163395,50.927588270496706,19.68880909634949,70.0,90.76025303839991,29.331630927047627,-12.499996036531936,44.20445048068243,61.87050359712231,14.388489208633093,70.0,28.941620130377252
ma75_r0.175_c1.00_v20.40_v10.10,75,0.175,1.0,0.4,0.1,77.13691585087585,-16.84278132027106,32.93644652452347,67.62417713943746,18.073010173548774,35.95148837215342,82.47201679508935,30.1365471772975,-5.516642800870786,31.583298307034713,74.82014388489209,13.189448441247004,35.95148837215342,20.982516583566145
ma250_r0.100_c1.00_v20.70_v10.20,250,0.1,1.0,0.7,0.2,77.1343722592112,-10.116685374372258,32.959406212707286,78.27648114901257,1.6756433273488927,35.95148837215342,75.92938515088899,28.060284930527835,-4.870781465304452,31.269477352015667,88.48920863309353,0.2398081534772182,35.95148837215342,18.797441802031162
ma75_r0.200_c1.00_v20.70_v10.00,75,0.19999999999999998,1.0,0.7,0.0,77.12221944357881,-19.592104558702705,38.98669985693935,51.526032315978455,18.491921005385997,70.0,89.2488125771807,30.19599668394255,-10.94937193600467,41.204242964704626,62.829736211031175,13.189448441247004,70.0,27.047158489204683
ma150_r0.225_c1.00_v20.70_v10.00,150,0.22499999999999998,1.0,0.7,0.0,77.1211042005582,-16.247845652276983,42.016348440285306,54.877318970676235,18.970676241771393,70.0,90.10731760746566,26.80312721996414,-11.612711640417828,44.5911157980279,67.62589928057554,13.42925659472422,70.0,27.438239174560636
ma175_r0.225_c1.00_v20.70_v10.10,175,0.22499999999999998,1.0,0.7,0.1,77.10087247312947,-17.35350134420911,43.85352838485432,74.86535008976661,19.090365050867746,70.0,94.11727998745089,28.75016175919356,-11.338183004008794,45.62383864324397,83.93285371702638,13.42925659472422,70.0,26.690375426823085
ma175_r0.150_c1.00_v20.70_v10.00,175,0.15,1.0,0.7,0.0,77.09819309116735,-16.445293465326415,39.514387078076815,56.91202872531418,14.841412327947337,55.39021282320971,89.40015030458868,28.393847047979914,-8.773522621551532,39.25227513826284,69.54436450839329,13.189448441247004,55.39021282320971,23.225327956289696
ma150_r0.175_c1.00_v20.55_v10.00,150,0.175,1.0,0.55,0.0,77.0813777736086,-14.1879183219489,36.77166954626639,55.65529622980251,18.073010173548774,50.7743617546089,85.83691043286127,26.46281999695619,-8.857624521215968,36.42391331738728,68.10551558752998,13.42925659472422,50.7743617546089,23.285688424094406
ma175_r0.300_c1.00_v20.55_v10.10,175,0.29999999999999993,1.0,0.55,0.1,77.06703584199586,-15.602562730691016,40.6331737869908,74.56612806702573,20.586475164572114,55.00000000000001,93.42589352962496,26.908544509160336,-10.272837068484842,42.55155768783281,83.21342925659472,15.347721822541965,55.00000000000001,26.766815115603563
ma175_r0.275_c1.00_v20.40_v10.30,175,0.27499999999999997,1.0,0.4,0.3,77.05950699668695,-16.354790731046897,40.47604990835372,74.44643925792938,21.005385996409338,40.0,85.77653019538131,29.071103528626963,-9.261756114501607,40.790921331942464,83.21342925659472,14.148681055155876,40.0,21.346764155527115
ma75_r0.125_c1.00_v20.55_v10.10,75,0.125,1.0,0.55,0.1,77.04943963548929,-16.061064704102545,32.195799855287234,69.35966487133453,6.822262118491921,35.30949750836497,81.62711553643899,28.708336746615615,-5.423300956752131,30.48270903645674,75.0599520383693,5.755395683453238,35.30949750836497,19.881156181279195
ma225_r0.200_c1.00_v20.70_v10.00,225,0.19999999999999998,1.0,0.7,0.0,77.03326208531193,-15.111779266641378,41.85210303760555,55.475763016157984,20.227408737283064,70.0,90.32525232208847,25.923484399584783,-11.207873040834404,44.24311876705189,70.02398081534771,13.42925659472422,70.0,27.468858976301497
ma125_r0.125_c1.00_v20.55_v10.10,125,0.125,1.0,0.55,0.1,77.02300522634368,-14.560663047964539,33.61115584325689,73.36923997606223,6.941950927588271,36.26740125329208,82.38424205208233,26.630760455219992,-5.423300956752152,31.508160129756313,81.29496402877699,6.235011990407674,36.26740125329208,19.049272091373176
ma75_r0.225_c1.00_v20.40_v10.10,75,0.22499999999999998,1.0,0.4,0.1,77.00567369877662,-16.647535089678765,33.92112603870817,67.20526630760024,18.91083183722322,40.0,83.64149702981527,29.382209820658602,-7.048512412516272,33.67312764385591,74.82014388489209,13.189448441247004,40.0,22.578674017443657
ma175_r0.150_c1.00_v20.40_v10.20,175,0.15,1.0,0.4,0.2,76.99275278527311,-14.64998288164926,35.40653206439064,75.88270496708557,14.961101137043686,31.651550184691263,84.00697488935027,29.379899068600036,-4.465260989607389,32.66474595906884,84.17266187050359,13.189448441247004,31.651550184691263,18.743445059941546
ma150_r0.300_c1.00_v20.25_v10.20,150,0.29999999999999993,1.0,0.25,0.2,76.98253164129187,-14.701080234434905,35.12616307342995,73.07001795332137,20.885697187312985,25.0,78.95990056674304,29.374160449934394,-6.5065720600097965,35.07829908313988,79.61630695443645,15.827338129496402,25.0,20.684566560371863
ma175_r0.225_c1.00_v20.55_v10.10,175,0.22499999999999998,1.0,0.55,0.1,76.94930466108336,-15.4168472413321,39.792146905376946,74.86535008976661,19.210053859964095,55.00000000000001,91.5605554937973,27.2507218176504,-9.040807806312534,40.01938432924048,83.93285371702638,13.42925659472422,55.00000000000001,24.66392628787518
ma225_r0.275_c1.00_v20.40_v10.10,225,0.27499999999999997,1.0,0.4,0.1,76.93822622142623,-12.978539465463868,37.27948038587532,74.80550568521844,21.603830041891083,40.0,86.06393366853932,25.287191347683425,-8.133906518780398,38.12398700335285,86.09112709832134,14.148681055155876,40.0,24.867987827257334
ma75_r0.300_c1.00_v20.40_v10.10,75,0.29999999999999993,1.0,0.4,0.1,76.93165807913816,-16.8444272822157,34.63428319411227,67.14542190305207,20.40694195092759,40.0,85.52809544903931,29.202862173067512,-8.226708858093456,35.802782599063754,74.58033573141488,15.587529976019185,40.0,24.65455194672363
ma75_r0.300_c1.00_v20.55_v10.00,75,0.29999999999999993,1.0,0.55,0.0,76.90926346491011,-17.731087274092406,36.473824231461485,50.86774386594853,20.047875523638538,55.00000000000001,88.59271184204871,27.301773792665827,-11.502349338657126,39.24135613496287,61.63069544364509,15.347721822541965,55.00000000000001,27.27678164438182
ma250_r0.300_c1.00_v20.40_v10.00,250,0.29999999999999993,1.0,0.4,0.0,76.90896686965449,-12.027995382536504,35.84281617047113,54.099341711549975,22.681029323758228,40.0,85.2831899056427,24.792522755127912,-9.468966335775097,37.62238625888135,68.5851318944844,16.06714628297362,40.0,26.471604307339522
ma100_r0.100_c1.00_v20.55_v10.30,100,0.1,1.0,0.55,0.3,76.90375469413131,-11.975170830506453,29.865050163532516,71.93297426690604,1.7953321364452424,28.24759800669198,70.24050996158019,28.02052856888666,-3.4254473330629254,27.317623069710045,77.6978417266187,0.2398081534772182,28.24759800669198,16.025924852719253
ma250_r0.275_c0.75_v20.85_v10.20,250,0.27499999999999997,0.75,0.85,0.2,76.88506167980707,-11.34185635901882,38.19481941322136,74.74566128067026,0.0,63.74999999999999,68.15686191875214,28.813712928732937,-10.664276365609505,44.00697169884312,86.810551558753,0.0,63.74999999999999,23.24781480905891
ma250_r0.100_c1.00_v20.85_v10.10,250,0.1,1.0,0.85,0.1,76.88385454911209,-10.621946584464526,34.63449924152312,78.2166367444644,1.6756433273488927,44.235037792585366,76.15888428112129,26.64245967902621,-6.095802213336299,34.091375341095166,88.48920863309353,0.2398081534772182,44.235037792585366,20.614383853109643
ma75_r0.125_c1.00_v20.25_v10.30,75,0.125,1.0,0.25,0.3,76.86219980537257,-14.276794765884837,30.291156227535325,69.83842010771993,6.882106523040096,16.04977159471135,76.6023894941964,31.220528621092704,-3.159149436093145,27.32048557966213,75.29976019184652,5.755395683453238,16.04977159471135,16.70952083562807
ma75_r0.225_c1.00_v20.25_v10.20,75,0.22499999999999998,1.0,0.25,0.2,76.83736622012853,-15.97780623095877,32.61306190339447,67.20526630760024,18.91083183722322,25.0,78.06685181251916,31.73431985169497,-4.887538966705129,31.296995827942386,74.82014388489209,13.189448441247004,25.0,19.08939492610704
ma175_r0.175_c1.00_v20.25_v10.30,175,0.175,1.0,0.25,0.3,76.82461779834216,-16.61614846770275,36.18561983101755,76.42130460801914,18.731298623578695,23.079255343004043,81.75824637405327,30.563698327718036,-7.002096922245227,33.36948391050298,84.41247002398082,13.42925659472422,23.079255343004043,17.85970883888963
ma225_r0.100_c1.00_v20.85_v10.30,225,0.1,1.0,0.85,0.3,76.81922126250005,-13.899978260037715,37.13790213275536,77.79772591262717,1.6756433273488927,44.83969609497929,78.49750393300154,28.711289729158818,-5.709192132132424,35.346996117926736,86.810551558753,0.2398081534772182,44.83969609497929,19.531982227950454
ma75_r0.200_c1.00_v20.55_v10.00,75,0.19999999999999998,1.0,0.55,0.0,76.80452697946392,-17.60072097292513,35.32021059086324,51.526032315978455,18.611609814482346,55.00000000000001,86.44483147126334,28.162202674139802,-9.570763679329064,36.10891054943277,62.829736211031175,13.189448441247004,55.00000000000001,24.804413801392226
ma75_r0.150_c1.00_v20.40_v10.10,75,0.15,1.0,0.4,0.1,76.79572297121535,-16.30975447404811,31.900844406164257,68.7013764213046,15.439856373429084,30.815561461845792,81.07536470829493,29.377467675421066,-4.743388819478622,30.064053020375063,74.82014388489209,12.949640287769784,30.815561461845792,19.703515712409292
ma175_r0.125_c1.00_v20.85_v10.10,175,0.125,1.0,0.85,0.1,76.77330712127046,-17.801709294239487,41.19512986312996,76.84021543985638,6.822262118491921,56.04962011872412,88.26919326968208,28.68240843680916,-8.156195734587357,40.30619684490374,84.17266187050359,6.235011990407674,56.04962011872412,22.822689609681152
ma175_r0.275_c1.00_v20.70_v10.10,175,0.27499999999999997,1.0,0.7,0.1,76.74921881449927,-17.529414313899682,44.58441554852369,74.56612806702573,20.167564332734887,70.0,95.27923611798575,28.111365255689623,-12.499996036531936,47.7778959439473,83.21342925659472,14.148681055155876,70.0,28.109772673235412
ma75_r0.125_c1.00_v20.70_v10.10,75,0.125,1.0,0.7,0.1,76.72994989504211,-17.68285199954397,35.28300229087231,69.47935368043088,6.702573309395571,44.939360465191776,84.40541526472421,29.73219602233965,-6.9636814786290575,34.394212347893564,75.0599520383693,5.755395683453238,44.939360465191776,21.90832231103935
ma250_r0.275_c0.75_v20.70_v10.30,250,0.27499999999999997,0.75,0.7,0.3,76.68533140203908,-10.916842339656462,36.33488440450358,74.74566128067026,0.0,52.49999999999999,68.63829410862111,29.787720578234023,-9.100217562017443,40.21055405453344,86.810551558753,0.0,52.49999999999999,21.386011352402747
ma100_r0.300_c0.75_v20.70_v10.30,100,0.29999999999999993,0.75,0.7,0.3,76.68249880543163,-12.83083632806422,34.418104816307164,69.06044284859367,0.0,52.49999999999999,64.47597047569022,29.34894196373945,-9.035262547869793,37.53245720306122,77.21822541966426,0.0,52.49999999999999,19.53186188745914
ma250_r0.100_c1.00_v20.55_v10.30,250,0.1,1.0,0.55,0.3,76.66173038491183,-9.871150632529469,31.520318340004167,78.27648114901257,1.7953321364452424,28.24759800669198,74.28889025934978,28.46007643147759,-3.498201665155942,28.84923965973406,88.48920863309353,0.2398081534772182,28.24759800669198,17.03299333952338
ma200_r0.275_c1.00_v20.40_v10.10,200,0.27499999999999997,1.0,0.4,0.1,76.64661007798152,-12.503634191894708,37.24857024053509,74.92519449431478,21.484141232794734,40.0,88.140185552135,26.068208204057687,-8.016057046755808,37.45447430422381,82.9736211031175,14.148681055155876,40.0,24.184596982866452
ma150_r0.250_c1.00_v20.25_v10.20,150,0.24999999999999997,1.0,0.25,0.2,76.64631601361506,-14.686382562011769,34.695188067917215,73.12986235786954,19.748653500897667,25.0,77.6103006308499,29.107483243360342,-5.898172981899852,33.66873700388688,79.85611510791367,13.42925659472422,25.0,19.178135314516023
ma75_r0.225_c1.00_v20.70_v10.00,75,0.22499999999999998,1.0,0.7,0.0,76.63169487738486,-19.5215144584432,39.48005842946799,51.04727707959306,18.491921005385997,70.0,89.83639599576868,29.52986754278786,-11.612711640417817,42.34137812878156,62.35011990407674,13.189448441247004,70.0,27.76731756286366
ma125_r0.300_c1.00_v20.70_v10.00,125,0.29999999999999993,1.0,0.7,0.0,76.6218585104397,-17.740512987785173,42.633236321107425,54.099341711549975,20.347097546379413,70.0,94.22645031063865,26.612305369941925,-12.692847996553303,47.186376687023944,65.94724220623502,15.587529976019185,70.0,29.006175513608078
ma200_r0.250_c1.00_v20.40_v10.10,200,0.24999999999999997,1.0,0.4,0.1,76.61812911411555,-12.488560271370797,36.9771208469859,74.98503889886295,20.766008378216636,40.0,87.40893412116526,26.17427233138221,-7.718171686022091,36.58520763704931,83.21342925659472,13.42925659472422,40.0,23.313269984424046
ma125_r0.175_c1.00_v20.70_v10.00,125,0.175,1.0,0.7,0.0,76.5981817288232,-17.60609682856533,40.34460162588196,55.11669658886894,18.073010173548774,64.62191496041132,90.40122985686287,27.974864902758178,-10.196430864600082,41.2797712113176,66.90647482014388,13.42925659472422,64.62191496041132,24.788767274587187
ma150_r0.275_c1.00_v20.40_v10.10,150,0.27499999999999997,1.0,0.4,0.1,76.53574962211194,-14.31522914431852,36.44134087128582,73.07001795332137,20.46678635547576,40.0,85.74018555213499,26.30752770601179,-8.016057046755808,37.1187428893557,79.61630695443645,14.148681055155876,40.0,24.184596982866452
ma250_r0.275_c1.00_v20.40_v10.00,250,0.27499999999999997,1.0,0.4,0.0,76.53013914604713,-12.02799538253636,35.66962492188353,54.099341711549975,22.32196289646918,40.0,84.631074528554,24.74729987256541,-9.2611660681446,37.00985824966149,68.5851318944844,14.628297362110313,40.0,25.820427152541065
ma150_r0.250_c1.00_v20.70_v10.00,150,0.24999999999999997,1.0,0.7,0.0,76.49220897495977,-16.426235365920416,42.42095543308413,54.81747456612807,19.329742669060444,70.0,90.77739065979594,26.197836117062923,-12.158511862491206,45.74849697572931,67.38609112709833,13.42925659472422,70.0,28.22441348782372
ma250_r0.200_c1.00_v20.25_v10.10,250,0.19999999999999998,1.0,0.25,0.1,76.49041581352046,-13.053163492273834,33.26215420534976,75.28426092160383,20.885697187312985,25.0,78.4365638451128,28.22830482880361,-4.947770512338034,31.245442689471837,88.2494004796163,13.42925659472422,25.0,19.9570595342471
ma100_r0.150_c1.00_v20.40_v10.00,100,0.15,1.0,0.4,0.0,76.48942828266183,-14.443433331442401,31.399856643149164,53.381208856971874,15.679233991621782,31.651550184691263,77.00579242311892,25.605708851032883,-5.634574742518783,30.075980179305123,66.90647482014388,13.189448441247004,31.651550184691263,18.993806253114265
ma150_r0.275_c1.00_v20.25_v10.20,150,0.27499999999999997,1.0,0.25,0.2,76.4809783746707,-14.701080234434949,34.954638699470095,73.07001795332137,20.46678635547576,25.0,78.28379254576592,29.002110559606642,-6.245067701293627,34.496383073180475,79.61630695443645,14.148681055155876,25.0,19.998052678945434
ma150_r0.250_c1.00_v20.40_v10.10,150,0.24999999999999997,1.0,0.4,0.1,76.47664658898834,-14.300467326338218,36.1703746003097,73.12986235786954,19.748653500897667,40.0,85.00893412116525,26.413793178421518,-7.718171686022091,36.2494762221812,79.85611510791367,13.42925659472422,40.0,23.313269984424046
ma75_r0.125_c1.00_v20.85_v10.00,75,0.125,1.0,0.85,0.0,76.47336216307194,-19.330125468418668,37.49963504482157,53.680430879712745,6.702573309395571,59.42157265502165,85.06936955280833,28.66858219613997,-8.517009252085117,38.08770731185623,64.74820143884892,5.755395683453238,59.42157265502165,24.332487586837356
ma250_r0.250_c1.00_v20.40_v10.00,250,0.24999999999999997,1.0,0.4,0.0,76.45551283134088,-12.012839518704865,35.40122186861358,54.15918611609815,21.484141232794734,40.0,83.86095183986869,24.91401587801039,-8.967320330692552,36.123801098065464,68.82494004796163,13.42925659472422,40.0,24.915234242450758
ma175_r0.200_c1.00_v20.25_v10.30,175,0.19999999999999998,1.0,0.25,0.3,76.4326205218534,-16.45359474871776,36.85409402328324,76.00239377618193,19.92818671454219,25.0,82.23385860608597,30.03605501455229,-7.946670562127823,34.76163579752842,84.41247002398082,13.42925659472422,25.0,18.555342478316
ma175_r0.125_c1.00_v20.70_v10.20,175,0.125,1.0,0.7,0.2,76.42104656030739,-16.31590236980672,38.90235508444006,76.84021543985638,6.822262118491921,46.15851068600809,87.91325496395407,30.04071940955757,-6.605756897741566,36.83573889033608,84.17266187050359,6.235011990407674,46.15851068600809,20.759079823529344
ma200_r0.125_c1.00_v20.40_v10.20,200,0.125,1.0,0.4,0.2,76.33366712119883,-12.498978256767002,33.03155446878351,76.84021543985638,7.001795332136446,26.376291820576053,80.61785494587765,28.38849411010729,-3.2892635419669025,29.794596175723548,84.17266187050359,6.235011990407674,26.376291820576053,17.408025569544918
ma75_r0.125_c1.00_v20.40_v10.20,75,0.125,1.0,0.4,0.2,76.30570767397215,-15.364824198805149,30.8461804656339,69.00059844404548,6.882106523040096,25.67963455153816,78.98052466107146,29.93987777526941,-3.2892635419669247,28.434394967527123,75.0599520383693,5.755395683453238,25.67963455153816,18.17059635707022
ma150_r0.125_c1.00_v20.70_v10.00,150,0.125,1.0,0.7,0.0,76.29640955684958,-14.01789797011136,36.182077215564675,58.2884500299222,6.822262118491921,46.15851068600809,83.3226315125568,26.086469764867125,-7.323787074125643,35.38679842886363,69.7841726618705,6.235011990407674,46.15851068600809,21.419011446186083
ma75_r0.225_c1.00_v20.55_v10.00,75,0.22499999999999998,1.0,0.55,0.0,76.29547139218735,-17.53880255629221,35.75217962066491,51.04727707959306,18.611609814482346,55.00000000000001,87.13945685594584,27.546837781690805,-10.213447914967178,37.103006757240564,62.35011990407674,13.189448441247004,55.00000000000001,25.600101732822846
ma125_r0.125_c1.00_v20.25_v10.30,125,0.125,1.0,0.25,0.3,76.29454500257727,-14.125150132201181,31.176093432445313,73.54877318970676,7.001795332136446,16.485182387860036,73.72159177099589,29.530719105285176,-3.9556726419458177,28.30665956678167,81.5347721822542,6.235011990407674,16.485182387860036,15.815568349191683
ma150_r0.200_c1.00_v20.55_v10.00,150,0.19999999999999998,1.0,0.55,0.0,76.28332259995692,-14.413786258771,37.48397097978566,55.41591861160982,19.090365050867746,55.00000000000001,87.10131887460278,25.654181785383614,-9.570763679329009,37.910976854275624,68.10551558752998,13.42925659472422,55.00000000000001,24.65634412290064
ma200_r0.200_c1.00_v20.25_v10.20,200,0.19999999999999998,1.0,0.25,0.2,76.22859954742553,-14.802036604241886,35.04199650573557,75.58348294434471,20.40694195092759,25.0,79.3031656917741,29.637033123949074,-5.479383525092551,32.38012209954644,84.17266187050359,13.42925659472422,25.0,17.700091687702127
ma75_r0.275_c1.00_v20.40_v10.10,75,0.27499999999999997,1.0,0.4,0.1,76.19737290178304,-16.84442728221568,34.48275662219993,67.14542190305207,19.988031119090365,40.0,84.94281798516047,28.814800702446732,-8.016057046755831,35.30291170801742,74.58033573141488,13.908872901678656,40.0,24.07537586380274
ma100_r0.100_c1.00_v20.85_v10.10,100,0.1,1.0,0.85,0.1,76.16597546208513,-13.830178636556711,33.33282492898378,71.87312986235787,1.6756433273488927,43.65537873761487,73.20820709979165,25.40760827815982,-5.9915067736798555,32.53575011798262,77.6978417266187,0.2398081534772182,43.65537873761487,19.060271342643397
ma200_r0.200_c1.00_v20.40_v10.00,200,0.19999999999999998,1.0,0.4,0.0,76.16512673008707,-10.869962086397356,34.63804403628817,55.17654099341711,20.646319569120287,40.0,85.14149842187797,24.59873349858832,-7.323335700247757,33.422157798647525,67.38609112709833,13.42925659472422,40.0,22.457384633004185
ma100_r0.100_c1.00_v20.70_v10.20,100,0.1,1.0,0.7,0.2,76.16511483158146,-12.610063190469067,31.48203156624672,71.93297426690604,1.6756433273488927,35.95148837215342,72.47243101307427,27.076052254294037,-4.870781465304452,29.735452139041925,77.6978417266187,0.2398081534772182,35.95148837215342,17.508997856637922
ma75_r0.250_c1.00_v20.70_v10.00,75,0.24999999999999997,1.0,0.7,0.0,76.15930069446534,-19.692931350367093,39.8575266093088,50.987432675044886,18.850987432675044,70.0,90.38747775791042,29.024914211965715,-12.158511862491217,43.390008811392185,62.11031175059952,13.189448441247004,70.0,28.4345005859382
ma250_r0.125_c1.00_v20.25_v10.20,250,0.125,1.0,0.25,0.2,76.14180589826319,-12.157521853830556,30.887897685359196,76.5409934171155,7.4207061639736684,16.04977159471135,72.16726723294677,28.366337282623434,-3.7409535437885832,27.68083481191399,88.2494004796163,6.235011990407674,16.04977159471135,15.47002944032798
ma175_r0.275_c1.00_v20.55_v10.10,175,0.27499999999999997,1.0,0.55,0.1,76.14025675520988,-15.602562730691094,40.44696494191108,74.56612806702573,20.287253141831236,55.00000000000001,92.90066752262524,26.478477689229997,-10.068780729712511,41.944383995027,83.21342925659472,14.148681055155876,55.00000000000001,26.238141515615812
ma75_r0.150_c1.00_v20.25_v10.20,75,0.15,1.0,0.25,0.2,76.12933637235227,-15.469724872498137,30.746846460053128,68.7013764213046,15.439856373429084,19.259725913653618,76.29170750490042,31.029762117666102,-3.2798942521615304,28.094004426471326,74.82014388489209,12.949640287769784,19.259725913653618,17.077105729330718
ma75_r0.275_c1.00_v20.55_v10.00,75,0.27499999999999997,1.0,0.55,0.0,76.09607680109276,-17.731087274092317,36.32573842171616,50.86774386594853,19.80849790544584,55.00000000000001,88.28289181482243,27.026113134692476,-11.301090815817583,38.75998660778105,61.63069544364509,14.388489208633093,55.00000000000001,26.968251672804634
ma75_r0.250_c1.00_v20.40_v10.10,75,0.24999999999999997,1.0,0.4,0.1,76.07851382638924,-16.83010119583831,34.23861817098094,67.20526630760024,19.269898264512268,40.0,84.32041815118842,28.873210639639456,-7.718171686022091,34.53993008059689,74.82014388489209,13.189448441247004,40.0,23.3230689670934
ma225_r0.175_c1.00_v20.55_v10.00,225,0.175,1.0,0.55,0.0,76.04928533546823,-13.538516222246077,37.24473640386688,55.53560742070617,19.15020945541592,50.7743617546089,86.81396139049878,25.281451005262113,-8.857624521215968,37.04240896910729,70.02398081534771,13.42925659472422,50.7743617546089,23.883655412936427
ma200_r0.175_c1.00_v20.25_v10.20,200,0.175,1.0,0.25,0.2,76.04729231472673,-14.789976195248888,34.42610108112974,75.70317175344105,19.15020945541592,23.079255343004043,78.93307495054545,29.851554713620843,-4.822804943807646,31.124763182025987,84.17266187050359,13.42925659472422,23.079255343004043,16.982726347346862
ma75_r0.300_c1.00_v20.25_v10.20,75,0.29999999999999993,1.0,0.25,0.2,76.02299740802496,-16.17885720538955,33.28410042805312,67.14542190305207,20.40694195092759,25.0,79.87583311154575,31.586938492511308,-5.9565529117387666,33.27761688951341,74.58033573141488,15.587529976019185,25.0,21.056454991525392
ma175_r0.250_c1.00_v20.70_v10.10,175,0.24999999999999997,1.0,0.7,0.1,76.00645638115672,-17.51521073545812,44.2747080722901,74.6259724715739,19.449431478156793,70.0,94.76261645375685,27.90427271146587,-12.065174263962419,46.817089897671515,83.45323741007195,13.42925659472422,70.0,27.454338793850376
ma250_r0.225_c1.00_v20.25_v10.10,250,0.22499999999999998,1.0,0.25,0.1,75.9847713197306,-12.957959791579764,33.654949923210516,75.04488330341114,20.885697187312985,25.0,79.2097539971262,27.729248978779776,-5.570032714530493,32.23583139905273,88.2494004796163,13.42925659472422,25.0,20.81789706600323
ma250_r0.175_c1.00_v20.25_v10.10,250,0.175,1.0,0.25,0.1,75.97960589468589,-13.106851145701437,32.69956125517239,75.40394973070018,19.68880909634949,22.469680232595888,77.72842657515082,28.41042411171677,-4.326265079281743,30.063802257423312,88.2494004796163,13.42925659472422,22.469680232595888,18.967249863581188
ma100_r0.250_c0.75_v20.85_v10.20,100,0.24999999999999997,0.75,0.85,0.2,75.97822529839743,-13.427193629124623,36.21801781051586,69.18013165769,0.0,63.74999999999999,64.04234319135364,27.34522546865341,-10.706270124021689,40.708239870843116,77.6978417266187,0.0,63.74999999999999,20.491557787938586
ma175_r0.250_c1.00_v20.55_v10.10,175,0.24999999999999997,1.0,0.55,0.1,75.97615703104084,-15.588024997744954,40.16774932612195,74.6259724715739,19.569120287253142,55.00000000000001,92.27755409433821,26.59932732814363,-9.77679356670922,41.07391267861379,83.45323741007195,13.42925659472422,55.00000000000001,25.475583196014373
ma100_r0.275_c0.75_v20.70_v10.30,100,0.27499999999999997,0.75,0.7,0.3,75.92984159965476,-12.83083632806411,34.31777939352032,69.06044284859367,0.0,52.49999999999999,64.26046473748421,28.767296348205875,-9.100217562017443,37.24647905484449,77.21822541966426,0.0,52.49999999999999,19.28545673017088
ma175_r0.150_c1.00_v20.55_v10.00,175,0.15,1.0,0.55,0.0,75.9274270275845,-14.654884679816682,35.83084074549482,56.91202872531418,14.961101137043686,43.520881503950484,86.87515478888538,26.429128106928033,-7.617088768155689,34.45018559043862,69.54436450839329,13.189448441247004,43.520881503950484,21.4958291408703
ma125_r0.200_c1.00_v20.25_v10.20,125,0.19999999999999998,1.0,0.25,0.2,75.91314675287268,-16.141842121667782,33.499200471671905,72.11250748055058,19.329742669060444,25.0,75.3925852297276,29.843664349798573,-5.070755487713696,31.72063649434221,80.3357314148681,13.42925659472422,25.0,17.81279241642557
ma175_r0.225_c1.00_v20.40_v10.20,175,0.22499999999999998,1.0,0.4,0.2,75.90995339311934,-15.362429596773575,37.86444211465423,74.74566128067026,19.92818671454219,40.0,87.78682889504664,28.304528395898032,-6.669752522370542,36.96732307489052,83.93285371702638,13.42925659472422,40.0,22.065225125751176
ma200_r0.250_c1.00_v20.25_v10.30,200,0.24999999999999997,1.0,0.25,0.3,75.88987120893084,-16.46683579399516,38.234193540403574,76.12208258527828,20.766008378216636,25.0,84.07674870353097,30.768143015409045,-7.864414405743291,36.799443207810256,83.45323741007195,13.42925659472422,25.0,19.543844043387608
ma125_r0.150_c1.00_v20.40_v10.10,125,0.15,1.0,0.4,0.1,75.87806635166017,-15.267617321891668,33.27139037460802,72.77079593058049,15.140634350688211,31.651550184691263,80.80495036752465,27.34851859933014,-4.743388819478622,31.141334878275305,81.29496402877699,13.189448441247004,31.651550184691263,18.752501088436873
ma200_r0.175_c1.00_v20.40_v10.00,200,0.175,1.0,0.4,0.0,75.85967223650012,-11.167846731998344,34.037658318106146,55.296229802513466,19.329742669060444,36.92680854880647,84.13140794125331,25.208952537630513,-6.559766879949769,32.156078463474266,67.38609112709833,13.42925659472422,36.92680854880647,21.21758414773782
ma175_r0.125_c1.00_v20.85_v10.00,175,0.125,1.0,0.85,0.0,75.81055823677538,-17.415505300722344,40.05921445247343,58.58767205266307,6.822262118491921,56.04962011872412,87.40321651553174,27.232862092333534,-8.587708788434135,39.7476363185283,69.7841726618705,6.235011990407674,56.04962011872412,23.166337696268947
ma150_r0.300_c1.00_v20.55_v10.00,150,0.29999999999999993,1.0,0.55,0.0,75.78770698712309,-14.71605011055156,38.735797005492486,54.69778575703172,20.526630760023938,55.00000000000001,89.82060732431133,24.42184170675834,-11.502349338657092,41.47098804241083,66.90647482014388,15.587529976019185,55.00000000000001,27.604677126644447
ma125_r0.200_c1.00_v20.70_v10.00,125,0.19999999999999998,1.0,0.7,0.0,75.76390066104229,-17.63149971246233,41.18240414126567,54.7576301615799,18.91083183722322,70.0,91.74037848733944,27.17264518675895,-10.949371936004692,43.06614393661888,66.90647482014388,13.42925659472422,70.0,26.26673276389942
ma225_r0.225_c1.00_v20.70_v10.00,225,0.22499999999999998,1.0,0.7,0.0,75.76352230399218,-14.932627764937955,42.388603765586595,54.99700777977259,20.227408737283064,70.0,91.09447612619189,24.619330373150916,-12.090467253626326,45.58025729131431,69.54436450839329,13.42925659472422,70.0,28.41673061084758
ma175_r0.150_c1.00_v20.25_v10.30,175,0.15,1.0,0.25,0.3,75.7630966533653,-15.585190395584924,34.86155987635506,76.7803710353082,14.961101137043686,19.78221886543204,80.28183628086734,30.085287157682792,-6.014745201202087,31.620285252028452,84.41247002398082,13.189448441247004,19.78221886543204,16.880727795144296
ma125_r0.150_c1.00_v20.55_v10.00,125,0.15,1.0,0.55,0.0,75.74518164986523,-15.503101890930948,35.253173531296234,56.01436265709157,15.140634350688211,43.520881503950484,85.90828350823281,26.00508212810042,-7.617088768155689,34.21389853658642,68.34532374100719,13.189448441247004,43.520881503950484,21.214309993852105
ma250_r0.300_c1.00_v20.25_v10.10,250,0.29999999999999993,1.0,0.25,0.1,75.7433963799413,-13.160257758020844,34.41385318305154,74.92519449431478,22.381807301017353,25.0,81.5614417851783,27.528935065365378,-6.794835013684675,34.628136067473456,87.76978417266187,15.827338129496402,25.0,23.373451193293725
ma200_r0.300_c1.00_v20.40_v10.00,200,0.29999999999999993,1.0,0.4,0.0,75.73144136871899,-10.916166017224526,35.7910828993004,54.57809694793537,22.20227408737283,40.0,88.12191477385332,23.576123125289605,-9.468966335775097,36.79157979335069,66.42685851318944,16.06714628297362,40.0,25.71032917555014
ma200_r0.300_c1.00_v20.25_v10.30,200,0.29999999999999993,1.0,0.25,0.3,75.72901214107499,-16.481226733224375,38.68974886128845,76.12208258527828,22.022740873728306,25.0,85.4316572082444,30.96134555933403,-8.420575232495997,38.24123304602994,83.45323741007195,16.30695443645084,25.0,21.05543598930182
ma175_r0.300_c1.00_v20.70_v10.00,175,0.29999999999999993,1.0,0.7,0.0,75.72852197797712,-16.98991993155615,43.267459403515616,55.17654099341711,20.586475164572114,70.0,94.9972696555075,26.867767050594328,-12.692847996553303,47.3297502378731,67.14628297362111,15.587529976019185,70.0,29.176994858476924
ma200_r0.225_c1.00_v20.40_v10.00,200,0.22499999999999998,1.0,0.4,0.0,75.71649133109479,-10.70622126694315,35.0400141388666,54.69778575703172,20.646319569120287,40.0,85.98015029401223,23.972844102071033,-8.209636916672435,34.42939461915714,66.90647482014388,13.42925659472422,40.0,23.365565862134506
ma250_r0.150_c1.00_v20.25_v10.10,250,0.15,1.0,0.25,0.1,75.70182579153217,-12.687576472101581,31.5524540980973,75.52363853979654,15.61938958707361,19.259725913653618,76.20268278286818,27.93339508873931,-3.716831646722496,28.60936716662888,88.2494004796163,13.189448441247004,19.259725913653618,17.70050716483083
ma75_r0.250_c1.00_v20.55_v10.00,75,0.24999999999999997,1.0,0.55,0.0,75.68665100772944,-17.71691618641864,36.08775103911874,50.927588270496706,18.970676241771393,55.00000000000001,87.80351300920364,27.044576290118606,-11.013111194306314,38.02776258797408,61.87050359712231,13.189448441247004,55.00000000000001,26.35416562450855
ma75_r0.250_c1.00_v20.25_v10.20,75,0.24999999999999997,1.0,0.25,0.2,75.63235837172166,-16.164414165520945,32.90963886926742,67.20526630760024,19.269898264512268,25.0,78.71185396331681,31.248634148022415,-5.38752495537077,32.08963818803932,74.82014388489209,13.189448441247004,25.0,19.776318552275306
ma175_r0.125_c1.00_v20.55_v10.20,175,0.125,1.0,0.55,0.2,75.61509108513245,-14.67138448527676,35.5712804840653,76.66068222621185,6.941950927588271,36.26740125329208,85.28218571976757,28.618747757578777,-4.430797797662089,32.81370695534496,84.17266187050359,6.235011990407674,36.26740125329208,19.102183663447285
ma125_r0.175_c1.00_v20.25_v10.20,125,0.175,1.0,0.25,0.2,75.60931832244724,-16.017402776268586,32.92100427686922,72.59126271693597,18.43207660083782,23.079255343004043,74.81967308961327,29.914174467382516,-4.5535728424468624,30.557857633923668,81.29496402877699,13.42925659472422,23.079255343004043,17.0456159374519
ma175_r0.175_c1.00_v20.70_v10.00,175,0.175,1.0,0.7,0.0,75.5833827709449,-17.115127593622248,41.04980834495519,56.01436265709157,18.0131657690006,64.62191496041132,91.39468775654723,28.568217075851486,-10.196430864600082,41.607812256675174,68.10551558752998,13.42925659472422,64.62191496041132,25.17960474862749
ma125_r0.275_c1.00_v20.70_v10.00,125,0.27499999999999997,1.0,0.7,0.0,75.57308712324246,-17.740512987785085,42.43641319673333,54.099341711549975,20.107719928186714,70.0,93.91257283101086,26.250311189666874,-12.499996036531947,46.540263385165304,65.94724220623502,14.628297362110313,70.0,28.693939922988214
ma250_r0.250_c0.75_v20.70_v10.30,250,0.24999999999999997,0.75,0.7,0.3,75.57256839807724,-10.916842339656485,36.231699810165644,74.74566128067026,0.0,52.49999999999999,68.44617646238282,29.12084765581946,-9.177377100107165,39.917585833617665,86.810551558753,0.0,52.49999999999999,21.139555774911585
ma250_r0.250_c0.75_v20.85_v10.20,250,0.24999999999999997,0.75,0.85,0.2,75.54352915831699,-11.341856359019008,38.08935875649134,74.74566128067026,0.0,63.74999999999999,67.98596830288105,28.132701541715434,-10.706270124021689,43.70048896714941,86.810551558753,0.0,63.74999999999999,23.041380021341748
ma75_r0.275_c1.00_v20.25_v10.20,75,0.27499999999999997,1.0,0.25,0.2,75.49727058559648,-16.178857205389598,33.14065737667578,67.14542190305207,19.988031119090365,25.0,79.2983973785017,31.17591641111939,-5.716947765180125,32.805789703443345,74.58033573141488,13.908872901678656,25.0,20.488950407502834
ma150_r0.125_c1.00_v20.40_v10.10,150,0.125,1.0,0.4,0.1,75.48295087764068,-12.744368399584339,31.078186625166353,74.74566128067026,7.001795332136446,26.376291820576053,77.67143715178383,26.15340454409627,-3.9498081710893085,28.543014609555556,79.85611510791367,6.235011990407674,26.376291820576053,17.762444018287862
ma225_r0.200_c1.00_v20.55_v10.00,225,0.19999999999999998,1.0,0.55,0.0,75.46727208255315,-13.330874362691548,37.9828304255685,55.475763016157984,20.347097546379413,55.00000000000001,87.92316205401411,24.304564965261743,-9.570763679329009,38.61656314529371,70.02398081534771,13.42925659472422,55.00000000000001,25.339734967291527
ma200_r0.275_c1.00_v20.25_v10.30,200,0.27499999999999997,1.0,0.25,0.3,75.46548629351939,-16.48122673322413,38.50561501932358,76.12208258527828,21.484141232794734,25.0,84.76472439132756,30.613677814343255,-8.18271099168263,37.64192361811487,83.45323741007195,14.148681055155876,25.0,20.37817124631664
ma150_r0.225_c1.00_v20.55_v10.00,150,0.22499999999999998,1.0,0.55,0.0,75.45033023756918,-14.516718434782405,37.93414693308523,54.877318970676235,19.090365050867746,55.00000000000001,88.01037846764281,24.855297278439824,-10.213447914967155,39.01204123938528,67.62589928057554,13.42925659472422,55.00000000000001,25.571023344519816
ma225_r0.125_c1.00_v20.25_v10.20,225,0.125,1.0,0.25,0.2,75.35938992448487,-12.308731830873775,30.730699385385435,76.18192698982645,7.1813285457809695,16.485182387860036,72.2316786866836,27.87060315904675,-3.7409535437885832,27.381630644916488,85.61151079136691,6.235011990407674,16.485182387860036,15.427199768162257
ma250_r0.125_c1.00_v20.40_v10.00,250,0.125,1.0,0.4,0.0,75.3548344022021,-11.18008826517707,30.3859343993641,56.79233991621784,7.4207061639736684,27.96309301412784,76.64150672854612,25.24209139712541,-4.672867932000468,28.3006119902805,70.9832134292566,6.235011990407674,27.96309301412784,18.474908988335663
ma225_r0.125_c1.00_v20.70_v10.00,225,0.125,1.0,0.7,0.0,75.33591419589565,-13.895175165887451,36.371277162387,57.86953919808497,7.001795332136446,46.15851068600809,84.56086775751345,25.016452455439264,-7.398734180998822,35.949067203154556,71.70263788968825,6.235011990407674,46.15851068600809,21.96261779967883
ma200_r0.125_c1.00_v20.40_v10.10,200,0.125,1.0,0.4,0.1,75.31810357400359,-11.230629539854064,31.653028552460267,76.84021543985638,7.001795332136446,26.376291820576053,79.43183290949429,26.000781285603104,-3.9498081710893085,28.734511380904763,84.17266187050359,6.235011990407674,26.376291820576053,17.766495246879224
ma225_r0.300_c1.00_v20.70_v10.00,225,0.29999999999999993,1.0,0.7,0.0,75.28739180853276,-15.126799547576141,43.35520885709666,54.877318970676235,21.663674446439256,70.0,92.90192490389009,23.35035647669239,-13.634465122769834,48.59265032644363,69.06474820143885,15.587529976019185,70.0,30.48165010685952
ma175_r0.300_c1.00_v20.40_v10.20,175,0.29999999999999993,1.0,0.4,0.2,75.23661938107406,-15.547985740320025,38.688459297045874,74.44643925792938,21.424296828246558,40.0,89.93353569026064,27.935066593217496,-7.73747744463984,39.45189890045428,83.21342925659472,15.827338129496402,40.0,24.450644715359154
ma200_r0.225_c1.00_v20.25_v10.20,200,0.22499999999999998,1.0,0.25,0.2,75.23308909122264,-14.745377614851519,35.4590575141232,75.344105326152,20.40694195092759,25.0,79.89441359501183,29.10990738566841,-6.07096676496186,33.41477422826409,84.17266187050359,13.42925659472422,25.0,18.399989793836582
ma175_r0.125_c1.00_v20.40_v10.30,175,0.125,1.0,0.4,0.3,75.22028797084444,-14.127006326654179,34.33621701119228,76.66068222621185,7.001795332136446,26.376291820576053,79.16727093241188,29.046118719280756,-4.798460130826365,31.107552204612755,84.17266187050359,6.235011990407674,26.376291820576053,16.36341434348415
ma125_r0.100_c1.00_v20.85_v10.30,125,0.1,1.0,0.85,0.3,75.21259319903277,-15.794440698427914,36.364970678888454,74.56612806702573,1.6756433273488927,44.83969609497929,78.72783428574321,28.344847546161887,-5.601063409213836,34.25007595488536,81.5347721822542,0.2398081534772182,44.83969609497929,18.694403501405002
ma125_r0.150_c1.00_v20.25_v10.20,125,0.15,1.0,0.25,0.2,75.20728556453462,-15.2335803280206,31.828010702059007,72.77079593058049,15.140634350688211,19.78221886543204,73.64686205142633,29.279589608476254,-3.913350527175341,29.105437118004573,81.29496402877699,13.189448441247004,19.78221886543204,16.088485733786854
ma250_r0.250_c1.00_v20.25_v10.10,250,0.24999999999999997,1.0,0.25,0.1,75.19981630879138,-13.145294589808609,33.981641667557824,74.98503889886295,21.244763614602036,25.0,80.03583729706334,27.3611828144521,-6.117959259600736,33.172631103185,88.00959232613909,13.42925659472422,25.0,21.709791492801635
ma200_r0.275_c1.00_v20.40_v10.00,200,0.27499999999999997,1.0,0.4,0.0,75.1980090826233,-10.916166017224349,35.63117941732593,54.57809694793537,21.84320766008378,40.0,87.53323899108041,23.420651414205864,-9.2611660681446,36.232298446026576,66.42685851318944,14.628297362110313,40.0,25.122591615067464
ma200_r0.150_c1.00_v20.25_v10.20,200,0.15,1.0,0.25,0.2,75.19113887636901,-14.02883731957072,33.18539972924997,76.12208258527828,14.90125673249551,19.78221886543204,77.48781316756194,29.239339225411044,-4.136146799650254,29.592090204116534,84.17266187050359,13.189448441247004,19.78221886543204,16.03458037083968
ma250_r0.275_c1.00_v20.25_v10.10,250,0.27499999999999997,1.0,0.25,0.1,75.18750477777438,-13.160257758020698,34.24109550701818,74.92519449431478,21.962896469180134,25.0,80.80477904562288,27.243831603348625,-6.495129853358583,34.02078400186515,87.76978417266187,14.148681055155876,25.0,22.6157706420818
ma125_r0.225_c1.00_v20.70_v10.00,125,0.22499999999999998,1.0,0.7,0.0,75.15416206897874,-17.550731161565135,41.729325583652816,54.219030520646314,18.91083183722322,70.0,92.70841705480025,26.505815454932467,-11.612711640417828,44.4241728881169,66.42685851318944,13.42925659472422,70.0,27.239338621895243
ma125_r0.125_c1.00_v20.70_v10.00,125,0.125,1.0,0.7,0.0,75.14043373633079,-15.418170019728416,35.95937942730576,57.690005984440454,6.822262118491921,46.15851068600809,85.3559565620723,25.667575867984517,-7.323787074125643,35.152483396465364,68.5851318944844,6.235011990407674,46.15851068600809,21.139841821871585
ma100_r0.150_c1.00_v20.25_v10.10,100,0.15,1.0,0.25,0.1,75.13130349795783,-14.18285415871533,29.980038140253768,70.01795332136446,15.320167564332735,19.259725913653618,73.15363171772998,27.412131613886025,-3.56466089522649,27.715387005680913,78.41726618705036,13.189448441247004,19.259725913653618,17.008772300989776
ma225_r0.125_c1.00_v20.40_v10.10,225,0.125,1.0,0.4,0.1,75.10621786170408,-12.2877079877447,31.669813544301213,76.42130460801914,7.1813285457809695,26.376291820576053,78.10765788829079,25.869423373640686,-3.9498081710893085,29.055807823356723,86.57074340527578,6.235011990407674,26.376291820576053,18.077127448875082
ma100_r0.200_c1.00_v20.40_v10.00,100,0.19999999999999998,1.0,0.4,0.0,75.06690056429082,-15.022676461238637,33.00562197715915,52.42369838420108,19.748653500897667,40.0,79.510218845986,25.189241736297994,-7.323335700247757,32.84603263907237,65.46762589928058,13.42925659472422,40.0,21.657384633004185
ma175_r0.200_c1.00_v20.70_v10.00,175,0.19999999999999998,1.0,0.7,0.0,75.0580841204172,-16.9265386330376,41.86893397618121,55.95451825254338,19.15020945541592,70.0,92.68466029542694,27.672898969798787,-10.949371936004692,43.3450998512107,68.10551558752998,13.42925659472422,70.0,26.599088810713102
ma150_r0.275_c1.00_v20.55_v10.00,150,0.27499999999999997,1.0,0.55,0.0,75.0354256122453,-14.71605011055166,38.5610427085436,54.69778575703172,20.287253141831236,55.00000000000001,89.39179600689651,24.191973226471998,-11.301090815817572,40.88275270679461,66.90647482014388,14.628297362110313,55.00000000000001,27.17715586487871
ma125_r0.225_c1.00_v20.25_v10.20,125,0.22499999999999998,1.0,0.25,0.2,74.99238593023784,-16.142074575140363,33.90535550991945,71.63375224416517,19.329742669060444,25.0,76.05490240391714,29.38586229593758,-5.589400756514662,32.71251372300574,79.85611510791367,13.42925659472422,25.0,18.56047860274189
ma250_r0.225_c0.75_v20.70_v10.30,250,0.22499999999999998,0.75,0.7,0.3,74.96997293149015,-10.916842339656652,36.10682419045433,74.98503889886295,0.0,52.49999999999999,68.30078784033769,28.833847197462383,-8.917776222371554,39.55412194014068,87.76978417266187,0.0,52.49999999999999,20.929698250729942
ma200_r0.250_c1.00_v20.40_v10.00,200,0.24999999999999997,1.0,0.4,0.0,74.96739716790766,-10.900818606837348,35.3760641306691,54.637941352483544,21.005385996409338,40.0,86.82655589671087,23.4751174387962,-8.967320330692552,35.39948795632629,66.66666666666666,13.42925659472422,40.0,24.280838299292938
ma225_r0.200_c1.00_v20.25_v10.10,225,0.19999999999999998,1.0,0.25,0.1,74.96320720361025,-12.763297701280397,33.14712232390246,75.16457211250747,20.526630760023938,25.0,79.02859720195244,26.86745728772617,-4.969735816006249,31.012305341993553,86.57074340527578,13.42925659472422,25.0,19.949092891086746
ma125_r0.200_c1.00_v20.40_v10.10,125,0.19999999999999998,1.0,0.4,0.1,74.96154523304928,-16.066573559558428,35.07501602707638,72.11250748055058,19.329742669060444,40.0,83.73828586883376,27.303193622753994,-6.2850099780517805,34.11303015268974,80.3357314148681,13.42925659472422,40.0,21.3426569877835
ma100_r0.150_c0.75_v20.85_v10.20,100,0.15,0.75,0.85,0.2,74.94617048789551,-13.36129093244165,34.844651648504446,69.77857570317175,0.0,63.74999999999999,62.960350216109404,27.59264088700526,-9.089280157961433,36.94108317334583,78.8968824940048,0.0,63.74999999999999,18.963733484268374
ma100_r0.250_c0.75_v20.70_v10.30,100,0.24999999999999997,0.75,0.7,0.3,74.92562420174384,-12.830836328064155,34.21027416773432,69.06044284859367,0.0,52.49999999999999,64.02996794316746,28.169113588232108,-9.177377100107165,36.96299835842628,77.21822541966426,0.0,52.49999999999999,19.039051572882617
ma150_r0.125_c1.00_v20.25_v10.20,150,0.125,1.0,0.25,0.2,74.91051628253753,-12.576195234728116,29.864705299805365,75.10472770795931,7.001795332136446,16.485182387860036,72.16237334415983,27.746597511785588,-3.0642103129027154,26.791672304844376,81.29496402877699,6.235011990407674,16.485182387860036,15.221409934314543
ma100_r0.225_c0.75_v20.85_v10.20,100,0.22499999999999998,0.75,0.85,0.2,74.90453979608603,-13.427193629124655,36.10658510705141,69.4195092758827,0.0,63.74999999999999,64.09295289406487,26.858308006419087,-10.791800760731075,40.40841794444247,78.65707434052757,0.0,63.74999999999999,20.513781483695624
ma125_r0.175_c1.00_v20.40_v10.10,125,0.175,1.0,0.4,0.1,74.86476273901015,-16.09595417440578,34.4403342438492,72.59126271693597,18.491921005385997,36.92680854880647,82.69250699227896,27.636570687791018,-5.516642800870808,32.801335140000795,81.29496402877699,13.42925659472422,36.92680854880647,20.206332855598323
ma225_r0.275_c1.00_v20.70_v10.00,225,0.27499999999999997,1.0,0.7,0.0,74.84314101150089,-15.126799547576141,43.132631887338654,54.877318970676235,21.424296828246558,70.0,92.46509120815801,23.41881590208086,-13.120281968030156,47.843336363586175,69.06474820143885,14.628297362110313,70.0,30.04645830013537
ma100_r0.175_c1.00_v20.40_v10.00,100,0.175,1.0,0.4,0.0,74.79036456589665,-15.119982057396065,32.4304930042991,52.48354278874925,18.791143028126868,36.92680854880647,78.47410595266034,25.64536392541248,-6.559766879949769,31.604800441735442,65.46762589928058,13.42925659472422,36.92680854880647,20.460426471693058
ma175_r0.250_c1.00_v20.40_v10.20,175,0.24999999999999997,1.0,0.4,0.2,74.78972010169646,-15.533436302302805,38.223576554123966,74.50628366247756,20.287253141831236,40.0,88.5556422464868,27.76387542485852,-7.203426968537318,37.96877056731992,83.45323741007195,13.42925659472422,40.0,22.917170168570284
ma225_r0.150_c1.00_v20.25_v10.10,225,0.15,1.0,0.25,0.1,74.7886085501136,-12.39797085942216,31.444482201448672,75.40394973070018,15.260323159784562,19.78221886543204,76.68022296327189,26.8353495943392,-3.7333253883870876,28.412762891369315,86.57074340527578,13.189448441247004,19.78221886543204,17.644860857730862
ma100_r0.200_c1.00_v20.25_v10.10,100,0.19999999999999998,1.0,0.25,0.1,74.77793966597608,-14.922181168615623,31.478950828869078,69.47935368043088,19.50927588270497,25.0,75.24851419912227,27.631026269544478,-4.70915477866588,30.100456808404687,78.41726618705036,13.42925659472422,25.0,19.133235539199447
ma150_r0.125_c1.00_v20.55_v10.00,150,0.125,1.0,0.55,0.0,74.73330943272354,-12.730105530004632,32.805880581539384,58.2884500299222,6.941950927588271,36.26740125329208,81.14068501701301,24.569490621080337,-6.353263119462893,31.194047260424814,69.7841726618705,6.235011990407674,36.26740125329208,19.83209716959877
ma100_r0.150_c0.75_v20.70_v10.30,100,0.15,0.75,0.7,0.3,74.72814695126691,-12.752781627099175,32.96134705532069,69.77857570317175,0.0,52.49999999999999,62.54804743796298,28.398719447616717,-7.3143120489879365,33.621661962994914,78.8968824940048,0.0,52.49999999999999,17.103790634463085
ma175_r0.275_c1.00_v20.40_v10.20,175,0.27499999999999997,1.0,0.4,0.2,74.72318140968382,-15.547985740320069,38.50179766289526,74.44643925792938,21.005385996409338,40.0,89.2615644899887,27.639092141595167,-7.50356490025148,38.839781507073845,83.21342925659472,14.148681055155876,40.0,23.768887185427314
ma175_r0.175_c1.00_v20.55_v10.00,175,0.175,1.0,0.55,0.0,74.71684460959544,-15.113788696663521,37.16278873994614,56.01436265709157,18.13285457809695,50.7743617546089,88.9635242977919,26.46281999695619,-8.857624521215968,36.42391331738728,68.10551558752998,13.42925659472422,50.7743617546089,23.285688424094406
ma175_r0.150_c1.00_v20.40_v10.10,175,0.15,1.0,0.4,0.1,74.71294000542458,-14.156679973215901,33.98517255954337,75.88270496708557,14.961101137043686,31.651550184691263,82.91406214013165,27.103158204632738,-4.743388819478622,31.49595417247482,84.17266187050359,13.189448441247004,31.651550184691263,19.11186530390603
ma200_r0.125_c1.00_v20.40_v10.00,200,0.125,1.0,0.4,0.0,74.7123823486852,-10.209957982532291,30.358045938776108,57.749850388988634,7.001795332136446,26.376291820576053,78.67156122643465,23.984638641838085,-4.672867932000468,27.874491238866874,68.82494004796163,6.235011990407674,26.376291820576053,18.141843004821233
ma100_r0.300_c1.00_v20.40_v10.00,100,0.29999999999999993,1.0,0.4,0.0,74.68485581283493,-15.122963327921724,34.16306802446934,51.825254338719326,21.30460801915021,40.0,82.52191477385333,24.25169478900415,-9.468966335775097,36.21505016303247,64.5083932853717,16.06714628297362,40.0,24.91032917555014
ma150_r0.250_c1.00_v20.55_v10.00,150,0.24999999999999997,1.0,0.55,0.0,74.68401489464243,-14.701359672924596,38.29638683874262,54.7576301615799,19.449431478156793,55.00000000000001,88.79342591108914,24.249535459977434,-11.013111194306358,40.04366287855322,67.14628297362111,13.42925659472422,55.00000000000001,26.444078526394073
ma100_r0.225_c1.00_v20.40_v10.00,100,0.22499999999999998,1.0,0.4,0.0,74.67645043650417,-14.921995126991682,33.412209225069375,51.94494314781568,19.748653500897667,40.0,80.37519767547549,24.653817702221104,-8.209636916672435,33.853112504332145,64.98800959232614,13.42925659472422,40.0,22.565565862134505
ma175_r0.275_c1.00_v20.70_v10.00,175,0.27499999999999997,1.0,0.7,0.0,74.65568545510139,-16.98991993155602,43.06765469273098,55.17654099341711,20.347097546379413,70.0,94.66915723047399,26.48377324890001,-12.499996036531947,46.67168914011036,67.14628297362111,14.628297362110313,70.0,28.850524322451328
ma125_r0.250_c1.00_v20.70_v10.00,125,0.24999999999999997,1.0,0.7,0.0,74.64888512075783,-17.72634576602209,42.14577751033124,54.15918611609815,19.269898264512268,70.0,93.43504120573857,25.986079825915496,-12.158511862491206,45.62901901668836,66.18705035971223,13.42925659472422,70.0,28.082064033766347
ma100_r0.100_c0.75_v20.85_v10.30,100,0.1,0.75,0.85,0.3,74.62531896831428,-12.182674639105684,32.33768126507551,70.43686415320167,0.0,43.65537873761487,60.39067660482454,27.9936907542635,-5.601063409213802,32.19078963259271,78.8968824940048,0.0,43.65537873761487,15.605334961095082
ma250_r0.150_c0.75_v20.70_v10.30,250,0.15,0.75,0.7,0.3,74.60616414420525,-10.896288097959228,34.84748451055367,75.344105326152,0.0,52.49999999999999,66.62334835543568,29.44521148924837,-7.3143120489879365,36.07739691147769,88.2494004796163,0.0,52.49999999999999,18.789815073463384
ma175_r0.225_c1.00_v20.25_v10.30,175,0.22499999999999998,1.0,0.25,0.3,74.57506150233675,-16.41701946156123,37.306400159385475,75.88270496708557,19.92818671454219,25.0,82.94039591099778,29.060243720324785,-8.823662786680387,35.88530359105972,84.17266187050359,13.42925659472422,25.0,19.341679315958206
ma225_r0.175_c1.00_v20.25_v10.10,225,0.175,1.0,0.25,0.1,74.5640770053707,-12.833542980606193,32.585762585053466,75.28426092160383,19.329742669060444,23.079255343004043,78.26350588353421,27.12575525233325,-4.345498195361641,29.83560662728249,86.57074340527578,13.42925659472422,23.079255343004043,18.90232917196456
ma250_r0.150_c0.75_v20.85_v10.20,250,0.15,0.75,0.85,0.2,74.54778039285502,-11.329675564199649,36.58086665636617,75.344105326152,0.0,63.74999999999999,66.50001087123442,28.952934408300134,-9.089280157961433,39.42214537994238,88.2494004796163,0.0,63.74999999999999,21.0204370099357
ma225_r0.250_c1.00_v20.70_v10.00,225,0.24999999999999997,1.0,0.7,0.0,74.51746905586904,-15.112182176422772,42.81624235555267,54.937163375224415,20.586475164572114,70.0,91.86460336678144,23.581628756535533,-12.721121699094095,46.82889133411044,69.30455635491607,13.42925659472422,70.0,29.311626194809214
ma100_r0.125_c1.00_v20.40_v10.00,100,0.125,1.0,0.4,0.0,74.50311291465567,-13.15951373377069,29.13895898730925,55.41591861160982,7.001795332136446,26.376291820576053,74.34837783942022,24.2911356939304,-4.672867932000468,27.48072122333913,66.90647482014388,6.235011990407674,26.376291820576053,17.60101609336069
ma100_r0.175_c1.00_v20.25_v10.10,100,0.175,1.0,0.25,0.1,74.4992532140686,-14.93260028903276,30.95592373182951,69.53919808497906,18.67145421903052,22.469680232595888,74.46122552199046,27.80077554302909,-4.148548789313633,29.021502236851006,78.41726618705036,13.42925659472422,22.469680232595888,18.160225855766626
ma250_r0.225_c0.75_v20.85_v10.20,250,0.22499999999999998,0.75,0.85,0.2,74.47789608876214,-11.341856359018898,37.96448791829159,74.98503889886295,0.0,63.74999999999999,67.96711431780267,27.656074619750104,-10.791800760731075,43.332914036277046,87.76978417266187,0.0,63.74999999999999,22.9719037350478
ma150_r0.150_c1.00_v20.40_v10.00,150,0.15,1.0,0.4,0.0,74.47259237594956,-13.050585817832205,32.28264785955389,56.193895870736085,15.320167564332735,31.651550184691263,79.80376988870466,25.232889748000353,-5.634574742518783,30.54850419793841,68.82494004796163,13.189448441247004,31.651550184691263,19.642798546866917
ma250_r0.100_c0.75_v20.85_v10.30,250,0.1,0.75,0.85,0.3,74.4681665046973,-10.18250640374232,33.830081609483834,75.64332734889288,0.0,43.65537873761487,63.75489117150002,29.01791466123118,-5.601063409213802,34.11091858397853,88.2494004796163,0.0,43.65537873761487,17.104958437337153
ma100_r0.125_c0.75_v20.85_v10.20,100,0.125,0.75,0.85,0.2,74.46166798999481,-13.293302042690335,33.753273430677815,69.95810891681627,0.0,54.56922342201859,62.0965392090748,27.89340522267969,-7.86981624374794,34.853998553049095,78.8968824940048,0.0,54.56922342201859,17.598460484833247
ma175_r0.200_c1.00_v20.40_v10.10,175,0.19999999999999998,1.0,0.4,0.1,74.42372762694941,-14.48010234366225,35.885641756418366,75.10472770795931,19.92818671454219,40.0,86.12810458650762,26.8405019682052,-6.2850099780517805,34.5523660305445,84.17266187050359,13.42925659472422,40.0,21.788517016702556
ma100_r0.225_c0.75_v20.70_v10.30,100,0.22499999999999998,0.75,0.7,0.3,74.40442469494297,-12.830836328064155,34.09678480498092,69.4195092758827,0.0,52.49999999999999,63.941348119757976,27.928356212657146,-8.917776222371554,36.66601709075194,78.65707434052757,0.0,52.49999999999999,18.919317288728685
ma225_r0.225_c1.00_v20.25_v10.10,225,0.22499999999999998,1.0,0.25,0.1,74.40164882080926,-12.66777660783066,33.53969841407029,74.92519449431478,20.526630760023938,25.0,79.80236750634528,26.330026424863973,-5.594724255225591,32.001813960747384,86.57074340527578,13.42925659472422,25.0,20.810510575222295
ma175_r0.225_c1.00_v20.70_v10.00,175,0.22499999999999998,1.0,0.7,0.0,74.32845668062286,-16.79727156740617,42.36994910350728,55.475763016157984,19.15020945541592,70.0,93.50731760746564,26.80312721996414,-11.612711640417828,44.5911157980279,67.62589928057554,13.42925659472422,70.0,27.438239174560636
ma225_r0.225_c1.00_v20.55_v10.00,225,0.22499999999999998,1.0,0.55,0.0,74.31706463834486,-13.181449297218284,38.45404199739074,54.99700777977259,20.347097546379413,55.00000000000001,88.78600301807057,23.168621785976317,-10.213447914967155,39.78922384125318,69.54436450839329,13.42925659472422,55.00000000000001,26.339838044459558
ma175_r0.200_c1.00_v20.55_v10.00,175,0.19999999999999998,1.0,0.55,0.0,74.25440170351018,-14.959280170881561,37.87123640496316,55.95451825254338,19.269898264512268,55.00000000000001,90.20555403306575,25.654181785383614,-9.570763679329009,37.910976854275624,68.10551558752998,13.42925659472422,55.00000000000001,24.65634412290064
ma175_r0.175_c1.00_v20.40_v10.10,175,0.175,1.0,0.4,0.1,74.23601523340442,-14.679582651281786,35.25079141798485,75.52363853979654,18.791143028126868,36.92680854880647,85.08542512162941,27.34866075165614,-5.516642800870808,33.21505764990024,84.17266187050359,13.42925659472422,36.92680854880647,20.625591106979
ma75_r0.125_c1.00_v20.70_v10.00,75,0.125,1.0,0.7,0.0,74.2115456874114,-17.450077729467818,34.24086979474965,53.680430879712745,6.702573309395571,48.93541277472371,83.56133413616647,27.644872424331822,-7.323787074125598,33.97412785779193,64.74820143884892,5.755395683453238,48.93541277472371,22.250601952708
ma200_r0.300_c1.00_v20.25_v10.20,200,0.29999999999999993,1.0,0.25,0.2,74.1827193265083,-14.945187585654473,36.22393395773293,75.04488330341114,21.903052064631957,25.0,81.95990056674304,28.88133806232085,-7.153544110176746,35.749761912876096,82.9736211031175,15.827338129496402,25.0,20.684566560371863
ma100_r0.275_c1.00_v20.40_v10.00,100,0.27499999999999997,1.0,0.4,0.0,74.18131167743209,-15.122963327921768,34.00318513175493,51.825254338719326,20.94554159186116,40.0,81.93323899108042,24.1144064663509,-9.2611660681446,35.65585132087276,64.5083932853717,14.628297362110313,40.0,24.322591615067463
ma150_r0.100_c1.00_v20.85_v10.30,150,0.1,1.0,0.85,0.3,74.16864372132031,-15.610847167525034,36.93224800152594,76.00239377618193,1.6756433273488927,44.83969609497929,79.78306450663459,28.97795853285725,-5.601063409213836,34.34119991452032,80.0959232613909,0.2398081534772182,44.83969609497929,18.99418453593823
ma100_r0.300_c0.75_v20.85_v10.10,100,0.29999999999999993,0.75,0.85,0.1,74.15912822112173,-13.341623589711693,35.349128566177605,69.06044284859367,0.0,63.74999999999999,65.05893280854409,26.596361907791245,-10.704089859646547,40.68530216456884,77.21822541966426,0.0,63.74999999999999,21.702563279133734
ma100_r0.225_c1.00_v20.25_v10.10,100,0.22499999999999998,1.0,0.25,0.1,74.15491758771435,-14.850094074855258,31.855150684171385,69.18013165769,19.50927588270497,25.0,75.99658411842407,27.18260130876149,-5.267265761612661,31.02969924746591,78.41726618705036,13.42925659472422,25.0,19.95741023532784
ma100_r0.125_c0.75_v20.70_v10.30,100,0.125,0.75,0.7,0.3,74.11909578291525,-12.657594499845414,31.968920529120247,69.95810891681627,0.0,44.939360465191776,61.75262860451569,28.644667445154525,-6.210377156648672,31.791896894363365,78.8968824940048,0.0,44.939360465191776,15.86412735887528
ma200_r0.125_c1.00_v20.25_v10.30,200,0.125,1.0,0.25,0.3,74.10952450242483,-13.922750210832035,32.707268939044596,77.43865948533812,7.001795332136446,16.485182387860036,78.04730218706175,29.542613394860574,-4.187518524875822,28.897187185590912,84.41247002398082,6.235011990407674,16.485182387860036,15.656734934490256
ma175_r0.125_c1.00_v20.70_v10.10,175,0.125,1.0,0.7,0.1,74.09623751612233,-15.89720028195426,37.65643606630896,76.84021543985638,6.822262118491921,46.15851068600809,87.01783172016624,27.654221552716507,-6.963681478629081,36.00723295751373,84.17266187050359,6.235011990407674,46.15851068600809,21.091728185961145
ma75_r0.125_c1.00_v20.55_v10.00,75,0.125,1.0,0.55,0.0,74.08992365975871,-15.823255582071871,31.146780859671285,53.5607420706164,6.822262118491921,38.449252894425776,81.00192901817007,26.22060887805231,-6.353263119462826,30.023076556097628,64.74820143884892,5.755395683453238,38.449252894425776,20.35429359009276
ma125_r0.225_c1.00_v20.40_v10.10,125,0.22499999999999998,1.0,0.4,0.1,74.07911977677361,-15.967129037066774,35.515105006831355,71.63375224416517,19.329742669060444,40.0,84.60598793947746,26.64249652034445,-7.048512412516283,35.20541308415072,79.85611510791367,13.42925659472422,40.0,22.234681469724276
ma200_r0.100_c1.00_v20.85_v10.30,200,0.1,1.0,0.85,0.3,74.07786483652832,-13.94721452812342,37.44695650265341,78.09694793536805,1.6756433273488927,44.83969609497929,80.86884417822532,28.60212703020064,-5.601063409213836,34.80079216575841,84.41247002398082,0.2398081534772182,44.83969609497929,19.003907484557498
ma125_r0.300_c1.00_v20.25_v10.20,125,0.29999999999999993,1.0,0.25,0.2,74.06198030781232,-16.339758374793977,34.6623689381816,71.573907839617,20.825852782764812,25.0,78.15990056674306,29.111780855953363,-6.696183088807828,35.03033745244444,79.61630695443645,15.827338129496402,25.0,20.884566560371862
ma125_r0.175_c1.00_v20.55_v10.00,125,0.175,1.0,0.55,0.0,74.04690504333115,-16.191076549748463,36.47925554133512,55.11669658886894,18.192698982645123,50.7743617546089,87.72374523477343,25.969481860201782,-8.857624521215968,36.148245087893045,66.90647482014388,13.42925659472422,50.7743617546089,22.957249419239844
ma150_r0.150_c1.00_v20.25_v10.10,150,0.15,1.0,0.25,0.1,74.03079147037614,-13.270014368294769,30.610299891831694,74.08737283064033,14.961101137043686,19.78221886543204,75.97423193140794,26.901773599514932,-3.64839052226682,27.941994433911294,79.85611510791367,13.189448441247004,19.78221886543204,17.407025231924337
ma100_r0.250_c1.00_v20.40_v10.00,100,0.24999999999999997,1.0,0.4,0.0,73.97872061751873,-15.108340666817021,33.74809043435816,51.8850987432675,20.107719928186714,40.0,81.22655589671088,24.188225015224283,-8.967320330692552,34.82312333633688,64.74820143884892,13.42925659472422,40.0,23.480838299292937
ma200_r0.250_c1.00_v20.25_v10.20,200,0.24999999999999997,1.0,0.25,0.2,73.97282267214933,-14.930531974841255,35.791026461927935,75.10472770795931,20.766008378216636,25.0,80.6103006308499,28.615676703866665,-6.549355137606383,34.340199833623096,83.21342925659472,13.42925659472422,25.0,19.178135314516023
ma175_r0.200_c1.00_v20.25_v10.20,175,0.19999999999999998,1.0,0.25,0.2,73.91492316859573,-14.84911628830904,34.538785984196224,75.10472770795931,19.92818671454219,25.0,78.66893969719948,28.264585591826076,-6.359679207556046,32.41620497998368,84.17266187050359,13.42925659472422,25.0,18.024172703425705
ma250_r0.125_c0.75_v20.85_v10.20,250,0.125,0.75,0.85,0.2,73.90971536533057,-11.154467392662315,35.36595175945379,75.58348294434471,0.0,54.56922342201859,65.47288737998555,29.30593310397487,-7.86981624374794,37.01648628966068,88.2494004796163,0.0,54.56922342201859,19.52166954762941
ma175_r0.175_c1.00_v20.25_v10.20,175,0.175,1.0,0.25,0.2,73.90697828700287,-15.073493860307853,33.9352859924197,75.52363853979654,18.731298623578695,23.079255343004043,78.13316803636981,28.648014800668587,-5.598558655979735,31.156335702408573,84.17266187050359,13.42925659472422,23.079255343004043,17.266297236104997
ma250_r0.125_c0.75_v20.70_v10.30,250,0.125,0.75,0.7,0.3,73.9062793910541,-10.717164435920301,33.72924760213614,75.58348294434471,0.0,44.93936046519178,65.70658003353417,29.6886427648807,-6.210377156648672,33.915908776386296,88.2494004796163,0.0,44.93936046519178,17.43622255968461
ma225_r0.300_c1.00_v20.25_v10.10,225,0.29999999999999993,1.0,0.25,0.1,73.86159507839713,-12.870749000880199,34.29808596041174,74.80550568521844,22.022740873728306,25.0,82.15159313080373,25.914025199043934,-7.0440290528336895,34.39205206500078,86.09112709832134,15.827338129496402,25.0,23.363602538919146
ma175_r0.300_c1.00_v20.55_v10.00,175,0.29999999999999993,1.0,0.55,0.0,73.85433661518424,-15.049131728099596,39.115808974373394,55.11669658886894,20.706163973668463,55.00000000000001,92.92060732431133,24.42184170675834,-11.502349338657092,41.47098804241083,66.90647482014388,15.587529976019185,55.00000000000001,27.604677126644447
ma250_r0.100_c1.00_v20.85_v10.00,250,0.1,1.0,0.85,0.0,73.84796131624935,-10.442513243496354,33.59003177276141,58.52782764811491,1.8551765409934171,47.53725812401732,75.16384998943673,25.0576851188967,-6.561098335919924,33.549106883145704,72.18225419664267,0.2398081534772182,47.53725812401732,20.855506149812093
ma175_r0.125_c1.00_v20.55_v10.10,175,0.125,1.0,0.55,0.1,73.8196158833402,-14.239146373251065,34.287172783135475,76.66068222621185,6.941950927588271,36.26740125329208,84.34121094360856,26.494325515072738,-5.423300956752152,31.841085362444005,84.17266187050359,6.235011990407674,36.26740125329208,19.39331260606348
ma100_r0.300_c1.00_v20.25_v10.10,100,0.29999999999999993,1.0,0.25,0.1,73.81777154999622,-15.053843474757878,32.57936129476615,69.12028725314184,21.005385996409338,25.0,78.24140262630235,27.064989932141348,-6.499963356604265,33.30621250120645,78.17745803357315,15.827338129496402,25.0,22.397438149341518
ma225_r0.150_c1.00_v20.40_v10.00,225,0.15,1.0,0.4,0.0,73.81241351511913,-12.479554363706635,32.839398432218424,55.83482944344704,15.61938958707361,31.651550184691263,80.87879904610894,24.505762643453544,-5.634574742518783,30.934059928880753,70.74340527577938,13.189448441247004,31.651550184691263,20.015557189261944
ma125_r0.300_c1.00_v20.40_v10.10,125,0.29999999999999993,1.0,0.4,0.1,73.79570958690013,-16.165628460291526,36.315015002102605,71.573907839617,20.825852782764812,40.0,86.83431461301151,26.295805869607737,-8.226708858093424,37.67904578446091,79.61630695443645,15.827338129496402,40.0,24.68279316752041
ma200_r0.275_c1.00_v20.25_v10.20,200,0.27499999999999997,1.0,0.25,0.2,73.74954299917849,-14.945187585654418,36.051443338626946,75.04488330341114,21.484141232794734,25.0,81.28379254576592,28.5107054141581,-6.893849354710923,35.16784590291668,82.9736211031175,14.148681055155876,25.0,19.998052678945434
ma125_r0.250_c1.00_v20.25_v10.20,125,0.24999999999999997,1.0,0.25,0.2,73.74684092119182,-16.325343059457875,34.231744734230865,71.63375224416517,19.68880909634949,25.0,76.7985768426479,28.85716066318651,-6.080624157823067,33.62218110319168,79.85611510791367,13.42925659472422,25.0,19.36641152631403
ma250_r0.100_c1.00_v20.55_v10.20,250,0.1,1.0,0.55,0.2,73.71254719596223,-9.582029381812951,30.265981028804422,78.27648114901257,1.7953321364452424,28.24759800669198,73.55584402492511,26.435072423484684,-3.9555665534085627,27.810453189041656,88.48920863309353,0.2398081534772182,28.24759800669198,17.309583880181126
ma175_r0.250_c1.00_v20.70_v10.00,175,0.24999999999999997,1.0,0.7,0.0,73.70710787743182,-16.97562343815935,42.77403741991836,55.23638539796529,19.50927588270497,70.0,94.17739065979593,26.197836117062923,-12.158511862491206,45.74849697572931,67.38609112709833,13.42925659472422,70.0,28.22441348782372
ma75_r0.150_c1.00_v20.40_v10.00,75,0.15,1.0,0.4,0.0,73.64675793983535,-16.058538264157608,30.713718051110817,52.00478755236385,15.798922800718133,33.5557116169534,80.5114129685457,26.78601246885801,-5.634574742518783,29.325956491564696,63.549160671462836,12.949640287769784,33.5557116169534,20.298900126305575
ma100_r0.175_c0.75_v20.85_v10.20,100,0.175,0.75,0.85,0.2,73.64435039851574,-13.310980326660493,35.448804893059894,69.47935368043088,0.0,63.74999999999999,63.32180220605801,26.489733555096517,-9.94172815904949,38.418406008354665,78.8968824940048,0.0,63.74999999999999,19.580273318977618
ma250_r0.200_c0.75_v20.70_v10.30,250,0.19999999999999998,0.75,0.7,0.3,73.63720690976021,-10.925726477633546,35.85075027042395,74.98503889886295,0.0,52.49999999999999,67.77506009038535,28.23169959408116,-8.785798091784326,38.75587787007073,87.76978417266187,0.0,52.49999999999999,20.38964895466966
ma125_r0.125_c1.00_v20.40_v10.10,125,0.125,1.0,0.4,0.1,73.61659130588707,-13.930503578631493,30.815211549307232,73.36923997606223,7.001795332136446,26.376291820576053,77.6942345842826,25.78390045483454,-3.9498081710893085,28.4502712025418,81.29496402877699,6.235011990407674,26.376291820576053,17.568300384735213
ma100_r0.200_c0.75_v20.85_v10.20,100,0.19999999999999998,0.75,0.85,0.2,73.59450504619764,-13.435827462912563,35.85183587746685,69.4195092758827,0.0,63.74999999999999,63.80106325731011,26.2808909010521,-10.53445145238826,39.60650666467889,78.65707434052757,0.0,63.74999999999999,20.198658942175822
ma225_r0.250_c1.00_v20.25_v10.10,225,0.24999999999999997,1.0,0.25,0.1,73.57151632784387,-12.855735948039882,33.86621825391774,74.86535008976661,20.885697187312985,25.0,80.62763008508452,25.928092457358474,-6.131696468650583,32.93792481015721,86.33093525179856,13.42925659472422,25.0,21.701584280822818
ma125_r0.275_c1.00_v20.25_v10.20,125,0.27499999999999997,1.0,0.25,0.2,73.56870363237822,-16.339758374793956,34.490844564221746,71.573907839617,20.40694195092759,25.0,77.48379254576591,28.740485508100132,-6.435209078711668,34.44842144248504,79.61630695443645,14.148681055155876,25.0,20.198052678945434
ma200_r0.100_c1.00_v20.85_v10.20,200,0.1,1.0,0.85,0.2,73.54627186561007,-12.99940778696863,36.25300466679002,78.2166367444644,1.6756433273488927,44.83969609497929,80.15222203336532,26.53619175268267,-5.743628745946527,34.02376010896558,84.41247002398082,0.2398081534772182,44.83969609497929,19.536629646791095
ma175_r0.225_c1.00_v20.55_v10.00,175,0.22499999999999998,1.0,0.55,0.0,73.52252960325714,-14.849666234892133,38.31456643341366,55.475763016157984,19.269898264512268,55.00000000000001,91.11037846764282,24.855297278439824,-10.213447914967155,39.01204123938528,67.62589928057554,13.42925659472422,55.00000000000001,25.571023344519816
ma75_r0.125_c1.00_v20.40_v10.10,75,0.125,1.0,0.4,0.1,73.5080793801895,-14.982154175573537,29.661726856077337,69.00059844404548,6.882106523040096,25.67963455153816,78.12110101689102,27.358353739160137,-3.9498081710893196,27.520045312170723,75.0599520383693,5.755395683453238,25.67963455153816,18.533117262995887
ma225_r0.125_c1.00_v20.55_v10.00,225,0.125,1.0,0.55,0.0,73.44775337920379,-12.562204157430102,33.141179426970915,57.86953919808497,7.121484141232795,36.26740125329208,82.12078456951775,23.74014429601885,-6.353263119462893,31.63582986879625,71.70263788968825,6.235011990407674,36.26740125329208,20.25921644734307
ma175_r0.150_c1.00_v20.25_v10.20,175,0.15,1.0,0.25,0.2,73.44445006758396,-14.09178696581186,32.73309546614297,75.88270496708557,14.961101137043686,19.78221886543204,76.69887524547983,28.212032580398592,-4.806000369786956,29.619152364444464,84.17266187050359,13.189448441247004,19.78221886543204,16.277641132632365
ma225_r0.275_c1.00_v20.25_v10.10,225,0.27499999999999997,1.0,0.25,0.1,73.43542207006782,-12.87074900088011,34.12550018887824,74.80550568521844,21.603830041891083,25.0,81.39575111244619,25.722249436140476,-6.627016282240716,33.78538885411493,86.09112709832134,14.148681055155876,25.0,22.6067427089051
ma250_r0.300_c0.75_v20.85_v10.10,250,0.29999999999999993,0.75,0.85,0.1,73.43119852072711,-10.985752561933747,37.016313943478956,74.74566128067026,0.0,63.74999999999999,68.43466750292916,27.233723085408833,-10.704089859646547,43.31856609006371,86.810551558753,0.0,63.74999999999999,24.25329797351881
ma100_r0.100_c1.00_v20.40_v10.30,100,0.1,1.0,0.4,0.3,73.39599086004853,-11.42751373996359,27.79928594634054,71.93297426690604,1.7953321364452424,20.54370764123053,64.98908438931059,27.39988811829408,-2.6958511702079635,25.11845617990019,77.6978417266187,0.2398081534772182,20.54370764123053,14.297829157270954
ma250_r0.175_c0.75_v20.70_v10.30,250,0.175,0.75,0.7,0.3,73.37016089388975,-10.798457742527813,35.46230827268307,75.10472770795931,0.0,52.49999999999999,67.1689769614955,28.187750334401507,-8.449236123154025,37.626007095634826,88.2494004796163,0.0,52.49999999999999,19.66312729048227
ma150_r0.200_c1.00_v20.25_v10.10,150,0.19999999999999998,1.0,0.25,0.1,73.36442304145223,-13.946169970853662,32.188707387323184,73.48892878515859,19.389587073608617,25.0,78.40387423864527,26.96041298234737,-4.833315843678509,30.385189466462958,79.85611510791367,13.42925659472422,25.0,19.631978723344712
ma175_r0.225_c1.00_v20.40_v10.10,175,0.22499999999999998,1.0,0.4,0.1,73.35826317242824,-14.369008345472277,36.31177982423508,74.74566128067026,19.92818671454219,40.0,87.00458852060248,25.989626912998574,-7.048512412516283,35.61606924693636,83.93285371702638,13.42925659472422,40.0,22.63823466938603
ma125_r0.200_c1.00_v20.55_v10.00,125,0.19999999999999998,1.0,0.55,0.0,73.30952714672722,-16.225527273525287,37.19847080536538,54.7576301615799,19.03052064631957,55.00000000000001,89.01064413458718,25.228559931290985,-9.570763679329009,37.67131527126074,66.90647482014388,13.42925659472422,55.00000000000001,24.370804465422914
ma225_r0.100_c1.00_v20.70_v10.30,225,0.1,1.0,0.7,0.3,73.30532874926898,-12.631668208300152,34.211081895672976,77.79772591262717,1.6756433273488927,36.92680854880647,77.37738851330957,27.837993651561057,-4.870781465304463,31.764538742448995,86.810551558753,0.2398081534772182,36.92680854880647,18.31471372211493
ma150_r0.175_c1.00_v20.25_v10.10,150,0.175,1.0,0.25,0.1,73.30253636842974,-13.934085892334524,31.652901293978807,73.78815080789947,18.372232196289648,23.079255343004043,77.49406481246046,27.20398685034091,-4.246278766030242,29.286376760248135,79.85611510791367,13.42925659472422,23.079255343004043,18.62485427519028
ma100_r0.250_c1.00_v20.25_v10.10,100,0.24999999999999997,1.0,0.25,0.1,73.29474498397497,-15.039206586206033,32.1671138966307,69.18013165769,19.868342309994016,25.0,76.80247133133336,26.80910677962922,-5.7880418809513445,31.917041039093235,78.41726618705036,13.42925659472422,25.0,20.813113956174796
ma200_r0.150_c1.00_v20.25_v10.10,200,0.15,1.0,0.25,0.1,73.2730131212753,-12.365293755040408,31.422241707446872,76.00239377618193,14.90125673249551,19.78221886543204,78.83768088488256,26.717445255452876,-3.64839052226682,28.171790559530347,84.17266187050359,13.189448441247004,19.78221886543204,17.41188670623397
ma100_r0.275_c1.00_v20.25_v10.10,100,0.27499999999999997,1.0,0.25,0.1,73.26906347619575,-15.053843474757777,32.416848778583436,69.12028725314184,20.586475164572114,25.0,77.52807648331992,26.73207030203666,-6.183697102015806,32.73308148418595,78.17745803357315,14.148681055155876,25.0,21.679425351792272
ma100_r0.175_c0.75_v20.70_v10.30,100,0.175,0.75,0.7,0.3,73.26779300802768,-12.714479046849247,33.51339725559414,69.47935368043088,0.0,52.49999999999999,63.062264700690164,27.32724732327929,-8.449236123154025,34.941384036194144,78.8968824940048,0.0,52.49999999999999,17.88739449212074
ma100_r0.200_c0.75_v20.70_v10.30,100,0.19999999999999998,0.75,0.7,0.3,73.25302058059904,-12.839529586113564,33.872582738260895,69.4195092758827,0.0,52.49999999999999,63.566871075354626,27.31292487753505,-8.785798091784326,35.97498983682999,78.65707434052757,0.0,52.49999999999999,18.51951216948644
ma250_r0.175_c0.75_v20.85_v10.20,250,0.175,0.75,0.85,0.2,73.23547204958057,-11.223481209231757,37.239748078275504,75.10472770795931,0.0,63.74999999999999,66.90899546442566,27.495672670872718,-9.94172815904949,41.102487807189924,88.2494004796163,0.0,63.74999999999999,21.761326066417826
ma250_r0.200_c0.75_v20.85_v10.20,250,0.19999999999999998,0.75,0.85,0.2,73.20505450370767,-11.350698161753902,37.67608160223487,74.98503889886295,0.0,63.74999999999999,67.5140721799392,27.19908190099296,-10.53445145238826,42.40979886731357,87.76978417266187,0.0,63.74999999999999,22.502966378239897
ma225_r0.300_c1.00_v20.55_v10.00,225,0.29999999999999993,1.0,0.55,0.0,73.19086905443687,-13.382582199998582,39.30957330310183,54.81747456612807,21.78336325553561,55.00000000000001,90.84569359089764,21.712148919101516,-11.502349338657092,42.46326668343053,68.82494004796163,15.587529976019185,55.00000000000001,28.62976339323077
ma125_r0.275_c1.00_v20.40_v10.10,125,0.27499999999999997,1.0,0.4,0.1,73.14563435334749,-16.165628460291526,36.13613440809013,71.573907839617,20.40694195092759,40.0,86.140185552135,25.974278204719358,-8.016057046755808,37.07078125866027,79.61630695443645,14.148681055155876,40.0,23.984596982866453
ma175_r0.125_c1.00_v20.40_v10.20,175,0.125,1.0,0.4,0.2,73.1333105626149,-13.73582403916308,32.77032337443928,76.66068222621185,7.001795332136446,26.376291820576053,80.89208637257408,27.537573126305315,-3.715609135425557,29.81714797599682,84.17266187050359,6.235011990407674,26.376291820576053,17.61057620437216
ma225_r0.100_c1.00_v20.85_v10.20,225,0.1,1.0,0.85,0.2,73.13065244405641,-13.722164363142097,35.969312896706576,77.91741472172352,1.6756433273488927,44.83969609497929,78.44163461916573,26.26005814018575,-6.064757435526968,34.56996406113391,86.810551558753,0.2398081534772182,44.83969609497929,20.064704390184048
ma100_r0.100_c1.00_v20.55_v10.20,100,0.1,1.0,0.55,0.2,73.12444650123624,-11.826627660836664,28.823037547416646,71.93297426690604,1.7953321364452424,28.24759800669198,70.19100600418263,25.665439455611526,-3.9555665534085627,26.51132124261818,77.6978417266187,0.2398081534772182,28.24759800669198,16.295846073283684
ma175_r0.275_c1.00_v20.55_v10.00,175,0.27499999999999997,1.0,0.55,0.0,73.11032907552786,-15.049131728099619,38.94105467742451,55.11669658886894,20.46678635547576,55.00000000000001,92.49179600689651,24.191973226471998,-11.301090815817572,40.88275270679461,66.90647482014388,14.628297362110313,55.00000000000001,27.17715586487871
ma125_r0.250_c1.00_v20.40_v10.10,125,0.24999999999999997,1.0,0.4,0.1,73.10109411859665,-16.151185430091452,35.865518938676,71.63375224416517,19.68880909634949,40.0,85.41479601526626,26.090044371856493,-7.718171686022091,36.202920321486005,79.85611510791367,13.42925659472422,40.0,23.119131878525042
ma75_r0.125_c1.00_v20.25_v10.20,75,0.125,1.0,0.25,0.2,73.09748566090568,-14.134234633896558,28.594030895232837,69.00059844404548,6.882106523040096,16.04977159471135,73.59355046501567,28.830236256302342,-2.729479193550599,25.87833788115981,75.0599520383693,5.755395683453238,16.04977159471135,16.27058821519012
ma200_r0.200_c1.00_v20.25_v10.10,200,0.19999999999999998,1.0,0.25,0.1,73.07805960246512,-13.00563853833162,33.11857000472804,75.46379413524835,20.40694195092759,25.0,81.43130326673509,26.714278091405987,-4.833315843678509,30.691584300621695,84.17266187050359,13.42925659472422,25.0,19.63846068909089
ma225_r0.250_c1.00_v20.55_v10.00,225,0.24999999999999997,1.0,0.55,0.0,73.0725087533048,-13.367662068188924,38.83437815796525,54.877318970676235,20.706163973668463,55.00000000000001,89.64766446657775,22.227945541905658,-11.013111194306358,40.89254416013838,69.06474820143885,13.42925659472422,55.00000000000001,27.298317081882676
ma175_r0.300_c1.00_v20.40_v10.10,175,0.29999999999999993,1.0,0.4,0.1,73.03278372673232,-14.559771336280114,37.11094558259333,74.44643925792938,21.424296828246558,40.0,89.23431461301152,25.6008638978523,-8.226708858093424,38.08671964537219,83.21342925659472,15.827338129496402,40.0,25.082793167520407
ma125_r0.300_c1.00_v20.55_v10.00,125,0.29999999999999993,1.0,0.55,0.0,73.02996925805114,-16.351337810568634,38.4815858919652,54.039497307001795,20.46678635547576,55.00000000000001,91.84978797944248,24.169739053926097,-11.502349338657092,41.32761449156168,65.70743405275779,15.587529976019185,55.00000000000001,27.4338577817756
ma150_r0.300_c0.75_v20.85_v10.30,150,0.29999999999999993,0.75,0.85,0.3,73.02511839814791,-14.855453667365627,39.180516923121885,72.77079593058049,0.0,63.74999999999999,70.39740656174988,29.072732514508793,-10.70408985964657,42.88435319943385,78.65707434052757,0.0,63.74999999999999,21.328297973518808
ma100_r0.125_c1.00_v20.25_v10.10,100,0.125,1.0,0.25,0.1,73.00125256709752,-12.763264634927241,27.834758589708443,70.8557749850389,7.001795332136446,16.04977159471135,70.64951013477649,25.87164090826981,-2.967751149076925,25.52224282196628,78.41726618705036,6.235011990407674,16.04977159471135,16.038887943274794
ma250_r0.125_c1.00_v20.25_v10.10,250,0.125,1.0,0.25,0.1,72.98974172319812,-11.555977836343157,29.219425404650117,76.5409934171155,7.4207061639736684,16.04977159471135,73.52514747249258,26.301825486684073,-3.0948040732479143,26.267226289422922,88.2494004796163,6.235011990407674,16.04977159471135,16.615333663142337
ma75_r0.300_c1.00_v20.40_v10.00,75,0.29999999999999993,1.0,0.4,0.0,72.9861915403186,-16.594816020136783,33.250493112719134,50.329144225014964,20.706163973668463,40.0,85.0940192915907,26.055823860605052,-9.468966335775086,34.8123818715826,61.15107913669065,15.827338129496402,40.0,25.48243369328751
ma175_r0.150_c1.00_v20.40_v10.00,175,0.15,1.0,0.4,0.0,72.95415224217156,-13.680366329325544,32.65761861052906,56.37342908438061,15.320167564332735,31.651550184691263,82.34239573394946,25.232889748000353,-5.634574742518783,30.54850419793841,68.82494004796163,13.189448441247004,31.651550184691263,19.642798546866917
ma175_r0.125_c1.00_v20.70_v10.00,175,0.125,1.0,0.7,0.0,72.952035288439,-15.500126324910413,36.50414771327423,58.58767205266307,6.822262118491921,46.15851068600809,86.15747236290329,26.086469764867125,-7.323787074125643,35.38679842886363,69.7841726618705,6.235011990407674,46.15851068600809,21.419011446186083
ma225_r0.275_c1.00_v20.55_v10.00,225,0.27499999999999997,1.0,0.55,0.0,72.93475307617618,-13.382582199998637,39.11692651695958,54.81747456612807,21.543985637342907,55.00000000000001,90.33145841793396,21.828995972109432,-11.301090815817572,41.803332668097035,68.82494004796163,14.628297362110313,55.00000000000001,28.116818275916174
ma125_r0.125_c1.00_v20.55_v10.00,125,0.125,1.0,0.55,0.0,72.93426003562655,-14.277032201341754,32.61542884203544,57.690005984440454,6.941950927588271,36.26740125329208,82.7205112325405,24.220246735070972,-6.353263119462893,30.997141382214643,68.5851318944844,6.235011990407674,36.26740125329208,19.597497880416945
ma175_r0.300_c1.00_v20.25_v10.30,175,0.29999999999999993,1.0,0.25,0.3,72.913714265487,-16.60740639668604,38.1128112661326,75.64332734889288,21.543985637342907,25.0,85.03165720824441,28.5201893057897,-9.971027561296653,38.31317549207311,83.69304556354916,16.30695443645084,25.0,21.65543598930182
ma250_r0.300_c0.75_v20.70_v10.20,250,0.29999999999999993,0.75,0.7,0.2,72.90507713612038,-10.555140189149437,35.17586797436268,74.74566128067026,0.0,52.49999999999999,68.71456229471046,27.761370745302692,-9.773998134392903,39.4916985735408,86.810551558753,0.0,52.49999999999999,22.35182323588974
ma175_r0.250_c1.00_v20.25_v10.30,175,0.24999999999999997,1.0,0.25,0.3,72.89114465209798,-16.593037199201998,37.660154680686134,75.64332734889288,20.287253141831236,25.0,83.67674870353098,28.33058811153235,-9.424282614270385,36.871385653853416,83.69304556354916,13.42925659472422,25.0,20.14384404338761
ma75_r0.200_c1.00_v20.40_v10.00,75,0.19999999999999998,1.0,0.4,0.0,72.89003641210495,-16.498486857967332,32.197757354165105,50.927588270496706,19.15020945541592,40.0,82.584635563262,26.662741333577333,-7.3233357002477355,31.862958814077015,62.11031175059952,13.189448441247004,40.0,22.70545431149577
ma100_r0.275_c0.75_v20.85_v10.10,100,0.27499999999999997,0.75,0.85,0.1,72.86847749932888,-13.341623589711759,35.25131685575645,69.06044284859367,0.0,63.74999999999999,64.82591654766965,25.82100571125805,-10.664276365609492,40.364404682029836,77.21822541966426,0.0,63.74999999999999,21.447141339205924
ma200_r0.175_c1.00_v20.25_v10.10,200,0.175,1.0,0.25,0.1,72.8661850362,-13.02754407455099,32.56367384889692,75.58348294434471,19.210053859964095,23.079255343004043,80.67393319151901,26.988315169047606,-4.246278766030242,29.55447224013703,84.17266187050359,13.42925659472422,23.079255343004043,18.630525995218186
ma250_r0.100_c1.00_v20.70_v10.10,250,0.1,1.0,0.7,0.1,72.83349617776315,-9.89966878073787,31.81534793124926,78.2166367444644,1.6756433273488927,35.95148837215342,75.20528774508668,25.450956149823732,-5.12282684003853,30.46091243259681,88.48920863309353,0.2398081534772182,35.95148837215342,19.104292806439954
ma200_r0.100_c1.00_v20.85_v10.10,200,0.1,1.0,0.85,0.1,72.82523479750071,-12.142790658457269,35.113038571159926,78.15679233991621,1.6756433273488927,44.83969609497929,79.11408740406402,24.462315312876104,-6.095802213336299,33.32832403796988,84.41247002398082,0.2398081534772182,44.83969609497929,19.965974070839803
ma225_r0.300_c0.75_v20.85_v10.30,225,0.29999999999999993,0.75,0.85,0.3,72.82023600699368,-13.55447508403811,39.68149665119941,74.50628366247756,0.0,63.74999999999999,69.87240656174988,27.105232599117635,-11.271185492208113,44.862770465620905,85.13189448441247,0.0,63.74999999999999,22.603297973518806
ma125_r0.125_c1.00_v20.25_v10.20,125,0.125,1.0,0.25,0.2,72.81233287523612,-13.816369634228531,29.47456077283733,73.36923997606223,7.001795332136446,16.485182387860036,70.99491332133141,27.488576944620704,-3.259999695326987,26.75368946622505,81.29496402877699,6.235011990407674,16.485182387860036,15.274433527286577
ma200_r0.100_c1.00_v20.85_v10.00,200,0.1,1.0,0.85,0.0,72.77863393012322,-11.295204766670041,34.06806301219657,58.7672052663076,1.8551765409934171,44.83969609497929,77.96002903011254,22.94213628361974,-6.561098335919924,32.824701605742526,70.02398081534771,0.2398081534772182,44.83969609497929,20.289293977837566
ma150_r0.175_c1.00_v20.40_v10.00,150,0.175,1.0,0.4,0.0,72.76479989442623,-13.63009598328231,33.394553640490585,55.41591861160982,18.491921005385997,36.92680854880647,81.46553422327631,25.208952537630513,-6.559766879949769,32.156078463474266,67.38609112709833,13.42925659472422,36.92680854880647,21.21758414773782
ma175_r0.250_c1.00_v20.55_v10.00,175,0.24999999999999997,1.0,0.55,0.0,72.7627832872844,-15.034498664864016,38.67639880762353,55.17654099341711,19.62896469180132,55.00000000000001,91.89342591108914,24.249535459977434,-11.013111194306358,40.04366287855322,67.14628297362111,13.42925659472422,55.00000000000001,26.444078526394073
ma175_r0.225_c1.00_v20.25_v10.20,175,0.22499999999999998,1.0,0.25,0.2,72.71760388716362,-14.809150644183855,34.952993021273436,74.74566128067026,19.92818671454219,25.0,79.36112358569349,27.56365243792629,-7.071505313192983,33.45736331886308,83.93285371702638,13.42925659472422,25.0,18.769795171103695
ma150_r0.200_c1.00_v20.40_v10.00,150,0.19999999999999998,1.0,0.4,0.0,72.71733204289478,-13.674235022962266,33.98220827085709,55.11669658886894,19.62896469180132,40.0,82.64080581459038,24.59873349858832,-7.323335700247757,33.422157798647525,67.38609112709833,13.42925659472422,40.0,22.457384633004185
ma150_r0.225_c1.00_v20.25_v10.10,150,0.22499999999999998,1.0,0.25,0.1,72.68502958059958,-13.87325589525833,32.56191748463321,73.12986235786954,19.389587073608617,25.0,79.19674618336195,26.490672956706685,-5.412381565989888,31.319884675695448,79.85611510791367,13.42925659472422,25.0,20.457572300265724
ma125_r0.225_c1.00_v20.55_v10.00,125,0.22499999999999998,1.0,0.55,0.0,72.67137646883572,-16.155828244798155,37.67723116999016,54.219030520646314,19.03052064631957,55.00000000000001,90.02664635298036,24.58319016324331,-10.213447914967155,38.85782963235446,66.42685851318944,13.42925659472422,55.00000000000001,25.38729122985737
ma75_r0.175_c1.00_v20.40_v10.00,75,0.175,1.0,0.4,0.0,72.64613121617498,-16.593165117445253,31.662005275608045,50.987432675044886,18.192698982645123,39.14833021977897,81.81086789078958,27.144301850756026,-6.559766879949724,30.769740831617813,62.11031175059952,13.189448441247004,39.14833021977897,21.64970265708292
ma75_r0.225_c1.00_v20.40_v10.00,75,0.22499999999999998,1.0,0.4,0.0,72.62598463622977,-16.39733280877742,32.578167029886274,50.44883303411131,19.15020945541592,40.0,83.30427606377853,26.20652440572322,-8.209636916672448,32.765140062723155,61.63069544364509,13.189448441247004,40.0,23.49464425043754
ma100_r0.100_c1.00_v20.85_v10.00,100,0.1,1.0,0.85,0.0,72.56521659552573,-13.960661160507327,32.44833212121658,56.134051466187906,1.8551765409934171,44.83969609497929,72.60969709831451,23.625999194425297,-6.281797613299189,32.15599387324284,67.38609112709833,0.2398081534772182,44.83969609497929,19.36988822835464
ma175_r0.275_c1.00_v20.25_v10.30,175,0.27499999999999997,1.0,0.25,0.3,72.56415757970969,-16.60740639668613,37.930126791886934,75.64332734889288,21.005385996409338,25.0,84.36472439132757,28.179002185186384,-9.737190394982221,37.71386606415803,83.69304556354916,14.148681055155876,25.0,20.97817124631664
ma150_r0.300_c1.00_v20.25_v10.10,150,0.29999999999999993,1.0,0.25,0.1,72.43717155069511,-14.07934270458886,33.28834585015479,73.07001795332137,20.885697187312985,25.0,81.4416187128862,26.437084128214728,-6.596368376879591,33.60528490421464,79.61630695443645,15.827338129496402,25.0,22.897654235925362
ma200_r0.225_c1.00_v20.25_v10.10,200,0.22499999999999998,1.0,0.25,0.1,72.43329291025624,-12.950342192265529,33.50038595877215,75.22441651705566,20.40694195092759,25.0,82.20022323107318,26.241582676198604,-5.412381565989888,31.648549141716526,84.17266187050359,13.42925659472422,25.0,20.461049347976957
ma200_r0.125_c1.00_v20.25_v10.20,200,0.125,1.0,0.25,0.2,72.4266378227086,-12.67842242576368,30.672301736453882,76.95990424895272,7.001795332136446,16.485182387860036,74.47056650330292,27.45602310089572,-3.4467284957311883,27.159233704651687,84.17266187050359,6.235011990407674,16.485182387860036,15.229512391497266
ma250_r0.300_c0.75_v20.55_v10.30,250,0.29999999999999993,0.75,0.55,0.3,72.417079544538,-10.235077128210134,33.56070062244761,74.74566128067026,0.0,41.25,66.8914890890874,27.973745157315232,-6.487668259461277,36.117925947529194,86.810551558753,0.0,41.25,19.847380500856328
ma225_r0.200_c1.00_v20.40_v10.00,225,0.19999999999999998,1.0,0.4,0.0,72.41661720989627,-12.597929347574189,34.6464133234236,55.17654099341711,20.766008378216636,40.0,83.63850994507133,23.627759026277893,-7.323335700247757,33.9353114648425,69.30455635491607,13.42925659472422,40.0,22.954396156197554
ma175_r0.275_c1.00_v20.40_v10.10,175,0.27499999999999997,1.0,0.4,0.1,72.38556218391787,-14.559771336280248,36.93206498858085,74.44643925792938,21.005385996409338,40.0,88.540185552135,25.281105437157848,-8.016057046755808,37.478455119571535,83.21342925659472,14.148681055155876,40.0,24.38459698286645
ma75_r0.275_c1.00_v20.40_v10.00,75,0.27499999999999997,1.0,0.4,0.0,72.37041495640759,-16.594816020136793,33.11678779219376,50.329144225014964,20.347097546379413,40.0,84.62433479900633,25.831037520406717,-9.261166068144622,34.35808164603652,61.15107913669065,14.388489208633093,40.0,25.01368742299339
ma175_r0.125_c1.00_v20.25_v10.30,175,0.125,1.0,0.25,0.3,72.3520199173759,-14.033782466279787,32.254891495748396,77.13943746259724,7.001795332136446,16.485182387860036,77.49518864045145,28.25652776477421,-5.024153158576594,28.931014886000817,84.41247002398082,6.235011990407674,16.485182387860036,15.96056088673111
ma175_r0.250_c1.00_v20.40_v10.10,175,0.24999999999999997,1.0,0.4,0.1,72.32784860684498,-14.545051648159124,36.66109871760473,74.50628366247756,20.287253141831236,40.0,87.80893412116525,25.38650735654524,-7.718171686022091,36.60918845239703,83.45323741007195,13.42925659472422,40.0,23.513269984424046
ma125_r0.275_c1.00_v20.55_v10.00,125,0.27499999999999997,1.0,0.55,0.0,72.31864297216389,-16.3513378105686,38.30981318142685,54.039497307001795,20.227408737283064,55.00000000000001,91.4352116074334,23.961308476581934,-11.301090815817572,40.75132695184955,65.70743405275779,14.628297362110313,55.00000000000001,27.0205714654156
ma175_r0.125_c1.00_v20.55_v10.00,175,0.125,1.0,0.55,0.0,72.28762190634023,-13.832271170721578,33.13129718235724,58.408138839018555,6.941950927588271,36.26740125329208,83.68253287770492,24.569490621080337,-6.353263119462893,31.194047260424814,69.7841726618705,6.235011990407674,36.26740125329208,19.83209716959877
ma225_r0.175_c1.00_v20.40_v10.00,225,0.175,1.0,0.4,0.0,72.25535908970771,-12.890038892802059,34.038895484074736,55.296229802513466,19.449431478156793,36.92680854880647,82.60770571327629,24.360105805080657,-6.559766879949769,32.60589348290701,69.30455635491607,13.42925659472422,36.92680854880647,21.65246923053202
ma100_r0.300_c0.75_v20.70_v10.20,100,0.29999999999999993,0.75,0.7,0.2,72.16955013561073,-12.709610829773988,33.36007173061958,69.06044284859367,0.0,52.49999999999999,64.96395725227569,26.941139525385193,-9.773998134392903,36.89312757542002,77.21822541966426,0.0,52.49999999999999,20.251218193454974
ma150_r0.300_c1.00_v20.40_v10.00,150,0.29999999999999993,1.0,0.4,0.0,72.16942814963095,-13.90324176372949,35.13279444927048,54.45840813883902,21.18491921005386,40.0,85.72191477385331,23.576123125289605,-9.468966335775097,36.79157979335069,66.42685851318944,16.06714628297362,40.0,25.71032917555014
ma150_r0.225_c1.00_v20.40_v10.00,150,0.22499999999999998,1.0,0.4,0.0,72.15667849616321,-13.699385558481525,34.38187388209033,54.57809694793537,19.62896469180132,40.0,83.5751976754755,23.972844102071033,-8.209636916672435,34.42939461915714,66.90647482014388,13.42925659472422,40.0,23.365565862134506
ma200_r0.300_c1.00_v20.25_v10.10,200,0.29999999999999993,1.0,0.25,0.1,72.11134713826782,-13.154365151048243,34.23070825221052,74.92519449431478,21.903052064631957,25.0,84.4416187128862,26.19751915095918,-6.596368376879591,33.94101631908274,82.9736211031175,15.827338129496402,25.0,22.897654235925362
ma250_r0.275_c0.75_v20.85_v10.10,250,0.27499999999999997,0.75,0.85,0.1,72.08595156892169,-10.985752561933582,36.91964342767824,74.74566128067026,0.0,63.74999999999999,68.21068160049097,26.414035084152566,-10.664276365609492,42.99330788471668,86.810551558753,0.0,63.74999999999999,23.99781480905891
ma250_r0.275_c0.75_v20.55_v10.30,250,0.27499999999999997,0.75,0.55,0.3,72.07498982957641,-10.235077128209946,33.473747717887306,74.74566128067026,0.0,41.25,66.71787476790749,27.658381495679585,-6.427548798425042,35.850858850471695,86.810551558753,0.0,41.25,19.618536683425155
ma125_r0.100_c1.00_v20.85_v10.20,125,0.1,1.0,0.85,0.2,72.05434702406703,-15.53819710447012,35.38470136269618,74.68581687612208,1.6756433273488927,44.83969609497929,78.98828068369416,26.265626601646485,-5.703383994616662,33.60008657983264,81.5347721822542,0.2398081534772182,44.83969609497929,19.262942929377832
ma75_r0.250_c1.00_v20.40_v10.00,75,0.24999999999999997,1.0,0.4,0.0,72.05310434655729,-16.580446930598214,32.887870666986025,50.38898862956314,19.50927588270497,40.0,84.03664299482536,25.820443692380234,-8.96732033069253,33.63025227811426,61.39088729016786,13.189448441247004,40.0,24.290925397407413
ma250_r0.275_c0.75_v20.70_v10.20,250,0.27499999999999997,0.75,0.7,0.2,72.04745786757417,-10.555140189149315,35.08213424151359,74.74566128067026,0.0,52.49999999999999,68.48902373752279,27.181723701913164,-9.699957996166775,39.187834004162994,86.810551558753,0.0,52.49999999999999,22.082921299565598
ma150_r0.125_c1.00_v20.40_v10.00,150,0.125,1.0,0.4,0.0,72.0162022128858,-12.20899201451423,29.904909347778467,57.86953919808497,7.001795332136446,26.376291820576053,76.82219668399509,23.984638641838085,-4.672867932000468,27.874491238866874,68.82494004796163,6.235011990407674,26.376291820576053,18.141843004821233
ma200_r0.150_c1.00_v20.25_v10.00,200,0.15,1.0,0.25,0.0,72.01494026841613,-10.938857819214254,30.00125951746361,56.134051466187906,15.260323159784562,19.78221886543204,78.10327153770257,24.333416065133374,-4.324832376235066,27.185881055938328,68.82494004796163,13.189448441247004,19.78221886543204,18.04059147036576
ma125_r0.250_c1.00_v20.55_v10.00,125,0.24999999999999997,1.0,0.55,0.0,72.00178085766508,-16.336929056564166,38.048138898036406,54.099341711549975,19.389587073608617,55.00000000000001,90.85107645703178,24.03974522228729,-11.013111194306358,39.924184919512264,65.94724220623502,13.42925659472422,55.00000000000001,26.3017290723367
ma100_r0.150_c0.75_v20.55_v10.30,100,0.15,0.75,0.55,0.3,71.96014375664757,-11.977855629562962,30.22218642030291,69.71873129862358,0.0,41.25,60.78301443096723,27.651125720392322,-4.660782901188554,29.883715179281246,78.41726618705036,0.0,41.25,15.611291125629315
ma225_r0.100_c1.00_v20.55_v10.30,225,0.1,1.0,0.55,0.3,71.93322146433003,-11.472036005195452,31.5249512091901,77.79772591262717,1.7953321364452424,29.013921002633662,74.6304363519552,27.084064042462643,-3.498201665155942,28.476110710823537,86.810551558753,0.2398081534772182,29.013921002633662,16.951378755776762
ma125_r0.300_c0.75_v20.85_v10.30,125,0.29999999999999993,0.75,0.85,0.3,71.88049889462246,-15.540597591638317,38.70088121471755,71.27468581687613,0.0,63.74999999999999,70.267981186877,28.35138122921812,-10.70408985964657,42.77890651179922,78.65707434052757,0.0,63.74999999999999,20.898872598645912
ma250_r0.150_c0.75_v20.55_v10.30,250,0.15,0.75,0.55,0.3,71.87163580585161,-10.19100399744497,32.119514960429285,75.344105326152,0.0,41.25,64.54606987745892,28.24174793566605,-4.935100099547274,32.06898330704889,88.2494004796163,0.0,41.25,16.925763802095773
ma150_r0.275_c1.00_v20.25_v10.10,150,0.27499999999999997,1.0,0.25,0.1,71.86421532914531,-14.079342704588715,33.12559828549539,73.07001795332137,20.46678635547576,25.0,80.72827456268845,26.084823111481057,-6.296025038667008,33.03121200229117,79.61630695443645,14.148681055155876,25.0,22.1796234311608
ma150_r0.250_c1.00_v20.25_v10.10,150,0.24999999999999997,1.0,0.25,0.1,71.84897680936237,-14.064537901916507,32.876154557408974,73.12986235786954,19.748653500897667,25.0,80.00265140348658,26.131585001313518,-5.91805131582015,32.21633826729585,79.85611510791367,13.42925659472422,25.0,21.313294028328
ma150_r0.275_c0.75_v20.85_v10.30,150,0.27499999999999997,0.75,0.85,0.3,71.8254632080249,-14.855453667365692,39.072030589125056,72.77079593058049,0.0,63.74999999999999,70.17576748810828,28.189526967783895,-10.664276365609505,42.573546787730436,78.65707434052757,0.0,63.74999999999999,21.072814809058904
ma175_r0.300_c1.00_v20.25_v10.20,175,0.29999999999999993,1.0,0.25,0.2,71.78627472852186,-15.004703306423007,35.715630458229484,74.44643925792938,21.424296828246558,25.0,81.45990056674304,27.275888296450756,-8.202446185270462,35.797723543571536,83.21342925659472,15.827338129496402,25.0,21.08456656037186
ma100_r0.100_c1.00_v20.70_v10.10,100,0.1,1.0,0.7,0.1,71.77953285168013,-12.715930274465915,30.510564113258397,71.99281867145422,1.6756433273488927,35.95148837215342,72.20358942116516,24.436045432725905,-5.12282684003853,29.142207294478006,77.6978417266187,0.2398081534772182,35.95148837215342,17.8190898439198
ma150_r0.125_c1.00_v20.25_v10.10,150,0.125,1.0,0.25,0.1,71.66142187825952,-12.171936447784116,28.372597990050824,74.74566128067026,7.001795332136446,16.485182387860036,73.18034441493528,25.451705421923187,-3.0378673209902174,25.711082345491604,79.85611510791367,6.235011990407674,16.485182387860036,16.37076538572026
ma225_r0.125_c1.00_v20.25_v10.10,225,0.125,1.0,0.25,0.1,71.65711746218535,-11.773879574703916,29.12968236601592,76.42130460801914,7.1813285457809695,16.485182387860036,73.93976428949568,25.39737388081429,-3.108556452603417,26.103389393373284,86.57074340527578,6.235011990407674,16.485182387860036,16.568961740559033
ma150_r0.275_c1.00_v20.40_v10.00,150,0.27499999999999997,1.0,0.4,0.0,71.646808344442,-13.903241763729346,34.97289096729601,54.45840813883902,20.825852782764812,40.0,85.1332389910804,23.420651414205864,-9.2611660681446,36.232298446026576,66.42685851318944,14.628297362110313,40.0,25.122591615067464
ma225_r0.225_c1.00_v20.40_v10.00,225,0.22499999999999998,1.0,0.4,0.0,71.6282044904947,-12.437362977295264,35.06137756630969,54.69778575703172,20.766008378216636,40.0,84.53928825760477,22.75689375885368,-8.209636916672435,34.99461832960652,68.82494004796163,13.42925659472422,40.0,23.924703825727043
ma175_r0.200_c1.00_v20.40_v10.00,175,0.19999999999999998,1.0,0.4,0.0,71.6126387880274,-13.912874033897927,34.406394343637295,55.475763016157984,20.167564332734887,40.0,85.44388592983617,24.59873349858832,-7.323335700247757,33.422157798647525,67.38609112709833,13.42925659472422,40.0,22.457384633004185
ma225_r0.275_c0.75_v20.85_v10.30,225,0.27499999999999997,0.75,0.85,0.3,71.6070176030909,-13.55447508403811,39.579698571460625,74.50628366247756,0.0,63.74999999999999,69.67804223701332,26.235490057355882,-11.459174463286537,44.551964053917494,85.13189448441247,0.0,63.74999999999999,22.347814809058907
ma175_r0.125_c1.00_v20.40_v10.10,175,0.125,1.0,0.4,0.1,71.58407682668442,-13.287811475852651,31.464440953706607,76.66068222621185,7.001795332136446,26.376291820576053,79.79188013177358,25.582657641439166,-3.9498081710893085,28.7457872810414,84.17266187050359,6.235011990407674,26.376291820576053,17.867770564292844
ma200_r0.250_c1.00_v20.25_v10.10,200,0.24999999999999997,1.0,0.25,0.1,71.58383390740033,-13.13940096749352,33.817550714318585,74.98503889886295,20.766008378216636,25.0,83.00265140348658,25.892598864450388,-5.91805131582015,32.55206968216396,83.21342925659472,13.42925659472422,25.0,21.313294028328
ma200_r0.275_c1.00_v20.25_v10.10,200,0.27499999999999997,1.0,0.25,0.1,71.56926099467024,-13.15436515104792,34.06747756497806,74.92519449431478,21.484141232794734,25.0,83.72827456268845,25.845925576084383,-6.296025038667008,33.36694341715928,82.9736211031175,14.148681055155876,25.0,22.1796234311608
ma250_r0.100_c1.00_v20.40_v10.30,250,0.1,1.0,0.4,0.3,71.5208469302627,-10.041962155067308,29.550698651245888,78.2166367444644,1.7953321364452424,20.54370764123053,68.91417344835821,27.016546207109826,-3.4926449148617977,26.50521403278756,88.48920863309353,0.2398081534772182,20.54370764123053,14.939998147551417
ma100_r0.300_c0.75_v20.55_v10.30,100,0.29999999999999993,0.75,0.55,0.3,71.5172840238554,-12.068442419663238,31.563629278578198,69.12028725314184,0.0,41.25,62.99101369860294,27.28579862597742,-6.301768496893601,33.52207681086671,77.21822541966426,0.0,41.25,18.27190511037187
ma250_r0.150_c1.00_v20.25_v10.00,250,0.15,1.0,0.25,0.0,71.46752127919058,-12.282077968061389,30.116187202224843,55.17654099341711,15.978456014362658,20.972319760595877,75.72212110658359,25.279810843694307,-4.324832376235066,27.50547161949855,70.9832134292566,13.189448441247004,20.972319760595877,18.29039095800158
ma250_r0.250_c0.75_v20.55_v10.30,250,0.24999999999999997,0.75,0.55,0.3,71.46114052226666,-10.235077128210147,33.37665656742816,74.74566128067026,0.0,41.25,66.49920433446134,27.275548420332886,-6.41645132577281,35.56830856910115,86.810551558753,0.0,41.25,19.345260621295598
ma75_r0.200_c1.00_v20.25_v10.10,75,0.19999999999999998,1.0,0.25,0.1,71.46048501464628,-16.06082847321595,30.701568347596897,67.56433273488929,18.91083183722322,25.0,79.19244099164106,28.536310957669887,-4.687536781088452,29.10005536694955,74.82014388489209,13.189448441247004,25.0,20.18130521769103
ma175_r0.250_c1.00_v20.25_v10.20,175,0.24999999999999997,1.0,0.25,0.2,71.45993048624844,-14.990057950635194,35.28465545271674,74.50628366247756,20.287253141831236,25.0,80.1103006308499,27.013536229878166,-7.605082837448018,34.388161464318536,83.45323741007195,13.42925659472422,25.0,19.578135314516025
ma100_r0.250_c0.75_v20.85_v10.10,100,0.24999999999999997,0.75,0.85,0.1,71.4415892287623,-13.341623589711805,35.14902260384722,69.06044284859367,0.0,63.74999999999999,64.6237452382606,25.135647127692494,-10.706270124021689,40.061150500477424,77.21822541966426,0.0,63.74999999999999,21.240767776020853
ma150_r0.250_c1.00_v20.40_v10.00,150,0.24999999999999997,1.0,0.4,0.0,71.42087085043521,-13.888408968343679,34.71777568063918,54.51825254338719,19.988031119090365,40.0,84.42655589671088,23.4751174387962,-8.967320330692552,35.39948795632629,66.66666666666666,13.42925659472422,40.0,24.280838299292938
ma125_r0.150_c1.00_v20.40_v10.00,125,0.15,1.0,0.4,0.0,71.41022040258687,-14.981474433514673,32.099691594825906,55.65529622980251,15.49970077797726,31.651550184691263,81.13274895524951,24.890936653426166,-5.634574742518783,30.35710812911192,67.62589928057554,13.189448441247004,31.651550184691263,19.414763802007933
ma175_r0.175_c1.00_v20.40_v10.00,175,0.175,1.0,0.4,0.0,71.39027945555667,-14.15466302075471,33.82050868742989,55.59545182525434,18.91083183722322,36.92680854880647,84.29342839835455,25.208952537630513,-6.559766879949769,32.156078463474266,67.38609112709833,13.42925659472422,36.92680854880647,21.21758414773782
ma100_r0.275_c0.75_v20.70_v10.20,100,0.27499999999999997,0.75,0.7,0.2,71.38213548505136,-12.709610829773943,33.26318098217577,69.06044284859367,0.0,52.49999999999999,64.72028594935423,26.406988341411996,-9.699957996166775,36.594479653967156,77.21822541966426,0.0,52.49999999999999,19.98236667733373
ma175_r0.275_c1.00_v20.25_v10.20,175,0.27499999999999997,1.0,0.25,0.2,71.29944720689156,-15.004703306423062,35.54410608426962,74.44643925792938,21.005385996409338,25.0,80.78379254576592,26.909872547112744,-7.945685245266832,35.21580753361213,83.21342925659472,14.148681055155876,25.0,20.398052678945433
ma75_r0.125_c1.00_v20.40_v10.00,75,0.125,1.0,0.4,0.0,71.27691399998804,-14.740832231601676,28.552946333888308,52.842609216038305,6.882106523040096,27.96309301412784,77.45097730671405,25.17242775788262,-4.672867932000491,26.8232104747679,63.78896882494005,5.755395683453238,27.96309301412784,18.860899012637105
ma100_r0.275_c0.75_v20.55_v10.30,100,0.27499999999999997,0.75,0.55,0.3,71.27670307624783,-12.068442419663306,31.47235541928049,69.12028725314184,0.0,41.25,62.7901642443917,27.035009126216035,-6.224196894567092,33.26449594282365,77.21822541966426,0.0,41.25,18.043100908814402
ma125_r0.100_c1.00_v20.70_v10.30,125,0.1,1.0,0.7,0.3,71.21794721116925,-14.537059496320193,33.29984684208644,74.68581687612208,1.6756433273488927,36.92680854880647,76.99841699542387,27.353139669275194,-4.870781465304463,30.784738367242287,81.5347721822542,0.2398081534772182,36.92680854880647,17.583858632925597
ma75_r0.150_c1.00_v20.25_v10.10,75,0.15,1.0,0.25,0.1,71.16362823770952,-15.480292268279584,29.316933819423486,68.7013764213046,15.439856373429084,19.259725913653618,77.4196859299837,27.962322394551965,-3.532547191739621,26.912581716134465,74.82014388489209,12.949640287769784,19.259725913653618,18.33807124381837
ma175_r0.300_c1.00_v20.40_v10.00,175,0.29999999999999993,1.0,0.4,0.0,71.13289655178328,-13.986282342071021,35.5517052811077,54.69778575703172,21.723518850987432,40.0,88.52191477385333,23.576123125289605,-9.468966335775097,36.79157979335069,66.42685851318944,16.06714628297362,40.0,25.71032917555014
ma175_r0.225_c1.00_v20.40_v10.00,175,0.22499999999999998,1.0,0.4,0.0,71.12155675646439,-13.781951086392496,34.801081100434835,54.99700777977259,20.167564332734887,40.0,86.3751976754755,23.972844102071033,-8.209636916672435,34.42939461915714,66.90647482014388,13.42925659472422,40.0,23.365565862134506
ma75_r0.300_c1.00_v20.25_v10.10,75,0.29999999999999993,1.0,0.25,0.1,71.07161177346781,-16.18933595030586,31.69405177682994,67.14542190305207,20.40694195092759,25.0,81.7355292008643,28.392508343093304,-6.3546556822472455,31.883547988903853,74.58033573141488,15.587529976019185,25.0,22.96954266707889
ma200_r0.125_c1.00_v20.25_v10.10,200,0.125,1.0,0.25,0.1,71.05038097470609,-11.20244816934559,29.063023535609773,76.84021543985638,7.001795332136446,16.485182387860036,75.47749505400085,25.29993109499,-3.0378673209902174,25.902579116840812,84.17266187050359,6.235011990407674,16.485182387860036,16.374816614311623
ma225_r0.125_c1.00_v20.40_v10.00,225,0.125,1.0,0.4,0.0,71.03986980398179,-12.028354457913416,30.401647603660443,57.450628366247756,7.1813285457809695,26.376291820576053,77.99665493036579,23.385231279016683,-4.672867932000468,28.195787681318823,70.74340527577938,6.235011990407674,26.376291820576053,18.45247520681709
ma75_r0.175_c1.00_v20.25_v10.10,75,0.175,1.0,0.25,0.1,71.02497793399156,-16.070581970295017,30.20778554060258,67.62417713943746,18.073010173548774,22.469680232595888,78.61319407079131,28.568773511241695,-4.11143838378073,28.124187257426026,74.82014388489209,13.189448441247004,22.469680232595888,19.377741289066652
ma150_r0.100_c1.00_v20.85_v10.20,150,0.1,1.0,0.85,0.2,71.02363093499085,-15.17458352419806,35.848499687065136,76.00239377618193,1.6756433273488927,44.83969609497929,79.08844917454445,26.781980958582242,-5.743628745946527,33.71736527480685,80.0959232613909,0.2398081534772182,44.83969609497929,19.530147681044916
ma250_r0.175_c0.75_v20.55_v10.30,250,0.175,0.75,0.55,0.3,71.02314280033144,-10.116342617068419,32.66928725895114,75.10472770795931,0.0,41.25,65.07127913975481,27.381765689219506,-5.727697842413604,33.44187564622664,88.2494004796163,0.0,41.25,17.732931096108384
ma250_r0.225_c0.75_v20.55_v10.30,250,0.22499999999999998,0.75,0.55,0.3,71.01306824296563,-10.235077128210035,33.264608803395575,74.98503889886295,0.0,41.25,66.34419636504103,27.020299593691966,-6.3468083676783476,35.24000320538386,87.76978417266187,0.0,41.25,19.128774501831003
ma225_r0.150_c0.75_v20.85_v10.30,225,0.15,0.75,0.85,0.3,71.00686060160406,-13.678648447294783,37.90629519813527,75.10472770795931,0.0,63.74999999999999,68.1924360894936,27.385237757093627,-9.065004060259785,39.86282607838139,86.57074340527578,0.0,63.74999999999999,20.220675600912166
ma75_r0.225_c1.00_v20.25_v10.10,75,0.22499999999999998,1.0,0.25,0.1,71.0007785159855,-15.988310109890246,31.049786139974163,67.20526630760024,18.91083183722322,25.0,79.81717904934553,28.19112030956561,-5.260852190333654,29.923732038298915,74.82014388489209,13.189448441247004,25.0,20.886488623630868
ma250_r0.250_c0.75_v20.70_v10.20,250,0.24999999999999997,0.75,0.7,0.2,70.94711915762232,-10.555140189149359,34.981443827163474,74.74566128067026,0.0,52.49999999999999,68.25593067047527,26.585726288361442,-9.638091586888208,38.88646688658372,86.810551558753,0.0,52.49999999999999,21.814019363241453
ma200_r0.200_c1.00_v20.25_v10.00,200,0.19999999999999998,1.0,0.25,0.0,70.91148438938501,-11.138541640504906,31.552682452889346,55.17654099341711,20.646319569120287,25.0,80.68970459459243,23.954322714798913,-5.7332125796556666,29.551583013625084,67.38609112709833,13.42925659472422,25.0,20.46867692523889
ma175_r0.150_c1.00_v20.25_v10.10,175,0.15,1.0,0.25,0.1,70.90342173075983,-13.34650031486505,31.067159204516102,75.88270496708557,14.961101137043686,19.78221886543204,78.11717154425628,26.2129821883629,-3.8779753587875665,28.185321639694312,84.17266187050359,13.189448441247004,19.78221886543204,17.533417087130314
ma100_r0.175_c0.75_v20.55_v10.30,100,0.175,0.75,0.55,0.3,70.82697144956623,-11.951723725725083,30.717999987453343,69.4195092758827,0.0,41.25,61.267538713276046,26.882374458885614,-5.420434093056992,31.06257974823817,78.41726618705036,0.0,41.25,16.33432718321759
ma150_r0.100_c1.00_v20.70_v10.30,150,0.1,1.0,0.7,0.3,70.81911303891144,-14.13310987396008,33.84892749276093,76.30161579892281,1.6756433273488927,36.92680854880647,78.58336659179967,27.900342746894303,-4.870781465304463,30.861850321043864,80.81534772182253,0.2398081534772182,36.92680854880647,17.870105690701465
ma125_r0.275_c0.75_v20.85_v10.30,125,0.27499999999999997,0.75,0.85,0.3,70.77809000153275,-15.540597591638328,38.59346566013143,71.27468581687613,0.0,63.74999999999999,70.08212756114146,27.53980993687939,-10.664276365609505,42.47239092118766,78.65707434052757,0.0,63.74999999999999,20.679174882092084
ma100_r0.100_c0.75_v20.85_v10.20,100,0.1,0.75,0.85,0.2,70.77547207889066,-12.106799872614937,31.38686165871102,70.43686415320167,0.0,43.65537873761487,60.63620996738405,25.863060064204358,-5.703383994616673,31.584039926039452,78.8968824940048,0.0,43.65537873761487,16.170646716632163
ma100_r0.250_c0.75_v20.55_v10.30,100,0.24999999999999997,0.75,0.55,0.3,70.76710786939844,-12.068442419663317,31.37094331408395,69.12028725314184,0.0,41.25,62.533103858537906,26.71683753313443,-6.195620053787421,32.991431890467545,77.21822541966426,0.0,41.25,17.769864462558548
ma250_r0.200_c1.00_v20.25_v10.00,250,0.19999999999999998,1.0,0.25,0.0,70.76678972345915,-12.533542466676096,31.66401620130714,54.69778575703172,21.125074805505687,25.0,78.00690256617133,24.99947703347154,-5.7332125796556666,29.93776693114578,69.54436450839329,13.42925659472422,25.0,20.785874896817795
ma100_r0.125_c0.75_v20.55_v10.30,100,0.125,0.75,0.55,0.3,70.74850854720205,-11.907798525629564,29.35204123071958,69.8982645122681,0.0,35.30949750836497,60.18979289200327,27.560662318282205,-3.8841626201703505,28.303111903460188,78.41726618705036,0.0,35.30949750836497,14.635327388452154
ma250_r0.150_c0.75_v20.70_v10.20,250,0.15,0.75,0.7,0.2,70.74755879713233,-10.52509427624937,33.63016403678314,75.344105326152,0.0,52.49999999999999,66.35335863792372,27.6177415509014,-7.757187209652605,35.06273199631356,88.2494004796163,0.0,52.49999999999999,19.437011983234125
ma175_r0.125_c1.00_v20.25_v10.20,175,0.125,1.0,0.25,0.2,70.73881726436564,-12.706462984763977,30.286372775242597,76.66068222621185,7.001795332136446,16.485182387860036,73.92001932113291,26.611282259278735,-4.009058826615098,27.18178550492496,84.17266187050359,6.235011990407674,16.485182387860036,15.432063026324503
ma225_r0.125_c0.75_v20.85_v10.30,225,0.125,0.75,0.85,0.3,70.73244105251153,-13.686679029439809,36.63537330405486,75.344105326152,0.0,56.04962011872412,67.20720653482942,28.14474358132908,-7.705235473212568,37.39659808012801,86.57074340527578,0.0,56.04962011872412,18.638798553592625
ma200_r0.225_c1.00_v20.25_v10.00,200,0.22499999999999998,1.0,0.25,0.0,70.65473319049073,-11.026851535340187,31.90859847214597,54.69778575703172,20.646319569120287,25.0,81.55464552479117,23.561739265259064,-6.431250304175551,30.46583631433602,66.90647482014388,13.42925659472422,25.0,21.371641634646746
ma200_r0.300_c1.00_v20.25_v10.00,200,0.29999999999999993,1.0,0.25,0.0,70.64649030726298,-11.23913780951743,32.592507021251464,54.57809694793537,22.20227408737283,25.0,83.72210523988343,23.413596914743028,-7.607025716765381,32.66564151845653,66.42685851318944,16.06714628297362,25.0,23.714864240943946
ma200_r0.175_c1.00_v20.25_v10.00,200,0.175,1.0,0.25,0.0,70.62489574781732,-11.305944269512713,31.04363249036752,55.296229802513466,19.329742669060444,23.079255343004043,79.78804281725597,24.330972835128286,-5.031079051334386,28.475553141249364,67.38609112709833,13.42925659472422,23.079255343004043,19.358450180746
ma250_r0.250_c0.75_v20.85_v10.10,250,0.24999999999999997,0.75,0.85,0.1,70.61963822956774,-10.985752561933603,36.81894821275588,74.74566128067026,0.0,63.74999999999999,68.02125892264363,25.69572907644979,-10.706270124021689,42.687527643651826,86.810551558753,0.0,63.74999999999999,23.791380021341748
ma175_r0.275_c1.00_v20.40_v10.00,175,0.27499999999999997,1.0,0.4,0.0,70.6134231352856,-13.986282342070954,35.39180179913323,54.69778575703172,21.364452423698385,40.0,87.9332389910804,23.420651414205864,-9.2611660681446,36.232298446026576,66.42685851318944,14.628297362110313,40.0,25.122591615067464
ma125_r0.150_c1.00_v20.25_v10.10,125,0.15,1.0,0.25,0.1,70.6096368599567,-14.960777170359806,30.38025381707371,72.77079593058049,15.140634350688211,19.78221886543204,75.75847497338614,26.536267840378926,-3.607771340560839,27.875593330520505,81.29496402877699,13.189448441247004,19.78221886543204,17.227537273820367
ma225_r0.300_c1.00_v20.40_v10.00,225,0.29999999999999993,1.0,0.4,0.0,70.59822828013435,-12.643237521127226,35.85148448498354,54.57809694793537,22.32196289646918,40.0,86.86743205864337,21.61938451449743,-9.753661571062356,37.513236986819564,68.34532374100719,16.06714628297362,40.0,26.455846460340194
ma225_r0.250_c1.00_v20.40_v10.00,225,0.24999999999999997,1.0,0.4,0.0,70.54940896399668,-12.628187651539037,35.41044027752553,54.637941352483544,21.125074805505687,40.0,85.44782030070257,22.01570256777925,-8.967320330692552,36.01685616111549,68.5851318944844,13.42925659472422,40.0,24.902102703284648
ma225_r0.300_c0.75_v20.70_v10.30,225,0.29999999999999993,0.75,0.7,0.3,70.54522577967361,-12.273149147858032,36.45333084754793,74.50628366247756,0.0,52.49999999999999,70.02657551812499,26.865941969502405,-9.035262547869793,40.00242260494556,85.13189448441247,0.0,52.49999999999999,21.632466929893905
ma175_r0.125_c1.00_v20.40_v10.00,175,0.125,1.0,0.4,0.0,70.5403907489152,-12.874414248240129,30.242354540778848,57.989228007181325,7.001795332136446,26.376291820576053,79.07105155503243,23.984638641838085,-4.672867932000468,27.874491238866874,68.82494004796163,6.235011990407674,26.376291820576053,18.141843004821233
ma200_r0.300_c0.75_v20.85_v10.30,200,0.29999999999999993,0.75,0.85,0.3,70.535701606397,-14.210782944354294,39.81561566638939,74.6259724715739,0.0,63.74999999999999,71.89740656174988,28.51888234118414,-10.70408985964657,43.6397488828871,82.01438848920863,0.0,63.74999999999999,21.328297973518808
ma250_r0.100_c0.75_v20.85_v10.20,250,0.1,0.75,0.85,0.2,70.53460449966718,-10.032383881415786,32.73284640621033,75.64332734889288,0.0,43.65537873761487,63.617533739462246,26.961933977039966,-5.743628745946506,33.31021867023471,88.2494004796163,0.0,43.65537873761487,17.68928507350783
ma250_r0.175_c1.00_v20.25_v10.00,250,0.175,1.0,0.25,0.0,70.5322757491682,-12.614507747282955,31.15706147596946,54.81747456612807,19.80849790544584,24.467706387361858,77.10535848359908,25.434698570871127,-5.031079051334386,28.84840879873629,69.54436450839329,13.42925659472422,24.467706387361858,19.649882916321125
ma200_r0.125_c1.00_v20.25_v10.00,200,0.125,1.0,0.25,0.0,70.49789703511426,-10.073367833080127,27.753476817568806,57.749850388988634,7.001795332136446,16.485182387860036,74.70897877147188,23.269371198072463,-3.6047698339987666,24.994698605408885,68.82494004796163,6.235011990407674,16.485182387860036,16.77128239275759
ma150_r0.250_c0.75_v20.85_v10.30,150,0.24999999999999997,0.75,0.85,0.3,70.4824112616091,-14.855453667365692,38.958615470643885,72.77079593058049,0.0,63.74999999999999,69.98497336593209,27.399049248527007,-10.70627012402171,42.28038367701362,78.65707434052757,0.0,63.74999999999999,20.866380021341747
ma225_r0.100_c1.00_v20.70_v10.20,225,0.1,1.0,0.7,0.2,70.45085210923385,-12.444612953511648,33.06988848516988,77.79772591262717,1.6756433273488927,36.92680854880647,77.01109139777094,25.890771111248867,-4.870781465304452,30.97920906352256,86.810551558753,0.2398081534772182,36.92680854880647,18.69356869544456
ma225_r0.275_c1.00_v20.40_v10.00,225,0.27499999999999997,1.0,0.4,0.0,70.42706203983195,-12.643237521127093,35.678568283595716,54.57809694793537,21.962896469180134,40.0,86.2166298354713,21.713966180153086,-9.31445734317724,36.901811145155605,68.34532374100719,14.628297362110313,40.0,25.805982459458345
ma250_r0.225_c1.00_v20.25_v10.00,250,0.22499999999999998,1.0,0.25,0.0,70.41598490630223,-12.484410839865578,32.0282254627559,54.219030520646314,21.125074805505687,25.0,78.91149324281744,24.534693111215233,-6.431250304175551,30.885252864238165,69.06474820143885,13.42925659472422,25.0,21.72848935267302
ma75_r0.275_c1.00_v20.25_v10.10,75,0.27499999999999997,1.0,0.25,0.1,70.397833490562,-16.18933595030572,31.558187585226882,67.14542190305207,19.988031119090365,25.0,81.13102584333505,27.949582330268164,-6.1160637522410415,31.415982739595222,74.58033573141488,13.908872901678656,25.0,22.370521159718198
ma175_r0.250_c1.00_v20.40_v10.00,175,0.24999999999999997,1.0,0.4,0.0,70.38884587900576,-13.971463852960364,35.1366865124764,54.7576301615799,20.526630760023938,40.0,87.22655589671086,23.4751174387962,-8.967320330692552,35.39948795632629,66.66666666666666,13.42925659472422,40.0,24.280838299292938
ma250_r0.125_c0.75_v20.55_v10.30,250,0.125,0.75,0.55,0.3,70.37494279124373,-10.088704926619041,31.12408809511794,75.58348294434471,0.0,35.30949750836497,63.94050260196377,28.152041610876964,-4.106576358475267,30.183973818460235,88.2494004796163,0.0,35.30949750836497,15.875264995503988
ma150_r0.125_c0.75_v20.85_v10.30,150,0.125,0.75,0.85,0.3,70.36299662450911,-14.614895805070116,36.34814044719788,73.9078396169958,0.0,56.04962011872412,67.77382747338919,28.48089098954596,-7.550212937357637,36.13935282586998,79.85611510791367,0.0,56.04962011872412,17.966551438577348
ma100_r0.225_c0.75_v20.55_v10.30,100,0.22499999999999998,0.75,0.55,0.3,70.35771455732436,-12.068442419663416,31.263895634259185,69.35966487133453,0.0,41.25,62.38471608394144,26.47628476591437,-6.108223746716945,32.70401851786362,78.17745803357315,0.0,41.25,17.593352979309856
ma100_r0.250_c0.75_v20.70_v10.20,100,0.24999999999999997,0.75,0.7,0.2,70.35350848202656,-12.709610829773887,33.15933355223094,69.06044284859367,0.0,52.49999999999999,64.46162359032203,25.856245008021904,-9.638091586888208,36.29832918431281,77.21822541966426,0.0,52.49999999999999,19.71351516121248
ma250_r0.100_c1.00_v20.55_v10.10,250,0.1,1.0,0.55,0.1,70.3428312838559,-9.302148023486001,29.10394365973563,78.2166367444644,1.7953321364452424,28.24759800669198,72.90686556683153,24.016973254358255,-4.392683843962731,26.934957884381273,88.48920863309353,0.2398081534772182,28.24759800669198,17.6673287856728
ma100_r0.225_c0.75_v20.85_v10.10,100,0.22499999999999998,0.75,0.85,0.1,70.31882764687045,-13.341623589711748,35.03766715893114,69.29982046678636,0.0,63.74999999999999,64.63871473628114,24.673139258784225,-10.791800760731086,39.7343108924083,78.17745803357315,0.0,63.74999999999999,21.23307047296967
ma150_r0.100_c1.00_v20.55_v10.30,150,0.1,1.0,0.55,0.3,70.31685358618098,-12.818675637902487,31.03112861023095,76.48114901256733,1.7953321364452424,29.013921002633662,75.8103876396267,27.051486840563,-3.4254473330629254,27.65875669985037,81.5347721822542,0.2398081534772182,29.013921002633662,16.599960384962053
ma250_r0.125_c0.75_v20.70_v10.20,250,0.125,0.75,0.7,0.2,70.29730865701502,-10.362693780607191,32.56235264602768,75.58348294434471,0.0,44.93936046519178,65.32813453745493,27.883908671755407,-6.678564057767389,32.976247358618,88.2494004796163,0.0,44.93936046519178,18.037355841753012
ma75_r0.250_c1.00_v20.25_v10.10,75,0.24999999999999997,1.0,0.25,0.1,70.28953490657928,-16.174894716007206,31.335101027853824,67.20526630760024,19.269898264512268,25.0,80.51424347680167,27.92092974536049,-5.788041880951356,30.705508062214363,74.82014388489209,13.189448441247004,25.0,21.62320105428927
ma250_r0.200_c0.75_v20.55_v10.30,250,0.19999999999999998,0.75,0.55,0.3,70.28745224078364,-10.24402920619767,33.029715518537564,74.98503889886295,0.0,41.25,65.72219796688857,26.771632411883893,-6.1290114178489175,34.49582861634835,87.76978417266187,0.0,41.25,18.491832240438985
ma175_r0.200_c1.00_v20.25_v10.10,175,0.19999999999999998,1.0,0.25,0.1,70.25620116674358,-13.953551477495607,32.71645768904482,75.10472770795931,19.92818671454219,25.0,80.83503676429869,26.042048126512917,-5.159723695500762,30.709625740840313,84.17266187050359,13.42925659472422,25.0,19.80050119695268
ma225_r0.250_c0.75_v20.85_v10.30,225,0.24999999999999997,0.75,0.85,0.3,70.24892806966945,-13.55447508403811,39.472971707237505,74.50628366247756,0.0,63.74999999999999,69.52567768311849,25.457061860995545,-11.585131110587222,44.25880094320067,85.13189448441247,0.0,63.74999999999999,22.141380021341746
ma200_r0.275_c1.00_v20.25_v10.00,200,0.27499999999999997,1.0,0.25,0.0,70.20267060640415,-11.23913780951754,32.449007828810394,54.57809694793537,21.84320766008378,25.0,83.12226627983271,23.23027726003488,-7.371623549366779,32.1415392337364,66.42685851318944,14.628297362110313,25.0,23.115611669824624
ma250_r0.225_c0.75_v20.70_v10.20,250,0.22499999999999998,0.75,0.7,0.2,70.18763403204964,-10.555140189149526,34.862704536108716,74.98503889886295,0.0,52.49999999999999,68.13634904837987,26.245463787740462,-9.643575852117358,38.52721707645453,87.76978417266187,0.0,52.49999999999999,21.646806192022716
ma75_r0.100_c1.00_v20.85_v10.30,75,0.1,1.0,0.85,0.3,70.18737267440682,-17.35930409524944,34.797013212797246,71.15499700777977,1.615798922800718,43.65537873761487,79.0233118761337,30.46298658640765,-5.601063409213802,33.102505356457144,75.29976019184652,0.0,43.65537873761487,19.628382527165964
ma100_r0.150_c0.75_v20.70_v10.20,100,0.15,0.75,0.7,0.2,70.17226967902769,-12.63144757872514,31.916078813100274,69.6588868940754,0.0,52.49999999999999,62.85995400676082,26.39821158328286,-7.757187209652605,32.87774613613886,78.41726618705036,0.0,52.49999999999999,17.710870773081766
ma150_r0.150_c0.75_v20.85_v10.30,150,0.15,0.75,0.85,0.3,70.17125178382571,-14.790638219577767,37.53193764852358,73.54877318970676,0.0,63.74999999999999,68.92014234576892,27.79811225823401,-8.822860161941936,38.35711881273679,80.3357314148681,0.0,63.74999999999999,19.413979062893834
ma175_r0.175_c1.00_v20.25_v10.10,175,0.175,1.0,0.25,0.1,70.16017556904069,-13.957886343950266,32.1727031461456,75.52363853979654,18.791143028126868,23.079255343004043,79.92975087893555,26.39867943010692,-4.5130064018222065,29.57025850032832,84.17266187050359,13.42925659472422,23.079255343004043,18.772311439597253
ma250_r0.300_c1.00_v20.25_v10.00,250,0.29999999999999993,1.0,0.25,0.0,70.12489649070308,-12.69321943746865,32.737048574261,54.099341711549975,22.681029323758228,25.0,81.1979021972518,24.178918972957387,-7.607025716765381,33.18489555941319,68.5851318944844,16.06714628297362,25.0,24.190661198312313
ma125_r0.125_c1.00_v20.40_v10.00,125,0.125,1.0,0.4,0.0,70.06051058970925,-13.660375495707322,29.752154087320488,57.27109515260324,7.001795332136446,26.376291820576053,77.94852406553457,23.701887337301166,-4.672867932000468,27.714994514844793,67.62589928057554,6.235011990407674,26.376291820576053,17.95181405077208
ma200_r0.250_c1.00_v20.25_v10.00,200,0.24999999999999997,1.0,0.25,0.0,70.04675448382906,-11.223843617281105,32.213881047915464,54.637941352483544,21.005385996409338,25.0,82.42112615921297,23.245327444170627,-7.0479948168688855,31.356874937959166,66.66666666666666,13.42925659472422,25.0,22.279038349072174
ma200_r0.300_c0.75_v20.85_v10.20,200,0.29999999999999993,0.75,0.85,0.2,70.04623644711091,-12.750307569463759,38.5174141054936,74.6259724715739,0.0,63.74999999999999,71.81603703233952,26.891322107360736,-10.704089859646594,42.703485149555476,82.01438848920863,0.0,63.74999999999999,22.22829797351881
ma100_r0.100_c0.75_v20.70_v10.30,100,0.1,0.75,0.7,0.3,70.04282722302236,-11.36186217644859,29.754897592570863,70.55655296229803,0.0,35.95148837215342,60.36070529906141,26.4718317776206,-4.870781465304496,28.9427219614005,78.8968824940048,0.0,35.95148837215342,14.743118247676566
ma150_r0.300_c0.75_v20.85_v10.20,150,0.29999999999999993,0.75,0.85,0.2,69.94673537833738,-14.42671805826773,37.99452362075393,72.77079593058049,0.0,63.74999999999999,70.31603703233952,27.253937526864334,-10.704089859646594,42.199888027253316,78.65707434052757,0.0,63.74999999999999,22.22829797351881
ma100_r0.300_c0.75_v20.85_v10.00,100,0.29999999999999993,0.75,0.85,0.0,69.88776030489741,-13.312533537513616,34.300786550013136,52.00478755236385,0.0,63.74999999999999,65.52754912852228,24.45819253714734,-10.704089859646594,40.084806534944725,63.78896882494005,0.0,63.74999999999999,22.402549128522278
ma100_r0.200_c0.75_v20.55_v10.30,100,0.19999999999999998,0.75,0.55,0.3,69.84397256864166,-12.077211659761177,31.052321167515878,69.35966487133453,0.0,41.25,61.86099327257782,26.23774812185209,-5.872120874537446,32.03278707156617,78.17745803357315,0.0,41.25,17.043679775975743
ma100_r0.125_c0.75_v20.70_v10.20,100,0.125,0.75,0.7,0.2,69.78429921009285,-12.53612807545167,30.95924185130038,69.83842010771993,0.0,44.93936046519177,61.96350664382935,26.65724039415136,-6.678564057767389,31.076004759634895,78.41726618705036,0.0,44.93936046519177,16.426548808996976
ma100_r0.150_c1.00_v20.25_v10.00,100,0.15,1.0,0.25,0.0,69.78091604475367,-14.092354186425016,28.753272674174728,53.381208856971874,15.679233991621782,19.78221886543204,73.458328966111,24.520118662493108,-4.324832376235066,26.89036790767261,66.90647482014388,13.189448441247004,19.78221886543204,17.634971286770355
ma250_r0.275_c1.00_v20.25_v10.00,250,0.27499999999999997,1.0,0.25,0.0,69.77656187634625,-12.69321943746876,32.585244527686726,54.099341711549975,22.32196289646918,25.0,80.55841349075371,24.06324637552524,-7.371623549366779,32.627514111008225,68.5851318944844,14.628297362110313,25.0,23.551758880745624
ma200_r0.100_c1.00_v20.70_v10.20,200,0.1,1.0,0.7,0.2,69.74652658011664,-11.890973447141617,33.26560690407457,78.09694793536805,1.6756433273488927,36.92680854880647,78.63577070278288,25.980986184246223,-4.870781465304452,30.52939404408982,84.41247002398082,0.2398081534772182,36.92680854880647,18.258683612650362
ma100_r0.100_c1.00_v20.40_v10.20,100,0.1,1.0,0.4,0.2,69.73476766449647,-11.408889893409924,26.647555430556917,71.93297426690604,1.7953321364452424,20.54370764123053,66.83058206999884,25.118042248702423,-2.6554188950923763,24.183091209559805,77.6978417266187,0.2398081534772182,20.54370764123053,15.235722428013219
ma75_r0.300_c0.75_v20.85_v10.30,75,0.29999999999999993,0.75,0.85,0.3,69.73118415656974,-16.705490382592615,36.590224918212435,67.62417713943746,0.0,63.74999999999999,69.25984255557591,30.850843149485986,-10.704089859646581,40.34520540164009,73.621103117506,0.0,63.74999999999999,21.174667796871105
ma225_r0.275_c0.75_v20.70_v10.30,225,0.27499999999999997,0.75,0.7,0.3,69.71992414254366,-12.273149147857797,36.357326056209146,74.50628366247756,0.0,52.49999999999999,69.83829410862111,26.233012667497245,-9.100217562017443,39.70695693223127,85.13189448441247,0.0,52.49999999999999,21.386011352402747
ma150_r0.150_c1.00_v20.25_v10.00,150,0.15,1.0,0.25,0.0,69.71696244896262,-12.652815747816671,29.312435574558194,56.193895870736085,15.320167564332735,19.78221886543204,75.21103619061772,24.333416065133374,-4.324832376235066,27.185881055938328,68.82494004796163,13.189448441247004,19.78221886543204,18.04059147036576
ma250_r0.250_c1.00_v20.25_v10.00,250,0.24999999999999997,1.0,0.25,0.0,69.71499047626044,-12.67817579489352,32.341812892658595,54.15918611609815,21.484141232794734,25.0,79.81762362368661,24.147126258208786,-7.0479948168688855,31.80957065154615,68.82494004796163,13.42925659472422,25.0,22.675535813545814
ma225_r0.150_c1.00_v20.25_v10.00,225,0.15,1.0,0.25,0.0,69.71186834506815,-12.089321136096387,30.049685419907323,55.83482944344704,15.61938958707361,19.78221886543204,76.63848225794834,23.88306017161641,-4.362159844644342,27.426853387777296,70.74340527577938,13.189448441247004,19.78221886543204,18.27356562186265
ma100_r0.150_c0.75_v20.85_v10.10,100,0.15,0.75,0.85,0.1,69.7034545215678,-13.27565575367846,33.80991529932656,69.6588868940754,0.0,63.74999999999999,63.43334421558081,25.14224684555415,-9.359428176386686,36.329298745228535,78.41726618705036,0.0,63.74999999999999,19.656901053560617
ma225_r0.225_c0.75_v20.85_v10.30,225,0.22499999999999998,0.75,0.85,0.3,69.67229197994934,-13.554475084038087,39.337512559127674,74.74566128067026,0.0,63.74999999999999,69.49854698239808,25.259153434967494,-11.288165101979663,43.86917197532434,86.09112709832134,0.0,63.74999999999999,22.04678966639262
ma250_r0.100_c0.75_v20.70_v10.30,250,0.1,0.75,0.7,0.3,69.6606393539208,-9.612510226907533,31.246790671975354,75.64332734889288,0.0,35.95148837215342,64.05334646611833,27.24830033879173,-4.870781465304496,30.635880616952864,88.2494004796163,0.0,35.95148837215342,15.990157876771615
ma250_r0.125_c1.00_v20.25_v10.00,250,0.125,1.0,0.25,0.0,69.64051418090993,-11.33794644004964,27.89931285208352,56.79233991621784,7.4207061639736684,17.476933133829895,72.99433557248797,24.051552193692615,-3.6047698339987666,25.261024075042403,70.9832134292566,6.235011990407674,17.476933133829895,16.97944863245411
ma250_r0.100_c1.00_v20.40_v10.20,250,0.1,1.0,0.4,0.2,69.6378223212661,-9.69904149883506,28.04809672332138,78.2166367444644,1.7953321364452424,20.54370764123053,70.13629058757675,25.58652469314431,-2.6585740022114,25.253257570329936,88.48920863309353,0.2398081534772182,20.54370764123053,15.974754096414859
ma250_r0.225_c0.75_v20.85_v10.10,250,0.22499999999999998,0.75,0.85,0.1,69.61824758250299,-10.985752561933658,36.696164160683544,74.98503889886295,0.0,63.74999999999999,67.98556758455209,25.321468698694495,-10.791800760731086,42.307939492611226,87.76978417266187,0.0,63.74999999999999,23.721903735047803
ma125_r0.100_c1.00_v20.55_v10.30,125,0.1,1.0,0.55,0.3,69.61407837860565,-13.5604202963317,30.48582255886716,74.68581687612208,1.7953321364452424,29.013921002633662,73.96838346656074,26.455612533629758,-3.4254473330629254,27.58913062880547,81.5347721822542,0.2398081534772182,29.013921002633662,16.37097301234624
ma250_r0.150_c0.75_v20.85_v10.10,250,0.15,0.75,0.85,0.1,69.57742133928164,-10.964137559740072,35.36958462935882,75.344105326152,0.0,63.74999999999999,66.45837193660502,26.599294225871837,-9.359428176386686,38.53059855720335,88.2494004796163,0.0,63.74999999999999,21.74598470258901
ma100_r0.225_c0.75_v20.70_v10.20,100,0.22499999999999998,0.75,0.7,0.2,69.54298956484467,-12.709610829774022,33.04907223771535,69.29982046678636,0.0,52.49999999999999,64.37068248369461,25.46903032444334,-9.643575852117358,35.98695606127943,78.17745803357315,0.0,52.49999999999999,19.597178799723075
ma125_r0.250_c0.75_v20.85_v10.30,125,0.24999999999999997,0.75,0.85,0.3,69.53193966427966,-15.540597591638294,38.48112132106097,71.27468581687613,0.0,63.74999999999999,69.92711888687134,26.819702598982275,-10.70627012402171,42.183518631562684,78.65707434052757,0.0,63.74999999999999,20.508525542281
ma125_r0.200_c1.00_v20.25_v10.10,125,0.19999999999999998,1.0,0.25,0.1,69.51621135634281,-15.822161147486058,31.91818560184346,72.11250748055058,19.329742669060444,25.0,78.17101894424383,26.570526477649146,-4.787781511736966,30.309584194562493,80.3357314148681,13.42925659472422,25.0,19.401457557369582
ma200_r0.100_c1.00_v20.70_v10.30,200,0.1,1.0,0.7,0.3,69.51235254702158,-12.853153879253954,34.4325338793611,78.09694793536805,1.6756433273488927,36.92680854880647,79.64753125254722,27.542522383329814,-4.870781465304463,31.314723723016254,84.41247002398082,0.2398081534772182,36.92680854880647,17.87982863932073
ma175_r0.225_c1.00_v20.25_v10.10,175,0.22499999999999998,1.0,0.25,0.1,69.50083071795608,-13.915738914259068,33.0950909781824,74.74566128067026,19.92818671454219,25.0,81.68203053312128,25.483786475793437,-5.811457721474111,31.66984368701602,83.93285371702638,13.42925659472422,25.0,20.645952036610513
ma150_r0.300_c0.75_v20.70_v10.30,150,0.29999999999999993,0.75,0.7,0.3,69.4936438876175,-13.638493153233666,35.824433704748685,72.77079593058049,0.0,52.49999999999999,70.77657551812497,28.182432674727554,-9.035262547869793,38.23983267688801,78.65707434052757,0.0,52.49999999999999,20.582466929893904
ma125_r0.175_c1.00_v20.25_v10.10,125,0.175,1.0,0.25,0.1,69.45021261153579,-15.790628712183342,31.38475767534588,72.59126271693597,18.491921005385997,23.079255343004043,77.28256740266595,26.777057141403727,-4.199178040115504,29.20890880629221,81.29496402877699,13.42925659472422,23.079255343004043,18.415451657402315
ma150_r0.225_c0.75_v20.85_v10.30,150,0.22499999999999998,0.75,0.85,0.3,69.44017725828024,-14.855453667365715,38.836139159155856,73.0101735487732,0.0,63.74999999999999,70.01132005118549,26.836266976595248,-10.791800760731075,41.96363513978009,79.61630695443645,0.0,63.74999999999999,20.85862149375847
ma250_r0.175_c0.75_v20.70_v10.20,250,0.175,0.75,0.7,0.2,69.43473270444318,-10.436274917957345,34.21460724432354,75.10472770795931,0.0,52.49999999999999,66.9232175623224,26.25653690862997,-8.655440814250548,36.5367683012166,88.2494004796163,0.0,52.49999999999999,20.293049791681383
ma250_r0.100_c1.00_v20.70_v10.00,250,0.1,1.0,0.7,0.0,69.40902491973604,-9.727619255607378,30.751842074224356,58.52782764811491,1.8551765409934171,39.14833021977897,74.23416644916944,23.537830793108206,-5.412126072507773,29.856430660507904,72.18225419664267,0.2398081534772182,39.14833021977897,19.333126583268523
ma125_r0.125_c0.75_v20.85_v10.30,125,0.125,0.75,0.85,0.3,69.37995683369233,-15.219148187410292,35.8568089988663,72.65110712148413,0.0,56.04962011872412,67.7156330972335,27.71001902309642,-7.550212937357637,36.03161532990155,81.29496402877699,0.0,56.04962011872412,17.600397905880442
ma100_r0.100_c1.00_v20.55_v10.10,100,0.1,1.0,0.55,0.1,69.36338734065363,-11.895258463605796,27.832361018343725,71.99281867145422,1.7953321364452424,28.24759800669198,70.05786401326685,23.23010648320516,-4.392683843962731,25.852419510347314,77.6978417266187,0.2398081534772182,28.24759800669198,16.65683196164845
ma200_r0.275_c0.75_v20.85_v10.30,200,0.27499999999999997,0.75,0.85,0.3,69.35330657943557,-14.210782944354317,39.707129332392554,74.6259724715739,0.0,63.74999999999999,71.67576748810828,27.639466623151954,-10.664276365609505,43.32894247118367,82.01438848920863,0.0,63.74999999999999,21.072814809058904
ma225_r0.100_c1.00_v20.85_v10.10,225,0.1,1.0,0.85,0.1,69.34275233075198,-13.578687613352535,34.855491584493656,77.85757031717534,1.6756433273488927,44.83969609497929,78.05171200943806,23.813539999862353,-6.379923291018541,33.874527990138205,86.810551558753,0.2398081534772182,44.83969609497929,20.49404881423276
ma125_r0.175_c1.00_v20.40_v10.00,125,0.175,1.0,0.4,0.0,69.32521580263895,-15.709841080910769,33.157905454328834,54.877318970676235,18.611609814482346,36.92680854880647,82.80732817200196,24.81097238773351,-6.559766879949769,31.932783049843373,66.18705035971223,13.42925659472422,36.92680854880647,20.951543612069006
ma250_r0.300_c0.75_v20.85_v10.00,250,0.29999999999999993,0.75,0.85,0.0,69.31944155761805,-10.718357141850078,35.77993846853062,54.219030520646314,0.0,63.74999999999999,68.30254912852229,25.031838381357254,-10.718357141850078,42.378962064543515,67.86570743405275,0.0,63.74999999999999,24.95254912852228
ma125_r0.200_c1.00_v20.40_v10.00,125,0.19999999999999998,1.0,0.4,0.0,69.30153322248552,-15.62931967427984,33.74739297935726,54.45840813883902,19.569120287253142,40.0,83.99834794096651,24.243683842539188,-7.323335700247757,33.22179054720959,66.18705035971223,13.42925659472422,40.0,22.21866136486241
ma225_r0.175_c0.75_v20.85_v10.30,225,0.175,0.75,0.85,0.3,69.25479631247617,-13.439054192734334,38.60023564812412,74.86535008976661,0.0,63.74999999999999,68.47433196339344,25.6432438257846,-10.139331876162771,41.63648993692776,86.57074340527578,0.0,63.74999999999999,20.875980665013408
ma175_r0.300_c1.00_v20.25_v10.10,175,0.29999999999999993,1.0,0.25,0.1,69.23968390243647,-14.113348829627947,33.823953270860954,74.44643925792938,21.424296828246558,25.0,83.9416187128862,25.409609035358628,-7.020660200563356,33.96499713443046,83.21342925659472,15.827338129496402,25.0,23.09765423592536
ma250_r0.200_c0.75_v20.70_v10.20,250,0.19999999999999998,0.75,0.7,0.2,69.21889692064995,-10.564060399172892,34.6062455684015,74.98503889886295,0.0,52.49999999999999,67.57723819669226,25.91286960612336,-9.382480965974638,37.70131569960219,87.76978417266187,0.0,52.49999999999999,21.071177804259072
ma100_r0.125_c0.75_v20.85_v10.10,100,0.125,0.75,0.85,0.1,69.16385747802649,-13.207599662548253,32.76281288927941,69.83842010771993,0.0,54.56922342201859,62.34597887088751,25.276279513326983,-8.192537854960214,34.26710556880919,78.41726618705036,0.0,54.56922342201859,18.19944355745399
ma175_r0.150_c1.00_v20.25_v10.00,175,0.15,1.0,0.25,0.0,69.16226326496357,-12.857955436692524,29.719650541764185,56.37342908438061,15.320167564332735,19.78221886543204,77.44916518061117,24.333416065133374,-4.324832376235066,27.185881055938328,68.82494004796163,13.189448441247004,19.78221886543204,18.04059147036576
ma125_r0.150_c0.75_v20.85_v10.30,125,0.15,0.75,0.85,0.3,69.13415426849893,-15.476303702918859,37.04213982849268,72.0526630760024,0.0,63.74999999999999,68.80050797616758,27.126367676036644,-8.822860161941936,38.244672363987135,80.3357314148681,0.0,63.74999999999999,19.000296720779584
ma125_r0.125_c1.00_v20.25_v10.10,125,0.125,1.0,0.25,0.1,69.11768183050144,-13.52086871180942,28.167050444299996,73.36923997606223,7.001795332136446,16.485182387860036,72.82378408518511,25.150238278749182,-3.00380767242876,25.65574809266594,81.29496402877699,6.235011990407674,16.485182387860036,16.221192087300288
ma200_r0.300_c0.75_v20.85_v10.10,200,0.29999999999999993,0.75,0.85,0.1,69.10091283746571,-11.42176602937618,37.25401848654347,74.6259724715739,0.0,63.74999999999999,71.50966750292916,24.993988621505725,-10.704089859646547,41.81676752891262,82.01438848920863,0.0,63.74999999999999,22.978297973518806
ma250_r0.125_c0.75_v20.85_v10.10,250,0.125,0.75,0.85,0.1,69.09594268557271,-10.860563432315251,34.21780394289585,75.58348294434471,0.0,55.29379724073172,65.18902937240576,26.810713770570736,-8.192537854960214,36.194686353447636,88.2494004796163,0.0,55.29379724073172,20.142390318197243
ma225_r0.100_c1.00_v20.40_v10.30,225,0.1,1.0,0.4,0.3,68.973732040525,-11.091921593983823,29.46072183253848,77.79772591262717,1.7953321364452424,21.101033456460843,68.76915519374836,26.32940148644609,-3.4926449148617977,26.141535847247667,86.810551558753,0.2398081534772182,21.101033456460843,14.880642086644787
ma250_r0.300_c0.75_v20.55_v10.20,250,0.29999999999999993,0.75,0.55,0.2,68.96951101605575,-9.773489358553755,32.18324449569959,74.74566128067026,0.0,41.25,67.518655312383,25.674245070254553,-7.032240509730969,34.855790101487976,86.810551558753,0.0,41.25,20.855916253562285
ma125_r0.300_c0.75_v20.85_v10.20,125,0.29999999999999993,0.75,0.85,0.2,68.95645269886035,-15.244442206184761,37.60403888107708,71.27468581687613,0.0,63.74999999999999,71.06603703233952,26.75468634816869,-10.704089859646594,42.12794558121015,78.65707434052757,0.0,63.74999999999999,21.92829797351881
ma200_r0.275_c0.75_v20.85_v10.20,200,0.27499999999999997,0.75,0.85,0.2,68.91537387626579,-12.750307569463647,38.412178998905475,74.6259724715739,0.0,63.74999999999999,71.58867875281547,26.13526492175662,-10.664276365609505,42.379273857116495,82.01438848920863,0.0,63.74999999999999,21.972814809058907
ma125_r0.225_c1.00_v20.25_v10.10,125,0.22499999999999998,1.0,0.25,0.1,68.91008014436952,-15.750836613720953,32.30159327226942,71.63375224416517,19.329742669060444,25.0,78.99674115804794,26.15501761685419,-5.373590038040654,31.271918827110547,79.85611510791367,13.42925659472422,25.0,20.257567274951708
ma100_r0.200_c0.75_v20.85_v10.10,100,0.19999999999999998,0.75,0.85,0.1,68.88883805728965,-13.350265957328233,34.78428992793891,69.29982046678636,0.0,63.74999999999999,64.28217562637325,24.05250935097152,-10.534451452388272,38.91861642856046,78.17745803357315,0.0,63.74999999999999,20.85477131123895
ma75_r0.275_c0.75_v20.85_v10.30,75,0.27499999999999997,0.75,0.85,0.3,68.88684755042593,-16.705490382592757,36.510582487078345,67.62417713943746,0.0,63.74999999999999,69.12675048244881,30.193189273155618,-10.664276365609515,40.14632437596384,73.621103117506,0.0,63.74999999999999,21.03823714713185
ma125_r0.300_c1.00_v20.40_v10.00,125,0.29999999999999993,1.0,0.4,0.0,68.8816114960221,-15.728890604705281,34.91748219869951,53.8001196888091,21.125074805505687,40.0,87.15109542898448,23.324164014040626,-9.468966335775097,36.64820624250154,65.22781774580336,16.06714628297362,40.0,25.53950983068129
ma225_r0.200_c0.75_v20.85_v10.30,225,0.19999999999999998,0.75,0.85,0.3,68.87860463745913,-13.563096224152583,39.04276629867513,74.74566128067026,0.0,63.74999999999999,69.06065175539715,25.12618140784111,-10.824740589780523,42.9467657636146,86.09112709832134,0.0,63.74999999999999,21.59519521041534
ma125_r0.225_c1.00_v20.40_v10.00,125,0.22499999999999998,1.0,0.4,0.0,68.87366175100877,-15.52935709234905,34.16703409344232,53.91980849790544,19.569120287253142,40.0,85.006633998816,23.72341433944536,-8.209636916672435,34.28791431500648,65.70743405275779,13.42925659472422,40.0,23.197002185475007
ma75_r0.125_c1.00_v20.25_v10.10,75,0.125,1.0,0.25,0.1,68.85987919559899,-14.11963296835308,27.290147939021836,69.00059844404548,6.882106523040096,16.04977159471135,74.47845024815584,26.231698166301175,-2.941101619160491,24.82074740522336,75.0599520383693,5.755395683453238,16.04977159471135,17.318941753915613
ma150_r0.275_c0.75_v20.85_v10.20,150,0.27499999999999997,0.75,0.85,0.2,68.8165345218388,-14.426718058268017,37.8892885141658,72.77079593058049,0.0,63.74999999999999,70.08867875281547,26.495719768031268,-10.664276365609505,41.87567673481434,78.65707434052757,0.0,63.74999999999999,21.972814809058907
ma100_r0.175_c0.75_v20.85_v10.10,100,0.175,0.75,0.85,0.1,68.78125218140963,-13.225295420035954,34.38785347789655,69.35966487133453,0.0,63.74999999999999,63.816899304304854,24.22125926380838,-10.159593382193865,37.74190632594071,78.41726618705036,0.0,63.74999999999999,20.250370417224467
ma100_r0.175_c0.75_v20.70_v10.20,100,0.175,0.75,0.7,0.2,68.77466552777378,-12.593091731365947,32.45799221957669,69.35966487133453,0.0,52.49999999999999,63.38502328757806,25.270092155446576,-8.655440814250548,34.19718171481799,78.41726618705036,0.0,52.49999999999999,18.460153079008634
ma100_r0.125_c1.00_v20.25_v10.00,100,0.125,1.0,0.25,0.0,68.76708729128784,-12.72735787642656,26.708908658125928,55.41591861160982,7.001795332136446,16.485182387860036,70.85650926751956,23.423220970746783,-3.6047698339987666,24.748437648520788,66.90647482014388,6.235011990407674,16.485182387860036,16.43326557309475
ma125_r0.100_c1.00_v20.85_v10.10,125,0.1,1.0,0.85,0.1,68.73335960740698,-15.337967773841399,34.456764725139955,74.6259724715739,1.6756433273488927,44.83969609497929,78.8777478806199,24.138221758221267,-6.042418661906945,33.013378545913596,81.5347721822542,0.2398081534772182,44.83969609497929,19.703104619165778
ma200_r0.100_c1.00_v20.70_v10.10,200,0.1,1.0,0.7,0.1,68.72866784206899,-10.989967687339607,32.13317805442327,78.15679233991621,1.6756433273488927,36.92680854880647,77.60423433539046,23.629405605992517,-5.12282684003853,29.816737072993565,84.41247002398082,0.2398081534772182,36.92680854880647,18.56553461705915
ma175_r0.125_c1.00_v20.25_v10.10,175,0.125,1.0,0.25,0.1,68.71391075380906,-12.299048058045214,28.773675831808326,76.66068222621185,7.001795332136446,16.485182387860036,75.01276366741371,24.88413316684712,-3.2300085127241696,25.913855016977443,84.17266187050359,6.235011990407674,16.485182387860036,16.476091931725243
ma225_r0.150_c0.75_v20.70_v10.30,225,0.15,0.75,0.7,0.3,68.70500997035931,-12.31079404225557,34.867138385367106,75.10472770795931,0.0,52.49999999999999,67.80661840479894,26.63723109515532,-7.3143120489879365,35.562628625658164,86.57074340527578,0.0,52.49999999999999,18.773085122826643
ma150_r0.275_c0.75_v20.70_v10.30,150,0.27499999999999997,0.75,0.7,0.3,68.68815866514215,-13.63849315323382,35.72174065915185,72.77079593058049,0.0,52.49999999999999,70.56101935971608,27.542935451259652,-9.100217562017443,37.94436700417372,78.65707434052757,0.0,52.49999999999999,20.336011352402746
ma125_r0.100_c1.00_v20.70_v10.20,125,0.1,1.0,0.7,0.2,68.67781879554255,-14.193209824426823,32.33944576743823,74.68581687612208,1.6756433273488927,36.92680854880647,76.93536532189593,25.680272833911854,-4.870781465304452,30.09901854898043,81.5347721822542,0.2398081534772182,36.92680854880647,17.97065316334324
ma175_r0.275_c1.00_v20.25_v10.10,175,0.27499999999999997,1.0,0.25,0.1,68.67735195884659,-14.11334882962796,33.66120570620156,74.44643925792938,21.005385996409338,25.0,83.22827456268844,25.06021062355903,-6.721681190701656,33.390924232507,83.21342925659472,14.148681055155876,25.0,22.379623431160795
ma125_r0.300_c1.00_v20.25_v10.10,125,0.29999999999999993,1.0,0.25,0.1,68.66765057568595,-15.952430688262108,33.02802269037023,71.573907839617,20.825852782764812,25.0,81.2416187128862,26.10157862203517,-6.558063378831291,33.55732327351919,79.61630695443645,15.827338129496402,25.0,22.697654235925363
ma175_r0.250_c1.00_v20.25_v10.10,175,0.24999999999999997,1.0,0.25,0.1,68.662396005627,-14.098549886477551,33.411761978115145,74.50628366247756,20.287253141831236,25.0,82.50265140348657,25.106592508763725,-6.3454244370709345,32.57605049751168,83.45323741007195,13.42925659472422,25.0,21.513294028327998
ma225_r0.250_c0.75_v20.70_v10.30,225,0.24999999999999997,0.75,0.7,0.3,68.65102922567372,-12.273149147857932,36.254141461871214,74.50628366247756,0.0,52.49999999999999,69.64617646238283,25.58440448108548,-9.177377100107165,39.413988711315504,85.13189448441247,0.0,52.49999999999999,21.139555774911585
ma125_r0.225_c0.75_v20.85_v10.30,125,0.22499999999999998,0.75,0.85,0.3,68.58379131369372,-15.540597591638306,38.359715788983664,71.51406343506882,0.0,63.74999999999999,69.98925102003082,26.325627068773528,-10.791800760731075,41.87106091542102,79.61630695443645,0.0,63.74999999999999,20.5365524626038
ma250_r0.300_c0.75_v20.70_v10.10,250,0.29999999999999993,0.75,0.7,0.1,68.58077878131274,-10.194331947029811,33.92576038142143,74.74566128067026,0.0,52.49999999999999,68.4831927653001,25.33210385547182,-9.773998134392903,38.49706728383319,86.810551558753,0.0,52.49999999999999,22.95182323588974
ma225_r0.100_c1.00_v20.55_v10.20,225,0.1,1.0,0.55,0.2,68.56666253674777,-11.276739280960978,30.306813156516654,77.79772591262717,1.7953321364452424,29.013921002633662,74.17348039682878,24.816462533841044,-3.9555665534085627,27.541281841658815,86.810551558753,0.2398081534772182,29.013921002633662,17.22796929643451
ma150_r0.100_c1.00_v20.70_v10.20,150,0.1,1.0,0.7,0.2,68.52998794099823,-13.669802827194344,32.78434981297065,76.12208258527828,1.6756433273488927,36.92680854880647,77.59407754022664,26.225696935563825,-4.870781465304452,30.222999209931086,80.0959232613909,0.2398081534772182,36.92680854880647,18.252201646904183
ma100_r0.200_c0.75_v20.70_v10.20,100,0.19999999999999998,0.75,0.7,0.2,68.50056742566808,-12.718316177471777,32.82057919663991,69.29982046678636,0.0,52.49999999999999,63.92997902808314,24.983602594586586,-9.382480965974638,35.25945299066956,78.17745803357315,0.0,52.49999999999999,19.132620122214945
ma250_r0.175_c0.75_v20.85_v10.10,250,0.175,0.75,0.85,0.1,68.50008996212615,-10.866901947190799,35.98446684932733,75.10472770795931,0.0,63.74999999999999,66.89415482247406,25.273435661142642,-10.159593382193865,40.08179453990934,88.2494004796163,0.0,63.74999999999999,22.472167324838423
ma225_r0.300_c0.75_v20.85_v10.20,225,0.29999999999999993,0.75,0.85,0.2,68.49904106072498,-13.30578183067821,38.4010714466536,74.50628366247756,0.0,63.74999999999999,70.39103703233954,24.774668241723894,-11.722043182700471,43.92650673228929,85.13189448441247,0.0,63.74999999999999,23.503297973518812
ma250_r0.275_c0.75_v20.55_v10.20,250,0.27499999999999997,0.75,0.55,0.2,68.49068760083925,-9.7734893585538,32.10240709041809,74.74566128067026,0.0,41.25,67.32118555629344,25.329935144814897,-6.955270864070739,34.595729528770846,86.810551558753,0.0,41.25,20.618027790072283
ma100_r0.100_c1.00_v20.25_v10.30,100,0.1,1.0,0.25,0.3,68.48213758692287,-11.195572449585256,26.087106205851374,72.17235188509873,1.7953321364452424,12.83981727576908,63.943227854824144,26.722899836078405,-2.889950824891596,23.37522962101136,77.93764988009593,0.2398081534772182,12.83981727576908,14.109448477720584
ma100_r0.275_c0.75_v20.85_v10.00,100,0.27499999999999997,0.75,0.85,0.0,68.47288222674923,-13.312533537513593,34.21014273527837,52.00478755236385,0.0,63.74999999999999,65.26379503447876,23.62843062079549,-10.664276365609505,39.75999352034202,63.78896882494005,0.0,63.74999999999999,22.138795034478758
ma225_r0.200_c1.00_v20.25_v10.00,225,0.19999999999999998,1.0,0.25,0.0,68.42596389193376,-12.325866021856424,31.602796560760122,55.17654099341711,20.766008378216636,25.0,79.00033679658829,23.35205773418023,-5.831564282132506,29.872304054996935,69.30455635491607,13.42925659472422,25.0,20.779309127234743
ma250_r0.200_c0.75_v20.85_v10.10,250,0.19999999999999998,0.75,0.85,0.1,68.42470821369733,-10.99462987860319,36.41260882676371,74.98503889886295,0.0,63.74999999999999,67.49048926928074,24.917611224991433,-10.534451452388272,41.37814880539951,87.76978417266187,0.0,63.74999999999999,23.20873421086396
ma125_r0.275_c1.00_v20.40_v10.00,125,0.27499999999999997,1.0,0.4,0.0,68.39764092926481,-15.72889060470507,34.76056030313557,53.8001196888091,20.766008378216636,40.0,86.57665459161731,23.189981936283456,-9.2611660681446,36.10087269108152,65.22781774580336,14.628297362110313,40.0,24.96600721560435
ma225_r0.225_c0.75_v20.70_v10.30,225,0.22499999999999998,0.75,0.7,0.3,68.34497013907621,-12.273149147857975,36.12493384876353,74.74566128067026,0.0,52.49999999999999,69.48010566615106,25.508634490839533,-8.917776222371554,39.03316567883297,86.09112709832134,0.0,52.49999999999999,20.90901607654332
ma225_r0.125_c0.75_v20.70_v10.30,225,0.125,0.75,0.7,0.3,68.34043269757584,-12.296816574482172,33.75016211808056,75.344105326152,0.0,46.15851068600809,66.73985132836918,27.15723435229931,-6.210377156648672,33.43318848036666,86.57074340527578,0.0,46.15851068600809,17.306381176451357
ma150_r0.125_c1.00_v20.25_v10.00,150,0.125,1.0,0.25,0.0,68.28776755257839,-11.61745068262393,27.181978764589243,57.86953919808497,7.001795332136446,16.485182387860036,72.35263942468279,23.269371198072463,-3.6047698339987666,24.994698605408885,68.82494004796163,6.235011990407674,16.485182387860036,16.77128239275759
ma200_r0.100_c1.00_v20.70_v10.00,200,0.1,1.0,0.7,0.0,68.27294276956218,-10.12706099845937,31.071009223051675,58.7672052663076,1.8551765409934171,36.92680854880647,76.4525897556452,21.81019694230686,-5.412126072507773,29.259861608528816,70.02398081534771,0.2398081534772182,36.92680854880647,18.866834206348326
ma200_r0.300_c0.75_v20.85_v10.00,200,0.29999999999999993,0.75,0.85,0.0,68.24615070716062,-10.718357141850065,36.03128496763294,54.51825254338719,0.0,63.74999999999999,71.07754912852228,23.234428977936084,-10.718357141850078,41.003062783967984,65.70743405275779,0.0,63.74999999999999,23.67754912852228
ma150_r0.175_c0.75_v20.85_v10.30,150,0.175,0.75,0.85,0.3,68.23203111430122,-14.741157627639867,38.16616224770957,73.07001795332137,0.0,63.74999999999999,69.26026563982991,26.33487832546031,-9.758708309725462,39.95906474324266,79.85611510791367,0.0,63.74999999999999,19.943736752749523
ma225_r0.175_c1.00_v20.25_v10.00,225,0.175,1.0,0.25,0.0,68.22694100475668,-12.491031896858651,31.089289022509025,55.296229802513466,19.449431478156793,23.079255343004043,78.08572892477032,23.805296895357174,-5.075727688832432,28.756687528394824,69.30455635491607,13.42925659472422,23.079255343004043,19.630253357492375
ma125_r0.250_c1.00_v20.40_v10.00,125,0.24999999999999997,1.0,0.4,0.0,68.2046110171872,-15.714372333074433,34.50842660288927,53.85996409335727,19.92818671454219,40.0,85.88420644265351,23.265327610352028,-8.967320330692552,35.280009997285326,65.46762589928058,13.42925659472422,40.0,24.138488845235564
ma150_r0.200_c0.75_v20.85_v10.30,150,0.19999999999999998,0.75,0.85,0.3,68.114608918213,-14.863945061970874,38.57416069917893,73.0101735487732,0.0,63.74999999999999,69.71645003876372,26.1547845508294,-10.534451452388282,41.15203597854249,79.61630695443645,0.0,63.74999999999999,20.539045723629428
ma125_r0.275_c1.00_v20.25_v10.10,125,0.27499999999999997,1.0,0.25,0.1,68.10721932468256,-15.95243068826202,32.86527512571083,71.573907839617,20.40694195092759,25.0,80.52827456268845,25.750252343013493,-6.257596869273197,32.98325037159573,79.61630695443645,14.148681055155876,25.0,21.979623431160796
ma125_r0.250_c1.00_v20.25_v10.10,125,0.24999999999999997,1.0,0.25,0.1,68.1054292200048,-15.937948633330024,32.61618219918642,71.63375224416517,19.68880909634949,25.0,79.80851329758758,25.806705371714944,-5.880599101077588,32.16978236660065,79.85611510791367,13.42925659472422,25.0,21.119155922428995
ma100_r0.200_c1.00_v20.25_v10.00,100,0.19999999999999998,1.0,0.25,0.0,68.06579312997141,-14.819596855782468,30.128407167453357,52.42369838420108,19.748653500897667,25.0,75.67015485965996,24.26156574831304,-5.7332125796556666,29.191257273397387,65.46762589928058,13.42925659472422,25.0,19.96867692523889
ma200_r0.250_c0.75_v20.85_v10.30,200,0.24999999999999997,0.75,0.85,0.3,68.02957793184834,-14.210782944354216,39.59371421391138,74.6259724715739,0.0,63.74999999999999,71.48497336593209,26.852380838142498,-10.70627012402171,43.035779360466854,82.01438848920863,0.0,63.74999999999999,20.866380021341747
ma75_r0.150_c1.00_v20.25_v10.00,75,0.15,1.0,0.25,0.0,68.0132089282556,-15.183421392390773,28.1064175909821,52.00478755236385,15.798922800718133,20.972319760595877,76.85874051644011,25.328027679754996,-4.32483237623511,26.106961277838476,63.549160671462836,12.949640287769784,20.972319760595877,18.93292455459068
ma75_r0.150_c0.75_v20.85_v10.30,75,0.15,0.75,0.85,0.3,68.00852254760595,-16.63428289403597,35.140879415661466,68.28246558946739,0.0,63.74999999999999,68.41780020333798,30.35189111953194,-8.82286016194186,36.62265067204344,74.82014388489209,0.0,63.74999999999999,19.971898775008114
ma225_r0.225_c1.00_v20.25_v10.00,225,0.22499999999999998,1.0,0.25,0.0,67.9598650049484,-12.215668266552415,31.966833917709025,54.69778575703172,20.766008378216636,25.0,79.90410675203651,22.805584983820815,-6.612768518926037,30.81910113336688,68.82494004796163,13.42925659472422,25.0,21.721102861892085
ma200_r0.125_c0.75_v20.85_v10.30,200,0.125,0.75,0.85,0.3,67.95889928249532,-13.780338303344852,36.884127186316576,75.70317175344105,0.0,56.04962011872412,69.48702616003735,28.01220235134887,-7.550212937357637,36.71384313991759,84.17266187050359,0.0,56.04962011872412,17.978705124351436
ma100_r0.300_c0.75_v20.70_v10.10,100,0.29999999999999993,0.75,0.7,0.1,67.94312509567118,-12.601407412594057,32.305706352173665,69.06044284859367,0.0,52.49999999999999,65.33258772286533,24.74875624166728,-9.773998134392903,36.268495163128534,77.21822541966426,0.0,52.49999999999999,20.851218193454976
ma150_r0.200_c1.00_v20.25_v10.00,150,0.19999999999999998,1.0,0.25,0.0,67.90998176372783,-13.355767655884653,30.761277020500305,55.11669658886894,19.62896469180132,25.0,77.62677171503768,23.954322714798913,-5.7332125796556666,29.551583013625084,67.38609112709833,13.42925659472422,25.0,20.46867692523889
ma150_r0.175_c1.00_v20.25_v10.00,150,0.175,1.0,0.25,0.0,67.89957919905343,-13.286010114529056,30.262725700090932,55.41591861160982,18.491921005385997,23.079255343004043,76.57843690240787,24.330972835128286,-5.031079051334386,28.475553141249364,67.38609112709833,13.42925659472422,23.079255343004043,19.358450180746
ma75_r0.250_c0.75_v20.85_v10.30,75,0.24999999999999997,0.75,0.85,0.3,67.89759772592687,-16.705490382592668,36.426011271459906,67.62417713943746,0.0,63.74999999999999,69.02450336078712,29.627275203397787,-10.706270124021678,39.9650866512742,73.621103117506,0.0,63.74999999999999,20.95085487413533
ma250_r0.275_c0.75_v20.85_v10.00,250,0.27499999999999997,0.75,0.85,0.0,67.88344306997493,-10.754553034823289,35.68927406453578,54.219030520646314,0.0,63.74999999999999,68.03879503447875,24.179128760205913,-10.754553034823333,42.05406654477641,67.86570743405275,0.0,63.74999999999999,24.68879503447876
ma250_r0.150_c0.75_v20.55_v10.20,250,0.15,0.75,0.55,0.2,67.87815856793169,-9.724886038912262,30.811431350243385,75.344105326152,0.0,41.25,64.90825615349203,25.828337196943508,-5.3127480843383035,30.92639237315303,88.2494004796163,0.0,41.25,17.75513670541158
ma100_r0.175_c1.00_v20.25_v10.00,100,0.175,1.0,0.25,0.0,67.87459298127656,-14.830028539266138,29.640967609404946,52.48354278874925,18.791143028126868,23.079255343004043,74.70429284254857,24.549358835706393,-5.031079051334386,28.130787801606026,65.46762589928058,13.42925659472422,23.079255343004043,18.885226633218025
ma100_r0.100_c1.00_v20.70_v10.00,100,0.1,1.0,0.7,0.0,67.85737431825561,-12.848052918502006,29.60980924743722,56.25374027528426,1.8551765409934171,36.92680854880647,71.60885051903256,22.365738566664195,-5.412126072507773,28.709161122940845,67.38609112709833,0.2398081534772182,36.92680854880647,18.109676530303563
ma100_r0.225_c1.00_v20.25_v10.00,100,0.22499999999999998,1.0,0.25,0.0,67.83642301880215,-14.747422841540436,30.487201181569816,51.94494314781568,19.748653500897667,25.0,76.55155013820573,23.918646471829486,-6.431250304175551,30.10538153764052,64.98800959232614,13.42925659472422,25.0,20.871641634646746
ma125_r0.275_c0.75_v20.85_v10.20,125,0.27499999999999997,0.75,0.85,0.2,67.83283754305319,-15.244442206184727,37.49880377448896,71.27468581687613,0.0,63.74999999999999,70.83867875281545,25.999443280077372,-10.664276365609505,41.803734288771174,78.65707434052757,0.0,63.74999999999999,21.672814809058906
ma200_r0.150_c0.75_v20.85_v10.30,200,0.15,0.75,0.85,0.3,67.82131262245687,-14.104026271629234,38.13713804029752,75.40394973070018,0.0,63.74999999999999,70.48814177767409,27.23892420437888,-8.822860161941936,39.04498742288315,84.17266187050359,0.0,63.74999999999999,19.428563485822735
ma100_r0.300_c1.00_v20.25_v10.00,100,0.29999999999999993,1.0,0.25,0.0,67.79542813017345,-14.951417916431653,31.17095534211161,51.825254338719326,21.30460801915021,25.0,78.72210523988343,23.746674392728927,-7.607025716765381,32.30493922626781,64.5083932853717,16.06714628297362,25.0,23.214864240943946
ma200_r0.275_c0.75_v20.85_v10.10,200,0.27499999999999997,0.75,0.85,0.1,67.79408544630653,-11.421766029376068,37.155118552656745,74.6259724715739,0.0,63.74999999999999,71.27659001752262,24.188729840911584,-10.664276365609492,41.49150932356559,82.01438848920863,0.0,63.74999999999999,22.72281480905891
ma100_r0.300_c0.75_v20.55_v10.20,100,0.29999999999999993,0.75,0.55,0.2,67.7805528948082,-11.993305613147154,30.437021251715624,69.12028725314184,0.0,41.25,63.993179921898545,24.921703949609466,-7.032240509730969,32.6619109081574,77.21822541966426,0.0,41.25,19.205440863077825
ma75_r0.100_c1.00_v20.70_v10.30,75,0.1,1.0,0.7,0.3,67.75992847264149,-15.736384931570802,31.959533243506584,71.15499700777977,1.615798922800718,35.95148837215342,77.28351777808788,29.483817397071267,-4.870781465304508,29.834837216162814,75.29976019184652,0.0,35.95148837215342,18.19900549495881
ma250_r0.250_c0.75_v20.55_v10.20,250,0.24999999999999997,0.75,0.55,0.2,67.75081483496781,-9.773489358553732,32.01165456073588,74.74566128067026,0.0,41.25,67.07494141481222,24.919758951619087,-6.926916807673966,34.32018577174066,86.810551558753,0.0,41.25,20.335707081883896
ma175_r0.200_c1.00_v20.25_v10.00,175,0.19999999999999998,1.0,0.25,0.0,67.71475875319672,-13.265493715666265,31.228368181338027,55.475763016157984,20.167564332734887,25.0,80.1286967870663,23.954322714798913,-5.7332125796556666,29.551583013625084,67.38609112709833,13.42925659472422,25.0,20.46867692523889
ma150_r0.100_c1.00_v20.40_v10.30,150,0.1,1.0,0.4,0.3,67.69177231889138,-12.030623304366161,28.80942112451515,76.48114901256733,1.7953321364452424,21.101033456460843,69.77240807021101,26.18570677037053,-2.6773041246192064,25.422441378322265,81.5347721822542,0.2398081534772182,21.101033456460843,14.622413376428835
ma175_r0.125_c1.00_v20.25_v10.00,175,0.125,1.0,0.25,0.0,67.69057930921376,-11.875573628158564,27.53693055008657,57.989228007181325,7.001795332136446,16.485182387860036,74.30108024967734,23.269371198072463,-3.6047698339987666,24.994698605408885,68.82494004796163,6.235011990407674,16.485182387860036,16.77128239275759
ma225_r0.125_c1.00_v20.25_v10.00,225,0.125,1.0,0.25,0.0,67.67441240416663,-11.52061351999314,27.84654145980673,57.450628366247756,7.1813285457809695,16.485182387860036,73.84130319862527,22.897478708369956,-3.6350788515740806,25.195508881941365,70.74340527577938,6.235011990407674,16.485182387860036,16.965427519005
ma225_r0.100_c0.75_v20.85_v10.30,225,0.1,0.75,0.85,0.3,67.67099911978853,-12.474256987773424,33.910767980377344,75.46379413524835,0.0,44.83969609497929,65.19641013239075,26.46502646596518,-5.709192132132435,33.70364540605256,86.57074340527578,0.0,44.83969609497929,16.97882680791056
ma150_r0.100_c1.00_v20.85_v10.10,150,0.1,1.0,0.85,0.1,67.66546311670771,-14.777408009800785,34.822261247391666,75.94254937163375,1.6756433273488927,44.83969609497929,78.07301838614518,24.582832292476663,-6.095802213336299,33.17512662089051,80.0959232613909,0.2398081534772182,44.83969609497929,19.962733087966715
ma200_r0.250_c0.75_v20.85_v10.20,200,0.24999999999999997,0.75,0.85,0.2,67.64522880214831,-12.750307569463338,38.30225950600343,74.6259724715739,0.0,63.74999999999999,71.3921654247568,25.46841393389854,-10.706270124021689,42.072791125422796,82.01438848920863,0.0,63.74999999999999,21.76638002134175
ma225_r0.150_c0.75_v20.55_v10.30,225,0.15,0.75,0.55,0.3,67.64447934905498,-11.133152312606176,32.05596306933879,75.16457211250747,0.0,41.25,65.35792491624434,26.360804203367174,-4.935100099547274,31.571512779441658,86.57074340527578,0.0,41.25,16.91261884088119
ma150_r0.250_c0.75_v20.70_v10.30,150,0.24999999999999997,0.75,0.7,0.3,67.64224883485002,-13.638493153233789,35.61186781055586,72.77079593058049,0.0,52.49999999999999,70.33047214519644,26.887596643252465,-9.177377100107165,37.65139878325795,78.65707434052757,0.0,52.49999999999999,20.089555774911588
ma150_r0.225_c1.00_v20.25_v10.00,150,0.22499999999999998,1.0,0.25,0.0,67.58407493991803,-13.362040800160923,31.115752732666184,54.57809694793537,19.62896469180132,25.0,78.55155013820573,23.561739265259064,-6.431250304175551,30.46583631433602,66.90647482014388,13.42925659472422,25.0,21.371641634646746
ma150_r0.300_c1.00_v20.25_v10.00,150,0.29999999999999993,1.0,0.25,0.0,67.57482588970369,-13.569350861210939,31.799568660988154,54.45840813883902,21.18491921005386,25.0,80.72210523988343,23.413596914743028,-7.607025716765381,32.66564151845653,66.42685851318944,16.06714628297362,25.0,23.714864240943946
ma250_r0.275_c0.75_v20.70_v10.10,250,0.27499999999999997,0.75,0.7,0.1,67.5671020736103,-10.1943319470297,33.83613240318771,74.74566128067026,0.0,52.49999999999999,68.24284341926162,24.70243484970691,-9.699957996166841,38.19215580154734,86.810551558753,0.0,52.49999999999999,22.682921299565596
ma125_r0.300_c0.75_v20.70_v10.30,125,0.29999999999999993,0.75,0.7,0.3,67.5654549611814,-14.561243396117906,35.35764734927292,71.27468581687613,0.0,52.49999999999999,70.17657551812496,27.424521284363124,-9.035262547869793,38.13191900782326,78.65707434052757,0.0,52.49999999999999,20.132466929893905
ma150_r0.250_c0.75_v20.85_v10.20,150,0.24999999999999997,0.75,0.85,0.2,67.54713266200866,-14.426718058267852,37.779369021263754,72.77079593058049,0.0,63.74999999999999,69.8921654247568,25.826963130151693,-10.706270124021689,41.569194003120636,78.65707434052757,0.0,63.74999999999999,21.76638002134175
ma125_r0.175_c0.75_v20.85_v10.30,125,0.175,0.75,0.85,0.3,67.4962061715446,-15.427221273028646,37.69281981963254,71.573907839617,0.0,63.74999999999999,69.29013624069663,25.9122963434141,-9.758708309725462,39.878836452315305,79.85611510791367,0.0,63.74999999999999,19.673607353616234
ma175_r0.175_c1.00_v20.25_v10.00,175,0.175,1.0,0.25,0.0,67.49501082511516,-13.391917265298037,30.728789528775753,55.59545182525434,18.91083183722322,23.079255343004043,79.09722190869023,24.330972835128286,-5.031079051334386,28.475553141249364,67.38609112709833,13.42925659472422,23.079255343004043,19.358450180746
ma200_r0.100_c1.00_v20.55_v10.30,200,0.1,1.0,0.55,0.3,67.48711251623445,-11.965381498515848,31.63862768693872,78.2166367444644,1.7953321364452424,29.013921002633662,77.01174241650699,26.68554949963513,-3.4254473330629254,28.112874809147005,84.41247002398082,0.2398081534772182,29.013921002633662,16.609683333581323
ma150_r0.100_c0.75_v20.85_v10.30,150,0.1,0.75,0.85,0.3,67.46188810055118,-13.327075904887842,33.695567915639934,74.02752842609216,0.0,44.83969609497929,65.80010496345538,26.727041378474702,-5.601063409213802,32.697849202646125,79.85611510791367,0.0,44.83969609497929,16.44102911589834
ma175_r0.225_c1.00_v20.25_v10.00,175,0.22499999999999998,1.0,0.25,0.0,67.42978930876066,-13.173600888921765,31.57973210948159,54.99700777977259,20.167564332734887,25.0,81.05155013820573,23.561739265259064,-6.431250304175551,30.46583631433602,66.90647482014388,13.42925659472422,25.0,21.371641634646746
ma175_r0.300_c1.00_v20.25_v10.00,175,0.29999999999999993,1.0,0.25,0.0,67.41973379413466,-13.381783502237566,32.26336279623651,54.69778575703172,21.723518850987432,25.0,83.22210523988343,23.413596914743028,-7.607025716765381,32.66564151845653,66.42685851318944,16.06714628297362,25.0,23.714864240943946
ma225_r0.300_c0.75_v20.55_v10.30,225,0.29999999999999993,0.75,0.55,0.3,67.41073273890127,-11.176763090736797,33.500108162842594,74.56612806702573,0.0,41.25,67.71648908908739,25.522563157760914,-6.487668259461277,35.63231443673783,85.13189448441247,0.0,41.25,19.847380500856328
ma75_r0.100_c1.00_v20.55_v10.30,75,0.1,1.0,0.55,0.3,67.40000226103852,-14.619930606204523,29.358968615373655,70.31717534410534,1.7354877318970678,28.24759800669198,74.40295275676986,28.512838867523538,-3.425447333062903,26.837427320106855,75.29976019184652,0.0,28.24759800669198,16.697849126327824
ma225_r0.200_c0.75_v20.70_v10.30,225,0.19999999999999998,0.75,0.7,0.3,67.39541102431912,-12.28189802326537,35.86934126133276,74.74566128067026,0.0,52.49999999999999,68.9566759355528,25.170839161016655,-8.785798091784326,38.236850401985855,86.09112709832134,0.0,52.49999999999999,20.371264799837107
ma125_r0.100_c1.00_v20.40_v10.30,125,0.1,1.0,0.4,0.3,67.38914536189513,-12.696933862462146,28.246085063663458,74.68581687612208,1.7953321364452424,21.101033456460843,67.81242977915964,25.909008199834837,-2.8907122159049226,25.37614941666121,81.5347721822542,0.2398081534772182,21.101033456460843,14.637901708200243
ma100_r0.275_c1.00_v20.25_v10.00,100,0.27499999999999997,1.0,0.25,0.0,67.38462689023483,-14.951417916431698,31.0274767389306,51.825254338719326,20.94554159186116,25.0,78.12226627983271,23.58176321609482,-7.371623549366779,31.78091944671209,64.5083932853717,14.628297362110313,25.0,22.615611669824624
ma100_r0.275_c0.75_v20.55_v10.20,100,0.27499999999999997,0.75,0.55,0.2,67.37018143190254,-11.993305613147154,30.35302650755008,69.12028725314184,0.0,41.25,63.777566615746,24.620702781915547,-6.955270864070739,32.40706568788209,77.21822541966426,0.0,41.25,18.96759201546153
ma225_r0.275_c0.75_v20.85_v10.20,225,0.27499999999999997,0.75,0.85,0.2,67.36877771664325,-13.305781830678187,38.30029517623751,74.50628366247756,0.0,63.74999999999999,70.18186191875213,24.031222725207723,-11.781353447680143,43.60229543985031,85.13189448441247,0.0,63.74999999999999,23.24781480905891
ma225_r0.175_c0.75_v20.70_v10.30,225,0.175,0.75,0.7,0.3,67.3621452313959,-12.156566977128236,35.481380596191464,74.86535008976661,0.0,52.49999999999999,68.352890826017,25.29577192400998,-8.449236123154025,37.1089084207728,86.57074340527578,0.0,52.49999999999999,19.647041155003787
ma125_r0.200_c0.75_v20.85_v10.30,125,0.19999999999999998,0.75,0.85,0.3,67.34835544747017,-15.549020657411294,38.09930077206078,71.51406343506882,0.0,63.74999999999999,69.73016645551513,25.70956171871579,-10.534451452388282,41.06572677419133,79.61630695443645,0.0,63.74999999999999,20.252762140380835
ma225_r0.300_c1.00_v20.25_v10.00,225,0.29999999999999993,1.0,0.25,0.0,67.31403877809284,-12.425118072886388,32.67514131571456,54.57809694793537,22.32196289646918,25.0,82.18805354287723,22.192614944388023,-8.22502445072988,33.11667726437458,68.34532374100719,16.06714628297362,25.0,24.18081254393773
ma150_r0.100_c1.00_v20.55_v10.20,150,0.1,1.0,0.55,0.2,67.31283580278813,-12.39336296297584,29.89116956688219,76.12208258527828,1.7953321364452424,29.013921002633662,74.88924487544176,24.965624583587974,-3.9555665534085627,26.88146092080293,80.0959232613909,0.2398081534772182,29.013921002633662,16.87979190849289
ma75_r0.300_c1.00_v20.25_v10.00,75,0.29999999999999993,1.0,0.25,0.0,67.29198946359453,-15.894955551781088,30.3089076428261,50.329144225014964,20.706163973668463,25.0,81.29420975762082,25.291226505861886,-7.607025716765426,30.888915951672864,61.15107913669065,15.827338129496402,25.0,23.78696875868132
ma75_r0.125_c0.75_v20.85_v10.30,75,0.125,0.75,0.85,0.3,67.27093012329644,-16.48936950010611,34.05781819337635,68.64153201675643,0.0,54.56922342201859,67.9306924002119,30.488100236262362,-7.550212937357625,34.61961247682193,74.82014388489209,0.0,54.56922342201859,18.915743954539735
ma100_r0.250_c1.00_v20.25_v10.00,100,0.24999999999999997,1.0,0.25,0.0,67.2568784247996,-14.93676337915344,30.79237054729573,51.8850987432675,20.107719928186714,25.0,77.42112615921297,23.615766474906064,-7.0479948168688855,30.996337656099254,64.74820143884892,13.42925659472422,25.0,21.779038349072174
ma250_r0.100_c0.75_v20.70_v10.20,250,0.1,0.75,0.7,0.2,67.23451888395418,-9.346241315605807,30.17415597186426,75.64332734889288,0.0,35.95148837215342,63.51456520932257,25.886951465563236,-4.870781465304475,29.78898076828874,88.2494004796163,0.0,35.95148837215342,16.420617324038325
ma250_r0.225_c0.75_v20.55_v10.20,250,0.22499999999999998,0.75,0.55,0.2,67.20394277626704,-9.773489358553878,31.905912720553985,74.98503889886295,0.0,41.25,66.89405144631992,24.65670848730921,-6.840201840170968,33.99677409225696,87.76978417266187,0.0,41.25,20.110176316360473
ma75_r0.225_c0.75_v20.85_v10.30,75,0.22499999999999998,0.75,0.85,0.3,67.20092475602506,-16.705490382592647,36.33237886283463,67.86355475763017,0.0,63.74999999999999,69.139397046555,29.291188001860966,-10.791800760731117,39.76026350006786,74.58033573141488,0.0,63.74999999999999,21.062148861272696
ma150_r0.125_c0.75_v20.70_v10.30,150,0.125,0.75,0.7,0.3,67.19798871516913,-13.3666389011182,33.31036575261411,73.9078396169958,0.0,46.15851068600809,67.4969249069108,27.25662272182776,-6.210377156648672,32.29642939202811,79.85611510791367,0.0,46.15851068600809,16.750621137184524
ma100_r0.100_c0.75_v20.55_v10.30,100,0.1,0.75,0.55,0.3,67.16931268113635,-10.775613311686193,27.368133937861806,70.19748653500898,0.0,28.24759800669198,58.85698062523105,25.259657086522203,-3.425447333062881,25.90295984837942,77.45803357314148,0.0,28.24759800669198,13.78861221076384
ma225_r0.250_c1.00_v20.25_v10.00,225,0.24999999999999997,1.0,0.25,0.0,67.14949134720409,-12.410028234344761,32.28024944311186,54.637941352483544,21.125074805505687,25.0,80.80941641170779,22.33595076549515,-7.304610915745135,31.74273006595241,68.5851318944844,13.42925659472422,25.0,22.667328601566997
ma150_r0.275_c1.00_v20.25_v10.00,150,0.27499999999999997,1.0,0.25,0.0,67.13899501522249,-13.569350861211005,31.656069468547077,54.45840813883902,20.825852782764812,25.0,80.12226627983271,23.23027726003488,-7.371623549366779,32.1415392337364,66.42685851318944,14.628297362110313,25.0,23.115611669824624
ma250_r0.125_c0.75_v20.55_v10.20,250,0.125,0.75,0.55,0.2,67.12721847719352,-9.624628100430888,29.881229105218743,75.58348294434471,0.0,35.30949750836497,63.969097826519146,25.98754589477079,-4.479895823334557,29.148879144499496,88.2494004796163,0.0,35.30949750836497,16.486673120151572
ma100_r0.150_c0.75_v20.40_v10.30,100,0.15,0.75,0.4,0.3,67.10442431854233,-11.539123790285844,28.03580154455952,69.47935368043088,0.0,30.000000000000004,56.33463331359542,26.32815075344599,-4.14257834572016,27.126343681496767,78.41726618705036,0.0,30.000000000000004,13.555203785507777
ma225_r0.275_c1.00_v20.25_v10.00,225,0.27499999999999997,1.0,0.25,0.0,67.0907326669009,-12.425118072886399,32.52350917364014,54.57809694793537,21.962896469180134,25.0,81.54938555757701,22.165997486700604,-7.806769770716848,32.559984670692046,68.34532374100719,14.628297362110313,25.0,23.542730947568923
ma225_r0.275_c0.75_v20.55_v10.30,225,0.27499999999999997,0.75,0.55,0.3,67.07857602916339,-11.17676309073664,33.41315525828227,74.56612806702573,0.0,41.25,67.54287476790748,25.21323990488067,-6.427548798425042,35.36524733968033,85.13189448441247,0.0,41.25,19.618536683425155
ma100_r0.100_c0.75_v20.85_v10.10,100,0.1,0.75,0.85,0.1,67.05511733708505,-12.076921786708638,30.484074401788376,70.07779772591263,0.0,43.65537873761487,60.69998411609778,23.667445098768013,-5.991506773679911,31.037428782666787,77.45803357314148,0.0,43.65537873761487,16.645142542223237
ma100_r0.150_c0.75_v20.55_v10.20,100,0.15,0.75,0.55,0.2,67.05300118060845,-11.902641417365512,29.14954657822261,69.71873129862358,0.0,41.25,61.57334914396196,24.875682337706095,-5.3127480843383035,29.07704661327194,78.41726618705036,0.0,41.25,16.396799408444885
ma150_r0.150_c0.75_v20.70_v10.30,150,0.15,0.75,0.7,0.3,67.05128223092622,-13.561161659987043,34.344921455428334,73.54877318970676,0.0,52.49999999999999,68.70932527549958,26.765340819763406,-7.3143120489879365,34.2012458286309,80.3357314148681,0.0,52.49999999999999,18.106173075706444
ma200_r0.225_c0.75_v20.85_v10.30,200,0.22499999999999998,0.75,0.85,0.3,67.02765732733731,-14.21078294435426,39.47081722087283,74.86535008976661,0.0,63.74999999999999,71.51132005118549,26.292013460919918,-10.791800760731075,42.719030823233325,82.9736211031175,0.0,63.74999999999999,20.85862149375847
ma100_r0.275_c0.75_v20.70_v10.10,100,0.27499999999999997,0.75,0.7,0.1,66.99145559296285,-12.601407412594101,32.21493685603016,69.06044284859367,0.0,52.49999999999999,65.08319721406141,24.1616972025837,-9.699957996166841,35.96794310816758,77.21822541966426,0.0,52.49999999999999,20.582366677333727
ma100_r0.100_c0.75_v20.70_v10.20,100,0.1,0.75,0.7,0.2,66.98596320091457,-11.244507521226332,28.81586042133753,70.19748653500898,0.0,35.95148837215342,60.39462375344442,24.919422374002288,-4.870781465304475,28.254955555314996,77.45803357314148,0.0,35.95148837215342,15.132173378645085
ma150_r0.250_c1.00_v20.25_v10.00,150,0.24999999999999997,1.0,0.25,0.0,66.98588540806409,-13.55445818294686,31.420942687652154,54.51825254338719,19.988031119090365,25.0,79.42112615921297,23.245327444170627,-7.0479948168688855,31.356874937959166,66.66666666666666,13.42925659472422,25.0,22.279038349072174
ma175_r0.275_c1.00_v20.25_v10.00,175,0.27499999999999997,1.0,0.25,0.0,66.98430628527375,-13.381783502237676,32.11986360379544,54.69778575703172,21.364452423698385,25.0,82.62226627983271,23.23027726003488,-7.371623549366779,32.1415392337364,66.42685851318944,14.628297362110313,25.0,23.115611669824624
ma75_r0.200_c1.00_v20.25_v10.00,75,0.19999999999999998,1.0,0.25,0.0,66.96604018766415,-15.765996699168472,29.36918845390614,50.927588270496706,19.15020945541592,25.0,78.73469143739179,25.36749798776463,-5.733212579655689,28.187289718631447,62.11031175059952,13.189448441247004,25.0,21.016746603730468
ma150_r0.225_c0.75_v20.70_v10.30,150,0.22499999999999998,0.75,0.7,0.3,66.9651480784571,-13.638493153233778,35.492433493508365,73.0101735487732,0.0,52.49999999999999,70.20255547128568,26.514671647929376,-8.917776222371554,37.33059492895184,79.61630695443645,0.0,52.49999999999999,19.930524640256376
ma125_r0.100_c0.75_v20.85_v10.30,125,0.1,0.75,0.85,0.3,66.95143110605746,-13.79337860323967,33.25518422798526,72.77079593058049,0.0,44.83969609497929,65.41646073804553,26.104979414393668,-5.601063409213802,32.60672524301118,81.29496402877699,0.0,44.83969609497929,16.141248081365113
ma75_r0.100_c1.00_v20.85_v10.20,75,0.1,1.0,0.85,0.2,66.94941575141993,-17.467186218534525,33.760141975057905,71.0951526032316,1.615798922800718,43.65537873761487,78.45183917684338,28.071749894539224,-5.703383994616662,32.452773596945356,75.29976019184652,0.0,43.65537873761487,20.164345672272653
ma250_r0.100_c0.75_v20.85_v10.10,250,0.1,0.75,0.85,0.1,66.92423708547905,-9.899616694292812,31.689262196178404,75.64332734889288,0.0,44.235037792585366,63.32639057468874,24.88516163063146,-6.095802213336354,32.59305400577934,88.2494004796163,0.0,44.235037792585366,18.19925505268948
ma250_r0.175_c0.75_v20.55_v10.20,250,0.175,0.75,0.55,0.2,66.92339291098624,-9.654144292682732,31.32544958296051,75.10472770795931,0.0,41.25,65.53892528352766,24.839725851688677,-6.17651345669179,32.210204386121184,88.2494004796163,0.0,41.25,18.62625914025343
ma75_r0.100_c1.00_v20.40_v10.30,75,0.1,1.0,0.4,0.3,66.9125749970349,-13.100349515452535,27.307370973965373,69.95810891681627,1.7354877318970678,20.54370764123053,69.43740302252783,27.696142638355646,-2.605384399303523,24.627135902948698,75.29976019184652,0.0,20.54370764123053,14.952454757295563
ma250_r0.100_c1.00_v20.55_v10.00,250,0.1,1.0,0.55,0.0,66.91215872311867,-9.137873865478351,28.028224599089548,58.408138839018555,1.9748653500897666,30.759402315540623,72.05979868071739,21.99264946558326,-4.68055479514865,26.289322291901833,72.18225419664267,0.2398081534772182,30.759402315540623,17.9294572448243
ma100_r0.250_c0.75_v20.85_v10.00,100,0.24999999999999997,0.75,0.85,0.0,66.89196425326769,-13.31253353751375,34.11355012937963,52.00478755236385,0.0,63.74999999999999,65.04908931717797,22.887773552727865,-10.706270124021678,39.45282380672591,63.78896882494005,0.0,63.74999999999999,21.924089317177973
ma75_r0.225_c1.00_v20.25_v10.00,75,0.22499999999999998,1.0,0.25,0.0,66.8885837378535,-15.69322361903599,29.702275221588025,50.44883303411131,19.15020945541592,25.0,79.48062852650875,25.132227923742654,-6.431250304175517,28.99840005291733,61.63069544364509,13.189448441247004,25.0,21.800720022949776
ma250_r0.100_c1.00_v20.25_v10.30,250,0.1,1.0,0.25,0.3,66.86836633323496,-10.519740016798329,27.915941520499523,78.27648114901257,1.7953321364452424,12.83981727576908,67.68021644015778,25.85474271561994,-3.7148477645576494,24.68914180266448,88.2494004796163,0.2398081534772182,12.83981727576908,14.594265596317506
ma150_r0.125_c0.75_v20.85_v10.20,150,0.125,0.75,0.85,0.2,66.84739685569372,-14.133874188818973,35.26415593818347,73.9078396169958,0.0,56.04962011872412,67.29803159230667,26.570877851155018,-7.86981624374794,35.56153126974765,79.85611510791367,0.0,56.04962011872412,18.695809124422258
ma175_r0.250_c1.00_v20.25_v10.00,175,0.24999999999999997,1.0,0.25,0.0,66.83133838251354,-13.366858504647517,31.884736822900507,54.7576301615799,20.526630760023938,25.0,81.92112615921297,23.245327444170627,-7.0479948168688855,31.356874937959166,66.66666666666666,13.42925659472422,25.0,22.279038349072174
ma200_r0.275_c0.75_v20.85_v10.00,200,0.27499999999999997,0.75,0.85,0.0,66.81925480114597,-10.75455303482331,35.94062056363812,54.51825254338719,0.0,63.74999999999999,70.81379503447874,22.39397758086019,-10.754553034823333,40.678167264200866,65.70743405275779,0.0,63.74999999999999,23.413795034478756
ma200_r0.125_c0.75_v20.85_v10.20,200,0.125,0.75,0.85,0.2,66.77820522454188,-12.458273258074737,35.703870945852195,75.70317175344105,0.0,56.04962011872412,69.0117051533048,26.263841240705467,-7.86981624374794,35.94452481244606,84.17266187050359,0.0,56.04962011872412,18.703911581604977
ma225_r0.175_c0.75_v20.55_v10.30,225,0.175,0.75,0.55,0.3,66.7740933554608,-11.059274173294941,32.60477623460464,74.92519449431478,0.0,41.25,65.88364003330742,25.48126156793602,-5.727697842413604,32.940561685356165,86.57074340527578,0.0,41.25,17.720291989661003
ma125_r0.275_c0.75_v20.70_v10.30,125,0.27499999999999997,0.75,0.7,0.3,66.76913307752376,-14.561243396118007,35.25495430367609,71.27468581687613,0.0,52.49999999999999,69.96101935971609,26.788805251653237,-9.100217562017443,37.83645333510896,78.65707434052757,0.0,52.49999999999999,19.886011352402747
ma75_r0.275_c1.00_v20.25_v10.00,75,0.27499999999999997,1.0,0.25,0.0,66.7345017601551,-15.894955551781143,30.19113628607966,50.329144225014964,20.347097546379413,25.0,80.81336208775863,25.013351023796716,-7.371623549366813,30.46791010207439,61.15107913669065,14.388489208633093,25.0,23.30670747775055
ma75_r0.300_c0.75_v20.85_v10.20,75,0.29999999999999993,0.75,0.85,0.2,66.73186915872711,-16.81501727604564,35.502269174096455,67.62417713943746,0.0,63.74999999999999,69.50645096934097,29.07261457740922,-10.70408985964657,39.69723820787161,73.621103117506,0.0,63.74999999999999,22.07466779687111
ma250_r0.100_c1.00_v20.40_v10.10,250,0.1,1.0,0.4,0.1,66.72340930194638,-9.418482809038785,26.838950773340407,78.2166367444644,1.7953321364452424,20.54370764123053,69.26521878978707,23.476062991664136,-3.1866167263323586,24.217294289928848,88.48920863309353,0.2398081534772182,20.54370764123053,16.16326390263745
ma75_r0.175_c1.00_v20.25_v10.00,75,0.175,1.0,0.25,0.0,66.71688711143611,-15.775784454875241,28.915705718613527,50.987432675044886,18.192698982645123,24.467706387361858,77.9774169171344,25.6124574925801,-5.031079051334375,27.2567814257124,62.11031175059952,13.189448441247004,24.467706387361858,20.06617211234174
ma125_r0.100_c1.00_v20.55_v10.20,125,0.1,1.0,0.55,0.2,66.70153544728363,-13.104728297228707,29.481850862318886,74.68581687612208,1.7953321364452424,29.013921002633662,73.94472636223861,24.469530476995693,-3.9555665534085627,26.782950341831715,81.5347721822542,0.2398081534772182,29.013921002633662,16.628589208318886
ma100_r0.250_c0.75_v20.55_v10.20,100,0.24999999999999997,0.75,0.55,0.2,66.7013233989277,-11.993305613147198,30.25911663898383,69.12028725314184,0.0,41.25,63.50574237795091,24.25400397172204,-6.926916807673966,32.136737283293726,77.21822541966426,0.0,41.25,18.685310923146844
ma225_r0.100_c1.00_v20.40_v10.20,225,0.1,1.0,0.4,0.2,66.67340796386884,-10.75780618954706,28.02082995467723,77.79772591262717,1.7953321364452424,21.101033456460843,70.28830073125752,24.53839491710792,-2.6585740022114,25.002404768084997,86.810551558753,0.2398081534772182,21.101033456460843,15.915398035508229
ma200_r0.100_c1.00_v20.55_v10.20,200,0.1,1.0,0.55,0.2,66.65482848126219,-10.962356017269858,30.408884487663908,78.09694793536805,1.7953321364452424,29.013921002633662,75.90932302715485,24.72335670451784,-3.9555665534085627,27.18785575496166,84.41247002398082,0.2398081534772182,29.013921002633662,16.886273874239066
ma75_r0.125_c1.00_v20.25_v10.00,75,0.125,1.0,0.25,0.0,66.64223672179568,-13.832042370530594,26.163503269175532,52.842609216038305,6.882106523040096,17.476933133829895,73.86846384356676,23.999198829176606,-3.6047698339987666,24.063107781538136,63.78896882494005,5.755395683453238,17.476933133829895,17.687197987895345
ma200_r0.150_c0.75_v20.85_v10.20,200,0.15,0.75,0.85,0.2,66.5928623303736,-12.632460790849532,36.8986912601904,75.40394973070018,0.0,63.74999999999999,70.22241467681788,25.59404092809501,-9.089280157961433,38.18606548118025,84.17266187050359,0.0,63.74999999999999,20.20800995478737
ma250_r0.200_c0.75_v20.55_v10.20,250,0.19999999999999998,0.75,0.55,0.2,66.5796454642794,-9.782487469775658,31.67684985530606,74.98503889886295,0.0,41.25,66.25065194331887,24.489864175897335,-6.605941877282584,33.24984878117881,87.76978417266187,0.0,41.25,19.4496369601518
ma125_r0.250_c0.75_v20.85_v10.20,125,0.24999999999999997,0.75,0.85,0.2,66.57126504183228,-15.244442206184583,37.38888960075498,71.27468581687613,0.0,63.74999999999999,70.64234319135363,25.333635803590116,-10.706270124021689,41.497272872017135,78.65707434052757,0.0,63.74999999999999,21.466557787938587
ma225_r0.125_c0.75_v20.85_v10.20,225,0.125,0.75,0.85,0.2,66.54674391971793,-13.45657197506559,35.47256189884109,75.344105326152,0.0,56.04962011872412,67.29492876502243,25.91648216461877,-8.039216489426027,36.62727975265646,86.57074340527578,0.0,56.04962011872412,19.36400501084617
ma200_r0.225_c0.75_v20.85_v10.20,200,0.22499999999999998,0.75,0.85,0.2,66.50957909911936,-12.750307569463404,38.18656562566091,74.86535008976661,0.0,63.74999999999999,71.41279290412771,24.89145032870672,-10.791800760731075,41.75701767068649,82.9736211031175,0.0,63.74999999999999,21.75862149375847
ma225_r0.150_c0.75_v20.85_v10.20,225,0.15,0.75,0.85,0.2,66.49127621664749,-13.430311433606867,36.682957261727594,75.10472770795931,0.0,63.74999999999999,68.50469593117553,25.16820392039314,-9.363534736939737,39.003904136678486,86.57074340527578,0.0,63.74999999999999,21.000122069876802
ma150_r0.150_c0.75_v20.85_v10.20,150,0.15,0.75,0.85,0.2,66.4897255906292,-14.290873190259124,36.39823953902226,73.4290843806104,0.0,63.74999999999999,68.65927671922236,25.96108096134784,-9.089280157961433,37.72647322994215,79.85611510791367,0.0,63.74999999999999,20.1982870061681
ma225_r0.250_c0.75_v20.55_v10.30,225,0.24999999999999997,0.75,0.55,0.3,66.4825506087149,-11.176763090736886,33.316064107823124,74.56612806702573,0.0,41.25,67.32420433446134,24.837739533144276,-6.41645132577281,35.08269705830978,85.13189448441247,0.0,41.25,19.345260621295598
ma150_r0.300_c0.75_v20.85_v10.10,150,0.29999999999999993,0.75,0.85,0.1,66.47737614252658,-14.117803638431258,36.843336260331625,72.77079593058049,0.0,63.74999999999999,70.00966750292916,25.17163091702781,-10.704089859646547,41.564968967761544,78.65707434052757,0.0,63.74999999999999,22.978297973518806
ma225_r0.125_c0.75_v20.55_v10.30,225,0.125,0.75,0.55,0.3,66.47632402289021,-10.976087925897382,31.066064085454347,75.40394973070018,0.0,36.26740125329208,64.63500380659693,26.440659164319612,-4.106576358475267,29.717562632322082,86.57074340527578,0.0,36.26740125329208,15.773246765820716
ma200_r0.300_c0.75_v20.70_v10.30,200,0.29999999999999993,0.75,0.7,0.3,66.4708938922345,-13.337469914217836,36.53358989864456,74.6259724715739,0.0,52.49999999999999,72.27657551812497,27.632402771656505,-9.035262547869793,38.99522836034125,82.01438848920863,0.0,52.49999999999999,20.582466929893904
ma75_r0.250_c1.00_v20.25_v10.00,75,0.24999999999999997,1.0,0.25,0.0,66.45966844220501,-15.88046359343257,29.98173734087936,50.38898862956314,19.50927588270497,25.0,80.23121325732745,24.936980639089136,-7.047994816868841,29.78634224141882,61.39088729016786,13.189448441247004,25.0,22.589125447186653
ma75_r0.175_c0.75_v20.85_v10.30,75,0.175,0.75,0.85,0.3,66.43224194438613,-16.593677788712892,35.72514101490986,67.92339916217833,0.0,63.74999999999999,68.56543663622844,29.07170540691848,-9.75870830972545,37.99978524675309,74.82014388489209,0.0,63.74999999999999,20.385369149705035
ma225_r0.100_c1.00_v20.70_v10.10,225,0.1,1.0,0.7,0.1,66.4104686181918,-12.295820511141342,31.963518664534003,77.85757031717534,1.6756433273488927,36.92680854880647,76.6271938675309,23.166024530844133,-5.165656653657225,30.266552092426302,86.810551558753,0.2398081534772182,36.92680854880647,19.00041969985335
ma100_r0.125_c0.75_v20.55_v10.20,100,0.125,0.75,0.55,0.2,66.40011037586646,-11.832524450201987,28.320663568444527,69.8982645122681,0.0,35.30949750836497,60.72222487490433,25.050908634497837,-4.479895823334557,27.543851478038047,78.41726618705036,0.0,35.30949750836497,15.219302782161247
ma150_r0.225_c0.75_v20.85_v10.20,150,0.22499999999999998,0.75,0.85,0.2,66.39535605538582,-14.426718058267852,37.66395559528825,73.0101735487732,0.0,63.74999999999999,69.91279290412771,25.248350744757463,-10.791800760731075,41.25342054838433,79.61630695443645,0.0,63.74999999999999,21.75862149375847
ma100_r0.100_c1.00_v20.40_v10.10,100,0.1,1.0,0.4,0.1,66.374362323113,-11.352545681879544,25.616246488340217,72.0526630760024,1.7953321364452424,20.54370764123053,66.55385682393242,22.911071825820486,-3.1866167263323586,23.370922679979735,77.6978417266187,0.2398081534772182,20.54370764123053,15.427473217108897
ma200_r0.250_c0.75_v20.85_v10.10,200,0.24999999999999997,0.75,0.85,0.1,66.36974880256005,-11.42176602937609,37.05219391964837,74.6259724715739,0.0,63.74999999999999,71.07435748358148,23.483068395374175,-10.706270124021689,41.18572908250075,82.01438848920863,0.0,63.74999999999999,22.516380021341746
ma125_r0.150_c1.00_v20.25_v10.00,125,0.15,1.0,0.25,0.0,66.35116337583146,-14.60503862510757,29.18400727538411,55.65529622980251,15.49970077797726,19.78221886543204,76.0056481715297,24.072230024376417,-4.324832376235066,27.03937597213756,67.62589928057554,13.189448441247004,19.78221886543204,17.866041127665987
ma250_r0.250_c0.75_v20.70_v10.10,250,0.24999999999999997,0.75,0.7,0.1,66.3368327014271,-10.194331947029934,33.74022870731752,74.74566128067026,0.0,52.49999999999999,67.99122129023783,24.06763665841771,-9.638091586888176,37.89157643435559,86.810551558753,0.0,52.49999999999999,22.41401936324145
ma225_r0.100_c1.00_v20.85_v10.00,225,0.1,1.0,0.85,0.0,66.30032832687735,-13.333420251279382,33.83204771657561,58.58767205266307,1.8551765409934171,44.83969609497929,77.44384840438681,21.92881807321172,-6.876892751877062,33.37090555791086,71.94244604316546,0.2398081534772182,44.83969609497929,20.817368721230523
ma250_r0.250_c0.75_v20.85_v10.00,250,0.24999999999999997,0.75,0.85,0.0,66.28244698734447,-10.728394820778743,35.59266086937699,54.219030520646314,0.0,63.74999999999999,67.82408931717796,23.41616503879318,-10.72839482077873,41.74681432599589,67.86570743405275,0.0,63.74999999999999,24.474089317177974
ma225_r0.225_c0.75_v20.55_v10.30,225,0.22499999999999998,0.75,0.55,0.3,66.25497131930697,-11.17676309073683,33.20084316056421,74.80550568521844,0.0,41.25,67.15294608532297,24.743056354203773,-6.3468083676783476,34.74167613303083,86.09112709832134,0.0,41.25,19.112524222112945
ma250_r0.100_c0.75_v20.55_v10.30,250,0.1,0.75,0.55,0.3,66.2237807408411,-9.142841915127786,28.88783019420173,75.64332734889288,0.0,28.24759800669198,62.44903625871645,25.689725725956425,-3.4982016651558423,27.43457643840343,88.2494004796163,0.0,28.24759800669198,14.795680697567967
ma75_r0.200_c0.75_v20.85_v10.30,75,0.19999999999999998,0.75,0.85,0.3,66.20505852502157,-16.713797274579033,36.099736969363775,67.86355475763017,0.0,63.74999999999999,68.93307403464775,28.82009268244834,-10.534451452388305,39.06256392377349,74.58033573141488,0.0,63.74999999999999,20.861625605864297
ma100_r0.225_c0.75_v20.55_v10.20,100,0.22499999999999998,0.75,0.55,0.2,66.13179481045566,-11.993305613147143,30.15957119578937,69.35966487133453,0.0,41.25,63.34259075141314,23.96381429258747,-6.840201840170968,31.85205955845753,78.17745803357315,0.0,41.25,18.499754793839326
ma225_r0.250_c0.75_v20.85_v10.20,225,0.24999999999999997,0.75,0.85,0.2,66.09941864100041,-13.305781830678187,38.1948345195075,74.50628366247756,0.0,63.74999999999999,70.01096830288105,23.375495372109036,-11.7796098387971,43.2958127081566,85.13189448441247,0.0,63.74999999999999,23.041380021341748
ma200_r0.100_c1.00_v20.55_v10.10,200,0.1,1.0,0.55,0.1,66.03685509113868,-10.018009586091825,29.255116052570628,78.15679233991621,1.7953321364452424,29.013921002633662,74.95290560747114,22.551196953038577,-4.392683843962731,26.40826839862388,84.41247002398082,0.2398081534772182,29.013921002633662,17.244018779730744
ma150_r0.150_c0.75_v20.55_v10.30,150,0.15,0.75,0.55,0.3,66.03519593944081,-12.260825709549428,31.409144664955864,73.60861759425494,0.0,41.25,66.4356324013703,26.32911189987148,-4.660782901188554,30.33973972856266,80.3357314148681,0.0,41.25,16.38549128465913
ma200_r0.175_c0.75_v20.85_v10.30,200,0.175,0.75,0.85,0.3,65.96167549313365,-14.095828271338707,38.79617717538213,75.16457211250747,0.0,63.74999999999999,70.76837875115612,25.75650573269335,-9.758708309725462,40.707962885781036,84.17266187050359,0.0,63.74999999999999,19.95184986407574
ma100_r0.175_c0.75_v20.55_v10.20,100,0.175,0.75,0.55,0.2,65.95587932244192,-11.87648718402653,29.625615333906534,69.4195092758827,0.0,41.25,62.168178523022405,24.028535190509047,-6.17651345669179,30.224149750863106,78.41726618705036,0.0,41.25,17.18496699296395
ma150_r0.300_c0.75_v20.55_v10.30,150,0.29999999999999993,0.75,0.55,0.3,65.95187322211325,-12.351121284848677,32.76797942219774,72.83064033512866,0.0,41.25,68.6914890890874,26.26442265267457,-6.301768496893601,34.076559041054374,78.65707434052757,0.0,41.25,19.02238050085633
ma100_r0.175_c0.75_v20.40_v10.30,100,0.175,0.75,0.4,0.3,65.93498367921701,-11.492260335758875,28.479599916942632,69.18013165769,0.0,30.000000000000004,56.84772336348604,25.539538775441883,-4.764438721963393,28.19274984215243,78.41726618705036,0.0,30.000000000000004,14.256170511938546
ma225_r0.200_c0.75_v20.55_v10.30,225,0.19999999999999998,0.75,0.55,0.3,65.89094996441473,-11.185621256248258,32.965055693192156,74.80550568521844,0.0,41.25,66.53275327380585,24.755596037133998,-6.1290114178489175,33.9939183809714,86.09112709832134,0.0,41.25,18.477387547356265
ma125_r0.125_c0.75_v20.85_v10.20,125,0.125,0.75,0.85,0.2,65.87355231725121,-14.922132043519841,34.83983537534343,72.65110712148413,0.0,56.04962011872412,68.00159979550378,25.8870967339891,-7.86981624374794,35.39701123433811,81.29496402877699,0.0,56.04962011872412,18.33689206813682
ma100_r0.125_c0.75_v20.40_v10.30,100,0.125,0.75,0.4,0.3,65.85329564887657,-11.538505467064585,27.28765714125999,69.6588868940754,0.0,25.67963455153816,55.91276035212418,26.27569070727025,-3.4872954046864746,25.75144375658257,78.41726618705036,0.0,25.67963455153816,12.833189741879192
ma250_r0.150_c0.75_v20.70_v10.10,250,0.15,0.75,0.7,0.1,65.81906255788547,-10.154700317599607,32.43801628844804,75.344105326152,0.0,52.49999999999999,65.9687790522787,24.987948155189542,-8.02558065891532,34.14893908163524,88.2494004796163,0.0,52.49999999999999,19.96961902487181
ma100_r0.250_c0.75_v20.70_v10.10,100,0.24999999999999997,0.75,0.7,0.1,65.81002671079234,-12.601407412594035,32.117433799883784,69.06044284859367,0.0,52.49999999999999,64.81881564914673,23.558883028091792,-9.638091586888176,35.66988850500516,77.21822541966426,0.0,52.49999999999999,20.31351516121248
ma200_r0.200_c0.75_v20.85_v10.30,200,0.19999999999999998,0.75,0.85,0.3,65.80751107586889,-14.219338631433109,39.2073893931767,74.86535008976661,0.0,63.74999999999999,71.21645003876372,25.613455271375575,-10.534451452388282,41.90743166199573,82.9736211031175,0.0,63.74999999999999,20.539045723629428
ma250_r0.150_c0.75_v20.40_v10.30,250,0.15,0.75,0.4,0.3,65.74004831016475,-10.50422831784078,30.00524195736474,75.28426092160383,0.0,30.000000000000004,59.615692441854385,25.821068079005173,-5.273905724021621,29.105410303631963,88.2494004796163,0.0,30.000000000000004,14.32837385218868
ma125_r0.250_c0.75_v20.70_v10.30,125,0.24999999999999997,0.75,0.7,0.3,65.73512169785414,-14.561243396118117,35.145081455080096,71.27468581687613,0.0,52.49999999999999,69.73047214519644,26.137341301821017,-9.177377100107165,37.54348511419321,78.65707434052757,0.0,52.49999999999999,19.639555774911585
ma125_r0.125_c1.00_v20.25_v10.00,125,0.125,1.0,0.25,0.0,65.70258107784188,-13.230906242900996,27.08518225416259,57.27109515260324,7.001795332136446,16.485182387860036,73.06738953707324,23.053277730177136,-3.6047698339987666,24.872611035574916,67.62589928057554,6.235011990407674,16.485182387860036,16.625823773841113
ma75_r0.275_c0.75_v20.85_v10.20,75,0.27499999999999997,0.75,0.85,0.2,65.70158355633984,-16.81501727604572,35.42780691711758,67.62417713943746,0.0,63.74999999999999,69.37780819506679,28.352159152217425,-10.664276365609505,39.49390121093267,73.621103117506,0.0,63.74999999999999,21.938237147131847
ma150_r0.100_c1.00_v20.40_v10.20,150,0.1,1.0,0.4,0.2,65.70080501359621,-11.72896066050615,27.471544657138132,76.12208258527828,1.7953321364452424,21.101033456460843,70.74099235720291,24.53828966914573,-2.6554188950923763,24.43491597447082,80.0959232613909,0.2398081534772182,21.101033456460843,15.660410308165368
ma125_r0.300_c0.75_v20.85_v10.10,125,0.29999999999999993,0.75,0.85,0.1,65.68862671663629,-14.93498468279537,36.540501568108944,71.27468581687613,0.0,63.74999999999999,71.63884815806031,24.895407797040004,-10.704089859646547,41.51152347446635,78.65707434052757,0.0,63.74999999999999,22.80747862864996
ma150_r0.300_c0.75_v20.70_v10.20,150,0.29999999999999993,0.75,0.7,0.2,65.68292235669797,-13.131935134787332,34.69526269783464,72.77079593058049,0.0,52.49999999999999,70.36456229471045,25.773602315107457,-9.773998134392903,37.603209364907705,78.65707434052757,0.0,52.49999999999999,21.301823235889742
ma200_r0.275_c0.75_v20.70_v10.30,200,0.27499999999999997,0.75,0.7,0.3,65.67977369488214,-13.337469914217825,36.43089685304772,74.6259724715739,0.0,52.49999999999999,72.06101935971608,26.99564962620691,-9.100217562017443,38.69976268762696,82.01438848920863,0.0,52.49999999999999,20.336011352402746
ma100_r0.225_c0.75_v20.85_v10.00,100,0.22499999999999998,0.75,0.85,0.0,65.66143443855374,-13.312533537513637,34.00789633047406,52.36385397965291,0.0,63.74999999999999,65.01972393814313,22.4044813151113,-10.791800760731096,39.1220686665931,65.22781774580336,0.0,63.74999999999999,21.876259390847423
ma150_r0.275_c0.75_v20.55_v10.30,150,0.27499999999999997,0.75,0.55,0.3,65.63707223441335,-12.351121284848832,32.67433826337937,72.83064033512866,0.0,41.25,68.49060001900244,25.953271247258414,-6.224196894567092,33.809491943996875,78.65707434052757,0.0,41.25,18.79353668342516
ma150_r0.200_c0.75_v20.70_v10.30,150,0.19999999999999998,0.75,0.7,0.3,65.6264461373988,-13.64710586480432,35.2647289367732,73.0101735487732,0.0,52.49999999999999,69.7988535401169,25.726581995981277,-8.785798091784326,36.625532517199424,79.61630695443645,0.0,52.49999999999999,19.50149463424871
ma125_r0.100_c1.00_v20.85_v10.00,125,0.1,1.0,0.85,0.0,65.6027114049624,-15.377165814851912,33.627226129009806,58.34829443447038,1.8551765409934171,44.83969609497929,78.4509395745865,22.646368167496167,-6.5223604566327475,32.65511344008982,68.82494004796163,0.2398081534772182,44.83969609497929,20.087241791902773
ma200_r0.100_c1.00_v20.55_v10.00,200,0.1,1.0,0.55,0.0,65.57993786241225,-9.14142864487001,28.182926026942695,58.647516457211246,1.9748653500897666,29.013921002633662,73.89801964541823,20.647059241137654,-4.68055479514865,25.82058946534684,70.02398081534771,0.2398081534772182,29.013921002633662,17.563084662958428
ma250_r0.125_c0.75_v20.85_v10.00,250,0.125,0.75,0.85,0.0,65.54038832296744,-10.639545595170341,33.16466995120583,55.59545182525434,0.0,59.42157265502165,64.81789939298466,24.94255152914999,-8.587708788434211,35.613103176112816,71.70263788968825,0.0,59.42157265502165,20.66580837045229
ma125_r0.225_c0.75_v20.85_v10.20,125,0.22499999999999998,0.75,0.85,0.2,65.49868177108154,-15.244442206184639,37.2743733089309,71.51406343506882,0.0,63.74999999999999,70.69295289406486,24.811956942697556,-10.791800760731075,41.185094408089014,79.61630695443645,0.0,63.74999999999999,21.48878148369562
ma100_r0.200_c0.75_v20.55_v10.20,100,0.19999999999999998,0.75,0.55,0.2,65.49282200415851,-12.002082346490095,29.953491021403984,69.35966487133453,0.0,41.25,62.79379799229064,23.68747952320507,-6.605941877282584,31.18356375992783,78.17745803357315,0.0,41.25,17.92648449568856
ma225_r0.300_c0.75_v20.70_v10.20,225,0.29999999999999993,0.75,0.7,0.2,65.49181078956194,-11.975941155194159,35.229727938456044,74.50628366247756,0.0,52.49999999999999,70.21456229471046,23.94753852275975,-9.773998134392903,39.11400073181417,85.13189448441247,0.0,52.49999999999999,22.35182323588974
ma100_r0.100_c1.00_v20.55_v10.00,100,0.1,1.0,0.55,0.0,65.473409515898,-12.028575787274898,26.922357271222495,56.134051466187906,1.9748653500897666,29.013921002633662,69.56124103396488,21.077478365882207,-4.68055479514865,25.387896226670577,67.38609112709833,0.2398081534772182,29.013921002633662,16.96817506035183
ma150_r0.175_c0.75_v20.70_v10.30,150,0.175,0.75,0.7,0.3,65.46758067624421,-13.523213968313208,34.90639547804737,73.07001795332137,0.0,52.49999999999999,69.30274935735716,25.6094079855256,-8.449236123154025,35.595340941995936,79.85611510791367,0.0,52.49999999999999,18.877879148787727
ma250_r0.225_c0.75_v20.70_v10.10,250,0.22499999999999998,0.75,0.7,0.1,65.45310147080141,-10.194331947029767,33.62716473899586,74.98503889886295,0.0,52.49999999999999,67.85480231512929,23.69305143388758,-9.643575852117326,37.53469336729094,87.76978417266187,0.0,52.49999999999999,22.24680619202271
ma250_r0.125_c0.75_v20.70_v10.10,250,0.125,0.75,0.7,0.1,65.44554020216171,-10.030287015940365,31.42148242040656,75.58348294434471,0.0,44.939360465191776,64.80840584702463,25.194358006193408,-7.000179846583931,32.130787164726435,88.2494004796163,0.0,44.939360465191776,18.497205929470358
ma100_r0.300_c0.75_v20.40_v10.30,100,0.29999999999999993,0.75,0.4,0.3,65.44479143870731,-11.608935341835991,29.264305726411603,68.88090963494913,0.0,30.000000000000004,58.7165962145296,25.42686565074419,-6.0001432281634015,30.51327667736458,77.21822541966426,0.0,30.000000000000004,16.322487626298532
ma150_r0.100_c1.00_v20.85_v10.00,150,0.1,1.0,0.85,0.0,65.43787716630642,-14.334310881060553,33.877981179236336,58.946738479952124,1.8551765409934171,44.83969609497929,76.75338438553402,22.94213628361974,-6.561098335919924,32.824701605742526,70.02398081534771,0.2398081534772182,44.83969609497929,20.289293977837566
ma75_r0.300_c0.75_v20.70_v10.30,75,0.29999999999999993,0.75,0.7,0.3,65.42638337313358,-15.772480357447238,33.50225435641037,67.26511071214841,0.0,52.49999999999999,69.41414116390132,29.907118898655206,-9.035262547869804,35.9926902726922,73.621103117506,0.0,52.49999999999999,20.20396640519651
ma100_r0.275_c0.75_v20.40_v10.30,100,0.27499999999999997,0.75,0.4,0.3,65.42515382395015,-11.608935341836135,29.180726872615676,68.88090963494913,0.0,30.000000000000004,58.55639898794825,25.299037344332874,-5.83078637191522,30.278657098135753,77.21822541966426,0.0,30.000000000000004,16.13728032410699
ma225_r0.225_c0.75_v20.85_v10.20,225,0.22499999999999998,0.75,0.85,0.2,65.41685501781703,-13.305781830678121,38.06470340361216,74.74566128067026,0.0,63.74999999999999,69.96700024914749,23.159089377125895,-11.449508611592918,42.90715882277749,86.09112709832134,0.0,63.74999999999999,22.94678966639262
ma125_r0.125_c0.75_v20.70_v10.30,125,0.125,0.75,0.7,0.3,65.4117988518055,-14.232482408587243,32.83693262301088,72.65110712148413,0.0,46.15851068600809,66.9784657750972,26.47383132697403,-6.210377156648672,32.190474223559924,81.29496402877699,0.0,46.15851068600809,16.379516650524167
ma125_r0.150_c0.75_v20.85_v10.20,125,0.15,0.75,0.85,0.2,65.40048534884386,-15.17992287209311,35.98184426598454,72.0526630760024,0.0,63.74999999999999,69.32868664847156,25.35280178644479,-9.089280157961433,37.58442403784862,80.3357314148681,0.0,63.74999999999999,19.823648962904393
ma150_r0.125_c0.75_v20.55_v10.30,150,0.125,0.75,0.55,0.3,65.3755250786887,-12.117067885113553,30.49915715294609,74.1472172351885,0.0,36.26740125329208,65.5825300251204,26.39236126452744,-3.8841626201703505,28.694208127796898,80.57553956834532,0.0,36.26740125329208,15.333973802302332
ma225_r0.100_c1.00_v20.25_v10.30,225,0.1,1.0,0.25,0.3,65.32036128395504,-11.165526450137042,27.741217882608783,77.67803710353081,1.7953321364452424,13.188145910288027,67.23851527018405,25.542346086081192,-3.7148477645576494,24.34670373001052,86.09112709832134,0.2398081534772182,13.188145910288027,14.494422432354769
ma125_r0.100_c1.00_v20.70_v10.10,125,0.1,1.0,0.7,0.1,65.29215241503215,-13.947606337292006,31.429145189516667,74.74566128067026,1.6756433273488927,36.92680854880647,76.90493569995819,23.354901637231595,-5.12282684003853,29.52949028360224,81.5347721822542,0.2398081534772182,36.92680854880647,18.335666191131665
ma100_r0.250_c0.75_v20.40_v10.30,100,0.24999999999999997,0.75,0.4,0.3,65.28377396971112,-11.608935341836169,29.09406467618691,68.88090963494913,0.0,30.000000000000004,58.38763544358932,25.17605408461645,-5.656529894931451,30.050699121606673,77.21822541966426,0.0,30.000000000000004,15.952073021915446
ma200_r0.100_c0.75_v20.85_v10.30,200,0.1,0.75,0.85,0.3,65.26886135092653,-12.243831566769325,34.14730715920593,76.0622381807301,0.0,44.83969609497929,67.06879668597625,26.35776886920045,-5.601063409213802,33.15744145388423,84.17266187050359,0.0,44.83969609497929,16.45075206451761
ma200_r0.225_c0.75_v20.85_v10.10,200,0.22499999999999998,0.75,0.85,0.1,65.26131743567221,-11.42176602937609,36.94046190591481,74.86535008976661,0.0,63.74999999999999,71.08926575706994,23.00641458016628,-10.791800760731086,40.85794240759621,82.9736211031175,0.0,63.74999999999999,22.508621493758472
ma75_r0.100_c1.00_v20.70_v10.20,75,0.1,1.0,0.7,0.2,65.24694213161544,-15.781361563296647,30.954053286638768,70.43686415320167,1.615798922800718,35.95148837215342,76.43902896524199,27.42947413700556,-4.870781465304475,29.167360624952675,75.29976019184652,0.0,35.95148837215342,18.603223742510306
ma200_r0.250_c0.75_v20.85_v10.00,200,0.24999999999999997,0.75,0.85,0.0,65.22840719544926,-10.728394820778743,35.844007368479325,54.51825254338719,0.0,63.74999999999999,70.59908931717797,21.64198193114093,-10.72839482077873,40.37091504542035,65.70743405275779,0.0,63.74999999999999,23.199089317177975
ma125_r0.150_c0.75_v20.70_v10.30,125,0.15,0.75,0.7,0.3,65.21454559317768,-14.48473816976702,33.87039681264087,72.0526630760024,0.0,52.49999999999999,68.1164280087767,26.04470305896964,-7.3143120489879365,34.09009422845302,80.3357314148681,0.0,52.49999999999999,17.668177478678814
ma100_r0.225_c0.75_v20.40_v10.30,100,0.22499999999999998,0.75,0.4,0.3,65.21133813470992,-11.608935341836135,28.99978028314958,69.12028725314184,0.0,30.000000000000004,58.2054247178999,25.10791427463921,-5.479697279483309,29.798185538672765,78.17745803357315,0.0,30.000000000000004,15.744729339666037
ma200_r0.300_c0.75_v20.70_v10.20,200,0.29999999999999993,0.75,0.7,0.2,65.20615979971949,-11.85834333807848,35.29221063320268,74.6259724715739,0.0,52.49999999999999,71.86456229471045,25.41520517272953,-9.773998134392903,38.10680648720986,82.01438848920863,0.0,52.49999999999999,21.301823235889742
ma150_r0.275_c0.75_v20.85_v10.10,150,0.27499999999999997,0.75,0.85,0.1,65.19082368399292,-14.117803638431258,36.7444363264449,72.77079593058049,0.0,63.74999999999999,69.77659001752262,24.3652276972502,-10.664276365609492,41.23971076241451,78.65707434052757,0.0,63.74999999999999,22.72281480905891
ma250_r0.225_c0.75_v20.85_v10.00,250,0.22499999999999998,0.75,0.85,0.0,65.17774325605497,-10.791800760731062,35.47405936239104,54.57809694793537,0.0,63.74999999999999,67.73300617943246,23.021160440589618,-10.791800760731096,41.36417520456261,69.30455635491607,0.0,63.74999999999999,24.364541632136753
ma200_r0.200_c0.75_v20.85_v10.20,200,0.19999999999999998,0.75,0.85,0.2,65.1637879850116,-12.759008908533719,37.92884008299244,74.86535008976661,0.0,63.74999999999999,71.10189759000589,24.205605771462622,-10.53445145238826,40.947051658251446,82.9736211031175,0.0,63.74999999999999,21.424493274871605
ma125_r0.225_c0.75_v20.70_v10.30,125,0.22499999999999998,0.75,0.7,0.3,65.15968671118613,-14.561243396117984,35.026807899506935,71.51406343506882,0.0,52.49999999999999,69.64134811975799,25.838213430192436,-8.917776222371554,37.22733265658641,79.61630695443645,0.0,52.49999999999999,19.519317288728683
ma200_r0.175_c0.75_v20.85_v10.20,200,0.175,0.75,0.85,0.2,65.139958441034,-12.633395908292433,37.52318733242132,75.16457211250747,0.0,63.74999999999999,70.63419098805096,24.31445238712604,-9.94172815904949,39.75288975465626,84.17266187050359,0.0,63.74999999999999,20.817662100970573
ma250_r0.300_c0.75_v20.55_v10.10,250,0.29999999999999993,0.75,0.55,0.1,65.1366123677138,-9.40882236112105,30.901718590370553,74.74566128067026,0.0,41.25,67.28728578297265,23.128994409679326,-7.97374764667892,33.73525953120483,86.810551558753,0.0,41.25,21.455916253562286
ma250_r0.300_c0.75_v20.40_v10.30,250,0.29999999999999993,0.75,0.4,0.3,65.12412191213319,-10.53827205450455,31.316746810536333,74.68581687612208,0.0,30.000000000000004,62.01694195306376,25.124400795461277,-6.97574324714002,32.836398801956626,86.810551558753,0.0,30.000000000000004,17.222833364832685
ma100_r0.100_c1.00_v20.25_v10.20,100,0.1,1.0,0.25,0.2,65.07770500159695,-10.86378775044542,24.67199889260344,71.93297426690604,1.7953321364452424,12.83981727576908,61.55936561761689,24.43398590586956,-2.483043176716304,22.12243494583285,77.6978417266187,0.2398081534772182,12.83981727576908,13.69533974303483
ma150_r0.100_c1.00_v20.25_v10.30,150,0.1,1.0,0.25,0.3,65.064912466592,-11.093171836113624,26.928869126311696,77.13943746259724,1.7953321364452424,13.188145910288027,67.43951160546736,25.56264256998888,-2.901384251408634,23.653897214612176,81.77458033573141,0.2398081534772182,13.188145910288027,14.24747463173751
ma150_r0.250_c0.75_v20.55_v10.30,150,0.24999999999999997,0.75,0.55,0.3,65.062422460053,-12.351121284848832,32.570558858662174,72.83064033512866,0.0,41.25,68.23350001727496,25.575551605064927,-6.195620053787421,33.52694166262633,78.65707434052757,0.0,41.25,18.5202606212956
ma75_r0.100_c1.00_v20.55_v10.20,75,0.1,1.0,0.55,0.2,65.05180953062468,-14.269199494610884,28.322676575615112,70.31717534410534,1.7354877318970678,28.24759800669198,73.5852162575758,26.281519918308472,-3.955566553408607,26.02971314239368,75.29976019184652,0.0,28.24759800669198,16.967770346892255
ma150_r0.200_c0.75_v20.85_v10.20,150,0.19999999999999998,0.75,0.85,0.2,64.9931290793286,-14.43525221031795,37.40719629776592,73.0101735487732,0.0,63.74999999999999,69.6018975900059,24.560546259854842,-10.53445145238826,40.4434545359493,79.61630695443645,0.0,63.74999999999999,21.424493274871605
ma250_r0.275_c0.75_v20.40_v10.30,250,0.27499999999999997,0.75,0.4,0.3,64.97568565174912,-10.538272054504683,31.238298165618694,74.68581687612208,0.0,30.000000000000004,61.88399066384291,24.91024690226695,-6.872734262016412,32.59553583224922,86.810551558753,0.0,30.000000000000004,17.037597251096628
ma225_r0.175_c0.75_v20.85_v10.20,225,0.175,0.75,0.85,0.2,64.96200264170821,-13.190028887518912,37.341132514195095,74.86535008976661,0.0,63.74999999999999,68.91446229991607,23.54585536193541,-10.402668921432944,40.68141680580299,86.57074340527578,0.0,63.74999999999999,21.74179290190824
ma150_r0.100_c1.00_v20.70_v10.10,150,0.1,1.0,0.7,0.1,64.95683263598082,-13.262390134683844,31.764092944416934,76.0622381807301,1.6756433273488927,36.92680854880647,76.58478032831476,23.74911607832304,-5.12282684003853,29.663539655914196,80.0959232613909,0.2398081534772182,36.92680854880647,18.562293634186062
ma225_r0.100_c1.00_v20.55_v10.10,225,0.1,1.0,0.55,0.1,64.94720400800536,-11.122736845517977,29.178945889824725,77.85757031717534,1.7953321364452424,29.013921002633662,73.8636466739529,22.27089742021784,-4.392683843962731,26.76169448532103,86.810551558753,0.2398081534772182,29.013921002633662,17.585714201926187
ma150_r0.175_c0.75_v20.85_v10.20,150,0.175,0.75,0.85,0.2,64.94413482391033,-14.311846493927561,37.00373370130771,73.07001795332137,0.0,63.74999999999999,69.12878224716682,24.69369060145099,-9.94172815904949,39.253624326297334,79.85611510791367,0.0,63.74999999999999,20.81225336008643
ma125_r0.100_c1.00_v20.40_v10.20,125,0.1,1.0,0.4,0.2,64.90146776017977,-12.410979990481486,27.08159963468559,74.68581687612208,1.7953321364452424,21.101033456460843,69.5359327047686,24.091545078654164,-2.6554188950923763,24.368121172430797,81.5347721822542,0.2398081534772182,21.101033456460843,15.45977957896065
ma100_r0.200_c0.75_v20.40_v10.30,100,0.19999999999999998,0.75,0.4,0.3,64.89103100890267,-11.617750356945722,28.796285996196186,69.12028725314184,0.0,30.000000000000004,57.54377516263596,24.922743527791734,-5.192034177497851,29.128527503999553,78.17745803357315,0.0,30.000000000000004,15.056507075299981
ma150_r0.175_c0.75_v20.55_v10.30,150,0.175,0.75,0.55,0.3,64.885655218619,-12.234777813513675,31.911525291919997,73.12986235786954,0.0,41.25,66.99742341955123,25.560925388159994,-5.420434093056992,31.573684745273635,79.85611510791367,0.0,41.25,17.11421188949277
ma150_r0.275_c0.75_v20.70_v10.20,150,0.27499999999999997,0.75,0.7,0.2,64.87067033586922,-13.131935134787264,34.597070128813506,72.77079593058049,0.0,52.49999999999999,70.1208405715861,25.20297367913478,-9.699957996166775,37.299344795529905,78.65707434052757,0.0,52.49999999999999,21.032921299565597
ma250_r0.150_c0.75_v20.85_v10.00,250,0.15,0.75,0.85,0.0,64.86316512912487,-10.495613209219234,34.223280337351156,55.17654099341711,0.0,63.74999999999999,66.16967691577868,24.05110403610349,-9.669760827147444,37.760259174819005,70.26378896882494,0.0,63.74999999999999,22.42265721214016
ma200_r0.150_c0.75_v20.85_v10.10,200,0.15,0.75,0.85,0.1,64.85549905473131,-11.441617564261863,35.70596286704193,75.40394973070018,0.0,63.74999999999999,69.82778879965036,23.624652062231743,-9.359428176386686,37.42041793901677,84.17266187050359,0.0,63.74999999999999,20.93355764744068
ma100_r0.225_c0.75_v20.70_v10.10,100,0.22499999999999998,0.75,0.7,0.1,64.84312339055072,-12.601407412594112,32.01351685916664,69.29982046678636,0.0,52.49999999999999,64.72215533663683,23.11707947394426,-9.643575852117326,35.35661124846369,78.17745803357315,0.0,52.49999999999999,20.19717879972307
ma100_r0.150_c0.75_v20.70_v10.10,100,0.15,0.75,0.7,0.1,64.83346897255278,-12.5231472719455,30.908105758372322,69.6588868940754,0.0,52.49999999999999,63.10224895288731,23.79068711404091,-8.02558065891532,32.283279369954045,78.41726618705036,0.0,52.49999999999999,18.248339289029083
ma250_r0.175_c0.75_v20.40_v10.30,250,0.175,0.75,0.4,0.3,64.82274636080645,-10.420486633276138,30.49652224274712,75.04488330341114,0.0,30.000000000000004,60.11248061639464,24.966089007984692,-6.023294647618793,30.34035276245193,88.2494004796163,0.0,30.000000000000004,15.041634200115023
ma175_r0.100_c1.00_v20.85_v10.30,175,0.1,1.0,0.85,0.3,64.80007339730452,-16.82048918164405,37.36695411360408,78.03710353081988,1.6756433273488927,44.83969609497929,82.37090049569832,27.579885501787672,-5.8001570302090855,34.82785432608634,84.41247002398082,0.2398081534772182,44.83969609497929,19.246968246350182
ma100_r0.125_c0.75_v20.85_v10.00,100,0.125,0.75,0.85,0.0,64.79851162727786,-13.178464620319097,31.85689531272015,53.3213644524237,0.0,56.04962011872412,62.58815140237116,23.076183302857167,-8.51700925208515,33.87129938791221,67.62589928057554,0.0,56.04962011872412,18.808785968630477
ma200_r0.125_c0.75_v20.85_v10.10,200,0.125,0.75,0.85,0.1,64.79767344044535,-11.551696291187309,34.56603403447823,75.70317175344105,0.0,56.04962011872412,68.39704964698656,24.095664238375303,-8.192537854960214,35.24087222454102,84.17266187050359,0.0,56.04962011872412,19.331878090359943
ma75_r0.275_c0.75_v20.70_v10.30,75,0.27499999999999997,0.75,0.7,0.3,64.7281435235336,-15.772480357447149,33.43187039175674,67.26511071214841,0.0,52.49999999999999,69.28712120167773,29.30954320295751,-9.10021756201741,35.8230356276657,73.621103117506,0.0,52.49999999999999,20.076552538096802
ma250_r0.250_c0.75_v20.40_v10.30,250,0.24999999999999997,0.75,0.4,0.3,64.70415674351688,-10.538272054504617,31.156766178068228,74.68581687612208,0.0,30.000000000000004,61.753627876220825,24.701089377995245,-6.765120829275483,32.361334465241534,86.810551558753,0.0,30.000000000000004,16.85236113736057
ma225_r0.100_c0.75_v20.70_v10.30,225,0.1,0.75,0.7,0.3,64.68811982840317,-11.301780119414673,31.27769132640959,75.46379413524835,0.0,36.92680854880647,64.9315861071915,25.254659130379252,-4.870781465304496,30.249704380137153,86.57074340527578,0.0,36.92680854880647,15.886284770185013
ma250_r0.175_c0.75_v20.70_v10.10,250,0.175,0.75,0.7,0.1,64.67303578017774,-10.074987189709095,32.99266141463796,75.10472770795931,0.0,52.49999999999999,66.61087747478459,23.710030931850913,-8.75544040485402,35.55073559069325,88.2494004796163,0.0,52.49999999999999,20.856391604515736
ma225_r0.275_c0.75_v20.70_v10.20,225,0.27499999999999997,0.75,0.7,0.2,64.67096175452713,-11.975941155194159,35.13599420560695,74.50628366247756,0.0,52.49999999999999,69.98902373752279,23.38519464823021,-9.727378764635297,38.81013616243638,85.13189448441247,0.0,52.49999999999999,22.082921299565598
ma200_r0.250_c0.75_v20.70_v10.30,200,0.24999999999999997,0.75,0.7,0.3,64.65251662266421,-13.337469914217948,36.32102400445173,74.6259724715739,0.0,52.49999999999999,71.83047214519644,26.34312287234415,-9.177377100107165,38.40679446671118,82.01438848920863,0.0,52.49999999999999,20.089555774911588
ma200_r0.100_c1.00_v20.40_v10.30,200,0.1,1.0,0.4,0.3,64.61229159274151,-12.0255637206506,29.491364088966243,78.2166367444644,1.7953321364452424,21.101033456460843,71.26162458361429,25.840895266544095,-3.1381337058856706,25.863515058091043,84.41247002398082,0.2398081534772182,21.101033456460843,14.632136325048101
ma225_r0.200_c0.75_v20.85_v10.20,225,0.19999999999999998,0.75,0.85,0.2,64.60674588269575,-13.314427772763526,37.77688156285496,74.74566128067026,0.0,63.74999999999999,69.5167485633568,23.01460713178971,-10.955519591759689,41.98638575987032,86.09112709832134,0.0,63.74999999999999,22.480642761657514
ma250_r0.300_c0.75_v20.70_v10.00,250,0.29999999999999993,0.75,0.7,0.0,64.58823223388069,-9.834440142913536,32.68832583966001,54.219030520646314,0.0,52.49999999999999,68.33355948118671,23.164851979280265,-9.773998134392892,37.553219371874995,67.86570743405275,0.0,52.49999999999999,23.633559481186715
ma150_r0.225_c0.75_v20.55_v10.30,150,0.22499999999999998,0.75,0.55,0.3,64.58501614586257,-12.351121284848753,32.46114387931676,73.07001795332137,0.0,41.25,68.08507262680479,25.27498704699589,-6.108223746716945,33.23004206100796,79.61630695443645,0.0,41.25,18.3437095221732
ma250_r0.225_c0.75_v20.40_v10.30,250,0.22499999999999998,0.75,0.4,0.3,64.57332754607404,-10.538272054504494,31.059920423722847,74.92519449431478,0.0,30.000000000000004,61.57569912922099,24.602400511582,-6.655207612049507,32.077701327562394,87.76978417266187,0.0,30.000000000000004,16.61594499240869
ma75_r0.250_c0.75_v20.85_v10.20,75,0.24999999999999997,0.75,0.85,0.2,64.5347862193497,-16.815017276045708,35.348638997152506,67.62417713943746,0.0,63.74999999999999,69.280010372258,27.722880416824623,-10.706270124021678,39.30820751498033,73.621103117506,0.0,63.74999999999999,21.85085487413533
ma250_r0.275_c0.75_v20.55_v10.10,250,0.27499999999999997,0.75,0.55,0.1,64.49402945197724,-9.408822361121095,30.82498693970442,74.74566128067026,0.0,41.25,67.07500523803226,22.731301487827672,-7.8975547350185415,33.47415204557964,86.810551558753,0.0,41.25,21.218027790072284
ma225_r0.150_c0.75_v20.70_v10.20,225,0.15,0.75,0.7,0.2,64.48053084298357,-12.056923782892204,33.68123622398438,75.10472770795931,0.0,52.49999999999999,67.83662868728698,24.606481254572476,-7.757187209652605,34.67386299106959,86.57074340527578,0.0,52.49999999999999,19.420282032597385
ma250_r0.200_c0.75_v20.70_v10.10,250,0.19999999999999998,0.75,0.7,0.1,64.46076368439884,-10.203288139951738,33.377871012673246,74.98503889886295,0.0,52.49999999999999,67.28526508936262,23.34137487509018,-9.382480965974615,36.7113901585284,87.76978417266187,0.0,52.49999999999999,21.65855544021193
ma100_r0.125_c0.75_v20.70_v10.10,100,0.125,0.75,0.7,0.1,64.44582959342956,-12.427709612526073,29.987028589924968,69.83842010771993,0.0,44.939360465191776,62.07586454933002,23.946368019133814,-7.000179846583931,30.50015889970487,78.41726618705036,0.0,44.939360465191776,16.890450125305684
ma125_r0.275_c0.75_v20.85_v10.10,125,0.27499999999999997,0.75,0.85,0.1,64.43588662208396,-14.93498468279536,36.44458322063275,71.27468581687613,0.0,63.74999999999999,71.42000561805952,24.111704020312107,-10.664276365609492,41.19821306502341,78.65707434052757,0.0,63.74999999999999,22.566230409595796
ma225_r0.125_c0.75_v20.70_v10.20,225,0.125,0.75,0.7,0.2,64.40502876100238,-12.061510690383347,32.61318458750361,75.344105326152,0.0,46.15851068600809,66.66140583228994,25.18484063995046,-6.678564057767389,32.6134119980016,86.57074340527578,0.0,46.15851068600809,17.907514458519756
ma200_r0.275_c0.75_v20.70_v10.20,200,0.27499999999999997,0.75,0.7,0.2,64.39624508284885,-11.858343338078592,35.194018064181556,74.6259724715739,0.0,52.49999999999999,71.6208405715861,24.846202566931087,-9.699957996166775,37.80294191783206,82.01438848920863,0.0,52.49999999999999,21.032921299565597
ma150_r0.100_c0.75_v20.85_v10.20,150,0.1,0.75,0.85,0.2,64.39558156466522,-12.872924540216768,32.69513902786089,74.02752842609216,0.0,44.83969609497929,65.26853201253866,24.80238483809021,-5.743628745946506,32.14625465430427,79.85611510791367,0.0,44.83969609497929,17.028596734942106
ma75_r0.150_c0.75_v20.55_v10.30,75,0.15,0.75,0.55,0.3,64.39294012261246,-14.087147898313845,29.53344616114687,67.92339916217833,0.0,41.25,65.3467283863118,28.363394326568848,-4.6607829011885755,29.134132639790387,74.82014388489209,0.0,41.25,16.547343384498
ma100_r0.200_c0.75_v20.85_v10.00,100,0.19999999999999998,0.75,0.85,0.0,64.3847893232215,-13.321178806256807,33.76561940729975,52.36385397965291,0.0,63.74999999999999,64.76313713864512,21.940718278666395,-10.534712126089874,38.33213837993662,65.22781774580336,0.0,63.74999999999999,21.59786844036238
ma200_r0.100_c0.75_v20.85_v10.20,200,0.1,0.75,0.85,0.2,64.35357644709975,-11.407550410941191,33.05811462303589,76.0622381807301,0.0,44.83969609497929,66.53760363453948,24.56043342802554,-5.743628745946506,32.45264948846301,84.17266187050359,0.0,44.83969609497929,17.035078700688285
ma75_r0.100_c1.00_v20.85_v10.10,75,0.1,1.0,0.85,0.1,64.33774955315299,-17.27754192857276,32.77183745399506,70.73608617594255,1.615798922800718,44.235037792585366,77.48275063262813,25.606289055915266,-5.991506773679878,31.876706053998817,75.29976019184652,0.0,44.235037792585366,20.59113448864474
ma250_r0.125_c0.75_v20.40_v10.30,250,0.125,0.75,0.4,0.3,64.32358438090691,-10.514309707897684,29.137229902553713,75.52363853979654,0.0,25.67963455153816,59.30441371058728,25.897673063538562,-4.399797578306142,27.448661981919297,88.2494004796163,0.0,25.67963455153816,13.636045037452334
ma200_r0.125_c0.75_v20.70_v10.30,200,0.125,0.75,0.7,0.3,64.31921781731651,-12.925215087210539,33.92483702679921,75.70317175344105,0.0,46.15851068600809,69.17945662088182,26.792400122298154,-6.210377156648672,32.87091970607573,84.17266187050359,0.0,46.15851068600809,16.762774822958608
ma100_r0.150_c0.75_v20.85_v10.00,100,0.15,0.75,0.85,0.0,64.23192820096956,-13.246543556964541,32.83470376841553,52.96229802513464,0.0,63.74999999999999,63.81097026417463,22.511308013549545,-9.602566640262788,35.85784762192806,66.18705035971223,0.0,63.74999999999999,20.338802384613935
ma125_r0.200_c1.00_v20.25_v10.00,125,0.19999999999999998,1.0,0.25,0.0,64.22889492697604,-15.373110683648527,30.58313105237574,54.45840813883902,19.569120287253142,25.0,78.43253070780555,23.668602524859274,-5.7332125796556666,29.39051009376408,66.18705035971223,13.42925659472422,25.0,20.276770046433064
ma125_r0.175_c1.00_v20.25_v10.00,125,0.175,1.0,0.25,0.0,64.21921758753513,-15.373407021130781,30.08782777315352,54.877318970676235,18.611609814482346,23.079255343004043,77.37518999794702,24.02668613047041,-5.031079051334386,28.3046305434818,66.18705035971223,13.42925659472422,23.079255343004043,19.15480811426293
ma250_r0.100_c1.00_v20.25_v10.20,250,0.1,1.0,0.25,0.2,64.21115833975945,-10.010505996112318,26.158504371085883,78.2166367444644,1.7953321364452424,12.83981727576908,64.78192007587458,24.148497344333663,-3.011789272085119,23.03451791364874,88.48920863309353,0.2398081534772182,12.83981727576908,14.078863742796493
ma200_r0.150_c0.75_v20.70_v10.30,200,0.15,0.75,0.7,0.3,64.1983926699837,-13.230796553030155,35.02564014021415,75.40394973070018,0.0,52.49999999999999,70.2678985293501,26.210671717249177,-7.3143120489879365,34.88911443877728,84.17266187050359,0.0,52.49999999999999,18.120757498635346
ma250_r0.200_c0.75_v20.85_v10.00,250,0.19999999999999998,0.75,0.85,0.0,64.19691219337655,-10.638648114008086,35.203525345903806,54.57809694793537,0.0,63.74999999999999,67.34161024201342,22.773460165320316,-10.534712126089874,40.461013256213285,69.30455635491607,0.0,63.74999999999999,23.951341543730674
ma150_r0.100_c1.00_v20.55_v10.10,150,0.1,1.0,0.55,0.1,64.1828401033485,-11.974168727547896,28.847158449620935,76.0622381807301,1.7953321364452424,29.013921002633662,73.9550666112386,22.669863394893675,-4.392683843962731,26.255070981544513,80.0959232613909,0.2398081534772182,29.013921002633662,17.240777796857657
ma125_r0.200_c0.75_v20.85_v10.20,125,0.19999999999999998,0.75,0.85,0.2,64.17317501800281,-15.252894807287298,37.018839587988865,71.51406343506882,0.0,63.74999999999999,70.41203980328336,24.178863754931037,-10.53445145238826,40.38003951907288,79.61630695443645,0.0,63.74999999999999,21.184635488149077
ma75_r0.300_c0.75_v20.55_v10.30,75,0.29999999999999993,0.75,0.55,0.3,64.15387179225569,-14.180748387480103,30.693817700804978,67.26511071214841,0.0,41.25,67.02918438681405,28.23318014541396,-6.301768496893601,32.085861372172765,73.621103117506,0.0,41.25,18.49400962810924
ma200_r0.300_c0.75_v20.70_v10.10,200,0.29999999999999993,0.75,0.7,0.1,64.14631057943687,-10.40337219197104,34.05574499629924,74.6259724715739,0.0,52.49999999999999,71.3331927653001,23.429910807993014,-9.773998134392903,37.23807447807779,82.01438848920863,0.0,52.49999999999999,21.90182323588974
ma125_r0.175_c0.75_v20.85_v10.20,125,0.175,0.75,0.85,0.2,64.14517420069006,-15.130668335539587,36.61618033167164,71.573907839617,0.0,63.74999999999999,69.94927541999384,24.327316602715833,-9.94172815904949,39.1934284494104,79.85611510791367,0.0,63.74999999999999,20.582746532913443
ma250_r0.100_c1.00_v20.40_v10.00,250,0.1,1.0,0.4,0.0,64.11768374795379,-9.218569724706704,25.706761553258684,57.809694793536806,1.9748653500897666,22.370474411302272,68.46573078897819,21.562210606018972,-3.718313283590202,23.353583194234044,70.74340527577938,0.2398081534772182,22.370474411302272,16.34141345423978
ma250_r0.175_c0.75_v20.85_v10.00,250,0.175,0.75,0.85,0.0,64.11264757069925,-10.50976674718399,34.78746013195945,54.637941352483544,0.0,63.74999999999999,66.71353081767339,23.035022558697648,-10.387979052340846,39.19117599394671,69.54436450839329,0.0,63.74999999999999,23.182620595338115
ma150_r0.100_c0.75_v20.70_v10.30,150,0.1,0.75,0.7,0.3,64.09906482634595,-12.125161413371544,30.920361797179048,74.32675044883304,0.0,36.92680854880647,65.54625722474387,25.31574828282901,-4.870781465304496,29.34701595873203,80.57553956834532,0.0,36.92680854880647,15.441676738771548
ma75_r0.300_c0.75_v20.85_v10.10,75,0.29999999999999993,0.75,0.85,0.1,64.09753866647875,-16.80398204739767,34.4434875771977,67.26511071214841,0.0,63.74999999999999,69.45305938310605,27.168867097740446,-10.704089859646581,39.067256625613915,73.621103117506,0.0,63.74999999999999,22.824667796871108
ma225_r0.100_c0.75_v20.85_v10.20,225,0.1,0.75,0.85,0.2,64.08519701148616,-12.281871613358375,32.84113558386953,75.46379413524835,0.0,44.83969609497929,65.23032830850454,24.2886114142582,-6.064757435526946,32.998853440631336,86.57074340527578,0.0,44.83969609497929,17.563153444081237
ma200_r0.100_c1.00_v20.40_v10.20,200,0.1,1.0,0.4,0.2,64.06718189539666,-10.723666953649714,28.05353536543892,78.09694793536805,1.7953321364452424,21.101033456460843,72.13530668689774,24.296850254092984,-2.6554188950923763,24.741310808629553,84.41247002398082,0.2398081534772182,21.101033456460843,15.666892273911545
ma125_r0.300_c0.75_v20.70_v10.20,125,0.29999999999999993,0.75,0.7,0.2,64.06123847140894,-14.197858822364784,34.32273127952225,71.27468581687613,0.0,52.49999999999999,70.66456229471046,25.278049955871463,-9.773998134392903,37.53126691886454,78.65707434052757,0.0,52.49999999999999,21.00182323588974
ma250_r0.100_c0.75_v20.85_v10.00,250,0.1,0.75,0.85,0.0,64.05201669581429,-9.731751896849206,30.742273640030156,56.79233991621784,0.0,47.53725812401732,62.87962885964215,23.336613369036876,-6.561098335919901,32.09462698341285,71.46282973621103,0.0,47.53725812401732,18.565842306733288
ma250_r0.200_c0.75_v20.40_v10.30,250,0.19999999999999998,0.75,0.4,0.3,64.04057445915012,-10.547193844129389,30.837475795995605,74.92519449431478,0.0,30.000000000000004,60.83957463936582,24.400344051780177,-6.436166142730793,31.35260548740904,87.76978417266187,0.0,30.000000000000004,15.86425432218234
ma200_r0.225_c0.75_v20.70_v10.30,200,0.22499999999999998,0.75,0.7,0.3,64.01235237015199,-13.337469914217904,36.2011690058537,74.86535008976661,0.0,52.49999999999999,71.70255547128568,25.971798095512376,-8.917776222371554,38.08599061240507,82.9736211031175,0.0,52.49999999999999,19.930524640256376
ma150_r0.200_c0.75_v20.55_v10.30,150,0.19999999999999998,0.75,0.55,0.3,64.00718849153941,-12.35986233394314,32.24720211305278,73.07001795332137,0.0,41.25,67.56131019956746,24.976615935675174,-5.872120874537446,32.54932438569607,79.61630695443645,0.0,41.25,17.793996702965384
ma200_r0.225_c0.75_v20.85_v10.00,200,0.22499999999999998,0.75,0.85,0.0,63.98488542436016,-10.791800760731096,35.73833298031368,54.877318970676235,0.0,63.74999999999999,70.56972393814313,21.144929828961658,-10.791800760731096,40.04007740012313,67.14628297362111,0.0,63.74999999999999,23.15125939084742
ma100_r0.175_c0.75_v20.85_v10.00,100,0.175,0.75,0.85,0.0,63.97482889413355,-13.196166318034708,33.37781128666834,52.42369838420108,0.0,63.74999999999999,64.26986685222613,21.958337925159487,-10.346239703893566,37.17553277936291,65.46762589928058,0.0,63.74999999999999,20.96395662989086
ma125_r0.225_c1.00_v20.25_v10.00,125,0.22499999999999998,1.0,0.25,0.0,63.97400015263206,-15.301405665953094,30.948973358920046,53.91980849790544,19.569120287253142,25.0,79.39815489954917,23.334087136685213,-6.431250304175551,30.33708731306553,65.70743405275779,13.42925659472422,25.0,21.218246395990196
ma125_r0.200_c0.75_v20.70_v10.30,125,0.19999999999999998,0.75,0.7,0.3,63.941222747462675,-14.569764083105262,34.80096314303165,71.51406343506882,0.0,52.49999999999999,69.2833358943145,25.135064952103626,-8.785798091784326,36.529722825731504,79.61630695443645,0.0,52.49999999999999,19.13597698844632
ma150_r0.125_c0.75_v20.70_v10.20,150,0.125,0.75,0.7,0.2,63.93533465451118,-12.87854570562038,32.25221511823651,73.9078396169958,0.0,46.15851068600809,66.85496129955604,25.603757885088264,-6.678564057767389,31.668149681012263,79.85611510791367,0.0,46.15851068600809,17.355805647844285
ma100_r0.100_c0.75_v20.85_v10.00,100,0.1,0.75,0.85,0.0,63.93208021035062,-12.06233557315729,29.686107688756973,54.7576301615799,0.0,44.83969609497929,60.899436014361896,21.92463062551706,-6.281797613299156,30.701513973509996,66.66666666666666,0.0,44.83969609497929,17.080224385275834
ma125_r0.300_c1.00_v20.25_v10.00,125,0.29999999999999993,1.0,0.25,0.0,63.93056801245371,-15.50407515314327,31.629139713828312,53.8001196888091,21.125074805505687,25.0,81.55128589501459,23.160386416298074,-7.607025716765381,32.52226796760738,65.22781774580336,16.06714628297362,25.0,23.5440448960751
ma100_r0.300_c0.75_v20.55_v10.10,100,0.29999999999999993,0.75,0.55,0.1,63.9134337890646,-11.871086448381652,29.360214221564142,69.06044284859367,0.0,41.25,64.36181039248818,22.607052457625553,-7.97374764667892,31.911379215290385,77.21822541966426,0.0,41.25,19.805440863077827
ma75_r0.275_c0.75_v20.55_v10.30,75,0.27499999999999997,0.75,0.55,0.3,63.896211672711715,-14.180748387480202,30.632014973886037,67.26511071214841,0.0,41.25,66.91682070858522,27.94082452473827,-6.224196894567102,31.942719320663553,73.621103117506,0.0,41.25,18.384196716740327
ma125_r0.300_c0.75_v20.55_v10.30,125,0.29999999999999993,0.75,0.55,0.3,63.89197281243577,-13.480260833560042,32.30343723189254,71.3345302214243,0.0,41.25,67.7914890890874,25.71633358912633,-6.301768496893601,33.98663098350042,78.65707434052757,0.0,41.25,18.722380500856328
ma75_r0.100_c1.00_v20.25_v10.30,75,0.1,1.0,0.25,0.3,63.88337745318824,-12.17743846740933,25.704067508920808,70.6163973668462,1.7354877318970678,12.83981727576908,68.02295198238518,26.6624047633792,-2.5761468554739264,22.85860653914407,75.53956834532374,0.0,12.83981727576908,14.719557079935786
ma225_r0.150_c0.75_v20.40_v10.30,225,0.15,0.75,0.4,0.3,63.87980545540359,-11.011639113480342,29.861626355369488,75.16457211250747,0.0,30.000000000000004,59.90613247006196,24.92670536587349,-5.273905724021621,28.619842747435182,86.57074340527578,0.0,30.000000000000004,14.318813880396256
ma200_r0.200_c0.75_v20.85_v10.10,200,0.19999999999999998,0.75,0.85,0.1,63.875239625779614,-11.430599862786185,36.686365210715536,74.86535008976661,0.0,63.74999999999999,70.73266542262996,22.37392467609154,-10.534451452388272,40.04130087691294,82.9736211031175,0.0,63.74999999999999,22.130261107495663
ma125_r0.100_c0.75_v20.85_v10.20,125,0.1,0.75,0.85,0.2,63.858359545249186,-13.567178786262312,32.334382219143684,72.77079593058049,0.0,44.83969609497929,65.671084952348,24.29409292878355,-5.703383994616673,32.028975959330076,81.29496402877699,0.0,44.83969609497929,16.761391983275022
ma125_r0.175_c0.75_v20.70_v10.30,125,0.175,0.75,0.7,0.3,63.84576415915109,-14.447195939310653,34.444650861957285,71.573907839617,0.0,52.49999999999999,68.81675449415825,25.065607670085832,-8.449236123154025,35.507630501980245,79.85611510791367,0.0,52.49999999999999,18.54188428558882
ma125_r0.150_c0.75_v20.55_v10.30,125,0.15,0.75,0.55,0.3,63.83933365080019,-13.391128493964843,30.93731106319137,72.11250748055058,0.0,41.25,65.50550718427677,25.66185164103294,-4.660782901188554,30.24241355339681,80.3357314148681,0.0,41.25,16.059217379469
ma225_r0.300_c0.75_v20.85_v10.10,225,0.29999999999999993,0.75,0.85,0.1,63.83699355026921,-13.05593187823606,37.15545218405346,74.50628366247756,0.0,63.74999999999999,70.68466750292916,22.19923202239913,-12.273892815287224,43.039789111646435,85.13189448441247,0.0,63.74999999999999,24.25329797351881
ma150_r0.250_c0.75_v20.70_v10.20,150,0.24999999999999997,0.75,0.7,0.2,63.826925602694004,-13.131935134787254,34.491920878291374,72.77079593058049,0.0,52.49999999999999,69.862127792351,24.61624905935644,-9.638091586888208,36.99797767795063,78.65707434052757,0.0,52.49999999999999,20.764019363241452
ma100_r0.300_c0.75_v20.70_v10.00,100,0.29999999999999993,0.75,0.7,0.0,63.82685225851776,-12.571909108287894,31.25630138972422,52.00478755236385,0.0,52.49999999999999,65.78355948118671,22.64231338695797,-9.773998134392892,35.66374010126901,63.78896882494005,0.0,52.49999999999999,21.533559481186714
ma75_r0.250_c0.75_v20.70_v10.30,75,0.24999999999999997,0.75,0.7,0.3,63.79441219826523,-15.772480357447161,33.35430662410398,67.26511071214841,0.0,52.49999999999999,69.14511018334339,28.69557823291693,-9.177377100107154,35.65587843443771,73.621103117506,0.0,52.49999999999999,19.949138670997094
ma75_r0.150_c0.75_v20.70_v10.30,75,0.15,0.75,0.7,0.3,63.79337791011119,-15.690570493051814,32.21854028814929,67.92339916217833,0.0,52.49999999999999,67.96117043575791,29.012413350522912,-7.31431204898797,32.73676534331164,74.82014388489209,0.0,52.49999999999999,18.438527220686094
ma150_r0.250_c0.75_v20.85_v10.10,150,0.24999999999999997,0.75,0.85,0.1,63.78858508447376,-14.117803638431447,36.64151169343653,72.77079593058049,0.0,63.74999999999999,69.5743574835815,23.65856336093044,-10.706270124021689,40.933930521349666,78.65707434052757,0.0,63.74999999999999,22.516380021341746
ma100_r0.175_c0.75_v20.70_v10.10,100,0.175,0.75,0.7,0.1,63.784455911040936,-12.484743879446658,31.430905470705717,69.35966487133453,0.0,52.49999999999999,63.701069470854485,22.82542474094411,-8.75544040485402,33.566456270712266,78.41726618705036,0.0,52.49999999999999,19.026199262285058
ma75_r0.150_c0.75_v20.85_v10.20,75,0.15,0.75,0.85,0.2,63.782986608060725,-16.743903420731463,34.08802415773305,68.28246558946739,0.0,63.74999999999999,68.5549372013786,28.094847261698952,-9.089280157961433,35.9730813697034,74.82014388489209,0.0,63.74999999999999,20.762544145466364
ma200_r0.175_c0.75_v20.85_v10.10,200,0.175,0.75,0.85,0.1,63.76575820547754,-11.303074166958016,36.28768187199972,75.16457211250747,0.0,63.74999999999999,70.27003224647156,22.515616907167836,-10.159593382193865,38.858095767951205,84.17266187050359,0.0,63.74999999999999,21.528503359391166
ma175_r0.100_c1.00_v20.85_v10.20,175,0.1,1.0,0.85,0.2,63.74508231500757,-16.477844496391224,36.243908216608176,78.15679233991621,1.6756433273488927,44.83969609497929,81.77677160331739,25.864906550882118,-5.743628745946527,34.0418015491842,84.41247002398082,0.2398081534772182,44.83969609497929,19.698670154652884
ma125_r0.100_c1.00_v20.55_v10.10,125,0.1,1.0,0.55,0.1,63.721956425366976,-12.834625062502436,28.551165148126874,74.74566128067026,1.7953321364452424,29.013921002633662,73.99367103238424,22.33029459342277,-4.392683843962731,26.150948932583027,81.5347721822542,0.2398081534772182,29.013921002633662,17.049806621909397
ma125_r0.100_c1.00_v20.25_v10.30,125,0.1,1.0,0.25,0.3,63.70859951064516,-12.058451082606469,26.410732220785178,74.50628366247756,1.7953321364452424,13.188145910288027,65.7375112769353,25.209414749083734,-3.174538206691635,23.62254879933356,81.77458033573141,0.2398081534772182,13.188145910288027,14.38426431211792
ma175_r0.300_c0.75_v20.85_v10.30,175,0.29999999999999993,0.75,0.85,0.3,63.6962635347692,-15.992846848998244,39.58671081899263,74.32675044883304,0.0,63.74999999999999,73.17240656174988,26.718915808536757,-10.70408985964657,43.69370571741947,82.25419664268586,0.0,63.74999999999999,21.778297973518804
ma100_r0.200_c0.75_v20.70_v10.10,100,0.19999999999999998,0.75,0.7,0.1,63.68781213478443,-12.610123551266428,31.789418000002396,69.29982046678636,0.0,52.49999999999999,64.26735666403599,22.59402735100149,-9.382480965974615,34.627435469371,78.17745803357315,0.0,52.49999999999999,19.719997758167807
ma150_r0.150_c0.75_v20.70_v10.20,150,0.15,0.75,0.7,0.2,63.662451553641695,-13.054150049547953,33.248659120951956,73.4290843806104,0.0,52.49999999999999,68.16621008975912,25.11634371217628,-7.757187209652605,33.54075655295058,79.85611510791367,0.0,52.49999999999999,18.75823145978682
ma75_r0.225_c0.75_v20.85_v10.20,75,0.22499999999999998,0.75,0.85,0.2,63.65716667536718,-16.815017276045687,35.26040988418058,67.86355475763017,0.0,63.74999999999999,69.3993533568788,27.320604378781475,-10.791800760731117,39.09892839251128,74.58033573141488,0.0,63.74999999999999,21.962148861272695
ma250_r0.100_c0.75_v20.55_v10.20,250,0.1,0.75,0.55,0.2,63.64712634059475,-8.819040204503459,27.75830862153219,75.64332734889288,0.0,28.24759800669198,62.1554713062492,23.85403986192671,-3.955566553408607,26.51952040972664,88.2494004796163,0.0,28.24759800669198,15.196582801753035
ma200_r0.100_c1.00_v20.40_v10.10,200,0.1,1.0,0.4,0.1,63.6341612248609,-9.762859020807191,26.85223539487201,78.2166367444644,1.7953321364452424,21.101033456460843,70.95835228076254,22.352704993199723,-3.1866167263323586,23.808090678017308,84.41247002398082,0.2398081534772182,21.101033456460843,15.855402080134136
ma250_r0.150_c0.75_v20.55_v10.10,250,0.15,0.75,0.55,0.1,63.63089241165125,-9.350479497894593,29.589458403484848,75.344105326152,0.0,41.25,64.49718282613381,23.237599957993215,-6.291256954899104,29.89308409500816,88.2494004796163,0.0,41.25,18.261250005336066
ma75_r0.100_c0.75_v20.85_v10.30,75,0.1,0.75,0.85,0.3,63.6238473822764,-15.324898652366992,31.770814775267596,69.95810891681627,0.0,43.65537873761487,66.04440171270943,27.966372388193307,-5.601063409213813,31.380911705996095,75.0599520383693,0.0,43.65537873761487,17.47122720546468
ma225_r0.250_c0.75_v20.70_v10.20,225,0.24999999999999997,0.75,0.7,0.2,63.61779981962097,-11.975941155194125,35.03530379125684,74.50628366247756,0.0,52.49999999999999,69.75593067047527,22.806988481963096,-9.747759629431286,38.5087690448571,85.13189448441247,0.0,52.49999999999999,21.81401936324145
ma250_r0.250_c0.75_v20.55_v10.10,250,0.24999999999999997,0.75,0.55,0.1,63.61533115598672,-9.408822361121105,30.739021128502138,74.74566128067026,0.0,41.25,66.8102320345748,22.279647228501176,-7.869487826214838,33.199396038936996,86.810551558753,0.0,41.25,20.935707081883898
ma125_r0.275_c0.75_v20.55_v10.30,125,0.27499999999999997,0.75,0.55,0.3,63.581079922620965,-13.480260833560209,32.20979607307417,71.3345302214243,0.0,41.25,67.59060001900245,25.40653328118392,-6.224196894567092,33.71956388644291,78.65707434052757,0.0,41.25,18.493536683425155
ma100_r0.100_c0.75_v20.55_v10.20,100,0.1,0.75,0.55,0.2,63.56560317004825,-10.699369311926466,26.42961218629743,70.19748653500898,0.0,28.24759800669198,59.10417464654217,23.100118102284274,-3.955566553408607,25.220388463303163,77.45803357314148,0.0,28.24759800669198,14.182844994855593
ma200_r0.100_c0.75_v20.85_v10.10,200,0.1,0.75,0.85,0.1,63.53658980825996,-10.568895481875195,32.02244621311918,76.0622381807301,0.0,44.83969609497929,65.92978564398138,22.735269072994548,-6.095802213336354,31.830002702654053,84.17266187050359,0.0,44.83969609497929,17.550845270419643
ma125_r0.275_c1.00_v20.25_v10.00,125,0.27499999999999997,1.0,0.25,0.0,63.53223146869509,-15.504075153143337,31.488622107797777,53.8001196888091,20.766008378216636,25.0,80.9656818803696,22.998514953424333,-7.371623549366779,32.01011347879135,65.22781774580336,14.628297362110313,25.0,22.95902727036151
ma200_r0.125_c0.75_v20.85_v10.00,200,0.125,0.75,0.85,0.0,63.51564895655941,-10.674357717697891,33.51006307643306,55.95451825254338,0.0,56.04962011872412,67.98506508990307,22.31478815833048,-8.587708788434211,34.70759657935885,69.54436450839329,0.0,56.04962011872412,19.958043155484134
ma100_r0.100_c0.75_v20.40_v10.30,100,0.1,0.75,0.4,0.3,63.501438020864896,-10.371767116606156,25.49301661775872,70.19748653500898,0.0,20.54370764123053,54.696487545596604,24.59664945943427,-2.695851170208019,23.7407084379113,77.45803357314148,0.0,20.54370764123053,12.168264243808421
ma250_r0.275_c0.75_v20.70_v10.00,250,0.27499999999999997,0.75,0.7,0.0,63.47420492402529,-9.834440142913481,32.60451894816884,54.219030520646314,0.0,52.49999999999999,68.05784619108783,22.500370965693083,-9.699957996166797,37.24902423237222,67.86570743405275,0.0,52.49999999999999,23.357846191087823
ma200_r0.100_c1.00_v20.40_v10.00,200,0.1,1.0,0.4,0.0,63.45239064238963,-8.851023866140617,25.721816044583917,58.22860562537403,1.9748653500897666,21.101033456460843,69.92374941190411,20.58330531370549,-3.718313283590202,23.012686593103137,68.5851318944844,0.2398081534772182,21.101033456460843,16.074960667428236
ma250_r0.100_c0.75_v20.70_v10.10,250,0.1,0.75,0.7,0.1,63.44983646797293,-9.212431132902266,29.133050916701663,75.64332734889288,0.0,35.95148837215342,63.06487071691943,23.552828433976348,-5.122826840038542,29.0526559402415,88.2494004796163,0.0,35.95148837215342,16.779072802384192
ma75_r0.225_c0.75_v20.70_v10.30,75,0.22499999999999998,0.75,0.7,0.3,63.4472793276351,-15.772480357447238,33.262538342102346,67.50448833034112,0.0,52.49999999999999,69.10572970561793,28.54627793086353,-8.91777622237152,35.44228002102211,74.58033573141488,0.0,52.49999999999999,19.90914924673333
ma75_r0.100_c1.00_v20.40_v10.20,75,0.1,1.0,0.4,0.2,63.42467880783271,-13.14954497923212,26.159144957590343,69.95810891681627,1.7354877318970678,20.54370764123053,70.2106095410408,25.541032140312893,-2.6554188950923874,23.690358581987013,75.29976019184652,0.0,20.54370764123053,15.890348028037824
ma125_r0.250_c1.00_v20.25_v10.00,125,0.24999999999999997,1.0,0.25,0.0,63.41041589077277,-15.489515843038514,31.25647691331338,53.85996409335727,19.92818671454219,25.0,80.2787767051556,23.03461101045321,-7.0479948168688855,31.237396978918202,65.46762589928058,13.42925659472422,25.0,22.1366888950148
ma225_r0.300_c0.75_v20.55_v10.20,225,0.29999999999999993,0.75,0.55,0.2,63.40615230908633,-10.633506527410352,32.17426783501736,74.56612806702573,0.0,41.25,68.568655312383,22.84623341104517,-7.1388124785622065,34.50507067702755,85.13189448441247,0.0,41.25,20.855916253562285
ma75_r0.125_c0.75_v20.55_v10.30,75,0.125,0.75,0.55,0.3,63.40586920126483,-13.975590680525219,28.71094027437295,68.28246558946739,0.0,35.30949750836497,64.88712861717927,28.121635799535817,-3.8841626201703727,27.65755526966024,74.82014388489209,0.0,35.30949750836497,15.769656524769225
ma75_r0.125_c0.75_v20.70_v10.30,75,0.125,0.75,0.7,0.3,63.40372696698475,-15.532581147035362,31.279208620075167,68.28246558946739,0.0,44.93936046519178,67.29529074751126,29.079343453059494,-6.210377156648739,31.018257567550062,74.82014388489209,0.0,44.93936046519178,17.427316776634235
ma75_r0.100_c1.00_v20.85_v10.00,75,0.1,1.0,0.85,0.0,63.389090206341756,-17.146027655883,31.90407059285568,54.45840813883902,1.7953321364452424,47.53725812401732,76.45177959409344,24.127093488067388,-6.281797613299189,31.54898206905028,65.22781774580336,0.0,47.53725812401732,20.835497768220286
ma75_r0.250_c0.75_v20.55_v10.30,75,0.24999999999999997,0.75,0.55,0.3,63.381364547955556,-14.180748387480113,30.560074001068255,67.26511071214841,0.0,41.25,66.74824609871384,27.580884865284027,-6.195620053787387,31.784094084841293,73.621103117506,0.0,41.25,18.229951560673022
ma225_r0.100_c1.00_v20.40_v10.10,225,0.1,1.0,0.4,0.1,63.35906971826375,-10.597641829603932,26.844735674823195,77.91741472172352,1.7953321364452424,21.101033456460843,69.7568748815856,22.25117428009682,-3.1866167263323586,24.06512783197887,86.810551558753,0.2398081534772182,21.101033456460843,16.10390784173082
ma75_r0.175_c0.75_v20.55_v10.30,75,0.175,0.75,0.55,0.3,63.357668106203334,-14.066833528712442,29.995544071573953,67.56433273488929,0.0,41.25,65.74813828139919,27.629501942663694,-5.420434093057025,30.198558392213464,74.82014388489209,0.0,41.25,17.151388151897727
ma200_r0.125_c0.75_v20.70_v10.20,200,0.125,0.75,0.7,0.2,63.35647732497882,-11.476333887233425,32.77041466097164,75.70317175344105,0.0,46.15851068600809,68.53796788787702,25.29906732170193,-6.678564057767389,32.05114322371068,84.17266187050359,0.0,46.15851068600809,17.363908105027008
ma200_r0.250_c0.75_v20.70_v10.20,200,0.24999999999999997,0.75,0.7,0.2,63.35550378781214,-11.858343338078592,35.08886881365941,74.6259724715739,0.0,52.49999999999999,71.362127792351,24.261149843506423,-9.638091586888208,37.50157480025278,82.01438848920863,0.0,52.49999999999999,20.764019363241452
ma75_r0.125_c0.75_v20.85_v10.20,75,0.125,0.75,0.85,0.2,63.34191031642631,-16.599180578542928,33.044801598663256,68.64153201675643,0.0,54.56922342201859,67.87182415378342,28.21033918015743,-7.869816243747973,33.99401850847353,74.82014388489209,0.0,54.56922342201859,19.64500164038464
ma100_r0.275_c0.75_v20.55_v10.10,100,0.27499999999999997,0.75,0.55,0.1,63.33248797963478,-11.871086448381607,29.2823407296989,69.06044284859367,0.0,41.25,64.14047788045318,22.2500980234023,-7.8975547350185415,31.654629861506976,77.21822541966426,0.0,41.25,19.567592015461532
ma200_r0.300_c0.75_v20.70_v10.00,200,0.29999999999999993,0.75,0.7,0.0,63.32164770892324,-9.77399813439288,32.831952410575624,54.51825254338719,0.0,52.49999999999999,70.88355948118671,21.692663673570234,-9.773998134392892,36.42012584669514,65.70743405275779,0.0,52.49999999999999,22.583559481186715
ma125_r0.275_c0.75_v20.70_v10.20,125,0.27499999999999997,0.75,0.7,0.2,63.25693667257115,-14.197858822364696,34.22453871050112,71.27468581687613,0.0,52.49999999999999,70.4208405715861,24.709669616533358,-9.699957996166775,37.22740234948674,78.65707434052757,0.0,52.49999999999999,20.732921299565596
ma200_r0.150_c0.75_v20.70_v10.20,200,0.15,0.75,0.7,0.2,63.2268717683484,-11.740501961394456,33.824629135131964,75.40394973070018,0.0,52.49999999999999,69.71992186930001,24.75176517247104,-7.757187209652605,34.00034880418868,84.17266187050359,0.0,52.49999999999999,18.767954408406087
ma250_r0.125_c0.75_v20.55_v10.10,250,0.125,0.75,0.55,0.1,63.19387215003744,-9.267393396958557,28.70710540353934,75.58348294434471,0.0,35.30949750836497,63.400704587889976,23.471957576635205,-5.460088289063425,28.179533482529568,88.2494004796163,0.0,35.30949750836497,16.897858659670035
ma150_r0.300_c0.75_v20.85_v10.00,150,0.29999999999999993,0.75,0.85,0.0,63.16577932531977,-13.810112321434264,35.73281099994892,54.39856373429084,0.0,63.74999999999999,69.57754912852226,23.234428977936084,-10.718357141850078,41.003062783967984,65.70743405275779,0.0,63.74999999999999,23.67754912852228
ma200_r0.275_c0.75_v20.70_v10.10,200,0.27499999999999997,0.75,0.7,0.1,63.163996039767945,-10.403372191970972,33.96388759997951,74.6259724715739,0.0,52.49999999999999,71.08375183629327,22.809798427930073,-9.699957996166841,36.93316299579193,82.01438848920863,0.0,52.49999999999999,21.632921299565595
ma225_r0.225_c0.75_v20.70_v10.20,225,0.22499999999999998,0.75,0.7,0.2,63.15548367918351,-11.975941155194224,34.91223250680572,74.74566128067026,0.0,52.49999999999999,69.61566687419325,22.675839408872456,-9.643575852117358,38.13216009572236,86.09112709832134,0.0,52.49999999999999,21.62612401783609
ma125_r0.125_c0.75_v20.55_v10.30,125,0.125,0.75,0.55,0.3,63.145301480809415,-13.261992571961246,30.03759662858572,72.71095152603232,0.0,36.26740125329208,64.70276628447627,25.700316629336783,-3.8841626201703505,28.609689757989788,81.29496402877699,0.0,36.26740125329208,15.056878508505907
ma225_r0.150_c0.75_v20.55_v10.20,225,0.15,0.75,0.55,0.2,63.132769943261316,-10.669310539327626,30.800264293431628,75.16457211250747,0.0,41.25,65.94511119227744,23.589329048073495,-5.3127480843383035,30.566895605928952,86.57074340527578,0.0,41.25,17.741991744197
ma150_r0.300_c0.75_v20.55_v10.20,150,0.29999999999999993,0.75,0.55,0.2,63.08322279254139,-11.899470463360572,31.543303492062037,72.83064033512866,0.0,41.25,68.94365531238302,24.03122157228934,-7.032240509730969,33.210106648250566,78.65707434052757,0.0,41.25,20.03091625356229
ma75_r0.300_c0.75_v20.70_v10.20,75,0.29999999999999993,0.75,0.7,0.2,63.06778181201693,-15.4651917401317,32.46897919948717,67.26511071214841,0.0,52.49999999999999,69.18010588366221,27.700453729982154,-9.77399813439288,35.365997086595584,73.621103117506,0.0,52.49999999999999,20.92332271119235
ma125_r0.100_c0.75_v20.70_v10.30,125,0.1,0.75,0.7,0.3,63.06330097441399,-12.762932318921095,30.497294243825674,72.89048473967684,0.0,36.92680854880647,64.79030074988509,24.7796030179942,-4.870781465304496,29.269904004930446,81.29496402877699,0.0,36.92680854880647,15.15542968099568
ma125_r0.250_c0.75_v20.85_v10.10,125,0.24999999999999997,0.75,0.85,0.1,63.05276783146532,-14.934984682795404,36.3430377257525,71.27468581687613,0.0,63.74999999999999,71.22435748358149,23.416101659922116,-10.706270124021689,40.89795929832808,78.65707434052757,0.0,63.74999999999999,22.366380021341747
ma225_r0.175_c0.75_v20.40_v10.30,225,0.175,0.75,0.4,0.3,63.04691226494506,-10.928372215981074,30.35134554632127,74.92519449431478,0.0,30.000000000000004,60.403288538978366,24.1342289699074,-6.023294647618793,29.84852959763753,86.57074340527578,0.0,30.000000000000004,15.032442122698747
ma100_r0.100_c0.75_v20.70_v10.10,100,0.1,0.75,0.7,0.1,63.02808077334889,-11.214173918167647,27.927199129132575,70.19748653500898,0.0,35.95148837215342,60.40308940713855,22.553273758955527,-5.122826840038542,27.733950802122692,77.45803357314148,0.0,35.95148837215342,15.493869839864042
ma200_r0.100_c0.75_v20.85_v10.00,200,0.1,0.75,0.85,0.0,63.01895157885215,-9.808180589462978,31.075783357053126,57.57031717534411,0.0,44.83969609497929,65.42221563258595,21.250179188588113,-6.561098335919901,31.370221706009676,69.30455635491607,0.0,44.83969609497929,17.99963013475876
ma225_r0.100_c1.00_v20.70_v10.00,225,0.1,1.0,0.7,0.0,63.018251396826926,-12.05554459105722,30.92369559933218,58.58767205266307,1.8551765409934171,36.92680854880647,76.03974710092238,20.984391873498787,-5.672182770047806,29.709676627961557,71.94244604316546,0.2398081534772182,36.92680854880647,19.301719289142525
ma125_r0.250_c0.75_v20.55_v10.30,125,0.24999999999999997,0.75,0.55,0.3,63.01356365080124,-13.48026083356012,32.106016668356965,71.3345302214243,0.0,41.25,67.33350001727496,25.030453693400577,-6.195620053787421,33.43701360507237,78.65707434052757,0.0,41.25,18.220260621295598
ma225_r0.175_c0.75_v20.70_v10.20,225,0.175,0.75,0.7,0.2,63.01093151201327,-11.858964018127304,34.26509788021973,74.86535008976661,0.0,52.49999999999999,68.40713142684393,23.122589803749392,-8.655440814250548,36.1455689069301,86.57074340527578,0.0,52.49999999999999,20.276963656202902
ma150_r0.225_c0.75_v20.70_v10.20,150,0.22499999999999998,0.75,0.7,0.2,62.99349556800544,-13.13193513478742,34.38035774319845,73.0101735487732,0.0,52.49999999999999,69.77113626552067,24.191732132321974,-9.643575852117358,36.68138790699231,79.61630695443645,0.0,52.49999999999999,20.647632581549146
ma75_r0.100_c1.00_v20.55_v10.10,75,0.1,1.0,0.55,0.1,62.966467735232044,-14.041252206201483,27.328093188560736,70.43686415320167,1.7354877318970678,28.24759800669198,72.77394828346178,23.96502311766413,-4.392683843962741,25.369399059501507,75.29976019184652,0.0,28.24759800669198,17.32875623525702
ma225_r0.100_c1.00_v20.25_v10.20,225,0.1,1.0,0.25,0.2,62.96285061478286,-10.508651475251462,26.039420053072103,77.55834829443447,1.7953321364452424,13.188145910288027,64.49384733758151,23.764399703867877,-3.011789272085119,22.795154580050742,85.85131894484412,0.2398081534772182,13.188145910288027,14.044600005063915
ma75_r0.225_c0.75_v20.55_v10.30,75,0.22499999999999998,0.75,0.55,0.3,62.962646769836475,-14.180748387480035,30.482497453622265,67.50448833034112,0.0,41.25,66.68834410009977,27.29936789953531,-6.108223746716968,31.611119528771205,74.58033573141488,0.0,41.25,18.172431367612887
ma225_r0.300_c0.75_v20.40_v10.30,225,0.29999999999999993,0.75,0.4,0.3,62.94650942062561,-11.045489833656653,31.173120239620715,74.56612806702573,0.0,30.000000000000004,62.31694195306376,23.98823897054314,-6.97574324714002,32.35078729116527,85.13189448441247,0.0,30.000000000000004,17.222833364832688
ma225_r0.275_c0.75_v20.55_v10.20,225,0.27499999999999997,0.75,0.55,0.2,62.943094261244184,-10.63350652741024,32.09343042973586,74.56612806702573,0.0,41.25,68.37118555629344,22.5096713935637,-7.058888575954847,34.24501010431042,85.13189448441247,0.0,41.25,20.618027790072283
ma175_r0.300_c0.75_v20.85_v10.20,175,0.29999999999999993,0.75,0.85,0.2,62.941730823258446,-15.260126323010791,38.3468575525313,74.32675044883304,0.0,63.74999999999999,73.09103703233953,25.704395147651084,-10.704089859646594,42.73945637257705,82.25419664268586,0.0,63.74999999999999,22.52829797351881
ma250_r0.225_c0.75_v20.55_v10.10,250,0.22499999999999998,0.75,0.55,0.1,62.938928203642,-9.408822361121027,30.638954611053332,74.98503889886295,0.0,41.25,66.61250471306934,21.981269714944872,-7.783651039733009,32.87835110251785,87.76978417266187,0.0,41.25,20.710176316360474
ma100_r0.100_c1.00_v20.40_v10.00,100,0.1,1.0,0.4,0.0,62.88844187381499,-11.466438711276982,24.649948506785076,55.71514063435069,1.9748653500897666,21.101033456460843,66.11732583420425,20.894783804706375,-3.718313283590202,22.698000601338585,65.94724220623502,0.2398081534772182,21.101033456460843,15.642299138259803
ma75_r0.275_c0.75_v20.85_v10.10,75,0.27499999999999997,0.75,0.85,0.1,62.888349873600106,-16.803982047397746,34.374205494374046,67.26511071214841,0.0,63.74999999999999,69.32886590768476,26.389330209577434,-10.664276365609505,38.85946365741228,73.621103117506,0.0,63.74999999999999,22.68823714713185
ma250_r0.300_c0.75_v20.40_v10.20,250,0.29999999999999993,0.75,0.4,0.2,62.84290779193129,-9.78939520836275,29.64453868129381,74.68581687612208,0.0,30.000000000000004,65.04289894759036,23.79613147844706,-5.945634173075076,31.157522917142465,86.810551558753,0.0,30.000000000000004,19.28015988876964
ma150_r0.100_c1.00_v20.40_v10.10,150,0.1,1.0,0.4,0.1,62.83272108745022,-11.300108422034683,26.371963426856233,76.12208258527828,1.7953321364452424,21.101033456460843,69.63690171321959,22.471179235099292,-3.1866167263323586,23.654893260937936,80.0959232613909,0.2398081534772182,21.101033456460843,15.852161097261046
ma225_r0.100_c0.75_v20.55_v10.30,225,0.1,0.75,0.55,0.3,62.81397386131646,-10.237944326989435,28.847323693153193,75.46379413524835,0.0,29.013921002633662,63.0027618566419,24.343388213359198,-3.4982016651558423,27.061447489492906,86.57074340527578,0.0,29.013921002633662,14.71406611382135
ma175_r0.100_c1.00_v20.55_v10.30,175,0.1,1.0,0.55,0.3,62.81327287820817,-13.46704085970013,31.431170463894315,77.85757031717534,1.7953321364452424,29.013921002633662,77.92520708173166,25.678542595947352,-3.820499135300437,28.13993696947493,84.41247002398082,0.2398081534772182,29.013921002633662,16.852744095374007
ma225_r0.275_c0.75_v20.40_v10.30,225,0.27499999999999997,0.75,0.4,0.3,62.80003069770574,-11.045489833656518,31.094671594703087,74.56612806702573,0.0,30.000000000000004,62.183990663842906,23.77602964992276,-6.872734262016412,32.109924321457854,85.13189448441247,0.0,30.000000000000004,17.037597251096628
ma125_r0.175_c0.75_v20.55_v10.30,125,0.175,0.75,0.55,0.3,62.79979991757851,-13.36541616080239,31.4469831016148,71.63375224416517,0.0,41.25,66.06781602439199,24.985803254538585,-5.420434093056992,31.483756687719673,79.85611510791367,0.0,41.25,16.784604494333525
ma200_r0.200_c0.75_v20.70_v10.30,200,0.19999999999999998,0.75,0.7,0.3,62.78229481017401,-13.346112646412633,35.97201508139934,74.86535008976661,0.0,52.49999999999999,71.29885354011691,25.18709013063196,-8.785798091784326,37.38092820065267,82.9736211031175,0.0,52.49999999999999,19.50149463424871
ma175_r0.100_c1.00_v20.85_v10.00,175,0.1,1.0,0.85,0.0,62.747944270668874,-15.822575089953562,34.211807971269465,59.18611609814482,1.8551765409934171,44.83969609497929,79.48593670785567,22.94213628361974,-6.561098335919924,32.824701605742526,70.02398081534771,0.2398081534772182,44.83969609497929,20.289293977837566
ma100_r0.275_c0.75_v20.70_v10.00,100,0.27499999999999997,0.75,0.7,0.0,62.742988667519306,-12.571909108287926,31.172515087493114,52.00478755236385,0.0,52.49999999999999,65.50784619108782,21.999400305951177,-9.699957996166797,35.35962746693065,63.78896882494005,0.0,52.49999999999999,21.257846191087822
ma200_r0.150_c0.75_v20.85_v10.00,200,0.15,0.75,0.85,0.0,62.72975108358343,-10.479994537241799,34.572233856982734,55.475763016157984,0.0,63.74999999999999,69.41082208825246,21.455473486938594,-9.669760827147444,36.775490185141216,68.10551558752998,0.0,63.74999999999999,21.613802384613937
ma200_r0.200_c0.75_v20.85_v10.00,200,0.19999999999999998,0.75,0.85,0.0,62.696098922161944,-10.534712126089829,35.496035467879324,54.877318970676235,0.0,63.74999999999999,70.31313713864512,20.667351532927114,-10.534712126089874,39.250064608302246,67.14628297362111,0.0,63.74999999999999,22.87286844036238
ma150_r0.225_c0.75_v20.85_v10.10,150,0.22499999999999998,0.75,0.85,0.1,62.68915457244057,-14.117803638431269,36.52991990688647,73.0101735487732,0.0,63.74999999999999,69.58926575706994,23.181232122121266,-10.791800760731086,40.60614384644513,79.61630695443645,0.0,63.74999999999999,22.508621493758472
ma200_r0.175_c0.75_v20.70_v10.30,200,0.175,0.75,0.7,0.3,62.66381790065723,-13.221960960160928,35.610493079234466,75.16457211250747,0.0,52.49999999999999,70.81086246868335,25.034356662126545,-8.449236123154025,36.344239084534316,84.17266187050359,0.0,52.49999999999999,18.88599226011394
ma250_r0.175_c0.75_v20.55_v10.10,250,0.175,0.75,0.55,0.1,62.633124197642864,-9.288994940269035,30.077573829234282,75.10472770795931,0.0,41.25,65.22349418507768,22.177752101031743,-7.0868164421248,31.120265433219153,88.2494004796163,0.0,41.25,19.186509942175643
ma75_r0.100_c1.00_v20.70_v10.10,75,0.1,1.0,0.7,0.1,62.631544978900266,-15.581676707707015,29.973316572756286,70.55655296229803,1.615798922800718,35.95148837215342,75.52741052858346,24.91390777540301,-5.122826840038586,28.572703429767454,75.29976019184652,0.0,35.95148837215342,18.91331572979219
ma150_r0.275_c0.75_v20.55_v10.20,150,0.27499999999999997,0.75,0.55,0.2,62.63049510496623,-11.89947046336053,31.4580072506085,72.83064033512866,0.0,41.25,68.72800239035675,23.691413040892286,-6.955270864070739,32.950046075533436,78.65707434052757,0.0,41.25,19.793027790072287
ma225_r0.125_c0.75_v20.55_v10.20,225,0.125,0.75,0.55,0.2,62.61863633108982,-10.700167634414425,29.869324432910194,75.40394973070018,0.0,36.26740125329208,64.88859903115231,23.976743665933185,-4.479895823334557,28.81241496027094,86.57074340527578,0.0,36.26740125329208,16.3846548904683
ma150_r0.125_c0.75_v20.85_v10.10,150,0.125,0.75,0.85,0.1,62.61433532907523,-13.650804547619833,34.22201040506043,73.9078396169958,0.0,56.04962011872412,66.68290121163848,24.245979851085696,-8.192537854960214,35.049375453191814,79.85611510791367,0.0,56.04962011872412,19.327826861768582
ma225_r0.125_c0.75_v20.40_v10.30,225,0.125,0.75,0.4,0.3,62.61223810713563,-10.9811358799649,29.00067205991711,75.40394973070018,0.0,26.376291820576053,59.50780061779224,25.048131237372107,-4.399797578306142,26.99406424999442,86.57074340527578,0.0,26.376291820576053,13.561849961319048
ma250_r0.275_c0.75_v20.40_v10.20,250,0.27499999999999997,0.75,0.4,0.2,62.607189833065036,-9.789395208362627,29.572830440710252,74.68581687612208,0.0,30.000000000000004,64.87369299252396,23.58751136673083,-5.802365462732773,30.926170587716328,86.810551558753,0.0,30.000000000000004,19.07347989803884
ma175_r0.100_c1.00_v20.85_v10.10,175,0.1,1.0,0.85,0.1,62.60430221362423,-16.174037316622147,35.17617009652552,78.09694793536805,1.6756433273488927,44.83969609497929,80.79309008398585,24.13180945064679,-6.095802213336299,33.3373447580792,84.41247002398082,0.2398081534772182,44.83969609497929,20.046994324770697
ma75_r0.175_c0.75_v20.85_v10.20,75,0.175,0.75,0.85,0.2,62.56891390799826,-16.703351708495916,34.65890313914798,67.92339916217833,0.0,63.74999999999999,68.81277371041767,26.997492592902915,-9.941728159049458,37.329538196671116,74.82014388489209,0.0,63.74999999999999,21.253885757041935
ma225_r0.275_c0.75_v20.85_v10.10,225,0.27499999999999997,0.75,0.85,0.1,62.566165590556786,-13.055931878236027,37.05878166825275,74.50628366247756,0.0,63.74999999999999,70.46068160049097,21.411978126006836,-12.32719647682885,42.7145309062994,85.13189448441247,0.0,63.74999999999999,23.99781480905891
ma175_r0.275_c0.75_v20.85_v10.30,175,0.27499999999999997,0.75,0.85,0.3,62.56128917976611,-15.992846848998376,39.478224484995785,74.32675044883304,0.0,63.74999999999999,72.95076748810828,25.851816715360876,-10.741205108923257,43.38289930571605,82.25419664268586,0.0,63.74999999999999,21.522814809058907
ma225_r0.200_c0.75_v20.70_v10.20,225,0.19999999999999998,0.75,0.7,0.2,62.549956873226705,-11.984719670736322,34.65625487169809,74.74566128067026,0.0,52.49999999999999,69.05885404185972,22.596395781564315,-9.382480965974638,37.30818751209286,86.09112709832134,0.0,52.49999999999999,21.05279364942652
ma125_r0.225_c0.75_v20.55_v10.30,125,0.22499999999999998,0.75,0.55,0.3,62.542083788301525,-13.480260833560266,31.99660168901155,71.573907839617,0.0,41.25,67.18507262680478,24.7311942727936,-6.108223746716945,33.140114003454,79.61630695443645,0.0,41.25,18.043709522173202
ma200_r0.225_c0.75_v20.70_v10.20,200,0.22499999999999998,0.75,0.7,0.2,62.54087279548206,-11.85834333807848,34.97702522419948,74.86535008976661,0.0,52.49999999999999,71.27113626552068,23.837842595218017,-9.643575852117358,37.184985029294474,82.9736211031175,0.0,52.49999999999999,20.647632581549146
ma225_r0.225_c0.75_v20.40_v10.30,225,0.22499999999999998,0.75,0.4,0.3,62.53396876276711,-11.045489833656486,30.91424223558914,74.80550568521844,0.0,30.000000000000004,61.8638807439715,23.570567034585842,-6.655207612049507,31.583868588062558,86.09112709832134,0.0,30.000000000000004,16.60412660715919
ma225_r0.250_c0.75_v20.40_v10.30,225,0.24999999999999997,0.75,0.4,0.3,62.53208263965695,-11.045489833656585,31.013139607152617,74.56612806702573,0.0,30.000000000000004,62.05362787622082,23.568771329906603,-6.765120829275483,31.87572295445017,85.13189448441247,0.0,30.000000000000004,16.85236113736057
ma75_r0.200_c0.75_v20.85_v10.20,75,0.19999999999999998,0.75,0.85,0.2,62.51953507853067,-16.823313245006254,35.03116334209072,67.86355475763017,0.0,63.74999999999999,69.18717354800687,26.797782787858182,-10.53445145238826,38.39677284495422,74.58033573141488,0.0,63.74999999999999,21.74707315710647
ma100_r0.250_c0.75_v20.55_v10.10,100,0.24999999999999997,0.75,0.55,0.1,62.50375356621498,-11.871086448381597,29.194775234931107,69.06044284859367,0.0,41.25,63.86293443677561,21.829062712228065,-7.869487826214838,31.382397323410537,77.21822541966426,0.0,41.25,19.285310923146845
ma75_r0.200_c0.75_v20.70_v10.30,75,0.19999999999999998,0.75,0.7,0.3,62.47415469515553,-15.780880249476304,33.062166983487494,67.50448833034112,0.0,52.49999999999999,68.79056397063447,27.99304108830094,-8.785798091784313,34.84308930794773,74.58033573141488,0.0,52.49999999999999,19.59916095111712
ma75_r0.175_c0.75_v20.70_v10.30,75,0.175,0.75,0.7,0.3,62.46570680539845,-15.660049713670965,32.734714349880164,67.56433273488929,0.0,52.49999999999999,68.38299598406002,27.971573743266088,-8.449236123154035,33.932985461911365,74.82014388489209,0.0,52.49999999999999,19.094587176047582
ma150_r0.100_c0.75_v20.55_v10.30,150,0.1,0.75,0.55,0.3,62.4591766222449,-11.116474157816514,28.37031878811783,74.50628366247756,0.0,29.013921002633662,63.83126882282126,24.311513566500565,-3.425447333062881,26.244093478519737,81.29496402877699,0.0,29.013921002633662,14.362647743006642
ma250_r0.150_c0.75_v20.40_v10.20,250,0.15,0.75,0.4,0.2,62.45308575187867,-9.756004510130435,28.416015053054977,75.28426092160383,0.0,30.000000000000004,62.249666680837876,24.035919183356945,-4.15339456462257,27.593900055693936,88.2494004796163,0.0,30.000000000000004,16.079534718454873
ma75_r0.200_c0.75_v20.55_v10.30,75,0.19999999999999998,0.75,0.55,0.3,62.44437086338015,-14.189306971486948,30.300394119257724,67.50448833034112,0.0,41.25,66.25310706471856,27.020129313302064,-5.872120874537401,31.054326899007616,74.58033573141488,0.0,41.25,17.741749454467325
ma125_r0.100_c1.00_v20.70_v10.00,125,0.1,1.0,0.7,0.0,62.38898466659564,-13.69783666895672,30.595119127555776,58.2884500299222,1.8551765409934171,36.92680854880647,76.68230002691953,21.568054072148435,-5.412126072507773,29.12020076622659,68.82494004796163,0.2398081534772182,36.92680854880647,18.70043828851967
ma150_r0.150_c0.75_v20.85_v10.10,150,0.15,0.75,0.85,0.1,62.38003144629223,-13.858187702588399,35.310639076035805,73.4290843806104,0.0,63.74999999999999,68.26951231636446,23.80448137349449,-9.359428176386686,37.19062181339772,79.85611510791367,0.0,63.74999999999999,20.928696173131044
ma125_r0.300_c0.75_v20.85_v10.00,125,0.29999999999999993,0.75,0.85,0.0,62.362685855555135,-14.60372436324432,35.49281293250183,53.74027528426092,0.0,63.74999999999999,71.95672978365343,22.985638848375366,-10.704089859646594,40.85968923311883,64.5083932853717,0.0,63.74999999999999,23.50672978365343
ma175_r0.100_c1.00_v20.70_v10.30,175,0.1,1.0,0.7,0.3,62.32473165054091,-15.042726291240506,34.26927509107787,78.03710353081988,1.6756433273488927,36.92680854880647,80.86901025275922,26.528703514003006,-5.135135368420762,31.341785883344187,84.41247002398082,0.2398081534772182,36.92680854880647,18.122889401113415
ma75_r0.275_c0.75_v20.70_v10.20,75,0.27499999999999997,0.75,0.7,0.2,62.311940743626224,-15.465191740131557,32.40108883103151,67.26511071214841,0.0,52.49999999999999,69.03508886145856,27.143106488648883,-9.699957996166797,35.18112083057833,73.621103117506,0.0,52.49999999999999,20.77346248525965
ma200_r0.175_c0.75_v20.85_v10.00,200,0.175,0.75,0.85,0.0,62.29988970884206,-10.387979052340835,35.10820675798785,54.937163375224415,0.0,63.74999999999999,69.81986685222614,20.691881299436975,-10.387979052340846,38.093376502564126,67.38609112709833,0.0,63.74999999999999,22.238956629890858
ma150_r0.100_c1.00_v20.70_v10.00,150,0.1,1.0,0.7,0.0,62.28165686198268,-12.809961688302474,30.80532263486236,59.06642728904848,1.8551765409934171,36.92680854880647,75.30078591030308,21.81019694230686,-5.412126072507773,29.259861608528816,70.02398081534771,0.2398081534772182,36.92680854880647,18.866834206348326
ma125_r0.125_c0.75_v20.70_v10.20,125,0.125,0.75,0.7,0.2,62.269929228063184,-13.867921723226429,31.85082780387527,72.65110712148413,0.0,46.15851068600809,67.10355904699392,24.917802742859973,-6.678564057767389,31.50760230311015,81.29496402877699,0.0,46.15851068600809,16.997231937494103
ma100_r0.150_c0.75_v20.55_v10.10,100,0.15,0.75,0.55,0.1,62.26979870789102,-11.780296342834163,28.12072498575346,69.6588868940754,0.0,41.25,61.78915034837526,22.300541368903936,-6.291256954899104,28.363064483620576,78.41726618705036,0.0,41.25,16.907774182679002
ma200_r0.150_c0.75_v20.55_v10.30,200,0.15,0.75,0.55,0.3,62.269309442097985,-12.31977018920909,32.12947500002466,75.58348294434471,0.0,41.25,67.9847794771662,25.776351542302244,-4.660782901188554,31.02760833870903,84.17266187050359,0.0,41.25,16.40007570758803
ma150_r0.100_c1.00_v20.25_v10.20,150,0.1,1.0,0.25,0.2,62.26746013501248,-10.87576475481863,25.326565361730097,76.48114901256733,1.7953321364452424,13.188145910288027,64.58733866518712,23.66757031861122,-2.4670652673577154,22.32318790799305,81.5347721822542,0.2398081534772182,13.188145910288027,13.879968137985742
ma250_r0.200_c0.75_v20.55_v10.10,250,0.19999999999999998,0.75,0.55,0.1,62.266061288423735,-9.417856839860296,30.419735748813785,74.98503889886295,0.0,41.25,65.95939641888037,21.781553944349554,-7.551765705550107,32.14475827769092,87.76978417266187,0.0,41.25,20.037732178995785
ma250_r0.250_c0.75_v20.40_v10.20,250,0.24999999999999997,0.75,0.4,0.2,62.25448558160123,-9.789395208362539,29.498261978992,74.68581687612208,0.0,30.000000000000004,64.70335726593086,23.384046117907985,-5.654296831186545,30.701479860989927,86.810551558753,0.0,30.000000000000004,18.866799907308035
ma225_r0.250_c0.75_v20.55_v10.20,225,0.24999999999999997,0.75,0.55,0.2,62.227581970640244,-10.633506527410319,32.002677900053655,74.56612806702573,0.0,41.25,68.12494141481221,22.1087252781458,-7.02759976835411,33.96946634728023,85.13189448441247,0.0,41.25,20.335707081883896
ma225_r0.200_c0.75_v20.40_v10.30,225,0.19999999999999998,0.75,0.4,0.3,62.22646135440779,-11.05436103974764,30.69152686195934,74.80550568521844,0.0,30.000000000000004,61.12906940803293,23.53668280605914,-6.436166142730793,30.857687816486724,86.09112709832134,0.0,30.000000000000004,15.853749090849453
ma125_r0.250_c0.75_v20.70_v10.20,125,0.24999999999999997,0.75,0.7,0.2,62.22340798333157,-14.197858822364717,34.119389459978976,71.27468581687613,0.0,52.49999999999999,70.162127792351,24.12525671212451,-9.638091586888208,36.92603523190746,78.65707434052757,0.0,52.49999999999999,20.46401936324145
ma200_r0.275_c0.75_v20.70_v10.00,200,0.27499999999999997,0.75,0.7,0.0,62.21619336769264,-9.699957996166797,32.74814551908446,54.51825254338719,0.0,52.49999999999999,70.60784619108782,21.036125195226262,-9.699957996166797,36.11593070719237,65.70743405275779,0.0,52.49999999999999,22.30784619108782
ma150_r0.150_c0.75_v20.55_v10.20,150,0.15,0.75,0.55,0.2,62.20426824835885,-11.808709598928225,30.251246122459907,73.48892878515859,0.0,41.25,66.44969320917492,23.820052708546747,-5.3127480843383035,29.57811363642729,79.85611510791367,0.0,41.25,17.21972566228457
ma125_r0.100_c1.00_v20.40_v10.10,125,0.1,1.0,0.4,0.1,62.18334442147844,-12.034757735011715,26.108318538698754,74.80550568521844,1.7953321364452424,21.101033456460843,69.39395518386742,22.183632339417848,-3.1866167263323586,23.58069853532693,81.5347721822542,0.2398081534772182,21.101033456460843,15.696846190418928
ma150_r0.300_c0.75_v20.70_v10.10,150,0.29999999999999993,0.75,0.7,0.1,62.156508805423314,-12.797214657708578,33.57100531945902,72.77079593058049,0.0,52.49999999999999,69.8331927653001,23.605330225629295,-9.773998134392903,36.98627591692672,78.65707434052757,0.0,52.49999999999999,21.90182323588974
ma150_r0.175_c0.75_v20.70_v10.20,150,0.175,0.75,0.7,0.2,62.12354717104154,-13.015979773667375,33.78678734960281,73.07001795332137,0.0,52.49999999999999,68.78537622899833,23.894476232877416,-8.655440814250548,34.8816341423327,79.85611510791367,0.0,52.49999999999999,19.510506020428913
ma250_r0.250_c0.75_v20.70_v10.00,250,0.24999999999999997,0.75,0.7,0.0,62.10956613705987,-9.83444014291357,32.51281037132371,54.219030520646314,0.0,52.49999999999999,67.78213290098893,21.8211061127205,-9.638091586888208,36.94732654466797,67.86570743405275,0.0,52.49999999999999,23.082132900988928
ma150_r0.150_c0.75_v20.40_v10.30,150,0.15,0.75,0.4,0.3,62.0846670670973,-11.65992231264703,29.07174257153027,73.60861759425494,0.0,30.000000000000004,60.85884056961325,24.755767368222426,-4.0379686776290225,27.515633434850002,80.3357314148681,0.0,30.000000000000004,13.931470815072327
ma150_r0.125_c0.75_v20.55_v10.20,150,0.125,0.75,0.55,0.2,62.078542126978384,-11.667020511774794,29.387499944020938,73.96768402154399,0.0,36.26740125329208,65.27260713840025,24.16370537774595,-4.479895823334557,27.987638809201087,79.85611510791367,0.0,36.26740125329208,15.949433155541278
ma225_r0.175_c0.75_v20.55_v10.20,225,0.175,0.75,0.55,0.2,62.070266039337476,-10.515299029699044,31.313825592980503,74.92519449431478,0.0,41.25,66.57628617708028,22.516463181973624,-6.17651345669179,31.84887659893514,86.57074340527578,0.0,41.25,18.61362003380605
ma250_r0.100_c1.00_v20.25_v10.10,250,0.1,1.0,0.25,0.1,62.058867112488954,-9.542812810416567,24.706211609929053,78.2166367444644,1.7953321364452424,12.83981727576908,65.56523121145077,22.533907235700212,-2.4229290011279048,21.809859897732835,88.48920863309353,0.2398081534772182,12.83981727576908,14.934516030461396
ma200_r0.300_c0.75_v20.55_v10.30,200,0.29999999999999993,0.75,0.55,0.3,62.03336784010543,-12.431712657159434,33.51528642399308,74.80550568521844,0.0,41.25,70.1914890890874,25.72262291690881,-6.301768496893601,34.83195472450761,82.01438848920863,0.0,41.25,19.02238050085633
ma250_r0.225_c0.75_v20.40_v10.20,250,0.22499999999999998,0.75,0.4,0.2,62.00865504119324,-9.789395208362583,29.409495190533075,74.92519449431478,0.0,30.000000000000004,64.48714728892315,23.265020731134257,-5.5037552861113,30.42984533138558,87.76978417266187,0.0,30.000000000000004,18.608939885361405
ma225_r0.100_c0.75_v20.70_v10.20,225,0.1,0.75,0.7,0.2,62.00751161308309,-11.09052811555431,30.2292683086258,75.46379413524835,0.0,36.92680854880647,64.686816010057,23.75425684427912,-4.870781465304475,29.498712479795635,86.57074340527578,0.0,36.92680854880647,16.31674421745172
ma175_r0.100_c1.00_v20.70_v10.20,175,0.1,1.0,0.7,0.2,62.00058395399033,-14.692030370727293,33.17318194844647,78.03710353081988,1.6756433273488927,36.92680854880647,79.97926099755063,25.31264639495483,-4.870781465304452,30.547435484308437,84.41247002398082,0.2398081534772182,36.92680854880647,18.42072412051215
ma125_r0.200_c0.75_v20.55_v10.30,125,0.19999999999999998,0.75,0.55,0.3,61.97142907452313,-13.488889275803606,31.78265992274757,71.573907839617,0.0,41.25,66.66131019956745,24.434118775489445,-5.872120874537446,32.45939632814211,79.61630695443645,0.0,41.25,17.493996702965383
ma200_r0.250_c0.75_v20.70_v10.10,200,0.24999999999999997,0.75,0.7,0.1,61.97131759829726,-10.403372191971094,33.8657544860233,74.6259724715739,0.0,52.49999999999999,70.8193198511757,22.184634709125326,-9.638091586888176,36.63258362860019,82.01438848920863,0.0,52.49999999999999,21.364019363241454
ma125_r0.225_c0.75_v20.85_v10.10,125,0.22499999999999998,0.75,0.85,0.1,61.958276491101394,-14.934984682795449,36.231445939202445,71.51406343506882,0.0,63.74999999999999,71.23926575706994,22.93970634128677,-10.791800760731086,40.57017262342354,79.61630695443645,0.0,63.74999999999999,22.358621493758474
ma150_r0.200_c0.75_v20.70_v10.20,150,0.19999999999999998,0.75,0.7,0.2,61.93768835262971,-13.140598364676425,34.150562881545696,73.0101735487732,0.0,52.49999999999999,69.3303823897063,23.670270991232023,-9.382480965974638,35.94866818845751,79.61630695443645,0.0,52.49999999999999,20.183023483838124
ma150_r0.100_c0.75_v20.70_v10.20,150,0.1,0.75,0.7,0.2,61.9346249877994,-11.658954752050443,29.938727212095113,74.1472172351885,0.0,36.92680854880647,64.76067263858897,24.083498583925177,-4.870781465304475,28.742502626204164,79.85611510791367,0.0,36.92680854880647,15.875377168911346
ma150_r0.250_c0.75_v20.55_v10.20,150,0.24999999999999997,0.75,0.55,0.2,61.92692591186806,-11.899470463360561,31.362795884754252,72.83064033512866,0.0,41.25,68.45613853668796,23.28659935553057,-6.926916807673966,32.67450231850325,78.65707434052757,0.0,41.25,19.510707081883893
ma75_r0.300_c0.75_v20.85_v10.00,75,0.29999999999999993,0.75,0.85,0.0,61.92172423889257,-16.61738203813513,33.41990348979763,50.56852184320766,0.0,63.74999999999999,69.19965364625965,25.230375691172103,-10.70408985964657,38.47939743753439,60.431654676258994,0.0,63.74999999999999,23.52465364625965
ma225_r0.225_c0.75_v20.55_v10.20,225,0.22499999999999998,0.75,0.55,0.2,61.90504333214275,-10.63350652741022,31.893532350774624,74.80550568521844,0.0,41.25,67.92780116660185,22.007076778472424,-6.840201840170968,33.63241534429217,86.09112709832134,0.0,41.25,20.093926036642415
ma125_r0.150_c0.75_v20.70_v10.20,125,0.15,0.75,0.7,0.2,61.89464553750285,-14.121028207160279,32.849043744132686,72.0526630760024,0.0,52.49999999999999,68.36871028176523,24.476365541459643,-7.757187209652605,33.38805431352295,80.3357314148681,0.0,52.49999999999999,18.36563332148817
ma100_r0.150_c0.75_v20.40_v10.20,100,0.15,0.75,0.4,0.2,61.885897109735936,-11.606342363802957,26.812748794625,69.47935368043088,0.0,30.000000000000004,59.07325729294065,23.45166349632639,-3.9551537188276864,26.069941593907103,78.41726618705036,0.0,30.000000000000004,15.089001334673839
ma175_r0.100_c1.00_v20.40_v10.30,175,0.1,1.0,0.4,0.3,61.86145544701147,-12.76119170807819,29.187415449442344,77.85757031717534,1.7953321364452424,21.101033456460843,71.54928534942437,24.840602409148936,-3.8149609434849463,25.890577218418965,84.41247002398082,0.2398081534772182,21.101033456460843,14.875197086840785
ma175_r0.275_c0.75_v20.85_v10.20,175,0.27499999999999997,0.75,0.85,0.2,61.858115516816724,-15.260126323010903,38.24162244594318,74.32675044883304,0.0,63.74999999999999,72.86367875281545,24.955410034760604,-10.664276365609505,42.41524508013808,82.25419664268586,0.0,63.74999999999999,22.272814809058907
ma100_r0.125_c0.75_v20.55_v10.10,100,0.125,0.75,0.55,0.1,61.854712749375466,-11.710082000837662,27.324173491693067,69.83842010771993,0.0,35.30949750836497,60.78591823220611,22.50664386651513,-5.460088289063425,26.844120150029642,78.41726618705036,0.0,35.30949750836497,15.634539550271068
ma75_r0.300_c0.75_v20.55_v10.20,75,0.29999999999999993,0.75,0.55,0.2,61.83064177461264,-13.962449989269176,29.589723437536247,67.26511071214841,0.0,41.25,67.30932855328507,26.060293384149837,-7.032240509731014,31.23833191100804,73.621103117506,0.0,41.25,19.4275453808152
ma250_r0.175_c0.75_v20.40_v10.20,250,0.175,0.75,0.4,0.2,61.817448757978696,-9.670623814955947,28.8704113230357,75.04488330341114,0.0,30.000000000000004,62.91345703604996,23.336880351000367,-4.847653611683578,28.741946273911363,88.2494004796163,0.0,30.000000000000004,16.918292520142526
ma75_r0.150_c0.75_v20.40_v10.30,75,0.15,0.75,0.4,0.3,61.815325459679336,-12.951747948650683,27.376323185770474,67.56433273488929,0.0,30.000000000000004,60.917382832932226,26.931582158025847,-3.8810298438961333,26.39706206769956,74.82014388489209,0.0,30.000000000000004,14.341256044376465
ma150_r0.275_c0.75_v20.85_v10.00,150,0.27499999999999997,0.75,0.85,0.0,61.78197005811017,-13.810112321434154,35.6421465959541,54.39856373429084,0.0,63.74999999999999,69.31379503447874,22.39397758086019,-10.754553034823333,40.678167264200866,65.70743405275779,0.0,63.74999999999999,23.413795034478756
ma100_r0.225_c0.75_v20.55_v10.10,100,0.22499999999999998,0.75,0.55,0.1,61.77349296475714,-11.871086448381574,29.101574165535098,69.29982046678636,0.0,41.25,63.69406360435538,21.483405681934364,-7.783651039733009,31.095815465066256,78.17745803357315,0.0,41.25,19.099754793839328
ma250_r0.125_c0.75_v20.70_v10.00,250,0.125,0.75,0.7,0.0,61.768472045426435,-9.816006936332766,30.347344254989295,55.59545182525434,0.0,48.93541277472371,64.38685025998419,23.251079590959712,-7.323787074125676,31.475944327746724,71.70263788968825,0.0,48.93541277472371,18.985203799953965
ma200_r0.175_c0.75_v20.70_v10.20,200,0.175,0.75,0.7,0.2,61.75431217169998,-11.74086291637584,34.38032365423095,75.16457211250747,0.0,52.49999999999999,70.29078496988248,23.51766871595611,-8.655440814250548,35.38089957069162,84.17266187050359,0.0,52.49999999999999,19.515914761313056
ma175_r0.300_c0.75_v20.85_v10.10,175,0.29999999999999993,0.75,0.85,0.1,61.75179846530994,-14.840877300566957,37.14181022801564,74.32675044883304,0.0,63.74999999999999,72.78466750292917,24.4083373121706,-10.704089859646547,41.834753140423416,82.25419664268586,0.0,63.74999999999999,23.12829797351881
ma125_r0.125_c0.75_v20.85_v10.10,125,0.125,0.75,0.85,0.1,61.747888148048034,-14.611764156110784,33.87102048899182,72.65110712148413,0.0,56.04962011872412,68.17205793511167,23.68930650880894,-8.192537854960214,34.844404583613766,81.29496402877699,0.0,56.04962011872412,18.999972222817906
ma200_r0.100_c1.00_v20.25_v10.30,200,0.1,1.0,0.25,0.3,61.74525063508551,-12.186359875001074,27.773406572765218,78.33632555356074,1.7953321364452424,13.188145910288027,69.72200325129018,25.21953363382563,-3.3611527980411116,24.094970894380957,84.65227817745803,0.2398081534772182,13.188145910288027,14.25719758035678
ma200_r0.275_c0.75_v20.55_v10.30,200,0.27499999999999997,0.75,0.55,0.3,61.72600002770334,-12.431712657159421,33.42164526517471,74.80550568521844,0.0,41.25,69.99060001900246,25.412806659950938,-6.224196894567092,34.56488762745011,82.01438848920863,0.0,41.25,18.79353668342516
ma100_r0.100_c1.00_v20.25_v10.10,100,0.1,1.0,0.25,0.1,61.69328495091657,-10.794736250255443,23.529862410389814,71.93297426690604,1.7953321364452424,12.83981727576908,62.96161827772032,22.192947524158278,-2.400985453654214,21.199655051868575,77.6978417266187,0.2398081534772182,12.83981727576908,14.47343148342864
ma225_r0.125_c0.75_v20.85_v10.10,225,0.125,0.75,0.85,0.1,61.66675271703266,-13.229789120799918,34.351879646118235,75.344105326152,0.0,56.04962011872412,67.24331649562976,23.284527163513214,-8.480586864096962,35.92362716475143,86.57074340527578,0.0,56.04962011872412,19.991971519601137
ma75_r0.100_c1.00_v20.40_v10.10,75,0.1,1.0,0.4,0.1,61.66128443758048,-12.83266601016354,25.12751020471098,70.07779772591263,1.7354877318970678,20.54370764123053,69.23207289648789,23.45683367937863,-3.1866167263323253,22.876777701785635,75.29976019184652,0.0,20.54370764123053,16.082098817133506
ma200_r0.125_c0.75_v20.55_v10.30,200,0.125,0.75,0.55,0.3,61.65279336364768,-12.09713151487286,31.15433311987841,75.88270496708557,0.0,36.26740125329208,67.23439476641428,25.94707347060343,-3.8841626201703505,29.26351775522641,84.17266187050359,0.0,36.26740125329208,15.346127488076414
ma100_r0.300_c0.75_v20.40_v10.20,100,0.29999999999999993,0.75,0.4,0.2,61.59513676548507,-11.676100867801242,27.976865097751197,68.88090963494913,0.0,30.000000000000004,61.74255320905621,23.115805127030953,-5.646662284559634,29.368335528602106,77.21822541966426,0.0,30.000000000000004,18.07981415023549
ma225_r0.150_c0.75_v20.85_v10.10,225,0.15,0.75,0.85,0.1,61.585678564573,-13.180819376492103,35.5053377122786,75.10472770795931,0.0,63.74999999999999,68.68805699654612,22.644371032134526,-9.796515740327994,38.238256594515,86.57074340527578,0.0,63.74999999999999,21.72566976253011
ma225_r0.100_c1.00_v20.55_v10.00,225,0.1,1.0,0.55,0.0,61.57143817491766,-10.888018335021831,28.129915705490998,58.46798324356672,1.9748653500897666,29.013921002633662,73.3909615692732,20.0051967024121,-4.68055479514865,26.17401555204399,71.94244604316546,0.2398081534772182,29.013921002633662,17.90478008515387
ma225_r0.200_c0.75_v20.55_v10.20,225,0.19999999999999998,0.75,0.55,0.2,61.55339461560136,-10.642418870823034,31.664847675426376,74.80550568521844,0.0,41.25,67.28620725023617,22.03478801909109,-6.605941877282584,32.88700551360339,86.09112709832134,0.0,41.25,19.435192267069084
ma75_r0.250_c0.75_v20.85_v10.10,75,0.24999999999999997,0.75,0.85,0.1,61.55078083317491,-16.80398204739776,34.30044087006234,67.26511071214841,0.0,63.74999999999999,69.23551738372889,25.700283409406268,-10.7062701240217,38.66931399019723,73.621103117506,0.0,63.74999999999999,22.60085487413533
ma100_r0.150_c0.75_v20.25_v10.30,100,0.15,0.75,0.25,0.3,61.54929555563291,-11.604797965774216,26.260171845195813,70.19748653500898,0.0,18.75,56.11351629996959,25.312610784443756,-4.365773425866992,24.977999113480166,78.65707434052757,0.0,18.75,13.367394872811799
ma200_r0.200_c0.75_v20.70_v10.20,200,0.19999999999999998,0.75,0.7,0.2,61.54413800327563,-11.86713358148559,34.74626411740058,74.86535008976661,0.0,52.49999999999999,70.8303823897063,23.31786737946848,-9.382480965974638,36.45226531075967,82.9736211031175,0.0,52.49999999999999,20.183023483838124
ma175_r0.125_c0.75_v20.85_v10.30,175,0.125,0.75,0.85,0.3,61.54228167052338,-15.662803642741252,36.717228759966204,75.76301615798923,0.0,56.04962011872412,70.31128783362917,26.74131048337367,-7.81537410342602,36.747670840327515,84.17266187050359,0.0,56.04962011872412,18.28253107659229
ma250_r0.125_c0.75_v20.40_v10.20,250,0.125,0.75,0.4,0.2,61.52987911574348,-9.778389345672267,27.632547826010455,75.52363853979654,0.0,25.67963455153816,61.43233249207462,24.17187107416825,-3.446684239711806,26.104485247461838,88.2494004796163,0.0,25.67963455153816,14.999120926258232
ma175_r0.100_c1.00_v20.55_v10.20,175,0.1,1.0,0.55,0.2,61.497154801438,-13.103856011736037,30.27088463864052,77.85757031717534,1.7953321364452424,29.013921002633662,76.97223600466158,24.061688746007782,-3.9555665534085627,27.205897195180277,84.41247002398082,0.2398081534772182,29.013921002633662,17.048314382100855
ma75_r0.100_c1.00_v20.55_v10.00,75,0.1,1.0,0.55,0.0,61.47360114823572,-13.851520601427403,26.419435637010725,53.97965290245362,1.9150209455415919,30.759402315540623,71.80069293303725,22.04086665570122,-4.680554795148673,24.938944688790283,65.22781774580336,0.0,30.759402315540623,17.594125677281607
ma150_r0.100_c0.75_v20.85_v10.10,150,0.1,0.75,0.85,0.1,61.468676262316116,-12.428225532402115,31.74954471508915,74.02752842609216,0.0,44.83969609497929,64.66033412250057,22.85411375206039,-6.095802213336354,31.676805285574684,79.85611510791367,0.0,44.83969609497929,17.547604287546555
ma250_r0.200_c0.75_v20.40_v10.20,250,0.19999999999999998,0.75,0.4,0.2,61.437841024901374,-9.79839168156258,29.19686924029422,74.92519449431478,0.0,30.000000000000004,63.71722246328346,23.04320321855895,-5.242553247763915,29.717980493205516,87.76978417266187,0.0,30.000000000000004,17.821252889382485
ma150_r0.100_c1.00_v20.55_v10.00,150,0.1,1.0,0.55,0.0,61.424671548827334,-11.513545116387336,27.881069976818967,58.946738479952124,1.9748653500897666,29.013921002633662,72.8010565993125,20.647059241137654,-4.68055479514865,25.82058946534684,70.02398081534771,0.2398081534772182,29.013921002633662,17.563084662958428
ma100_r0.275_c0.75_v20.40_v10.20,100,0.27499999999999997,0.75,0.4,0.2,61.4240767623012,-11.676100867801331,27.901999194994282,68.88090963494913,0.0,30.000000000000004,61.555192899597635,22.949087135869426,-5.525539282156067,29.142197256134665,77.21822541966426,0.0,30.000000000000004,17.873162971049197
ma100_r0.250_c0.75_v20.70_v10.00,100,0.24999999999999997,0.75,0.7,0.0,61.409261407342505,-12.571909108288004,31.08082709990804,52.00478755236385,0.0,52.49999999999999,65.23213290098893,21.341562727486576,-9.638091586888208,35.058012284390806,63.78896882494005,0.0,52.49999999999999,20.98213290098893
ma125_r0.225_c0.75_v20.70_v10.20,125,0.22499999999999998,0.75,0.7,0.2,61.39813545840702,-14.197858822364829,34.00782632488607,71.51406343506882,0.0,52.49999999999999,70.07113626552066,23.70241239651929,-9.643575852117358,36.609445460949146,79.61630695443645,0.0,52.49999999999999,20.34763258154915
ma75_r0.275_c0.75_v20.55_v10.20,75,0.27499999999999997,0.75,0.55,0.2,61.39149837387452,-13.962449989269244,29.534258747604376,67.26511071214841,0.0,41.25,67.19236952785033,25.710810438940367,-6.955270864070795,31.095373669511954,73.621103117506,0.0,41.25,19.30868782338746
ma200_r0.300_c0.75_v20.55_v10.20,200,0.29999999999999993,0.75,0.55,0.2,61.36492454032086,-10.970107108191474,32.182890565670654,74.68581687612208,0.0,41.25,70.443655312383,23.677789416742236,-7.032240509730969,33.71370377055272,82.01438848920863,0.0,41.25,20.03091625356229
ma125_r0.150_c0.75_v20.85_v10.10,125,0.15,0.75,0.85,0.1,61.362428017395,-14.870229777210287,34.96915807918802,72.0526630760024,0.0,63.74999999999999,69.75022024638818,23.31807382775024,-9.359428176386686,37.016034864741556,80.3357314148681,0.0,63.74999999999999,20.615356130641835
ma250_r0.100_c0.75_v20.40_v10.30,250,0.1,0.75,0.4,0.3,61.33680115190734,-9.503054531730326,27.096349358247686,75.58348294434471,0.0,20.54370764123053,57.94846742531979,24.221742397611678,-3.492644914861953,25.127466290798672,88.2494004796163,0.0,20.54370764123053,12.810433234088885
ma200_r0.100_c0.75_v20.70_v10.30,200,0.1,0.75,0.7,0.3,61.330540828379455,-11.45694054161095,31.444647200747657,76.0622381807301,0.0,36.92680854880647,66.77394163248154,24.965158709354206,-4.870781465304496,29.79988936070442,84.17266187050359,0.0,36.92680854880647,15.451399687390815
ma150_r0.125_c0.75_v20.40_v10.30,150,0.125,0.75,0.4,0.3,61.32950505990733,-11.504772452142964,28.290080693002757,74.32675044883304,0.0,26.376291820576053,60.34577947629756,24.87267616925477,-3.3880527895378654,26.095196163837674,81.29496402877699,0.0,26.376291820576053,13.239064073549107
ma75_r0.250_c0.75_v20.70_v10.20,75,0.24999999999999997,0.75,0.7,0.2,61.32785830534155,-15.465191740131601,32.32624178107482,67.26511071214841,0.0,52.49999999999999,68.87508078314414,26.569323052470505,-9.638091586888187,34.998742026359594,73.621103117506,0.0,52.49999999999999,20.623602259326958
ma150_r0.225_c0.75_v20.55_v10.20,150,0.22499999999999998,0.75,0.55,0.2,61.32021787337971,-11.899470463360517,31.261948944271793,73.07001795332137,0.0,41.25,68.2929472942765,22.95789829482382,-6.840201840170968,32.38460924122525,79.61630695443645,0.0,41.25,19.32511133670267
ma100_r0.175_c0.75_v20.55_v10.10,100,0.175,0.75,0.55,0.1,61.31047072127465,-11.75410578784264,28.58188405854895,69.35966487133453,0.0,41.25,62.48113369538669,21.462894139506506,-7.0868164421248,29.490755232994477,78.41726618705036,0.0,41.25,17.747922165328234
ma150_r0.200_c0.75_v20.85_v10.10,150,0.19999999999999998,0.75,0.85,0.1,61.296655117006196,-14.126368598258853,36.27630633426026,73.0101735487732,0.0,63.74999999999999,69.23266542262996,22.547843319149898,-10.534451452388272,39.78950231576185,79.61630695443645,0.0,63.74999999999999,22.130261107495663
ma75_r0.100_c1.00_v20.70_v10.00,75,0.1,1.0,0.7,0.0,61.29626091922666,-15.399490957886396,29.0780898470214,54.219030520646314,1.7953321364452424,39.14833021977897,74.46530475695477,23.109685160774028,-5.41212607250775,28.183402879446756,65.22781774580336,0.0,39.14833021977897,19.145390489493845
ma175_r0.250_c0.75_v20.85_v10.30,175,0.24999999999999997,0.75,0.85,0.3,61.290649474984285,-15.992846848998443,39.36480936651461,74.32675044883304,0.0,63.74999999999999,72.75997336593208,25.07575443168857,-10.868183127011843,43.089736194999226,82.25419664268586,0.0,63.74999999999999,21.316380021341747
ma100_r0.125_c0.75_v20.40_v10.20,100,0.125,0.75,0.4,0.2,61.281870825486415,-11.605724510425508,26.125416803222794,69.6588868940754,0.0,25.67963455153816,58.30087027524422,23.607139024082358,-3.2892635419669247,24.786128511689235,78.41726618705036,0.0,25.67963455153816,14.075187283033614
ma200_r0.100_c0.75_v20.70_v10.20,200,0.1,0.75,0.7,0.2,61.262751093830346,-10.421718080323883,30.375925663947655,76.0622381807301,0.0,36.92680854880647,65.9887369458066,23.842940861513995,-4.870781465304475,29.048897460362895,84.17266187050359,0.0,36.92680854880647,15.881859134657525
ma250_r0.150_c0.75_v20.70_v10.00,250,0.15,0.75,0.7,0.0,61.2263277602854,-9.699402907830645,31.2752686849328,55.17654099341711,0.0,52.49999999999999,65.65772735769077,22.504252500451514,-8.272027086262312,33.319811115201496,70.26378896882494,0.0,52.49999999999999,20.615432348350538
ma175_r0.150_c0.75_v20.85_v10.30,175,0.15,0.75,0.85,0.3,61.21372913260505,-15.856651176266856,37.920357578211195,75.22441651705566,0.0,63.74999999999999,71.52905004410272,25.72431446054324,-9.193852464502717,39.08558066337504,84.17266187050359,0.0,63.74999999999999,19.79315462851176
ma150_r0.275_c0.75_v20.70_v10.10,150,0.27499999999999997,0.75,0.7,0.1,61.18610200347092,-12.797214657708677,33.479147923139294,72.77079593058049,0.0,52.49999999999999,69.58375183629327,22.98433653768994,-9.699957996166841,36.68136443464086,78.65707434052757,0.0,52.49999999999999,21.632921299565595
ma225_r0.250_c0.75_v20.85_v10.10,225,0.24999999999999997,0.75,0.85,0.1,61.18096862962044,-13.055931878236049,36.95808645333039,74.50628366247756,0.0,63.74999999999999,70.27125892264363,20.722094655101575,-12.311931968155543,42.408750665234564,85.13189448441247,0.0,63.74999999999999,23.791380021341748
ma150_r0.175_c0.75_v20.85_v10.10,150,0.175,0.75,0.85,0.1,61.17683039624382,-14.002517394627478,35.87878953744506,73.07001795332137,0.0,63.74999999999999,68.76732787602948,22.701547297226156,-10.159593382193865,38.608463053771736,79.85611510791367,0.0,63.74999999999999,21.525798988949095
ma200_r0.250_c0.75_v20.55_v10.30,200,0.24999999999999997,0.75,0.55,0.3,61.16491905609198,-12.431712657159277,33.31786586045751,74.80550568521844,0.0,41.25,69.73350001727495,25.036707810044277,-6.195620053787421,34.28233734607956,82.01438848920863,0.0,41.25,18.5202606212956
ma75_r0.100_c1.00_v20.25_v10.20,75,0.1,1.0,0.25,0.2,61.15021960481351,-11.988634724042523,24.23073368410409,69.95810891681627,1.7354877318970678,12.83981727576908,65.18170922366912,24.664878092102803,-2.2309163322587255,21.61857779091176,75.29976019184652,0.0,12.83981727576908,14.332666669475476
ma200_r0.150_c0.75_v20.70_v10.10,200,0.15,0.75,0.7,0.1,61.141051269651015,-10.396155866376278,32.64879085548519,75.40394973070018,0.0,52.49999999999999,69.05735534111687,22.500351252335204,-8.02558065891532,33.21245517008591,84.17266187050359,0.0,52.49999999999999,19.300561450043773
ma200_r0.175_c0.75_v20.55_v10.30,200,0.175,0.75,0.55,0.3,61.13819996937182,-12.315612792797303,32.65379892389272,75.344105326152,0.0,41.25,68.50553653087744,24.986096022512495,-5.420434093056992,32.32258288781201,84.17266187050359,0.0,41.25,17.122325000818982
ma100_r0.250_c0.75_v20.40_v10.20,100,0.24999999999999997,0.75,0.4,0.2,61.13790837701993,-11.676100867801253,27.824273071102667,68.88090963494913,0.0,30.000000000000004,61.35926627236148,22.78740514996236,-5.399587045402909,28.922720586366964,77.21822541966426,0.0,30.000000000000004,17.66651179186291
ma200_r0.125_c0.75_v20.70_v10.10,200,0.125,0.75,0.7,0.1,61.11738579865688,-10.464581707690702,31.642017025631414,75.70317175344105,0.0,46.15851068600809,67.75519596052116,22.93147899548682,-7.000179846583931,31.32556796522238,84.17266187050359,0.0,46.15851068600809,17.823758192744357
ma250_r0.225_c0.75_v20.70_v10.00,250,0.22499999999999998,0.75,0.7,0.0,61.11561771329035,-9.834440142913415,32.40404204734991,54.57809694793537,0.0,52.49999999999999,67.5971258521042,21.420394058438852,-9.643575852117381,36.58774616441382,69.30455635491607,0.0,52.49999999999999,22.881919754331257
ma75_r0.150_c0.75_v20.70_v10.20,75,0.15,0.75,0.7,0.2,61.10818954532824,-15.382983042657827,31.201593278434448,67.92339916217833,0.0,52.49999999999999,67.66605787460466,27.03549933492799,-7.757187209652605,32.03324563992808,74.82014388489209,0.0,52.49999999999999,19.09692303195045
ma125_r0.100_c1.00_v20.25_v10.20,125,0.1,1.0,0.25,0.2,61.09180027621635,-11.839545206018286,24.952265171956412,74.68581687612208,1.7953321364452424,13.188145910288027,63.30289067629489,23.467599611411472,-2.62477621682895,22.29280163709759,81.5347721822542,0.2398081534772182,13.188145910288027,13.92238701236337
ma100_r0.175_c0.75_v20.40_v10.20,100,0.175,0.75,0.4,0.2,61.07583175107016,-11.559514519307045,27.23334947847774,69.18013165769,0.0,30.000000000000004,59.71015778978382,22.82333045672489,-4.602022207724977,27.097461987227906,78.41726618705036,0.0,30.000000000000004,15.86860493823632
ma150_r0.300_c0.75_v20.40_v10.30,150,0.29999999999999993,0.75,0.4,0.3,61.026964536623794,-11.809411636089662,30.315318249424696,72.83064033512866,0.0,30.000000000000004,63.21694195306377,24.316932689831482,-5.5617551780798635,30.98388081634512,78.65707434052757,0.0,30.000000000000004,16.622833364832687
ma125_r0.275_c0.75_v20.85_v10.00,125,0.27499999999999997,0.75,0.85,0.0,61.01282912256263,-14.603724363244385,35.40513011491754,53.74027528426092,0.0,63.74999999999999,71.70721063501566,22.167477626262322,-10.72586446929793,40.54674150925581,64.5083932853717,0.0,63.74999999999999,23.257210635015646
ma150_r0.175_c0.75_v20.55_v10.20,150,0.175,0.75,0.55,0.2,61.012226801275894,-11.782527479228765,30.72602165702183,73.12986235786954,0.0,41.25,67.11845583413835,22.9173774854617,-6.17651345669179,30.74879954924598,79.85611510791367,0.0,41.25,18.010244304079883
ma200_r0.225_c0.75_v20.70_v10.10,200,0.22499999999999998,0.75,0.7,0.1,61.00831862659388,-10.40337219197095,33.76146129977799,74.86535008976661,0.0,52.49999999999999,70.72260911846291,21.72763982559831,-9.643575852117326,36.31836060070642,82.9736211031175,0.0,52.49999999999999,21.247632581549148
ma100_r0.200_c0.75_v20.55_v10.10,100,0.19999999999999998,0.75,0.55,0.1,60.99751858320266,-11.879875370399606,28.902566934684675,69.29982046678636,0.0,41.25,63.131893211134624,21.155659850784314,-7.551765705550107,30.436381276215172,78.17745803357315,0.0,41.25,18.514579714532545
ma150_r0.175_c0.75_v20.40_v10.30,150,0.175,0.75,0.4,0.3,60.95081397104873,-11.693001256000846,29.521279776809312,73.12986235786954,0.0,30.000000000000004,61.380996780125834,24.00236224506962,-4.640948869803996,28.625956187085805,79.85611510791367,0.0,30.000000000000004,14.589443928578335
ma175_r0.300_c0.75_v20.70_v10.30,175,0.29999999999999993,0.75,0.7,0.3,60.92943437689329,-14.634151842041376,36.25082508715443,74.32675044883304,0.0,52.49999999999999,73.32657551812497,25.844851796380585,-9.035262547869793,39.04918519487362,82.25419664268586,0.0,52.49999999999999,21.032466929893907
ma125_r0.100_c0.75_v20.70_v10.20,125,0.1,0.75,0.7,0.2,60.92595899518416,-12.41754923138937,29.588790038185707,72.89048473967684,0.0,36.92680854880647,64.76303562029815,23.547330969976386,-4.870781465304475,28.618521965253503,81.29496402877699,0.0,36.92680854880647,15.593828685350402
ma100_r0.225_c0.75_v20.40_v10.20,100,0.22499999999999998,0.75,0.4,0.2,60.91975371876346,-11.67610086780132,27.738924750602482,69.12028725314184,0.0,30.000000000000004,61.149892463794856,22.679779325075277,-5.271141411340596,28.678688310194435,78.17745803357315,0.0,30.000000000000004,17.437724232618752
ma200_r0.275_c0.75_v20.55_v10.20,200,0.27499999999999997,0.75,0.55,0.2,60.91696693994992,-10.97010710819154,32.09759432421711,74.68581687612208,0.0,41.25,70.22800239035675,23.338949183973632,-6.955270864070739,33.45364319783559,82.01438848920863,0.0,41.25,19.793027790072287
ma75_r0.125_c0.75_v20.70_v10.20,75,0.125,0.75,0.7,0.2,60.90730438020935,-15.224417301564209,30.29323162320218,68.28246558946739,0.0,44.93936046519178,66.92259898203689,27.13236424088965,-6.678564057767344,30.33426343077204,74.82014388489209,0.0,44.93936046519178,18.032501287293996
ma75_r0.300_c0.75_v20.70_v10.10,75,0.29999999999999993,0.75,0.7,0.1,60.90540415553829,-15.274954177005185,31.439371749805662,67.26511071214841,0.0,52.49999999999999,68.82671429742729,25.70413134935936,-9.773998134392858,34.75400111584869,73.621103117506,0.0,52.49999999999999,21.52332271119235
ma150_r0.275_c0.75_v20.40_v10.30,150,0.27499999999999997,0.75,0.4,0.3,60.896258684151846,-11.809411636089784,30.230181350249012,72.83064033512866,0.0,30.000000000000004,63.05671591493788,24.10416080076554,-5.450138480431022,30.7430178466377,78.65707434052757,0.0,30.000000000000004,16.43759725109663
ma125_r0.300_c0.75_v20.55_v10.20,125,0.29999999999999993,0.75,0.55,0.2,60.88552051229612,-13.133058839434941,31.190969560284653,71.3345302214243,0.0,41.25,68.79365531238301,23.540440040507505,-7.032240509730969,33.1381642022074,78.65707434052757,0.0,41.25,19.730916253562285
ma200_r0.250_c0.75_v20.70_v10.00,200,0.24999999999999997,0.75,0.7,0.0,60.862056123555085,-9.638091586888208,32.65643694223933,54.51825254338719,0.0,52.49999999999999,70.33213290098892,20.364979588588582,-9.638091586888208,35.814233019488114,65.70743405275779,0.0,52.49999999999999,22.032132900988927
ma75_r0.150_c0.75_v20.55_v10.20,75,0.15,0.75,0.55,0.2,60.85951477027463,-13.868611408573628,28.476135040844426,67.92339916217833,0.0,41.25,65.47872829670975,25.74021239264741,-5.31274808433837,28.32478948879797,74.82014388489209,0.0,41.25,17.33285166731357
ma125_r0.100_c1.00_v20.55_v10.00,125,0.1,1.0,0.55,0.0,60.84695791001597,-12.581164077980523,27.70729866268467,58.16876122082585,1.9748653500897666,29.013921002633662,73.86689757346686,20.45798603699116,-4.68055479514865,25.710855946395085,68.82494004796163,0.2398081534772182,29.013921002633662,17.432345013235917
ma125_r0.100_c0.75_v20.55_v10.30,125,0.1,0.75,0.55,0.3,60.815216285905116,-12.00515492658607,27.956885835225965,72.89048473967684,0.0,29.013921002633662,62.74672580691621,23.728489795332663,-3.425447333062881,26.17446740747484,81.29496402877699,0.0,29.013921002633662,14.133660370390828
ma125_r0.300_c0.75_v20.70_v10.10,125,0.29999999999999993,0.75,0.7,0.1,60.78705782818945,-13.862647554784878,33.288368113771355,71.27468581687613,0.0,52.49999999999999,71.01237342043125,23.331384964898994,-9.773998134392903,36.93283042363152,78.65707434052757,0.0,52.49999999999999,21.73100389102089
ma250_r0.100_c0.75_v20.55_v10.10,250,0.1,0.75,0.55,0.1,60.7770762980532,-8.656650504573104,26.680772648392164,75.64332734889288,0.0,28.24759800669198,61.55631360914178,21.81083238828563,-4.392683843962686,25.64092236638648,88.2494004796163,0.0,28.24759800669198,15.468025812064935
ma75_r0.175_c0.75_v20.40_v10.30,75,0.175,0.75,0.4,0.3,60.775672794903414,-12.903900948397451,27.78736626339117,67.20526630760024,0.0,30.000000000000004,61.32832293160918,26.20401589768968,-4.516085153635297,27.35091409847775,74.82014388489209,0.0,30.000000000000004,14.923231480618679
ma225_r0.300_c0.75_v20.70_v10.10,225,0.29999999999999993,0.75,0.7,0.1,60.773678170824795,-11.721426537036939,34.011038657902574,74.50628366247756,0.0,52.49999999999999,70.2831927653001,21.282625908926043,-10.282013311248573,38.24526872268211,85.13189448441247,0.0,52.49999999999999,22.95182323588974
ma100_r0.125_c0.75_v20.25_v10.30,100,0.125,0.75,0.25,0.3,60.76466740216755,-11.520535457749537,25.59588068701292,70.3770197486535,0.0,16.04977159471135,55.7131419156116,25.34805352309717,-3.6805148506200203,23.771789088526884,78.65707434052757,0.0,16.04977159471135,12.738275779097188
ma125_r0.100_c0.75_v20.85_v10.10,125,0.1,0.75,0.85,0.1,60.764436774397936,-13.399458878499715,31.472476131419118,72.77079593058049,0.0,44.83969609497929,65.82408422752911,22.415672659129182,-6.042418661907012,31.515057210597764,81.29496402877699,0.0,44.83969609497929,17.287975818745615
ma200_r0.225_c0.75_v20.55_v10.30,200,0.22499999999999998,0.75,0.55,0.3,60.723147910985716,-12.4317126571591,33.20803019956155,75.04488330341114,0.0,41.25,69.58507262680479,24.73743297234712,-6.108223746716945,33.98543774446119,82.9736211031175,0.0,41.25,18.3437095221732
ma175_r0.100_c1.00_v20.40_v10.20,175,0.1,1.0,0.4,0.2,60.71583139590344,-12.085926660806134,27.842073462582213,77.85757031717534,1.7953321364452424,21.101033456460843,72.57241576498987,23.637444948383447,-2.8756317735549985,24.759352248848174,84.41247002398082,0.2398081534772182,21.101033456460843,15.828932781773334
ma75_r0.125_c0.75_v20.40_v10.30,75,0.125,0.75,0.4,0.3,60.71019217683422,-12.944567388598283,26.670781014546506,67.92339916217833,0.0,25.67963455153816,60.687649408018316,26.73490430017569,-3.227096047247424,25.12613511270648,74.82014388489209,0.0,25.67963455153816,13.79589553621631
ma75_r0.250_c0.75_v20.55_v10.20,75,0.24999999999999997,0.75,0.55,0.2,60.70348550669655,-13.9624499892692,29.468878933271807,67.26511071214841,0.0,41.25,67.01919957077303,25.295389993435435,-6.926916807673988,30.936932243702824,73.621103117506,0.0,41.25,19.145398021261325
ma225_r0.100_c0.75_v20.85_v10.10,225,0.1,0.75,0.85,0.1,60.682384032602755,-12.086106690664522,31.825765692969043,75.46379413524835,0.0,44.83969609497929,65.16294490748687,22.095496203508013,-6.379923291018685,32.376206654822376,86.57074340527578,0.0,44.83969609497929,18.0789200138126
ma175_r0.300_c0.75_v20.85_v10.00,175,0.29999999999999993,0.75,0.85,0.0,60.65044641260082,-14.423169677798175,35.97742500353959,54.81747456612807,0.0,63.74999999999999,72.35254912852228,23.234428977936084,-10.718357141850078,41.003062783967984,65.70743405275779,0.0,63.74999999999999,23.67754912852228
ma150_r0.250_c0.75_v20.40_v10.30,150,0.24999999999999997,0.75,0.4,0.3,60.64724309178406,-11.809411636089662,30.141961108440498,72.83064033512866,0.0,30.000000000000004,62.88792355903445,23.896353037442353,-5.340881163761491,30.50881647963003,78.65707434052757,0.0,30.000000000000004,16.252361137360573
ma150_r0.200_c0.75_v20.55_v10.20,150,0.19999999999999998,0.75,0.55,0.2,60.64644407724915,-11.90825655469705,31.054567272598415,73.07001795332137,0.0,41.25,67.74411491928028,22.64310930471758,-6.605941877282584,31.710898090253725,79.61630695443645,0.0,41.25,18.7518014226782
ma175_r0.250_c0.75_v20.85_v10.20,175,0.24999999999999997,0.75,0.85,0.2,60.64103690868319,-15.260126323010748,38.131702953041135,74.32675044883304,0.0,63.74999999999999,72.6671654247568,24.294796695013112,-10.706270124021689,42.10876234844438,82.25419664268586,0.0,63.74999999999999,22.06638002134175
ma200_r0.100_c1.00_v20.25_v10.20,200,0.1,1.0,0.25,0.2,60.62273355420582,-10.880872113151218,26.003239722055632,78.2166367444644,1.7953321364452424,13.188145910288027,66.44918281820179,23.44278372316131,-2.774981138160404,22.6172370278389,84.41247002398082,0.2398081534772182,13.188145910288027,13.88645010373192
ma75_r0.300_c0.75_v20.40_v10.30,75,0.29999999999999993,0.75,0.4,0.3,60.59980025643339,-13.018715064368525,28.427068039738618,66.90604428485936,0.0,30.000000000000004,62.75476690274071,26.4163557655402,-5.561755178079841,29.10867028430254,73.621103117506,0.0,30.000000000000004,16.394592144035908
ma250_r0.300_c0.75_v20.55_v10.00,250,0.29999999999999993,0.75,0.55,0.0,60.58964566366585,-9.045071478866717,29.672201642478274,54.15918611609815,0.0,41.25,67.27013758915277,20.521133952597935,-8.911544671881211,32.8231389558302,67.62589928057554,0.0,41.25,22.270137589152768
ma200_r0.300_c0.75_v20.55_v10.10,200,0.29999999999999993,0.75,0.55,0.1,60.57981628319258,-9.452420415122143,30.92398327706164,74.6259724715739,0.0,41.25,69.91228578297265,21.564909076455763,-7.97374764667892,32.71907248084512,82.01438848920863,0.0,41.25,20.630916253562287
ma125_r0.200_c0.75_v20.85_v10.10,125,0.19999999999999998,0.75,0.85,0.1,60.57203281425942,-14.943468145838724,35.97783236657624,71.51406343506882,0.0,63.74999999999999,70.88266542262996,22.307559446052274,-10.534451452388272,39.75353109274028,79.61630695443645,0.0,63.74999999999999,21.980261107495664
ma75_r0.275_c0.75_v20.85_v10.00,75,0.27499999999999997,0.75,0.85,0.0,60.56357977751992,-16.617382038135098,33.356848224515296,50.56852184320766,0.0,63.74999999999999,69.05489084240467,24.38802079691962,-10.664276365609492,38.26513709951443,60.431654676258994,0.0,63.74999999999999,23.37989084240468
ma125_r0.175_c0.75_v20.70_v10.20,125,0.175,0.75,0.7,0.2,60.562208202170154,-14.08332630364737,33.41497644168057,71.573907839617,0.0,52.49999999999999,69.09741595761793,23.42593458718756,-8.655440814250548,34.81257892137816,79.85611510791367,0.0,52.49999999999999,19.2225457490485
ma200_r0.150_c0.75_v20.55_v10.20,200,0.15,0.75,0.55,0.2,60.55946524125788,-10.851993040685404,30.871316117263998,75.46379413524835,0.0,41.25,67.99397881066118,23.45925145218515,-5.3127480843383035,30.03770588766539,84.17266187050359,0.0,41.25,17.229448610903837
ma225_r0.225_c0.75_v20.85_v10.10,225,0.22499999999999998,0.75,0.85,0.1,60.55141496437202,-13.055931878236004,36.83004212356248,74.74566128067026,0.0,63.74999999999999,70.21045351589692,20.60034154029513,-11.869419265227698,42.008083559687215,86.09112709832134,0.0,63.74999999999999,23.696789666392622
ma75_r0.225_c0.75_v20.70_v10.20,75,0.22499999999999998,0.75,0.7,0.2,60.55053310822065,-15.4651917401317,32.24498084654737,67.50448833034112,0.0,52.49999999999999,68.8827939572345,26.1602232451448,-9.643575852117403,34.80114056876182,74.58033573141488,0.0,52.49999999999999,20.626257188026102
ma125_r0.150_c0.75_v20.40_v10.30,125,0.15,0.75,0.4,0.3,60.529606955314904,-12.79084897401882,28.573867058227627,72.11250748055058,0.0,30.000000000000004,59.87826440691144,24.475345209298393,-4.253669166398644,27.460879054649144,80.3357314148681,0.0,30.000000000000004,14.003695606482093
ma75_r0.275_c0.75_v20.40_v10.30,75,0.27499999999999997,0.75,0.4,0.3,60.520663371005035,-13.018715064368791,28.372489992566997,66.90604428485936,0.0,30.000000000000004,62.68305545214176,26.222218309380985,-5.440528571001457,28.98660483495119,73.621103117506,0.0,30.000000000000004,16.328376132032915
ma175_r0.100_c1.00_v20.70_v10.10,175,0.1,1.0,0.7,0.1,60.503834583266695,-14.378272732696262,32.11275142509996,78.09694793536805,1.6756433273488927,36.92680854880647,79.04667981280484,23.301111509952378,-5.12282684003853,29.825757793102873,84.41247002398082,0.2398081534772182,36.92680854880647,18.646554870990045
ma175_r0.275_c0.75_v20.85_v10.10,175,0.27499999999999997,0.75,0.85,0.1,60.50176570524537,-14.840877300566946,37.04291029412893,74.32675044883304,0.0,63.74999999999999,72.55159001752263,23.606851519897077,-10.664276365609492,41.50949493507638,82.25419664268586,0.0,63.74999999999999,22.87281480905891
ma75_r0.225_c0.75_v20.85_v10.10,75,0.22499999999999998,0.75,0.85,0.1,60.49978937395284,-16.803982047397714,34.21761505274378,67.50448833034112,0.0,63.74999999999999,69.35930966720261,25.235176179837417,-10.791800760731117,38.45557889646549,74.58033573141488,0.0,63.74999999999999,22.7121488612727
ma100_r0.200_c0.75_v20.40_v10.20,100,0.19999999999999998,0.75,0.4,0.2,60.490969741073975,-11.684909184664704,27.542358591913867,69.12028725314184,0.0,30.000000000000004,60.45077372983611,22.46905454814989,-5.031775567865382,28.017511582282605,78.17745803357315,0.0,30.000000000000004,16.713505642500127
ma150_r0.225_c0.75_v20.40_v10.30,150,0.22499999999999998,0.75,0.4,0.3,60.465372722361835,-11.809411636089528,30.046118670023404,73.07001795332137,0.0,30.000000000000004,62.70568402180052,23.74295238761941,-5.22928893150244,30.250059506217525,79.61630695443645,0.0,30.000000000000004,16.04498864356665
ma250_r0.100_c0.75_v20.70_v10.00,250,0.1,0.75,0.7,0.0,60.458854609150706,-9.052201327433584,28.170373603151926,56.79233991621784,0.0,39.14833021977897,62.626968126559596,21.883862447856384,-5.412126072507794,28.498184313050185,71.46282973621103,0.0,39.14833021977897,17.133411682974597
ma225_r0.100_c1.00_v20.25_v10.10,225,0.1,1.0,0.25,0.1,60.452468071571474,-10.069355071305253,24.639054989766894,77.79772591262717,1.7953321364452424,13.188145910288027,65.60832091426192,21.831088958475785,-2.4339417592316615,21.678790380893126,86.810551558753,0.2398081534772182,13.188145910288027,14.89741849239475
ma100_r0.175_c0.75_v20.25_v10.30,100,0.175,0.75,0.25,0.3,60.45243859496021,-11.583031274517275,26.669729748851267,70.1376421304608,0.0,18.75,56.73969277495427,24.656485981298705,-5.022911959789555,25.96997860979023,78.65707434052757,0.0,18.75,14.124246620073807
ma75_r0.100_c1.00_v20.40_v10.00,75,0.1,1.0,0.4,0.0,60.44696701330814,-12.636009904348155,24.161420111942018,53.26152004787552,1.9150209455415919,22.370474411302272,68.28079434440318,21.641757427003917,-3.718313283590202,22.228247827859047,63.78896882494005,0.0,22.370474411302272,16.263489351608925
ma125_r0.175_c0.75_v20.85_v10.10,125,0.175,0.75,0.85,0.1,60.44224467587509,-14.820795403637455,35.57915771322482,71.573907839617,0.0,63.74999999999999,70.41179993810941,22.452946908274374,-10.159593382193865,38.56785207470214,79.85611510791367,0.0,63.74999999999999,21.37027105102902
ma125_r0.275_c0.75_v20.55_v10.20,125,0.27499999999999997,0.75,0.55,0.2,60.43889376296785,-13.133058839435098,31.105673318831116,71.3345302214243,0.0,41.25,68.57800239035676,23.20197610403931,-6.955270864070739,32.87810362949027,78.65707434052757,0.0,41.25,19.493027790072283
ma75_r0.100_c0.75_v20.85_v10.20,75,0.1,0.75,0.85,0.2,60.42908860974548,-15.436796058248337,30.835138133910455,69.95810891681627,0.0,43.65537873761487,65.83000063530136,25.85585946556592,-5.703383994616673,30.803420037855915,75.0599520383693,0.0,43.65537873761487,18.058794824508443
ma250_r0.175_c0.75_v20.70_v10.00,250,0.175,0.75,0.7,0.0,60.38481578399444,-9.714083138644526,31.794958400579727,54.637941352483544,0.0,52.49999999999999,66.43133536975364,21.500863230683876,-8.945491766815138,34.658124796190705,69.54436450839329,0.0,52.49999999999999,21.565209943915484
ma75_r0.125_c0.75_v20.55_v10.20,75,0.125,0.75,0.55,0.2,60.358114292395726,-13.75677042273199,27.692063173243262,68.28246558946739,0.0,35.30949750836497,64.79322773475423,25.759929640358116,-4.479895823334634,26.894300585142204,74.82014388489209,0.0,35.30949750836497,16.353631918478317
ma175_r0.100_c1.00_v20.55_v10.10,175,0.1,1.0,0.55,0.1,60.35364509891596,-12.78074631380479,29.188219005987076,77.91741472172352,1.7953321364452424,29.013921002633662,76.13895014211573,22.225766007017867,-4.392683843962731,26.41728911873319,84.41247002398082,0.2398081534772182,29.013921002633662,17.32503903366164
ma125_r0.200_c0.75_v20.70_v10.20,125,0.19999999999999998,0.75,0.7,0.2,60.35266235304499,-14.206415749184288,33.778031463233305,71.51406343506882,0.0,52.49999999999999,69.63038238970631,23.18300583042725,-9.382480965974638,35.876725742414344,79.61630695443645,0.0,52.49999999999999,19.883023483838123
ma250_r0.200_c0.75_v20.70_v10.00,250,0.19999999999999998,0.75,0.7,0.0,60.33302697689729,-9.843432227338656,32.167566200252494,54.57809694793537,0.0,52.49999999999999,67.13726415066475,21.226585910839635,-9.382480965974672,35.790156924593276,69.30455635491607,0.0,52.49999999999999,22.399899282203727
ma100_r0.225_c0.75_v20.70_v10.00,100,0.22499999999999998,0.75,0.7,0.0,60.32781137951548,-12.571909108288004,30.9827252277522,52.36385397965291,0.0,52.49999999999999,65.09795224163062,20.873222306008277,-9.643575852117381,34.741174448471924,65.22781774580336,0.0,52.49999999999999,20.832746143857694
ma200_r0.125_c0.75_v20.55_v10.20,200,0.125,0.75,0.55,0.2,60.32559133279276,-10.657967106127742,29.95218535623562,75.76301615798923,0.0,36.26740125329208,66.92494675404409,23.86250810482453,-4.479895823334557,28.370632351899506,84.17266187050359,0.0,36.26740125329208,15.957535612724001
ma75_r0.250_c0.75_v20.40_v10.30,75,0.24999999999999997,0.75,0.4,0.3,60.32358501773294,-13.018715064368658,28.31482860276254,66.90604428485936,0.0,30.000000000000004,62.60277768376524,26.033214959699258,-5.314468398654782,28.871200988299577,73.621103117506,0.0,30.000000000000004,16.26216012002992
ma150_r0.100_c1.00_v20.40_v10.00,150,0.1,1.0,0.4,0.0,60.31469527724455,-10.835667594664988,25.348957380828384,58.52782764811491,1.9748653500897666,21.101033456460843,68.53640058288121,20.58330531370549,-3.718313283590202,23.012686593103137,68.5851318944844,0.2398081534772182,21.101033456460843,16.074960667428236
ma175_r0.225_c0.75_v20.85_v10.30,175,0.22499999999999998,0.75,0.85,0.3,60.304608756427136,-15.99284684899831,39.24233305502659,74.56612806702573,0.0,63.74999999999999,72.7863200511855,24.523235259388223,-10.823192858936748,42.7729876577657,83.21342925659472,0.0,63.74999999999999,21.308621493758473
ma250_r0.150_c0.75_v20.25_v10.30,250,0.15,0.75,0.25,0.3,60.291992190816266,-11.242557030782397,28.28476785510516,75.8228605625374,0.0,18.75,59.269926775915174,24.214328867585564,-5.539300801176772,26.863781870802068,88.00959232613909,0.0,18.75,13.983803649227934
ma225_r0.100_c1.00_v20.40_v10.00,225,0.1,1.0,0.4,0.0,60.27393039794702,-10.371586424325097,25.738290240953752,58.049072411729504,1.9748653500897666,21.101033456460843,69.32247591433688,20.11731858119692,-3.718313283590202,23.269723747064706,70.50359712230215,0.2398081534772182,21.101033456460843,16.323466429024922
ma100_r0.100_c0.75_v20.55_v10.10,100,0.1,0.75,0.55,0.1,60.26500493512681,-10.63363723054368,25.51147652410596,70.19748653500898,0.0,28.24759800669198,59.07138795135442,21.0379632087075,-4.392683843962686,24.558383992352525,77.45803357314148,0.0,28.24759800669198,14.457528988040583
ma200_r0.200_c0.75_v20.55_v10.30,200,0.19999999999999998,0.75,0.55,0.3,60.24252215099703,-12.44044566903587,32.99263906557838,75.04488330341114,0.0,41.25,69.06131019956746,24.440342169333952,-5.872120874537446,33.304720069149305,82.9736211031175,0.0,41.25,17.793996702965384
ma150_r0.250_c0.75_v20.85_v10.00,150,0.24999999999999997,0.75,0.85,0.0,60.23915978708547,-13.810112321434275,35.5455334007953,54.39856373429084,0.0,63.74999999999999,69.09908931717797,21.64198193114093,-10.72839482077873,40.37091504542035,65.70743405275779,0.0,63.74999999999999,23.199089317177975
ma225_r0.175_c0.75_v20.85_v10.10,225,0.175,0.75,0.85,0.1,60.23013970268711,-12.939845338812074,36.11951376280527,74.86535008976661,0.0,63.74999999999999,69.12462165796448,21.11127016313481,-10.848366464772274,39.78662281909793,86.57074340527578,0.0,63.74999999999999,22.452634160328838
ma200_r0.250_c0.75_v20.55_v10.20,200,0.24999999999999997,0.75,0.55,0.2,60.22081078232087,-10.970107108191463,32.002382958362865,74.68581687612208,0.0,41.25,69.95613853668797,22.935289032146343,-6.926916807673966,33.17809944080541,82.01438848920863,0.0,41.25,19.510707081883893
ma75_r0.225_c0.75_v20.40_v10.30,75,0.22499999999999998,0.75,0.4,0.3,60.193591846533344,-13.018715064368646,28.249545016349504,67.14542190305207,0.0,30.000000000000004,62.50905273405823,25.89965244400565,-5.185912600492825,28.73124153524314,74.58033573141488,0.0,30.000000000000004,16.173807727969066
ma175_r0.100_c1.00_v20.70_v10.00,175,0.1,1.0,0.7,0.0,60.18380919095519,-14.017784779317221,31.12994708276558,59.18611609814482,1.8551765409934171,36.92680854880647,77.74380561039385,21.81019694230686,-5.412126072507773,29.259861608528816,70.02398081534771,0.2398081534772182,36.92680854880647,18.866834206348326
ma175_r0.275_c0.75_v20.70_v10.30,175,0.27499999999999997,0.75,0.7,0.3,60.16464887651289,-14.634151842041287,36.148132041557595,74.32675044883304,0.0,52.49999999999999,73.1110193597161,25.217016673952152,-9.100217562017443,38.75371952215933,82.25419664268586,0.0,52.49999999999999,20.786011352402745
ma100_r0.100_c0.75_v20.40_v10.20,100,0.1,0.75,0.4,0.2,60.14132668695058,-10.422691783914928,24.442156601458425,70.19748653500898,0.0,20.54370764123053,56.71408590633858,22.4906954020192,-2.6554188950923874,22.898300879075332,77.45803357314148,0.0,20.54370764123053,13.161917442356877
ma75_r0.225_c0.75_v20.55_v10.20,75,0.22499999999999998,0.75,0.55,0.2,60.11165187069884,-13.96244998926932,29.397863544311026,67.50448833034112,0.0,41.25,66.95470222495305,24.957449998981616,-6.840201840171012,30.764141497645863,74.58033573141488,0.0,41.25,19.078833182142358
ma200_r0.100_c1.00_v20.25_v10.10,200,0.1,1.0,0.25,0.1,60.07511579587721,-9.539828618487556,24.592998947423208,78.09694793536805,1.7953321364452424,13.188145910288027,66.92102676099056,21.755116003318964,-2.400985453654214,21.51814215966715,84.41247002398082,0.2398081534772182,13.188145910288027,14.742102391396823
ma100_r0.125_c0.75_v20.70_v10.00,100,0.125,0.75,0.7,0.0,60.06714586071262,-12.398152682669828,29.06376342896571,53.3213644524237,0.0,46.15851068600809,62.276479706607226,21.706876354863482,-7.323787074125676,30.041444879965862,67.62589928057554,0.0,46.15851068600809,17.455891233747764
ma150_r0.100_c1.00_v20.25_v10.10,150,0.1,1.0,0.25,0.1,60.06417933998538,-10.54778480439138,24.02098581851863,76.12208258527828,1.7953321364452424,13.188145910288027,65.15726112339478,21.873011599224945,-2.400985453654214,21.36494474258778,80.0959232613909,0.2398081534772182,13.188145910288027,14.738861408523734
ma175_r0.125_c0.75_v20.85_v10.20,175,0.125,0.75,0.85,0.2,60.06072462644869,-15.276710540753701,35.59255678104905,75.76301615798923,0.0,56.04962011872412,69.87632397810981,25.427001828016227,-7.86981624374794,35.96707661271933,84.17266187050359,0.0,56.04962011872412,18.906462216432217
ma150_r0.200_c0.75_v20.40_v10.30,150,0.19999999999999998,0.75,0.4,0.3,60.04300759649412,-11.81820665821064,29.841066337690254,73.07001795332137,0.0,30.000000000000004,62.04400565499206,23.47396477462482,-5.006901423107268,29.574158081065715,79.61630695443645,0.0,30.000000000000004,15.356737567656083
ma200_r0.100_c0.75_v20.70_v10.10,200,0.1,0.75,0.7,0.1,60.039129828980656,-9.573511474057916,29.34355856652361,76.0622381807301,0.0,36.92680854880647,65.28109873321552,21.758838744834286,-5.122826840038542,28.40848058063825,84.17266187050359,0.0,36.92680854880647,16.24031461300339
ma150_r0.250_c0.75_v20.70_v10.10,150,0.24999999999999997,0.75,0.7,0.1,60.007881356820825,-12.797214657708622,33.38101480918308,72.77079593058049,0.0,52.49999999999999,69.3193198511757,22.35828433201221,-9.638091586888176,36.38078506744912,78.65707434052757,0.0,52.49999999999999,21.364019363241454
ma175_r0.100_c1.00_v20.25_v10.30,175,0.1,1.0,0.25,0.3,59.98173196288632,-12.516314290320684,27.389249584825524,78.15679233991621,1.7953321364452424,13.188145910288027,69.40742292545512,24.22417989897687,-4.03642167834406,24.12203305470888,84.65227817745803,0.2398081534772182,13.188145910288027,14.500258342149463
ma75_r0.100_c0.75_v20.70_v10.30,75,0.1,0.75,0.7,0.3,59.9770918722589,-14.403141866569458,29.225228880153104,69.59904248952724,0.0,35.95148837215342,65.41284477124171,26.639961762718233,-4.870781465304475,28.239724455880765,75.0599520383693,0.0,35.95148837215342,16.174631183529208
ma200_r0.100_c1.00_v20.25_v10.00,200,0.1,1.0,0.25,0.0,59.96745308159812,-8.61643968351643,23.451413529664748,58.22860562537403,1.9748653500897666,13.188145910288027,65.95690680284288,19.978283533106445,-2.9343783394113143,20.684519675114434,68.5851318944844,0.2398081534772182,13.188145910288027,14.978825252241405
ma75_r0.275_c0.75_v20.70_v10.10,75,0.27499999999999997,0.75,0.7,0.1,59.96743660415,-15.274954177005151,31.37666155550521,67.26511071214841,0.0,52.49999999999999,68.68614657407653,25.086140766910226,-9.699957996166786,34.564668888568725,73.621103117506,0.0,52.49999999999999,21.37346248525965
ma200_r0.175_c0.75_v20.70_v10.10,200,0.175,0.75,0.7,0.1,59.96460830367445,-10.283952498405846,33.17590942790138,75.16457211250747,0.0,52.49999999999999,69.70412678271683,21.39003778729627,-8.75544040485402,34.52076614074382,84.17266187050359,0.0,52.49999999999999,20.079256574147408
ma200_r0.275_c0.75_v20.55_v10.10,200,0.27499999999999997,0.75,0.55,0.1,59.959570302767105,-9.45242041512222,30.845022208309498,74.6259724715739,0.0,41.25,69.69091365506392,21.172267975819548,-7.8975547350185415,32.45796499521993,82.01438848920863,0.0,41.25,20.393027790072285
ma75_r0.150_c0.75_v20.85_v10.10,75,0.15,0.75,0.85,0.1,59.943363802335185,-16.73285875819721,33.07641698466262,67.92339916217833,0.0,63.74999999999999,68.48183799592394,25.705324768844505,-9.35942817638672,35.38988029229784,74.82014388489209,0.0,63.74999999999999,21.492953312429304
ma125_r0.150_c0.75_v20.55_v10.20,125,0.15,0.75,0.55,0.2,59.915641902137075,-13.04356881353177,29.880667747148742,72.11250748055058,0.0,41.25,66.23835605097482,23.235806812287272,-5.3127480843383035,29.454882145682355,80.3357314148681,0.0,41.25,16.862239815987884
ma225_r0.150_c0.75_v20.40_v10.20,225,0.15,0.75,0.4,0.2,59.908327604371145,-10.121820257359214,28.34156872429444,75.16457211250747,0.0,30.000000000000004,62.84010670904546,22.60858685590661,-4.15339456462257,27.25960793253124,86.57074340527578,0.0,30.000000000000004,16.06997474666245
ma175_r0.100_c1.00_v20.55_v10.00,175,0.1,1.0,0.55,0.0,59.90414548626832,-12.411999219899583,28.19473829313624,58.88689407540395,1.9748653500897666,29.013921002633662,74.95454367717237,20.647059241137654,-4.68055479514865,25.82058946534684,70.02398081534771,0.2398081534772182,29.013921002633662,17.563084662958428
ma200_r0.200_c0.75_v20.70_v10.10,200,0.19999999999999998,0.75,0.7,0.1,59.881216560880986,-10.412307537603493,33.53664329969603,74.86535008976661,0.0,52.49999999999999,70.26776002565917,21.19046705680965,-9.382480965974615,35.588239050261414,82.9736211031175,0.0,52.49999999999999,20.770401119790982
ma125_r0.125_c0.75_v20.55_v10.20,125,0.125,0.75,0.55,0.2,59.867820757120846,-12.847641300852409,29.019634160074958,72.71095152603232,0.0,36.26740125329208,65.11046141927635,23.549191668146484,-4.479895823334557,27.864500585487068,81.29496402877699,0.0,36.26740125329208,15.63542978032377
ma150_r0.300_c0.75_v20.55_v10.10,150,0.29999999999999993,0.75,0.55,0.1,59.85828375606466,-11.470698845029958,30.396604461980854,72.77079593058049,0.0,41.25,68.41228578297265,21.737677941114207,-7.97374764667892,32.467273919694044,78.65707434052757,0.0,41.25,20.630916253562287
ma75_r0.175_c0.75_v20.55_v10.20,75,0.175,0.75,0.55,0.2,59.85691968206124,-13.848245365317934,28.920967790895556,67.56433273488929,0.0,41.25,65.97759855799788,24.932274156083967,-6.176513456691756,29.36000564760991,74.82014388489209,0.0,41.25,18.00202796164408
ma125_r0.275_c0.75_v20.70_v10.10,125,0.27499999999999997,0.75,0.7,0.1,59.8519171610497,-13.862647554784779,33.19949230386216,71.27468581687613,0.0,52.49999999999999,70.77716743683015,22.73255225407165,-9.699957996166841,36.63986673724976,78.65707434052757,0.0,52.49999999999999,21.476336900102485
ma100_r0.100_c0.75_v20.70_v10.00,100,0.1,0.75,0.7,0.0,59.8430552545298,-11.199282005059974,27.114432623088835,54.877318970676235,0.0,36.92680854880647,60.58607803350108,20.727462608333912,-5.412126072507794,27.350914775483133,66.66666666666666,0.0,36.92680854880647,15.909961630009636
ma250_r0.275_c0.75_v20.55_v10.00,250,0.27499999999999997,0.75,0.55,0.0,59.83832855325375,-9.045071478866651,29.601106053491357,54.15918611609815,0.0,41.25,67.02689734769689,20.087923695482,-8.836125486049418,32.56310147019126,67.62589928057554,0.0,41.25,22.026897347696895
ma75_r0.200_c0.75_v20.40_v10.30,75,0.19999999999999998,0.75,0.4,0.3,59.823529952488094,-13.027389485747475,28.075051536020418,67.14542190305207,0.0,30.000000000000004,61.9358889547767,25.64857195889583,-4.946329883175693,28.174137630447404,74.58033573141488,0.0,30.000000000000004,15.604576753791564
ma225_r0.100_c0.75_v20.40_v10.30,225,0.1,0.75,0.4,0.3,59.81911112762093,-9.999573269118445,26.980969710485684,75.46379413524835,0.0,21.101033456460843,58.0865510769291,23.549717240031185,-3.492644914861953,24.763788105258776,86.57074340527578,0.0,21.101033456460843,12.751077173182253
ma75_r0.100_c0.75_v20.55_v10.30,75,0.1,0.75,0.55,0.3,59.814755125802364,-13.072028238848343,26.87487440966649,69.12028725314184,0.0,28.24759800669198,63.34349621385739,25.52491440539182,-3.425447333062892,25.344897096507363,75.0599520383693,0.0,28.24759800669198,14.852513428619591
ma225_r0.275_c0.75_v20.70_v10.10,225,0.27499999999999997,0.75,0.7,0.1,59.80694558154869,-11.72142653703685,33.92141067966887,74.50628366247756,0.0,52.49999999999999,70.04284341926162,20.67330149703639,-10.284197590049493,37.94035724039625,85.13189448441247,0.0,52.49999999999999,22.682921299565596
ma225_r0.200_c0.75_v20.85_v10.10,225,0.19999999999999998,0.75,0.85,0.1,59.80682434735678,-13.064602737648734,36.54707126494215,74.74566128067026,0.0,63.74999999999999,69.71816565269836,20.50211923364682,-11.267971726893233,41.08063497853181,86.09112709832134,0.0,63.74999999999999,23.186410594281575
ma75_r0.175_c0.75_v20.70_v10.20,75,0.175,0.75,0.7,0.2,59.803843691706525,-15.35235091382563,31.711901588385,67.56433273488929,0.0,52.49999999999999,68.09444332255353,25.92111060505411,-8.655440814250548,33.238909553171595,74.82014388489209,0.0,52.49999999999999,19.72721404768877
ma200_r0.225_c0.75_v20.70_v10.00,200,0.22499999999999998,0.75,0.7,0.0,59.75971240760194,-9.643575852117337,32.558314480823434,54.877318970676235,0.0,52.49999999999999,70.19795224163063,19.88197891795349,-9.643575852117381,35.49731267840484,67.14628297362111,0.0,52.49999999999999,21.882746143857695
ma150_r0.100_c0.75_v20.55_v10.20,150,0.1,0.75,0.55,0.2,59.754500920647935,-10.683042464358138,27.354376175674126,74.1472172351885,0.0,29.013921002633662,63.22188938133359,22.414589179065313,-3.955566553408607,25.590528141487912,79.85611510791367,0.0,29.013921002633662,14.7667908300648
ma175_r0.100_c1.00_v20.40_v10.10,175,0.1,1.0,0.4,0.1,59.75285670664987,-11.753488869989992,26.711617067674254,77.97725912627169,1.7953321364452424,21.101033456460843,71.51753777564798,22.027801136492563,-3.1866167263323586,23.817111398126613,84.41247002398082,0.2398081534772182,21.101033456460843,15.93642233406503
ma200_r0.125_c0.75_v20.70_v10.00,200,0.125,0.75,0.7,0.0,59.74661200109275,-9.56891050848413,30.568368203776657,55.95451825254338,0.0,46.15851068600809,67.25912942729782,21.106134672932964,-7.323787074125676,30.730233012772867,69.54436450839329,0.0,46.15851068600809,18.402338328803715
ma125_r0.250_c0.75_v20.55_v10.20,125,0.24999999999999997,0.75,0.55,0.2,59.74480583712434,-13.13305883943503,31.010461952976875,71.3345302214243,0.0,41.25,68.30613853668795,22.79876423375342,-6.926916807673966,32.602559872460084,78.65707434052757,0.0,41.25,19.210707081883896
ma175_r0.150_c0.75_v20.85_v10.20,175,0.15,0.75,0.85,0.2,59.73260747277289,-15.244727217843712,36.73978113113171,75.22441651705566,0.0,63.74999999999999,71.29179256235018,24.595710283627902,-9.089280157961433,38.21312764150818,84.17266187050359,0.0,63.74999999999999,20.451070716580055
ma225_r0.100_c0.75_v20.55_v10.20,225,0.1,0.75,0.55,0.2,59.71485352660644,-10.023937158392894,27.757230742211224,75.46379413524835,0.0,29.013921002633662,62.934196904174655,22.26847210805707,-3.955566553408607,26.25034906234379,86.57074340527578,0.0,29.013921002633662,15.114968218006418
ma225_r0.300_c0.75_v20.40_v10.20,225,0.29999999999999993,0.75,0.4,0.2,59.712598686536225,-10.155075602062858,29.57272539583599,74.56612806702573,0.0,30.000000000000004,65.64289894759037,21.929193833409567,-6.021318112066543,30.833781909948225,85.13189448441247,0.0,30.000000000000004,19.280159888769642
ma100_r0.225_c0.75_v20.25_v10.30,100,0.22499999999999998,0.75,0.25,0.3,59.71181227811249,-11.698940569219118,27.154028513580936,70.1376421304608,0.0,18.75,58.152087379516566,24.3701651050767,-5.803953814178852,27.498672810692852,78.65707434052757,0.0,18.75,15.644921465309633
ma225_r0.150_c0.75_v20.25_v10.30,225,0.15,0.75,0.25,0.3,59.69021567362689,-11.306564159356514,28.072234106610804,75.52363853979654,0.0,18.75,59.3438761207322,23.827481132389792,-5.539300801176772,26.407801310288704,85.85131894484412,0.0,18.75,13.90775299404496
ma75_r0.300_c0.75_v20.55_v10.10,75,0.29999999999999993,0.75,0.55,0.1,59.68794436015345,-13.724372345399093,28.533186005808055,67.26511071214841,0.0,41.25,66.95593696705014,23.930762234392834,-7.97374764667892,30.500436659685604,73.621103117506,0.0,41.25,20.027545380815198
ma125_r0.125_c0.75_v20.40_v10.30,125,0.125,0.75,0.4,0.3,59.653872118596496,-12.638404909898682,27.800877011391513,72.71095152603232,0.0,26.376291820576053,59.30715764246965,24.530788616824694,-3.65256559714775,26.037331211761348,81.29496402877699,0.0,26.376291820576053,13.258424488263369
ma100_r0.250_c0.75_v20.25_v10.30,100,0.24999999999999997,0.75,0.25,0.3,59.642769544928996,-11.698940569218996,27.243271421917836,69.83842010771993,0.0,18.75,58.37772823229522,24.406034304894632,-6.016381030724471,27.747229364837704,77.45803357314148,0.0,18.75,15.886911382292645
ma200_r0.225_c0.75_v20.55_v10.20,200,0.22499999999999998,0.75,0.55,0.2,59.636602967451324,-10.970107108191463,31.9012555635134,74.92519449431478,0.0,41.25,69.7929472942765,22.607524618865526,-6.840201840170968,32.888206363527395,82.9736211031175,0.0,41.25,19.32511133670267
ma125_r0.100_c1.00_v20.40_v10.00,125,0.1,1.0,0.4,0.0,59.60621354900282,-11.779688820317148,25.206403499371426,57.749850388988634,1.9748653500897666,21.101033456460843,69.28656841457347,20.445406501185804,-3.718313283590202,22.93288039750187,67.38609112709833,0.2398081534772182,21.101033456460843,15.979877285811865
ma250_r0.100_c0.75_v20.40_v10.20,250,0.1,0.75,0.4,0.2,59.59220340726645,-9.041580751312061,25.728233981007133,75.58348294434471,0.0,20.54370764123053,59.64484335184557,22.949340209530412,-2.6585740022113336,23.968467239845463,88.2494004796163,0.0,20.54370764123053,13.900949110758518
ma75_r0.125_c0.75_v20.85_v10.10,75,0.125,0.75,0.85,0.1,59.58340155830033,-16.58811671723529,32.07803802388521,68.28246558946739,0.0,55.29379724073172,67.59371987680848,25.667088288152364,-8.192537854960225,33.430917131978674,74.82014388489209,0.0,55.29379724073172,20.269773639543832
ma100_r0.150_c0.75_v20.70_v10.00,100,0.15,0.75,0.7,0.0,59.56636129722457,-12.49362255369647,29.917857499751538,52.96229802513464,0.0,52.49999999999999,63.45055717401685,21.219180338601905,-8.272027086262312,31.75303188970546,66.18705035971223,0.0,52.49999999999999,18.899316608034827
ma75_r0.200_c0.75_v20.70_v10.20,75,0.19999999999999998,0.75,0.7,0.2,59.55380875715952,-15.473622277622201,32.04548818546007,67.50448833034112,0.0,52.49999999999999,68.54074478234082,25.65258661937577,-9.382480965974626,34.18740916358756,74.58033573141488,0.0,52.49999999999999,20.28068980070653
ma250_r0.100_c1.00_v20.25_v10.00,250,0.1,1.0,0.25,0.0,59.551760535541746,-9.31744823421613,23.560674894617126,57.809694793536806,1.9748653500897666,13.98154650706392,64.86328957075266,20.587529974047246,-2.9343783394113143,20.897580050821247,70.74340527577938,0.2398081534772182,13.98154650706392,15.145358243998619
ma175_r0.225_c0.75_v20.85_v10.20,175,0.22499999999999998,0.75,0.85,0.2,59.53673517916251,-15.260126323010837,38.01628952706563,74.56612806702573,0.0,63.74999999999999,72.68779290412772,23.72322994160281,-10.791800760731075,41.79298889370807,83.21342925659472,0.0,63.74999999999999,22.05862149375847
ma125_r0.300_c0.75_v20.40_v10.30,125,0.29999999999999993,0.75,0.4,0.3,59.523405956293615,-12.945145148662196,29.821601911902256,71.3345302214243,0.0,30.000000000000004,62.31694195306376,24.080689888076144,-5.734197909722949,30.929923981812752,78.65707434052757,0.0,30.000000000000004,16.772833364832685
ma100_r0.275_c0.75_v20.25_v10.30,100,0.27499999999999997,0.75,0.25,0.3,59.521698165683425,-11.69894056921904,27.32677801474822,69.83842010771993,0.0,18.75,58.59301013563872,24.40303031198223,-6.276969162339441,27.97654189848478,77.45803357314148,0.0,18.75,16.113111600635893
ma125_r0.250_c0.75_v20.85_v10.00,125,0.24999999999999997,0.75,0.85,0.0,59.50423576115973,-14.603724363244508,35.31149850616928,53.74027528426092,0.0,63.74999999999999,71.5067398631206,21.43734009491478,-10.706270124021678,40.25143708637939,64.5083932853717,0.0,63.74999999999999,23.0567398631206
ma125_r0.175_c0.75_v20.40_v10.30,125,0.175,0.75,0.4,0.3,59.4881571178659,-12.830233921400747,29.02855301845587,71.63375224416517,0.0,30.000000000000004,60.44792504429763,23.797914048285218,-4.79817156861122,28.575964788504056,79.85611510791367,0.0,30.000000000000004,14.706372192750134
ma225_r0.275_c0.75_v20.40_v10.20,225,0.27499999999999997,0.75,0.4,0.2,59.48141190488228,-10.155075602062935,29.501017155252445,74.56612806702573,0.0,30.000000000000004,65.47369299252395,21.723719867985803,-5.87816468760427,30.602429580522088,85.13189448441247,0.0,30.000000000000004,19.07347989803884
ma150_r0.125_c0.75_v20.70_v10.10,150,0.125,0.75,0.7,0.1,59.47181677623716,-12.388374115544465,31.22008921434627,73.9078396169958,0.0,46.15851068600809,66.07171449785024,23.08038444435978,-7.000179846583931,31.134071193873176,79.85611510791367,0.0,46.15851068600809,17.819706964152996
ma75_r0.200_c0.75_v20.55_v10.20,75,0.19999999999999998,0.75,0.55,0.2,59.45330514477656,-13.971030343743173,29.220313424159322,67.50448833034112,0.0,41.25,66.50456374654833,24.633772264509425,-6.605941877282618,30.2075326778954,74.58033573141488,0.0,41.25,18.62455417418014
ma100_r0.200_c0.75_v20.25_v10.30,100,0.19999999999999998,0.75,0.25,0.3,59.44755654032563,-11.707746557637954,26.96546550337461,70.1376421304608,0.0,18.75,57.46377126874415,24.136675309514555,-5.481156364196682,26.858041863939768,78.65707434052757,0.0,18.75,14.935203468566929
ma175_r0.300_c0.75_v20.70_v10.20,175,0.29999999999999993,0.75,0.7,0.2,59.426088437176425,-13.887036018845267,35.06779411614703,74.32675044883304,0.0,52.49999999999999,72.91456229471046,24.242085642529588,-9.773998134392903,38.14277771023144,82.25419664268586,0.0,52.49999999999999,21.60182323588974
ma175_r0.100_c1.00_v20.40_v10.00,175,0.1,1.0,0.4,0.0,59.42239398540457,-11.380028212955406,25.658615556819065,58.46798324356672,1.9748653500897666,21.101033456460843,70.40035503851018,20.58330531370549,-3.718313283590202,23.012686593103137,68.5851318944844,0.2398081534772182,21.101033456460843,16.074960667428236
ma250_r0.175_c0.75_v20.25_v10.30,250,0.175,0.75,0.25,0.3,59.41779952960336,-11.188406182802268,28.733949828821597,75.76301615798923,0.0,18.75,59.85290597056454,23.471478240404075,-6.338670782461842,28.019241961188847,88.00959232613909,0.0,18.75,14.759009199807782
ma200_r0.175_c0.75_v20.55_v10.20,200,0.175,0.75,0.55,0.2,59.41169315977382,-10.8520694165686,31.362222322776724,75.22441651705566,0.0,41.25,68.62386457502248,22.54354167610959,-6.17651345669179,31.2480649776049,84.17266187050359,0.0,41.25,18.015653044964026
ma200_r0.100_c0.75_v20.70_v10.00,200,0.1,0.75,0.7,0.0,59.40132519794763,-8.791735941590083,28.382789622473908,57.57031717534411,0.0,36.92680854880647,64.75546275169043,20.17935877250874,-5.412126072507794,27.9016152610711,69.30455635491607,0.0,36.92680854880647,16.6671193060544
ma125_r0.275_c0.75_v20.40_v10.30,125,0.27499999999999997,0.75,0.4,0.3,59.39392054479917,-12.945145148662373,29.736465012726576,71.3345302214243,0.0,30.000000000000004,62.156715914937884,23.86832233513816,-5.629814118396592,30.689061012105327,78.65707434052757,0.0,30.000000000000004,16.58759725109663
ma225_r0.300_c0.75_v20.85_v10.00,225,0.29999999999999993,0.75,0.85,0.0,59.37899250926637,-12.804864777078551,35.950495021492905,54.51825254338719,0.0,63.74999999999999,70.85254912852227,19.779661109247805,-12.703897772395024,42.2260843667018,67.62589928057554,0.0,63.74999999999999,24.95254912852228
ma250_r0.125_c0.75_v20.25_v10.30,250,0.125,0.75,0.25,0.3,59.349285247042616,-11.155713556923864,27.502959389448105,76.0622381807301,0.0,16.04977159471135,58.915746519012416,24.373788077256897,-4.626435710081478,25.380288525674473,88.00959232613909,0.0,16.04977159471135,13.352855803269302
ma100_r0.200_c0.75_v20.70_v10.00,100,0.19999999999999998,0.75,0.7,0.0,59.321444930293566,-12.580628188784605,30.769523561487798,52.36385397965291,0.0,52.49999999999999,64.74910983024381,20.508132853402252,-9.382480965974672,34.03684937213333,65.22781774580336,0.0,52.49999999999999,20.46174496178278
ma225_r0.125_c0.75_v20.70_v10.10,225,0.125,0.75,0.7,0.1,59.29395007515812,-11.825832631652034,31.502231787414004,75.344105326152,0.0,46.15851068600809,66.44167714185966,22.353751131708634,-7.000179846583931,31.887836739513304,86.57074340527578,0.0,46.15851068600809,18.367364546237106
ma175_r0.275_c0.75_v20.85_v10.00,175,0.27499999999999997,0.75,0.85,0.0,59.28796968833656,-14.42316967779812,35.886760599544765,54.81747456612807,0.0,63.74999999999999,72.08879503447875,22.39397758086019,-10.754553034823333,40.678167264200866,65.70743405275779,0.0,63.74999999999999,23.413795034478756
ma150_r0.100_c0.75_v20.40_v10.30,150,0.1,0.75,0.4,0.3,59.27783477102491,-10.598741287195434,26.367921673656703,74.50628366247756,0.0,21.101033456460843,58.80989062778593,23.409184305250296,-2.6773041246193285,24.044693636333374,81.29496402877699,0.0,21.101033456460843,12.492848462966302
ma100_r0.300_c0.75_v20.55_v10.00,100,0.29999999999999993,0.75,0.55,0.0,59.26368550008434,-11.831941239657084,28.31872297351196,51.94494314781568,0.0,41.25,64.94513758915276,20.058737254247095,-8.911544671881211,31.33833594421701,63.549160671462836,0.0,41.25,20.62013758915277
ma225_r0.150_c0.75_v20.70_v10.10,225,0.15,0.75,0.7,0.1,59.25332309610156,-11.802642488352888,32.52050678803707,75.10472770795931,0.0,52.49999999999999,67.75204910164196,21.80119691350695,-8.02558065891532,33.885969356966804,86.57074340527578,0.0,52.49999999999999,19.95288907423507
ma225_r0.125_c0.75_v20.40_v10.20,225,0.125,0.75,0.4,0.2,59.248208886628206,-10.207481125442575,27.56260292834244,75.40394973070018,0.0,26.376291820576053,61.93571939927958,22.87893806272443,-3.446684239711806,25.790919244655676,86.57074340527578,0.0,26.376291820576053,14.924925850124943
ma150_r0.275_c0.75_v20.55_v10.10,150,0.27499999999999997,0.75,0.55,0.1,59.240824723962035,-11.470698845030247,30.317643393228703,72.77079593058049,0.0,41.25,68.19091365506392,21.344478816310563,-7.8975547350185415,32.20616643406885,78.65707434052757,0.0,41.25,20.393027790072285
ma150_r0.150_c0.75_v20.70_v10.10,150,0.15,0.75,0.7,0.1,59.23923179201127,-12.558734326455257,32.177948771467186,73.4290843806104,0.0,52.49999999999999,67.5085050358856,22.678545111146263,-8.02558065891532,32.982659044466864,79.85611510791367,0.0,52.49999999999999,19.29569997573414
ma225_r0.175_c0.75_v20.40_v10.20,225,0.175,0.75,0.4,0.2,59.23002239725468,-10.036785663912928,28.79545934125442,74.92519449431478,0.0,30.000000000000004,63.50426495863368,21.877311949831512,-4.847653611683578,28.405627900874137,86.57074340527578,0.0,30.000000000000004,16.90910044272625
ma175_r0.100_c0.75_v20.85_v10.30,175,0.1,0.75,0.85,0.3,59.220940762371164,-14.475200666862776,34.042502946815496,76.12208258527828,0.0,44.83969609497929,67.97000902877417,25.353367450976872,-5.800157030209052,33.184503614212154,84.17266187050359,0.0,44.83969609497929,16.693812826310293
ma150_r0.125_c0.75_v20.85_v10.00,150,0.125,0.75,0.85,0.0,59.179464925450944,-13.18769958942232,33.259517135047936,56.01436265709157,0.0,56.04962011872412,66.19049490443255,22.31478815833048,-8.587708788434211,34.70759657935885,69.54436450839329,0.0,56.04962011872412,19.958043155484134
ma175_r0.250_c0.75_v20.70_v10.30,175,0.24999999999999997,0.75,0.7,0.3,59.17158699208085,-14.634151842041454,36.038259192961604,74.32675044883304,0.0,52.49999999999999,72.88047214519644,24.573628859809517,-9.177377100107165,38.46075130124357,82.25419664268586,0.0,52.49999999999999,20.539555774911587
ma175_r0.125_c0.75_v20.70_v10.30,175,0.125,0.75,0.7,0.3,59.16157129587465,-14.190336181694008,33.695623728015406,75.76301615798923,0.0,46.15851068600809,69.82395887803824,25.533618324339468,-6.3205244233471625,32.90474740648565,84.17266187050359,0.0,46.15851068600809,17.066600775199465
ma175_r0.175_c0.75_v20.85_v10.30,175,0.175,0.75,0.85,0.3,59.15985952770344,-15.88174856350636,38.57016790381264,74.80550568521844,0.0,63.74999999999999,72.02481835796776,24.032096582688833,-10.274051207691215,40.75964855942549,83.93285371702638,0.0,63.74999999999999,20.38328947088737
ma75_r0.200_c0.75_v20.85_v10.10,75,0.19999999999999998,0.75,0.85,0.1,59.15927604984752,-16.812279116892427,33.992767449349074,67.50448833034112,0.0,63.74999999999999,69.11159334274788,24.611316053961495,-10.534451452388216,37.75298894695502,74.58033573141488,0.0,63.74999999999999,22.452840989730532
ma250_r0.300_c0.75_v20.40_v10.10,250,0.29999999999999993,0.75,0.4,0.1,59.1525373665555,-9.424091077321462,28.35856240668033,74.68581687612208,0.0,30.000000000000004,64.84367787034125,21.28945425157911,-6.593583844190876,30.019158852676416,86.810551558753,0.0,30.000000000000004,19.912308340930892
ma250_r0.125_c0.75_v20.55_v10.00,250,0.125,0.75,0.55,0.0,59.15070032819205,-9.046550744402914,27.625860958162246,55.59545182525434,0.0,38.449252894425776,63.06846354581772,21.220938588203087,-6.353263119462871,27.49978766814761,71.70263788968825,0.0,38.449252894425776,17.490176500969753
ma125_r0.250_c0.75_v20.40_v10.30,125,0.24999999999999997,0.75,0.4,0.3,59.147230088048566,-12.945145148662274,29.648244770918048,71.3345302214243,0.0,30.000000000000004,61.98792355903444,23.66090947448174,-5.520764426336489,30.454859645097653,78.65707434052757,0.0,30.000000000000004,16.40236113736057
ma125_r0.225_c0.75_v20.55_v10.20,125,0.22499999999999998,0.75,0.55,0.2,59.14627376926431,-13.133058839434941,30.909615012494424,71.573907839617,0.0,41.25,68.14294729427648,22.471363816610722,-6.840201840170968,32.312666795182075,79.61630695443645,0.0,41.25,19.025111336702672
ma200_r0.300_c0.75_v20.55_v10.00,200,0.29999999999999993,0.75,0.55,0.0,59.143690364921575,-8.911544671881188,29.70810828520718,54.45840813883902,0.0,41.25,69.59513758915277,19.3783650783256,-8.911544671881211,31.93285118604602,65.46762589928058,0.0,41.25,21.445137589152772
ma175_r0.250_c0.75_v20.85_v10.10,175,0.24999999999999997,0.75,0.85,0.1,59.13933063685835,-14.84087730056698,36.93998566112054,74.32675044883304,0.0,63.74999999999999,72.3493574835815,22.90449640576073,-10.706270124021689,41.20371469401154,82.25419664268586,0.0,63.74999999999999,22.666380021341748
ma225_r0.250_c0.75_v20.40_v10.20,225,0.24999999999999997,0.75,0.4,0.2,59.135487643684925,-10.155075602062757,29.426448693534198,74.56612806702573,0.0,30.000000000000004,65.30335726593086,21.52332302629294,-5.7302152043524845,30.377738853795684,85.13189448441247,0.0,30.000000000000004,18.866799907308035
ma100_r0.175_c0.75_v20.70_v10.00,100,0.175,0.75,0.7,0.0,59.11881859651578,-12.455206199490398,30.420189942648058,52.42369838420108,0.0,52.49999999999999,64.15420033938531,20.58822372922573,-8.945491766815138,32.998081407212716,65.46762589928058,0.0,52.49999999999999,19.73807491354716
ma200_r0.150_c0.75_v20.70_v10.00,200,0.15,0.75,0.7,0.0,59.115675675621745,-9.42172060066202,31.499277508048973,55.475763016157984,0.0,52.49999999999999,68.59161161737507,20.38179251435168,-8.272027086262312,32.50882488840803,68.10551558752998,0.0,52.49999999999999,19.949316608034827
ma200_r0.250_c0.75_v20.55_v10.10,200,0.24999999999999997,0.75,0.55,0.1,59.110264862506455,-9.452420415122276,30.75682697902119,74.6259724715739,0.0,41.25,69.41333059551266,20.72635099881306,-7.869487826214838,32.18320898857729,82.01438848920863,0.0,41.25,20.110707081883895
ma75_r0.175_c0.75_v20.85_v10.10,75,0.175,0.75,0.85,0.1,59.065018681890095,-16.69230166641622,33.62486062690424,67.56433273488929,0.0,63.74999999999999,68.75513980613266,24.78047081659238,-10.159593382193943,36.689383358672636,74.82014388489209,0.0,63.74999999999999,21.967431385904604
ma75_r0.275_c0.75_v20.55_v10.10,75,0.27499999999999997,0.75,0.55,0.1,59.06309299887484,-13.72437234539925,28.482901490031402,67.26511071214841,0.0,41.25,66.84342724046829,23.518338103103332,-7.8975547350185415,30.35302244692682,73.621103117506,0.0,41.25,19.908687823387456
ma100_r0.300_c0.75_v20.25_v10.30,100,0.29999999999999993,0.75,0.25,0.3,59.05090144018714,-11.698940569219008,27.41626842904385,69.83842010771993,0.0,18.75,58.87091215256114,24.1905496766611,-6.693222702937263,28.24272434186933,77.45803357314148,0.0,18.75,16.401803564330066
ma175_r0.200_c0.75_v20.85_v10.30,175,0.19999999999999998,0.75,0.85,0.3,59.05051000858037,-16.001224812330005,38.980354595049675,74.56612806702573,0.0,63.74999999999999,72.49145003876373,23.854180591889794,-10.744231411983307,41.96138849652811,83.21342925659472,0.0,63.74999999999999,20.98904572362943
ma150_r0.225_c0.75_v20.70_v10.10,150,0.22499999999999998,0.75,0.7,0.1,59.04854334723741,-12.797214657708745,33.27686185012129,73.0101735487732,0.0,52.49999999999999,69.22260911846291,21.90063996428966,-9.643575852117326,36.066562039555336,79.61630695443645,0.0,52.49999999999999,21.247632581549148
ma75_r0.250_c0.75_v20.85_v10.00,75,0.24999999999999997,0.75,0.85,0.0,59.04745712944324,-16.617382038135165,33.287844168068986,50.56852184320766,0.0,63.74999999999999,68.95917641529245,23.635487218190153,-10.706270124021689,38.068520062481085,60.431654676258994,0.0,63.74999999999999,23.28417641529245
ma225_r0.225_c0.75_v20.40_v10.20,225,0.22499999999999998,0.75,0.4,0.2,59.042475930982086,-10.155075602062869,29.335317212700318,74.80550568521844,0.0,30.000000000000004,65.07532890367364,21.51924593077419,-5.5037552861113,30.09662854251619,86.09112709832134,0.0,30.000000000000004,18.597121500111907
ma150_r0.225_c0.75_v20.85_v10.00,150,0.22499999999999998,0.75,0.85,0.0,59.03318747785322,-13.810112321434321,35.43985901262966,54.7576301615799,0.0,63.74999999999999,69.06972393814311,21.144929828961658,-10.791800760731096,40.04007740012313,67.14628297362111,0.0,63.74999999999999,23.15125939084742
ma200_r0.200_c0.75_v20.55_v10.20,200,0.19999999999999998,0.75,0.55,0.2,59.02512609126607,-10.978985883094905,31.69290764669388,74.92519449431478,0.0,41.25,69.24411491928029,22.293632633157845,-6.605941877282584,32.21449521255588,82.9736211031175,0.0,41.25,18.7518014226782
ma250_r0.225_c0.75_v20.25_v10.30,250,0.22499999999999998,0.75,0.25,0.3,59.01779675653782,-11.30464536585405,29.248177356374594,75.70317175344105,0.0,18.75,61.32280166476174,23.16179640887284,-7.0559827807474385,29.62669829121382,87.76978417266187,0.0,18.75,16.316576991976362
ma100_r0.100_c0.75_v20.25_v10.30,100,0.1,0.75,0.25,0.3,59.012836156812924,-10.324462552463643,23.94793883419108,70.8557749850389,0.0,12.83981727576908,54.44284660634841,23.876809665498122,-2.8899508248915073,22.028243680285215,77.6978417266187,0.0,12.83981727576908,12.041901774955893
ma225_r0.300_c0.75_v20.55_v10.10,225,0.29999999999999993,0.75,0.55,0.1,58.99432934248266,-10.375104694084147,30.933136902758335,74.50628366247756,0.0,41.25,68.63728578297264,20.05338607991265,-8.199034538458083,33.51043938731994,85.13189448441247,0.0,41.25,21.455916253562286
ma125_r0.225_c0.75_v20.40_v10.30,125,0.22499999999999998,0.75,0.4,0.3,58.96705789852541,-12.945145148662396,29.552402332500964,71.573907839617,0.0,30.000000000000004,61.805684021800516,23.507800336028307,-5.409384255789684,30.19610267168515,79.61630695443645,0.0,30.000000000000004,16.194988643566653
ma250_r0.250_c0.75_v20.25_v10.30,250,0.24999999999999997,0.75,0.25,0.3,58.96338721690935,-11.304645365853949,29.335940094901474,75.40394973070018,0.0,18.75,61.532345484147136,23.196128775392054,-7.209858540384751,29.890179199868193,86.57074340527578,0.0,18.75,16.566528634144568
ma200_r0.150_c0.75_v20.55_v10.10,200,0.15,0.75,0.55,0.1,58.959429345793744,-9.34633823032085,29.674629299876027,75.40394973070018,0.0,41.25,67.30491854076483,21.2326309207854,-6.291256954899104,29.130296890096076,84.17266187050359,0.0,41.25,17.735561910828324
ma250_r0.275_c0.75_v20.25_v10.30,250,0.27499999999999997,0.75,0.25,0.3,58.94285788374576,-11.304645365854016,29.42059712113843,75.40394973070018,0.0,18.75,61.72621384958397,23.26711575427154,-7.4115833530611575,30.126952184644217,86.57074340527578,0.0,18.75,16.80069057767301
ma150_r0.300_c0.75_v20.70_v10.00,150,0.29999999999999993,0.75,0.7,0.0,58.932995396790666,-12.48409751553754,32.45942099226325,54.39856373429084,0.0,52.49999999999999,69.38355948118672,21.692663673570234,-9.773998134392892,36.42012584669514,65.70743405275779,0.0,52.49999999999999,22.583559481186715
ma225_r0.175_c0.75_v20.25_v10.30,225,0.175,0.75,0.25,0.3,58.90640072880073,-11.252452362076504,28.519988536204348,75.46379413524835,0.0,18.75,59.92790597056454,23.154444321484835,-6.338670782461842,27.55754095408232,85.85131894484412,0.0,18.75,14.684009199807782
ma125_r0.175_c0.75_v20.55_v10.20,125,0.175,0.75,0.55,0.2,58.87507140958546,-13.017753297287326,30.374615557039096,71.63375224416517,0.0,41.25,66.98395990342689,22.456159924167117,-6.17651345669179,30.68057510543028,79.85611510791367,0.0,41.25,17.72574837336843
ma150_r0.100_c0.75_v20.85_v10.00,150,0.1,0.75,0.85,0.0,58.87117713003216,-12.028246136865183,30.898386933362453,57.51047277079593,0.0,44.83969609497929,64.08842671100719,21.250179188588113,-6.561098335919901,31.370221706009676,69.30455635491607,0.0,44.83969609497929,17.99963013475876
ma175_r0.100_c1.00_v20.25_v10.20,175,0.1,1.0,0.25,0.2,58.86987562453192,-11.217246741529497,25.679323797208987,77.85757031717534,1.7953321364452424,13.188145910288027,66.11732396516476,22.787909312649646,-3.228059422757479,22.635278468057514,84.41247002398082,0.2398081534772182,13.188145910288027,14.04849061159371
ma175_r0.150_c0.75_v20.70_v10.30,175,0.15,0.75,0.7,0.3,58.84388937153562,-14.502604972853629,34.75311315501858,75.22441651705566,0.0,52.49999999999999,71.11004495041294,24.70830194829443,-7.479394577446053,34.929707679269164,84.17266187050359,0.0,52.49999999999999,18.48534864132437
ma250_r0.250_c0.75_v20.55_v10.00,250,0.24999999999999997,0.75,0.55,0.0,58.82517903172493,-9.045071478866529,29.519448460575614,54.15918611609815,0.0,41.25,66.73922486154262,19.592265834705703,-8.808344593318306,32.287580800239276,67.62589928057554,0.0,41.25,21.73922486154263
ma75_r0.250_c0.75_v20.70_v10.10,75,0.24999999999999997,0.75,0.7,0.1,58.80979928177374,-15.274954177005151,31.307217801201894,67.26511071214841,0.0,52.49999999999999,68.53058779461503,24.45260488623966,-9.638091586888176,34.377834113087296,73.621103117506,0.0,52.49999999999999,21.22360225932696
ma200_r0.125_c0.75_v20.55_v10.10,200,0.125,0.75,0.55,0.1,58.804629833581615,-9.426001961201603,28.799510905519345,75.70317175344105,0.0,36.26740125329208,66.09351027848935,21.65370296062259,-5.460088289063425,27.521171625332823,84.17266187050359,0.0,36.26740125329208,16.36872115224246
ma225_r0.125_c0.75_v20.25_v10.30,225,0.125,0.75,0.25,0.3,58.798998058212426,-11.19456409017079,27.29697709836997,75.76301615798923,0.0,16.485182387860036,58.92693130364539,23.988672716942673,-4.626435710081478,24.952240934857024,85.85131894484412,0.0,16.485182387860036,13.228051848315882
ma200_r0.100_c0.75_v20.55_v10.30,200,0.1,0.75,0.55,0.3,58.78165612200406,-10.834872483732806,28.927511148892865,76.18192698982645,0.0,29.013921002633662,65.01794591577571,23.953467975280283,-3.425447333062881,26.698211587816377,84.17266187050359,0.0,29.013921002633662,14.372370691625909
ma75_r0.300_c0.75_v20.70_v10.00,75,0.29999999999999993,0.75,0.7,0.0,58.77645504540976,-15.084652130858556,30.414724716120627,50.56852184320766,0.0,52.49999999999999,68.55566399892409,23.788486684570454,-9.773998134392903,34.16188249553373,60.431654676258994,0.0,52.49999999999999,22.20566399892409
ma250_r0.275_c0.75_v20.40_v10.10,250,0.27499999999999997,0.75,0.4,0.1,58.756435012510934,-9.42409107732123,28.29133078481919,74.68581687612208,0.0,30.000000000000004,64.65698208874394,21.027674781722048,-6.473671102478473,29.788245734857455,86.810551558753,0.0,30.000000000000004,19.702949312519983
ma250_r0.150_c0.75_v20.55_v10.00,250,0.15,0.75,0.55,0.0,58.7378210904745,-8.908817399650527,28.42655533379888,55.17654099341711,0.0,41.25,64.30320506032263,20.533573278519988,-7.2221908482478225,29.070436104615876,70.26378896882494,0.0,41.25,19.015634745280686
ma200_r0.200_c0.75_v20.70_v10.00,200,0.19999999999999998,0.75,0.7,0.0,58.73250760071586,-9.433414733115765,32.34509222529898,54.877318970676235,0.0,52.49999999999999,69.8491098302438,19.501510730514315,-9.382480965974672,34.79290509690183,67.14628297362111,0.0,52.49999999999999,21.51174496178278
ma175_r0.150_c0.75_v20.55_v10.30,175,0.15,0.75,0.55,0.3,58.728143215853756,-13.102842239222124,31.832619804107658,75.28426092160383,0.0,41.25,68.62816405286321,24.279151775947195,-5.4102862615206355,31.068201579200917,84.17266187050359,0.0,41.25,16.764666850277052
ma225_r0.200_c0.75_v20.40_v10.20,225,0.19999999999999998,0.75,0.4,0.2,58.72539247317936,-10.164035606891208,29.121956599316213,74.80550568521844,0.0,30.000000000000004,64.30671723195059,21.486773702479066,-5.242553247763915,29.38181976640874,86.09112709832134,0.0,30.000000000000004,17.8107476580496
ma125_r0.250_c0.75_v20.70_v10.10,125,0.24999999999999997,0.75,0.7,0.1,58.69587892553696,-13.862647554784846,33.10273832803407,71.27468581687613,0.0,52.49999999999999,70.51931985117571,22.11734665769216,-9.638091586888176,36.344813844427534,78.65707434052757,0.0,52.49999999999999,21.21401936324145
ma225_r0.250_c0.75_v20.25_v10.30,225,0.24999999999999997,0.75,0.25,0.3,58.68660565269168,-11.368607719636215,29.118256073357497,75.10472770795931,0.0,18.75,61.60734548414713,23.060615826579834,-7.209858540384751,29.413560494832225,84.41247002398082,0.0,18.75,16.49152863414457
ma150_r0.150_c0.75_v20.40_v10.20,150,0.15,0.75,0.4,0.2,58.684523934274345,-11.298208472984983,27.665614253883465,73.48892878515859,0.0,30.000000000000004,63.21968934036825,22.614998249264474,-3.9551537188276864,26.409065223406085,79.85611510791367,0.0,30.000000000000004,15.687493155648156
ma225_r0.225_c0.75_v20.25_v10.30,225,0.22499999999999998,0.75,0.25,0.3,58.6820108169126,-11.368607719636149,29.03143256030118,75.40394973070018,0.0,18.75,61.397801664761744,22.98066547211186,-7.0559827807474385,29.153843245077894,85.61151079136691,0.0,18.75,16.241576991976366
ma225_r0.275_c0.75_v20.25_v10.30,225,0.27499999999999997,0.75,0.25,0.3,58.66611206449417,-11.368607719636191,29.20291309959445,75.10472770795931,0.0,18.75,61.80121384958397,23.131524721391862,-7.4115833530611575,29.650333479608243,84.41247002398082,0.0,18.75,16.72569057767301
ma175_r0.275_c0.75_v20.70_v10.20,175,0.27499999999999997,0.75,0.7,0.2,58.64451022341648,-13.887036018845178,34.9696015471259,74.32675044883304,0.0,52.49999999999999,72.6708405715861,23.678405422232117,-9.699957996166775,37.83891314085365,82.25419664268586,0.0,52.49999999999999,21.332921299565598
ma150_r0.300_c0.75_v20.40_v10.20,150,0.29999999999999993,0.75,0.4,0.2,58.639346808842596,-11.368210150077928,28.8362852898645,72.83064033512866,0.0,30.000000000000004,65.94289894759035,22.49129610039027,-5.646662284559634,29.75464521930074,78.65707434052757,0.0,30.000000000000004,18.680159888769644
ma150_r0.100_c0.75_v20.70_v10.10,150,0.1,0.75,0.7,0.1,58.63812699055442,-11.20397191279906,28.995123763062054,74.1472172351885,0.0,36.92680854880647,64.05265452651793,21.876737945474424,-5.122826840038542,28.255283163558886,79.85611510791367,0.0,36.92680854880647,16.237073630130304
ma225_r0.250_c0.75_v20.70_v10.10,225,0.24999999999999997,0.75,0.7,0.1,58.633650894357146,-11.721426537036962,33.825506983798675,74.50628366247756,0.0,52.49999999999999,69.79122129023783,20.059013623511348,-10.29115387704016,37.639777873204515,85.13189448441247,0.0,52.49999999999999,22.41401936324145
ma250_r0.200_c0.75_v20.25_v10.30,250,0.19999999999999998,0.75,0.25,0.3,58.61964725418678,-11.31349067610008,29.04985154835537,75.70317175344105,0.0,18.75,60.61551730007319,22.96861087697961,-6.793540529996456,28.967445808255764,87.76978417266187,0.0,18.75,15.598897270048468
ma125_r0.100_c1.00_v20.25_v10.10,125,0.1,1.0,0.25,0.1,58.6104326421476,-11.537408128542081,23.815979064551133,74.68581687612208,1.7953321364452424,13.188145910288027,64.66705857081222,21.63843778061818,-2.400985453654214,21.320677340327254,81.5347721822542,0.2398081534772182,13.188145910288027,14.619202769787755
ma250_r0.300_c0.75_v20.25_v10.30,250,0.29999999999999993,0.75,0.25,0.3,58.574700643889585,-11.304645365854016,29.511924852597332,75.40394973070018,0.0,18.75,61.97531620413776,23.130385055743652,-7.767509484787283,30.400595079157718,86.57074340527578,0.0,18.75,17.097344266552376
ma250_r0.150_c0.75_v20.40_v10.10,250,0.15,0.75,0.4,0.1,58.57355853525576,-9.381031390079597,27.176384405618442,75.28426092160383,0.0,30.000000000000004,61.85512133091832,21.65673298978261,-4.743388819478622,26.489833941019263,88.2494004796163,0.0,30.000000000000004,16.602175995818023
ma125_r0.200_c0.75_v20.40_v10.30,125,0.19999999999999998,0.75,0.4,0.3,58.54863652649307,-12.953826906981014,29.347350000167815,71.573907839617,0.0,30.000000000000004,61.14400565499206,23.239323887409725,-5.187419356341827,29.520201246533347,79.61630695443645,0.0,30.000000000000004,15.506737567656083
ma100_r0.275_c0.75_v20.55_v10.00,100,0.27499999999999997,0.75,0.55,0.0,58.542890099739985,-11.831941239657084,28.2476479737851,51.94494314781568,0.0,41.25,64.7018973476969,19.645540990323095,-8.836125486049418,31.07838096374249,63.549160671462836,0.0,41.25,20.376897347696893
ma200_r0.175_c0.75_v20.70_v10.00,200,0.175,0.75,0.7,0.0,58.53392338751971,-9.303477385678683,31.995738017199166,54.937163375224415,0.0,52.49999999999999,69.25420033938532,19.583416611303118,-8.945491766815138,33.75405462681681,67.38609112709833,0.0,52.49999999999999,20.788074913547156
ma175_r0.225_c0.75_v20.70_v10.30,175,0.22499999999999998,0.75,0.7,0.3,58.52869892121746,-14.634151842041465,35.918824875914105,74.56612806702573,0.0,52.49999999999999,72.75255547128569,24.207504658635237,-8.917776222371554,38.13994744693745,83.21342925659472,0.0,52.49999999999999,20.380524640256375
ma200_r0.150_c0.75_v20.40_v10.30,200,0.15,0.75,0.4,0.3,58.49666560352289,-12.249159997466263,29.876567860293168,75.58348294434471,0.0,30.000000000000004,62.6985614673545,24.20989127092237,-4.749605488607001,28.203502044996366,84.17266187050359,0.0,30.000000000000004,13.946055238001229
ma125_r0.200_c0.75_v20.55_v10.20,125,0.19999999999999998,0.75,0.55,0.2,58.481579718938505,-13.141721907445813,30.702233340821035,71.573907839617,0.0,41.25,67.59411491928027,22.157820421128015,-6.605941877282584,31.638955644210565,79.61630695443645,0.0,41.25,18.4518014226782
ma100_r0.100_c1.00_v20.25_v10.00,100,0.1,1.0,0.25,0.0,58.46310839744133,-10.909561909300901,22.55430758240566,55.71514063435069,1.9748653500897666,13.188145910288027,62.657508157125804,20.171117583470632,-2.9343783394113143,20.487840930261587,65.94724220623502,0.2398081534772182,13.188145910288027,14.708411796511133
ma150_r0.125_c0.75_v20.40_v10.20,150,0.125,0.75,0.4,0.2,58.45406174146368,-11.240630787768136,26.948295252722204,73.96768402154399,0.0,26.376291820576053,62.21018014650937,22.880055832071132,-3.2892635419669247,25.081558252637947,79.85611510791367,0.0,26.376291820576053,14.606191190946365
ma75_r0.100_c0.75_v20.70_v10.20,75,0.1,0.75,0.7,0.2,58.43394642331181,-14.091382171684131,28.31105328259061,69.23997606223818,0.0,35.95148837215342,64.90860496116083,25.042450587075482,-4.870781465304486,27.606585643255542,75.0599520383693,0.0,35.95148837215342,16.630453905017784
ma150_r0.275_c0.75_v20.40_v10.20,150,0.27499999999999997,0.75,0.4,0.2,58.418885000412345,-11.368210150077719,28.760118213108914,72.83064033512866,0.0,30.000000000000004,65.75550982658727,22.284874885352757,-5.525539282156067,29.523292889874604,78.65707434052757,0.0,30.000000000000004,18.47347989803884
ma200_r0.275_c0.75_v20.55_v10.00,200,0.27499999999999997,0.75,0.55,0.0,58.39913814244695,-8.836125486049406,29.637012696220253,54.45840813883902,0.0,41.25,69.35189734769689,18.94926247587245,-8.836125486049418,31.672813700407087,65.46762589928058,0.0,41.25,21.201897347696892
ma225_r0.150_c0.75_v20.55_v10.10,225,0.15,0.75,0.55,0.1,58.396701997492585,-10.411011570228911,29.618686319743116,75.10472770795931,0.0,41.25,65.83403786491922,20.809165644508433,-6.291256954899104,29.659486608359632,86.57074340527578,0.0,41.25,18.248105044121484
ma175_r0.300_c0.75_v20.55_v10.30,175,0.29999999999999993,0.75,0.55,0.3,58.39612117031563,-13.234879959816691,33.21007996079738,74.38659485338121,0.0,41.25,71.0164890890874,23.961819293933683,-6.995196377513424,34.88591155903998,82.25419664268586,0.0,41.25,19.472380500856328
ma150_r0.250_c0.75_v20.55_v10.10,150,0.24999999999999997,0.75,0.55,0.1,58.39533546380935,-11.470698845030125,30.229448163940397,72.77079593058049,0.0,41.25,67.91333059551266,20.897928099103623,-7.869487826214838,31.931410427426204,78.65707434052757,0.0,41.25,20.110707081883895
ma200_r0.225_c0.75_v20.55_v10.10,200,0.22499999999999998,0.75,0.55,0.1,58.37699509572805,-9.452420415122164,30.663249987386347,74.86535008976661,0.0,41.25,69.24442014721873,20.363881739100066,-7.783651039733009,31.895682654363817,82.9736211031175,0.0,41.25,19.92511133670267
ma225_r0.275_c0.75_v20.55_v10.10,225,0.27499999999999997,0.75,0.55,0.1,58.37564740230305,-10.37510469408417,30.856405252092202,74.50628366247756,0.0,41.25,68.42500523803227,19.665627030005606,-8.11399684247135,33.24933190169475,85.13189448441247,0.0,41.25,21.218027790072284
ma150_r0.125_c0.75_v20.55_v10.10,150,0.125,0.75,0.55,0.1,58.33761824650405,-11.169992263914851,28.331097224754632,73.9078396169958,0.0,36.26740125329208,64.44069578849556,21.80106065447309,-5.460088289063425,27.329674853983615,79.85611510791367,0.0,36.26740125329208,16.3646699236511
ma125_r0.225_c0.75_v20.85_v10.00,125,0.22499999999999998,0.75,0.85,0.0,58.33047378738934,-14.603724363244341,35.208805704414175,54.099341711549975,0.0,63.74999999999999,71.49160942949149,20.96150663622536,-10.791800760731096,39.93254723698627,65.94724220623502,0.0,63.74999999999999,23.023144882195787
ma175_r0.125_c0.75_v20.55_v10.30,175,0.125,0.75,0.55,0.3,58.32831373990499,-12.875338790406177,30.894803614247994,75.8228605625374,0.0,36.26740125329208,67.69913760713533,24.696683987968516,-4.50646167325941,29.29734545563632,84.17266187050359,0.0,36.26740125329208,15.649953440317269
ma150_r0.150_c0.75_v20.25_v10.30,150,0.15,0.75,0.25,0.3,58.32716154005433,-11.568047657506863,27.132666247387082,75.16457211250747,0.0,18.75,59.48673834991247,23.897536795848584,-4.306826492378213,25.342764997508066,80.57553956834532,0.0,18.75,13.537331293119074
ma225_r0.300_c0.75_v20.25_v10.30,225,0.29999999999999993,0.75,0.25,0.3,58.29859584731989,-11.368607719636092,29.294240831053347,75.10472770795931,0.0,18.75,62.050316204137765,22.994944423532672,-7.767509484787283,29.923976374121743,84.41247002398082,0.0,18.75,17.022344266552373
ma125_r0.100_c0.75_v20.85_v10.00,125,0.1,0.75,0.85,0.0,58.296585179734706,-13.180692597133692,30.716841074653622,56.97187312986236,0.0,44.83969609497929,66.13519352940683,20.95848149923345,-6.522360456632703,31.20063354035697,68.10551558752998,0.0,44.83969609497929,17.797577948823967
ma150_r0.150_c0.75_v20.55_v10.10,150,0.15,0.75,0.55,0.1,58.267415335188154,-11.292127634640636,29.15968723523394,73.4290843806104,0.0,41.25,65.7654944135882,21.408980703433002,-6.291256954899104,28.900500764477016,79.85611510791367,0.0,41.25,17.73070043651869
ma250_r0.250_c0.75_v20.40_v10.10,250,0.24999999999999997,0.75,0.4,0.1,58.263623036108505,-9.42409107732134,28.221919905687898,74.68581687612208,0.0,30.000000000000004,64.46543826249447,20.78118713499215,-6.348977577542447,29.565828883033834,86.810551558753,0.0,30.000000000000004,19.49359028410908
ma125_r0.100_c0.75_v20.55_v10.20,125,0.1,0.75,0.55,0.2,58.23941084371709,-11.585658212067074,27.03290547985249,72.89048473967684,0.0,29.013921002633662,62.86875192022342,21.92862228652981,-3.955566553408607,25.492017562516693,81.29496402877699,0.0,29.013921002633662,14.515588129890793
ma225_r0.125_c0.75_v20.55_v10.10,225,0.125,0.75,0.55,0.1,58.23537547349338,-10.460832920834074,28.734094817444532,75.344105326152,0.0,36.26740125329208,64.62020579252314,21.304765106646517,-5.460088289063425,27.962954233704263,86.57074340527578,0.0,36.26740125329208,16.79584042998676
ma225_r0.100_c0.75_v20.70_v10.10,225,0.1,0.75,0.7,0.1,58.228645926727985,-10.89209712544682,29.217199730217963,75.46379413524835,0.0,36.92680854880647,64.51961238700636,21.30246882758162,-5.165656653657258,28.858295600070992,86.57074340527578,0.0,36.92680854880647,16.67519969579759
ma225_r0.200_c0.75_v20.25_v10.30,225,0.19999999999999998,0.75,0.25,0.3,58.197707668718635,-11.377446651116896,28.834498504010035,75.40394973070018,0.0,18.75,60.690517300073196,22.72027903244478,-6.793540529996456,28.500167781634538,85.61151079136691,0.0,18.75,15.523897270048469
ma75_r0.250_c0.75_v20.55_v10.10,75,0.24999999999999997,0.75,0.55,0.1,58.197541592457156,-13.72437234539914,28.4229249713522,67.26511071214841,0.0,41.25,66.6747065822439,23.041582023856932,-7.869487826214849,30.190125049854988,73.621103117506,0.0,41.25,19.745398021261323
ma125_r0.125_c0.75_v20.85_v10.00,125,0.125,0.75,0.85,0.0,58.192605383580776,-14.417786739639427,32.98984171569833,55.475763016157984,0.0,56.04962011872412,68.43829241035054,21.845517861958342,-8.526961513294196,34.43587239277248,68.34532374100719,0.0,56.04962011872412,19.634303196036953
ma175_r0.200_c0.75_v20.85_v10.20,175,0.19999999999999998,0.75,0.85,0.2,58.19230634987511,-15.268577359949465,37.759530229543294,74.56612806702573,0.0,63.74999999999999,72.3768975900059,23.043800696151905,-10.53445145238826,40.98302288127304,83.21342925659472,0.0,63.74999999999999,21.724493274871605
ma125_r0.100_c0.75_v20.40_v10.30,125,0.1,0.75,0.4,0.3,58.19161738974905,-11.43547255113978,25.92693749371002,72.89048473967684,0.0,21.101033456460843,57.58397709006182,23.13857406133104,-2.8907122159050114,23.99840167467232,81.29496402877699,0.0,21.101033456460843,12.508336794737712
ma75_r0.100_c1.00_v20.25_v10.10,75,0.1,1.0,0.25,0.1,58.17961876360145,-11.94037260098072,23.08944159704097,69.95810891681627,1.7354877318970678,12.83981727576908,65.60554849725027,22.54895051292469,-2.4009854536542474,20.69438554632618,75.29976019184652,0.0,12.83981727576908,15.110758409869286
ma75_r0.100_c0.75_v20.40_v10.30,75,0.1,0.75,0.4,0.3,58.16545157564603,-11.986134792607107,25.016956556591367,68.76122082585279,0.0,20.54370764123053,59.31869153425041,24.703774076437867,-2.605384399303523,23.17854649716121,75.0599520383693,0.0,20.54370764123053,13.18557112665925
ma175_r0.175_c0.75_v20.85_v10.20,175,0.175,0.75,0.85,0.2,58.14303461705699,-15.148058928814667,37.35460880657332,74.80550568521844,0.0,63.74999999999999,71.89681739259206,23.175981332015905,-9.94172815904949,39.787346870419235,83.93285371702638,0.0,63.74999999999999,21.10528850551166
ma175_r0.300_c0.75_v20.70_v10.10,175,0.29999999999999993,0.75,0.7,0.1,58.12483419014774,-13.355079564579174,33.889676773678055,74.32675044883304,0.0,52.49999999999999,72.3831927653001,22.85158788484265,-9.773998134392903,37.25606008958859,82.25419664268586,0.0,52.49999999999999,22.051823235889742
ma175_r0.275_c0.75_v20.55_v10.30,175,0.27499999999999997,0.75,0.55,0.3,58.09565300189949,-13.23487995981667,33.116438801979015,74.38659485338121,0.0,41.25,70.81560001900246,23.656342157295175,-6.935403208382784,34.61884446198248,82.25419664268586,0.0,41.25,19.243536683425155
ma150_r0.250_c0.75_v20.40_v10.20,150,0.24999999999999997,0.75,0.4,0.2,58.08558508054844,-11.36821015007774,28.681090915218633,72.83064033512866,0.0,30.000000000000004,65.55955438780661,22.08355419994794,-5.399587045402909,29.298602163148203,78.65707434052757,0.0,30.000000000000004,18.266799907308034
ma175_r0.225_c0.75_v20.85_v10.10,175,0.22499999999999998,0.75,0.85,0.1,58.07110823493389,-14.840877300567035,36.828393874570494,74.56612806702573,0.0,63.74999999999999,72.36426575706994,22.430075921403827,-10.791800760731086,40.87592801910699,83.21342925659472,0.0,63.74999999999999,22.658621493758474
ma125_r0.125_c0.75_v20.70_v10.10,125,0.125,0.75,0.7,0.1,58.0632324037814,-13.531643718039065,30.902620828692918,72.65110712148413,0.0,46.15851068600809,67.15012775476163,22.592045072127355,-7.000179846583931,30.96650947848322,81.29496402877699,0.0,46.15851068600809,17.536422660334996
ma225_r0.225_c0.75_v20.70_v10.10,225,0.22499999999999998,0.75,0.7,0.1,58.04739569381565,-11.721426537036894,33.708111022080644,74.74566128067026,0.0,52.49999999999999,69.63412014094267,19.891144045450936,-9.955776768484426,37.26553566713431,86.09112709832134,0.0,52.49999999999999,22.226124017836092
ma250_r0.225_c0.75_v20.55_v10.00,250,0.22499999999999998,0.75,0.55,0.0,58.03123485094805,-9.045071478866685,29.42274706164793,54.51825254338719,0.0,41.25,66.50052047289128,19.262281457158558,-8.72338252733844,31.960010199386613,69.06474820143885,0.0,41.25,21.488572824641135
ma225_r0.275_c0.75_v20.85_v10.00,225,0.27499999999999997,0.75,0.85,0.0,58.02729898783752,-12.804864777078429,35.859830617498076,54.51825254338719,0.0,63.74999999999999,70.58879503447875,18.962771021344118,-12.737719581333684,41.90118884693469,67.62589928057554,0.0,63.74999999999999,24.68879503447876
ma150_r0.150_c0.75_v20.85_v10.00,150,0.15,0.75,0.85,0.0,57.99456748692744,-13.540436828124003,34.277668855378124,55.41591861160982,0.0,63.74999999999999,67.75034324538785,21.455473486938594,-9.669760827147444,36.775490185141216,68.10551558752998,0.0,63.74999999999999,21.613802384613937
ma250_r0.100_c0.75_v20.55_v10.00,250,0.1,0.75,0.55,0.0,57.980057155997635,-8.50443375708264,25.701226476561196,56.79233991621784,0.0,30.759402315540623,61.18888681502649,20.198798639965542,-4.680554795148617,25.014089255741766,71.46282973621103,0.0,30.759402315540623,15.839823525730102
ma150_r0.175_c0.75_v20.70_v10.10,150,0.175,0.75,0.7,0.1,57.97822241680155,-12.680812496790928,32.692934419832184,73.07001795332137,0.0,52.49999999999999,68.20142241227477,21.574259992144505,-8.75544040485402,34.271133426564354,79.85611510791367,0.0,52.49999999999999,20.07655220370534
ma250_r0.125_c0.75_v20.40_v10.10,250,0.125,0.75,0.4,0.1,57.96811273916751,-9.421075223366904,26.4406128059667,75.52363853979654,0.0,25.67963455153816,60.88714979913322,21.87120981783486,-3.949808171089353,25.06448342960751,88.2494004796163,0.0,25.67963455153816,15.433517011464467
ma175_r0.100_c0.75_v20.85_v10.20,175,0.1,0.75,0.85,0.2,57.963350927874615,-14.132615464952424,33.00780535532192,76.12208258527828,0.0,44.83969609497929,67.50110169830796,23.89962979128004,-5.743628745946506,32.47069092868162,84.17266187050359,0.0,44.83969609497929,17.197119208550074
ma250_r0.175_c0.75_v20.55_v10.00,250,0.175,0.75,0.55,0.0,57.92664031734343,-8.92433961926602,28.883755715878763,54.637941352483544,0.0,41.25,65.16857599259029,19.64046587770256,-7.878301856948111,30.244020138003535,69.54436450839329,0.0,41.25,20.017235363249256
ma125_r0.300_c0.75_v20.55_v10.10,125,0.29999999999999993,0.75,0.55,0.1,57.9193982015658,-12.785056552509634,30.13416474282819,71.27468581687613,0.0,41.25,69.1414664381038,21.466703064581626,-7.97374764667892,32.413828426398844,78.65707434052757,0.0,41.25,20.460096908693437
ma250_r0.225_c0.75_v20.40_v10.10,250,0.22499999999999998,0.75,0.4,0.1,57.91345580822493,-9.424091077321306,28.138702954592137,74.92519449431478,0.0,30.000000000000004,64.2297118947935,20.645778880249168,-6.221815663751029,29.29605825224188,87.76978417266187,0.0,30.000000000000004,19.233051224482345
ma200_r0.175_c0.75_v20.55_v10.10,200,0.175,0.75,0.55,0.1,57.90788264886832,-9.332370542683154,30.140854833088742,75.16457211250747,0.0,41.25,68.0341153769447,20.2899415304155,-7.0868164421248,30.284025305278412,84.17266187050359,0.0,41.25,18.57590384688624
ma150_r0.200_c0.75_v20.70_v10.10,150,0.19999999999999998,0.75,0.7,0.1,57.90775356410709,-12.805911268799985,33.052526972612384,73.0101735487732,0.0,52.49999999999999,68.76776002565917,21.36270376195677,-9.382480965974615,35.336440489110345,79.61630695443645,0.0,52.49999999999999,20.770401119790982
ma225_r0.175_c0.75_v20.70_v10.10,225,0.175,0.75,0.7,0.1,57.8956590644442,-11.60411116981155,33.07457036292194,74.86535008976661,0.0,52.49999999999999,68.3947913393061,20.359945821847127,-8.838221621551723,35.28543547698229,86.57074340527578,0.0,52.49999999999999,20.840305469037254
ma200_r0.100_c0.75_v20.55_v10.20,200,0.1,0.75,0.55,0.2,57.88760498591077,-9.626024025857294,27.82854439039274,76.0622381807301,0.0,29.013921002633662,64.408946373768,22.17726693155555,-3.955566553408607,25.896922975646643,84.17266187050359,0.0,29.013921002633662,14.773272795810977
ma175_r0.125_c0.75_v20.70_v10.20,175,0.125,0.75,0.7,0.2,57.8856621219892,-13.73990974345115,32.59678562373506,75.76301615798923,0.0,46.15851068600809,69.22282729624663,24.46862214533432,-6.678564057767389,32.07369502398395,84.17266187050359,0.0,46.15851068600809,17.566458739854248
ma100_r0.300_c0.75_v20.40_v10.10,100,0.29999999999999993,0.75,0.4,0.1,57.87207583370502,-11.553159739032882,26.89560769831529,68.88090963494913,0.0,30.000000000000004,62.1433321318071,20.83305396305313,-6.593583844190876,28.59997034155216,77.21822541966426,0.0,30.000000000000004,18.71196260239674
ma150_r0.125_c0.75_v20.25_v10.30,150,0.125,0.75,0.25,0.3,57.867618360729956,-11.239013634655382,26.433827078273474,75.70317175344105,0.0,16.485182387860036,58.977995043704226,24.015828648909366,-3.6170894512635,24.086232790609095,81.5347721822542,0.0,16.485182387860036,12.91936709754431
ma75_r0.225_c0.75_v20.85_v10.00,75,0.22499999999999998,0.75,0.85,0.0,57.865506984349445,-16.617382038135066,33.20977891861584,50.927588270496706,0.0,63.74999999999999,69.04880232644615,23.142031526321016,-10.791800760731075,37.84831759893103,61.87050359712231,0.0,63.74999999999999,23.355337779150453
ma250_r0.175_c0.75_v20.40_v10.10,250,0.175,0.75,0.4,0.1,57.86270469821879,-9.304838724045561,27.609532330326687,75.04488330341114,0.0,30.000000000000004,62.616151316330985,20.86118899391387,-5.516642800870796,27.599900816596275,88.2494004796163,0.0,30.000000000000004,17.49666870079573
ma75_r0.225_c0.75_v20.70_v10.10,75,0.22499999999999998,0.75,0.7,0.1,57.858056692460295,-15.274954177005151,31.2313601623278,67.50448833034112,0.0,52.49999999999999,68.54275026755829,23.98153953950315,-9.643575852117337,34.17577668422682,74.58033573141488,0.0,52.49999999999999,21.2262571880261
ma150_r0.275_c0.75_v20.70_v10.00,150,0.27499999999999997,0.75,0.7,0.0,57.85724596497461,-12.48409751553754,32.37561410077206,54.39856373429084,0.0,52.49999999999999,69.10784619108782,21.036125195226262,-9.699957996166797,36.11593070719237,65.70743405275779,0.0,52.49999999999999,22.30784619108782
ma150_r0.175_c0.75_v20.40_v10.20,150,0.175,0.75,0.4,0.2,57.8311812021431,-11.251217390013647,28.08741367331777,73.12986235786954,0.0,30.000000000000004,63.9103594705954,21.969737053609872,-4.602022207724977,27.462309156478938,79.85611510791367,0.0,30.000000000000004,16.46880661904791
ma175_r0.125_c0.75_v20.85_v10.10,175,0.125,0.75,0.85,0.1,57.8219680766282,-14.889760960082466,34.50972377802327,75.76301615798923,0.0,56.04962011872412,69.30202562300475,23.683862574711846,-8.192537854960214,35.25214812467766,84.17266187050359,0.0,56.04962011872412,19.43315340777356
ma150_r0.225_c0.75_v20.40_v10.20,150,0.22499999999999998,0.75,0.4,0.2,57.81915331299341,-11.368210150077896,28.594441420719775,73.07001795332137,0.0,30.000000000000004,65.35015176769546,21.93605211406966,-5.271141411340596,29.04935583001697,79.61630695443645,0.0,30.000000000000004,18.037983536519366
ma200_r0.125_c0.75_v20.40_v10.30,200,0.125,0.75,0.4,0.3,57.79173379648863,-12.158214109417898,29.03091758269071,75.88270496708557,0.0,26.376291820576053,62.26697724491431,24.44543765940086,-3.959837385306808,26.646538263548642,84.17266187050359,0.0,26.376291820576053,13.251217759323191
ma150_r0.200_c0.75_v20.85_v10.00,150,0.19999999999999998,0.75,0.85,0.0,57.78331725418828,-13.818707967060162,35.1975615001953,54.7576301615799,0.0,63.74999999999999,68.81313713864512,20.667351532927114,-10.534712126089874,39.250064608302246,67.14628297362111,0.0,63.74999999999999,22.87286844036238
ma75_r0.150_c0.75_v20.70_v10.10,75,0.15,0.75,0.7,0.1,57.77231642868828,-15.192560476659821,30.21119311065491,67.92339916217833,0.0,52.49999999999999,67.25001801813437,24.581693736624132,-8.025580658915333,31.43610428876016,74.82014388489209,0.0,52.49999999999999,19.634391547897774
ma175_r0.250_c0.75_v20.85_v10.00,175,0.24999999999999997,0.75,0.85,0.0,57.768943089776045,-14.423169677798143,35.79014740438596,54.81747456612807,0.0,63.74999999999999,71.87408931717798,21.64198193114093,-10.72839482077873,40.37091504542035,65.70743405275779,0.0,63.74999999999999,23.199089317177975
ma175_r0.150_c0.75_v20.85_v10.10,175,0.15,0.75,0.85,0.1,57.76813318653136,-14.827747075681474,35.604923071010894,75.22441651705566,0.0,63.74999999999999,70.92563630428631,23.13250142723804,-9.359428176386686,37.43394901918074,84.17266187050359,0.0,63.74999999999999,21.055088028337018
ma225_r0.100_c0.75_v20.85_v10.00,225,0.1,0.75,0.85,0.0,57.76461356787914,-11.855609176205316,30.901809684317556,57.27109515260324,0.0,44.83969609497929,65.09838080273559,20.25080648935671,-6.876892751877007,31.916425658178007,71.22302158273382,0.0,44.83969609497929,18.527704878151717
ma75_r0.150_c0.75_v20.25_v10.30,75,0.15,0.75,0.25,0.3,57.75952947563785,-12.403799369079971,25.68351569922932,68.64153201675643,0.0,18.75,60.41466428441225,25.486812969851357,-3.7929791766571075,24.219934723371857,75.0599520383693,0.0,18.75,14.153447131680485
ma125_r0.225_c0.75_v20.70_v10.10,125,0.22499999999999998,0.75,0.7,0.1,57.74440711473299,-13.86264755478489,32.99858536897227,71.51406343506882,0.0,52.49999999999999,70.4226091184629,21.660603444887162,-9.643575852117326,36.03059081653376,79.61630695443645,0.0,52.49999999999999,21.097632581549146
ma225_r0.125_c0.75_v20.85_v10.00,225,0.125,0.75,0.85,0.0,57.74361241585153,-12.948766636702702,33.31636393382164,55.894673847995215,0.0,56.04962011872412,67.27258932185147,21.052436623517924,-8.986542483592064,35.39035151956924,71.46282973621103,0.0,56.04962011872412,20.618136584725328
ma75_r0.150_c0.75_v20.55_v10.10,75,0.15,0.75,0.55,0.1,57.735194351176425,-13.630274100543216,27.46039800498258,67.92339916217833,0.0,41.25,65.03619469852626,23.312400456241058,-6.291256954899039,27.608132774163508,74.82014388489209,0.0,41.25,17.843826441547687
ma125_r0.150_c0.75_v20.70_v10.10,125,0.15,0.75,0.7,0.1,57.71124482863763,-13.785516778214003,31.86550477612751,72.0526630760024,0.0,52.49999999999999,68.57537561570311,22.245557609692355,-8.02558065891532,32.8375428444934,80.3357314148681,0.0,52.49999999999999,19.017472225246898
ma75_r0.100_c0.75_v20.85_v10.10,75,0.1,0.75,0.85,0.1,57.700840010629605,-15.405534380487286,29.95004607174197,69.23997606223818,0.0,44.235037792585366,65.40361205194993,23.651000155048262,-5.991506773679955,30.300141780096123,75.0599520383693,0.0,44.235037792585366,18.572005786563185
ma175_r0.100_c1.00_v20.25_v10.10,175,0.1,1.0,0.25,0.1,57.697459188954326,-10.66642531718508,24.362230445271372,77.85757031717534,1.7953321364452424,13.188145910288027,66.72947054766013,21.431799025852015,-2.5318831722274893,21.52716287977646,84.41247002398082,0.2398081534772182,13.188145910288027,14.823122645327718
ma75_r0.275_c0.75_v20.70_v10.00,75,0.27499999999999997,0.75,0.7,0.0,57.684080954392655,-15.084652130858522,30.35805663758748,50.56852184320766,0.0,52.49999999999999,68.39894199901374,23.106834740212513,-9.699957996166809,33.96643785112175,60.431654676258994,0.0,52.49999999999999,22.04894199901375
ma150_r0.225_c0.75_v20.55_v10.10,150,0.22499999999999998,0.75,0.55,0.1,57.657417947527634,-11.470698845029991,30.13601139948907,73.0101735487732,0.0,41.25,67.74442014721872,20.534943695645993,-7.783651039733009,31.643884093212737,79.61630695443645,0.0,41.25,19.92511133670267
ma225_r0.100_c0.75_v20.40_v10.20,225,0.1,0.75,0.4,0.2,57.64350380767811,-9.614733772499529,25.67367936591816,75.46379413524835,0.0,21.101033456460843,60.045996524364924,21.923220052670334,-2.6585740022113336,23.717614437600528,86.57074340527578,0.0,21.101033456460843,13.841593049851888
ma175_r0.250_c0.75_v20.70_v10.20,175,0.24999999999999997,0.75,0.7,0.2,57.640181365801446,-13.887036018845045,34.86445229660375,74.32675044883304,0.0,52.49999999999999,72.412127792351,23.09882521527853,-9.638091586888208,37.537546023274366,82.25419664268586,0.0,52.49999999999999,21.064019363241453
ma150_r0.100_c1.00_v20.25_v10.00,150,0.1,1.0,0.25,0.0,57.62113527800001,-10.098773326423338,22.98649147390892,58.52782764811491,1.9748653500897666,13.188145910288027,64.16023634944965,19.978283533106445,-2.9343783394113143,20.684519675114434,68.5851318944844,0.2398081534772182,13.188145910288027,14.978825252241405
ma200_r0.200_c0.75_v20.55_v10.10,200,0.19999999999999998,0.75,0.55,0.1,57.61854675519644,-9.461450545913873,30.46352393890752,74.86535008976661,0.0,41.25,68.68221013812428,20.019265445658153,-7.551765705550107,31.235303989643537,82.9736211031175,0.0,41.25,19.33989664152218
ma125_r0.100_c0.75_v20.70_v10.10,125,0.1,0.75,0.7,0.1,57.604950597224835,-12.227788525272265,28.740755798240603,72.89048473967684,0.0,36.92680854880647,64.86355943108668,21.488488140919838,-5.122826840038542,28.121233791246926,81.29496402877699,0.0,36.92680854880647,16.010446187075903
ma175_r0.150_c0.75_v20.70_v10.20,175,0.15,0.75,0.7,0.2,57.604859860247394,-13.746209774315387,33.60997248296404,75.22441651705566,0.0,52.49999999999999,70.5905379094665,23.76012966808951,-7.757187209652605,34.027410964516605,84.17266187050359,0.0,52.49999999999999,19.01101517019877
ma75_r0.300_c0.75_v20.40_v10.20,75,0.29999999999999993,0.75,0.4,0.2,57.57031370724608,-13.142202901953636,27.173362000524843,66.90604428485936,0.0,30.000000000000004,64.75870184044274,24.2929326105521,-5.646662284559623,27.97636557708465,73.621103117506,0.0,30.000000000000004,18.151918667972865
ma250_r0.200_c0.75_v20.55_v10.00,250,0.19999999999999998,0.75,0.55,0.0,57.56581216740846,-9.054142233760876,29.21718626551443,54.51825254338719,0.0,41.25,65.96227356875197,19.220521361343156,-8.49386242196556,31.255398582028477,69.06474820143885,0.0,41.25,20.927812530112664
ma100_r0.250_c0.75_v20.55_v10.00,100,0.24999999999999997,0.75,0.55,0.0,57.56212179340836,-11.831941239657018,28.166010970129427,51.94494314781568,0.0,41.25,64.41422486154264,19.169989671604636,-8.808344593318306,30.802942798954913,63.549160671462836,0.0,41.25,20.089224861542633
ma125_r0.300_c0.75_v20.70_v10.00,125,0.29999999999999993,0.75,0.7,0.0,57.56199989178326,-13.52684837154462,32.23962041135115,53.74027528426092,0.0,52.49999999999999,71.31274013631787,21.4458341788728,-9.773998134392892,36.27675229584599,64.5083932853717,0.0,52.49999999999999,22.412740136317865
ma175_r0.250_c0.75_v20.55_v10.30,175,0.24999999999999997,0.75,0.55,0.3,57.54716690455768,-13.234879959816793,33.012659397261814,74.38659485338121,0.0,41.25,70.55850001727495,23.28551074615286,-6.924365966069235,34.336294180611944,82.25419664268586,0.0,41.25,18.970260621295598
ma100_r0.275_c0.75_v20.40_v10.10,100,0.27499999999999997,0.75,0.4,0.1,57.53399848065077,-11.553159739032958,26.827233911965713,68.88090963494913,0.0,30.000000000000004,61.94757357878595,20.61077316610318,-6.473671102478473,28.373414060091882,77.21822541966426,0.0,30.000000000000004,18.502632385530347
ma225_r0.250_c0.75_v20.55_v10.10,225,0.24999999999999997,0.75,0.55,0.1,57.52963243165361,-10.375104694084147,30.770439440889923,74.50628366247756,0.0,41.25,68.16023203457479,19.225254529364967,-8.06940802818069,32.9745758950521,85.13189448441247,0.0,41.25,20.935707081883898
ma75_r0.125_c0.75_v20.70_v10.10,75,0.125,0.75,0.7,0.1,57.52415608608417,-15.033637898414787,29.3357630881427,68.28246558946739,0.0,44.939360465191776,66.40862402221146,24.569489493356823,-7.0001798465839755,29.75442331174613,74.82014388489209,0.0,44.939360465191776,18.496402603602704
ma175_r0.300_c0.75_v20.55_v10.20,175,0.29999999999999993,0.75,0.55,0.2,57.488036559159774,-12.507515625012466,31.936032396909432,74.38659485338121,0.0,41.25,71.268655312383,22.52092147543554,-7.032240509730969,33.74967499357431,82.25419664268586,0.0,41.25,20.330916253562286
ma225_r0.100_c1.00_v20.25_v10.00,225,0.1,1.0,0.25,0.0,57.48647853942064,-9.87639463746266,23.52210944594127,58.049072411729504,1.9748653500897666,13.188145910288027,65.26141788385343,19.688862673047367,-2.9343783394113143,20.84516789634041,70.50359712230215,0.2398081534772182,13.188145910288027,15.134141353239333
ma150_r0.100_c0.75_v20.40_v10.20,150,0.1,0.75,0.4,0.2,57.45637106368115,-10.334469001689916,25.14676746532884,74.1472172351885,0.0,21.101033456460843,60.22852158620134,21.92311701480434,-2.6554188950923874,23.15012564398635,79.85611510791367,0.0,21.101033456460843,13.586605322509026
ma75_r0.225_c0.75_v20.55_v10.10,75,0.22499999999999998,0.75,0.55,0.1,57.428518337946514,-13.724372345399072,28.357312878044784,67.50448833034112,0.0,41.25,66.61465853527683,22.641362511924257,-7.78365103973303,30.012878332535337,74.58033573141488,0.0,41.25,19.678833182142355
ma75_r0.125_c0.75_v20.55_v10.10,75,0.125,0.75,0.55,0.1,57.416624117809214,-13.51812363542878,26.70582949246662,68.28246558946739,0.0,35.30949750836497,64.2305882267299,23.35785786223099,-5.460088289063414,26.190574998037917,74.82014388489209,0.0,35.30949750836497,16.76886868658814
ma225_r0.200_c0.75_v20.70_v10.10,225,0.19999999999999998,0.75,0.7,0.1,57.41251099529803,-11.730230434963996,33.45929862835763,74.74566128067026,0.0,52.49999999999999,69.06688093453008,19.788492328026862,-9.431436753075673,36.4441612515946,86.09112709832134,0.0,52.49999999999999,21.640171285379378
ma250_r0.200_c0.75_v20.40_v10.10,250,0.19999999999999998,0.75,0.4,0.1,57.40989017272531,-9.433123981368896,27.931788951072118,74.92519449431478,0.0,30.000000000000004,63.44668165739466,20.480915135931642,-5.98485352645376,28.580967948131192,87.76978417266187,0.0,30.000000000000004,18.430062826776176
ma150_r0.175_c0.75_v20.85_v10.00,150,0.175,0.75,0.85,0.0,57.399071999271676,-13.69441304003135,34.80973279030383,54.81747456612807,0.0,63.74999999999999,68.31986685222613,20.691881299436975,-10.387979052340846,38.093376502564126,67.38609112709833,0.0,63.74999999999999,22.238956629890858
ma200_r0.250_c0.75_v20.55_v10.00,200,0.24999999999999997,0.75,0.55,0.0,57.395111057878,-8.808344593318317,29.555355103304525,54.45840813883902,0.0,41.25,69.06422486154263,18.458304391450795,-8.808344593318306,31.397293030455103,65.46762589928058,0.0,41.25,20.914224861542632
ma75_r0.150_c0.75_v20.40_v10.20,75,0.15,0.75,0.4,0.2,57.38239009419344,-13.075330859840362,26.17981998346659,67.56433273488929,0.0,30.000000000000004,62.69767200968067,24.207048543581156,-3.9551537188277086,25.337985395126793,74.82014388489209,0.0,30.000000000000004,15.875053593542525
ma175_r0.175_c0.75_v20.55_v10.30,175,0.175,0.75,0.55,0.3,57.37782884604017,-13.1208263273191,32.351437590751985,74.86535008976661,0.0,41.25,69.31197613768907,23.27225095065055,-6.264051199985277,32.37426856145647,83.93285371702638,0.0,41.25,17.55376460763061
ma75_r0.100_c0.75_v20.55_v10.20,75,0.1,0.75,0.55,0.2,57.37066236282287,-12.849388118101002,25.945347802401514,69.12028725314184,0.0,28.24759800669198,62.97844563726392,23.490693570034704,-3.9555665534085627,24.660913360809797,75.0599520383693,0.0,28.24759800669198,15.246746212711344
ma200_r0.175_c0.75_v20.40_v10.30,200,0.175,0.75,0.4,0.3,57.35151169823545,-12.217179351125152,30.346612742978795,75.344105326152,0.0,30.000000000000004,63.18910989145205,23.434668123608127,-5.383246289802179,29.374854329624185,84.17266187050359,0.0,30.000000000000004,14.59755703990455
ma100_r0.150_c0.75_v20.40_v10.10,100,0.15,0.75,0.4,0.1,57.34738639851849,-11.483304135729488,25.76882810023137,69.47935368043088,0.0,30.000000000000004,59.305586474792605,20.977557351406475,-4.743388819478622,25.295454429925286,78.41726618705036,0.0,30.000000000000004,15.616504086346623
ma150_r0.200_c0.75_v20.40_v10.20,150,0.19999999999999998,0.75,0.4,0.2,57.3463399776609,-11.377049172096099,28.396574088032494,73.07001795332137,0.0,30.000000000000004,64.6510042221922,21.686164663700637,-5.031775567865382,28.382965045146445,79.61630695443645,0.0,30.000000000000004,17.313736134856228
ma125_r0.275_c0.75_v20.55_v10.10,125,0.27499999999999997,0.75,0.55,0.1,57.33619849665623,-12.7850565525097,30.05818526048658,71.27468581687613,0.0,41.25,68.9343292556008,21.094983123296274,-7.8975547350185415,32.16466873667775,78.65707434052757,0.0,41.25,20.236443390609175
ma75_r0.275_c0.75_v20.40_v10.20,75,0.27499999999999997,0.75,0.4,0.2,57.32870595709989,-13.142202901953514,27.126555826247138,66.90604428485936,0.0,30.000000000000004,64.66999581170194,24.053797913354693,-5.525539282156034,27.860229596740066,73.621103117506,0.0,30.000000000000004,18.064258778975123
ma175_r0.100_c1.00_v20.25_v10.00,175,0.1,1.0,0.25,0.0,57.30063391395832,-10.312160539979798,23.29652190982455,58.46798324356672,1.9748653500897666,13.188145910288027,65.72872133773714,19.978283533106445,-2.9343783394113143,20.684519675114434,68.5851318944844,0.2398081534772182,13.188145910288027,14.978825252241405
ma100_r0.100_c0.75_v20.55_v10.00,100,0.1,0.75,0.55,0.0,57.29127590006164,-10.618484120224881,24.679768010385338,54.877318970676235,0.0,29.013921002633662,59.26548239831883,19.29708474805498,-4.680554795148617,24.11266319051051,66.66666666666666,0.0,29.013921002633662,14.878541341257634
ma200_r0.300_c0.75_v20.40_v10.30,200,0.29999999999999993,0.75,0.4,0.3,57.28337885882973,-12.332799359367542,31.14565936253062,74.80550568521844,0.0,30.000000000000004,65.01694195306376,23.783489619586497,-6.2899054141490325,31.739276499798365,82.01438848920863,0.0,30.000000000000004,16.622833364832687
ma175_r0.200_c0.75_v20.70_v10.30,175,0.19999999999999998,0.75,0.7,0.3,57.25763918568894,-14.642665257971654,35.69112031917895,74.56612806702573,0.0,52.49999999999999,72.34885354011689,23.433786892618635,-8.849714822070876,37.43488503518504,83.21342925659472,0.0,52.49999999999999,19.95149463424871
ma150_r0.175_c0.75_v20.25_v10.30,150,0.175,0.75,0.25,0.3,57.24877600524252,-11.587894075117722,27.54757107913795,74.92519449431478,0.0,18.75,60.10119875236555,23.253211871317635,-4.960964014567503,26.37614854482392,80.0959232613909,0.0,18.75,14.260752597485086
ma200_r0.100_c0.75_v20.55_v10.10,200,0.1,0.75,0.55,0.1,57.24328946273518,-8.764370245553522,26.766385120186282,76.0622381807301,0.0,29.013921002633662,63.597605075624735,20.37113081620663,-4.392683843962686,25.11423288062909,84.17266187050359,0.0,29.013921002633662,15.044715806122877
ma225_r0.175_c0.75_v20.55_v10.10,225,0.175,0.75,0.55,0.1,57.241941205042735,-10.2565554012219,30.1063448123243,74.86535008976661,0.0,41.25,66.5608550786303,19.626484287290392,-7.0868164421248,30.884836926608646,86.57074340527578,0.0,41.25,19.173870835728266
ma75_r0.125_c0.75_v20.85_v10.00,75,0.125,0.75,0.85,0.0,57.22837874170035,-16.401032544504346,31.199498647419183,51.8850987432675,0.0,59.42157265502165,67.12691447679137,23.83419935180875,-8.517009252085128,33.09792245500147,64.26858513189448,0.0,59.42157265502165,20.79754904305069
ma100_r0.150_c0.75_v20.25_v10.20,100,0.15,0.75,0.25,0.2,57.22011408677676,-11.326212912333155,24.80359083545455,69.47935368043088,0.0,18.75,54.30466948897319,22.883058851975658,-3.7695780303133253,23.58266929786758,78.41726618705036,0.0,18.75,13.06053692421023
ma100_r0.125_c0.75_v20.55_v10.00,100,0.125,0.75,0.55,0.0,57.19722750904581,-11.670865276960507,26.39789225698855,53.3213644524237,0.0,36.26740125329208,61.077470429677305,19.998939576515397,-6.353263119462871,26.3725925607865,67.62589928057554,0.0,36.26740125329208,16.288573770379166
ma175_r0.275_c0.75_v20.70_v10.10,175,0.27499999999999997,0.75,0.7,0.1,57.17855447688773,-13.355079564579174,33.79781937735832,74.32675044883304,0.0,52.49999999999999,72.13375183629327,22.23438100152657,-9.699957996166841,36.95114860730273,82.25419664268586,0.0,52.49999999999999,21.782921299565594
ma200_r0.275_c0.75_v20.40_v10.30,200,0.27499999999999997,0.75,0.4,0.3,57.1557116810214,-12.33279935936774,31.06052246335494,74.80550568521844,0.0,30.000000000000004,64.8567159149379,23.571630733176807,-6.1861369770114365,31.49841353009094,82.01438848920863,0.0,30.000000000000004,16.43759725109663
ma150_r0.175_c0.75_v20.55_v10.10,150,0.175,0.75,0.55,0.1,57.15126143654048,-11.353186717525265,29.615215463892795,73.07001795332137,0.0,41.25,66.53141100650262,20.47249422299011,-7.0868164421248,30.034392591098953,79.85611510791367,0.0,41.25,18.57319947644417
ma200_r0.125_c0.75_v20.55_v10.00,200,0.125,0.75,0.55,0.0,57.1231148310805,-8.512291751776447,27.722515730509738,55.95451825254338,0.0,36.26740125329208,65.64585618352655,19.555446803087982,-6.353263119462871,26.913871634953868,69.54436450839329,0.0,36.26740125329208,17.032210773637413
ma125_r0.200_c0.75_v20.85_v10.00,125,0.19999999999999998,0.75,0.85,0.0,57.112595334072005,-14.612240862603254,34.969489778390354,54.099341711549975,0.0,63.74999999999999,71.24925757539923,20.504953100354363,-10.534712126089874,39.15448224106947,65.94724220623502,0.0,63.74999999999999,22.75898887711648
ma175_r0.175_c0.75_v20.70_v10.30,175,0.175,0.75,0.7,0.3,57.105632314453025,-14.521600071348416,35.330598620685464,74.80550568521844,0.0,52.49999999999999,71.84230207549498,23.31984982658044,-8.682686751205216,36.39592475817878,83.93285371702638,0.0,52.49999999999999,19.31743186692557
ma175_r0.225_c0.75_v20.55_v10.30,175,0.22499999999999998,0.75,0.55,0.3,57.091496794170716,-13.234879959816691,32.9032444179164,74.6259724715739,0.0,41.25,70.41007262680478,22.99042739131101,-6.855100987635843,34.03939457899357,83.21342925659472,0.0,41.25,18.793709522173202
ma100_r0.250_c0.75_v20.40_v10.10,100,0.24999999999999997,0.75,0.4,0.1,57.08731521560768,-11.553159739032882,26.756223025979587,68.88090963494913,0.0,30.000000000000004,61.74324870798723,20.393668432728163,-6.348977577542447,28.153519381331343,77.21822541966426,0.0,30.000000000000004,18.29330216866395
ma225_r0.225_c0.75_v20.55_v10.10,225,0.22499999999999998,0.75,0.55,0.1,57.078742819634584,-10.375104694084136,30.666969214343975,74.74566128067026,0.0,41.25,67.94625443335127,19.086224961851084,-7.791129003511799,32.639891635128585,86.09112709832134,0.0,41.25,20.693926036642416
ma175_r0.300_c0.75_v20.70_v10.00,175,0.29999999999999993,0.75,0.7,0.0,57.05376470377057,-12.929316103701971,32.72423248238891,54.81747456612807,0.0,52.49999999999999,71.9335594811867,21.692663673570234,-9.773998134392892,36.42012584669514,65.70743405275779,0.0,52.49999999999999,22.583559481186715
ma150_r0.100_c0.75_v20.55_v10.10,150,0.1,0.75,0.55,0.1,57.0530780418961,-10.217391902315299,26.380980553858663,74.1472172351885,0.0,29.013921002633662,62.410168183710354,20.487686297925055,-4.392683843962686,24.96103546354972,79.85611510791367,0.0,29.013921002633662,15.04147482324979
ma175_r0.275_c0.75_v20.55_v10.20,175,0.27499999999999997,0.75,0.55,0.2,57.05084140572028,-12.507515625012534,31.850736155455895,74.38659485338121,0.0,41.25,71.05300239035677,22.185250715571982,-6.955270864070739,33.48961442085717,82.25419664268586,0.0,41.25,20.093027790072284
ma250_r0.100_c0.75_v20.25_v10.30,250,0.1,0.75,0.25,0.3,57.039205811798446,-10.021853968100125,25.613697380229905,76.12208258527828,0.0,12.83981727576908,57.4984884942793,23.02815062668262,-3.7148477645576827,23.342155861938334,88.00959232613909,0.0,12.83981727576908,12.526718893552815
ma125_r0.150_c0.75_v20.85_v10.00,125,0.15,0.75,0.85,0.0,57.03528634027422,-14.538717289001701,34.0054697215467,54.7576301615799,0.0,63.74999999999999,70.01001189078855,21.04723397771071,-9.617021660373481,36.536802500514646,66.90647482014388,0.0,63.74999999999999,21.329423057501707
ma100_r0.125_c0.75_v20.40_v10.10,100,0.125,0.75,0.4,0.1,57.00533769794367,-11.482685422340344,25.113247573734913,69.6588868940754,0.0,25.67963455153816,58.387774178233784,21.18498712666328,-3.949808171089353,24.024285029629226,78.41726618705036,0.0,25.67963455153816,14.51363459683121
ma250_r0.150_c0.75_v20.25_v10.20,250,0.15,0.75,0.25,0.2,56.99736446783206,-10.522514550464113,26.46486003601701,75.28426092160383,0.0,18.75,56.92833276007573,22.555792858820766,-4.483635556444043,24.870867446005317,88.2494004796163,0.0,18.75,13.514017899643752
ma75_r0.250_c0.75_v20.40_v10.20,75,0.24999999999999997,0.75,0.4,0.2,56.97525004882296,-13.142202901953626,27.076889430834743,66.90604428485936,0.0,30.000000000000004,64.57272346518359,23.82004787960572,-5.399587045402909,27.750755219095225,73.621103117506,0.0,30.000000000000004,17.976598889977385
ma250_r0.100_c0.75_v20.40_v10.10,250,0.1,0.75,0.4,0.1,56.969758143404015,-8.77295072688067,24.63994268595438,75.58348294434471,0.0,20.54370764123053,58.98949305254689,21.014114057186983,-3.1866167263323697,23.04731106239404,88.2494004796163,0.0,20.54370764123053,14.190775451450644
ma75_r0.300_c0.75_v20.55_v10.00,75,0.29999999999999993,0.75,0.55,0.0,56.954008939494386,-13.530309225151404,27.51645268652029,50.50867743865949,0.0,41.25,66.81724210689015,21.558129508443425,-8.911544671881211,29.940029830156817,60.19184652278178,0.0,41.25,20.84224210689014
ma75_r0.100_c1.00_v20.25_v10.00,75,0.1,1.0,0.25,0.0,56.94654392386131,-11.71079622350013,22.108605271129637,53.26152004787552,1.9150209455415919,13.98154650706392,64.75373312837155,20.69953799837403,-2.9343783394113143,19.997286921182802,63.78896882494005,0.0,13.98154650706392,15.324841606279598
ma100_r0.100_c0.75_v20.40_v10.10,100,0.1,0.75,0.4,0.1,56.921939802386426,-10.315206529578235,23.51271042000574,70.19748653500898,0.0,20.54370764123053,56.66319813642589,20.46038806586401,-3.1866167263323697,22.20093945244493,77.45803357314148,0.0,20.54370764123053,13.454984765922092
ma200_r0.250_c0.75_v20.40_v10.30,200,0.24999999999999997,0.75,0.4,0.3,56.91248525078429,-12.332799359367641,30.97230222154642,74.80550568521844,0.0,30.000000000000004,64.68792355903443,23.364714671481757,-6.077730145149818,31.264212163083265,82.01438848920863,0.0,30.000000000000004,16.252361137360573
ma150_r0.200_c0.75_v20.55_v10.10,150,0.19999999999999998,0.75,0.55,0.1,56.87518811071908,-11.479527696910917,29.936768473583314,73.0101735487732,0.0,41.25,67.18221013812428,20.189837631215024,-7.551765705550107,30.983505428492453,79.61630695443645,0.0,41.25,19.33989664152218
ma75_r0.125_c0.75_v20.25_v10.30,75,0.125,0.75,0.25,0.3,56.87264853875944,-12.316228512343496,25.067856593272197,69.00059844404548,0.0,16.04977159471135,60.13942503433685,25.344299320898322,-3.159149436093156,23.113348305968604,75.0599520383693,0.0,16.04977159471135,13.645335326172548
ma75_r0.175_c0.75_v20.55_v10.10,75,0.175,0.75,0.55,0.1,56.86234397309708,-13.609851701665987,27.892800723235815,67.56433273488929,0.0,41.25,65.6193741972145,22.518682448827665,-7.0868164421248,28.62648838251279,74.82014388489209,0.0,41.25,18.564983134008372
ma175_r0.225_c0.75_v20.70_v10.20,175,0.22499999999999998,0.75,0.7,0.2,56.838224902657956,-13.887036018845311,34.75288916151085,74.56612806702573,0.0,52.49999999999999,72.32113626552068,22.679477534727987,-9.643575852117358,37.22095625231606,83.21342925659472,0.0,52.49999999999999,20.94763258154915
ma75_r0.175_c0.75_v20.25_v10.30,75,0.175,0.75,0.25,0.3,56.80789731235707,-12.38113991878851,26.05589057724155,68.52184320766008,0.0,18.75,60.92029234307742,24.910362173286217,-4.413882396983637,25.1005581642562,75.0599520383693,0.0,18.75,14.791307588753941
ma175_r0.100_c0.75_v20.85_v10.10,175,0.1,0.75,0.85,0.1,56.80040709631564,-13.796498726184947,32.02663189008168,76.12208258527828,0.0,44.83969609497929,66.95556942872041,22.40934932910308,-6.095802213336354,31.839023422763358,84.17266187050359,0.0,44.83969609497929,17.631865524350538
ma75_r0.175_c0.75_v20.70_v10.10,75,0.175,0.75,0.7,0.1,56.79352775221955,-15.161859413128964,30.704867377552986,67.56433273488929,0.0,52.49999999999999,67.73930997268229,23.63604804120094,-8.755440404854042,32.608061361837386,74.82014388489209,0.0,52.49999999999999,20.293260230965192
ma200_r0.100_c0.75_v20.55_v10.00,200,0.1,0.75,0.55,0.0,56.79099265165792,-7.962883736737769,25.78752677488633,57.57031717534411,0.0,29.013921002633662,63.081472216473486,18.872994756300578,-4.680554795148617,24.545356429186775,69.30455635491607,0.0,29.013921002633662,15.473450943864233
ma175_r0.150_c0.75_v20.55_v10.20,175,0.15,0.75,0.55,0.2,56.7805141867793,-12.370084271078252,30.63233125437464,75.28426092160383,0.0,41.25,68.66583300546185,22.477889970725684,-5.3127480843383035,30.06476804799331,84.17266187050359,0.0,41.25,17.47250937269652
ma250_r0.300_c0.75_v20.25_v10.20,250,0.29999999999999993,0.75,0.25,0.2,56.770637836494565,-10.594504242454528,27.58679764208218,74.68581687612208,0.0,18.75,59.572518788491045,22.337562897850205,-6.384229159800958,28.1905318463448,86.810551558753,0.0,18.75,16.509779729670328
ma200_r0.225_c0.75_v20.40_v10.30,200,0.22499999999999998,0.75,0.4,0.3,56.75860459879662,-12.332799359367975,30.87603910157879,75.04488330341114,0.0,30.000000000000004,64.50568402180052,23.2119722627516,-5.967006573234135,31.005455189670762,82.9736211031175,0.0,30.000000000000004,16.04498864356665
ma100_r0.150_c0.75_v20.55_v10.00,100,0.15,0.75,0.55,0.0,56.75836131448393,-11.741110806849441,27.131727844759773,52.96229802513464,0.0,41.25,62.24757134457882,19.50635375061229,-7.2221908482478225,27.83928920651475,66.18705035971223,0.0,41.25,17.667258092175484
ma75_r0.200_c0.75_v20.70_v10.10,75,0.19999999999999998,0.75,0.7,0.1,56.726309955218056,-15.283403686620256,31.035320605006607,67.50448833034112,0.0,52.49999999999999,68.19677438041063,23.42893258571237,-9.382480965974626,33.557820732815124,74.58033573141488,0.0,52.49999999999999,20.868067436659388
ma150_r0.250_c0.75_v20.25_v10.30,150,0.24999999999999997,0.75,0.25,0.3,56.72589211291115,-11.703796994982351,28.128136820605874,74.6259724715739,0.0,18.75,61.75734548414714,23.218340952725747,-5.792412610161124,28.181546106343013,78.8968824940048,0.0,18.75,16.04152863414457
ma125_r0.175_c0.75_v20.85_v10.00,125,0.175,0.75,0.85,0.0,56.71997384219787,-14.489090408011606,34.58053078038713,54.15918611609815,0.0,63.74999999999999,70.7505909705952,20.521752189214126,-10.366036605118722,37.99326485131513,66.18705035971223,0.0,63.74999999999999,22.119680748259924
ma175_r0.200_c0.75_v20.85_v10.10,175,0.19999999999999998,0.75,0.85,0.1,56.71813585816179,-14.849370148861052,36.57478030194429,74.56612806702573,0.0,63.74999999999999,72.00766542262996,21.80054950817003,-10.534451452388272,40.05928648842373,83.21342925659472,0.0,63.74999999999999,22.280261107495665
ma175_r0.125_c0.75_v20.55_v10.20,175,0.125,0.75,0.55,0.2,56.709954788459726,-12.238011939114612,29.748240112152445,75.8228605625374,0.0,36.26740125329208,67.43004674597833,23.041584018260018,-4.479895823334557,28.393184152172772,84.17266187050359,0.0,36.26740125329208,16.160086247551238
ma100_r0.225_c0.75_v20.55_v10.00,100,0.22499999999999998,0.75,0.55,0.0,56.709839985634346,-11.831941239657052,28.077694766757293,52.30400957510473,0.0,41.25,64.21545549323349,18.792162126684865,-8.72338252733844,30.508973305472338,64.98800959232614,0.0,41.25,19.878507844983332
ma100_r0.225_c0.75_v20.40_v10.10,100,0.22499999999999998,0.75,0.4,0.1,56.70783497416583,-11.553159739032914,26.677589943384888,69.12028725314184,0.0,30.000000000000004,61.52547665585802,20.229771342373205,-6.221815663751029,27.909069096165968,78.17745803357315,0.0,30.000000000000004,18.061835571739692
ma150_r0.275_c0.75_v20.25_v10.30,150,0.27499999999999997,0.75,0.25,0.3,56.70105538622643,-11.703796994982241,28.213505177721576,74.6259724715739,0.0,18.75,61.980589112675844,23.28934073050879,-5.997218935703574,28.418319091119038,78.8968824940048,0.0,18.75,16.27569057767301
ma150_r0.225_c0.75_v20.25_v10.30,150,0.22499999999999998,0.75,0.25,0.3,56.69950615665715,-11.703796994982573,28.03703214798366,74.92519449431478,0.0,18.75,61.523742906183294,23.10883302218698,-5.636186271401655,27.925529101069213,80.0959232613909,0.0,18.75,15.791576991976363
ma75_r0.175_c0.75_v20.40_v10.20,75,0.175,0.75,0.4,0.2,56.691986149220064,-13.027551788252579,26.570145023647466,67.20526630760024,0.0,30.000000000000004,63.219577824759284,23.64505136015198,-4.602022207724998,26.255503496324735,74.82014388489209,0.0,30.000000000000004,16.535665906916456
ma75_r0.225_c0.75_v20.40_v10.20,75,0.22499999999999998,0.75,0.4,0.2,56.68841185178306,-13.14220290195356,27.019600838813773,67.14542190305207,0.0,30.000000000000004,64.46200393733474,23.64107747258175,-5.271141411340608,27.616725235045546,74.58033573141488,0.0,30.000000000000004,17.86680262092178
ma125_r0.175_c0.75_v20.70_v10.10,125,0.175,0.75,0.7,0.1,56.67901619951073,-13.747667581140776,32.41422570706265,71.573907839617,0.0,52.49999999999999,69.39935881502365,21.33188766365319,-8.75544040485402,34.233430167480684,79.85611510791367,0.0,52.49999999999999,19.924488606454226
ma75_r0.125_c0.75_v20.40_v10.20,75,0.125,0.75,0.4,0.2,56.67629817168416,-13.068160494071023,25.52669898513596,67.92339916217833,0.0,25.67963455153816,62.15177067303861,24.213767022590858,-3.2892635419669025,24.15682560871725,74.82014388489209,0.0,25.67963455153816,15.03789307737073
ma225_r0.200_c0.75_v20.55_v10.10,225,0.19999999999999998,0.75,0.55,0.1,56.675357975862426,-10.384042807399895,30.448128542004117,74.74566128067026,0.0,41.25,67.29495172579766,19.0776703962684,-7.551765705550107,31.90781429069104,86.09112709832134,0.0,41.25,20.023287485913066
ma250_r0.275_c0.75_v20.25_v10.20,250,0.27499999999999997,0.75,0.25,0.2,56.65012078615857,-10.594504242454494,27.520818595072804,74.68581687612208,0.0,18.75,59.41560817494687,22.173604584715424,-6.214693613199995,27.974263415490654,86.810551558753,0.0,18.75,16.3183397521978
ma200_r0.150_c0.75_v20.55_v10.00,200,0.15,0.75,0.55,0.0,56.640629692650116,-8.359005925402696,28.52561946039965,55.475763016157984,0.0,41.25,66.92982840721741,18.883770344785123,-7.2221908482478225,28.43323264070672,68.10551558752998,0.0,41.25,18.492258092175483
ma75_r0.200_c0.75_v20.85_v10.00,75,0.19999999999999998,0.75,0.85,0.0,56.63984618167643,-16.625697717093168,32.995090544893955,50.927588270496706,0.0,63.74999999999999,68.9112068171367,22.66835247897463,-10.53471212608984,37.1689399888573,61.87050359712231,0.0,63.74999999999999,23.195938118853963
ma175_r0.100_c0.75_v20.70_v10.30,175,0.1,0.75,0.7,0.3,56.63049754397704,-12.986747110631047,31.271421992211273,76.12208258527828,0.0,36.92680854880647,67.50724327692674,23.971826967590594,-5.135135368420752,29.826951521032345,84.17266187050359,0.0,36.92680854880647,15.694460449183499
ma225_r0.150_c0.75_v20.25_v10.20,225,0.15,0.75,0.25,0.2,56.625068625571416,-10.452281537275498,26.317845633784593,74.92519449431478,0.0,18.75,57.076608478206566,22.063767142368242,-4.483635556444043,24.551536352167524,85.61151079136691,0.0,18.75,13.512293617774587
ma225_r0.150_c0.75_v20.85_v10.00,225,0.15,0.75,0.85,0.0,56.62231553100408,-12.829817996615,34.3903300385164,55.475763016157984,0.0,63.74999999999999,68.7029342033419,19.94132831815312,-10.277167289006195,37.59332884063945,70.02398081534771,0.0,63.74999999999999,22.40591449970337
ma100_r0.175_c0.75_v20.40_v10.10,100,0.175,0.75,0.4,0.1,56.61588084835722,-11.436411109916634,26.179599996016467,69.18013165769,0.0,30.000000000000004,60.04123834087909,20.31745226930637,-5.516642800870796,26.32392256751213,78.41726618705036,0.0,30.000000000000004,16.4496854893316
ma75_r0.200_c0.75_v20.55_v10.10,75,0.19999999999999998,0.75,0.55,0.1,56.61565237765846,-13.732976442884915,28.185894623282948,67.50448833034112,0.0,41.25,66.16131092750926,22.259592886932555,-7.5517657055501175,29.46277928470887,74.58033573141488,0.0,41.25,19.212649393024126
ma125_r0.200_c0.75_v20.70_v10.10,125,0.19999999999999998,0.75,0.7,0.1,56.6129713643936,-13.871237911752344,32.77425049146338,71.51406343506882,0.0,52.49999999999999,69.96776002565917,21.12372650142045,-9.382480965974615,35.300469266088754,79.61630695443645,0.0,52.49999999999999,20.620401119790984
ma175_r0.175_c0.75_v20.85_v10.10,175,0.175,0.75,0.85,0.1,56.59897263657132,-14.72825535841178,36.176534091873194,74.80550568521844,0.0,63.74999999999999,71.5388454487421,21.95360477103099,-10.159593382193865,38.875324325832686,83.93285371702638,0.0,63.74999999999999,21.67231656166171
ma175_r0.225_c0.75_v20.85_v10.00,175,0.22499999999999998,0.75,0.85,0.0,56.5815618224514,-14.423169677798054,35.68447301622033,55.17654099341711,0.0,63.74999999999999,71.84472393814312,21.144929828961658,-10.791800760731096,40.04007740012313,67.14628297362111,0.0,63.74999999999999,23.15125939084742
ma175_r0.200_c0.75_v20.55_v10.30,175,0.19999999999999998,0.75,0.55,0.3,56.53997750503756,-13.243532873408736,32.689302651652426,74.6259724715739,0.0,41.25,69.88631019956748,22.697497482734953,-6.6384861073153445,33.358676903681676,83.21342925659472,0.0,41.25,18.243996702965383
ma150_r0.250_c0.75_v20.70_v10.00,150,0.24999999999999997,0.75,0.7,0.0,56.53949604383337,-12.484097515537618,32.28390552392694,54.39856373429084,0.0,52.49999999999999,68.83213290098894,20.364979588588582,-9.638091586888208,35.814233019488114,65.70743405275779,0.0,52.49999999999999,22.032132900988927
ma225_r0.100_c0.75_v20.55_v10.10,225,0.1,0.75,0.55,0.1,56.53877910267913,-9.817493065503879,26.71536999102098,75.46379413524835,0.0,29.013921002633662,62.66329019557183,20.095817538394954,-4.392683843962686,25.46765896732624,86.57074340527578,0.0,29.013921002633662,15.38641122831832
ma100_r0.125_c0.75_v20.25_v10.20,100,0.125,0.75,0.25,0.2,56.53417326797366,-11.24168484379422,24.195497587347983,69.6588868940754,0.0,16.04977159471135,53.77261328898257,22.896960916559973,-3.167247055309408,22.450577431749338,78.41726618705036,0.0,16.04977159471135,12.317469973754537
ma125_r0.275_c0.75_v20.70_v10.00,125,0.27499999999999997,0.75,0.7,0.0,56.522038639689455,-13.52684837154462,32.15879510627052,53.74027528426092,0.0,52.49999999999999,71.05126179162471,20.811087867208357,-9.699957996166797,35.98450495224731,64.5083932853717,0.0,52.49999999999999,22.15126179162471
ma225_r0.250_c0.75_v20.85_v10.00,225,0.24999999999999997,0.75,0.85,0.0,56.52029459239647,-12.804864777078507,35.76321742233928,54.51825254338719,0.0,63.74999999999999,70.37408931717798,18.23185690240805,-12.710574625700378,41.59393662815417,67.62589928057554,0.0,63.74999999999999,24.474089317177977
ma200_r0.225_c0.75_v20.55_v10.00,200,0.22499999999999998,0.75,0.55,0.0,56.5197167317111,-8.723382527338487,29.467018310672334,54.81747456612807,0.0,41.25,68.8654554932335,18.06461776330992,-8.72338252733844,31.103241031808125,66.90647482014388,0.0,41.25,20.703507844983335
ma125_r0.250_c0.75_v20.55_v10.10,125,0.24999999999999997,0.75,0.55,0.1,56.51313856269557,-12.785056552509488,29.9713691693264,71.27468581687613,0.0,41.25,68.66333059551266,20.6588457354149,-7.869487826214838,31.895439204404617,78.65707434052757,0.0,41.25,19.960707081883896
ma225_r0.100_c0.75_v20.25_v10.30,225,0.1,0.75,0.25,0.3,56.49221295139106,-10.163363357909528,25.43239916573135,75.76301615798923,0.0,13.188145910288027,57.442112642628196,22.722770163738872,-3.7148477645576827,22.999717789284375,85.85131894484412,0.0,13.188145910288027,12.42687572959008
ma75_r0.150_c0.75_v20.85_v10.00,75,0.15,0.75,0.85,0.0,56.49094171746667,-16.546099226799527,32.120608455933834,51.526032315978455,0.0,63.74999999999999,68.19702252304332,23.228259908267713,-9.602566640262733,34.915754584014245,62.829736211031175,0.0,63.74999999999999,22.17485464348262
ma100_r0.175_c0.75_v20.25_v10.20,100,0.175,0.75,0.25,0.2,56.465707878474646,-11.304377621483441,25.18568130885244,69.18013165769,0.0,18.75,54.942640369106314,22.37305183368312,-4.349438386856496,24.53329876310743,78.41726618705036,0.0,18.75,13.817746196069786
ma250_r0.250_c0.75_v20.25_v10.20,250,0.24999999999999997,0.75,0.25,0.2,56.45904376116675,-10.594504242454706,27.453641190559093,74.68581687612208,0.0,18.75,59.26078015904261,22.015054810020818,-6.039983703809204,27.765190416960106,86.810551558753,0.0,18.75,16.126899774725274
ma200_r0.150_c0.75_v20.40_v10.20,200,0.15,0.75,0.4,0.2,56.45285001908435,-10.972609999627247,28.365690872040556,75.46379413524835,0.0,30.000000000000004,65.05454876379987,22.257708420602928,-3.9551537188276864,26.868657474644188,84.17266187050359,0.0,30.000000000000004,15.697216104267422
ma175_r0.300_c0.75_v20.55_v10.10,175,0.29999999999999993,0.75,0.55,0.1,56.44698102166454,-11.854200168209527,30.735473402734893,74.32675044883304,0.0,41.25,70.73728578297265,20.995324499189238,-7.97374764667892,32.737058092355916,82.25419664268586,0.0,41.25,20.78091625356229
ma200_r0.200_c0.75_v20.40_v10.30,200,0.19999999999999998,0.75,0.4,0.3,56.42764844913828,-12.341542185368038,30.669537401526448,75.04488330341114,0.0,30.000000000000004,63.84400565499206,22.944138873683094,-5.746350181830595,30.329553764518955,82.9736211031175,0.0,30.000000000000004,15.356737567656083
ma225_r0.300_c0.75_v20.70_v10.00,225,0.29999999999999993,0.75,0.7,0.0,56.40314805372964,-11.466500166484138,32.80502242852895,54.51825254338719,0.0,52.49999999999999,70.43355948118672,18.88303311608601,-10.720803892266195,37.42732009129946,67.62589928057554,0.0,52.49999999999999,23.633559481186715
ma250_r0.175_c0.75_v20.25_v10.20,250,0.175,0.75,0.25,0.2,56.401535680303795,-10.477334388068659,26.877544830866352,75.04488330341114,0.0,18.75,57.55092485175982,22.008713902613543,-5.14350814321316,25.929657044002123,88.2494004796163,0.0,18.75,14.27326196321918
ma125_r0.125_c0.75_v20.55_v10.10,125,0.125,0.75,0.55,0.1,56.38827733853409,-12.49867234974995,28.04715036951655,72.65110712148413,0.0,36.26740125329208,65.10836557884514,21.380783244682245,-5.460088289063425,27.199522292781765,81.29496402877699,0.0,36.26740125329208,16.125955954965775
ma150_r0.100_c0.75_v20.25_v10.30,150,0.1,0.75,0.25,0.3,56.38287843733676,-9.979475082006017,24.67645387595287,75.70317175344105,0.0,13.188145910288027,57.43074947431406,22.742610805621055,-2.901384251408634,22.306911273886033,81.5347721822542,0.0,13.188145910288027,12.179927928972823
ma175_r0.250_c0.75_v20.55_v10.20,175,0.24999999999999997,0.75,0.55,0.2,56.37141081251072,-12.507515625012555,31.755524789601647,74.38659485338121,0.0,41.25,70.78113853668796,21.785366354782344,-6.926916807673966,33.214070663826995,82.25419664268586,0.0,41.25,19.810707081883898
ma75_r0.250_c0.75_v20.70_v10.00,75,0.24999999999999997,0.75,0.7,0.0,56.35032625918408,-15.084652130858556,30.293486873700378,50.56852184320766,0.0,52.49999999999999,68.24221999910341,22.410544764735473,-9.638091586888208,33.77349065850829,60.431654676258994,0.0,52.49999999999999,21.89221999910341
ma150_r0.200_c0.75_v20.25_v10.30,150,0.19999999999999998,0.75,0.25,0.3,56.3461906460978,-11.712602499084978,27.84660737349201,74.92519449431478,0.0,18.75,60.82746507022569,22.803843426589985,-5.369734998847331,27.27743770318718,80.0959232613909,0.0,18.75,15.073897270048468
ma250_r0.225_c0.75_v20.25_v10.20,250,0.22499999999999998,0.75,0.25,0.2,56.345861364841966,-10.594504242454617,27.37225706967694,74.92519449431478,0.0,18.75,59.0428123154692,21.919747462860585,-5.8653377128306765,27.506894490692492,87.76978417266187,0.0,18.75,15.87027263830517
ma175_r0.150_c0.75_v20.40_v10.30,175,0.15,0.75,0.4,0.3,56.336098937128455,-12.345942362198691,29.51050115024359,75.10472770795931,0.0,30.000000000000004,62.84318419768571,22.731338125522328,-5.747398350899314,28.244095285488253,84.17266187050359,0.0,30.000000000000004,14.310646380690255
ma150_r0.300_c0.75_v20.25_v10.30,150,0.29999999999999993,0.75,0.25,0.3,56.33229571411156,-11.703796994982385,28.304857356302527,74.6259724715739,0.0,18.75,62.266452854783445,23.15258537952993,-6.3585821326064496,28.691961985632535,78.8968824940048,0.0,18.75,16.572344266552374
ma200_r0.300_c0.75_v20.40_v10.20,200,0.29999999999999993,0.75,0.4,0.2,56.31694715097944,-11.056580472130006,29.5544181444426,74.68581687612208,0.0,30.000000000000004,67.74289894759036,22.142252026908448,-5.646662284559634,30.2582423416029,82.01438848920863,0.0,30.000000000000004,18.680159888769644
ma175_r0.125_c0.75_v20.85_v10.00,175,0.125,0.75,0.85,0.0,56.29175349471171,-14.52202378852997,33.50987408000275,56.37342908438061,0.0,56.04962011872412,68.92465902302511,22.31478815833048,-8.587708788434211,34.70759657935885,69.54436450839329,0.0,56.04962011872412,19.958043155484134
ma100_r0.300_c0.75_v20.25_v10.20,100,0.29999999999999993,0.75,0.25,0.2,56.28562780297537,-11.420652214259409,25.874975144137043,68.88090963494913,0.0,18.75,56.94730270190719,22.488353510922245,-5.812935352331239,26.692057081385656,77.21822541966426,0.0,18.75,15.984563643086481
ma125_r0.150_c0.75_v20.25_v10.30,125,0.15,0.75,0.25,0.3,56.268004076397446,-12.77154857934033,26.66653244384885,72.41172950329144,0.0,18.75,58.602698637431075,23.507615545342087,-4.607985037124019,25.308223045974724,80.57553956834532,0.0,18.75,13.78911456873998
ma100_r0.275_c0.75_v20.25_v10.20,100,0.27499999999999997,0.75,0.25,0.2,56.25726585235209,-11.420652214259475,25.805029180813406,68.88090963494913,0.0,18.75,56.77222692964167,22.389000070273134,-5.592374837283698,26.477759868954358,77.21822541966426,0.0,18.75,15.793141672829275
ma75_r0.250_c0.75_v20.25_v10.30,75,0.24999999999999997,0.75,0.25,0.3,56.252621345556534,-12.496002941362017,26.54332677306784,68.2226211849192,0.0,18.75,62.29287047247114,24.90153572447278,-5.217874525785526,26.5437407530265,73.86091127098321,0.0,18.75,16.196998480407125
ma225_r0.300_c0.75_v20.25_v10.20,225,0.29999999999999993,0.75,0.25,0.2,56.25229076423124,-10.52432773569244,27.438682740825442,74.56612806702573,0.0,18.75,59.722518788491044,21.732209621610487,-6.384229159800958,27.866790839150557,85.13189448441247,0.0,18.75,16.509779729670328
ma100_r0.175_c0.75_v20.55_v10.00,100,0.175,0.75,0.55,0.0,56.247595232503286,-11.714908618505104,27.575285957694323,52.42369838420108,0.0,41.25,63.057969897300886,18.896037647074525,-7.878301856948111,28.939576574631364,65.46762589928058,0.0,41.25,18.581629267959855
ma75_r0.225_c0.75_v20.25_v10.30,75,0.22499999999999998,0.75,0.25,0.3,56.24134451656981,-12.496002941361994,26.4827856904777,68.52184320766008,0.0,18.75,62.1557153956749,24.784691192623075,-5.065138956855431,26.406540254307377,75.0599520383693,0.0,18.75,16.073999853612662
ma75_r0.175_c0.75_v20.85_v10.00,75,0.175,0.75,0.85,0.0,56.24022389845968,-16.50545116968255,32.63487097371498,50.987432675044886,0.0,63.74999999999999,68.53692782090627,22.67902854996038,-10.346239703893566,36.12288706486634,62.11031175059952,0.0,63.74999999999999,22.68101759857099
ma125_r0.150_c0.75_v20.55_v10.10,125,0.15,0.75,0.55,0.1,56.225868852571104,-12.695208015839832,28.876280241402362,72.0526630760024,0.0,41.25,66.41852764319952,21.02942218114996,-6.291256954899104,28.784855313186263,80.3357314148681,0.0,41.25,17.48758497803341
ma75_r0.275_c0.75_v20.25_v10.30,75,0.27499999999999997,0.75,0.25,0.3,56.21303262723914,-12.496002941362129,26.598131540151464,68.2226211849192,0.0,18.75,62.41966659983224,24.979517918089012,-5.419379787325163,26.661697231247857,73.86091127098321,0.0,18.75,16.30420740856182
ma75_r0.200_c0.75_v20.40_v10.20,75,0.19999999999999998,0.75,0.4,0.2,56.19690870868857,-13.15086500820587,26.851094408604382,67.14542190305207,0.0,30.000000000000004,63.86153948409378,23.358496647972004,-5.031775567865382,27.065550799256577,74.58033573141488,0.0,30.000000000000004,17.26157532099171
ma175_r0.100_c0.75_v20.70_v10.20,175,0.1,0.75,0.7,0.2,56.18843794789263,-12.632192738193549,30.25719540008774,76.12208258527828,0.0,36.92680854880647,66.78432431122235,23.185943583531433,-4.870781465304475,29.066938900581512,84.17266187050359,0.0,36.92680854880647,16.043899642519314
ma75_r0.275_c0.75_v20.55_v10.00,75,0.27499999999999997,0.75,0.55,0.0,56.16988805947298,-13.530309225151383,27.47202558473692,50.50867743865949,0.0,41.25,66.69299315562282,21.08257043626265,-8.836125486049372,29.786858152952288,60.19184652278178,0.0,41.25,20.717993155622818
ma100_r0.250_c0.75_v20.25_v10.20,100,0.24999999999999997,0.75,0.25,0.2,56.159580755810154,-11.420652214259341,25.733884859985416,68.88090963494913,0.0,18.75,56.59179720876515,22.294955475683786,-5.36637427371679,26.27065808884667,77.21822541966426,0.0,18.75,15.601719702572069
ma100_r0.200_c0.75_v20.40_v10.10,100,0.19999999999999998,0.75,0.4,0.1,56.1569194427709,-11.561980316501042,26.485904335484744,69.12028725314184,0.0,30.000000000000004,60.809583667229795,19.97898905640283,-5.98485352645376,27.248168634337084,78.17745803357315,0.0,30.000000000000004,17.322315579893818
ma125_r0.100_c1.00_v20.25_v10.00,125,0.1,1.0,0.25,0.0,56.149317692028355,-11.283179148426903,22.902930610918208,57.749850388988634,1.9748653500897666,13.188145910288027,64.62826829055093,19.892239440285753,-2.9343783394113143,20.63464080286364,67.38609112709833,0.2398081534772182,13.188145910288027,14.919398138731172
ma225_r0.275_c0.75_v20.25_v10.20,225,0.27499999999999997,0.75,0.25,0.2,56.132172191959626,-10.52432773569264,27.372703693816074,74.56612806702573,0.0,18.75,59.565608174946874,21.569062610414868,-6.214693613199995,27.650522408296403,85.13189448441247,0.0,18.75,16.3183397521978
ma250_r0.125_c0.75_v20.25_v10.20,250,0.125,0.75,0.25,0.2,56.116740265814656,-10.4920391641652,25.764157091896834,75.52363853979654,0.0,16.04977159471135,56.495808065751696,22.648812530764538,-3.740953543788539,23.555573204856497,88.2494004796163,0.0,16.04977159471135,12.796965009533217
ma200_r0.125_c0.75_v20.40_v10.20,200,0.125,0.75,0.4,0.2,56.108867933388076,-10.922238443212496,27.598637074861067,75.76301615798923,0.0,26.376291820576053,64.13185278947608,22.581972446105404,-3.2892635419669247,25.464551795336366,84.17266187050359,0.0,26.376291820576053,14.614293648129088
ma200_r0.275_c0.75_v20.40_v10.20,200,0.27499999999999997,0.75,0.4,0.2,56.09971279172008,-11.056580472129983,29.47825106768701,74.68581687612208,0.0,30.000000000000004,67.55550982658727,21.936419017760155,-5.525539282156067,30.02689001217676,82.01438848920863,0.0,30.000000000000004,18.47347989803884
ma75_r0.100_c0.75_v20.85_v10.00,75,0.1,0.75,0.85,0.0,56.09649909409909,-15.216310852123637,29.155026677656302,53.620586475164565,0.0,47.53725812401732,64.92415783617054,22.2089366554979,-6.281797613299178,30.01625923073056,64.5083932853717,0.0,47.53725812401732,18.94183402348008
ma100_r0.225_c0.75_v20.25_v10.20,100,0.22499999999999998,0.75,0.25,0.2,56.09342394632462,-11.42065221425943,25.65348048416225,69.12028725314184,0.0,18.75,56.36976336011941,22.227131642471896,-5.140203684897237,26.030191979642748,78.17745803357315,0.0,18.75,15.363262855341013
ma125_r0.300_c0.75_v20.40_v10.20,125,0.29999999999999993,0.75,0.4,0.2,56.093353254922526,-12.718326401602154,28.51312550530436,71.3345302214243,0.0,30.000000000000004,65.34289894759036,22.004525246484818,-5.646662284559634,29.68270277325758,78.65707434052757,0.0,30.000000000000004,18.38015988876964
ma125_r0.150_c0.75_v20.40_v10.20,125,0.15,0.75,0.4,0.2,56.089643809116964,-12.649391050734128,27.333719006779834,72.11250748055058,0.0,30.000000000000004,62.616888386256676,22.079211873196325,-3.9551537188276864,26.317987161714928,80.3357314148681,0.0,30.000000000000004,15.387493155648155
ma225_r0.175_c0.75_v20.25_v10.20,225,0.175,0.75,0.25,0.2,56.08747758793782,-10.407065911892676,26.729550004758767,74.68581687612208,0.0,18.75,57.700138953959254,21.563140532249502,-5.14350814321316,25.60639720125451,85.61151079136691,0.0,18.75,14.272476065418623
ma100_r0.200_c0.75_v20.55_v10.00,100,0.19999999999999998,0.75,0.55,0.0,56.07969549800973,-11.84073406554912,27.890425238976896,52.30400957510473,0.0,41.25,63.76443803127837,18.62241839777714,-8.49386242196556,29.877658353385257,64.98800959232614,0.0,41.25,19.404976992639064
ma150_r0.300_c0.75_v20.55_v10.00,150,0.29999999999999993,0.75,0.55,0.0,56.06050218751033,-11.152117613653079,29.292937728654213,54.338719329742666,0.0,41.25,68.09513758915277,19.3783650783256,-8.911544671881211,31.93285118604602,65.46762589928058,0.0,41.25,21.445137589152772
ma200_r0.175_c0.75_v20.55_v10.00,200,0.175,0.75,0.55,0.0,56.031449947034105,-8.269192243606305,28.96456832308924,54.937163375224415,0.0,41.25,67.70796989730088,18.147728451855684,-7.878301856948111,29.533679290638336,67.38609112709833,0.0,41.25,19.406629267959858
ma175_r0.250_c0.75_v20.70_v10.10,175,0.24999999999999997,0.75,0.7,0.1,56.02962776550553,-13.355079564579174,33.699686263402114,74.32675044883304,0.0,52.49999999999999,71.8693198511757,21.612146447192092,-9.638091586888176,36.65056924011098,82.25419664268586,0.0,52.49999999999999,21.514019363241452
ma175_r0.175_c0.75_v20.70_v10.20,175,0.175,0.75,0.7,0.2,55.99941006229949,-13.773499122687793,34.15785994140342,74.80550568521844,0.0,52.49999999999999,71.32841137442357,22.386494601220885,-8.655440814250548,35.415356686454594,83.93285371702638,0.0,52.49999999999999,19.803541165854142
ma75_r0.100_c0.75_v20.70_v10.10,75,0.1,0.75,0.7,0.1,55.99740256766417,-13.898576857311573,27.42844921295027,69.23997606223818,0.0,35.95148837215342,64.32366505017976,22.803528022721675,-5.122826840038552,27.084168539441933,75.0599520383693,0.0,35.95148837215342,16.992150366236743
ma175_r0.275_c0.75_v20.70_v10.00,175,0.27499999999999997,0.75,0.7,0.0,55.99073498031522,-12.929316103702003,32.64042559089774,54.81747456612807,0.0,52.49999999999999,71.65784619108783,21.036125195226262,-9.699957996166797,36.11593070719237,65.70743405275779,0.0,52.49999999999999,22.30784619108782
ma150_r0.125_c0.75_v20.70_v10.00,150,0.125,0.75,0.7,0.0,55.9801648331675,-11.914519939397806,30.240411147009578,56.01436265709157,0.0,46.15851068600809,65.50933448669959,21.106134672932964,-7.323787074125676,30.730233012772867,69.54436450839329,0.0,46.15851068600809,18.402338328803715
ma175_r0.100_c0.75_v20.85_v10.00,175,0.1,0.75,0.85,0.0,55.958755313554384,-13.481069509179623,31.13489357747402,57.989228007181325,0.0,44.83969609497929,66.50569378300804,21.250179188588113,-6.561098335919901,31.370221706009676,69.30455635491607,0.0,44.83969609497929,17.99963013475876
ma150_r0.100_c0.75_v20.70_v10.00,150,0.1,0.75,0.7,0.0,55.9533536113453,-10.795363064760345,28.129749423040572,57.63016157989228,0.0,36.92680854880647,63.473967762651,20.17935877250874,-5.412126072507794,27.9016152610711,69.30455635491607,0.0,36.92680854880647,16.6671193060544
ma225_r0.250_c0.75_v20.25_v10.20,225,0.24999999999999997,0.75,0.25,0.2,55.94172694481614,-10.524327735692696,27.305526289302357,74.56612806702573,0.0,18.75,59.41078015904261,21.411297375017035,-6.039983703809204,27.441449409765863,85.13189448441247,0.0,18.75,16.126899774725274
ma175_r0.100_c0.75_v20.55_v10.30,175,0.1,0.75,0.55,0.3,55.92497423890465,-11.703727088595905,28.721648549463648,75.94254937163375,0.0,29.013921002633662,65.58333686186819,22.968178031161557,-3.820499135300337,26.7252737481443,84.17266187050359,0.0,29.013921002633662,14.615431453418593
ma200_r0.100_c0.75_v20.40_v10.30,200,0.1,0.75,0.4,0.3,55.923660404617756,-10.886725868864133,26.997482251230615,76.18192698982645,0.0,21.101033456460843,60.27456366990668,23.071959848412703,-3.1381337058858483,24.48576731610215,84.17266187050359,0.0,21.101033456460843,12.502571411585569
ma125_r0.125_c0.75_v20.40_v10.20,125,0.125,0.75,0.4,0.2,55.91953822666742,-12.556326118195127,26.623353261574206,72.71095152603232,0.0,26.376291820576053,61.655935589402624,22.33007908452771,-3.2892635419669247,24.998064750087917,81.29496402877699,0.0,26.376291820576053,14.355402779440467
ma225_r0.225_c0.75_v20.25_v10.20,225,0.22499999999999998,0.75,0.25,0.2,55.90516433179595,-10.524327735692706,27.222899042053513,74.80550568521844,0.0,18.75,59.18542582468827,21.375820580554674,-5.8653377128306765,27.17817203467629,86.09112709832134,0.0,18.75,15.862886147524236
ma75_r0.200_c0.75_v20.25_v10.30,75,0.19999999999999998,0.75,0.25,0.3,55.904259829361756,-12.504729441243867,26.322924506018136,68.52184320766008,0.0,18.75,61.55588506088489,24.469886240613835,-4.8014069367339545,25.877265362980012,75.0599520383693,0.0,18.75,15.483273147058512
ma175_r0.125_c0.75_v20.40_v10.30,175,0.125,0.75,0.4,0.3,55.888139092589405,-12.395157384046096,28.69431069983202,75.64332734889288,0.0,26.376291820576053,62.25196066919997,23.20995626135527,-4.7984601308263315,26.68036596395855,84.17266187050359,0.0,26.376291820576053,13.555043711564046
ma125_r0.275_c0.75_v20.40_v10.20,125,0.27499999999999997,0.75,0.4,0.2,55.87642962509891,-12.718326401602054,28.43695842854877,71.3345302214243,0.0,30.000000000000004,65.15550982658726,21.798924333250923,-5.525539282156067,29.451350443831437,78.65707434052757,0.0,30.000000000000004,18.17347989803884
ma100_r0.100_c0.75_v20.25_v10.20,100,0.1,0.75,0.25,0.2,55.873475338682034,-10.028343236587444,22.668161488710517,70.19748653500898,0.0,12.83981727576908,52.52971835833525,21.79852949446626,-2.4830431767162264,20.876496459938107,77.45803357314148,0.0,12.83981727576908,11.6920088044505
ma200_r0.200_c0.75_v20.55_v10.00,200,0.19999999999999998,0.75,0.55,0.0,55.86641891854862,-8.493862421965536,29.279728193631872,54.81747456612807,0.0,41.25,68.41443803127837,17.87782518451735,-8.49386242196556,30.47184357455663,66.90647482014388,0.0,41.25,20.229976992639063
ma175_r0.275_c0.75_v20.55_v10.10,175,0.27499999999999997,0.75,0.55,0.1,55.84269828318351,-11.854200168209527,30.656512333982743,74.32675044883304,0.0,41.25,70.51591365506393,20.604523093223403,-7.8975547350185415,32.47595060673072,82.25419664268586,0.0,41.25,20.543027790072287
ma75_r0.300_c0.75_v20.25_v10.30,75,0.29999999999999993,0.75,0.25,0.3,55.83083134962621,-12.496002941361994,26.65892012870033,68.2226211849192,0.0,18.75,62.609082840772246,24.84705675981118,-5.878575946395015,26.816523619206684,73.86091127098321,0.0,18.75,16.47390808206744
ma250_r0.200_c0.75_v20.25_v10.20,250,0.19999999999999998,0.75,0.25,0.2,55.82277616422395,-10.603420372853268,27.179674981212965,74.92519449431478,0.0,18.75,58.29875135726501,21.639681472259564,-5.580612922058159,26.844543861731022,87.76978417266187,0.0,18.75,15.10782719263013
ma175_r0.200_c0.75_v20.70_v10.20,175,0.19999999999999998,0.75,0.7,0.2,55.82228908925675,-13.895623943585434,34.52309429985808,74.56612806702573,0.0,52.49999999999999,71.88038238970631,22.16436610786254,-9.382480965974638,36.48823653378125,83.21342925659472,0.0,52.49999999999999,20.483023483838124
ma225_r0.125_c0.75_v20.25_v10.20,225,0.125,0.75,0.25,0.2,55.81468130478606,-10.396336324906741,25.621746139976647,75.16457211250747,0.0,16.485182387860036,56.58896713317238,22.17515874524136,-3.740953543788539,23.256369037858995,85.61151079136691,0.0,16.485182387860036,12.754135337367494
ma225_r0.225_c0.75_v20.85_v10.00,225,0.22499999999999998,0.75,0.85,0.0,55.78777153581769,-12.80486477707844,35.63935563765776,54.877318970676235,0.0,63.74999999999999,70.25789211077728,18.08639639030012,-12.263914602181902,41.19021855221415,69.06474820143885,0.0,63.74999999999999,24.33942756348157
ma175_r0.225_c0.75_v20.55_v10.20,175,0.22499999999999998,0.75,0.55,0.2,55.785518185972506,-12.507515625012477,31.654677849119196,74.6259724715739,0.0,41.25,70.61794729427649,21.46066781245386,-6.840201840170968,32.924177586548986,83.21342925659472,0.0,41.25,19.62511133670267
ma125_r0.225_c0.75_v20.55_v10.10,125,0.22499999999999998,0.75,0.55,0.1,55.783989650983386,-12.785056552509621,29.87793240487506,71.51406343506882,0.0,41.25,68.49442014721872,20.296579153763904,-7.783651039733009,31.60791287019115,79.61630695443645,0.0,41.25,19.775111336702672
ma200_r0.250_c0.75_v20.40_v10.20,200,0.24999999999999997,0.75,0.4,0.2,55.771292213806056,-11.056580472129951,29.399223769796727,74.68581687612208,0.0,30.000000000000004,67.35955438780661,21.73567200407207,-5.399587045402909,29.80219928545036,82.01438848920863,0.0,30.000000000000004,18.266799907308034
ma250_r0.300_c0.75_v20.40_v10.00,250,0.29999999999999993,0.75,0.4,0.0,55.74232746372354,-9.059694617355252,27.087572704240703,53.74027528426092,0.0,30.000000000000004,64.65901476681488,19.031481264323634,-7.536816194621188,28.940848893971737,67.14628297362111,0.0,30.000000000000004,20.55901476681488
ma125_r0.100_c0.75_v20.40_v10.20,125,0.1,0.75,0.4,0.2,55.73726030671311,-11.263891567499185,24.862276565284088,72.89048473967684,0.0,21.101033456460843,59.54010986985415,21.485753589251132,-2.6554188950923874,23.083330841946324,81.29496402877699,0.0,21.101033456460843,13.385974593304308
ma100_r0.200_c0.75_v20.25_v10.20,100,0.19999999999999998,0.75,0.25,0.2,55.71571879543167,-11.429485955505548,25.472589709907666,69.12028725314184,0.0,18.75,55.672707841398534,21.964552136606663,-4.802812803061851,25.401024123691606,78.17745803357315,0.0,18.75,14.640485163328659
ma125_r0.125_c0.75_v20.25_v10.30,125,0.125,0.75,0.25,0.3,55.6701159290987,-12.505751789002295,25.975459233943983,73.12986235786954,0.0,16.485182387860036,57.999140451880876,23.58017387650211,-3.9556726419458066,24.04704727151082,81.5347721822542,0.0,16.485182387860036,13.09035419801982
ma125_r0.100_c0.75_v20.55_v10.10,125,0.1,0.75,0.55,0.1,55.63215825378391,-11.32987104143729,26.150585386186126,72.89048473967684,0.0,29.013921002633662,62.87088313017897,20.154158093883012,-4.392683843962686,24.856913414588238,81.29496402877699,0.0,29.013921002633662,14.850503648301528
ma200_r0.175_c0.75_v20.40_v10.20,200,0.175,0.75,0.4,0.2,55.61433715479915,-10.939277320781226,28.80218534292831,75.22441651705566,0.0,30.000000000000004,65.71576821147954,21.598783358528827,-4.602022207724977,27.961574584837855,84.17266187050359,0.0,30.000000000000004,16.474215359932053
ma200_r0.300_c0.75_v20.40_v10.10,200,0.29999999999999993,0.75,0.4,0.1,55.56142823441945,-9.406190138852832,28.291060486549163,74.68581687612208,0.0,30.000000000000004,67.24367787034126,20.05476338569141,-6.593583844190876,29.245777557712383,82.01438848920863,0.0,30.000000000000004,19.312308340930894
ma125_r0.250_c0.75_v20.40_v10.20,125,0.24999999999999997,0.75,0.4,0.2,55.54847881606153,-12.718326401602031,28.357931130658486,71.3345302214243,0.0,30.000000000000004,64.9595543878066,21.598403680542777,-5.399587045402909,29.22665971710504,78.65707434052757,0.0,30.000000000000004,17.966799907308037
ma225_r0.175_c0.75_v20.85_v10.00,225,0.175,0.75,0.85,0.0,55.53260925840464,-12.687816074976077,34.95392535782519,54.937163375224415,0.0,63.74999999999999,69.2439976531638,18.671483849913706,-11.35699219723657,39.02190355371084,69.30455635491607,0.0,63.74999999999999,23.16308743082853
ma200_r0.225_c0.75_v20.40_v10.20,200,0.22499999999999998,0.75,0.4,0.2,55.524453694764574,-11.056580472129763,29.31229382093085,74.92519449431478,0.0,30.000000000000004,67.15015176769548,21.588590231559213,-5.271141411340596,29.552952952319128,82.9736211031175,0.0,30.000000000000004,18.037983536519366
ma225_r0.200_c0.75_v20.25_v10.20,225,0.19999999999999998,0.75,0.25,0.2,55.51127987533313,-10.533250864574907,27.030205727055765,74.80550568521844,0.0,18.75,58.442185587681955,21.196546600034228,-5.580612922058159,26.515375699388883,86.09112709832134,0.0,18.75,15.101261423047077
ma150_r0.300_c0.75_v20.40_v10.10,150,0.29999999999999993,0.75,0.4,0.1,55.5045326165571,-10.85213320416656,27.68513589049889,72.83064033512866,0.0,30.000000000000004,65.44367787034125,20.225386021158908,-6.593583844190876,28.993978996561303,78.65707434052757,0.0,30.000000000000004,19.312308340930894
ma75_r0.100_c0.75_v20.55_v10.10,75,0.1,0.75,0.55,0.1,55.498988923114226,-12.608763070941198,25.02992797116519,69.12028725314184,0.0,28.24759800669198,62.30649325824887,21.550223850093666,-4.392683843962663,23.997496539237854,75.0599520383693,0.0,28.24759800669198,15.521430205896333
ma175_r0.175_c0.75_v20.55_v10.20,175,0.175,0.75,0.55,0.2,55.48692544195226,-12.392505800531218,31.117291735357455,74.86535008976661,0.0,41.25,69.43649097956357,21.42128861132133,-6.17651345669179,31.282522093367877,83.93285371702638,0.0,41.25,18.303279449505116
ma75_r0.300_c0.75_v20.40_v10.10,75,0.29999999999999993,0.75,0.4,0.1,55.48582296116356,-12.837298474875913,26.112374199512217,66.90604428485936,0.0,30.000000000000004,64.43745870636906,22.19167207907342,-6.593583844190876,27.220636831579288,73.621103117506,0.0,30.000000000000004,18.784067120134115
ma150_r0.225_c0.75_v20.70_v10.00,150,0.22499999999999998,0.75,0.7,0.0,55.46677365099146,-12.484097515537606,32.18578306251105,54.7576301615799,0.0,52.49999999999999,68.69795224163062,19.88197891795349,-9.643575852117381,35.49731267840484,67.14628297362111,0.0,52.49999999999999,21.882746143857695
ma175_r0.150_c0.75_v20.85_v10.00,175,0.15,0.75,0.85,0.0,55.46607963827854,-14.40196777001036,34.53069027422166,55.95451825254338,0.0,63.74999999999999,70.53025217906085,21.455473486938594,-9.669760827147444,36.775490185141216,68.10551558752998,0.0,63.74999999999999,21.613802384613937
ma225_r0.150_c0.75_v20.40_v10.10,225,0.15,0.75,0.4,0.1,55.423886055847895,-9.831133601979648,27.14337307786372,75.16457211250747,0.0,30.000000000000004,62.745561359125894,19.969881175097104,-4.743388819478622,26.285608692390632,86.57074340527578,0.0,30.000000000000004,16.592616024025602
ma225_r0.300_c0.75_v20.40_v10.10,225,0.29999999999999993,0.75,0.4,0.1,55.40472981569855,-9.808257945559017,28.32714409429254,74.56612806702573,0.0,30.000000000000004,65.74367787034126,19.157887601017997,-7.082238425763954,29.821317126057707,85.13189448441247,0.0,30.000000000000004,19.912308340930892
ma175_r0.125_c0.75_v20.70_v10.10,175,0.125,0.75,0.7,0.1,55.38384525904505,-13.345399871374141,31.523972249942062,75.76301615798923,0.0,46.15851068600809,68.48041252010398,22.523540588632418,-7.000179846583931,31.336843865359015,84.17266187050359,0.0,46.15851068600809,17.925033510157974
ma175_r0.200_c0.75_v20.85_v10.00,175,0.19999999999999998,0.75,0.85,0.0,55.35095936267138,-14.431704183725213,35.44217550378597,55.17654099341711,0.0,63.74999999999999,71.58813713864512,20.667351532927114,-10.534712126089874,39.250064608302246,67.14628297362111,0.0,63.74999999999999,22.87286844036238
ma225_r0.275_c0.75_v20.70_v10.00,225,0.27499999999999997,0.75,0.7,0.0,55.344522075952,-11.466500166484206,32.72121553703777,54.51825254338719,0.0,52.49999999999999,70.15784619108783,18.2416527460062,-10.703293795960455,37.12312495179668,67.62589928057554,0.0,52.49999999999999,23.35784619108782
ma125_r0.175_c0.75_v20.40_v10.20,125,0.175,0.75,0.4,0.2,55.337366025857236,-12.603115776671657,27.765389041956755,71.63375224416517,0.0,30.000000000000004,63.32932788055291,21.515710201058404,-4.602022207724977,27.394915489802074,79.85611510791367,0.0,30.000000000000004,16.187775029005415
ma150_r0.275_c0.75_v20.55_v10.00,150,0.27499999999999997,0.75,0.55,0.0,55.3303746312259,-11.152117613653056,29.22184213966729,54.338719329742666,0.0,41.25,67.85189734769689,18.94926247587245,-8.836125486049418,31.672813700407087,65.46762589928058,0.0,41.25,21.201897347696892
ma175_r0.150_c0.75_v20.70_v10.10,175,0.15,0.75,0.7,0.1,55.296138375908214,-13.32112198384231,32.492004536344915,75.22441651705566,0.0,52.49999999999999,69.956441000387,22.012676467006443,-8.02558065891532,33.225986250249875,84.17266187050359,0.0,52.49999999999999,19.42209183094012
ma125_r0.175_c0.75_v20.55_v10.10,125,0.175,0.75,0.55,0.1,55.28672229048086,-12.669289078678558,29.35722029593456,71.573907839617,0.0,41.25,67.28281174992048,20.23647889728888,-7.0868164421248,29.998757277769894,79.85611510791367,0.0,41.25,18.424600219862015
ma125_r0.225_c0.75_v20.40_v10.20,125,0.22499999999999998,0.75,0.4,0.2,55.286322996285996,-12.718326401602098,28.271281636159635,71.573907839617,0.0,30.000000000000004,64.75015176769546,21.45148775644565,-5.271141411340596,28.977413383973804,79.61630695443645,0.0,30.000000000000004,17.737983536519366
ma225_r0.125_c0.75_v20.70_v10.00,225,0.125,0.75,0.7,0.0,55.28486229090943,-11.54891293996424,30.448506962396415,55.894673847995215,0.0,46.15851068600809,66.40835961316863,20.078382364381508,-7.398734180998934,31.292501787063788,71.46282973621103,0.0,46.15851068600809,18.945944682296464
ma75_r0.225_c0.75_v20.70_v10.00,75,0.22499999999999998,0.75,0.7,0.0,55.261655148230005,-15.084652130858544,30.22250322524251,50.927588270496706,0.0,52.49999999999999,68.22703062993367,21.90579546615645,-9.643575852117337,33.56532081251579,61.87050359712231,0.0,52.49999999999999,21.861824532160725
ma125_r0.250_c0.75_v20.70_v10.00,125,0.24999999999999997,0.75,0.7,0.0,55.2417213273599,-13.52684837154462,32.07006811583592,53.74027528426092,0.0,52.49999999999999,70.78978344693155,20.161536717730264,-9.638091586888208,35.69475506044715,64.5083932853717,0.0,52.49999999999999,21.889783446931553
ma225_r0.200_c0.75_v20.85_v10.00,225,0.19999999999999998,0.75,0.85,0.0,55.236914880680985,-12.813560675203794,35.36940609647002,54.877318970676235,0.0,63.74999999999999,69.86928662543103,18.133406310305578,-11.658980231017512,40.289398709921116,69.06474820143885,0.0,63.74999999999999,23.92901792714829
ma125_r0.175_c0.75_v20.25_v10.30,125,0.175,0.75,0.25,0.3,55.23208844546759,-12.799224125443654,27.08544582184037,72.23219628964692,0.0,18.75,59.27042485125062,22.902025400631775,-5.23175958344857,26.3408696360847,80.0959232613909,0.0,18.75,14.554978696370153
ma250_r0.275_c0.75_v20.40_v10.00,250,0.27499999999999997,0.75,0.4,0.0,55.227267384250545,-9.059694617355174,27.025793678550787,53.74027528426092,0.0,30.000000000000004,64.44576353624697,18.732021763572206,-7.418109099241022,28.711365682783445,67.14628297362111,0.0,30.000000000000004,20.345763536246974
ma225_r0.100_c0.75_v20.70_v10.00,225,0.1,0.75,0.7,0.0,55.20364593543865,-10.667248686444342,28.27871263445372,57.27109515260324,0.0,36.92680854880647,64.45417560910714,19.364609875193906,-5.672182770047818,28.351430280503838,71.22302158273382,0.0,36.92680854880647,17.1020043888486
ma200_r0.275_c0.75_v20.40_v10.10,200,0.27499999999999997,0.75,0.4,0.1,55.17873130428792,-9.406190138852931,28.221599446602006,74.68581687612208,0.0,30.000000000000004,67.0478905057756,19.795648753616813,-6.473671102478473,29.014864439893422,82.01438848920863,0.0,30.000000000000004,19.102949312519986
ma200_r0.100_c0.75_v20.40_v10.20,200,0.1,0.75,0.4,0.2,55.139912444422336,-9.764610995724299,25.692070819116292,76.0622381807301,0.0,21.101033456460843,61.69357452780205,21.686747572669994,-2.6554188950923874,23.456520478145084,84.17266187050359,0.0,21.101033456460843,13.593087288255203
ma225_r0.125_c0.75_v20.40_v10.10,225,0.125,0.75,0.4,0.1,55.13497481695491,-9.966817693404817,26.410428684458914,75.40394973070018,0.0,26.376291820576053,61.69053670633818,20.362925429681766,-3.949808171089353,24.874275357170035,86.57074340527578,0.0,26.376291820576053,15.359321935331177
ma175_r0.200_c0.75_v20.55_v10.20,175,0.19999999999999998,0.75,0.55,0.2,55.134860746042946,-12.516241077209134,31.447296177445814,74.6259724715739,0.0,41.25,70.06911491928028,21.14971193659274,-6.605941877282584,32.250466435577465,83.21342925659472,0.0,41.25,19.0518014226782
ma75_r0.250_c0.75_v20.55_v10.00,75,0.24999999999999997,0.75,0.55,0.0,55.13058874723651,-13.530309225151383,27.417036479024752,50.50867743865949,0.0,41.25,66.5243119596571,20.544418916054276,-8.80834459331833,29.618203291434714,60.19184652278178,0.0,41.25,20.549311959657107
ma150_r0.275_c0.75_v20.40_v10.10,150,0.27499999999999997,0.75,0.4,0.1,55.12197565543022,-10.852133204166591,27.61567485055174,72.83064033512866,0.0,30.000000000000004,65.24789050577559,19.965903133630157,-6.473671102478473,28.763065878742346,78.65707434052757,0.0,30.000000000000004,19.102949312519986
ma200_r0.200_c0.75_v20.40_v10.20,200,0.19999999999999998,0.75,0.4,0.2,55.11242042694722,-11.065450572180001,29.113460243097432,74.92519449431478,0.0,30.000000000000004,66.45100422219221,21.33941484593571,-5.031775567865382,28.886562167448602,82.9736211031175,0.0,30.000000000000004,17.313736134856228
ma200_r0.150_c0.75_v20.25_v10.30,200,0.15,0.75,0.25,0.3,55.10491998283782,-12.382500534495211,28.0908449533699,76.42130460801914,0.0,18.75,62.06703306959909,23.355415936204558,-5.0164695031493896,26.03063360765443,84.41247002398082,0.0,18.75,13.551915716047976
ma175_r0.225_c0.75_v20.70_v10.10,175,0.22499999999999998,0.75,0.7,0.1,55.09414164277571,-13.355079564579341,33.59553330434032,74.56612806702573,0.0,52.49999999999999,71.7726091184629,21.15729278385372,-9.643575852117326,36.33634621221721,83.21342925659472,0.0,52.49999999999999,21.397632581549146
ma75_r0.275_c0.75_v20.40_v10.10,75,0.27499999999999997,0.75,0.4,0.1,55.06334575339131,-12.83729847487589,26.071119063496777,66.90604428485936,0.0,30.000000000000004,64.35052293880106,21.890715197964816,-6.473671102478484,27.10153100448725,73.621103117506,0.0,30.000000000000004,18.693728193456273
ma175_r0.300_c0.75_v20.40_v10.30,175,0.29999999999999993,0.75,0.4,0.3,55.04987984750927,-12.444958151567398,30.77312794421823,74.20706163973668,0.0,30.000000000000004,65.31694195306376,22.049844457484436,-7.480622390716263,31.793233334330733,82.25419664268586,0.0,30.000000000000004,17.072833364832686
ma125_r0.100_c0.75_v20.70_v10.00,125,0.1,0.75,0.7,0.0,55.037502234973616,-12.014114432356237,27.970487493043883,57.09156193895871,0.0,36.92680854880647,65.15787058504134,19.94045779707758,-5.412126072507794,27.761954418768873,68.10551558752998,0.0,36.92680854880647,16.500723388225744
ma75_r0.125_c0.75_v20.70_v10.00,75,0.125,0.75,0.7,0.0,55.024989846933956,-14.842793828582689,28.437022067275247,51.8850987432675,0.0,48.93541277472371,65.90929227655162,22.653681923322356,-7.323787074125687,29.34816249770845,64.26858513189448,0.0,48.93541277472371,18.988703803692157
ma225_r0.275_c0.75_v20.40_v10.10,225,0.27499999999999997,0.75,0.4,0.1,55.017955087955464,-9.808257945558896,28.2599124724314,74.56612806702573,0.0,30.000000000000004,65.55698208874394,18.900708699208636,-6.93453588412094,29.590404008238753,85.13189448441247,0.0,30.000000000000004,19.702949312519983
ma175_r0.250_c0.75_v20.55_v10.10,175,0.24999999999999997,0.75,0.55,0.1,55.01525137753034,-11.854200168209427,30.568317104694444,74.32675044883304,0.0,41.25,70.23833059551266,20.16069543158572,-7.869487826214838,32.20119460008807,82.25419664268586,0.0,41.25,20.260707081883897
ma125_r0.200_c0.75_v20.55_v10.10,125,0.19999999999999998,0.75,0.55,0.1,55.01105497788941,-12.793754326099249,29.67868947896931,71.51406343506882,0.0,41.25,67.93221013812428,19.952155555731622,-7.551765705550107,30.947534205470873,79.61630695443645,0.0,41.25,19.189896641522182
ma200_r0.300_c0.75_v20.40_v10.00,200,0.29999999999999993,0.75,0.4,0.0,55.01072401863247,-8.209841966868758,27.042689400829573,54.219030520646314,0.0,30.000000000000004,66.75901476681489,18.202791985386433,-7.536816194621188,28.29336687958325,64.98800959232614,0.0,30.000000000000004,19.95901476681488
ma150_r0.150_c0.75_v20.25_v10.20,150,0.15,0.75,0.25,0.2,55.00564807451496,-11.01445603295097,25.489338821018027,73.60861759425494,0.0,18.75,57.17694102345358,21.94662209306999,-3.6563320954004275,23.826512501228926,80.3357314148681,0.0,18.75,13.265345817157328
ma75_r0.100_c0.75_v20.25_v10.30,75,0.1,0.75,0.25,0.3,55.00331101305833,-11.266773271831031,23.550608458630172,69.83842010771993,0.0,12.83981727576908,58.65159592001075,23.63662467501737,-2.576146855473904,21.440778934619313,75.29976019184652,0.0,12.83981727576908,13.014691659997318
ma200_r0.150_c0.75_v20.40_v10.10,200,0.15,0.75,0.4,0.1,54.99227421452921,-9.311080908745318,27.153904952728098,75.46379413524835,0.0,30.000000000000004,64.3820164713422,20.124417252244896,-4.743388819478622,25.90074344274441,84.17266187050359,0.0,30.000000000000004,16.219857381630575
ma150_r0.150_c0.75_v20.70_v10.00,150,0.15,0.75,0.7,0.0,54.98460980368793,-12.235499432182074,31.129965238272572,55.41591861160982,0.0,52.49999999999999,66.95945257031009,20.38179251435168,-8.272027086262312,32.50882488840803,68.10551558752998,0.0,52.49999999999999,19.949316608034827
ma75_r0.100_c0.75_v20.40_v10.20,75,0.1,0.75,0.4,0.2,54.98213580329288,-12.109568594077192,23.97404640909283,68.76122082585279,0.0,20.54370764123053,60.462851141958836,22.72508918241021,-2.6554188950923985,22.334726587703933,75.0599520383693,0.0,20.54370764123053,14.179224325207704
ma175_r0.175_c0.75_v20.40_v10.30,175,0.175,0.75,0.4,0.3,54.97648958039687,-12.330206285142475,29.97690123183519,74.68581687612208,0.0,30.000000000000004,63.47054949826368,21.742096674521004,-6.557966235091239,29.42654000326865,83.93285371702638,0.0,30.000000000000004,15.02899664671618
ma175_r0.175_c0.75_v20.85_v10.00,175,0.175,0.75,0.85,0.0,54.972637560210735,-14.30829335019521,35.054346793894496,55.23638539796529,0.0,63.74999999999999,71.09486685222613,20.691881299436975,-10.387979052340846,38.093376502564126,67.38609112709833,0.0,63.74999999999999,22.238956629890858
ma150_r0.150_c0.75_v20.40_v10.10,150,0.15,0.75,0.4,0.1,54.928852593674726,-10.778599701472436,26.55895626473302,73.48892878515859,0.0,30.000000000000004,62.5520185222202,20.299154983433397,-4.743388819478622,25.67094731712536,79.85611510791367,0.0,30.000000000000004,16.21499590732094
ma175_r0.150_c0.75_v20.55_v10.10,175,0.15,0.75,0.55,0.1,54.9247852018859,-11.798514828210704,29.49351477001431,75.22441651705566,0.0,41.25,68.00524235466915,20.750002939275845,-6.291256954899104,29.143827970260034,84.17266187050359,0.0,41.25,17.857092291724666
ma150_r0.125_c0.75_v20.40_v10.10,150,0.125,0.75,0.4,0.1,54.92442687334196,-10.741162866109589,25.876213380719477,73.96768402154399,0.0,26.376291820576053,61.40147934229246,20.634483076700683,-3.949808171089353,24.36148214336887,79.85611510791367,0.0,26.376291820576053,15.044638504743961
ma175_r0.275_c0.75_v20.40_v10.30,175,0.27499999999999997,0.75,0.4,0.3,54.92402560452931,-12.444958151567553,30.68799104504255,74.20706163973668,0.0,30.000000000000004,65.15671591493788,21.840952753003485,-7.378172475775047,31.55237036462331,82.25419664268586,0.0,30.000000000000004,16.88759725109663
ma175_r0.125_c0.75_v20.55_v10.10,175,0.125,0.75,0.55,0.1,54.8872036889158,-11.836082067054598,28.651149922983386,75.76301615798923,0.0,36.26740125329208,66.63896742163678,21.250004752651684,-5.460088289063425,27.53244752546946,84.17266187050359,0.0,36.26740125329208,16.46999646965608
ma125_r0.200_c0.75_v20.40_v10.20,125,0.19999999999999998,0.75,0.4,0.2,54.82109781438511,-12.727030779975024,28.07341430347235,71.573907839617,0.0,30.000000000000004,64.0510042221922,21.202593339308095,-5.031775567865382,28.311022599103282,79.61630695443645,0.0,30.000000000000004,17.01373613485623
ma150_r0.100_c0.75_v20.40_v10.10,150,0.1,0.75,0.4,0.1,54.82049324522278,-9.861123396372173,24.161969994273402,74.1472172351885,0.0,21.101033456460843,59.333913151126865,20.02926634998916,-3.1866167263323697,22.484910033403136,79.85611510791367,0.0,21.101033456460843,13.87967264607424
ma175_r0.300_c0.75_v20.55_v10.00,175,0.29999999999999993,0.75,0.55,0.0,54.7758856238091,-11.42027984248266,29.577946705314893,54.7576301615799,0.0,41.25,70.42013758915277,19.3783650783256,-8.911544671881211,31.93285118604602,65.46762589928058,0.0,41.25,21.445137589152772
ma250_r0.100_c0.75_v20.25_v10.20,250,0.1,0.75,0.25,0.2,54.77472169814204,-9.490531402000691,24.029340463743985,75.58348294434471,0.0,12.83981727576908,55.119408396104205,21.519087453536546,-3.0117892720850747,21.788579427753998,88.2494004796163,0.0,12.83981727576908,12.075532804212163
ma200_r0.125_c0.75_v20.40_v10.10,200,0.125,0.75,0.4,0.1,54.757931643698335,-9.336370543195926,26.430283471408366,75.76301615798923,0.0,26.376291820576053,63.32362685960911,20.48853673494053,-3.949808171089353,24.55297891471808,84.17266187050359,0.0,26.376291820576053,15.048689733335323
ma250_r0.150_c0.75_v20.40_v10.00,250,0.15,0.75,0.4,0.0,54.731721686174104,-8.957291100662236,25.97748361508409,54.69778575703172,0.0,30.000000000000004,61.53676138230317,19.2682855842232,-5.531513904887619,25.530039050010494,69.54436450839329,0.0,30.000000000000004,17.22367604064783
ma250_r0.125_c0.75_v20.40_v10.00,250,0.125,0.75,0.4,0.0,54.72276646892269,-9.16956601871931,25.311067517177666,55.17654099341711,0.0,27.96309301412784,60.41800987571193,19.815095046488373,-4.672867932000502,24.21962698769766,70.9832134292566,0.0,27.96309301412784,15.903941397263043
ma125_r0.250_c0.75_v20.25_v10.30,125,0.24999999999999997,0.75,0.25,0.3,54.70909888140605,-12.913539064926171,27.665838795471227,71.93297426690604,0.0,18.75,60.932345484147135,22.861844453068937,-6.064974916112586,28.145574883321434,78.8968824940048,0.0,18.75,16.341528634144566
ma200_r0.125_c0.75_v20.25_v10.30,200,0.125,0.75,0.25,0.3,54.705838923874595,-12.425908596040024,27.331168733121626,76.72052663076002,0.0,16.485182387860036,61.627040524067084,23.59152175123034,-4.187518524875811,24.637574890320064,84.41247002398082,0.0,16.485182387860036,12.931520783318394
ma200_r0.250_c0.75_v20.40_v10.10,200,0.24999999999999997,0.75,0.4,0.1,54.70205255785938,-9.406190138852978,28.149959149384703,74.68581687612208,0.0,30.000000000000004,66.84353682343234,19.551670278420797,-6.348977577542447,28.792447588069802,82.01438848920863,0.0,30.000000000000004,18.89359028410908
ma175_r0.100_c0.75_v20.55_v10.20,175,0.1,0.75,0.55,0.2,54.696315372130556,-11.34337557234062,27.67717673563998,75.94254937163375,0.0,29.013921002633662,65.03662304083105,21.529106194681937,-3.955566553408607,25.91496441586526,84.17266187050359,0.0,29.013921002633662,14.935313303672766
ma175_r0.250_c0.75_v20.70_v10.00,175,0.24999999999999997,0.75,0.7,0.0,54.68856619191029,-12.929316103702071,32.54871701405261,54.81747456612807,0.0,52.49999999999999,71.38213290098892,20.364979588588582,-9.638091586888208,35.814233019488114,65.70743405275779,0.0,52.49999999999999,22.032132900988927
ma125_r0.275_c0.75_v20.25_v10.30,125,0.27499999999999997,0.75,0.25,0.3,54.68458176076514,-12.91353906492595,27.751207152586925,71.93297426690604,0.0,18.75,61.155589112675834,22.932638813605966,-6.269188694006733,28.382347868097458,78.8968824940048,0.0,18.75,16.575690577673008
ma175_r0.250_c0.75_v20.40_v10.30,175,0.24999999999999997,0.75,0.4,0.3,54.684253105632344,-12.444958151567464,30.599770803234026,74.20706163973668,0.0,30.000000000000004,64.98792355903444,21.636934646685347,-7.2711431033604885,31.318168997615643,82.25419664268586,0.0,30.000000000000004,16.702361137360572
ma125_r0.225_c0.75_v20.25_v10.30,125,0.22499999999999998,0.75,0.25,0.3,54.68305246712182,-12.913539064926127,27.574734122849005,72.23219628964692,0.0,18.75,60.6987429061833,22.75265335193741,-5.909200572912332,27.889557878047626,80.0959232613909,0.0,18.75,16.091576991976364
ma150_r0.250_c0.75_v20.40_v10.10,150,0.24999999999999997,0.75,0.4,0.1,54.645471251267594,-10.852133204166513,27.544034553334427,72.83064033512866,0.0,30.000000000000004,65.04353682343236,19.72157791458773,-6.348977577542447,28.540649026918725,78.65707434052757,0.0,30.000000000000004,18.89359028410908
ma125_r0.100_c0.75_v20.25_v10.30,125,0.1,0.75,0.25,0.3,54.642001154060814,-11.106423625339524,24.264492634724128,73.18970676241771,0.0,13.188145910288027,56.34052926735673,22.397316185663453,-3.1745382066916683,22.275562858607415,81.5347721822542,0.0,13.188145910288027,12.316717609353232
ma175_r0.100_c0.75_v20.70_v10.10,175,0.1,0.75,0.7,0.1,54.63122590581466,-12.289848586621899,29.279323247340155,76.12208258527828,0.0,36.92680854880647,66.1389718196018,21.43551188174133,-5.122826840038542,28.41750130074756,84.17266187050359,0.0,36.92680854880647,16.321334866934286
ma225_r0.175_c0.75_v20.40_v10.10,225,0.175,0.75,0.4,0.1,54.607473821400454,-9.689511386855331,27.576188687540515,74.92519449431478,0.0,30.000000000000004,63.5069592389147,19.09318089333043,-5.516642800870796,27.39434391708621,86.57074340527578,0.0,30.000000000000004,17.487476623379457
ma150_r0.125_c0.75_v20.25_v10.20,150,0.125,0.75,0.25,0.2,54.59571871428912,-10.7917618489757,24.855414501699286,74.32675044883304,0.0,16.485182387860036,56.60033826996644,22.056676394606043,-3.0642103129027043,22.66641069778688,81.29496402877699,0.0,16.485182387860036,12.54834550351978
ma250_r0.250_c0.75_v20.40_v10.00,250,0.24999999999999997,0.75,0.4,0.0,54.59212093717569,-9.059694617355197,26.9608056765229,53.74027528426092,0.0,30.000000000000004,64.23251230567907,18.437961345263943,-7.294669483274808,28.488544074294893,67.14628297362111,0.0,30.000000000000004,20.132512305679064
ma250_r0.100_c0.75_v20.40_v10.00,250,0.1,0.75,0.4,0.0,54.58796928792611,-8.629934435313002,23.62269033499439,56.25374027528426,0.0,22.370474411302272,58.65753457144221,19.26727237531378,-3.718313283590158,22.289197660777354,70.74340527577938,0.0,22.370474411302272,14.512470468850942
ma225_r0.100_c0.75_v20.40_v10.10,225,0.1,0.75,0.4,0.1,54.57611999167933,-9.401477197472797,24.619404384942793,75.46379413524835,0.0,21.101033456460843,59.69220257831087,19.8136480020054,-3.1866167263323697,22.895144604444067,86.57074340527578,0.0,21.101033456460843,14.131419390544014
ma150_r0.100_c0.75_v20.55_v10.00,150,0.1,0.75,0.55,0.0,54.569672173068916,-9.797060673006108,25.496095893521815,57.63016157989228,0.0,29.013921002633662,61.85227115997337,18.872994756300578,-4.680554795148617,24.545356429186775,69.30455635491607,0.0,29.013921002633662,15.473450943864233
ma150_r0.125_c0.75_v20.55_v10.00,150,0.125,0.75,0.55,0.0,54.53730492362323,-10.685512872067937,27.348565870748498,56.01436265709157,0.0,36.26740125329208,63.94083648780061,19.555446803087982,-6.353263119462871,26.913871634953868,69.54436450839329,0.0,36.26740125329208,17.032210773637413
ma225_r0.250_c0.75_v20.40_v10.10,225,0.24999999999999997,0.75,0.4,0.1,54.53674810684181,-9.808257945558928,28.19050159330011,74.56612806702573,0.0,30.000000000000004,65.36543826249448,18.658552878776224,-6.774366722629432,29.367987156415126,85.13189448441247,0.0,30.000000000000004,19.49359028410908
ma200_r0.100_c0.75_v20.40_v10.10,200,0.1,0.75,0.4,0.1,54.53576407857328,-8.653862948957936,24.61850969966986,76.0622381807301,0.0,21.101033456460843,60.79934599220754,19.913154327345307,-3.1866167263323697,22.6381074504825,84.17266187050359,0.0,21.101033456460843,13.88291362894733
ma75_r0.250_c0.75_v20.40_v10.10,75,0.24999999999999997,0.75,0.4,0.1,54.534545094743315,-12.837298474875979,26.027226827844775,66.90604428485936,0.0,30.000000000000004,64.25502085345552,21.595378880596883,-6.348977577542425,26.98908678009495,73.621103117506,0.0,30.000000000000004,18.60338926677843
ma75_r0.125_c0.75_v20.55_v10.00,75,0.125,0.75,0.55,0.0,54.53061625342821,-13.323596591946906,25.80078472096518,51.8850987432675,0.0,38.449252894425776,63.83847028801491,21.12599832028912,-6.353263119462893,25.759404729182418,64.26858513189448,0.0,38.449252894425776,17.36543583584774
ma175_r0.225_c0.75_v20.40_v10.30,175,0.22499999999999998,0.75,0.4,0.3,54.509133497509765,-12.444958151567565,30.50392836481694,74.44643925792938,0.0,30.000000000000004,64.80568402180052,21.486331466205712,-7.161826428293749,31.05941202420313,83.21342925659472,0.0,30.000000000000004,16.49498864356665
ma125_r0.125_c0.75_v20.70_v10.00,125,0.125,0.75,0.7,0.0,54.50465932670818,-13.310131724365403,30.002086052181625,55.475763016157984,0.0,46.15851068600809,67.34638852605576,20.70378681765441,-7.323787074125676,30.4959179803746,68.34532374100719,0.0,46.15851068600809,18.12316870448921
ma150_r0.300_c0.75_v20.25_v10.20,150,0.29999999999999993,0.75,0.25,0.2,54.50031050486588,-11.159124669414155,26.56759272462056,72.83064033512866,0.0,18.75,59.79751878849104,21.898505794317646,-5.435535911862366,26.976503069366387,78.65707434052757,0.0,18.75,16.134779729670328
ma200_r0.275_c0.75_v20.40_v10.00,200,0.27499999999999997,0.75,0.4,0.0,54.49808344665481,-8.20984196686868,26.980910375139654,54.219030520646314,0.0,30.000000000000004,66.54576353624697,17.90541730182047,-7.418109099241022,28.063883668394958,64.98800959232614,0.0,30.000000000000004,19.745763536246976
ma150_r0.200_c0.75_v20.70_v10.00,150,0.19999999999999998,0.75,0.7,0.0,54.46717109288264,-12.492825353360825,31.97256080698659,54.7576301615799,0.0,52.49999999999999,68.3491098302438,19.501510730514315,-9.382480965974672,34.79290509690183,67.14628297362111,0.0,52.49999999999999,21.51174496178278
ma75_r0.150_c0.75_v20.40_v10.10,75,0.15,0.75,0.4,0.1,54.42087168424534,-12.770191686057498,25.148983845680263,67.56433273488929,0.0,30.000000000000004,62.271666388935856,21.881035029270013,-4.7433888194786,24.560823646161865,74.82014388489209,0.0,30.000000000000004,16.40255634521531
ma225_r0.100_c0.75_v20.25_v10.20,225,0.1,0.75,0.25,0.2,54.41839295459863,-9.498051526308071,23.902167510834698,75.22441651705566,0.0,13.188145910288027,55.17093755909367,21.143124830058156,-3.0117892720850747,21.549216094155998,85.61151079136691,0.0,13.188145910288027,12.041269066479584
ma75_r0.150_c0.75_v20.70_v10.00,75,0.15,0.75,0.7,0.0,54.41394030246025,-15.002073364933022,29.240024892704515,51.526032315978455,0.0,52.49999999999999,66.93660943288552,22.158019616458713,-8.272027086262323,30.903182223528475,62.829736211031175,0.0,52.49999999999999,20.28536886690351
ma150_r0.275_c0.75_v20.25_v10.20,150,0.27499999999999997,0.75,0.25,0.2,54.39047696694112,-11.159124669414222,26.49715484143915,72.83064033512866,0.0,18.75,59.622425009010186,21.735135910936943,-5.264282308283386,26.76023463851223,78.65707434052757,0.0,18.75,15.9433397521978
ma225_r0.150_c0.75_v20.70_v10.00,225,0.15,0.75,0.7,0.0,54.37800198373153,-11.463899011383539,31.38907727820417,55.475763016157984,0.0,52.49999999999999,67.74393924156635,19.148065761586764,-8.460188270805634,33.18233907528892,70.02398081534771,0.0,52.49999999999999,20.601644232226125
ma150_r0.250_c0.75_v20.55_v10.00,150,0.24999999999999997,0.75,0.55,0.0,54.34579917826039,-11.152117613653035,29.140184546751556,54.338719329742666,0.0,41.25,67.56422486154264,18.458304391450795,-8.808344593318306,31.397293030455103,65.46762589928058,0.0,41.25,20.914224861542632
ma225_r0.225_c0.75_v20.40_v10.10,225,0.22499999999999998,0.75,0.4,0.1,54.338009001802476,-9.808257945558974,28.104809217406423,74.80550568521844,0.0,30.000000000000004,65.11789350954399,18.635584724836196,-6.480308822885306,29.08829701762,86.09112709832134,0.0,30.000000000000004,19.221232839232847
ma125_r0.200_c0.75_v20.25_v10.30,125,0.19999999999999998,0.75,0.25,0.3,54.334283520761794,-12.922223925236676,27.384309348357355,72.23219628964692,0.0,18.75,60.002465070225696,22.44854615519778,-5.643520199765161,27.241466480165595,80.0959232613909,0.0,18.75,15.373897270048468
ma175_r0.100_c0.75_v20.40_v10.30,175,0.1,0.75,0.4,0.3,54.331163504454864,-10.949030764905043,26.713804373765353,75.94254937163375,0.0,21.101033456460843,60.353040653696944,22.093676897379687,-3.814960943485124,24.512829476430078,84.17266187050359,0.0,21.101033456460843,12.745632173378253
ma125_r0.300_c0.75_v20.25_v10.30,125,0.29999999999999993,0.75,0.25,0.3,54.32056739270112,-12.913539064926105,27.842559331167884,71.93297426690604,0.0,18.75,61.44145285478345,22.796279124535545,-6.629506391401896,28.655990762610955,78.8968824940048,0.0,18.75,16.872344266552375
ma200_r0.225_c0.75_v20.40_v10.10,200,0.22499999999999998,0.75,0.4,0.1,54.310466423616035,-9.40619013885281,28.070950467840483,74.92519449431478,0.0,30.000000000000004,66.62573595975863,19.36908302391711,-6.221815663751029,28.547054122518347,82.9736211031175,0.0,30.000000000000004,18.662094875640307
ma175_r0.225_c0.75_v20.55_v10.10,175,0.22499999999999998,0.75,0.55,0.1,54.29308068388299,-11.85420016820956,30.474880340243104,74.56612806702573,0.0,41.25,70.06942014721872,19.799924498319243,-7.783651039733009,31.913668265874605,83.21342925659472,0.0,41.25,20.075111336702673
ma150_r0.175_c0.75_v20.70_v10.00,150,0.175,0.75,0.7,0.0,54.27392308023651,-12.367277391915854,31.62320659888678,54.81747456612807,0.0,52.49999999999999,67.7542003393853,19.583416611303118,-8.945491766815138,33.75405462681681,67.38609112709833,0.0,52.49999999999999,20.788074913547156
ma150_r0.175_c0.75_v20.25_v10.20,150,0.175,0.75,0.25,0.2,54.27313673115144,-11.042506779814099,25.874822517071173,73.12986235786954,0.0,18.75,57.81519917024002,21.464733553813353,-4.217745890301384,24.803814252156585,79.85611510791367,0.0,18.75,13.990304997203491
ma75_r0.100_c0.75_v20.70_v10.00,75,0.1,0.75,0.7,0.0,54.26587653429391,-13.705706356733582,26.617651807393283,53.620586475164565,0.0,39.14833021977897,63.83497238534975,21.24387006177544,-5.4121260725077285,26.744878134018833,64.5083932853717,0.0,39.14833021977897,17.349730229700235
ma75_r0.200_c0.75_v20.70_v10.00,75,0.19999999999999998,0.75,0.7,0.0,54.24632238981837,-15.093120619028955,30.03641978267607,50.927588270496706,0.0,52.49999999999999,67.99717950873539,21.505474154137282,-9.382480965974615,32.969663726103576,61.87050359712231,0.0,52.49999999999999,21.609814640274365
ma150_r0.225_c0.75_v20.40_v10.10,150,0.22499999999999998,0.75,0.4,0.1,54.24625763933151,-10.85213320416627,27.465166098973725,73.07001795332137,0.0,30.000000000000004,64.82573595975865,19.538731165852585,-6.221815663751029,28.29525556136727,79.61630695443645,0.0,30.000000000000004,18.662094875640307
ma100_r0.300_c0.75_v20.40_v10.00,100,0.29999999999999993,0.75,0.4,0.0,54.2276895293132,-11.4912793342556,25.821616476926106,51.46618791143028,0.0,30.000000000000004,62.55901476681488,18.630349229581977,-7.536816194621188,27.860722141351363,63.06954436450839,0.0,30.000000000000004,19.35901476681488
ma75_r0.225_c0.75_v20.55_v10.00,75,0.22499999999999998,0.75,0.55,0.0,54.21875557280775,-13.530309225151349,27.355368173596112,50.86774386594853,0.0,41.25,66.44453388153653,20.105611884117014,-8.723382527338487,29.43101710122215,61.63069544364509,0.0,41.25,20.457586233286364
ma150_r0.250_c0.75_v20.25_v10.20,150,0.24999999999999997,0.75,0.25,0.2,54.21222299735684,-11.159124669414089,26.425518600753406,72.83064033512866,0.0,18.75,59.44197728091835,21.577155155300698,-5.087801905418077,26.55116163998169,78.65707434052757,0.0,18.75,15.751899774725272
ma75_r0.150_c0.75_v20.25_v10.20,75,0.15,0.75,0.25,0.2,54.209581483261516,-12.224004427492297,24.198492757210893,67.56433273488929,0.0,18.75,58.14594938595904,23.370810998328583,-3.2798942521615193,22.835042801759336,74.82014388489209,0.0,18.75,13.846589183078915
ma125_r0.225_c0.75_v20.70_v10.00,125,0.22499999999999998,0.75,0.7,0.0,54.20399820101143,-13.526848371544709,31.97492724083057,54.099341711549975,0.0,52.49999999999999,70.66983773297899,19.69961697339442,-9.643575852117381,35.38978251526797,65.94724220623502,0.0,52.49999999999999,21.75463163520606
ma200_r0.175_c0.75_v20.40_v10.10,200,0.175,0.75,0.4,0.1,54.19800797267755,-9.286710367868933,27.57079964613664,75.22441651705566,0.0,30.000000000000004,65.14414439213274,19.397853158386024,-5.516642800870796,26.957390010664223,84.17266187050359,0.0,30.000000000000004,17.052591540585258
ma250_r0.175_c0.75_v20.40_v10.00,250,0.175,0.75,0.4,0.0,54.144441793146484,-8.939654648109185,26.382226091370086,54.15918611609815,0.0,30.000000000000004,62.43162866360345,18.57761078821145,-6.430638600948024,26.590260044759574,68.82494004796163,0.0,30.000000000000004,18.195072830759536
ma125_r0.300_c0.75_v20.55_v10.00,125,0.29999999999999993,0.75,0.55,0.0,54.139906324517064,-12.444688589625253,29.09333463427714,53.680430879712745,0.0,41.25,69.57431824428392,19.13509170369425,-8.911544671881211,31.789477635196867,64.26858513189448,0.0,41.25,21.274318244283922
ma250_r0.225_c0.75_v20.40_v10.00,250,0.22499999999999998,0.75,0.4,0.0,54.10915967319592,-9.059694617355118,26.882112127853347,54.099341711549975,0.0,30.000000000000004,63.96239242923203,18.261578633751597,-7.1687863897592745,28.216789694161015,68.5851318944844,0.0,30.000000000000004,19.853703230504642
ma175_r0.200_c0.75_v20.40_v10.30,175,0.19999999999999998,0.75,0.4,0.3,54.10244594548435,-12.453689792257794,30.29887603248379,74.44643925792938,0.0,30.000000000000004,64.14400565499206,21.222249207927234,-6.943973782979606,30.383510599051327,83.21342925659472,0.0,30.000000000000004,15.806737567656084
ma150_r0.175_c0.75_v20.40_v10.10,150,0.175,0.75,0.4,0.1,54.095366866400106,-10.734459229535675,26.96658927308504,73.12986235786954,0.0,30.000000000000004,63.34144002169068,19.579052012624242,-5.516642800870796,26.707757296484765,79.85611510791367,0.0,30.000000000000004,17.049887170143187
ma75_r0.225_c0.75_v20.40_v10.10,75,0.22499999999999998,0.75,0.4,0.1,54.07245683619617,-12.837298474875958,25.975712395584203,67.14542190305207,0.0,30.000000000000004,64.1460715867795,21.35413331810121,-6.22181566375104,26.852086949297814,74.58033573141488,0.0,30.000000000000004,18.49091396004272
ma150_r0.225_c0.75_v20.25_v10.20,150,0.22499999999999998,0.75,0.25,0.2,54.06519845000688,-11.159124669414144,26.344622305072463,73.07001795332137,0.0,18.75,59.21992542505728,21.445333287000736,-4.911386068708046,26.308724312354915,79.61630695443645,0.0,18.75,15.513424920278897
ma225_r0.300_c0.75_v20.55_v10.00,225,0.29999999999999993,0.75,0.55,0.0,54.062142987480485,-10.116284759743088,29.735038267253856,54.45840813883902,0.0,41.25,68.92013758915277,17.21271366178765,-9.132259094476414,32.72421809252084,67.38609112709833,0.0,41.25,22.270137589152768
ma75_r0.150_c0.75_v20.55_v10.00,75,0.15,0.75,0.55,0.0,54.058295896498976,-13.435999321458358,26.49015794314743,51.526032315978455,0.0,41.25,64.83362360344752,20.657332882362734,-7.222190848247845,27.081682912074577,62.829736211031175,0.0,41.25,18.60331035104417
ma200_r0.100_c0.75_v20.40_v10.00,200,0.1,0.75,0.4,0.0,54.054023835759324,-7.838665440994442,23.60630880502481,57.21125074805505,0.0,21.101033456460843,60.31421074920537,18.306847556235972,-3.718313283590158,21.94830105964645,68.5851318944844,0.0,21.101033456460843,14.246017682039401
ma175_r0.275_c0.75_v20.55_v10.00,175,0.27499999999999997,0.75,0.55,0.0,54.05176813374475,-11.420279842482529,29.50685111632797,54.7576301615799,0.0,41.25,70.1768973476969,18.94926247587245,-8.836125486049418,31.672813700407087,65.46762589928058,0.0,41.25,21.201897347696892
ma175_r0.175_c0.75_v20.70_v10.10,175,0.175,0.75,0.7,0.1,54.048276637770385,-13.240841221790411,33.01087646079533,74.80550568521844,0.0,52.49999999999999,70.74793998498737,20.833188985773532,-8.75544040485402,34.537994698625305,83.93285371702638,0.0,52.49999999999999,20.22306977641795
ma225_r0.250_c0.75_v20.70_v10.00,225,0.24999999999999997,0.75,0.7,0.0,54.04774769943241,-11.466500166484261,32.62950696019265,54.51825254338719,0.0,52.49999999999999,69.88213290098894,17.586002495851027,-10.697944568610641,36.821427264092435,67.62589928057554,0.0,52.49999999999999,23.082132900988928
ma225_r0.200_c0.75_v20.40_v10.10,225,0.19999999999999998,0.75,0.4,0.1,54.021553396465634,-9.817252537626208,27.898170261086175,74.80550568521844,0.0,30.000000000000004,64.33617642606177,18.60877729016861,-6.010705885711487,28.374308881065215,86.09112709832134,0.0,30.000000000000004,18.41955759544329
ma75_r0.175_c0.75_v20.70_v10.00,75,0.175,0.75,0.7,0.0,54.00952799959428,-14.971303343337283,29.714204387534288,50.987432675044886,0.0,52.49999999999999,67.52126130806545,21.55416588855332,-8.945491766815206,32.03956375110934,62.11031175059952,0.0,52.49999999999999,21.005135882227293
ma200_r0.175_c0.75_v20.25_v10.30,200,0.175,0.75,0.25,0.3,53.984487230793185,-12.382981879523768,28.5232883346209,76.36146020347098,0.0,18.75,62.65931186369176,22.688947428578167,-5.700770360949681,27.125046687362296,84.41247002398082,0.0,18.75,14.2688657088113
ma175_r0.200_c0.75_v20.70_v10.10,175,0.19999999999999998,0.75,0.7,0.1,53.98171515658608,-13.363720540588254,33.37119842683142,74.56612806702573,0.0,52.49999999999999,71.31776002565917,20.622636903587875,-9.382480965974615,35.60622466177221,83.21342925659472,0.0,52.49999999999999,20.92040111979098
ma150_r0.100_c0.75_v20.25_v10.20,150,0.1,0.75,0.25,0.2,53.971049839911814,-9.76781107801571,23.232680821653478,74.50628366247756,0.0,13.188145910288027,55.12159089320406,21.04834624806349,-2.4670652673576376,21.077249422098305,81.29496402877699,0.0,13.188145910288027,11.876637199401411
ma175_r0.150_c0.75_v20.40_v10.20,175,0.15,0.75,0.4,0.2,53.96864471532192,-11.715843960735505,28.075447816383075,75.10472770795931,0.0,30.000000000000004,65.22764111323474,21.285897847930247,-4.473503816333846,26.895719634972114,84.17266187050359,0.0,30.000000000000004,15.940276866060106
ma250_r0.300_c0.75_v20.25_v10.10,250,0.29999999999999993,0.75,0.25,0.1,53.96486302533914,-9.944483937330428,26.006107326030886,74.68581687612208,0.0,18.75,61.80423693463418,20.586588843058774,-5.750394833134154,26.635579860433666,86.810551558753,0.0,18.75,18.222867405223827
ma100_r0.100_c0.75_v20.40_v10.00,100,0.1,0.75,0.4,0.0,53.95512853312692,-10.299834825866528,22.646858969890005,54.51825254338719,0.0,21.101033456460843,56.889892897767446,18.612445733827897,-3.718313283590158,21.633615067881895,65.94724220623502,0.0,21.101033456460843,13.813356152870966
ma75_r0.300_c0.75_v20.25_v10.20,75,0.29999999999999993,0.75,0.25,0.2,53.9417757189568,-12.316397251542954,25.101801772840364,66.90604428485936,0.0,18.75,60.18845133329373,23.548869555960383,-4.950265142775878,25.295724952478523,73.621103117506,0.0,18.75,16.056668160823854
ma75_r0.100_c0.75_v20.55_v10.00,75,0.1,0.75,0.55,0.0,53.92965924852155,-12.41272231456888,24.202013551859185,53.50089766606823,0.0,30.759402315540623,61.870178815926025,20.03932942715403,-4.680554795148629,23.58584465036136,64.5083932853717,0.0,30.759402315540623,15.89646890243459
ma75_r0.125_c0.75_v20.40_v10.10,75,0.125,0.75,0.4,0.1,53.92918961412667,-12.762996149533844,24.524786151622884,67.92339916217833,0.0,25.67963455153816,61.612341710702076,21.93452965780289,-3.9498081710893307,23.390987867561353,74.82014388489209,0.0,25.67963455153816,15.476340391168325
ma225_r0.125_c0.75_v20.55_v10.00,225,0.125,0.75,0.55,0.0,53.89998568012033,-10.18844554127577,27.67649239036069,55.894673847995215,0.0,36.26740125329208,64.65679232331978,18.759482478654576,-6.353263119462871,27.355654243325304,71.46282973621103,0.0,36.26740125329208,17.459330051381713
ma200_r0.250_c0.75_v20.40_v10.00,200,0.24999999999999997,0.75,0.4,0.0,53.865920615764566,-8.20984196686868,26.915922373111762,54.219030520646314,0.0,30.000000000000004,66.33251230567906,17.613404112643714,-7.294669483274808,27.841062059906406,64.98800959232614,0.0,30.000000000000004,19.532512305679067
ma175_r0.125_c0.75_v20.40_v10.20,175,0.125,0.75,0.4,0.2,53.83154747089929,-11.619646671068262,27.33556777491406,75.64332734889288,0.0,26.376291820576053,64.15719336497494,21.769535371325375,-3.7156091354256238,25.48710359560964,84.17266187050359,0.0,26.376291820576053,14.816844282956325
ma75_r0.275_c0.75_v20.25_v10.20,75,0.27499999999999997,0.75,0.25,0.2,53.808776029664784,-12.316397251542943,25.05944521224149,66.90604428485936,0.0,18.75,60.11202984174597,23.352624854167736,-4.801797085108872,25.189545345513704,73.621103117506,0.0,18.75,15.984237480755201
ma75_r0.175_c0.75_v20.40_v10.10,75,0.175,0.75,0.4,0.1,53.8050009014978,-12.722244891468005,25.53195974888404,67.20526630760024,0.0,30.000000000000004,62.879478842706895,21.29143349807274,-5.516642800870808,25.481841329380465,74.82014388489209,0.0,30.000000000000004,17.116746458011733
ma175_r0.175_c0.75_v20.55_v10.10,175,0.175,0.75,0.55,0.1,53.79611255386973,-11.738331488798936,29.953354991390952,74.80550568521844,0.0,41.25,68.85292857921525,19.738139166750244,-7.0868164421248,30.3012538631599,83.93285371702638,0.0,41.25,18.719717049156785
ma200_r0.200_c0.75_v20.40_v10.10,200,0.19999999999999998,0.75,0.4,0.1,53.769105336115494,-9.415224828115443,27.878546365601263,74.92519449431478,0.0,30.000000000000004,65.90981415958589,19.10029736550274,-5.98485352645376,27.885210480303396,82.9736211031175,0.0,30.000000000000004,17.922546072249922
ma250_r0.200_c0.75_v20.40_v10.00,250,0.19999999999999998,0.75,0.4,0.0,53.768885755565286,-9.06876386173121,26.69652345699745,54.099341711549975,0.0,30.000000000000004,63.30095877430201,18.227573992175984,-6.934218566265882,27.561305270435927,68.5851318944844,0.0,30.000000000000004,19.169401565484414
ma175_r0.300_c0.75_v20.40_v10.20,175,0.29999999999999993,0.75,0.4,0.2,53.767352126460466,-11.814734952014183,29.25818834192913,74.20706163973668,0.0,30.000000000000004,68.04289894759036,20.99974732727472,-6.286852411036515,30.294213564624485,82.25419664268586,0.0,30.000000000000004,18.98015988876964
ma175_r0.125_c0.75_v20.70_v10.00,175,0.125,0.75,0.7,0.0,53.75830229977596,-12.966876544345585,30.50634992367475,56.37342908438061,0.0,46.15851068600809,68.01997674294495,21.106134672932964,-7.323787074125676,30.730233012772867,69.54436450839329,0.0,46.15851068600809,18.402338328803715
ma100_r0.275_c0.75_v20.40_v10.00,100,0.27499999999999997,0.75,0.4,0.0,53.74117508894223,-11.491279334255633,25.75985804049624,51.46618791143028,0.0,30.000000000000004,62.34576353624698,18.350017331066404,-7.418109099241022,27.63132143532748,63.06954436450839,0.0,30.000000000000004,19.145763536246974
ma250_r0.275_c0.75_v20.25_v10.10,250,0.27499999999999997,0.75,0.25,0.1,53.735813451102274,-9.944483937330306,25.94560066690623,74.68581687612208,0.0,18.75,61.61475822594308,20.406864553248848,-5.554733504191556,26.423740881642853,86.810551558753,0.0,18.75,18.013670121455174
ma150_r0.150_c0.75_v20.55_v10.00,150,0.15,0.75,0.55,0.0,53.71881052847232,-10.925119192648191,28.112978234839243,55.41591861160982,0.0,41.25,65.32598915595209,18.883770344785123,-7.2221908482478225,28.43323264070672,68.10551558752998,0.0,41.25,18.492258092175483
ma175_r0.100_c0.75_v20.55_v10.10,175,0.1,0.75,0.55,0.1,53.695581966233675,-10.990069587014407,26.66951241010999,75.94254937163375,0.0,29.013921002633662,64.28756746365833,20.051488968970265,-4.392683843962686,25.123253600738398,84.17266187050359,0.0,29.013921002633662,15.125736060053772
ma225_r0.100_c0.75_v20.55_v10.00,225,0.1,0.75,0.55,0.0,53.69321155561564,-9.598842336655434,25.75836849487736,57.27109515260324,0.0,29.013921002633662,62.62454983702814,18.24057053742518,-4.680554795148617,24.898782515883926,71.22302158273382,0.0,29.013921002633662,15.815146366059674
ma150_r0.200_c0.75_v20.40_v10.10,150,0.19999999999999998,0.75,0.4,0.1,53.67844917859244,-10.861023693220396,27.273245119307575,73.07001795332137,0.0,30.000000000000004,64.1098141595859,19.26956350745641,-5.98485352645376,27.633411919152316,79.61630695443645,0.0,30.000000000000004,17.922546072249922
ma175_r0.100_c0.75_v20.70_v10.00,175,0.1,0.75,0.7,0.0,53.66988662078538,-11.967385556471488,28.3734030351991,57.989228007181325,0.0,36.92680854880647,65.6718404429282,20.17935877250874,-5.412126072507794,27.9016152610711,69.30455635491607,0.0,36.92680854880647,16.6671193060544
ma175_r0.225_c0.75_v20.70_v10.00,175,0.22499999999999998,0.75,0.7,0.0,53.62852771558748,-12.92931610370205,32.450594552636716,55.17654099341711,0.0,52.49999999999999,71.24795224163063,19.88197891795349,-9.643575852117381,35.49731267840484,67.14628297362111,0.0,52.49999999999999,21.882746143857695
ma75_r0.175_c0.75_v20.55_v10.00,75,0.175,0.75,0.55,0.0,53.61921047512548,-13.415530985686086,26.90625516042015,50.987432675044886,0.0,41.25,65.52503086598102,20.09755174878172,-7.878301856948067,28.075186976921184,62.11031175059952,0.0,41.25,19.398690236639993
ma150_r0.200_c0.75_v20.25_v10.20,150,0.19999999999999998,0.75,0.25,0.2,53.610914552033464,-11.167984491983972,26.163239610960115,73.07001795332137,0.0,18.75,58.52285189912109,21.120182263770104,-4.623775904198856,25.677585237980914,79.61630695443645,0.0,18.75,14.790629221051223
ma75_r0.250_c0.75_v20.25_v10.20,75,0.24999999999999997,0.75,0.25,0.2,53.6077950089902,-12.316397251542943,25.015890294138256,66.90604428485936,0.0,18.75,60.03025440158725,23.162037575045915,-4.6480739620503915,25.0905611708725,73.621103117506,0.0,18.75,15.911806800686547
ma75_r0.175_c0.75_v20.25_v10.20,75,0.175,0.75,0.25,0.2,53.59484722017969,-12.201298467711851,24.550454951179535,67.20526630760024,0.0,18.75,58.67706040408179,22.954025362751686,-3.8181512316695865,23.677554661532707,74.82014388489209,0.0,18.75,14.48480716474992
ma250_r0.150_c0.75_v20.25_v10.10,250,0.15,0.75,0.25,0.1,53.556428777232924,-9.87000507757193,24.953916566796806,75.28426092160383,0.0,18.75,58.8149228838346,20.598682913277244,-3.7282995715001377,23.43408201710388,88.2494004796163,0.0,18.75,14.967794650685324
ma200_r0.125_c0.75_v20.40_v10.00,200,0.125,0.75,0.4,0.0,53.55573739665549,-8.414086283626443,25.312160962102514,55.71514063435069,0.0,26.376291820576053,62.70051598381596,18.61213029469826,-4.672867932000502,23.793506236284028,68.82494004796163,0.0,26.376291820576053,15.570875413748617
ma175_r0.275_c0.75_v20.40_v10.20,175,0.27499999999999997,0.75,0.4,0.2,53.55366095078882,-11.814734952014028,29.182021265173546,74.20706163973668,0.0,30.000000000000004,67.85550982658728,20.79583965662637,-6.144103462817596,30.062861235198348,82.25419664268586,0.0,30.000000000000004,18.773479898038836
ma75_r0.125_c0.75_v20.25_v10.20,75,0.125,0.75,0.25,0.2,53.54382789534997,-12.136253827833865,23.630042366985382,67.92339916217833,0.0,16.04977159471135,57.77372281026875,23.241444534182598,-2.729479193550577,21.805551295679617,74.82014388489209,0.0,16.04977159471135,13.258552426111699
ma200_r0.150_c0.75_v20.40_v10.00,200,0.15,0.75,0.4,0.0,53.53229188515169,-8.183121061170118,25.978533027216127,55.17654099341711,0.0,30.000000000000004,63.85612381640848,18.07451333196557,-5.531513904887619,25.066618348985653,67.38609112709833,0.0,30.000000000000004,16.843038474753143
ma125_r0.150_c0.75_v20.70_v10.00,125,0.15,0.75,0.7,0.0,53.5282107468245,-13.449416907165046,30.88680310594925,54.7576301615799,0.0,52.49999999999999,68.80528386550458,20.02546737167674,-8.272027086262312,32.29960795246416,66.90647482014388,0.0,52.49999999999999,19.700049572924566
ma175_r0.200_c0.75_v20.55_v10.10,175,0.19999999999999998,0.75,0.55,0.1,53.52754327438325,-11.86299077426275,30.275637414337353,74.56612806702573,0.0,41.25,69.50721013812426,19.456922882396732,-7.551765705550107,31.25328960115433,83.21342925659472,0.0,41.25,19.489896641522183
ma75_r0.200_c0.75_v20.55_v10.00,75,0.19999999999999998,0.75,0.55,0.0,53.526326523459744,-13.538932676167681,27.19474654375922,50.86774386594853,0.0,41.25,66.11250770976994,19.87753641727752,-8.49386242196557,28.906485452405068,61.63069544364509,0.0,41.25,20.10304667113064
ma150_r0.225_c0.75_v20.55_v10.00,150,0.22499999999999998,0.75,0.55,0.0,53.48736440248978,-11.152117613653123,29.051847754119365,54.69778575703172,0.0,41.25,67.3654554932335,18.06461776330992,-8.72338252733844,31.103241031808125,66.90647482014388,0.0,41.25,20.703507844983335
ma250_r0.250_c0.75_v20.25_v10.10,250,0.24999999999999997,0.75,0.25,0.1,53.454052767787964,-9.944483937330217,25.884576614141775,74.68581687612208,0.0,18.75,61.423643841766435,20.242509302906207,-5.345974226873407,26.220931998471244,86.810551558753,0.0,18.75,17.80447283768652
ma125_r0.275_c0.75_v20.55_v10.00,125,0.27499999999999997,0.75,0.55,0.0,53.444874028627495,-12.444688589625075,29.025220631700748,53.680430879712745,0.0,41.25,69.34531294823378,18.727065822770218,-8.836125486049418,31.541387945462034,64.26858513189448,0.0,41.25,21.045312948233782
ma75_r0.200_c0.75_v20.40_v10.10,75,0.19999999999999998,0.75,0.4,0.1,53.44247549523582,-12.845990988467804,25.81114543801819,67.14542190305207,0.0,30.000000000000004,63.53900138360443,21.02556250000085,-5.984853526453781,26.298636941837184,74.58033573141488,0.0,30.000000000000004,17.8703852583854
ma75_r0.225_c0.75_v20.25_v10.20,75,0.22499999999999998,0.75,0.25,0.2,53.438107484971795,-12.316397251542899,24.963075321039838,67.14542190305207,0.0,18.75,59.906874833659295,22.998138428380187,-4.494413825675814,24.95821266713506,74.58033573141488,0.0,18.75,15.792341243644044
ma75_r0.300_c0.75_v20.40_v10.00,75,0.29999999999999993,0.75,0.4,0.0,53.42184365197289,-12.640958144572757,25.05865257654633,49.970077797725914,0.0,30.000000000000004,64.13111928455226,20.165060210300155,-7.536816194621188,26.494025072923066,59.71223021582733,0.0,30.000000000000004,19.431119284552253
ma225_r0.225_c0.75_v20.70_v10.00,225,0.22499999999999998,0.75,0.7,0.0,53.35237928313117,-11.466500166484138,32.516406642822496,54.877318970676235,0.0,52.49999999999999,69.67644367791758,17.389943595181776,-10.357804131374948,36.44448774483273,69.06474820143885,0.0,52.49999999999999,22.86123758014464
ma175_r0.150_c0.75_v20.25_v10.30,175,0.15,0.75,0.25,0.3,53.344018723710285,-12.46890912463272,27.66247325581589,76.00239377618193,0.0,18.75,61.637893954564476,21.887034180384536,-6.011466838869062,26.071226848146317,84.41247002398082,0.0,18.75,13.916506858737
ma225_r0.275_c0.75_v20.55_v10.00,225,0.27499999999999997,0.75,0.55,0.0,53.34136473546529,-10.116284759743122,29.663942678266935,54.45840813883902,0.0,41.25,68.6768973476969,16.79139544018302,-9.028014834719434,32.46418060688191,67.38609112709833,0.0,41.25,22.026897347696895
ma200_r0.250_c0.75_v20.25_v10.30,200,0.24999999999999997,0.75,0.25,0.3,53.33340180928763,-12.49778047733524,29.108837000139086,75.8228605625374,0.0,18.75,64.30734548414713,22.689611931778053,-6.525746763919116,28.93694178979625,82.25419664268586,0.0,18.75,16.04152863414457
ma200_r0.225_c0.75_v20.25_v10.30,200,0.22499999999999998,0.75,0.25,0.3,53.33082801603828,-12.497780477335251,29.017311645966338,76.12208258527828,0.0,18.75,64.0737429061833,22.58057389898709,-6.37073652795036,28.680924784522453,83.45323741007195,0.0,18.75,15.791576991976363
ma200_r0.225_c0.75_v20.40_v10.00,200,0.22499999999999998,0.75,0.4,0.0,53.32262775893519,-8.209841966868659,26.843312174475304,54.57809694793537,0.0,30.000000000000004,66.09143608039,17.390319903965956,-7.1687863897592745,27.593684845013023,66.42685851318944,0.0,30.000000000000004,19.282746881662604
ma200_r0.275_c0.75_v20.25_v10.30,200,0.27499999999999997,0.75,0.25,0.3,53.30910269864895,-12.497780477335219,29.194205357254795,75.8228605625374,0.0,18.75,64.53058911267584,22.760307050021677,-6.728958828557719,29.173714774572275,82.25419664268586,0.0,18.75,16.27569057767301
ma125_r0.100_c0.75_v20.40_v10.10,125,0.1,0.75,0.4,0.1,53.30841356751455,-10.89313170096241,23.962292677702642,72.89048473967684,0.0,21.101033456460843,59.44443813949533,19.747452758045036,-3.1866167263323697,22.41071530779213,81.29496402877699,0.0,21.101033456460843,13.724357739232122
ma200_r0.150_c0.75_v20.25_v10.20,200,0.15,0.75,0.25,0.2,53.28221986049506,-11.210553812704415,26.29609920487066,75.58348294434471,0.0,18.75,59.452374268830575,21.591976656236223,-4.132764663691669,24.285091574659834,84.17266187050359,0.0,18.75,13.275068765776597
ma225_r0.175_c0.75_v20.70_v10.00,225,0.175,0.75,0.7,0.0,53.26618698432608,-11.348321708608445,31.908285661251494,54.937163375224415,0.0,52.49999999999999,68.51524923427516,17.936665623988148,-9.357983246288782,34.51872396305529,69.30455635491607,0.0,52.49999999999999,21.549123808437002
ma200_r0.100_c0.75_v20.25_v10.30,200,0.1,0.75,0.25,0.3,53.25621099021043,-10.945590116703896,25.451170929990496,76.95990424895272,0.0,13.188145910288027,59.62787131024548,22.407207808730867,-3.3611527980411227,22.747984953654807,84.41247002398082,0.0,13.188145910288027,12.18965087759209
ma250_r0.225_c0.75_v20.25_v10.10,250,0.22499999999999998,0.75,0.25,0.1,53.2527206828443,-9.944483937330295,25.810389887288654,74.92519449431478,0.0,18.75,61.17108133888374,20.142933948655273,-5.130422897965037,25.97110205060509,87.76978417266187,0.0,18.75,17.530088394970296
ma125_r0.100_c0.75_v20.55_v10.00,125,0.1,0.75,0.55,0.0,53.2422662555702,-11.122113455625382,25.36114436439878,57.09156193895871,0.0,29.013921002633662,63.17330998635439,18.686701794446048,-4.680554795148617,24.435622910235022,68.10551558752998,0.0,29.013921002633662,15.342711294141719
ma125_r0.200_c0.75_v20.70_v10.00,125,0.19999999999999998,0.75,0.7,0.0,53.23845246543559,-13.535472217292243,31.764686571716656,54.099341711549975,0.0,52.49999999999999,70.33523026699791,19.33992735891237,-9.382480965974672,34.69732272966906,65.94724220623502,0.0,52.49999999999999,21.39786539853688
ma175_r0.250_c0.75_v20.40_v10.20,175,0.24999999999999997,0.75,0.4,0.2,53.230597050360814,-11.814734952014216,29.102993967283265,74.20706163973668,0.0,30.000000000000004,67.65955438780661,20.596970407616478,-5.99657200694751,29.838170508471944,82.25419664268586,0.0,30.000000000000004,18.566799907308038
ma125_r0.300_c0.75_v20.40_v10.10,125,0.29999999999999993,0.75,0.4,0.1,53.21928421770525,-12.306186557290477,27.451870318563465,71.3345302214243,0.0,30.000000000000004,65.7228585254724,19.956614902775804,-6.593583844190876,28.94053350326611,78.65707434052757,0.0,30.000000000000004,19.141488996062044
ma175_r0.125_c0.75_v20.25_v10.30,175,0.125,0.75,0.25,0.3,53.210933733205955,-12.522749067230132,26.92622807593541,76.5409934171155,0.0,16.485182387860036,61.04984347552916,22.364517941755913,-5.024153158576572,24.671402590729976,84.41247002398082,0.0,16.485182387860036,13.235346735559249
ma225_r0.150_c0.75_v20.55_v10.00,225,0.15,0.75,0.55,0.0,53.19934074970334,-10.085096817466876,28.487122819176374,55.475763016157984,0.0,41.25,65.94237154051058,17.928189256990844,-7.2221908482478225,28.96242235897028,70.02398081534771,0.0,41.25,19.004801225468647
ma75_r0.100_c0.75_v20.40_v10.10,75,0.1,0.75,0.4,0.1,53.16188974795608,-11.80157760825683,23.05032213942867,68.76122082585279,0.0,20.54370764123053,59.799492323478816,20.818346540557386,-3.1866167263323364,21.635952810452224,75.0599520383693,0.0,20.54370764123053,14.47229164877292
ma100_r0.250_c0.75_v20.40_v10.00,100,0.24999999999999997,0.75,0.4,0.0,53.135555254576005,-11.49127933425561,25.694890627728412,51.46618791143028,0.0,30.000000000000004,62.13251230567907,18.074980975856157,-7.294669483274808,27.408582332003334,63.06954436450839,0.0,30.000000000000004,18.932512305679065
ma250_r0.125_c0.75_v20.25_v10.10,250,0.125,0.75,0.25,0.1,53.127787310666804,-9.854274184425126,24.328054475796783,75.52363853979654,0.0,16.04977159471135,57.99515937574729,20.741845500067303,-3.094804073247903,22.253227857450835,88.2494004796163,0.0,16.04977159471135,13.963728719532511
ma250_r0.175_c0.75_v20.25_v10.10,250,0.175,0.75,0.25,0.1,53.127208716915916,-9.826462202600439,25.3348591088314,75.04488330341114,0.0,18.75,59.58673426172652,20.130399164836767,-4.360958308056095,24.422745772050046,88.2494004796163,0.0,18.75,15.834753273558071
ma175_r0.100_c0.75_v20.40_v10.20,175,0.1,0.75,0.4,0.2,53.12707663700091,-10.641026420055134,25.480841207691956,75.94254937163375,0.0,21.101033456460843,61.834337232562866,21.04118908249162,-2.875631773554954,23.4745619183637,84.17266187050359,0.0,21.101033456460843,13.755127796116993
ma200_r0.175_c0.75_v20.40_v10.00,200,0.175,0.75,0.4,0.0,53.08528835197481,-8.088680203654764,26.37000167121828,54.637941352483544,0.0,30.000000000000004,64.68755150339297,17.494921470233905,-6.430638600948024,26.073648519403065,66.66666666666666,0.0,30.000000000000004,17.75099567054906
ma175_r0.150_c0.75_v20.70_v10.00,175,0.15,0.75,0.7,0.0,53.07646819407954,-12.888481771509252,31.4017004821359,55.95451825254338,0.0,52.49999999999999,69.5134952215702,20.38179251435168,-8.272027086262312,32.50882488840803,68.10551558752998,0.0,52.49999999999999,19.949316608034827
ma175_r0.250_c0.75_v20.55_v10.00,175,0.24999999999999997,0.75,0.55,0.0,53.07529724226194,-11.420279842482605,29.42519352341224,54.7576301615799,0.0,41.25,69.88922486154263,18.458304391450795,-8.808344593318306,31.397293030455103,65.46762589928058,0.0,41.25,20.914224861542632
ma200_r0.200_c0.75_v20.25_v10.30,200,0.19999999999999998,0.75,0.25,0.3,53.065001717579484,-12.506506799949479,28.82543750375549,76.12208258527828,0.0,18.75,63.37746507022568,22.27689301156639,-6.106359375155268,28.03283338664042,83.45323741007195,0.0,18.75,15.073897270048468
ma125_r0.150_c0.75_v20.25_v10.20,125,0.15,0.75,0.25,0.2,53.05826808171443,-12.296640219736798,25.13900217932291,72.11250748055058,0.0,18.75,56.519438922295706,21.73626512411675,-3.822524168705932,23.79047737075665,80.3357314148681,0.0,18.75,13.359594312319178
ma125_r0.175_c0.75_v20.70_v10.00,125,0.175,0.75,0.7,0.0,53.04322582467058,-13.411420158198094,31.414927700420776,54.15918611609815,0.0,52.49999999999999,69.73838879842333,19.418979102811605,-8.945491766815138,33.65685069555376,66.18705035971223,0.0,52.49999999999999,20.672263372585185
ma150_r0.175_c0.75_v20.55_v10.00,150,0.175,0.75,0.55,0.0,53.00855710926014,-11.03418260741984,28.549397766536273,54.81747456612807,0.0,41.25,66.2079698973009,18.147728451855684,-7.878301856948111,29.533679290638336,67.38609112709833,0.0,41.25,19.406629267959858
ma175_r0.175_c0.75_v20.40_v10.20,175,0.175,0.75,0.4,0.2,52.9833927802412,-11.699157051983988,28.507857898870625,74.68581687612208,0.0,30.000000000000004,66.00339461602064,20.485182385094248,-5.209430292445649,27.99603170060083,83.93285371702638,0.0,30.000000000000004,16.76184176447314
ma175_r0.225_c0.75_v20.40_v10.20,175,0.22499999999999998,0.75,0.4,0.2,52.972347705268376,-11.814734952014106,29.01634447278441,74.44643925792938,0.0,30.000000000000004,67.45015176769547,20.451264421234484,-5.846576608989373,29.588924175340715,83.21342925659472,0.0,30.000000000000004,18.337983536519367
ma75_r0.200_c0.75_v20.25_v10.20,75,0.19999999999999998,0.75,0.25,0.2,52.96263857736587,-12.325141662938577,24.80977394951001,67.14542190305207,0.0,18.75,59.30847359565622,22.638667549569824,-4.229096912398289,24.4371624166504,74.58033573141488,0.0,18.75,15.188554841820242
ma200_r0.300_c0.75_v20.25_v10.30,200,0.29999999999999993,0.75,0.25,0.3,52.948325202262915,-12.497780477335086,29.28555753583574,75.8228605625374,0.0,18.75,64.81645285478345,22.624138515277114,-7.087509088821998,29.447357669085772,82.25419664268586,0.0,18.75,16.572344266552374
ma175_r0.125_c0.75_v20.55_v10.00,175,0.125,0.75,0.55,0.0,52.93927910866425,-11.44676498731747,27.63008647912404,56.37342908438061,0.0,36.26740125329208,66.22795688169879,19.555446803087982,-6.353263119462871,26.913871634953868,69.54436450839329,0.0,36.26740125329208,17.032210773637413
ma225_r0.200_c0.75_v20.70_v10.00,225,0.19999999999999998,0.75,0.7,0.0,52.911648624126116,-11.475329487859442,32.28041212832467,54.877318970676235,0.0,52.49999999999999,69.2188799958322,17.436157134826512,-9.829286072396071,35.64882729823502,69.06474820143885,0.0,52.49999999999999,22.381515127371177
ma175_r0.100_c0.75_v20.55_v10.00,175,0.1,0.75,0.55,0.0,52.90532907329606,-10.661275727367691,25.745426985168933,57.809694793536806,0.0,29.013921002633662,63.83074944852691,18.872994756300578,-4.680554795148617,24.545356429186775,69.30455635491607,0.0,29.013921002633662,15.473450943864233
ma100_r0.125_c0.75_v20.40_v10.00,100,0.125,0.75,0.4,0.0,52.90531496143052,-11.420755711344487,24.14616928414373,52.842609216038305,0.0,26.376291820576053,58.54639419680804,18.905346201732787,-4.672867932000502,23.399736220756296,66.90647482014388,0.0,26.376291820576053,15.030048502288071
ma250_r0.100_c0.75_v20.25_v10.10,250,0.1,0.75,0.25,0.1,52.873483844492,-8.985697803032567,22.72075875190666,75.58348294434471,0.0,12.83981727576908,56.235924040974126,20.063316863974514,-2.4229290011278604,20.66050888911757,88.2494004796163,0.0,12.83981727576908,12.994513706824247
ma125_r0.275_c0.75_v20.40_v10.10,125,0.27499999999999997,0.75,0.4,0.1,52.8684821581944,-12.30618655729041,27.38539086502685,71.3345302214243,0.0,30.000000000000004,65.54130610631248,19.718177998863307,-6.473671102478473,28.72156818135125,78.65707434052757,0.0,30.000000000000004,18.946364913056875
ma200_r0.200_c0.75_v20.40_v10.00,200,0.19999999999999998,0.75,0.4,0.0,52.84797972392492,-8.218995964878795,26.671011270232526,54.57809694793537,0.0,30.000000000000004,65.49344201977576,17.252153001721627,-6.934218566265882,26.991447083183672,66.42685851318944,0.0,30.000000000000004,18.661884810958156
ma150_r0.200_c0.75_v20.55_v10.00,150,0.19999999999999998,0.75,0.55,0.0,52.846723327959545,-11.160978237009012,28.864557637078907,54.69778575703172,0.0,41.25,66.91443803127837,17.87782518451735,-8.49386242196556,30.47184357455663,66.90647482014388,0.0,41.25,20.229976992639063
ma75_r0.275_c0.75_v20.40_v10.00,75,0.27499999999999997,0.75,0.4,0.0,52.83401763032389,-12.640958144572778,25.023071712305512,49.970077797725914,0.0,30.000000000000004,64.03685934417291,19.799695496354165,-7.418109099241066,26.369522983512812,59.71223021582733,0.0,30.000000000000004,19.3368593441729
ma200_r0.125_c0.75_v20.25_v10.20,200,0.125,0.75,0.25,0.2,52.82370131356713,-11.116383127529295,25.610456908044988,75.88270496708557,0.0,16.485182387860036,58.941343940256,21.779044367379118,-3.446728495731155,23.033972097594194,84.17266187050359,0.0,16.485182387860036,12.556447960702503
ma100_r0.150_c0.75_v20.40_v10.00,100,0.15,0.75,0.4,0.0,52.79522197764885,-11.421374857606526,24.754216482869364,52.42369838420108,0.0,30.000000000000004,59.6326641344895,18.491974735666684,-5.531513904887619,24.634524479304282,65.46762589928058,0.0,30.000000000000004,16.243038474753142
ma250_r0.200_c0.75_v20.25_v10.10,250,0.19999999999999998,0.75,0.25,0.1,52.76932490519983,-9.953464892220731,25.625939203985794,74.92519449431478,0.0,18.75,60.398836700304365,19.90173318770838,-4.803708142668873,25.315221195657983,87.76978417266187,0.0,18.75,16.737263278951993
ma175_r0.300_c0.75_v20.40_v10.10,175,0.29999999999999993,0.75,0.4,0.1,52.756530624393385,-11.041513745610121,28.05317897847017,74.20706163973668,0.0,30.000000000000004,67.54367787034126,19.49225449911087,-6.593583844190876,29.26376316922317,82.25419664268586,0.0,30.000000000000004,19.462308340930893
ma100_r0.100_c0.75_v20.25_v10.10,100,0.1,0.75,0.25,0.1,52.74752232818496,-10.026410837625166,21.638756037283546,70.19748653500898,0.0,12.83981727576908,54.03249137245662,19.72923175391612,-2.400985453654214,20.050304043253302,77.45803357314148,0.0,12.83981727576908,12.533429159791492
ma200_r0.300_c0.75_v20.25_v10.20,200,0.29999999999999993,0.75,0.25,0.2,52.664159289346244,-11.313844471196777,27.391201342214817,74.80550568521844,0.0,18.75,62.04751878849104,21.55115090161628,-5.9264157910844055,27.480100191668544,82.01438848920863,0.0,18.75,16.134779729670328
ma125_r0.125_c0.75_v20.40_v10.10,125,0.125,0.75,0.4,0.1,52.65936637414244,-12.143550424851647,25.63463242993171,72.71095152603232,0.0,26.376291820576053,61.658405666080256,20.28114394198688,-3.949808171089353,24.268738736355115,81.29496402877699,0.0,26.376291820576053,14.85049487119131
ma175_r0.200_c0.75_v20.70_v10.00,175,0.19999999999999998,0.75,0.7,0.0,52.64074450187155,-12.937999540501933,32.23737229711226,55.17654099341711,0.0,52.49999999999999,70.8991098302438,19.501510730514315,-9.382480965974672,34.79290509690183,67.14628297362111,0.0,52.49999999999999,21.51174496178278
ma150_r0.300_c0.75_v20.40_v10.00,150,0.29999999999999993,0.75,0.4,0.0,52.63514270770895,-10.530624199172978,26.54897306330713,54.099341711549975,0.0,30.000000000000004,64.95901476681487,18.202791985386433,-7.536816194621188,28.29336687958325,64.98800959232614,0.0,30.000000000000004,19.95901476681488
ma225_r0.300_c0.75_v20.25_v10.10,225,0.29999999999999993,0.75,0.25,0.1,52.62961096445502,-9.723628560331532,25.92082904954973,74.56612806702573,0.0,18.75,62.254236934634186,19.36921645059524,-6.017269821318328,26.464716551081146,85.13189448441247,0.0,18.75,18.222867405223827
ma100_r0.225_c0.75_v20.40_v10.00,100,0.22499999999999998,0.75,0.4,0.0,52.618210126280516,-11.491279334255623,25.62230101835201,51.825254338719326,0.0,30.000000000000004,61.89143608039,17.869069336588538,-7.1687863897592745,27.16128762227436,64.5083932853717,0.0,30.000000000000004,18.682746881662606
ma125_r0.150_c0.75_v20.40_v10.10,125,0.15,0.75,0.4,0.1,52.59161993011576,-12.236925697027413,26.313562933091777,72.11250748055058,0.0,30.000000000000004,62.791214401625325,19.972025979931416,-4.743388819478622,25.584772614517306,80.3357314148681,0.0,30.000000000000004,16.006992740837624
ma75_r0.100_c0.75_v20.25_v10.20,75,0.1,0.75,0.25,0.2,52.584390078057154,-11.126445090984271,22.229917727944546,68.76122082585279,0.0,12.83981727576908,56.341790299058786,21.84610486701164,-2.2309163322587477,20.301797641218418,75.0599520383693,0.0,12.83981727576908,12.692017013717365
ma125_r0.300_c0.75_v20.25_v10.20,125,0.29999999999999993,0.75,0.25,0.2,52.58184498236558,-12.443433192193554,26.219747123184295,71.3345302214243,0.0,18.75,59.19751878849104,21.712980585988582,-5.579459676851572,26.940531846344808,78.65707434052757,0.0,18.75,16.284779729670326
ma100_r0.300_c0.75_v20.25_v10.10,100,0.29999999999999993,0.75,0.25,0.1,52.579193237058774,-11.440481218817167,24.630678938789423,68.88090963494913,0.0,18.75,59.32902084805034,20.19758017998705,-5.596525359228377,25.621083154099622,77.21822541966426,0.0,18.75,17.472651318639983
ma125_r0.125_c0.75_v20.25_v10.20,125,0.125,0.75,0.25,0.2,52.57551463552286,-12.084999982552425,24.515391189905777,72.71095152603232,0.0,16.485182387860036,55.89459191564315,21.81014824056502,-3.259999695326987,22.628427859167555,81.29496402877699,0.0,16.485182387860036,12.601369096491814
ma125_r0.125_c0.75_v20.55_v10.00,125,0.125,0.75,0.55,0.0,52.57546450911015,-12.249115384527542,27.14159110044221,55.475763016157984,0.0,36.26740125329208,65.36714706059502,19.22026032502726,-6.353263119462871,26.7169657567437,68.34532374100719,0.0,36.26740125329208,16.797611484455583
ma200_r0.275_c0.75_v20.25_v10.20,200,0.27499999999999997,0.75,0.25,0.2,52.55563106261245,-11.3138444711966,27.320763459033415,74.80550568521844,0.0,18.75,61.87242500901019,21.38824654755396,-5.75605115725798,27.263831760814394,82.01438848920863,0.0,18.75,15.9433397521978
ma225_r0.150_c0.75_v20.25_v10.10,225,0.15,0.75,0.25,0.1,52.55048049962543,-9.648967045946655,24.86764265571133,75.16457211250747,0.0,18.75,59.25894790146434,19.63666476591195,-3.744791348657428,23.259229006495165,86.57074340527578,0.0,18.75,14.961819668315059
ma200_r0.175_c0.75_v20.25_v10.20,200,0.175,0.75,0.25,0.2,52.53161791530767,-11.197492607717919,26.69509517258405,75.344105326152,0.0,18.75,60.07060791112416,21.09531575541301,-4.714947262744618,25.303079680515506,84.17266187050359,0.0,18.75,13.995713738087634
ma175_r0.200_c0.75_v20.40_v10.20,175,0.19999999999999998,0.75,0.4,0.2,52.514055004959516,-11.8235294432544,28.818477140097126,74.44643925792938,0.0,30.000000000000004,66.75100422219221,20.204419793758845,-5.586322181085091,28.922533390470186,83.21342925659472,0.0,30.000000000000004,17.61373613485623
ma125_r0.250_c0.75_v20.55_v10.00,125,0.24999999999999997,0.75,0.55,0.0,52.49819370288624,-12.444688589625152,28.946544625195557,53.680430879712745,0.0,41.25,69.07187540748525,18.25714330967387,-8.808344593318306,31.277815071414146,64.26858513189448,0.0,41.25,20.771875407485258
ma125_r0.275_c0.75_v20.25_v10.20,125,0.27499999999999997,0.75,0.25,0.2,52.473375272481434,-12.443433192193453,26.14930924000289,71.3345302214243,0.0,18.75,59.02242500901019,21.549859345784085,-5.408466715191618,26.72426341549065,78.65707434052757,0.0,18.75,16.0933397521978
ma175_r0.175_c0.75_v20.70_v10.00,175,0.175,0.75,0.7,0.0,52.44978146218384,-12.81309027767692,31.888018089012455,55.23638539796529,0.0,52.49999999999999,70.30420033938532,19.583416611303118,-8.945491766815138,33.75405462681681,67.38609112709833,0.0,52.49999999999999,20.788074913547156
ma100_r0.175_c0.75_v20.40_v10.00,100,0.175,0.75,0.4,0.0,52.41357268535507,-11.374449023844669,25.149031693615104,51.8850987432675,0.0,30.000000000000004,60.48755150339297,17.998571151730957,-6.430638600948024,25.641416306993214,64.74820143884892,0.0,30.000000000000004,17.15099567054906
ma125_r0.250_c0.75_v20.40_v10.10,125,0.24999999999999997,0.75,0.4,0.1,52.41095056726526,-12.306186557290511,27.315129705937657,71.3345302214243,0.0,30.000000000000004,65.34353682343236,19.48380440664024,-6.348977577542447,28.50467780389714,78.65707434052757,0.0,30.000000000000004,18.74359028410908
ma100_r0.150_c0.75_v20.25_v10.10,100,0.15,0.75,0.25,0.1,52.40732436274147,-11.346063057680366,23.616514034436296,69.47935368043088,0.0,18.75,56.42388564934171,20.17468812419334,-3.548301032857004,22.575342606303515,78.41726618705036,0.0,18.75,14.349926654399585
ma100_r0.275_c0.75_v20.25_v10.10,100,0.27499999999999997,0.75,0.25,0.1,52.405238574375176,-11.4404812188173,24.56902979188702,68.88090963494913,0.0,18.75,59.130468563606215,20.056757157934335,-5.370339310847461,25.413599716184372,77.21822541966426,0.0,18.75,17.26347204208665
ma225_r0.275_c0.75_v20.25_v10.10,225,0.27499999999999997,0.75,0.25,0.1,52.40254781043085,-9.723628560331388,25.860322390425083,74.56612806702573,0.0,18.75,62.06475822594308,19.19130655317154,-5.822162522440443,26.252877572290334,85.13189448441247,0.0,18.75,18.013670121455174
ma175_r0.150_c0.75_v20.55_v10.00,175,0.15,0.75,0.55,0.0,52.39411061048265,-11.358956500503547,28.403427303722374,55.95451825254338,0.0,41.25,67.65416552479931,18.883770344785123,-7.2221908482478225,28.43323264070672,68.10551558752998,0.0,41.25,18.492258092175483
ma125_r0.175_c0.75_v20.25_v10.20,125,0.175,0.75,0.25,0.2,52.38355074190122,-12.328501163397554,25.527648152936717,71.63375224416517,0.0,18.75,57.19276641961356,21.30061179389333,-4.347165777487194,24.770532807387575,79.85611510791367,0.0,18.75,14.11787224657703
ma175_r0.275_c0.75_v20.40_v10.10,175,0.27499999999999997,0.75,0.4,0.1,52.38073402756886,-11.041513745610088,27.98371793852301,74.20706163973668,0.0,30.000000000000004,67.34789050577558,19.23435393201023,-6.473671102478473,29.032850051404218,82.25419664268586,0.0,30.000000000000004,19.252949312519988
ma200_r0.250_c0.75_v20.25_v10.20,200,0.24999999999999997,0.75,0.25,0.2,52.37949554341617,-11.313844471196788,27.249127218347663,74.80550568521844,0.0,18.75,61.69197728091836,21.23071596469113,-5.580486856225186,27.054758762283846,82.01438848920863,0.0,18.75,15.751899774725272
ma125_r0.100_c0.75_v20.25_v10.20,125,0.1,0.75,0.25,0.2,52.37082007952081,-10.844935232111618,22.938384203081352,72.89048473967684,0.0,13.188145910288027,54.321017100476126,20.85261083139589,-2.6247762168288835,21.04686315120285,81.29496402877699,0.0,13.188145910288027,11.91905607377904
ma225_r0.250_c0.75_v20.55_v10.00,225,0.24999999999999997,0.75,0.55,0.0,52.36939679937247,-10.116284759743067,29.582285085351195,54.45840813883902,0.0,41.25,68.38922486154263,16.30934386131029,-8.971312861170432,32.18865993692992,67.38609112709833,0.0,41.25,21.73922486154263
ma150_r0.100_c0.75_v20.40_v10.00,150,0.1,0.75,0.4,0.0,52.33815873561787,-9.431912958208022,23.242321865526325,57.27109515260324,0.0,21.101033456460843,58.818300361295094,18.306847556235972,-3.718313283590158,21.94830105964645,68.5851318944844,0.0,21.101033456460843,14.246017682039401
ma125_r0.250_c0.75_v20.25_v10.20,125,0.24999999999999997,0.75,0.25,0.2,52.29733472301117,-12.443433192193398,26.077672999317137,71.3345302214243,0.0,18.75,58.84197728091835,21.39211903126239,-5.232254909248768,26.51519041696011,78.65707434052757,0.0,18.75,15.901899774725273
ma225_r0.125_c0.75_v20.25_v10.10,225,0.125,0.75,0.25,0.1,52.293025545104996,-9.64837631150356,24.244110401186745,75.40394973070018,0.0,16.485182387860036,58.384776192750394,19.877209097248773,-3.108556452603406,22.089390961401197,86.57074340527578,0.0,16.485182387860036,13.917356796949207
ma100_r0.125_c0.75_v20.25_v10.10,100,0.125,0.75,0.25,0.1,52.25197472791096,-11.26155391124357,23.061757191904668,69.6588868940754,0.0,16.04977159471135,55.61353869685861,20.330598238174915,-2.9677511490768915,21.50824438999419,78.41726618705036,0.0,16.04977159471135,13.387282999664967
ma200_r0.225_c0.75_v20.25_v10.20,200,0.22499999999999998,0.75,0.25,0.2,52.249580681162946,-11.313844471196754,27.1679504682997,75.04488330341114,0.0,18.75,61.46992542505729,21.099269728320525,-5.404986786187682,26.812321434657072,82.9736211031175,0.0,18.75,15.513424920278897
ma175_r0.150_c0.75_v20.40_v10.10,175,0.15,0.75,0.4,0.1,52.243657811010365,-10.992910570111947,26.92153223009826,75.10472770795931,0.0,30.000000000000004,64.58357843988071,19.646201077374094,-4.743388819478622,25.91427452290837,84.17266187050359,0.0,30.000000000000004,16.341387762526917
ma175_r0.225_c0.75_v20.55_v10.00,175,0.22499999999999998,0.75,0.55,0.0,52.22392869732082,-11.420279842482628,29.33685673078005,55.11669658886894,0.0,41.25,69.6904554932335,18.06461776330992,-8.72338252733844,31.103241031808125,66.90647482014388,0.0,41.25,20.703507844983335
ma225_r0.175_c0.75_v20.55_v10.00,225,0.175,0.75,0.55,0.0,52.17743772515413,-9.996974808482516,28.94394501135657,54.937163375224415,0.0,41.25,66.80593688614292,16.870817871685784,-7.878301856948111,30.13449091196857,69.30455635491607,0.0,41.25,20.00459625680188
ma200_r0.100_c0.75_v20.25_v10.20,200,0.1,0.75,0.25,0.2,52.17518951503462,-9.92364208460127,23.87147943541981,76.18192698982645,0.0,13.188145910288027,56.9885102960405,20.82832053260837,-2.7749811381603484,21.371298541944157,84.17266187050359,0.0,13.188145910288027,11.88311916514759
ma175_r0.125_c0.75_v20.40_v10.10,175,0.125,0.75,0.4,0.1,52.170655888146115,-11.08961282330313,26.22279843300858,75.64332734889288,0.0,26.376291820576053,63.38932458632115,20.08870503909246,-3.949808171089353,24.56425481485472,84.17266187050359,0.0,26.376291820576053,15.14996505074894
ma100_r0.200_c0.75_v20.40_v10.00,100,0.19999999999999998,0.75,0.4,0.0,52.169044967111255,-11.50010608289861,25.45002070336929,51.825254338719326,0.0,30.000000000000004,61.29344201977575,17.748370171479166,-6.934218566265882,26.559132365609422,64.5083932853717,0.0,30.000000000000004,18.061884810958155
ma100_r0.250_c0.75_v20.25_v10.10,100,0.24999999999999997,0.75,0.25,0.1,52.16695688491137,-11.440481218817178,24.50640540897841,68.88090963494913,0.0,18.75,58.92656233055111,19.921327197727436,-5.138669720392752,25.213311710592723,77.21822541966426,0.0,18.75,17.05429276553332
ma175_r0.100_c0.75_v20.40_v10.10,175,0.1,0.75,0.4,0.1,52.165400354447186,-10.278749538831299,24.46177503292199,75.94254937163375,0.0,21.101033456460843,61.00239441793892,19.59472862263334,-3.1866167263323697,22.647128170591813,84.17266187050359,0.0,21.101033456460843,13.963933882878225
ma125_r0.225_c0.75_v20.25_v10.20,125,0.22499999999999998,0.75,0.25,0.2,52.15213581293079,-12.443433192193453,25.996776703636204,71.573907839617,0.0,18.75,58.61992542505729,21.260497791177023,-5.056107571193824,26.272753089333335,79.61630695443645,0.0,18.75,15.663424920278898
ma175_r0.100_c0.75_v20.25_v10.30,175,0.1,0.75,0.25,0.3,52.132671225843374,-10.974549517996701,25.095131180877207,76.7803710353082,0.0,13.188145910288027,59.16078679878288,21.43420888492793,-4.036421678344071,22.775047113982733,84.41247002398082,0.0,13.188145910288027,12.432711639384774
ma150_r0.275_c0.75_v20.40_v10.00,150,0.27499999999999997,0.75,0.4,0.0,52.130358491281385,-10.530624199173122,26.48719403761721,54.099341711549975,0.0,30.000000000000004,64.74576353624697,17.90541730182047,-7.418109099241022,28.063883668394958,64.98800959232614,0.0,30.000000000000004,19.745763536246976
ma75_r0.250_c0.75_v20.40_v10.00,75,0.24999999999999997,0.75,0.4,0.0,52.12867436505457,-12.640958144572878,24.984281871726715,49.970077797725914,0.0,30.000000000000004,63.942599403793544,19.440189094248474,-7.294669483274808,26.251682496802296,59.71223021582733,0.0,30.000000000000004,19.242599403793545
ma225_r0.250_c0.75_v20.25_v10.10,225,0.24999999999999997,0.75,0.25,0.1,52.123230681611645,-9.723628560331344,25.79929833766063,74.56612806702573,0.0,18.75,61.87364384176644,19.02861053828977,-5.613994363032759,26.05006868911872,85.13189448441247,0.0,18.75,17.80447283768652
ma225_r0.100_c0.75_v20.25_v10.10,225,0.1,0.75,0.25,0.1,52.10854476708231,-9.012876046079155,22.646440495594607,75.46379413524835,0.0,13.188145910288027,56.56261749457661,19.374669162943704,-2.433941759231595,20.529439372277857,86.57074340527578,0.0,13.188145910288027,12.957416168757604
ma225_r0.175_c0.75_v20.25_v10.10,225,0.175,0.75,0.25,0.1,52.07148592636415,-9.605317384866819,25.24837750085126,74.92519449431478,0.0,18.75,60.03098921334134,19.130921042964033,-4.3801844498196125,24.247060479640428,86.57074340527578,0.0,18.75,15.829008225172899
ma125_r0.225_c0.75_v20.40_v10.10,125,0.22499999999999998,0.75,0.4,0.1,52.017505317414646,-12.306186557290399,27.236261251576956,71.573907839617,0.0,30.000000000000004,65.12573595975864,19.301320801405318,-6.221815663751029,28.259284338345687,79.61630695443645,0.0,30.000000000000004,18.512094875640308
ma225_r0.225_c0.75_v20.25_v10.10,225,0.22499999999999998,0.75,0.25,0.1,52.01179326217902,-9.723628560331576,25.7235644703088,74.80550568521844,0.0,18.75,61.613694848102796,18.99904562537209,-5.320298637826982,25.794039048750587,86.09112709832134,0.0,18.75,17.52270190418936
ma175_r0.175_c0.75_v20.25_v10.30,175,0.175,0.75,0.25,0.3,52.00499862698826,-12.467068908669809,28.09295914098609,75.8228605625374,0.0,18.75,62.34075147050339,21.006601514801247,-6.871548067207489,27.17673236100676,84.17266187050359,0.0,18.75,14.70030531562293
ma150_r0.100_c0.75_v20.25_v10.10,150,0.1,0.75,0.25,0.1,51.99802567238792,-9.452391489138334,22.060189225442063,74.1472172351885,0.0,13.188145910288027,55.97529014000065,19.415746538288904,-2.400985453654214,20.21559373397251,79.85611510791367,0.0,13.188145910288027,12.798859084886587
ma100_r0.225_c0.75_v20.25_v10.10,100,0.22499999999999998,0.75,0.25,0.1,51.959937674716805,-11.440481218817188,24.434520971074612,69.12028725314184,0.0,18.75,58.68105196972677,19.81178166201525,-4.906798642621757,24.97965937590484,78.17745803357315,0.0,18.75,16.798078612006137
ma175_r0.300_c0.75_v20.40_v10.00,175,0.29999999999999993,0.75,0.4,0.0,51.949490436155244,-10.598488217269953,26.863156187185044,54.338719329742666,0.0,30.000000000000004,67.05901476681488,18.202791985386433,-7.536816194621188,28.29336687958325,64.98800959232614,0.0,30.000000000000004,19.95901476681488
ma175_r0.250_c0.75_v20.40_v10.10,175,0.24999999999999997,0.75,0.4,0.1,51.91265018215145,-11.041513745609944,27.9120776413057,74.20706163973668,0.0,30.000000000000004,67.14353682343236,18.99151860229682,-6.348977577542447,28.810433199580594,82.25419664268586,0.0,30.000000000000004,19.04359028410908
ma100_r0.175_c0.75_v20.25_v10.10,100,0.175,0.75,0.25,0.1,51.90334568870774,-11.324232654788368,23.979660871578517,69.18013165769,0.0,18.75,57.17926880051374,19.758407754579444,-4.111625556259002,23.50029947410643,78.41726618705036,0.0,18.75,15.17937462747721
ma125_r0.175_c0.75_v20.40_v10.10,125,0.175,0.75,0.4,0.1,51.878601084865664,-12.190431913357502,26.737975573748525,71.63375224416517,0.0,30.000000000000004,63.646305105777486,19.349267535491176,-5.516642800870796,26.67295276029455,79.85611510791367,0.0,30.000000000000004,16.904752254229994
ma200_r0.200_c0.75_v20.25_v10.20,200,0.19999999999999998,0.75,0.25,0.2,51.85342315277428,-11.322688864044828,26.985601529041215,75.04488330341114,0.0,18.75,60.77285189912109,20.775045236535526,-5.1188695931046695,26.181182360283074,82.9736211031175,0.0,18.75,14.790629221051223
ma225_r0.225_c0.75_v20.55_v10.00,225,0.22499999999999998,0.75,0.55,0.0,51.80151932378902,-10.116284759743166,29.48217997732637,54.81747456612807,0.0,41.25,68.13427019317324,16.136682059739083,-8.72338252733844,31.8474500125729,68.82494004796163,0.0,41.25,21.472322544923077
ma150_r0.300_c0.75_v20.25_v10.10,150,0.29999999999999993,0.75,0.25,0.1,51.78382215015327,-10.677379469211001,25.164368422057702,72.83064033512866,0.0,18.75,61.72923693463419,19.83930444162725,-5.598463157808798,25.853205759714243,78.65707434052757,0.0,18.75,17.847867405223827
ma125_r0.150_c0.75_v20.55_v10.00,125,0.15,0.75,0.55,0.0,51.76695420999118,-12.354489407043278,27.89885310402403,54.7576301615799,0.0,41.25,66.75798310094038,18.580034304822203,-7.2221908482478225,28.253486453445557,66.90647482014388,0.0,41.25,18.278103349067187
ma175_r0.150_c0.75_v20.25_v10.20,175,0.15,0.75,0.25,0.2,51.75889485400149,-11.257972423107876,25.918691313716145,75.10472770795931,0.0,18.75,58.97670477289962,20.625457898497235,-4.802641866676083,24.312153734987756,84.17266187050359,0.0,18.75,13.518129527569279
ma175_r0.175_c0.75_v20.55_v10.00,175,0.175,0.75,0.55,0.0,51.749062720254344,-11.302700789742904,28.83440674319696,55.23638539796529,0.0,41.25,68.53296989730089,18.147728451855684,-7.878301856948111,29.533679290638336,67.38609112709833,0.0,41.25,19.406629267959858
ma225_r0.100_c0.75_v20.40_v10.00,225,0.1,0.75,0.4,0.0,51.70597803487811,-9.190792225687927,23.628635340324944,56.91202872531418,0.0,21.101033456460843,59.701653132897945,17.849658054068108,-3.718313283590158,22.205338213608016,70.50359712230215,0.0,21.101033456460843,14.494523443636087
ma125_r0.200_c0.75_v20.25_v10.20,125,0.19999999999999998,0.75,0.25,0.2,51.70349286152123,-12.4521649346922,25.815394009523846,71.573907839617,0.0,18.75,57.9228518991211,20.935841636287368,-4.768935139168196,25.641614014959334,79.61630695443645,0.0,18.75,14.940629221051221
ma125_r0.225_c0.75_v20.55_v10.00,125,0.22499999999999998,0.75,0.55,0.0,51.67583373752507,-12.444688589625185,28.861189418973897,54.039497307001795,0.0,41.25,68.88734098458185,17.884176395423857,-8.72338252733844,30.99571086867126,65.70743405275779,0.0,41.25,20.5753933363317
ma75_r0.100_c0.75_v20.40_v10.00,75,0.1,0.75,0.4,0.0,51.656306154063,-11.603441777214263,22.188456779491858,52.842609216038305,0.0,22.370474411302272,59.38054862042921,19.17080843295802,-3.71831328359018,21.09302063060375,63.78896882494005,0.0,22.370474411302272,14.797227649046306
ma225_r0.200_c0.75_v20.25_v10.10,225,0.19999999999999998,0.75,0.25,0.1,51.64064407044948,-9.73263154043762,25.539285691505796,74.80550568521844,0.0,18.75,60.84227093072131,18.845044508343143,-4.8740066062445075,25.138847048525925,86.09112709832134,0.0,18.75,16.730697509368937
ma150_r0.125_c0.75_v20.40_v10.00,150,0.125,0.75,0.4,0.0,51.62868265086122,-10.250288060495105,24.853047758902505,55.77498503889886,0.0,26.376291820576053,60.7402715329623,18.61213029469826,-4.672867932000502,23.793506236284028,68.82494004796163,0.0,26.376291820576053,15.570875413748617
ma225_r0.200_c0.75_v20.55_v10.00,225,0.19999999999999998,0.75,0.55,0.0,51.59181916501361,-10.125248684658184,29.276997371092556,54.81747456612807,0.0,41.25,67.59782887566925,16.278094405060763,-8.49386242196556,31.144353875604132,68.82494004796163,0.0,41.25,20.913367837029945
ma175_r0.200_c0.75_v20.55_v10.00,175,0.19999999999999998,0.75,0.55,0.0,51.588561078432434,-11.429113722550632,29.14956661373959,55.11669658886894,0.0,41.25,69.23943803127837,17.87782518451735,-8.49386242196556,30.47184357455663,66.90647482014388,0.0,41.25,20.229976992639063
ma200_r0.300_c0.75_v20.25_v10.10,200,0.29999999999999993,0.75,0.25,0.1,51.5750197992235,-9.918379914602038,25.87128045078302,74.68581687612208,0.0,18.75,63.97923693463419,19.66922972917986,-5.598463157808798,26.105004320865323,82.01438848920863,0.0,18.75,17.847867405223827
ma150_r0.275_c0.75_v20.25_v10.10,150,0.27499999999999997,0.75,0.25,0.1,51.562380927230755,-10.677379469210868,25.10163234484704,72.83064033512866,0.0,18.75,61.53066664297474,19.660693917117666,-5.4041913791789575,25.64136678092343,78.65707434052757,0.0,18.75,17.638670121455174
ma150_r0.125_c0.75_v20.25_v10.10,150,0.125,0.75,0.25,0.1,51.53872321086883,-10.46861438447213,23.571606517990126,73.96768402154399,0.0,16.485182387860036,57.836171468686516,19.929148889227854,-3.037867320990184,21.697083913519513,79.85611510791367,0.0,16.485182387860036,13.719160442110436
ma175_r0.225_c0.75_v20.40_v10.10,175,0.22499999999999998,0.75,0.4,0.1,51.52049128291332,-11.041513745609976,27.833209186944995,74.44643925792938,0.0,30.000000000000004,66.92573595975865,18.809786848652422,-6.221815663751029,28.565039734029142,83.21342925659472,0.0,30.000000000000004,18.812094875640305
ma75_r0.225_c0.75_v20.40_v10.00,75,0.22499999999999998,0.75,0.4,0.0,51.51192977032473,-12.6409581445729,24.93786983453935,50.329144225014964,0.0,30.000000000000004,63.82051446869303,19.151052501949863,-7.168786389759319,26.109286403686948,61.15107913669065,0.0,30.000000000000004,19.111825269965635
ma150_r0.250_c0.75_v20.40_v10.00,150,0.24999999999999997,0.75,0.4,0.0,51.50788372691668,-10.530624199173012,26.422206035589323,54.099341711549975,0.0,30.000000000000004,64.53251230567906,17.613404112643714,-7.294669483274808,27.841062059906406,64.98800959232614,0.0,30.000000000000004,19.532512305679067
ma175_r0.125_c0.75_v20.25_v10.20,175,0.125,0.75,0.25,0.2,51.50075709160418,-11.33405422537772,25.25470787007775,75.64332734889288,0.0,16.485182387860036,58.32950404293127,20.971928862537315,-4.009058826615042,23.05652389786746,84.17266187050359,0.0,16.485182387860036,12.75899859552974
ma175_r0.250_c0.75_v20.25_v10.30,175,0.24999999999999997,0.75,0.25,0.3,51.49908502165037,-12.581308516700851,28.675713122221673,75.344105326152,0.0,18.75,64.00734548414714,20.971287033850338,-7.713467048399081,28.990898624328626,82.49400479616307,0.0,18.75,16.49152863414457
ma150_r0.150_c0.75_v20.25_v10.10,150,0.15,0.75,0.25,0.1,51.48652219213725,-10.582147723437018,24.148831453276877,73.48892878515859,0.0,18.75,58.79040567898396,19.7015074622797,-3.6423417652090784,22.788892099847224,79.85611510791367,0.0,18.75,14.723984042508533
ma100_r0.200_c0.75_v20.25_v10.10,100,0.19999999999999998,0.75,0.25,0.1,51.482054761051124,-11.449312982578652,24.26031544762239,69.12028725314184,0.0,18.75,57.95214392772039,19.52541906697971,-4.56340338958674,24.35799956954553,78.17745803357315,0.0,18.75,16.04492124965052
ma200_r0.100_c0.75_v20.25_v10.10,200,0.1,0.75,0.25,0.1,51.48196656262816,-8.722344232093516,22.608740143545983,76.0622381807301,0.0,13.188145910288027,57.84258944231705,19.300228012784814,-2.400985453654214,20.36879115105188,84.17266187050359,0.0,13.188145910288027,12.802100067759675
ma175_r0.275_c0.75_v20.25_v10.30,175,0.27499999999999997,0.75,0.25,0.3,51.475076599576376,-12.581308516701007,28.761081479337374,75.344105326152,0.0,18.75,64.23058911267583,21.0409920341865,-7.914097021361455,29.22767160910465,82.49400479616307,0.0,18.75,16.72569057767301
ma175_r0.225_c0.75_v20.25_v10.30,175,0.22499999999999998,0.75,0.25,0.3,51.47357903680043,-12.581308516700995,28.584608449599454,75.64332734889288,0.0,18.75,63.773742906183294,20.863776129262178,-7.5604264328893,28.734881619054825,83.69304556354916,0.0,18.75,16.241576991976366
ma125_r0.200_c0.75_v20.40_v10.10,125,0.19999999999999998,0.75,0.4,0.1,51.45790129835714,-12.31493203731735,27.044340271910805,71.573907839617,0.0,30.000000000000004,64.4098141595859,19.032687724489673,-5.98485352645376,27.597440696130736,79.61630695443645,0.0,30.000000000000004,17.77254607224992
ma175_r0.275_c0.75_v20.40_v10.00,175,0.27499999999999997,0.75,0.4,0.0,51.446973760731794,-10.59848821726993,26.801377161495125,54.338719329742666,0.0,30.000000000000004,66.84576353624698,17.90541730182047,-7.418109099241022,28.063883668394958,64.98800959232614,0.0,30.000000000000004,19.745763536246976
ma75_r0.125_c0.75_v20.40_v10.00,75,0.125,0.75,0.4,0.0,51.42043044287641,-12.566488447834189,23.576731396376463,51.34649910233393,0.0,27.96309301412784,61.101224152614634,19.89378739597214,-4.672867932000457,22.794700493762374,63.549160671462836,0.0,27.96309301412784,15.950960063280831
ma225_r0.300_c0.75_v20.40_v10.00,225,0.29999999999999993,0.75,0.4,0.0,51.404131083199765,-9.547795303511176,27.09654936492293,54.219030520646314,0.0,30.000000000000004,65.85901476681488,16.643253960917328,-8.01549639284669,28.868906447928573,66.90647482014388,0.0,30.000000000000004,20.559014766814883
ma75_r0.150_c0.75_v20.40_v10.00,75,0.15,0.75,0.4,0.0,51.376767521402925,-12.573700192827397,24.148318015623826,50.927588270496706,0.0,30.000000000000004,61.93847667244649,19.53761357849364,-5.531513904887619,23.897219110557756,62.11031175059952,0.0,30.000000000000004,17.02909073362183
ma175_r0.175_c0.75_v20.40_v10.10,175,0.175,0.75,0.4,0.1,51.371210192662176,-10.924922394329538,27.333902947800432,74.68581687612208,0.0,30.000000000000004,65.4379575944033,18.850143044380417,-5.516642800870796,26.97461856854571,83.93285371702638,0.0,30.000000000000004,17.1964047428558
ma200_r0.275_c0.75_v20.25_v10.10,200,0.27499999999999997,0.75,0.25,0.1,51.353883203284155,-9.918379914602337,25.80854437357235,74.68581687612208,0.0,18.75,63.78066664297474,19.49087268689582,-5.4041913791789575,25.89316534207451,82.01438848920863,0.0,18.75,17.638670121455174
ma175_r0.100_c0.75_v20.40_v10.00,175,0.1,0.75,0.4,0.0,51.341711625062004,-9.945754497023485,23.504271247086077,57.450628366247756,0.0,21.101033456460843,60.577384258124965,18.306847556235972,-3.718313283590158,21.94830105964645,68.5851318944844,0.0,21.101033456460843,14.246017682039401
ma200_r0.150_c0.75_v20.25_v10.10,200,0.15,0.75,0.25,0.1,51.31264786778509,-9.811472288524591,24.846228416330515,75.46379413524835,0.0,18.75,61.06097745005131,19.527637830056,-3.6423417652090784,23.018688225466274,84.17266187050359,0.0,18.75,14.728845516818167
ma150_r0.250_c0.75_v20.25_v10.10,150,0.24999999999999997,0.75,0.25,0.1,51.2895200419593,-10.677379469211024,25.038378873996564,72.83064033512866,0.0,18.75,61.32674240270431,19.497357188951025,-5.195889127025688,25.438557897751817,78.65707434052757,0.0,18.75,17.42947283768652
ma225_r0.125_c0.75_v20.40_v10.00,225,0.125,0.75,0.4,0.0,51.28578807899717,-9.701831269635031,25.31116767416743,55.65529622980251,0.0,26.376291820576053,61.5731580775316,18.038696480659787,-4.672867932000502,24.114802678735987,70.74340527577938,0.0,26.376291820576053,15.881507615744471
ma150_r0.150_c0.75_v20.40_v10.00,150,0.15,0.75,0.4,0.0,51.26030099797747,-10.361022553641842,25.48665620314282,55.11669658886894,0.0,30.000000000000004,61.980604360942785,18.07451333196557,-5.531513904887619,25.066618348985653,67.38609112709833,0.0,30.000000000000004,16.843038474753143
ma125_r0.175_c0.75_v20.55_v10.00,125,0.175,0.75,0.55,0.0,51.23116383050945,-12.328469317768597,28.362041979520985,54.15918611609815,0.0,41.25,67.74562269700787,17.989384835532807,-7.878301856948111,29.439383079361225,66.18705035971223,0.0,41.25,19.294282067666842
ma200_r0.125_c0.75_v20.25_v10.10,200,0.125,0.75,0.25,0.1,51.17845689677849,-9.761071231263108,24.229739971812,75.76301615798923,0.0,16.485182387860036,60.17765201332603,19.78405587681229,-3.037867320990184,21.88858068486872,84.17266187050359,0.0,16.485182387860036,13.723211670701797
ma175_r0.200_c0.75_v20.25_v10.30,175,0.19999999999999998,0.75,0.25,0.3,51.132046595337656,-12.590026509324815,28.394183675107804,75.64332734889288,0.0,18.75,63.07746507022569,20.564348433465952,-7.299408559213938,28.08679022117279,83.69304556354916,0.0,18.75,15.523897270048469
ma75_r0.300_c0.75_v20.25_v10.10,75,0.29999999999999993,0.75,0.25,0.1,51.130204839968705,-12.324805952662832,23.886751826598275,66.90604428485936,0.0,18.75,61.623147422612284,21.440321656419314,-5.25162812439437,24.237387466737072,73.621103117506,0.0,18.75,17.544755836377355
ma175_r0.300_c0.75_v20.25_v10.30,175,0.29999999999999993,0.75,0.25,0.3,51.11861505920727,-12.581308516701128,28.85243365791833,75.344105326152,0.0,18.75,64.51645285478345,20.90673060290311,-8.26809140230732,29.501314503618147,82.49400479616307,0.0,18.75,17.022344266552373
ma175_r0.100_c0.75_v20.25_v10.20,175,0.1,0.75,0.25,0.2,51.11469057584435,-9.862805772459371,23.565947996220967,75.94254937163375,0.0,13.188145910288027,56.512551681319096,20.18731607049775,-3.2280594227574455,21.389339982162774,84.17266187050359,0.0,13.188145910288027,12.04515967300938
ma75_r0.175_c0.75_v20.40_v10.00,75,0.175,0.75,0.4,0.0,51.10388840085302,-12.525645394592821,24.51695565418052,50.38898862956314,0.0,30.000000000000004,62.654612472073104,19.12044306363292,-6.430638600948024,24.799212321633068,61.39088729016786,0.0,30.000000000000004,17.818056639229194
ma175_r0.300_c0.75_v20.25_v10.20,175,0.29999999999999993,0.75,0.25,0.2,51.089987884698694,-11.371012311070938,27.009693263220196,74.20706163973668,0.0,18.75,61.67251878849103,20.41417529451528,-6.723856226451641,27.516071414690124,82.25419664268586,0.0,18.75,16.434779729670325
ma200_r0.250_c0.75_v20.25_v10.10,200,0.24999999999999997,0.75,0.25,0.1,51.081397680771936,-9.91837991460226,25.74529090272188,74.68581687612208,0.0,18.75,63.576742402704305,19.327767764539526,-5.195889127025688,25.690356458902897,82.01438848920863,0.0,18.75,17.42947283768652
ma225_r0.150_c0.75_v20.40_v10.00,225,0.15,0.75,0.4,0.0,51.07833544427876,-9.521463887554226,25.984809992567705,55.17654099341711,0.0,30.000000000000004,62.728882458803504,17.385521515682246,-5.531513904887619,25.451483598631874,69.30455635491607,0.0,30.000000000000004,17.21579711714817
ma125_r0.200_c0.75_v20.55_v10.00,125,0.19999999999999998,0.75,0.55,0.0,51.068444447081674,-12.453420307437547,28.67688088834398,54.039497307001795,0.0,41.25,68.45055846803247,17.717688315959013,-8.49386242196556,30.376261207323864,65.70743405275779,0.0,41.25,20.116097429393164
ma200_r0.300_c0.75_v20.25_v10.00,200,0.29999999999999993,0.75,0.25,0.0,51.059593660126225,-8.4625981900464,24.621857316249447,54.219030520646314,0.0,18.75,63.477058921401316,17.836148810830576,-6.328206649130175,25.148377878783755,64.98800959232614,0.0,18.75,18.47705892140132
ma150_r0.225_c0.75_v20.25_v10.10,150,0.22499999999999998,0.75,0.25,0.1,51.05851585778054,-10.677379469210935,24.96625938761609,73.07001795332137,0.0,18.75,61.081214034664654,19.36830241810621,-4.979996016112198,25.203963678160974,79.61630695443645,0.0,18.75,17.173240676944022
ma200_r0.100_c0.75_v20.25_v10.00,200,0.1,0.75,0.25,0.0,51.05574329813465,-7.771405843165646,21.58532362859768,57.21125074805505,0.0,13.188145910288027,57.32053275697618,17.68630468092882,-2.934378339411303,19.644219888904107,68.5851318944844,0.0,13.188145910288027,13.166532545154064
ma175_r0.275_c0.75_v20.25_v10.20,175,0.27499999999999997,0.75,0.25,0.2,50.98257872894938,-11.371012311071006,26.93925538003879,74.20706163973668,0.0,18.75,61.497425009010186,20.252794729207622,-6.554935734983713,27.299802983835974,82.25419664268586,0.0,18.75,16.243339752197798
ma150_r0.225_c0.75_v20.40_v10.00,150,0.22499999999999998,0.75,0.4,0.0,50.9729169802015,-10.530624199173012,26.34959583695286,54.45840813883902,0.0,30.000000000000004,64.29143608038999,17.390319903965956,-7.1687863897592745,27.593684845013023,66.42685851318944,0.0,30.000000000000004,19.282746881662604
ma75_r0.200_c0.75_v20.40_v10.00,75,0.19999999999999998,0.75,0.4,0.0,50.963668182713896,-12.64967023868444,24.791767091745676,50.329144225014964,0.0,30.000000000000004,63.34151169826734,18.948394415865266,-6.934218566265882,25.61202976363564,61.15107913669065,0.0,30.000000000000004,18.60995448944974
ma175_r0.200_c0.75_v20.40_v10.10,175,0.19999999999999998,0.75,0.4,0.1,50.962716862693824,-11.050385348226321,27.641288207278848,74.44643925792938,0.0,30.000000000000004,66.2098141595859,18.54226056818502,-5.98485352645376,27.903196091814188,83.21342925659472,0.0,30.000000000000004,18.07254607224992
ma150_r0.175_c0.75_v20.25_v10.10,150,0.175,0.75,0.25,0.1,50.936763898591586,-10.560129211814484,24.511331359689596,73.12986235786954,0.0,18.75,59.579394851020986,19.263374365084363,-4.226993589982553,23.72433157394722,79.85611510791367,0.0,18.75,15.554500677984453
ma225_r0.275_c0.75_v20.40_v10.00,225,0.27499999999999997,0.75,0.4,0.0,50.90341798189828,-9.547795303511231,27.03477033923301,54.219030520646314,0.0,30.000000000000004,65.64576353624696,16.349802764425945,-7.848928112436027,28.63942323674028,66.90647482014388,0.0,30.000000000000004,20.345763536246974
ma125_r0.100_c0.75_v20.40_v10.00,125,0.1,0.75,0.4,0.0,50.893092278678395,-10.692461076888538,23.138425791229807,56.732495511669654,0.0,21.101033456460843,59.77647519166679,18.171552095985376,-3.718313283590158,21.868494864045175,67.38609112709833,0.0,21.101033456460843,14.150934300423028
ma175_r0.175_c0.75_v20.25_v10.20,175,0.175,0.75,0.25,0.2,50.86775247981501,-11.255191076023996,26.31546422915904,74.68581687612208,0.0,18.75,59.683234315665246,19.986325535453297,-5.504159961851885,25.33753679627848,83.93285371702638,0.0,18.75,14.28334014262872
ma200_r0.225_c0.75_v20.25_v10.10,200,0.22499999999999998,0.75,0.25,0.1,50.858310914198746,-9.918379914602315,25.67303118915789,74.92519449431478,0.0,18.75,63.33121403466465,19.198896146902577,-4.979996016112198,25.455762239312058,82.9736211031175,0.0,18.75,17.173240676944022
ma75_r0.275_c0.75_v20.25_v10.10,75,0.27499999999999997,0.75,0.25,0.1,50.83951469900045,-12.324805952662743,23.851751004275535,66.90604428485936,0.0,18.75,61.53341792362133,21.197136403897886,-5.103624486893854,24.135469796533684,73.621103117506,0.0,18.75,17.454567850012577
ma175_r0.250_c0.75_v20.40_v10.00,175,0.24999999999999997,0.75,0.4,0.0,50.827295215039655,-10.598488217269919,26.73638915946724,54.338719329742666,0.0,30.000000000000004,66.63251230567906,17.613404112643714,-7.294669483274808,27.841062059906406,64.98800959232614,0.0,30.000000000000004,19.532512305679067
ma175_r0.250_c0.75_v20.25_v10.20,175,0.24999999999999997,0.75,0.25,0.2,50.808259402231705,-11.371012311070816,26.86761913935304,74.20706163973668,0.0,18.75,61.31697728091835,20.096737669456253,-6.380859652708903,27.09072998530543,82.25419664268586,0.0,18.75,16.05189977472527
ma200_r0.175_c0.75_v20.25_v10.10,200,0.175,0.75,0.25,0.1,50.77442481046297,-9.80019727038276,25.21655438830241,75.22441651705566,0.0,18.75,61.832099221463054,19.082653859077524,-4.226993589982553,23.973964288126684,84.17266187050359,0.0,18.75,15.557205048426525
ma150_r0.175_c0.75_v20.40_v10.00,150,0.175,0.75,0.4,0.0,50.7392148639068,-10.412525837017817,25.876285333695836,54.51825254338719,0.0,30.000000000000004,62.88755150339297,17.494921470233905,-6.430638600948024,26.073648519403065,66.66666666666666,0.0,30.000000000000004,17.75099567054906
ma200_r0.275_c0.75_v20.25_v10.00,200,0.27499999999999997,0.75,0.25,0.0,50.70652197398226,-8.462598190046421,24.566617643399418,54.219030520646314,0.0,18.75,63.26542901128454,17.619204962678126,-6.114686188020491,24.93832012028631,64.98800959232614,0.0,18.75,18.265429011284542
ma250_r0.300_c0.75_v20.25_v10.00,250,0.29999999999999993,0.75,0.25,0.0,50.68677408671671,-9.581482366260785,24.734065574777272,53.74027528426092,0.0,18.75,61.602058921401316,18.35605103106923,-6.328206649130175,25.55305413777656,67.14628297362111,0.0,18.75,18.85205892140132
ma175_r0.125_c0.75_v20.40_v10.00,175,0.125,0.75,0.4,0.0,50.679358152924394,-10.692747246741884,25.16051289041579,55.95451825254338,0.0,26.376291820576053,62.80387006451328,18.61213029469826,-4.672867932000502,23.793506236284028,68.82494004796163,0.0,26.376291820576053,15.570875413748617
ma175_r0.225_c0.75_v20.25_v10.20,175,0.22499999999999998,0.75,0.25,0.2,50.664480163178304,-11.371012311070894,26.786722843672106,74.44643925792938,0.0,18.75,61.09492542505729,19.966520966194157,-6.206847256957804,26.84829265767866,83.21342925659472,0.0,18.75,15.813424920278898
ma150_r0.200_c0.75_v20.25_v10.10,150,0.19999999999999998,0.75,0.25,0.1,50.55836374261746,-10.686287334722689,24.79181881568718,73.07001795332137,0.0,18.75,60.352287985442956,19.063147284590553,-4.652763216112987,24.581361986898706,79.61630695443645,0.0,18.75,16.420065307373083
ma250_r0.100_c0.75_v20.25_v10.00,250,0.1,0.75,0.25,0.0,50.538040775141766,-8.780148473827298,21.689282839199453,56.25374027528426,0.0,13.98154650706392,55.89976580289686,18.28391251597128,-2.934378339411303,19.857280264610925,70.74340527577938,0.0,13.98154650706392,13.333065536911278
ma175_r0.150_c0.75_v20.40_v10.00,175,0.15,0.75,0.4,0.0,50.53801710292063,-10.550024449294638,25.804795757727977,55.475763016157984,0.0,30.000000000000004,64.08291444737714,18.07451333196557,-5.531513904887619,25.066618348985653,67.38609112709833,0.0,30.000000000000004,16.843038474753143
ma150_r0.200_c0.75_v20.40_v10.00,150,0.19999999999999998,0.75,0.4,0.0,50.5055430548274,-10.539546751498829,26.177294932710087,54.45840813883902,0.0,30.000000000000004,63.69344201977575,17.252153001721627,-6.934218566265882,26.991447083183672,66.42685851318944,0.0,30.000000000000004,18.661884810958156
ma75_r0.250_c0.75_v20.25_v10.10,75,0.24999999999999997,0.75,0.25,0.1,50.48565940420697,-12.324805952662743,23.815774945946586,66.90604428485936,0.0,18.75,61.4383344760194,20.959782505997747,-4.950382424613409,24.040747558653905,73.621103117506,0.0,18.75,17.364379863647798
ma200_r0.200_c0.75_v20.25_v10.10,200,0.19999999999999998,0.75,0.25,0.1,50.38491814947545,-9.92736347276505,25.49810749465592,74.92519449431478,0.0,18.75,62.602287985442956,18.8941740864244,-4.652763216112987,24.833160548049786,82.9736211031175,0.0,18.75,16.420065307373083
ma125_r0.300_c0.75_v20.40_v10.00,125,0.29999999999999993,0.75,0.4,0.0,50.36533104296736,-11.963579458555952,26.378544116147285,53.44105326152005,0.0,30.000000000000004,65.98819542194603,17.96077951101138,-7.536816194621188,28.149993328734098,63.78896882494005,0.0,30.000000000000004,19.788195421946032
ma250_r0.275_c0.75_v20.25_v10.00,250,0.27499999999999997,0.75,0.25,0.0,50.33457379200315,-9.581482366260719,24.678825901927244,53.74027528426092,0.0,18.75,61.39042901128454,18.13815000984671,-6.114686188020491,25.342996379279114,67.14628297362111,0.0,18.75,18.640429011284542
ma225_r0.175_c0.75_v20.40_v10.00,225,0.175,0.75,0.4,0.0,50.33299972219003,-9.428399620548456,26.389277421653922,54.637941352483544,0.0,30.000000000000004,63.62243658618716,16.57243640891273,-6.430638600948024,26.510602425825052,68.5851318944844,0.0,30.000000000000004,18.18588075334326
ma175_r0.225_c0.75_v20.40_v10.00,175,0.22499999999999998,0.75,0.4,0.0,50.29473159226168,-10.598488217269919,26.66377896083078,54.69778575703172,0.0,30.000000000000004,66.39143608039,17.390319903965956,-7.1687863897592745,27.593684845013023,66.42685851318944,0.0,30.000000000000004,19.282746881662604
ma225_r0.250_c0.75_v20.40_v10.00,225,0.24999999999999997,0.75,0.4,0.0,50.28596351402186,-9.547795303511197,26.96978233720512,54.219030520646314,0.0,30.000000000000004,65.43251230567907,16.061642324110004,-7.677545230898808,28.41660162825173,66.90647482014388,0.0,30.000000000000004,20.132512305679064
ma200_r0.250_c0.75_v20.25_v10.00,200,0.24999999999999997,0.75,0.25,0.0,50.282970396255,-8.462598190046478,24.510128982166602,54.219030520646314,0.0,18.75,63.05379910116777,17.407766497322854,-5.901566000792835,24.73545779411247,64.98800959232614,0.0,18.75,18.053799101167765
ma75_r0.150_c0.75_v20.25_v10.10,75,0.15,0.75,0.25,0.1,50.240690782411534,-12.232421988919274,23.03347717348217,67.56433273488929,0.0,18.75,59.38183074373079,20.813483107527663,-3.532547191739588,21.825041525212168,74.82014388489209,0.0,18.75,15.135978913268271
ma175_r0.200_c0.75_v20.25_v10.20,175,0.19999999999999998,0.75,0.25,0.2,50.220223783260785,-11.379851002749264,26.60534014955975,74.44643925792938,0.0,18.75,60.39785189912109,19.645329233339414,-5.9231554144228316,26.217153583304658,83.21342925659472,0.0,18.75,15.090629221051222
ma75_r0.225_c0.75_v20.25_v10.10,75,0.22499999999999998,0.75,0.25,0.1,50.163246762634394,-12.324805952662842,23.770538832622456,67.14542190305207,0.0,18.75,61.30164690064823,20.748897210909668,-4.797203128317539,23.91266099167789,74.58033573141488,0.0,18.75,17.22715700030917
ma175_r0.175_c0.75_v20.40_v10.00,175,0.175,0.75,0.4,0.0,50.06207928916246,-10.48047943469781,26.190468457573758,54.7576301615799,0.0,30.000000000000004,64.98755150339298,17.494921470233905,-6.430638600948024,26.073648519403065,66.66666666666666,0.0,30.000000000000004,17.75099567054906
ma200_r0.125_c0.75_v20.25_v10.00,200,0.125,0.75,0.25,0.0,50.05528847760343,-8.50674916462676,23.09950869034013,55.71514063435069,0.0,16.485182387860036,59.51257029298704,17.943100666544144,-3.6047698339987444,21.099234306014395,68.82494004796163,0.0,16.485182387860036,14.23992355364429
ma125_r0.100_c0.75_v20.25_v10.10,125,0.1,0.75,0.25,0.1,50.05239583259458,-10.613698523862869,21.90588612548158,72.89048473967684,0.0,13.188145910288027,55.76625971651217,19.18590231519397,-2.400985453654214,20.171326331711985,81.29496402877699,0.0,13.188145910288027,12.679200446150606
ma200_r0.150_c0.75_v20.25_v10.00,200,0.15,0.75,0.25,0.0,50.01579788472248,-8.393654442306175,23.664511839667014,55.17654099341711,0.0,18.75,60.51727844594432,17.579841555917586,-4.324832376235066,22.16368726021881,67.38609112709833,0.0,18.75,15.351507693929166
ma175_r0.100_c0.75_v20.25_v10.10,175,0.1,0.75,0.25,0.1,49.986671891575,-9.54103883759072,22.375656970388047,75.94254937163375,0.0,13.188145910288027,57.42891654856621,18.98342991510844,-2.531883172227445,20.37781187116119,84.17266187050359,0.0,13.188145910288027,12.88312032169057
ma250_r0.125_c0.75_v20.25_v10.00,250,0.125,0.75,0.25,0.0,49.956638161501,-9.483798683398792,23.182640488036757,55.17654099341711,0.0,17.476933133829895,57.5249507144878,18.691484884044975,-3.6047698339987444,21.365559775647917,70.9832134292566,0.0,17.476933133829895,14.448089793340808
ma225_r0.225_c0.75_v20.40_v10.00,225,0.22499999999999998,0.75,0.4,0.0,49.955694864860114,-9.547795303511153,26.88861336373765,54.57809694793537,0.0,30.000000000000004,65.15057404398253,15.99650583328296,-7.379854323889767,28.134927740114673,68.34532374100719,0.0,30.000000000000004,19.841884845255144
ma75_r0.125_c0.75_v20.25_v10.10,75,0.125,0.75,0.25,0.1,49.93747566045581,-12.144679804386548,22.508741425278576,67.92339916217833,0.0,16.04977159471135,58.765659560045044,20.82126690796915,-2.9411016191605133,20.85922399482859,74.82014388489209,0.0,16.04977159471135,14.32836545202213
ma250_r0.150_c0.75_v20.25_v10.00,250,0.15,0.75,0.25,0.0,49.931286037925204,-9.46629642806477,23.748012150980358,54.69778575703172,0.0,18.75,58.50517692462851,18.324109146413292,-4.324832376235066,22.453325198359337,69.54436450839329,0.0,18.75,15.589406172613348
ma250_r0.250_c0.75_v20.25_v10.00,250,0.24999999999999997,0.75,0.25,0.0,49.91206755217765,-9.58148236626073,24.622337240694428,53.74027528426092,0.0,18.75,61.17879910116777,17.92577866159686,-5.901566000792835,25.140134053105278,67.14628297362111,0.0,18.75,18.428799101167765
ma200_r0.225_c0.75_v20.25_v10.00,200,0.22499999999999998,0.75,0.25,0.0,49.90441695826657,-8.462598190046455,24.444380265938605,54.57809694793537,0.0,18.75,62.79157892991258,17.232282064422975,-5.749913353812364,24.4992311388424,66.42685851318944,0.0,18.75,17.78614818070796
ma125_r0.275_c0.75_v20.40_v10.00,125,0.27499999999999997,0.75,0.4,0.0,49.893679330861815,-11.963579458555918,26.3197466768679,53.44105326152005,0.0,30.000000000000004,65.78917913678387,17.68413305567855,-7.418109099241022,27.9324579134499,63.78896882494005,0.0,30.000000000000004,19.589179136783862
ma100_r0.100_c0.75_v20.25_v10.00,100,0.1,0.75,0.25,0.0,49.88231123342985,-9.993099767582637,20.76081677817169,54.51825254338719,0.0,13.188145910288027,54.26589045181041,17.875454968261838,-2.934378339411303,19.447541144051257,65.94724220623502,0.0,13.188145910288027,12.896119089423792
ma75_r0.175_c0.75_v20.25_v10.10,75,0.175,0.75,0.25,0.1,49.87258908912666,-12.209718206599973,23.368975382285683,67.20526630760024,0.0,18.75,60.017509302341544,20.494874976357668,-4.11143838378073,22.644432625303214,74.82014388489209,0.0,18.75,15.846435596157345
ma175_r0.200_c0.75_v20.40_v10.00,175,0.19999999999999998,0.75,0.4,0.0,49.82945715713512,-10.607404001690501,26.491478056588,54.69778575703172,0.0,30.000000000000004,65.79344201977575,17.252153001721627,-6.934218566265882,26.991447083183672,66.42685851318944,0.0,30.000000000000004,18.661884810958156
ma75_r0.100_c0.75_v20.25_v10.10,75,0.1,0.75,0.25,0.1,49.80144509708402,-11.134123820404485,21.20731280730749,68.76122082585279,0.0,12.83981727576908,57.07101911258441,19.902476383794365,-2.4009854536542363,19.4741928739123,75.0599520383693,0.0,12.83981727576908,13.533437369058356
ma225_r0.200_c0.75_v20.40_v10.00,225,0.19999999999999998,0.75,0.4,0.0,49.79551631092056,-9.556815870852475,26.703299740081526,54.57809694793537,0.0,30.000000000000004,64.49045354296912,16.09562364096242,-6.934218566265882,27.480545483945495,68.34532374100719,0.0,30.000000000000004,19.158896334151528
ma200_r0.175_c0.75_v20.25_v10.00,200,0.175,0.75,0.25,0.0,49.730650210845816,-8.342440677203179,24.012460007223712,54.637941352483544,0.0,18.75,61.376103418849816,17.218690038703354,-5.031079051334341,23.07781140462212,66.66666666666666,0.0,18.75,16.254332382503026
ma175_r0.300_c0.75_v20.25_v10.10,175,0.29999999999999993,0.75,0.25,0.1,49.67088287833974,-10.699862002389748,25.56607398758733,74.20706163973668,0.0,18.75,63.60423693463419,19.108527235796412,-5.921813788453701,26.12298993237611,82.25419664268586,0.0,18.75,17.997867405223825
ma150_r0.100_c0.75_v20.25_v10.00,150,0.1,0.75,0.25,0.0,49.6090129605393,-9.010168942893248,21.12790455732662,57.27109515260324,0.0,13.188145910288027,55.434042525586285,17.68630468092882,-2.934378339411303,19.644219888904107,68.5851318944844,0.0,13.188145910288027,13.166532545154064
ma75_r0.200_c0.75_v20.25_v10.10,75,0.19999999999999998,0.75,0.25,0.1,49.573882685083206,-12.333549525485122,23.62298163374989,67.14542190305207,0.0,18.75,60.68156164409502,20.360297400562754,-4.532727966961925,23.396566953030447,74.58033573141488,0.0,18.75,16.5929909281421
ma250_r0.225_c0.75_v20.25_v10.00,250,0.22499999999999998,0.75,0.25,0.0,49.57229097033115,-9.581482366260708,24.55278643069575,54.099341711549975,0.0,18.75,60.898426647938855,17.779318763862918,-5.749913353812364,24.888671669559894,68.5851318944844,0.0,18.75,18.142995898734235
ma250_r0.175_c0.75_v20.25_v10.00,250,0.175,0.75,0.25,0.0,49.563844419063315,-9.462793568250039,24.10425646371446,54.15918611609815,0.0,18.75,59.40365164398137,17.895675664784516,-5.031079051334341,23.400693607969938,68.82494004796163,0.0,18.75,16.53188060763457
ma200_r0.200_c0.75_v20.25_v10.00,200,0.19999999999999998,0.75,0.25,0.0,49.503561721819,-8.471726928766387,24.289379705286347,54.57809694793537,0.0,18.75,62.18659822977743,17.064157734621666,-5.488085427496426,23.93541422244681,66.42685851318944,0.0,18.75,17.157944850781544
ma175_r0.125_c0.75_v20.25_v10.10,175,0.125,0.75,0.25,0.1,49.46688504236754,-10.489050403881606,23.94752851675644,75.64332734889288,0.0,16.485182387860036,59.6061692672145,19.386561945068937,-3.230008512724103,21.89985658500536,84.17266187050359,0.0,16.485182387860036,13.824486988115416
ma175_r0.275_c0.75_v20.25_v10.10,175,0.27499999999999997,0.75,0.25,0.1,49.452524275486034,-10.699862002389715,25.50333791037666,74.20706163973668,0.0,18.75,63.40566664297474,18.931005873983885,-5.726508323713819,25.9111509535853,82.25419664268586,0.0,18.75,17.788670121455176
ma175_r0.150_c0.75_v20.25_v10.10,175,0.15,0.75,0.25,0.1,49.44767960466354,-10.583965182795762,24.544644179568113,75.10472770795931,0.0,18.75,60.61377757322402,19.05179743838601,-3.8894240903459054,23.03221930563024,84.17266187050359,0.0,18.75,14.850375897714509
ma125_r0.125_c0.75_v20.40_v10.00,125,0.125,0.75,0.4,0.0,49.39024421990823,-11.867460468238855,24.686267687152917,55.23638539796529,0.0,26.376291820576053,61.755838639194906,18.341631183339757,-4.672867932000502,23.634009512261954,67.62589928057554,0.0,26.376291820576053,15.380846459699463
ma225_r0.100_c0.75_v20.25_v10.00,225,0.1,0.75,0.25,0.0,49.306414803580665,-8.806494361624594,21.644030831544388,56.91202872531418,0.0,13.188145910288027,56.5523399038067,17.402412708857582,-2.934378339411303,19.804868110130087,70.50359712230215,0.0,13.188145910288027,13.321848646151992
ma125_r0.250_c0.75_v20.40_v10.00,125,0.24999999999999997,0.75,0.4,0.0,49.3058769590238,-11.963579458555984,26.25774026125055,53.44105326152005,0.0,30.000000000000004,65.5901628516217,17.412737018904203,-7.294669483274808,27.721584100865442,63.78896882494005,0.0,30.000000000000004,19.390162851621692
ma250_r0.200_c0.75_v20.25_v10.00,250,0.19999999999999998,0.75,0.25,0.0,49.25470523532625,-9.590499522162133,24.3894810159103,54.099341711549975,0.0,18.75,60.25379620135634,17.67536102483678,-5.488085427496426,24.291575589479468,68.5851318944844,0.0,18.75,17.475142822360453
ma125_r0.300_c0.75_v20.25_v10.10,125,0.29999999999999993,0.75,0.25,0.1,49.24894950372389,-12.142691930482663,24.964765327680624,71.3345302214243,0.0,18.75,61.55841758976534,19.570229579606302,-5.565404339774538,25.799760266419046,78.65707434052757,0.0,18.75,17.677048060354977
ma175_r0.100_c0.75_v20.25_v10.00,175,0.1,0.75,0.25,0.0,49.21555976827116,-9.199896565814136,21.40686175269914,57.450628366247756,0.0,13.188145910288027,56.96779518558192,17.68630468092882,-2.934378339411303,19.644219888904107,68.5851318944844,0.0,13.188145910288027,13.166532545154064
ma175_r0.250_c0.75_v20.25_v10.10,175,0.24999999999999997,0.75,0.25,0.1,49.183461808728815,-10.699862002389837,25.44008443952619,74.20706163973668,0.0,18.75,63.20174240270431,18.76866516927025,-5.518128732837557,25.708342070413686,82.25419664268586,0.0,18.75,17.579472837686524
ma75_r0.300_c0.75_v20.25_v10.00,75,0.29999999999999993,0.75,0.25,0.0,49.14435054644495,-12.093917994742576,22.83197427534652,49.970077797725914,0.0,18.75,61.299163439138695,19.439503009266378,-6.199809506322584,23.506544398331016,59.71223021582733,0.0,18.75,18.17416343913869
ma100_r0.300_c0.75_v20.25_v10.00,100,0.29999999999999993,0.75,0.25,0.0,49.07561732488384,-11.362216305223772,23.555631789114383,51.46618791143028,0.0,18.75,59.727058921401316,18.019639707842174,-6.199809506322551,24.87760364414899,63.06954436450839,0.0,18.75,18.10205892140132
ma125_r0.275_c0.75_v20.25_v10.10,125,0.27499999999999997,0.75,0.25,0.1,49.0568084316769,-12.142691930482552,24.905010836880496,71.3345302214243,0.0,18.75,61.37408224351163,19.412530356362147,-5.373825315574643,25.59986908353233,78.65707434052757,0.0,18.75,17.482085721992064
ma125_r0.125_c0.75_v20.25_v10.10,125,0.125,0.75,0.25,0.1,49.04832343858425,-11.907059174785228,23.377061696133666,72.71095152603232,0.0,16.485182387860036,57.68235432591253,19.64095274412696,-3.0038076724287044,21.641749660693854,81.29496402877699,0.0,16.485182387860036,13.569587143690462
ma125_r0.150_c0.75_v20.40_v10.00,125,0.15,0.75,0.4,0.0,49.00946138751281,-11.894048006087433,25.310544734517944,54.45840813883902,0.0,30.000000000000004,62.998760955724876,17.82112426365321,-5.531513904887619,24.916342910407195,66.18705035971223,0.0,30.000000000000004,16.66399602364681
ma150_r0.300_c0.75_v20.25_v10.00,150,0.29999999999999993,0.75,0.25,0.0,49.001296052576215,-10.277698867328644,24.02715354605196,54.099341711549975,0.0,18.75,61.227058921401316,17.836148810830576,-6.328206649130175,25.148377878783755,64.98800959232614,0.0,18.75,18.47705892140132
ma175_r0.225_c0.75_v20.25_v10.10,175,0.22499999999999998,0.75,0.25,0.1,48.9556733678735,-10.699862002389782,25.367964953145716,74.44643925792938,0.0,18.75,62.956214034664654,18.64039737132448,-5.302969443594008,25.473747850822846,83.21342925659472,0.0,18.75,17.32324067694402
ma125_r0.150_c0.75_v20.25_v10.10,125,0.15,0.75,0.25,0.1,48.95544565504413,-12.049022434707023,23.94594011416708,72.11250748055058,0.0,18.75,58.615764208182874,19.425181950007552,-3.6077713405607836,22.73218814592187,80.3357314148681,0.0,18.75,14.551093168027183
ma175_r0.300_c0.75_v20.25_v10.00,175,0.29999999999999993,0.75,0.25,0.0,48.901690452053145,-10.13156503751631,24.374999147488225,54.338719329742666,0.0,18.75,63.102058921401316,17.836148810830576,-6.328206649130175,25.148377878783755,64.98800959232614,0.0,18.75,18.47705892140132
ma175_r0.175_c0.75_v20.25_v10.10,175,0.175,0.75,0.25,0.1,48.83509889628117,-10.583163671735917,24.912307511963334,74.68581687612208,0.0,18.75,61.4509124237336,18.536389649161357,-4.543211399812408,23.991192846008172,83.93285371702638,0.0,18.75,15.701018250697068
ma125_r0.225_c0.75_v20.40_v10.00,125,0.22499999999999998,0.75,0.4,0.0,48.804115248475966,-11.963579458555984,26.18811164902463,53.8001196888091,0.0,30.000000000000004,65.36332157173837,17.210064026392423,-7.1687863897592745,27.48615468187615,65.22781774580336,0.0,30.000000000000004,19.15463237301097
ma125_r0.250_c0.75_v20.25_v10.10,125,0.24999999999999997,0.75,0.25,0.1,48.8002791002911,-12.142691930482496,24.843136504158146,71.3345302214243,0.0,18.75,61.176742402704306,19.259006327343076,-5.166736002331174,25.40258667473023,78.65707434052757,0.0,18.75,17.279472837686523
ma100_r0.275_c0.75_v20.25_v10.00,100,0.27499999999999997,0.75,0.25,0.0,48.749911494987956,-11.362216305223837,23.50041270552441,51.46618791143028,0.0,18.75,59.51542901128454,17.82036077109177,-6.053280764906832,24.667628390815956,63.06954436450839,0.0,18.75,17.890429011284542
ma225_r0.300_c0.75_v20.25_v10.00,225,0.29999999999999993,0.75,0.25,0.0,48.720523376853045,-9.381027471377868,24.689182271366143,54.219030520646314,0.0,18.75,62.352058921401316,16.86445525212057,-6.949916011680757,25.508090108999582,66.90647482014388,0.0,18.75,18.85205892140132
ma75_r0.275_c0.75_v20.25_v10.00,75,0.27499999999999997,0.75,0.25,0.0,48.6865868101884,-12.093917994742686,22.802462438191125,49.970077797725914,0.0,18.75,61.20652481921047,19.13213817900681,-6.053280764906788,23.399583074955235,59.71223021582733,0.0,18.75,18.08152481921047
ma150_r0.275_c0.75_v20.25_v10.00,150,0.27499999999999997,0.75,0.25,0.0,48.653035226764494,-10.2776988673286,23.971913873201935,54.099341711549975,0.0,18.75,61.01542901128454,17.619204962678126,-6.114686188020491,24.93832012028631,64.98800959232614,0.0,18.75,18.265429011284542
ma125_r0.175_c0.75_v20.40_v10.00,125,0.175,0.75,0.4,0.0,48.608072485006694,-11.84737257790105,25.71882931881348,53.85996409335727,0.0,30.000000000000004,63.97866864376892,17.341590067480283,-6.430638600948024,25.98226002811189,65.46762589928058,0.0,30.000000000000004,17.642112810925006
ma125_r0.225_c0.75_v20.25_v10.10,125,0.22499999999999998,0.75,0.25,0.1,48.57307574166061,-12.142691930482552,24.77101701777767,71.573907839617,0.0,18.75,60.931214034664656,19.130208970691754,-4.950776502326271,25.167992455139395,79.61630695443645,0.0,18.75,17.02324067694402
ma175_r0.275_c0.75_v20.25_v10.00,175,0.27499999999999997,0.75,0.25,0.0,48.553662434475584,-10.13156503751641,24.319759474638197,54.338719329742666,0.0,18.75,62.89042901128454,17.619204962678126,-6.114686188020491,24.93832012028631,64.98800959232614,0.0,18.75,18.265429011284542
ma225_r0.125_c0.75_v20.25_v10.00,225,0.125,0.75,0.25,0.0,48.536645836344675,-9.391424161475804,23.132209369817833,55.65529622980251,0.0,16.485182387860036,58.2469183406251,17.58727705096299,-3.6350788515740917,21.30004458254687,70.74340527577938,0.0,16.485182387860036,14.4340686798917
ma125_r0.175_c0.75_v20.25_v10.10,125,0.175,0.75,0.25,0.1,48.46980928247386,-12.027365130573509,24.31658745931591,71.63375224416517,0.0,18.75,59.437724275776745,19.038705193434822,-4.199178040115581,23.690357814895847,79.85611510791367,0.0,18.75,15.41283010274022
ma175_r0.200_c0.75_v20.25_v10.10,175,0.19999999999999998,0.75,0.25,0.1,48.46248372757065,-10.708767625788784,25.193524381216804,74.44643925792938,0.0,18.75,62.227287985442956,18.33710306649825,-4.976848909376386,24.85114615956057,83.21342925659472,0.0,18.75,16.570065307373085
ma225_r0.150_c0.75_v20.25_v10.00,225,0.15,0.75,0.25,0.0,48.378784072277,-9.312775462265144,23.702097420570094,55.17654099341711,0.0,18.75,59.25025259744121,17.15180600570474,-4.39736194722421,22.404228041247702,69.30455635491607,0.0,18.75,15.584481845426058
ma225_r0.275_c0.75_v20.25_v10.00,225,0.27499999999999997,0.75,0.25,0.0,48.37291880119763,-9.381027471377813,24.633942598516114,54.219030520646314,0.0,18.75,62.14042901128454,16.64930035364085,-6.7361331558116415,25.298032350502137,66.90647482014388,0.0,18.75,18.640429011284542
ma125_r0.200_c0.75_v20.40_v10.00,125,0.19999999999999998,0.75,0.4,0.0,48.36880596726887,-11.972359105913743,26.01879233119239,53.8001196888091,0.0,30.000000000000004,64.77956245652985,17.092115869960068,-6.934218566265882,26.895864715950907,65.22781774580336,0.0,30.000000000000004,18.548005247712258
ma150_r0.125_c0.75_v20.25_v10.00,150,0.125,0.75,0.25,0.0,48.35742405617347,-9.972170151892012,22.53682519049255,55.77498503889886,0.0,16.485182387860036,57.14710108700567,17.943100666544144,-3.6047698339987444,21.099234306014395,68.82494004796163,0.0,16.485182387860036,14.23992355364429
ma100_r0.250_c0.75_v20.25_v10.00,100,0.24999999999999997,0.75,0.25,0.0,48.354529201441856,-11.36221630522385,23.44394463355165,51.46618791143028,0.0,18.75,59.30379910116777,17.62653544067159,-5.901566000792835,24.464848569806524,63.06954436450839,0.0,18.75,17.678799101167765
ma75_r0.100_c0.75_v20.25_v10.00,75,0.1,0.75,0.25,0.0,48.321311655854224,-10.900642958926598,20.330956147889435,52.842609216038305,0.0,13.98154650706392,56.67180114094769,18.22066315309756,-2.9343783394113143,18.886145471173872,63.78896882494005,0.0,13.98154650706392,13.875230182018477
ma100_r0.125_c0.75_v20.25_v10.00,100,0.125,0.75,0.25,0.0,48.31042543279389,-11.18313086975542,22.08290040955706,52.842609216038305,0.0,16.485182387860036,55.77271247282045,18.090302838906158,-3.6047698339987444,20.852973349126298,66.90647482014388,0.0,16.485182387860036,13.90190673398145
ma150_r0.250_c0.75_v20.25_v10.00,150,0.24999999999999997,0.75,0.25,0.0,48.235254849515115,-10.277698867328644,23.915425211969115,54.099341711549975,0.0,18.75,60.80379910116777,17.407766497322854,-5.901566000792835,24.73545779411247,64.98800959232614,0.0,18.75,18.053799101167765
ma75_r0.250_c0.75_v20.25_v10.00,75,0.24999999999999997,0.75,0.25,0.0,48.1600160454003,-12.09391799474272,22.77170161265294,49.970077797725914,0.0,18.75,61.11388619928225,18.83080097365837,-5.901566000792846,23.299817183903055,59.71223021582733,0.0,18.75,17.988886199282245
ma175_r0.250_c0.75_v20.25_v10.00,175,0.24999999999999997,0.75,0.25,0.0,48.136161338457754,-10.131565037516399,24.26327081340538,54.338719329742666,0.0,18.75,62.67879910116777,17.407766497322854,-5.901566000792835,24.73545779411247,64.98800959232614,0.0,18.75,18.053799101167765
ma100_r0.150_c0.75_v20.25_v10.00,100,0.15,0.75,0.25,0.0,48.12002232456876,-11.267714701569187,22.59630537559002,52.42369838420108,0.0,18.75,56.75261614474496,17.79760817991891,-4.324832376235066,21.89344295504804,65.46762589928058,0.0,18.75,14.976507693929166
ma125_r0.200_c0.75_v20.25_v10.10,125,0.19999999999999998,0.75,0.25,0.1,48.081152875435016,-12.151453664966338,24.596576445848758,71.573907839617,0.0,18.75,60.20228798544296,18.825662503264695,-4.623443075270561,24.545390763877123,79.61630695443645,0.0,18.75,16.270065307373084
ma175_r0.125_c0.75_v20.25_v10.00,175,0.125,0.75,0.25,0.0,48.046879516991496,-10.085207182031253,22.873039437560443,55.95451825254338,0.0,16.485182387860036,58.97975669982125,17.943100666544144,-3.6047698339987444,21.099234306014395,68.82494004796163,0.0,16.485182387860036,14.23992355364429
ma150_r0.150_c0.75_v20.25_v10.00,150,0.15,0.75,0.25,0.0,48.02131767178868,-10.120168095523796,23.070957765375233,55.11669658886894,0.0,18.75,58.220078786278265,17.579841555917586,-4.324832376235066,22.16368726021881,67.38609112709833,0.0,18.75,15.351507693929166
ma100_r0.225_c0.75_v20.25_v10.00,100,0.22499999999999998,0.75,0.25,0.0,48.00345213741571,-11.362216305223827,23.378216506583712,51.825254338719326,0.0,18.75,59.04157892991258,17.46867627128794,-5.749913353812364,24.22870441970086,64.5083932853717,0.0,18.75,17.41114818070796
ma225_r0.250_c0.75_v20.25_v10.00,225,0.24999999999999997,0.75,0.25,0.0,47.955925674244824,-9.3810274713778,24.5774539372833,54.219030520646314,0.0,18.75,61.92879910116777,16.439605439792636,-6.516988546702118,25.0951700243283,66.90647482014388,0.0,18.75,18.428799101167765
ma225_r0.175_c0.75_v20.25_v10.00,225,0.175,0.75,0.25,0.0,47.90930920583529,-9.262075544185755,24.058169828804342,54.637941352483544,0.0,18.75,60.14790659559619,16.64415134102988,-5.187685674900388,23.350907596135862,68.5851318944844,0.0,18.75,16.526135559249397
ma175_r0.150_c0.75_v20.25_v10.00,175,0.15,0.75,0.25,0.0,47.895981539742614,-10.049782615292335,23.42127613600352,55.475763016157984,0.0,18.75,60.096522590299735,17.579841555917586,-4.324832376235066,22.16368726021881,67.38609112709833,0.0,18.75,15.351507693929166
ma100_r0.175_c0.75_v20.25_v10.00,100,0.175,0.75,0.25,0.0,47.867991437354206,-11.245865005950328,22.946337426388936,51.8850987432675,0.0,18.75,57.626103418849816,17.48374089828344,-5.031079051334341,22.807449695809396,64.74820143884892,0.0,18.75,15.879332382503026
ma150_r0.225_c0.75_v20.25_v10.00,150,0.22499999999999998,0.75,0.25,0.0,47.861859479391924,-10.277698867328578,23.849676495741118,54.45840813883902,0.0,18.75,60.54157892991258,17.232282064422975,-5.749913353812364,24.4992311388424,66.42685851318944,0.0,18.75,17.78614818070796
ma125_r0.100_c0.75_v20.25_v10.00,125,0.1,0.75,0.25,0.0,47.77465585211005,-10.377067670262774,21.06594803567007,56.732495511669654,0.0,13.188145910288027,56.059987906191864,17.601904312582974,-2.934378339411303,19.59434101665331,67.38609112709833,0.0,13.188145910288027,13.10710543164383
ma175_r0.225_c0.75_v20.25_v10.00,175,0.22499999999999998,0.75,0.25,0.0,47.76301557871297,-10.131565037516365,24.197522097177384,54.69778575703172,0.0,18.75,62.41657892991258,17.232282064422975,-5.749913353812364,24.4992311388424,66.42685851318944,0.0,18.75,17.78614818070796
ma225_r0.225_c0.75_v20.25_v10.00,225,0.22499999999999998,0.75,0.25,0.0,47.70631021160947,-9.381027471377823,24.50635598678592,54.57809694793537,0.0,18.75,61.64104015715792,16.362527161348606,-6.219545990186804,24.837507948280933,68.34532374100719,0.0,18.75,18.135609407953297
ma150_r0.175_c0.75_v20.25_v10.00,150,0.175,0.75,0.25,0.0,47.690460431180085,-10.159923965075368,23.41775623702623,54.51825254338719,0.0,18.75,59.126103418849816,17.218690038703354,-5.031079051334341,23.07781140462212,66.66666666666666,0.0,18.75,16.254332382503026
ma75_r0.225_c0.75_v20.25_v10.00,75,0.22499999999999998,0.75,0.25,0.0,47.6785528348153,-12.093917994742686,22.731680732119575,50.329144225014964,0.0,18.75,60.970657318215615,18.566273300631497,-5.749913353812397,23.16668696375465,61.15107913669065,0.0,18.75,17.84022656901099
ma100_r0.200_c0.75_v20.25_v10.00,100,0.19999999999999998,0.75,0.25,0.0,47.63024397944693,-11.371055874100211,23.22323653519152,51.825254338719326,0.0,18.75,58.43659822977743,17.318143794662454,-5.488085427496426,23.664970008469673,64.5083932853717,0.0,18.75,16.782944850781544
ma175_r0.175_c0.75_v20.25_v10.00,175,0.175,0.75,0.25,0.0,47.59173110873445,-10.01359831118701,23.765601838462494,54.7576301615799,0.0,18.75,61.001103418849816,17.218690038703354,-5.031079051334341,23.07781140462212,66.66666666666666,0.0,18.75,16.254332382503026
ma225_r0.200_c0.75_v20.25_v10.00,225,0.19999999999999998,0.75,0.25,0.0,47.49808236731845,-9.39006461801888,24.343222476500323,54.57809694793537,0.0,18.75,60.99723043177328,16.342953686664252,-5.770834438332672,24.241100722922944,68.34532374100719,0.0,18.75,17.4685770527774
ma75_r0.125_c0.75_v20.25_v10.00,75,0.125,0.75,0.25,0.0,47.482913662755166,-11.913317493840413,21.545620500386992,51.34649910233393,0.0,17.476933133829895,58.27137252609605,18.785387322722613,-3.604769833998722,20.22011850372095,63.549160671462836,0.0,17.476933133829895,14.816867790498387
ma150_r0.200_c0.75_v20.25_v10.00,150,0.19999999999999998,0.75,0.25,0.0,47.466466189147674,-10.286646591736437,23.694675935088863,54.45840813883902,0.0,18.75,59.93659822977743,17.064157734621666,-5.488085427496426,23.93541422244681,66.42685851318944,0.0,18.75,17.157944850781544
ma75_r0.150_c0.75_v20.25_v10.00,75,0.15,0.75,0.25,0.0,47.40137977523587,-12.001290742746706,22.026891340429607,50.927588270496706,0.0,18.75,59.05101857804384,18.58319979532439,-4.324832376235088,21.140467288973582,62.11031175059952,0.0,18.75,15.762559952797853
ma175_r0.200_c0.75_v20.25_v10.00,175,0.19999999999999998,0.75,0.25,0.0,47.36788660419804,-10.140527335393845,24.042521536525125,54.69778575703172,0.0,18.75,61.81159822977743,17.064157734621666,-5.488085427496426,23.93541422244681,66.42685851318944,0.0,18.75,17.157944850781544
ma75_r0.175_c0.75_v20.25_v10.00,75,0.175,0.75,0.25,0.0,47.28253250527641,-11.978527171224652,22.351216144793952,50.38898862956314,0.0,18.75,59.793164387529956,18.371826406561386,-5.031079051334386,21.951460099777687,61.39088729016786,0.0,18.75,16.54639335118316
ma75_r0.200_c0.75_v20.25_v10.00,75,0.19999999999999998,0.75,0.25,0.0,47.175846042196426,-12.102684593298541,22.602408007161955,50.329144225014964,0.0,18.75,60.48466790826901,18.309576226064994,-5.488085427496426,22.705966482480715,61.15107913669065,0.0,18.75,17.331014529273126
ma125_r0.300_c0.75_v20.25_v10.00,125,0.29999999999999993,0.75,0.25,0.0,46.48720437027449,-11.791308607855221,23.890387076450466,53.44105326152005,0.0,18.75,61.80623957653247,17.593747797710037,-6.295403382627152,25.0050043279346,63.78896882494005,0.0,18.75,18.30623957653247
ma125_r0.275_c0.75_v20.25_v10.00,125,0.27499999999999997,0.75,0.25,0.0,46.16992733519763,-11.791308607855244,23.83812899001098,53.44105326152005,0.0,18.75,61.60884461182143,17.397415574661412,-6.084548199326378,24.80689436534125,63.78896882494005,0.0,18.75,18.108844611821432
ma125_r0.125_c0.75_v20.25_v10.00,125,0.125,0.75,0.25,0.0,45.933890960046185,-11.596835512338,22.41491004178065,55.23638539796529,0.0,16.485182387860036,57.75192472667649,17.73634424854953,-3.6047698339987444,20.977146736180423,67.62589928057554,0.0,16.485182387860036,14.09446493472781
ma125_r0.250_c0.75_v20.25_v10.00,125,0.24999999999999997,0.75,0.25,0.0,45.78416206263212,-11.791308607855333,23.784621915188698,53.44105326152005,0.0,18.75,61.41144964711039,17.20650445903702,-5.901566000792835,24.615979835071514,63.78896882494005,0.0,18.75,17.91144964711039
ma125_r0.150_c0.75_v20.25_v10.00,125,0.15,0.75,0.25,0.0,45.5790589626385,-11.697264483043456,22.937348289281804,54.45840813883902,0.0,18.75,58.82439803085417,17.376046125015865,-4.324832376235066,22.04288257032306,66.18705035971223,0.0,18.75,15.2075775348248
ma125_r0.225_c0.75_v20.25_v10.00,125,0.22499999999999998,0.75,0.25,0.0,45.44191370076904,-11.791308607855322,23.721854785371235,53.8001196888091,0.0,18.75,61.16346442126095,17.051418960301824,-5.749913353812364,24.391700975705536,65.22781774580336,0.0,18.75,17.658033672056323
ma125_r0.175_c0.75_v20.25_v10.00,125,0.175,0.75,0.25,0.0,45.313088875795145,-11.675520561010288,23.29468832461792,53.85996409335727,0.0,18.75,59.770684899894725,17.069887409966267,-5.031079051334341,22.989330633316886,65.46762589928058,0.0,18.75,16.148913863547932
ma125_r0.200_c0.75_v20.25_v10.00,125,0.19999999999999998,0.75,0.25,0.0,45.07789704603245,-11.800105384698846,23.56983581112952,53.8001196888091,0.0,18.75,60.57271866653153,16.903622856088685,-5.488085427496426,23.839831855214037,65.22781774580336,0.0,18.75,17.044065287535645
