date,horizon_months,model,forecast,actual,training_n
2000-01-01,1,historical_mean,0.004163805402343765,-0.04779066383634856,323
2000-01-01,1,ratio_only,0.0032224284243239643,-0.04779066383634856,323
2000-01-01,1,gold_own_history,0.0013042943791121261,-0.04779066383634856,323
2000-01-01,1,gold_plus_silver,0.001385447851048667,-0.04779066383634856,323
2000-02-01,1,historical_mean,0.004320115374851947,-0.0212022076506031,324
2000-02-01,1,ratio_only,0.0023992765064057425,-0.0212022076506031,324
2000-02-01,1,gold_own_history,-0.0028413525806779234,-0.0212022076506031,324
2000-02-01,1,gold_plus_silver,0.0010763818676636366,-0.0212022076506031,324
2000-03-01,1,historical_mean,0.00415977451574056,-0.018018505502677584,325
2000-03-01,1,ratio_only,0.002747196301213062,-0.018018505502677584,325
2000-03-01,1,gold_own_history,0.008465803295075349,-0.018018505502677584,325
2000-03-01,1,gold_plus_silver,0.004797294200091506,-0.018018505502677584,325
2000-04-01,1,historical_mean,0.0040819770244327576,0.039220713153280684,326
2000-04-01,1,ratio_only,0.0030544879185745027,0.039220713153280684,326
2000-04-01,1,gold_own_history,0.004489618630778304,0.039220713153280684,326
2000-04-01,1,gold_plus_silver,0.0021558016284232845,0.039220713153280684,326
2000-05-01,1,historical_mean,0.004014391450955356,-0.014084739881738528,327
2000-05-01,1,ratio_only,0.0029569121253848613,-0.014084739881738528,327
2000-05-01,1,gold_own_history,0.004267379704216561,-0.014084739881738528,327
2000-05-01,1,gold_plus_silver,0.0037626519244556775,-0.014084739881738528,327
2000-06-01,1,historical_mean,0.004121727797608787,-0.028778964550043362,328
2000-06-01,1,ratio_only,0.0023610704359846024,-0.028778964550043362,328
2000-06-01,1,gold_own_history,0.0010443198469361394,-0.028778964550043362,328
2000-06-01,1,gold_plus_silver,0.003101043152191084,-0.028778964550043362,328
2000-07-01,1,historical_mean,0.004066388990072777,0.0,329
2000-07-01,1,ratio_only,0.002561702446896047,0.0,329
2000-07-01,1,gold_own_history,0.008203199227445763,0.0,329
2000-07-01,1,gold_plus_silver,0.00535562831987766,0.0,329
2000-08-01,1,historical_mean,0.0039668576157087885,-0.014706147389695445,330
2000-08-01,1,ratio_only,0.0026178355442957046,-0.014706147389695445,330
2000-08-01,1,gold_own_history,0.008642802348440457,-0.014706147389695445,330
2000-08-01,1,gold_plus_silver,0.006414778312774358,-0.014706147389695445,330
2000-09-01,1,historical_mean,0.0039548731516129915,-0.014925650216675912,331
2000-09-01,1,ratio_only,0.0026100701823761063,-0.014925650216675912,331
2000-09-01,1,gold_own_history,0.0034800344124485873,-0.014925650216675912,331
2000-09-01,1,gold_plus_silver,0.0025880589290141268,-0.014925650216675912,331
2000-10-01,1,historical_mean,0.0038986652584162796,0.01862251209800192,332
2000-10-01,1,ratio_only,0.002448282798895335,0.01862251209800192,332
2000-10-01,1,gold_own_history,-0.002300974580332245,0.01862251209800192,332
2000-10-01,1,gold_plus_silver,-0.0015349750650617278,0.01862251209800192,332
2000-11-01,1,historical_mean,0.0038421357825151018,-0.02238899489347901,333
2000-11-01,1,ratio_only,0.00228190766833658,-0.02238899489347901,333
2000-11-01,1,gold_own_history,-0.0003789176606410925,-0.02238899489347901,333
2000-11-01,1,gold_plus_silver,-4.204829055050319e-05,-0.02238899489347901,333
2000-12-01,1,historical_mean,0.003886388406214164,-0.01138532222512545,334
2000-12-01,1,ratio_only,0.0016027962448817157,-0.01138532222512545,334
2000-12-01,1,gold_own_history,-0.002353128517370345,-0.01138532222512545,334
2000-12-01,1,gold_plus_silver,0.00021994903794540083,-0.01138532222512545,334
2001-01-01,1,historical_mean,0.0038079544262150803,0.003809528416668151,335
2001-01-01,1,ratio_only,0.002323893642811034,0.003809528416668151,335
2001-01-01,1,gold_own_history,0.0017945915203782408,0.003809528416668151,335
2001-01-01,1,gold_plus_silver,-0.0021528017467679697,0.003809528416668151,335
2001-02-01,1,historical_mean,0.0037627363409432333,-0.011472401162237134,336
2001-02-01,1,ratio_only,0.002097689358763727,-0.011472401162237134,336
2001-02-01,1,gold_own_history,-0.0025657694487925776,-0.011472401162237134,336
2001-02-01,1,gold_plus_silver,-0.0016342506258295794,-0.011472401162237134,336
2001-03-01,1,historical_mean,0.0037628751898326246,0.04512043528047016,337
2001-03-01,1,ratio_only,0.0012206516784893096,0.04512043528047016,337
2001-03-01,1,gold_own_history,-0.002291812970185062,0.04512043528047016,337
2001-03-01,1,gold_plus_silver,0.000859670653768789,0.04512043528047016,337
2001-04-01,1,historical_mean,0.0037178004077259093,-0.007380107297622729,338
2001-04-01,1,ratio_only,0.0013867090193497161,-0.007380107297622729,338
2001-04-01,1,gold_own_history,9.740085625808232e-05,-0.007380107297622729,338
2001-04-01,1,gold_plus_silver,-0.0016328075948878196,-0.007380107297622729,338
2001-05-01,1,historical_mean,0.0038399320740171903,-0.0074349784875185065,339
2001-05-01,1,ratio_only,0.0007134189874768715,-0.0074349784875185065,339
2001-05-01,1,gold_own_history,-0.004356938844802355,-0.0074349784875185065,339
2001-05-01,1,gold_plus_silver,-0.0018481611952916518,-0.0074349784875185065,339
2001-06-01,1,historical_mean,0.0038069319582182495,0.014815085785141235,340
2001-06-01,1,ratio_only,0.0008172522337275556,0.014815085785141235,340
2001-06-01,1,gold_own_history,0.0004298566476808514,0.014815085785141235,340
2001-06-01,1,gold_plus_silver,-0.0015378090940003433,0.014815085785141235,340
2001-07-01,1,historical_mean,0.0037739644789052387,0.03964483134723995,341
2001-07-01,1,ratio_only,0.0005050931565087347,0.03964483134723995,341
2001-07-01,1,gold_own_history,0.0007165093585732676,0.03964483134723995,341
2001-07-01,1,gold_plus_silver,0.0003475652258604564,0.03964483134723995,341
2001-08-01,1,historical_mean,0.003806248459332829,0.0,342
2001-08-01,1,ratio_only,-0.00014180482487011203,0.0,342
2001-08-01,1,gold_own_history,-0.0002425886257315033,0.0,342
2001-08-01,1,gold_plus_silver,0.0007058249785179202,0.0,342
2001-09-01,1,historical_mean,0.00391073412372906,-0.02504603192608812,343
2001-09-01,1,ratio_only,0.0001287608696399073,-0.02504603192608812,343
2001-09-01,1,gold_own_history,-0.0016459947039760892,-0.02504603192608812,343
2001-09-01,1,gold_plus_silver,-0.0042335740688407356,-0.02504603192608812,343
2001-10-01,1,historical_mean,0.0038993657105786846,0.0,344
2001-10-01,1,ratio_only,0.00012874196277276595,0.0,344
2001-10-01,1,gold_own_history,0.004164177499205763,0.0,344
2001-10-01,1,gold_plus_silver,0.001477885479261018,0.0,344
2001-11-01,1,historical_mean,0.003815466007283998,0.021506205220964247,345
2001-11-01,1,ratio_only,-0.0007942822294384755,0.021506205220964247,345
2001-11-01,1,gold_own_history,0.006955212462176399,0.021506205220964247,345
2001-11-01,1,gold_plus_silver,0.007140244928277632,0.021506205220964247,345
2001-12-01,1,historical_mean,0.003804438648881443,0.04845238338594626,346
2001-12-01,1,ratio_only,0.0004861677956627397,0.04845238338594626,346
2001-12-01,1,gold_own_history,0.002841938422347018,0.04845238338594626,346
2001-12-01,1,gold_plus_silver,-0.005033741203400631,0.04845238338594626,346
2002-01-01,1,historical_mean,0.003855452385400414,-0.0067796869853786745,347
2002-01-01,1,ratio_only,0.0005899914471546308,-0.0067796869853786745,347
2002-01-01,1,gold_own_history,0.0019510284868918442,-0.0067796869853786745,347
2002-01-01,1,gold_plus_silver,-0.00032663037217541685,-0.0067796869853786745,347
2002-02-01,1,historical_mean,0.0039836044859766955,0.030153038170687374,348
2002-02-01,1,ratio_only,-0.0005028102452185879,0.030153038170687374,348
2002-02-01,1,gold_own_history,0.0011148384106592375,0.030153038170687374,348
2002-02-01,1,gold_plus_silver,0.0035691254521193483,0.030153038170687374,348
2002-03-01,1,historical_mean,0.00395276410926794,0.0356601803988843,349
2002-03-01,1,ratio_only,-9.47726953906547e-06,0.0356601803988843,349
2002-03-01,1,gold_own_history,0.00792553558972728,0.0356601803988843,349
2002-03-01,1,gold_plus_silver,0.00224715301171631,0.0356601803988843,349
2002-04-01,1,historical_mean,0.00402762203515771,0.022048137221762687,350
2002-04-01,1,ratio_only,-2.987372599741467e-05,0.022048137221762687,350
2002-04-01,1,gold_own_history,0.004960388445613551,0.022048137221762687,350
2002-04-01,1,gold_plus_silver,0.0023125812523853914,0.022048137221762687,350
2002-05-01,1,historical_mean,0.004117743284057216,-0.025237932589862844,351
2002-05-01,1,ratio_only,-0.00013810097261222898,-0.025237932589862844,351
2002-05-01,1,gold_own_history,0.0039027120228723113,-0.025237932589862844,351
2002-05-01,1,gold_plus_silver,0.001781985426936819,-0.025237932589862844,351
2002-06-01,1,historical_mean,0.004168681903198425,-0.009630893060960766,352
2002-06-01,1,ratio_only,0.00029195022579688035,-0.009630893060960766,352
2002-06-01,1,gold_own_history,0.0070292358730818065,-0.009630893060960766,352
2002-06-01,1,gold_plus_silver,0.002113897371038391,-0.009630893060960766,352
2002-07-01,1,historical_mean,0.0040853770462775715,0.028618805305652195,353
2002-07-01,1,ratio_only,0.0006344527913360598,0.028618805305652195,353
2002-07-01,1,gold_own_history,0.01239069900581542,0.028618805305652195,353
2002-07-01,1,gold_plus_silver,0.006805684459605436,0.028618805305652195,353
2002-08-01,1,historical_mean,0.0040466305205509095,-0.006289328907564062,354
2002-08-01,1,ratio_only,-0.0007309673114136994,-0.006289328907564062,354
2002-08-01,1,gold_own_history,0.00922030200985097,-0.006289328907564062,354
2002-08-01,1,gold_plus_silver,0.011085577344879277,-0.006289328907564062,354
2002-09-01,1,historical_mean,0.004115847914311758,0.006289328907564062,355
2002-09-01,1,ratio_only,-0.0007363158789100988,0.006289328907564062,355
2002-09-01,1,gold_own_history,0.0037296396441967943,0.006289328907564062,355
2002-09-01,1,gold_plus_silver,0.0007304834216597111,0.006289328907564062,355
2002-10-01,1,historical_mean,0.004086619889531208,0.0399438661316438,356
2002-10-01,1,ratio_only,-0.0014293700631239498,0.0399438661316438,356
2002-10-01,1,gold_own_history,0.00803749702783595,0.0399438661316438,356
2002-10-01,1,gold_plus_silver,0.006592265277436213,0.0399438661316438,356
2002-11-01,1,historical_mean,0.004092789942803009,0.07260081286315057,357
2002-11-01,1,ratio_only,-0.0011139430855862248,0.07260081286315057,357
2002-11-01,1,gold_own_history,0.007739887195436227,0.07260081286315057,357
2002-11-01,1,gold_plus_silver,0.002219788625100118,0.07260081286315057,357
2002-12-01,1,historical_mean,0.004192932613721559,0.005586606708639863,358
2002-12-01,1,ratio_only,-0.001225379358305731,0.005586606708639863,358
2002-12-01,1,gold_own_history,0.005105833180265275,0.005586606708639863,358
2002-12-01,1,gold_plus_silver,0.002258986339760523,0.005586606708639863,358
2003-01-01,1,historical_mean,0.004383483812187935,-0.05143991120476166,359
2003-01-01,1,ratio_only,-0.0013776935680574753,-0.05143991120476166,359
2003-01-01,1,gold_own_history,0.0031924567616385038,-0.05143991120476166,359
2003-01-01,1,gold_plus_silver,0.0012209378983777455,-0.05143991120476166,359
2003-02-01,1,historical_mean,0.004386825820233634,-0.0388688688993728,360
2003-02-01,1,ratio_only,-0.0017894605711628736,-0.0388688688993728,360
2003-02-01,1,gold_own_history,0.010251472599796783,-0.0388688688993728,360
2003-02-01,1,gold_plus_silver,0.007232888422018989,-0.0388688688993728,360
2003-03-01,1,historical_mean,0.00423218111933337,0.0819171224678863,361
2003-03-01,1,ratio_only,-0.0019264966281695162,0.0819171224678863,361
2003-03-01,1,gold_own_history,0.01591804921374943,0.0819171224678863,361
2003-03-01,1,gold_plus_silver,0.009732453207107819,0.0819171224678863,361
2003-04-01,1,historical_mean,0.004113117445248547,0.0,362
2003-04-01,1,ratio_only,-0.0014573553793850585,0.0,362
2003-04-01,1,gold_own_history,0.011014620551315385,0.0,362
2003-04-01,1,gold_plus_silver,0.003473606979134923,0.0,362
2003-05-01,1,historical_mean,0.0043274535472392845,-0.014144507386165017,363
2003-05-01,1,ratio_only,-0.001664293172630879,-0.014144507386165017,363
2003-05-01,1,gold_own_history,-0.0035521760998788706,-0.014144507386165017,363
2003-05-01,1,gold_plus_silver,-0.004383332000327998,-0.014144507386165017,363
2003-06-01,1,historical_mean,0.004315564938593023,0.025317807984290397,364
2003-06-01,1,ratio_only,-0.0023848255312697297,0.025317807984290397,364
2003-06-01,1,gold_own_history,0.006978088294796916,0.025317807984290397,364
2003-06-01,1,gold_plus_silver,0.005259524574136171,0.025317807984290397,364
2003-07-01,1,historical_mean,0.004264989397977247,0.051432173632270484,365
2003-07-01,1,ratio_only,-0.0011357465069024436,0.051432173632270484,365
2003-07-01,1,gold_own_history,0.00943940881646188,0.051432173632270484,365
2003-07-01,1,gold_plus_silver,-0.0006621916747179338,0.051432173632270484,365
2003-08-01,1,historical_mean,0.004322510760234933,0.0,366
2003-08-01,1,ratio_only,-0.0007291101643384368,0.0,366
2003-08-01,1,gold_own_history,0.0054601314336939115,0.0,366
2003-08-01,1,gold_plus_silver,0.00042428000285717887,0.0,366
2003-09-01,1,historical_mean,0.004450874964245929,0.0286105340412659,367
2003-09-01,1,ratio_only,-0.0006780932593206113,0.0286105340412659,367
2003-09-01,1,gold_own_history,0.0028601749665512904,0.0286105340412659,367
2003-09-01,1,gold_plus_silver,2.9071778278356997e-05,0.0286105340412659,367
2003-10-01,1,historical_mean,0.004438780195321348,0.042666446318902373,368
2003-10-01,1,ratio_only,-0.0013112528143070928,0.042666446318902373,368
2003-10-01,1,gold_own_history,0.010447681822740387,0.042666446318902373,368
2003-10-01,1,gold_plus_silver,0.008531866750663746,0.042666446318902373,368
2003-11-01,1,historical_mean,0.004504286303304937,0.01705278838271962,369
2003-11-01,1,ratio_only,-0.0009944098859596961,0.01705278838271962,369
2003-11-01,1,gold_own_history,0.007458300914725144,0.01705278838271962,369
2003-11-01,1,gold_plus_silver,0.002422673132251446,0.01705278838271962,369
2003-12-01,1,historical_mean,0.004607427276320066,-0.02197890671877545,370
2003-12-01,1,ratio_only,-0.00027312936585117964,-0.02197890671877545,370
2003-12-01,1,gold_own_history,0.005688082713263632,-0.02197890671877545,370
2003-12-01,1,gold_plus_silver,-0.0002553791760700544,-0.02197890671877545,370
2004-01-01,1,historical_mean,0.00464097272404621,0.004926118336055829,371
2004-01-01,1,ratio_only,0.0013816701893555883,0.004926118336055829,371
2004-01-01,1,gold_own_history,0.0068843471498477235,0.004926118336055829,371
2004-01-01,1,gold_plus_silver,-0.0028564203405416558,0.004926118336055829,371
2004-02-01,1,historical_mean,0.004569413908339701,-0.009876623495912007,372
2004-02-01,1,ratio_only,0.0018866353913536693,-0.009876623495912007,372
2004-02-01,1,gold_own_history,0.011134338803549065,-0.009876623495912007,372
2004-02-01,1,gold_plus_silver,0.0059147466460846565,-0.009876623495912007,372
2004-03-01,1,historical_mean,0.00457037022047835,-0.04829400935895567,373
2004-03-01,1,ratio_only,0.0036695345468535923,-0.04829400935895567,373
2004-03-01,1,gold_own_history,0.009795683979207052,-0.04829400935895567,373
2004-03-01,1,gold_plus_silver,0.000353575628466489,-0.04829400935895567,373
2004-04-01,1,historical_mean,0.004531741895033456,0.020619287202735315,374
2004-04-01,1,ratio_only,0.0035710684922604097,0.020619287202735315,374
2004-04-01,1,gold_own_history,0.013110675785876236,0.020619287202735315,374
2004-04-01,1,gold_plus_silver,0.011580132506027803,0.020619287202735315,374
2004-05-01,1,historical_mean,0.004390873225022818,0.01519016549397545,375
2004-05-01,1,ratio_only,0.0012680871061635651,0.01519016549397545,375
2004-05-01,1,gold_own_history,0.01259476107072604,0.01519016549397545,375
2004-05-01,1,gold_plus_silver,0.020164980232622948,0.01519016549397545,375
2004-06-01,1,historical_mean,0.004434033900495457,0.007509422022131673,376
2004-06-01,1,ratio_only,0.0009929114237760966,0.007509422022131673,376
2004-06-01,1,gold_own_history,0.0037879105772984324,0.007509422022131673,376
2004-06-01,1,gold_plus_silver,0.003010540254095223,0.007509422022131673,376
2004-07-01,1,historical_mean,0.004462564753528561,0.00992563979996941,377
2004-07-01,1,ratio_only,0.001833928926863293,0.00992563979996941,377
2004-07-01,1,gold_own_history,0.005853942789893166,0.00992563979996941,377
2004-07-01,1,gold_plus_silver,-5.4299187712103514e-05,0.00992563979996941,377
2004-08-01,1,historical_mean,0.004470625222493119,0.036367644170875124,378
2004-08-01,1,ratio_only,0.002703506464232605,0.036367644170875124,378
2004-08-01,1,gold_own_history,0.006167291845288478,0.036367644170875124,378
2004-08-01,1,gold_plus_silver,0.000551079890077931,0.036367644170875124,378
2004-09-01,1,historical_mean,0.004485018400797806,0.044244701797757635,379
2004-09-01,1,ratio_only,0.0018552927527748647,0.044244701797757635,379
2004-09-01,1,gold_own_history,0.004007599174106954,0.044244701797757635,379
2004-09-01,1,gold_plus_silver,0.0064135861301374344,0.044244701797757635,379
2004-10-01,1,historical_mean,0.004568920047561167,0.006810469002526354,380
2004-10-01,1,ratio_only,0.0030072203825714378,0.006810469002526354,380
2004-10-01,1,gold_own_history,0.0019477053512297528,0.006810469002526354,380
2004-10-01,1,gold_plus_silver,-0.004002209920218325,0.006810469002526354,380
2004-11-01,1,historical_mean,0.0046730559576666705,-0.041576426845740144,381
2004-11-01,1,ratio_only,0.0032956970865612722,-0.041576426845740144,381
2004-11-01,1,gold_own_history,0.0016352912980954607,-0.041576426845740144,381
2004-11-01,1,gold_plus_silver,-4.6557539008611204e-05,-0.041576426845740144,381
2004-12-01,1,historical_mean,0.004678651279773633,-0.002361276185680161,382
2004-12-01,1,ratio_only,0.0023554194447215904,-0.002361276185680161,382
2004-12-01,1,gold_own_history,0.005359011116436752,-0.002361276185680161,382
2004-12-01,1,gold_plus_silver,0.008264151222443235,-0.002361276185680161,382
2005-01-01,1,historical_mean,0.004557880840803623,0.02567235505412757,383
2005-01-01,1,ratio_only,0.0017382675842495254,0.02567235505412757,383
2005-01-01,1,gold_own_history,0.009570112936876965,0.02567235505412757,383
2005-01-01,1,gold_plus_silver,0.009710656680781818,0.02567235505412757,383
2005-02-01,1,historical_mean,0.004539862202713821,-0.011587615172388155,384
2005-02-01,1,ratio_only,0.002673757813104846,-0.011587615172388155,384
2005-02-01,1,gold_own_history,0.004812495830081486,-0.011587615172388155,384
2005-02-01,1,gold_plus_silver,-0.001003408275744154,-0.011587615172388155,384
2005-03-01,1,historical_mean,0.004594751794535675,-0.016451604892004923,385
2005-03-01,1,ratio_only,0.002785128197957412,-0.016451604892004923,385
2005-03-01,1,gold_own_history,0.0017479940744078927,-0.016451604892004923,385
2005-03-01,1,gold_plus_silver,0.0005208465572356449,-0.016451604892004923,385
2005-04-01,1,historical_mean,0.004552828564051417,0.021102776067735363,386
2005-04-01,1,ratio_only,0.0027067992225739274,0.021102776067735363,386
2005-04-01,1,gold_own_history,0.006981845005986791,0.021102776067735363,386
2005-04-01,1,gold_plus_silver,0.005670698871803201,0.021102776067735363,386
2005-05-01,1,historical_mean,0.004498553542201141,-0.016374634871789695,387
2005-05-01,1,ratio_only,0.00268692570171275,-0.016374634871789695,387
2005-05-01,1,gold_own_history,0.00905059878946703,-0.016374634871789695,387
2005-05-01,1,gold_plus_silver,0.0071467089194051925,-0.016374634871789695,387
2005-06-01,1,historical_mean,0.00454134793015355,0.03248545514448864,388
2005-06-01,1,ratio_only,0.0030624083261538843,0.03248545514448864,388
2005-06-01,1,gold_own_history,0.003697237687848881,0.03248545514448864,388
2005-06-01,1,gold_plus_silver,0.001061887909651095,0.03248545514448864,388
2005-07-01,1,historical_mean,0.004487579336832359,0.040273899137940106,389
2005-07-01,1,ratio_only,0.0026119301896799507,0.040273899137940106,389
2005-07-01,1,gold_own_history,0.007626653598783742,0.040273899137940106,389
2005-07-01,1,gold_plus_silver,0.007973131306889945,0.040273899137940106,389
2005-08-01,1,historical_mean,0.004559368761980195,0.030239885189717874,390
2005-08-01,1,ratio_only,0.0021922567689765804,0.030239885189717874,390
2005-08-01,1,gold_own_history,0.001800435288111791,0.030239885189717874,390
2005-08-01,1,gold_plus_silver,0.0027785192561222624,0.030239885189717874,390
2005-09-01,1,historical_mean,0.004650710271893136,0.014783796184237197,391
2005-09-01,1,ratio_only,0.0021164993617210776,0.014783796184237197,391
2005-09-01,1,gold_own_history,0.0020855290397686194,0.014783796184237197,391
2005-09-01,1,gold_plus_silver,0.0013492484422290701,0.014783796184237197,391
2005-10-01,1,historical_mean,0.004715988779336567,0.06689423483002965,392
2005-10-01,1,ratio_only,0.0027658322481120406,0.06689423483002965,392
2005-10-01,1,gold_own_history,0.003349345411176378,0.06689423483002965,392
2005-10-01,1,gold_plus_silver,-0.0008029765909414038,0.06689423483002965,392
2005-11-01,1,historical_mean,0.0047416066098833875,0.075507552508145,393
2005-11-01,1,ratio_only,0.0029686496986445626,0.075507552508145,393
2005-11-01,1,gold_own_history,0.0042955970797906185,0.075507552508145,393
2005-11-01,1,gold_plus_silver,0.0022232859215065987,0.075507552508145,393
2005-12-01,1,historical_mean,0.004899354397244165,0.009049835519918226,394
2005-12-01,1,ratio_only,0.003421900446117336,0.009049835519918226,394
2005-12-01,1,gold_own_history,-0.0002329161726879296,0.009049835519918226,394
2005-12-01,1,gold_plus_silver,-0.002343971454414416,0.009049835519918226,394
2006-01-01,1,historical_mean,0.005078109329170496,0.003597126180849841,395
2006-01-01,1,ratio_only,0.0033387202902531027,0.003597126180849841,395
2006-01-01,1,gold_own_history,0.0039510684048944455,0.003597126180849841,395
2006-01-01,1,gold_plus_silver,0.0038310547659450786,0.003597126180849841,395
2006-02-01,1,historical_mean,0.0050881389407632935,0.09253171924431136,396
2006-02-01,1,ratio_only,0.0038594433594977065,0.09253171924431136,396
2006-02-01,1,gold_own_history,0.013821891833274919,0.09253171924431136,396
2006-02-01,1,gold_plus_silver,0.009292418687860363,0.09253171924431136,396
2006-03-01,1,historical_mean,0.005084383241116156,0.09961573170093452,397
2006-03-01,1,ratio_only,0.005154204128229742,0.09961573170093452,397
2006-03-01,1,gold_own_history,0.013608821609986844,0.09961573170093452,397
2006-03-01,1,gold_plus_silver,0.006051805425669486,0.09961573170093452,397
2006-04-01,1,historical_mean,0.0053041001657473,-0.12447202380718014,398
2006-04-01,1,ratio_only,0.00684091608277488,-0.12447202380718014,398
2006-04-01,1,gold_own_history,0.006076212508231007,-0.12447202380718014,398
2006-04-01,1,gold_plus_silver,-0.0007900211941668928,-0.12447202380718014,398
2006-05-01,1,historical_mean,0.005540470169594887,0.061808287371875714,399
2006-05-01,1,ratio_only,0.006516719087205622,0.061808287371875714,399
2006-05-01,1,gold_own_history,0.010694206484741554,0.061808287371875714,399
2006-05-01,1,gold_plus_silver,0.012427031874137393,0.061808287371875714,399
2006-06-01,1,historical_mean,0.00521543893465295,-0.001578532293049939,400
2006-06-01,1,ratio_only,0.004849128381471786,-0.001578532293049939,400
2006-06-01,1,gold_own_history,0.036691731152093766,-0.001578532293049939,400
2006-06-01,1,gold_plus_silver,0.040032774137698984,-0.001578532293049939,400
2006-07-01,1,historical_mean,0.005356568232501385,-0.0568796681935444,401
2006-07-01,1,ratio_only,0.0046159139641388375,-0.0568796681935444,401
2006-07-01,1,gold_own_history,0.012430214646089953,-0.0568796681935444,401
2006-07-01,1,gold_plus_silver,0.012644652311970768,-0.0568796681935444,401
2006-08-01,1,historical_mean,0.005339316738656731,-0.020270964373619194,402
2006-08-01,1,ratio_only,0.005866701579207496,-0.020270964373619194,402
2006-08-01,1,gold_own_history,0.01986201296282324,-0.020270964373619194,402
2006-08-01,1,gold_plus_silver,0.01199021825166565,-0.020270964373619194,402
2006-09-01,1,historical_mean,0.005184927197882038,0.06922037689118632,403
2006-09-01,1,ratio_only,0.005936129747055527,0.06922037689118632,403
2006-09-01,1,gold_own_history,0.02317983269235581,0.06922037689118632,403
2006-09-01,1,gold_plus_silver,0.020520879278879724,0.06922037689118632,403
2006-10-01,1,historical_mean,0.005121917565279312,0.0031796529173799826,404
2006-10-01,1,ratio_only,0.006041382967384455,0.0031796529173799826,404
2006-10-01,1,gold_own_history,0.015448760085268916,0.0031796529173799826,404
2006-10-01,1,gold_plus_silver,0.013870822300374862,0.0031796529173799826,404
2006-11-01,1,historical_mean,0.0052801853660840205,0.0015860431556342647,405
2006-11-01,1,ratio_only,0.006744396199192086,0.0015860431556342647,405
2006-11-01,1,gold_own_history,0.005032303027574469,0.0015860431556342647,405
2006-11-01,1,gold_plus_silver,0.002753905381589379,0.0015860431556342647,405
2006-12-01,1,historical_mean,0.005275011640840907,0.05248117811464148,406
2006-12-01,1,ratio_only,0.007137515781839153,0.05248117811464148,406
2006-12-01,1,gold_own_history,0.01187828118562503,0.05248117811464148,406
2006-12-01,1,gold_plus_silver,0.010111673303638782,0.05248117811464148,406
2007-01-01,1,historical_mean,0.00526594783620895,-0.015151805020602538,407
2007-01-01,1,ratio_only,0.006539104118609647,-0.015151805020602538,407
2007-01-01,1,gold_own_history,0.00886307019507355,-0.015151805020602538,407
2007-01-01,1,gold_plus_silver,0.012016322562717598,-0.015151805020602538,407
2007-02-01,1,historical_mean,0.005381671439832559,0.03598589192344459,408
2007-02-01,1,ratio_only,0.007102701443375867,0.03598589192344459,408
2007-02-01,1,gold_own_history,0.0034139833344004247,0.03598589192344459,408
2007-02-01,1,gold_plus_silver,0.00216870648498544,0.03598589192344459,408
2007-03-01,1,historical_mean,0.00533146734090729,-0.0178310816430729,409
2007-03-01,1,ratio_only,0.006507185426862398,-0.0178310816430729,409
2007-03-01,1,gold_own_history,0.012464027750956067,-0.0178310816430729,409
2007-03-01,1,gold_plus_silver,0.014920357120296789,-0.0178310816430729,409
2007-04-01,1,historical_mean,0.00540623423013299,-0.016629256971534723,410
2007-04-01,1,ratio_only,0.006600855746250904,-0.016629256971534723,410
2007-04-01,1,gold_own_history,0.0025844735946373557,-0.016629256971534723,410
2007-04-01,1,gold_plus_silver,0.0033036224769991684,-0.016629256971534723,410
2007-05-01,1,historical_mean,0.005349695748689667,0.013626251711765569,411
2007-05-01,1,ratio_only,0.006140650653429801,0.013626251711765569,411
2007-05-01,1,gold_own_history,0.0051657313809903745,0.013626251711765569,411
2007-05-01,1,gold_plus_silver,0.007620433041120582,0.013626251711765569,411
2007-06-01,1,historical_mean,0.005296348776067763,0.0,412
2007-06-01,1,ratio_only,0.006327099351152651,0.0,412
2007-06-01,1,gold_own_history,0.00968789462185311,0.0,412
2007-06-01,1,gold_plus_silver,0.008673435517623986,0.0,412
2007-07-01,1,historical_mean,0.005316518032570663,0.06969437975844173,413
2007-07-01,1,ratio_only,0.005918796127105122,0.06969437975844173,413
2007-07-01,1,gold_own_history,0.0032002625812026977,0.06969437975844173,413
2007-07-01,1,gold_plus_silver,0.005715891638764924,0.06969437975844173,413
2007-08-01,1,historical_mean,0.005303676201574116,0.057236328834728845,414
2007-08-01,1,ratio_only,0.005202287389092099,0.057236328834728845,414
2007-08-01,1,gold_own_history,0.0052259041343237275,0.057236328834728845,414
2007-08-01,1,gold_plus_silver,0.008454868642346174,0.057236328834728845,414
2007-09-01,1,historical_mean,0.005458834523397894,0.06536599325760317,415
2007-09-01,1,ratio_only,0.004914861279073014,0.06536599325760317,415
2007-09-01,1,gold_own_history,0.0008525364541369582,0.06536599325760317,415
2007-09-01,1,gold_plus_silver,0.0027258832580678433,0.06536599325760317,415
2007-10-01,1,historical_mean,0.005583299653953978,-0.003729028559866343,416
2007-10-01,1,ratio_only,0.00519798473711592,-0.003729028559866343,416
2007-10-01,1,gold_own_history,0.006148117943052464,-0.003729028559866343,416
2007-10-01,1,gold_plus_silver,0.00463178774063356,-0.003729028559866343,416
2007-11-01,1,historical_mean,0.005726663427583832,0.10286674877942392,417
2007-11-01,1,ratio_only,0.0054186567306576325,0.10286674877942392,417
2007-11-01,1,gold_own_history,0.0051711170026124825,0.10286674877942392,417
2007-11-01,1,gold_plus_silver,0.0042300103178939605,0.10286674877942392,417
2007-12-01,1,historical_mean,0.005704042154886582,0.035323760830408446,418
2007-12-01,1,ratio_only,0.005045662387834514,0.035323760830408446,418
2007-12-01,1,gold_own_history,0.014578270987441437,0.035323760830408446,418
2007-12-01,1,gold_plus_silver,0.014766781300819154,0.035323760830408446,418
2008-01-01,1,historical_mean,0.005935934056138461,0.048686863719982654,419
2008-01-01,1,ratio_only,0.005326994298431427,0.048686863719982654,419
2008-01-01,1,gold_own_history,0.0046864250010038334,0.048686863719982654,419
2008-01-01,1,gold_plus_silver,0.0036880219756376884,0.048686863719982654,419
2008-02-01,1,historical_mean,0.006005905072267676,-0.06178748776568099,420
2008-02-01,1,ratio_only,0.006370367388844368,-0.06178748776568099,420
2008-02-01,1,gold_own_history,0.013259907168014883,-0.06178748776568099,420
2008-02-01,1,gold_plus_silver,0.007406140151268351,-0.06178748776568099,420
2008-03-01,1,historical_mean,0.006107285021549659,-0.023347363996991,421
2008-03-01,1,ratio_only,0.00710830114492525,-0.023347363996991,421
2008-03-01,1,gold_own_history,0.014549875120237778,-0.023347363996991,421
2008-03-01,1,gold_plus_silver,0.010594411581718088,-0.023347363996991,421
2008-04-01,1,historical_mean,0.0059463969343761264,0.0,422
2008-04-01,1,ratio_only,0.006417597714282623,0.0,422
2008-04-01,1,gold_own_history,0.024717954668119185,0.0,422
2008-04-01,1,gold_plus_silver,0.02562331447163701,0.0,422
2008-05-01,1,historical_mean,0.005877144544467457,0.05578263975014508,423
2008-05-01,1,ratio_only,0.0063479059437629645,0.05578263975014508,423
2008-05-01,1,gold_own_history,0.019136083629713734,0.05578263975014508,423
2008-05-01,1,gold_plus_silver,0.017746450531652275,0.05578263975014508,423
2008-06-01,1,historical_mean,0.0058632833545040905,-0.11366916879684386,424
2008-06-01,1,ratio_only,0.006247565139048665,-0.11366916879684386,424
2008-06-01,1,gold_own_history,0.016529751376360452,-0.11366916879684386,424
2008-06-01,1,gold_plus_silver,0.015777229148006812,-0.11366916879684386,424
2008-07-01,1,historical_mean,0.0059807406636703045,-0.010785005676562598,425
2008-07-01,1,ratio_only,0.0063848111394854065,-0.010785005676562598,425
2008-07-01,1,gold_own_history,0.011045738766753193,-0.010785005676562598,425
2008-07-01,1,gold_plus_silver,0.01025733880742264,-0.010785005676562598,425
2008-08-01,1,historical_mean,0.0056998723316033706,-0.02810203252069421,426
2008-08-01,1,ratio_only,0.004713678986007025,-0.02810203252069421,426
2008-08-01,1,gold_own_history,0.027988132992262313,-0.02810203252069421,426
2008-08-01,1,gold_plus_silver,0.032323535227061356,-0.02810203252069421,426
2008-09-01,1,historical_mean,0.005661266059921483,-0.058690310408263,427
2008-09-01,1,ratio_only,0.0024640532518371283,-0.058690310408263,427
2008-09-01,1,gold_own_history,0.011086947262038085,-0.058690310408263,427
2008-09-01,1,gold_plus_silver,0.020308639186773503,-0.058690310408263,427
2008-10-01,1,historical_mean,0.0055823798482845305,0.0697809971024208,428
2008-10-01,1,ratio_only,0.0002289626077362633,0.0697809971024208,428
2008-10-01,1,gold_own_history,0.009450408229443376,0.0697809971024208,428
2008-10-01,1,gold_plus_silver,0.01670730180092022,0.0697809971024208,428
2008-11-01,1,historical_mean,0.005432560057476727,0.05135456702014807,429
2008-11-01,1,ratio_only,0.0001259099922815976,0.05135456702014807,429
2008-11-01,1,gold_own_history,0.008012797740719651,0.05135456702014807,429
2008-11-01,1,gold_plus_silver,0.0038362723426427214,0.05135456702014807,429
2008-12-01,1,historical_mean,0.005582207585488225,0.09329736064920269,430
2008-12-01,1,ratio_only,4.2190960524171595e-05,0.09329736064920269,430
2008-12-01,1,gold_own_history,-0.004779375526124698,0.09329736064920269,430
2008-12-01,1,gold_plus_silver,-0.005090449551003552,0.09329736064920269,430
2009-01-01,1,historical_mean,0.005688407955406229,-0.02035421099177359,431
2009-01-01,1,ratio_only,0.000877099683509866,-0.02035421099177359,431
2009-01-01,1,gold_own_history,-0.0045568907627767,-0.02035421099177359,431
2009-01-01,1,gold_plus_silver,-0.009506846464554818,-0.02035421099177359,431
2009-02-01,1,historical_mean,0.005891206457012239,-0.03749060891549849,432
2009-02-01,1,ratio_only,0.0023599470036183637,-0.03749060891549849,432
2009-02-01,1,gold_own_history,-0.006681516682313716,-0.03749060891549849,432
2009-02-01,1,gold_plus_silver,-0.013274901894212113,-0.03749060891549849,432
2009-03-01,1,historical_mean,0.005830593483689408,0.04288727608765264,433
2009-03-01,1,ratio_only,0.002239362397215894,0.04288727608765264,433
2009-03-01,1,gold_own_history,0.004210886382273018,0.04288727608765264,433
2009-03-01,1,gold_plus_silver,0.0023324461804634863,0.04288727608765264,433
2009-04-01,1,historical_mean,0.005730775044981602,0.018133830238039828,434
2009-04-01,1,ratio_only,0.0019634357819978687,0.018133830238039828,434
2009-04-01,1,gold_own_history,0.007263870902588702,0.018133830238039828,434
2009-04-01,1,gold_plus_silver,0.00543948343395733,0.018133830238039828,434
2009-05-01,1,historical_mean,0.0058161922887578574,-0.012766130823035127,435
2009-05-01,1,ratio_only,0.0030579889355753023,-0.012766130823035127,435
2009-05-01,1,gold_own_history,2.757698899779411e-05,-0.012766130823035127,435
2009-05-01,1,gold_plus_silver,-0.006396901450423646,-0.012766130823035127,435
2009-06-01,1,historical_mean,0.005844443751944284,0.015932360381085253,436
2009-06-01,1,ratio_only,0.003519417012464464,0.015932360381085253,436
2009-06-01,1,gold_own_history,0.003844852593388674,0.015932360381085253,436
2009-06-01,1,gold_plus_silver,0.00022938971551969556,0.015932360381085253,436
2009-07-01,1,historical_mean,0.005801856624770418,0.0493419713519101,437
2009-07-01,1,ratio_only,0.0024080804815175202,0.0493419713519101,437
2009-07-01,1,gold_own_history,0.004954228027436615,0.0493419713519101,437
2009-07-01,1,gold_plus_silver,0.008975881940027367,0.0493419713519101,437
2009-08-01,1,historical_mean,0.00582498562878027,0.04510568503893442,438
2009-08-01,1,ratio_only,0.0031918187288548575,0.04510568503893442,438
2009-08-01,1,gold_own_history,0.0065380795458027646,0.04510568503893442,438
2009-08-01,1,gold_plus_silver,0.0004963642493792317,0.04510568503893442,438
2009-09-01,1,historical_mean,0.005924113158901294,0.07745805903900393,439
2009-09-01,1,ratio_only,0.00439826707703686,0.07745805903900393,439
2009-09-01,1,gold_own_history,0.004815684886960107,0.07745805903900393,439
2009-09-01,1,gold_plus_silver,-0.0024060412320792493,0.07745805903900393,439
2009-10-01,1,historical_mean,0.006013162185901369,0.007073415875726852,440
2009-10-01,1,ratio_only,0.004544779179937737,0.007073415875726852,440
2009-10-01,1,gold_own_history,0.008353231874229969,0.007073415875726852,440
2009-10-01,1,gold_plus_silver,0.006809901151311033,0.007073415875726852,440
2009-11-01,1,historical_mean,0.006175168754729266,-0.015091276200458914,441
2009-11-01,1,ratio_only,0.004180699621969472,-0.015091276200458914,441
2009-11-01,1,gold_own_history,0.010068731100097743,-0.015091276200458914,441
2009-11-01,1,gold_plus_silver,0.011360112646729141,-0.015091276200458914,441
2009-12-01,1,historical_mean,0.00617720098803469,-0.02078701146444306,442
2009-12-01,1,ratio_only,0.003953400977032381,-0.02078701146444306,442
2009-12-01,1,gold_own_history,0.016222711410485872,-0.02078701146444306,442
2009-12-01,1,gold_plus_silver,0.014939660008974336,-0.02078701146444306,442
2010-01-01,1,historical_mean,0.006129190881514389,0.01630470902494352,443
2010-01-01,1,ratio_only,0.004164377376666882,0.01630470902494352,443
2010-01-01,1,gold_own_history,0.0162290511383926,0.01630470902494352,443
2010-01-01,1,gold_plus_silver,0.012295438728924163,0.01630470902494352,443
2010-02-01,1,historical_mean,0.006068568804158629,0.031832926573210685,444
2010-02-01,1,ratio_only,0.0029845957747826404,0.031832926573210685,444
2010-02-01,1,gold_own_history,0.012287412085488301,0.031832926573210685,444
2010-02-01,1,gold_plus_silver,0.015677706763728524,0.031832926573210685,444
2010-03-01,1,historical_mean,0.006091571366452528,0.04758756807599962,445
2010-03-01,1,ratio_only,0.0037443192840060785,0.04758756807599962,445
2010-03-01,1,gold_own_history,0.009149482055439126,0.04758756807599962,445
2010-03-01,1,gold_plus_silver,0.0032798529580565644,0.04758756807599962,445
2010-04-01,1,historical_mean,0.006149287409517008,0.02297065723958891,446
2010-04-01,1,ratio_only,0.004150823461480969,0.02297065723958891,446
2010-04-01,1,gold_own_history,0.009993083983778291,0.02297065723958891,446
2010-04-01,1,gold_plus_silver,0.0063797791866473524,0.02297065723958891,446
2010-05-01,1,historical_mean,0.006241990498256343,-0.03297908106642833,447
2010-05-01,1,ratio_only,0.003883640939641289,-0.03297908106642833,447
2010-05-01,1,gold_own_history,0.008342489626819351,-0.03297908106642833,447
2010-05-01,1,gold_plus_silver,0.008704070888126296,-0.03297908106642833,447
2010-06-01,1,historical_mean,0.006279331272232532,0.01909564042819678,448
2010-06-01,1,ratio_only,0.003717625513307822,0.01909564042819678,448
2010-06-01,1,gold_own_history,0.011628818053142625,0.01909564042819678,448
2010-06-01,1,gold_plus_silver,0.010601865919451281,0.01909564042819678,448
2010-07-01,1,historical_mean,0.006191896055442641,0.044237208663341576,449
2010-07-01,1,ratio_only,0.0036775480471684316,0.044237208663341576,449
2010-07-01,1,gold_own_history,0.017668057772711666,0.044237208663341576,449
2010-07-01,1,gold_plus_silver,0.014372372143072121,0.044237208663341576,449
2010-08-01,1,historical_mean,0.00622057104293765,0.0543570463421732,450
2010-08-01,1,ratio_only,0.0037606082183929204,0.0543570463421732,450
2010-08-01,1,gold_own_history,0.01132100581096645,0.0543570463421732,450
2010-08-01,1,gold_plus_silver,0.008930422862597306,0.0543570463421732,450
2010-09-01,1,historical_mean,0.006304865139656949,0.020649701290543554,451
2010-09-01,1,ratio_only,0.004671638801885765,0.020649701290543554,451
2010-09-01,1,gold_own_history,0.008038630064799112,0.020649701290543554,451
2010-09-01,1,gold_plus_silver,0.0024020959099656965,0.020649701290543554,451
2010-10-01,1,historical_mean,0.006411175275060746,0.015212173101271986,452
2010-10-01,1,ratio_only,0.005758484367983242,0.015212173101271986,452
2010-10-01,1,gold_own_history,0.0072703777605015035,0.015212173101271986,452
2010-10-01,1,gold_plus_silver,0.001391110706099121,0.015212173101271986,452
2010-11-01,1,historical_mean,0.006442606899818987,-0.02253821319334559,453
2010-11-01,1,ratio_only,0.007055232516995226,-0.02253821319334559,453
2010-11-01,1,gold_own_history,0.009298497290402037,-0.02253821319334559,453
2010-11-01,1,gold_plus_silver,0.0023062436074463358,-0.02253821319334559,453
2010-12-01,1,historical_mean,0.0064619231249323185,0.010969031370573923,454
2010-12-01,1,ratio_only,0.008109293198402708,0.010969031370573923,454
2010-12-01,1,gold_own_history,0.010332307323312051,0.010969031370573923,454
2010-12-01,1,gold_plus_silver,0.0051161304455353725,0.010969031370573923,454
2011-01-01,1,historical_mean,0.006398186561595445,0.03431358798918094,455
2011-01-01,1,ratio_only,0.007977942722701303,0.03431358798918094,455
2011-01-01,1,gold_own_history,0.014698993273542595,0.03431358798918094,455
2011-01-01,1,gold_plus_silver,0.014958525353227056,0.03431358798918094,455
2011-02-01,1,historical_mean,0.006408210344071274,0.03995021617794681,456
2011-02-01,1,ratio_only,0.008792280691314498,0.03995021617794681,456
2011-02-01,1,gold_own_history,0.01174928727142262,0.03995021617794681,456
2011-02-01,1,gold_plus_silver,0.007954251017392607,0.03995021617794681,456
2011-03-01,1,historical_mean,0.006469272439574797,0.02137689952055677,457
2011-03-01,1,ratio_only,0.010276996135134775,0.02137689952055677,457
2011-03-01,1,gold_own_history,0.009576851786831845,0.02137689952055677,457
2011-03-01,1,gold_plus_silver,0.0034783880691417433,0.02137689952055677,457
2011-04-01,1,historical_mean,0.00654237493682015,0.010519492140706355,458
2011-04-01,1,ratio_only,0.012058389496234223,0.010519492140706355,458
2011-04-01,1,gold_own_history,0.009273717910629536,0.010519492140706355,458
2011-04-01,1,gold_plus_silver,0.0030039944035089514,0.010519492140706355,458
2011-05-01,1,historical_mean,0.0065746941624927795,0.028370697129215472,459
2011-05-01,1,ratio_only,0.010176680012604064,0.028370697129215472,459
2011-05-01,1,gold_own_history,0.010613288786460034,0.028370697129215472,459
2011-05-01,1,gold_plus_silver,0.022268855015020548,0.028370697129215472,459
2011-06-01,1,historical_mean,0.0065832698102715045,0.11176084167928035,460
2011-06-01,1,ratio_only,0.009532366649434396,0.11176084167928035,460
2011-06-01,1,gold_own_history,0.01149124617292628,0.11176084167928035,460
2011-06-01,1,gold_plus_silver,0.01591710666134731,0.11176084167928035,460
2011-07-01,1,historical_mean,0.006630531040898281,0.007363386427468477,461
2011-07-01,1,ratio_only,0.009952997141016558,0.007363386427468477,461
2011-07-01,1,gold_own_history,0.011758904657719421,0.007363386427468477,461
2011-07-01,1,gold_plus_silver,0.011168485047825829,0.007363386427468477,461
2011-08-01,1,historical_mean,0.006858085825829844,-0.06168330843823888,462
2011-08-01,1,ratio_only,0.009649566145598892,-0.06168330843823888,462
2011-08-01,1,gold_own_history,0.005244324045696264,-0.06168330843823888,462
2011-08-01,1,gold_plus_silver,0.010311500571714333,-0.06168330843823888,462
2011-09-01,1,historical_mean,0.006859177187820424,0.04288469162749564,463
2011-09-01,1,ratio_only,0.008853843752814887,0.04288469162749564,463
2011-09-01,1,gold_own_history,0.01702002663592111,0.04288469162749564,463
2011-09-01,1,gold_plus_silver,0.021099474213877693,0.04288469162749564,463
2011-10-01,1,historical_mean,0.006711456313626331,-0.058613993536039466,464
2011-10-01,1,ratio_only,0.007198289103732734,-0.058613993536039466,464
2011-10-01,1,gold_own_history,0.02123844956214907,-0.058613993536039466,464
2011-10-01,1,gold_plus_silver,0.02747974963539476,-0.058613993536039466,464
2011-11-01,1,historical_mean,0.006789248217527125,0.008500354765392792,465
2011-11-01,1,ratio_only,0.007160277308082864,0.008500354765392792,465
2011-11-01,1,gold_own_history,0.00836199123922601,0.008500354765392792,465
2011-11-01,1,gold_plus_silver,0.008866365442425212,0.008500354765392792,465
2011-12-01,1,historical_mean,0.0066488979133349215,0.05355795905289096,466
2011-12-01,1,ratio_only,0.006640345126089124,0.05355795905289096,466
2011-12-01,1,gold_own_history,0.018197716906903243,0.05355795905289096,466
2011-12-01,1,gold_plus_silver,0.018742381115530532,0.05355795905289096,466
2012-01-01,1,historical_mean,0.00665286248903526,-0.04034455359449929,467
2012-01-01,1,ratio_only,0.006701975679469084,-0.04034455359449929,467
2012-01-01,1,gold_own_history,0.010918349326311727,-0.04034455359449929,467
2012-01-01,1,gold_plus_silver,0.01010973910618776,-0.04034455359449929,467
2012-02-01,1,historical_mean,0.006753087054342644,-0.016240958482429235,468
2012-02-01,1,ratio_only,0.007454270647258308,-0.016240958482429235,468
2012-02-01,1,gold_own_history,0.006912424108183016,-0.016240958482429235,468
2012-02-01,1,gold_plus_silver,0.003996623016860237,-0.016240958482429235,468
2012-03-01,1,historical_mean,0.006652665645709719,-0.0370641560228826,469
2012-03-01,1,ratio_only,0.007449215893823864,-0.0370641560228826,469
2012-03-01,1,gold_own_history,0.015905712910631725,-0.0370641560228826,469
2012-03-01,1,gold_plus_silver,0.014877105063143131,-0.0370641560228826,469
2012-04-01,1,historical_mean,0.00660395580713921,0.006273546297237864,470
2012-04-01,1,ratio_only,0.007014753470373766,0.006273546297237864,470
2012-04-01,1,gold_own_history,0.010512544894342033,0.006273546297237864,470
2012-04-01,1,gold_plus_silver,0.012149927146195807,0.006273546297237864,470
2012-05-01,1,historical_mean,0.006511242193911988,-0.003131853483793634,471
2012-05-01,1,ratio_only,0.006213582543650981,-0.003131853483793634,471
2012-05-01,1,gold_own_history,0.010660306063789416,-0.003131853483793634,471
2012-05-01,1,gold_plus_silver,0.013511524849114803,-0.003131853483793634,471
2012-06-01,1,historical_mean,0.0065107386009105594,0.022333434450647616,472
2012-06-01,1,ratio_only,0.0058225713610318,0.022333434450647616,472
2012-06-01,1,gold_own_history,0.004980639818378354,0.022333434450647616,472
2012-06-01,1,gold_plus_silver,0.006619747630235762,0.022333434450647616,472
2012-07-01,1,historical_mean,0.0064903525711331725,0.06817454083571928,473
2012-07-01,1,ratio_only,0.005569338081729526,0.06817454083571928,473
2012-07-01,1,gold_own_history,0.004895838823122273,0.06817454083571928,473
2012-07-01,1,gold_plus_silver,0.005639663829957158,0.06817454083571928,473
2012-08-01,1,historical_mean,0.006523776794507675,0.0011454754975286363,474
2012-08-01,1,ratio_only,0.005951158049725076,0.0011454754975286363,474
2012-08-01,1,gold_own_history,-0.0018136305361731988,0.0011454754975286363,474
2012-08-01,1,gold_plus_silver,-0.0029726926669392806,0.0011454754975286363,474
2012-09-01,1,historical_mean,0.0066535678766997,-0.014413625146380227,475
2012-09-01,1,ratio_only,0.007159990321219445,-0.014413625146380227,475
2012-09-01,1,gold_own_history,-0.00506633367829494,-0.014413625146380227,475
2012-09-01,1,gold_plus_silver,-0.008958363456159187,-0.014413625146380227,475
2012-10-01,1,historical_mean,0.006641996254054382,-0.02172084220121384,476
2012-10-01,1,ratio_only,0.0069859576200706555,-0.02172084220121384,476
2012-10-01,1,gold_own_history,0.005891787165215169,-0.02172084220121384,476
2012-10-01,1,gold_plus_silver,0.006932837199570541,-0.02172084220121384,476
2012-11-01,1,historical_mean,0.0065978544901121716,-0.0077450491418149525,477
2012-11-01,1,ratio_only,0.006968863345596349,-0.0077450491418149525,477
2012-11-01,1,gold_own_history,0.0055921130489610905,-0.0077450491418149525,477
2012-11-01,1,gold_plus_silver,0.005754004401395462,-0.0077450491418149525,477
2012-12-01,1,historical_mean,0.006538610354774669,-0.026668247082161756,478
2012-12-01,1,ratio_only,0.006832463933393512,-0.026668247082161756,478
2012-12-01,1,gold_own_history,0.007912418144279986,-0.026668247082161756,478
2012-12-01,1,gold_plus_silver,0.00828261412757969,-0.026668247082161756,478
2013-01-01,1,historical_mean,0.006508790606347551,-0.02173323665243654,479
2013-01-01,1,ratio_only,0.006581987621954083,-0.02173323665243654,479
2013-01-01,1,gold_own_history,0.005464309081800818,-0.02173323665243654,479
2013-01-01,1,gold_plus_silver,0.006689661820474584,-0.02173323665243654,479
2013-02-01,1,historical_mean,0.006439671777829823,-0.06818609451701185,480
2013-02-01,1,ratio_only,0.006519727930639353,-0.06818609451701185,480
2013-02-01,1,gold_own_history,0.004599272952873399,-0.06818609451701185,480
2013-02-01,1,gold_plus_silver,0.004803846099262078,-0.06818609451701185,480
2013-03-01,1,historical_mean,0.006381100242631764,-0.051010368936519335,481
2013-03-01,1,ratio_only,0.006100145197866565,-0.051010368936519335,481
2013-03-01,1,gold_own_history,0.004641445144374015,-0.051010368936519335,481
2013-03-01,1,gold_plus_silver,0.006459398822479357,-0.051010368936519335,481
2013-04-01,1,historical_mean,0.006226396519064039,-0.05151664993327998,482
2013-04-01,1,ratio_only,0.0052322721081451695,-0.05151664993327998,482
2013-04-01,1,gold_own_history,0.00812272026223303,-0.05151664993327998,482
2013-04-01,1,gold_plus_silver,0.010928906182303164,-0.05151664993327998,482
2013-05-01,1,historical_mean,0.006107893899073183,-0.043369291725673165,483
2013-05-01,1,ratio_only,0.004512098374972101,-0.043369291725673165,483
2013-05-01,1,gold_own_history,0.005220761341608423,-0.043369291725673165,483
2013-05-01,1,gold_plus_silver,0.007370485362589933,-0.043369291725673165,483
2013-06-01,1,historical_mean,0.005988834924212949,0.05004835180534517,484
2013-06-01,1,ratio_only,0.003948960099329275,0.05004835180534517,484
2013-06-01,1,gold_own_history,0.0026194860355901245,0.05004835180534517,484
2013-06-01,1,gold_plus_silver,0.0038908193276903646,0.05004835180534517,484
2013-07-01,1,historical_mean,0.0058870655909142155,-0.0022214003951539496,485
2013-07-01,1,ratio_only,0.0035113359078179987,-0.0022214003951539496,485
2013-07-01,1,gold_own_history,-0.00023268636192132902,-0.0022214003951539496,485
2013-07-01,1,gold_plus_silver,0.0005516848040773327,-0.0022214003951539496,485
2013-08-01,1,historical_mean,0.005977932434976831,-0.0240071544644751,486
2013-08-01,1,ratio_only,0.0043317143155587115,-0.0240071544644751,486
2013-08-01,1,gold_own_history,-0.0100707282663097,-0.0240071544644751,486
2013-08-01,1,gold_plus_silver,-0.012618588319274128,-0.0240071544644751,486
2013-09-01,1,historical_mean,0.005961096022594632,-0.03162623783854546,487
2013-09-01,1,ratio_only,0.004738763984160364,-0.03162623783854546,487
2013-09-01,1,gold_own_history,-0.006624638240491663,-0.03162623783854546,487
2013-09-01,1,gold_plus_silver,-0.008000490861596703,-0.03162623783854546,487
2013-10-01,1,historical_mean,0.005899685673235882,-0.04324132417319415,488
2013-10-01,1,ratio_only,0.0045797749359301615,-0.04324132417319415,488
2013-10-01,1,gold_own_history,-0.005100054542384376,-0.04324132417319415,488
2013-10-01,1,gold_plus_silver,-0.00424280007712757,-0.04324132417319415,488
2013-11-01,1,historical_mean,0.005822945543354939,0.017843133567583713,489
2013-11-01,1,ratio_only,0.00424624110950441,0.017843133567583713,489
2013-11-01,1,gold_own_history,-0.005045094909589489,0.017843133567583713,489
2013-11-01,1,gold_plus_silver,-0.003591294105464868,0.017843133567583713,489
2013-12-01,1,historical_mean,0.0057228143806681035,0.04403227015050337,490
2013-12-01,1,ratio_only,0.003995200080433595,0.04403227015050337,490
2013-12-01,1,gold_own_history,-0.004798670458969092,0.04403227015050337,490
2013-12-01,1,gold_plus_silver,-0.004019994671375031,0.04403227015050337,490
2014-01-01,1,historical_mean,0.005747499348462229,0.027315810646962646,491
2014-01-01,1,ratio_only,0.0039290347598624695,0.027315810646962646,491
2014-01-01,1,gold_own_history,-0.011000050434037224,0.027315810646962646,491
2014-01-01,1,gold_plus_silver,-0.009781504472159471,0.027315810646962646,491
2014-02-01,1,historical_mean,0.005825313923263126,-0.02885545683255586,492
2014-02-01,1,ratio_only,0.004027833953410463,-0.02885545683255586,492
2014-02-01,1,gold_own_history,-0.011010706626914592,-0.02885545683255586,492
2014-02-01,1,gold_plus_silver,-0.01023125599939638,-0.02885545683255586,492
2014-03-01,1,historical_mean,0.005868905194507952,-0.006957894324847835,493
2014-03-01,1,ratio_only,0.003680623965116585,-0.006957894324847835,493
2014-03-01,1,gold_own_history,-0.006711615969882012,-0.006957894324847835,493
2014-03-01,1,gold_plus_silver,-0.004639900038393978,-0.006957894324847835,493
2014-04-01,1,historical_mean,0.005798612963683936,-0.0077882013603440825,494
2014-04-01,1,ratio_only,0.0033368124346452935,-0.0077882013603440825,494
2014-04-01,1,gold_own_history,0.0015597196436319821,-0.0077882013603440825,494
2014-04-01,1,gold_plus_silver,0.0018606540962579597,-0.0077882013603440825,494
2014-05-01,1,historical_mean,0.005772842241888923,0.024711682184856976,495
2014-05-01,1,ratio_only,0.0031366120591634072,0.024711682184856976,495
2014-05-01,1,gold_own_history,0.0006485783188418031,0.024711682184856976,495
2014-05-01,1,gold_plus_silver,0.0005158333140456231,0.024711682184856976,495
2014-06-01,1,historical_mean,0.005745501428174743,-0.01227950963006208,496
2014-06-01,1,ratio_only,0.0035943602764153607,-0.01227950963006208,496
2014-06-01,1,gold_own_history,0.0024640303503288604,-0.01227950963006208,496
2014-06-01,1,gold_plus_silver,-0.0007483391006174733,-0.01227950963006208,496
2014-07-01,1,historical_mean,0.00578366275766505,-0.04582160174115035,497
2014-07-01,1,ratio_only,0.003959846329397575,-0.04582160174115035,497
2014-07-01,1,gold_own_history,0.001286567407862124,-0.04582160174115035,497
2014-07-01,1,gold_plus_silver,-0.0007708604894573652,-0.04582160174115035,497
2014-08-01,1,historical_mean,0.005747391327167606,-0.012200232660946497,498
2014-08-01,1,ratio_only,0.003325707393788388,-0.012200232660946497,498
2014-08-01,1,gold_own_history,0.003267936155035644,-0.012200232660946497,498
2014-08-01,1,gold_plus_silver,0.004996441361422153,-0.012200232660946497,498
2014-09-01,1,historical_mean,0.0056440466516799945,-0.03922071315328157,499
2014-09-01,1,ratio_only,0.002911652294514712,-0.03922071315328157,499
2014-09-01,1,gold_own_history,0.005536994718076518,-0.03922071315328157,499
2014-09-01,1,gold_plus_silver,0.005365066889956891,-0.03922071315328157,499
2014-10-01,1,historical_mean,0.005608358093054742,0.02188639550172411,500
2014-10-01,1,ratio_only,0.0021568712357641975,0.02188639550172411,500
2014-10-01,1,gold_own_history,0.0018467329756054664,0.02188639550172411,500
2014-10-01,1,gold_plus_silver,0.003669404095230807,0.02188639550172411,500
2014-11-01,1,historical_mean,0.005518878908930318,0.04078868838692795,501
2014-11-01,1,ratio_only,0.0015944026305401704,0.04078868838692795,501
2014-11-01,1,gold_own_history,0.004671252389715155,0.04078868838692795,501
2014-11-01,1,gold_plus_silver,0.004544692121023444,0.04078868838692795,501
2014-12-01,1,historical_mean,0.005551483523656999,-0.019371065756000228,502
2014-12-01,1,ratio_only,0.0016217614469011196,-0.019371065756000228,502
2014-12-01,1,gold_own_history,-5.051211092391833e-05,-0.019371065756000228,502
2014-12-01,1,gold_plus_silver,-0.001471170681150706,-0.019371065756000228,502
2015-01-01,1,historical_mean,0.005621537608872249,-0.039905544173540086,503
2015-01-01,1,ratio_only,0.0019328170522915009,-0.039905544173540086,503
2015-01-01,1,gold_own_history,-0.001374189467895562,-0.039905544173540086,503
2015-01-01,1,gold_plus_silver,-0.0035072578755570884,-0.039905544173540086,503
2015-02-01,1,historical_mean,0.005571949110132423,0.016821254490142934,504
2015-02-01,1,ratio_only,0.00180188821901682,0.016821254490142934,504
2015-02-01,1,gold_own_history,0.0033916444360571397,0.016821254490142934,504
2015-02-01,1,gold_plus_silver,0.0017302419105649676,0.016821254490142934,504
2015-03-01,1,historical_mean,0.005481894667986537,0.0,505
2015-03-01,1,ratio_only,0.0016977492972462677,0.0,505
2015-03-01,1,gold_own_history,0.0031573089361974036,0.0,505
2015-03-01,1,gold_plus_silver,0.0010282878456192995,0.0,505
2015-04-01,1,historical_mean,0.005504304470006609,-0.014279957061470228,506
2015-04-01,1,ratio_only,0.0016135572219342087,-0.014279957061470228,506
2015-04-01,1,gold_own_history,-0.0019984547940030363,-0.014279957061470228,506
2015-04-01,1,gold_plus_silver,-0.0027335673006869537,-0.014279957061470228,506
2015-05-01,1,historical_mean,0.005493447853694959,-0.046761765908039266,507
2015-05-01,1,ratio_only,0.0020003393670254277,-0.046761765908039266,507
2015-05-01,1,gold_own_history,0.00035992642413633065,-0.046761765908039266,507
2015-05-01,1,gold_plus_silver,-0.0029479578846058584,-0.046761765908039266,507
2015-06-01,1,historical_mean,0.005454523828271405,-0.008904778342960107,508
2015-06-01,1,ratio_only,0.001574299717491505,-0.008904778342960107,508
2015-06-01,1,gold_own_history,0.0018364877313413346,-0.008904778342960107,508
2015-06-01,1,gold_plus_silver,0.0017708577198104689,-0.008904778342960107,508
2015-07-01,1,historical_mean,0.005351937797355274,0.006241660923476111,509
2015-07-01,1,ratio_only,0.0011733295190307982,0.006241660923476111,509
2015-07-01,1,gold_own_history,0.0028489468982572713,0.006241660923476111,509
2015-07-01,1,gold_plus_silver,0.0018442701006610232,0.006241660923476111,509
2015-08-01,1,historical_mean,0.005323983451982106,0.029774528701230984,510
2015-08-01,1,ratio_only,0.0010756221102273533,0.029774528701230984,510
2015-08-01,1,gold_own_history,-0.001763845259220546,0.029774528701230984,510
2015-08-01,1,gold_plus_silver,-0.003112969537374527,0.029774528701230984,510
2015-09-01,1,historical_mean,0.0053257792983059694,-0.06505634284587103,511
2015-09-01,1,ratio_only,0.0009216016573089306,-0.06505634284587103,511
2015-09-01,1,gold_own_history,-0.0015207694987332777,-0.06505634284587103,511
2015-09-01,1,gold_plus_silver,-0.0024619436728073422,-0.06505634284587103,511
2015-10-01,1,historical_mean,0.0053735307619835575,-0.00925075977215073,512
2015-10-01,1,ratio_only,0.001504333284750324,-0.00925075977215073,512
2015-10-01,1,gold_own_history,-0.0026477288346181014,-0.00925075977215073,512
2015-10-01,1,gold_plus_silver,-0.006202875054685961,-0.00925075977215073,512
2015-11-01,1,historical_mean,0.0052362405600189284,0.020239881347746014,513
2015-11-01,1,ratio_only,0.0009721598846134383,0.020239881347746014,513
2015-11-01,1,gold_own_history,0.007981929751579697,0.020239881347746014,513
2015-11-01,1,gold_plus_silver,0.006536764004905313,0.020239881347746014,513
2015-12-01,1,historical_mean,0.00520805573446996,0.08883121370661584,514
2015-12-01,1,ratio_only,0.000677559037684905,0.08883121370661584,514
2015-12-01,1,gold_own_history,-0.0003058792544504479,0.08883121370661584,514
2015-12-01,1,gold_plus_silver,-0.0010939650798359804,0.08883121370661584,514
2016-01-01,1,historical_mean,0.005237243745369526,0.03681397312271617,515
2016-01-01,1,ratio_only,0.0004781734783250585,0.03681397312271617,515
2016-01-01,1,gold_own_history,-0.004834076135982368,0.03681397312271617,515
2016-01-01,1,gold_plus_silver,-0.0051504844011900155,0.03681397312271617,515
2016-02-01,1,historical_mean,0.0053992475631238785,-0.0024125464053836865,516
2016-02-01,1,ratio_only,0.000662306931984831,-0.0024125464053836865,516
2016-02-01,1,gold_own_history,-0.008828208230615782,-0.0024125464053836865,516
2016-02-01,1,gold_plus_silver,-0.009066740641939363,-0.0024125464053836865,516
2016-03-01,1,historical_mean,0.005460011055502201,0.015182073471495805,517
2016-03-01,1,ratio_only,0.000597130280997317,0.015182073471495805,517
2016-03-01,1,gold_own_history,0.0009510090994746334,0.015182073471495805,517
2016-03-01,1,gold_plus_silver,-0.00017913092177200551,0.015182073471495805,517
2016-04-01,1,historical_mean,0.005444813068125973,0.011825127939815161,518
2016-04-01,1,ratio_only,0.001335823522441222,0.011825127939815161,518
2016-04-01,1,gold_own_history,0.005093252910029171,0.011825127939815161,518
2016-04-01,1,gold_plus_silver,-0.0009271111136020561,0.011825127939815161,518
2016-05-01,1,historical_mean,0.005463574648864643,0.04669811319720818,519
2016-05-01,1,ratio_only,0.0015856429402633168,0.04669811319720818,519
2016-05-01,1,gold_own_history,0.0035415880151104147,0.04669811319720818,519
2016-05-01,1,gold_plus_silver,0.0006389900493282592,0.04669811319720818,519
2016-06-01,1,historical_mean,0.005475808405193394,0.0022413158430136804,520
2016-06-01,1,ratio_only,0.001770804312007511,0.0022413158430136804,520
2016-06-01,1,gold_own_history,0.005009518565162524,0.0022413158430136804,520
2016-06-01,1,gold_plus_silver,0.0022742689934393302,0.0022413158430136804,520
2016-07-01,1,historical_mean,0.0055549299115120404,-0.009748858612749878,521
2016-07-01,1,ratio_only,0.0031491857296320203,-0.009748858612749878,521
2016-07-01,1,gold_own_history,0.004497957289194847,-0.009748858612749878,521
2016-07-01,1,gold_plus_silver,-0.002873624354555019,-0.009748858612749878,521
2016-08-01,1,historical_mean,0.0055485819918405874,-0.046268854011068505,522
2016-08-01,1,ratio_only,0.0028723341642245617,-0.046268854011068505,522
2016-08-01,1,gold_own_history,0.010429436299617489,-0.046268854011068505,522
2016-08-01,1,gold_plus_silver,0.009835626772719187,-0.046268854011068505,522
2016-09-01,1,historical_mean,0.005519332583418809,-0.023154727076597048,523
2016-09-01,1,ratio_only,0.0028313517686516174,-0.023154727076597048,523
2016-09-01,1,gold_own_history,0.011253661959011367,-0.023154727076597048,523
2016-09-01,1,gold_plus_silver,0.00917953380383715,-0.023154727076597048,523
2016-10-01,1,historical_mean,0.005420500166253756,-0.06766672605086477,524
2016-10-01,1,ratio_only,0.00212179168563513,-0.06766672605086477,524
2016-10-01,1,gold_own_history,0.012612971150626217,-0.06766672605086477,524
2016-10-01,1,gold_plus_silver,0.01279131576635478,-0.06766672605086477,524
2016-11-01,1,historical_mean,0.00536607116198166,0.02980212043161856,525
2016-11-01,1,ratio_only,0.0021226662367469923,0.02980212043161856,525
2016-11-01,1,gold_own_history,0.01131622830155779,0.02980212043161856,525
2016-11-01,1,gold_plus_silver,0.00839672318177876,0.02980212043161856,525
2016-12-01,1,historical_mean,0.005227225539904005,0.034628356840038066,526
2016-12-01,1,ratio_only,0.002015203536610999,0.034628356840038066,526
2016-12-01,1,gold_own_history,0.014042896837823799,0.034628356840038066,526
2016-12-01,1,gold_plus_silver,0.010584616652245131,0.034628356840038066,526
2017-01-01,1,historical_mean,0.005273857219015418,-0.0024340782808796035,527
2017-01-01,1,ratio_only,0.0021033122175850294,-0.0024340782808796035,527
2017-01-01,1,gold_own_history,0.002866786813623354,-0.0024340782808796035,527
2017-01-01,1,gold_plus_silver,0.0012654481529149088,-0.0024340782808796035,527
2017-02-01,1,historical_mean,0.005329452862237052,0.02882505413668479,528
2017-02-01,1,ratio_only,0.0024931394849410857,0.02882505413668479,528
2017-02-01,1,gold_own_history,0.00017540625872224883,0.02882505413668479,528
2017-02-01,1,gold_plus_silver,-0.002295094309475894,0.02882505413668479,528
2017-03-01,1,historical_mean,0.005314776999962729,-0.016713480973740147,529
2017-03-01,1,ratio_only,0.0022945378428346833,-0.016713480973740147,529
2017-03-01,1,gold_own_history,0.003103930374367196,-0.016713480973740147,529
2017-03-01,1,gold_plus_silver,0.0024821258511038002,-0.016713480973740147,529
2017-04-01,1,historical_mean,0.0053591360134282425,0.01117330059812538,530
2017-04-01,1,ratio_only,0.002288922552872878,0.01117330059812538,530
2017-04-01,1,gold_own_history,0.000629139707921509,0.01117330059812538,530
2017-04-01,1,gold_plus_silver,-0.00022174969533400937,0.01117330059812538,530
2017-05-01,1,historical_mean,0.0053175679965032545,-0.018422627553036364,531
2017-05-01,1,ratio_only,0.0014887863239348223,-0.018422627553036364,531
2017-05-01,1,gold_own_history,0.004804860687133951,-0.018422627553036364,531
2017-05-01,1,gold_plus_silver,0.006192306938146621,-0.018422627553036364,531
2017-06-01,1,historical_mean,0.005328575012671717,0.03651199222314894,532
2017-06-01,1,ratio_only,0.0015267809882602706,0.03651199222314894,532
2017-06-01,1,gold_own_history,0.0014609532619039344,0.03651199222314894,532
2017-06-01,1,gold_plus_silver,-0.0003129120447344022,0.03651199222314894,532
2017-07-01,1,historical_mean,0.005284013657013729,0.023874834428919023,533
2017-07-01,1,ratio_only,0.0011499796909914817,0.023874834428919023,533
2017-07-01,1,gold_own_history,0.0024071926132069486,0.023874834428919023,533
2017-07-01,1,gold_plus_silver,0.0018010646754471511,0.023874834428919023,533
2017-08-01,1,historical_mean,0.005342493017624469,-0.026215842130892675,534
2017-08-01,1,ratio_only,0.0014250353917475422,-0.026215842130892675,534
2017-08-01,1,gold_own_history,-0.002716707102214986,-0.026215842130892675,534
2017-08-01,1,gold_plus_silver,-0.004731638009165717,-0.026215842130892675,534
2017-09-01,1,historical_mean,0.005377132908112869,0.0015612805669524832,535
2017-09-01,1,ratio_only,0.001500550892022931,0.0015612805669524832,535
2017-09-01,1,gold_own_history,0.000136271459983498,0.0015612805669524832,535
2017-09-01,1,gold_plus_silver,-0.0014370192345105996,0.0015612805669524832,535
2017-10-01,1,historical_mean,0.005318190790502784,-0.01414006277381219,536
2017-10-01,1,ratio_only,0.0013632251435099912,-0.01414006277381219,536
2017-10-01,1,gold_own_history,0.006853813737738337,-0.01414006277381219,536
2017-10-01,1,gold_plus_silver,0.004611674302191383,-0.01414006277381219,536
2017-11-01,1,historical_mean,0.005311194682079041,0.05164924368830892,537
2017-11-01,1,ratio_only,0.0014188083010995556,0.05164924368830892,537
2017-11-01,1,gold_own_history,0.004486269206498134,0.05164924368830892,537
2017-11-01,1,gold_plus_silver,0.002108462060170478,0.05164924368830892,537
2017-12-01,1,historical_mean,0.005275039928443555,0.0,538
2017-12-01,1,ratio_only,0.0009282568204624711,0.0,538
2017-12-01,1,gold_own_history,0.008404319065884246,0.0,538
2017-12-01,1,gold_plus_silver,0.0076067527621699535,0.0,538
2018-01-01,1,historical_mean,0.0053610774122280925,-0.0045180799747894795,539
2018-01-01,1,ratio_only,0.0011468756709679534,-0.0045180799747894795,539
2018-01-01,1,gold_own_history,0.0014796392020679909,-0.0045180799747894795,539
2018-01-01,1,gold_plus_silver,-0.0005931322414703642,-0.0045180799747894795,539
2018-02-01,1,historical_mean,0.0053511494910943366,0.007518832414027621,540
2018-02-01,1,ratio_only,0.000771761388208364,0.007518832414027621,540
2018-02-01,1,gold_own_history,0.006288460208911372,0.007518832414027621,540
2018-02-01,1,gold_plus_silver,0.00537215368810318,0.007518832414027621,540
2018-03-01,1,historical_mean,0.005332906922765531,-0.024261993709504992,541
2018-03-01,1,ratio_only,0.0007295828953428549,-0.024261993709504992,541
2018-03-01,1,gold_own_history,0.006737906446406108,-0.024261993709504992,541
2018-03-01,1,gold_plus_silver,0.004075722789626965,-0.024261993709504992,541
2018-04-01,1,historical_mean,0.005336939995627638,-0.01624793964422988,542
2018-04-01,1,ratio_only,0.0007400386160025946,-0.01624793964422988,542
2018-04-01,1,gold_own_history,0.004473052606673912,-0.01624793964422988,542
2018-04-01,1,gold_plus_silver,0.0020617175942207085,-0.01624793964422988,542
2018-05-01,1,historical_mean,0.0052824299888041895,-0.034924184236073685,543
2018-05-01,1,ratio_only,0.0008636780096093963,-0.034924184236073685,543
2018-05-01,1,gold_own_history,0.007914481075139925,-0.034924184236073685,543
2018-05-01,1,gold_plus_silver,0.003987592741989707,-0.034924184236073685,543
2018-06-01,1,historical_mean,0.005242852103449347,-0.029510338149388637,544
2018-06-01,1,ratio_only,0.0010011035602185067,-0.029510338149388637,544
2018-06-01,1,gold_own_history,0.005856225544998607,-0.029510338149388637,544
2018-06-01,1,gold_plus_silver,0.0023550089816735155,-0.029510338149388637,544
2018-07-01,1,historical_mean,0.005169151119340131,-0.0033333364197583037,545
2018-07-01,1,ratio_only,0.000669709454229929,-0.0033333364197583037,545
2018-07-01,1,gold_own_history,0.0073263697450404435,-0.0033333364197583037,545
2018-07-01,1,gold_plus_silver,0.005325637695959395,-0.0033333364197583037,545
2018-08-01,1,historical_mean,0.005105635571228906,0.014090577099254098,546
2018-08-01,1,ratio_only,0.00033982399633750854,0.014090577099254098,546
2018-08-01,1,gold_own_history,0.004038555611683285,0.014090577099254098,546
2018-08-01,1,gold_plus_silver,0.002339532718027622,0.014090577099254098,546
2018-09-01,1,historical_mean,0.005090207834499497,0.004926118336055829,547
2018-09-01,1,ratio_only,-0.0002621762459202731,0.004926118336055829,547
2018-09-01,1,gold_own_history,-0.00012140468529350237,0.004926118336055829,547
2018-09-01,1,gold_plus_silver,4.739767204993417e-05,0.004926118336055829,547
2018-10-01,1,historical_mean,0.005106631866004523,0.023473356185641947,548
2018-10-01,1,ratio_only,-0.00011377996284296643,0.023473356185641947,548
2018-10-01,1,gold_own_history,-0.0005825137958501416,0.023473356185641947,548
2018-10-01,1,gold_plus_silver,-0.0034173712253092355,0.023473356185641947,548
2018-11-01,1,historical_mean,0.005106303061760536,0.0330478540462007,549
2018-11-01,1,ratio_only,-0.000334261366223311,0.0330478540462007,549
2018-11-01,1,gold_own_history,0.000638754479303137,0.0330478540462007,549
2018-11-01,1,gold_plus_silver,-0.000916631160650952,0.0330478540462007,549
2018-12-01,1,historical_mean,0.005139697703803957,0.02144033123786926,550
2018-12-01,1,ratio_only,-0.00017180493638206673,0.02144033123786926,550
2018-12-01,1,gold_own_history,-2.2606962949081036e-05,0.02144033123786926,550
2018-12-01,1,gold_plus_silver,-0.0027895751333240106,0.02144033123786926,550
2019-01-01,1,historical_mean,0.005190347715314659,-0.014498537067911599,551
2019-01-01,1,ratio_only,0.00023685143701459438,-0.014498537067911599,551
2019-01-01,1,gold_own_history,-0.0017806480777636938,-0.014498537067911599,551
2019-01-01,1,gold_plus_silver,-0.005058832154045102,-0.014498537067911599,551
2019-02-01,1,historical_mean,0.005219786091261316,-0.011596573714940384,552
2019-02-01,1,ratio_only,0.00022762416323893198,-0.011596573714940384,552
2019-02-01,1,gold_own_history,0.0004547935000340796,-0.011596573714940384,552
2019-02-01,1,gold_plus_silver,-0.0013397745315744426,-0.011596573714940384,552
2019-03-01,1,historical_mean,0.005184129087356844,-0.0015564205476579218,553
2019-03-01,1,ratio_only,-6.222234889031314e-05,-0.0015564205476579218,553
2019-03-01,1,gold_own_history,0.004234867128431089,-0.0015564205476579218,553
2019-03-01,1,gold_plus_silver,0.0024034368895401656,-0.0015564205476579218,553
2019-04-01,1,historical_mean,0.00515383901009638,0.05676892990123683,554
2019-04-01,1,ratio_only,-0.0001373498823965466,0.05676892990123683,554
2019-04-01,1,gold_own_history,0.003138044930131292,0.05676892990123683,554
2019-04-01,1,gold_plus_silver,0.00041508413745725004,0.05676892990123683,554
2019-05-01,1,historical_mean,0.00514174845233466,0.0389659685333843,555
2019-05-01,1,ratio_only,-0.00046522679703152325,0.0389659685333843,555
2019-05-01,1,gold_own_history,0.00282432747954854,0.0389659685333843,555
2019-05-01,1,gold_plus_silver,0.0013985407599454089,0.0389659685333843,555
2019-06-01,1,historical_mean,0.0052346030952283695,0.059750004405773716,556
2019-06-01,1,ratio_only,-0.000629936948808564,0.059750004405773716,556
2019-06-01,1,gold_own_history,-0.001111895384643344,0.059750004405773716,556
2019-06-01,1,gold_plus_silver,-0.0014643608760289417,0.059750004405773716,556
2019-07-01,1,historical_mean,0.005295162099605669,0.0073065751824383796,557
2019-07-01,1,ratio_only,-0.00026128311874980964,0.0073065751824383796,557
2019-07-01,1,gold_own_history,0.003867393673165027,0.0073065751824383796,557
2019-07-01,1,gold_plus_silver,0.0001475983242734541,0.0073065751824383796,557
2019-08-01,1,historical_mean,0.005392751422735002,-0.010645476447953328,558
2019-08-01,1,ratio_only,0.00036469978219414584,-0.010645476447953328,558
2019-08-01,1,gold_own_history,0.005058249308510215,-0.010645476447953328,558
2019-08-01,1,gold_plus_silver,0.0009049325341463216,-0.010645476447953328,558
2019-09-01,1,historical_mean,0.00539617507883465,-0.016183765223348523,559
2019-09-01,1,ratio_only,0.0009649931818747279,-0.016183765223348523,559
2019-09-01,1,gold_own_history,0.011478319813526799,-0.016183765223348523,559
2019-09-01,1,gold_plus_silver,0.005372854477287966,-0.016183765223348523,559
2019-10-01,1,historical_mean,0.0053675292725368145,0.005423742109361918,560
2019-10-01,1,ratio_only,0.0006499474105741768,0.005423742109361918,560
2019-10-01,1,gold_own_history,0.012570965343632808,0.005423742109361918,560
2019-10-01,1,gold_plus_silver,0.010650189434349418,0.005423742109361918,560
2019-11-01,1,historical_mean,0.005329113417820441,0.05396045780463243,561
2019-11-01,1,ratio_only,0.0004940658117072935,0.05396045780463243,561
2019-11-01,1,gold_own_history,0.012328914336041795,0.05396045780463243,561
2019-11-01,1,gold_plus_silver,0.009280362677550412,0.05396045780463243,561
2019-12-01,1,historical_mean,0.005329281796275142,0.022800227699580233,562
2019-12-01,1,ratio_only,0.00038634361916473764,0.022800227699580233,562
2019-12-01,1,gold_own_history,0.009150304996374295,0.022800227699580233,562
2019-12-01,1,gold_plus_silver,0.00668265897386611,0.022800227699580233,562
2020-01-01,1,historical_mean,0.005415660439274,-0.0031357818106840796,563
2020-01-01,1,ratio_only,0.0006120838299913459,-0.0031357818106840796,563
2020-01-01,1,gold_own_history,0.00442733550776826,-0.0031357818106840796,563
2020-01-01,1,gold_plus_silver,0.0022081678527673745,-0.0031357818106840796,563
2020-02-01,1,historical_mean,0.005446484140090146,0.0555868277864775,564
2020-02-01,1,ratio_only,0.0004062835303463713,0.0555868277864775,564
2020-02-01,1,gold_own_history,0.008115869525804615,0.0555868277864775,564
2020-02-01,1,gold_plus_silver,0.006997983134084552,0.0555868277864775,564
2020-03-01,1,historical_mean,0.005431294288849838,0.019418085857101808,565
2020-03-01,1,ratio_only,-0.001610622206559005,0.019418085857101808,565
2020-03-01,1,gold_own_history,0.011540430034922652,0.019418085857101808,565
2020-03-01,1,gold_plus_silver,0.01859457787723438,0.019418085857101808,565
2020-04-01,1,historical_mean,0.005519908305630099,0.009280809074472707,566
2020-04-01,1,ratio_only,-0.001694566341847309,0.009280809074472707,566
2020-04-01,1,gold_own_history,0.007408827083199128,0.009280809074472707,566
2020-04-01,1,gold_plus_silver,0.006438593850502314,0.009280809074472707,566
2020-05-01,1,historical_mean,0.005544420082616821,0.06428589107685934,567
2020-05-01,1,ratio_only,-0.0009144513408599272,0.06428589107685934,567
2020-05-01,1,gold_own_history,0.012423191207616487,0.06428589107685934,567
2020-05-01,1,gold_plus_silver,0.004785832417787496,0.06428589107685934,567
2020-06-01,1,historical_mean,0.0055509982322503705,0.06396309843988579,568
2020-06-01,1,ratio_only,-6.64971839884343e-05,0.06396309843988579,568
2020-06-01,1,gold_own_history,0.011788387271013251,0.06396309843988579,568
2020-06-01,1,gold_plus_silver,0.0035577519307417385,0.06396309843988579,568
2020-07-01,1,historical_mean,0.005654222999991335,-0.024159489108887655,569
2020-07-01,1,ratio_only,0.0012523910586018094,-0.024159489108887655,569
2020-07-01,1,gold_own_history,0.006541964030410683,-0.024159489108887655,569
2020-07-01,1,gold_plus_silver,-0.0007679345168755333,-0.024159489108887655,569
2020-08-01,1,historical_mean,0.005756519272692905,-0.011512424375705876,570
2020-08-01,1,ratio_only,0.00349852312095298,-0.011512424375705876,570
2020-08-01,1,gold_own_history,0.006878272237688169,-0.011512424375705876,570
2020-08-01,1,gold_plus_silver,-0.006015159801051658,-0.011512424375705876,570
2020-09-01,1,historical_mean,0.005704126963793464,-0.018056783747242733,571
2020-09-01,1,ratio_only,0.0031721854596359553,-0.018056783747242733,571
2020-09-01,1,gold_own_history,0.01589475668477023,-0.018056783747242733,571
2020-09-01,1,gold_plus_silver,0.01536071700502218,-0.018056783747242733,571
2020-10-01,1,historical_mean,0.005674028097815318,-0.004296462033505755,572
2020-10-01,1,ratio_only,0.002675665292798231,-0.004296462033505755,572
2020-10-01,1,gold_own_history,0.01433694311000019,-0.004296462033505755,572
2020-10-01,1,gold_plus_silver,0.01522070696620376,-0.004296462033505755,572
2020-11-01,1,historical_mean,0.005632613068417311,0.004832224167938826,573
2020-11-01,1,ratio_only,0.0027396994777112715,0.004832224167938826,573
2020-11-01,1,gold_own_history,0.014893976764566118,0.004832224167938826,573
2020-11-01,1,gold_plus_silver,0.01189187985929015,0.004832224167938826,573
2020-12-01,1,historical_mean,0.005615315028170058,-0.032111602589600885,574
2020-12-01,1,ratio_only,0.0031043696775724175,-0.032111602589600885,574
2020-12-01,1,gold_own_history,0.012844986462188342,-0.032111602589600885,574
2020-12-01,1,gold_plus_silver,0.008572497515601817,-0.032111602589600885,574
2021-01-01,1,historical_mean,0.00561395313102183,-0.05106043840792118,575
2021-01-01,1,ratio_only,0.003399573595422749,-0.05106043840792118,575
2021-01-01,1,gold_own_history,0.009867800506552157,-0.05106043840792118,575
2021-01-01,1,gold_plus_silver,0.006609629765420309,-0.05106043840792118,575
2021-02-01,1,historical_mean,0.0055484573745624155,0.024152985487996936,576
2021-02-01,1,ratio_only,0.004117286040717469,0.024152985487996936,576
2021-02-01,1,gold_own_history,0.011931242755681463,0.024152985487996936,576
2021-02-01,1,gold_plus_silver,0.005290317251284076,0.024152985487996936,576
2021-03-01,1,historical_mean,0.005450348369740087,0.04987183004017304,577
2021-03-01,1,ratio_only,0.0038625442485662395,0.04987183004017304,577
2021-03-01,1,gold_own_history,0.012160751503348478,0.04987183004017304,577
2021-03-01,1,gold_plus_silver,0.011276934393750257,0.04987183004017304,577
2021-04-01,1,historical_mean,0.005482705873404891,-0.008141157583700043,578
2021-04-01,1,ratio_only,0.0037074915252976737,-0.008141157583700043,578
2021-04-01,1,gold_own_history,0.002352134885262051,-0.008141157583700043,578
2021-04-01,1,gold_plus_silver,0.0029809769431473933,-0.008141157583700043,578
2021-05-01,1,historical_mean,0.0055593710274062175,-0.014823219536548748,579
2021-05-01,1,ratio_only,0.0039806473377621415,-0.014823219536548748,579
2021-05-01,1,gold_own_history,0.0005195809058670983,-0.014823219536548748,579
2021-05-01,1,gold_plus_silver,-0.0008171734899308052,-0.014823219536548748,579
2021-06-01,1,historical_mean,0.0055357494263525864,-0.012802846738382279,580
2021-06-01,1,ratio_only,0.0038554860164813215,-0.012802846738382279,580
2021-06-01,1,gold_own_history,0.006639146370353337,-0.012802846738382279,580
2021-06-01,1,gold_plus_silver,0.006215579792498659,-0.012802846738382279,580
2021-07-01,1,historical_mean,0.005500708171683221,-0.005617992304222774,581
2021-07-01,1,ratio_only,0.003478659275682902,-0.005617992304222774,581
2021-07-01,1,gold_own_history,0.004404204899812475,-0.005617992304222774,581
2021-07-01,1,gold_plus_silver,0.005450522692218355,-0.005617992304222774,581
2021-08-01,1,historical_mean,0.005469258764621253,0.0011261262451345289,582
2021-08-01,1,ratio_only,0.0028965321577460942,0.0011261262451345289,582
2021-08-01,1,gold_own_history,0.0012152770959195174,0.0011261262451345289,582
2021-08-01,1,gold_plus_silver,0.0035412591769675775,0.0011261262451345289,582
2021-09-01,1,historical_mean,0.005450241181312773,0.025008249665252613,583
2021-09-01,1,ratio_only,0.0025956292880135318,0.025008249665252613,583
2021-09-01,1,gold_own_history,0.0010515702274610525,0.025008249665252613,583
2021-09-01,1,gold_plus_silver,0.0015981611949669253,0.025008249665252613,583
2021-10-01,1,historical_mean,0.005442836874915207,-0.01771917898510278,584
2021-10-01,1,ratio_only,0.00266366964593822,-0.01771917898510278,584
2021-10-01,1,gold_own_history,0.000738464021269444,-0.01771917898510278,584
2021-10-01,1,gold_plus_silver,-0.0008098943945824069,-0.01771917898510278,584
2021-11-01,1,historical_mean,0.0054762820249841596,0.014420660326437407,585
2021-11-01,1,ratio_only,0.0028153143867230557,0.014420660326437407,585
2021-11-01,1,gold_own_history,-0.0003796891970300638,0.014420660326437407,585
2021-11-01,1,gold_plus_silver,-0.001743797461329171,0.014420660326437407,585
2021-12-01,1,historical_mean,0.005436699327014728,0.021787354184907848,586
2021-12-01,1,ratio_only,0.002214630526904328,0.021787354184907848,586
2021-12-01,1,gold_own_history,0.004095072173851957,0.021787354184907848,586
2021-12-01,1,gold_plus_silver,0.0058059787039804155,0.021787354184907848,586
2022-01-01,1,historical_mean,0.005452004200949008,0.048379570856334375,587
2022-01-01,1,ratio_only,0.00240950193173501,0.048379570856334375,587
2022-01-01,1,gold_own_history,0.0007134138863920587,0.048379570856334375,587
2022-01-01,1,gold_plus_silver,-0.0014301293389194676,0.048379570856334375,587
2022-02-01,1,historical_mean,0.005479785408404721,-0.0056628207954849685,588
2022-02-01,1,ratio_only,0.002388607549189993,-0.0056628207954849685,588
2022-02-01,1,gold_own_history,0.0019193573596277523,-0.0056628207954849685,588
2022-02-01,1,gold_plus_silver,0.0012326574303826027,-0.0056628207954849685,588
2022-03-01,1,historical_mean,0.005552620358231427,-0.04649543201987072,589
2022-03-01,1,ratio_only,0.0027794317562212373,-0.04649543201987072,589
2022-03-01,1,gold_own_history,0.002653757335698623,-0.04649543201987072,589
2022-03-01,1,gold_plus_silver,0.00012718171702122763,-0.04649543201987072,589
2022-04-01,1,historical_mean,0.005533611135936992,-0.006511146171999549,590
2022-04-01,1,ratio_only,0.002502773574868826,-0.006511146171999549,590
2022-04-01,1,gold_own_history,0.007835199882693766,-0.006511146171999549,590
2022-04-01,1,gold_plus_silver,0.007686839557445934,-0.006511146171999549,590
2022-05-01,1,historical_mean,0.005445575529920397,-0.05827979549951934,591
2022-05-01,1,ratio_only,0.0017086550392282004,-0.05827979549951934,591
2022-05-01,1,gold_own_history,0.008982913597735587,-0.05827979549951934,591
2022-05-01,1,gold_plus_silver,0.01058830010234552,-0.05827979549951934,591
2022-06-01,1,historical_mean,0.00542537836488337,0.01829667965179116,592
2022-06-01,1,ratio_only,0.0016053533635190867,0.01829667965179116,592
2022-06-01,1,gold_own_history,0.004279744163934797,0.01829667965179116,592
2022-06-01,1,gold_plus_silver,0.0027795428016681167,0.01829667965179116,592
2022-07-01,1,historical_mean,0.005317949741165996,-0.04876183595878114,593
2022-07-01,1,ratio_only,0.000706017563542452,-0.04876183595878114,593
2022-07-01,1,gold_own_history,0.008496292551198903,-0.04876183595878114,593
2022-07-01,1,gold_plus_silver,0.009354347749116608,-0.04876183595878114,593
2022-08-01,1,historical_mean,0.0053397994548202475,-0.010164512027461825,594
2022-08-01,1,ratio_only,0.0009089489191149644,-0.010164512027461825,594
2022-08-01,1,gold_own_history,0.0008282649896894133,-0.010164512027461825,594
2022-08-01,1,gold_plus_silver,-0.0018638223963588219,-0.010164512027461825,594
2022-09-01,1,historical_mean,0.00524887233647806,0.03600270808430572,595
2022-09-01,1,ratio_only,0.0007430003216277736,0.03600270808430572,595
2022-09-01,1,gold_own_history,0.006733471083663604,0.03600270808430572,595
2022-09-01,1,gold_plus_silver,0.003485685682259293,0.03600270808430572,595
2022-10-01,1,historical_mean,0.005223010953317087,0.04144788556610557,596
2022-10-01,1,ratio_only,0.0010704131614222012,0.04144788556610557,596
2022-10-01,1,gold_own_history,0.0019207500951533784,0.04144788556610557,596
2022-10-01,1,gold_plus_silver,-0.0022664894443281854,0.04144788556610557,596
2022-11-01,1,historical_mean,0.005274568234943534,0.05412576413830816,597
2022-11-01,1,ratio_only,0.0016663197960450696,0.05412576413830816,597
2022-11-01,1,gold_own_history,-0.0028779076359419006,0.05412576413830816,597
2022-11-01,1,gold_plus_silver,-0.006554764691139709,0.05412576413830816,597
2022-12-01,1,historical_mean,0.005335058732152835,-0.022916004128338052,598
2022-12-01,1,ratio_only,0.002443454350661012,-0.022916004128338052,598
2022-12-01,1,gold_own_history,-0.0012060097953305415,-0.022916004128338052,598
2022-12-01,1,gold_plus_silver,-0.005650924847329795,-0.022916004128338052,598
2023-01-01,1,historical_mean,0.005416512330493662,0.030787994398717267,599
2023-01-01,1,ratio_only,0.002256876633899986,0.030787994398717267,599
2023-01-01,1,gold_own_history,-0.0009708352387855679,0.030787994398717267,599
2023-01-01,1,gold_plus_silver,0.00013449952919293573,0.030787994398717267,599
2023-02-01,1,historical_mean,0.005369291469728942,0.04447449010182947,600
2023-02-01,1,ratio_only,0.001628723898243624,0.04447449010182947,600
2023-02-01,1,gold_own_history,0.006024707410998172,0.04447449010182947,600
2023-02-01,1,gold_plus_silver,0.007059231061893295,0.04447449010182947,600
2023-03-01,1,historical_mean,0.005411585484585828,-0.004008021397538641,601
2023-03-01,1,ratio_only,0.0014799243345086713,-0.004008021397538641,601
2023-03-01,1,gold_own_history,-0.0006123048742424613,-0.004008021397538641,601
2023-03-01,1,gold_plus_silver,-0.0005356856070742981,-0.004008021397538641,601
2023-04-01,1,historical_mean,0.005476474030461648,-0.02490598876710326,602
2023-04-01,1,ratio_only,0.002435692761164704,-0.02490598876710326,602
2023-04-01,1,gold_own_history,-0.00025691270233534546,-0.02490598876710326,602
2023-04-01,1,gold_plus_silver,-0.0059805150470398916,-0.02490598876710326,602
2023-05-01,1,historical_mean,0.005460745182322344,0.004108891245670598,603
2023-05-01,1,ratio_only,0.002185338852172418,0.004108891245670598,603
2023-05-01,1,gold_own_history,0.006768439561362388,0.004108891245670598,603
2023-05-01,1,gold_plus_silver,0.006352988069505818,0.004108891245670598,603
2023-06-01,1,historical_mean,0.0054104691327372025,-0.016537844615410968,604
2023-06-01,1,ratio_only,0.0019698285229485107,-0.016537844615410968,604
2023-06-01,1,gold_own_history,0.008430910339915604,-0.016537844615410968,604
2023-06-01,1,gold_plus_silver,0.007033743540002916,-0.016537844615410968,604
2023-07-01,1,historical_mean,0.005408317764328828,-0.0015645374768942233,605
2023-07-01,1,ratio_only,0.0022975158851652674,-0.0015645374768942233,605
2023-07-01,1,gold_own_history,0.007438360086068491,-0.0015645374768942233,605
2023-07-01,1,gold_plus_silver,0.00368929930487924,-0.0015645374768942233,605
2023-08-01,1,historical_mean,0.005372102974923317,0.0,606
2023-08-01,1,ratio_only,0.0020291226286061545,0.0,606
2023-08-01,1,gold_own_history,0.008439271156321154,0.0,606
2023-08-01,1,gold_plus_silver,0.0075659298496226005,0.0,606
2023-09-01,1,historical_mean,0.0053606752311806186,0.03487532931401205,607
2023-09-01,1,ratio_only,0.001906814258325354,0.03487532931401205,607
2023-09-01,1,gold_own_history,0.008475890931166982,0.03487532931401205,607
2023-09-01,1,gold_plus_silver,0.0070246801707731545,0.03487532931401205,607
2023-10-01,1,historical_mean,0.005351858331129335,0.0209483969638109,608
2023-10-01,1,ratio_only,0.0016023620725689192,0.0209483969638109,608
2023-10-01,1,gold_own_history,0.008658580347402509,0.0209483969638109,608
2023-10-01,1,gold_plus_silver,0.008166153145930524,0.0209483969638109,608
2023-11-01,1,historical_mean,0.005400336937012557,0.003940891799876667,609
2023-11-01,1,ratio_only,0.0018506526081262104,0.003940891799876667,609
2023-11-01,1,gold_own_history,0.0047244700012927885,0.003940891799876667,609
2023-11-01,1,gold_plus_silver,0.0022973348032332766,0.003940891799876667,609
2023-12-01,1,historical_mean,0.005425825560007309,-0.00542273944075955,610
2023-12-01,1,ratio_only,0.0018868142029163718,-0.00542273944075955,610
2023-12-01,1,gold_own_history,0.005560701797315027,-0.00542273944075955,610
2023-12-01,1,gold_plus_silver,0.004025640076172857,-0.00542273944075955,610
2024-01-01,1,historical_mean,0.005423395226521007,0.06460030865033417,611
2024-01-01,1,ratio_only,0.0014578226241863529,0.06460030865033417,611
2024-01-01,1,gold_own_history,0.005624826963305844,0.06460030865033417,611
2024-01-01,1,gold_plus_silver,0.006300868181271051,0.06460030865033417,611
2024-02-01,1,historical_mean,0.005405672784254209,0.07711549321767741,612
2024-02-01,1,ratio_only,0.0013965234038858451,0.07711549321767741,612
2024-02-01,1,gold_own_history,0.0073160949996081345,0.07711549321767741,612
2024-02-01,1,gold_plus_silver,0.005226581090707522,0.07711549321767741,612
2024-03-01,1,historical_mean,0.00550223825875026,0.00854340950431176,613
2024-03-01,1,ratio_only,0.001778574426897661,0.00854340950431176,613
2024-03-01,1,gold_own_history,0.0007259587887064258,0.00854340950431176,613
2024-03-01,1,gold_plus_silver,-0.001149970211279338,0.00854340950431176,613
2024-04-01,1,historical_mean,0.005618872224481412,-0.010690715461459277,614
2024-04-01,1,ratio_only,0.00242996979108151,-0.010690715461459277,614
2024-04-01,1,gold_own_history,0.0005857475670912821,-0.010690715461459277,614
2024-04-01,1,gold_plus_silver,-0.0024170408467826757,-0.010690715461459277,614
2024-05-01,1,historical_mean,0.005623627569651868,0.030485002508849668,615
2024-05-01,1,ratio_only,0.0029484220788632,0.030485002508849668,615
2024-05-01,1,gold_own_history,0.008890954537113586,0.030485002508849668,615
2024-05-01,1,gold_plus_silver,0.003956199992063779,0.030485002508849668,615
2024-06-01,1,historical_mean,0.005597143246549415,0.02958309403456294,616
2024-06-01,1,ratio_only,0.003052630942372167,0.02958309403456294,616
2024-06-01,1,gold_own_history,0.011601373268339979,0.02958309403456294,616
2024-06-01,1,gold_plus_silver,0.008830401299194213,0.02958309403456294,616
2024-07-01,1,historical_mean,0.005637480133522349,0.040076777643866635,617
2024-07-01,1,ratio_only,0.0029369621260349893,0.040076777643866635,617
2024-07-01,1,gold_own_history,0.007915272320130564,0.040076777643866635,617
2024-07-01,1,gold_plus_silver,0.00808788234911879,0.040076777643866635,617
2024-08-01,1,historical_mean,0.005676227081582285,0.04524626532999587,618
2024-08-01,1,ratio_only,0.002403419881944341,0.04524626532999587,618
2024-08-01,1,gold_own_history,0.00977527293483733,0.04524626532999587,618
2024-08-01,1,gold_plus_silver,0.012562784391901748,0.04524626532999587,618
2024-09-01,1,historical_mean,0.005731801476674829,-0.014604266306859515,619
2024-09-01,1,ratio_only,0.002651890383547059,-0.014604266306859515,619
2024-09-01,1,gold_own_history,0.0102170042913526,-0.014604266306859515,619
2024-09-01,1,gold_plus_silver,0.008004500665127607,-0.014604266306859515,619
2024-10-01,1,historical_mean,0.005795534482889862,-0.0011322892321263822,620
2024-10-01,1,ratio_only,0.003039786882714536,-0.0011322892321263822,620
2024-10-01,1,gold_own_history,0.011443121726159664,-0.0011322892321263822,620
2024-10-01,1,gold_plus_silver,0.008548350834888488,-0.0011322892321263822,620
2000-01-01,3,historical_mean,0.01161636244939931,-0.08701137698962924,321
2000-01-01,3,ratio_only,0.008673437986287197,-0.08701137698962924,321
2000-01-01,3,gold_own_history,0.004913687202524343,-0.08701137698962924,321
2000-01-01,3,gold_plus_silver,0.00448375666757575,-0.08701137698962924,321
2000-02-01,3,historical_mean,0.011653609353715254,0.0,322
2000-02-01,3,ratio_only,0.005679176547506493,0.0,322
2000-02-01,3,gold_own_history,0.0012185375322048544,0.0,322
2000-02-01,3,gold_plus_silver,-0.00013987392682979216,0.0,322
2000-03-01,3,historical_mean,0.011650176857810918,0.0071174677688645716,323
2000-03-01,3,ratio_only,0.007270600442795622,0.0071174677688645716,323
2000-03-01,3,gold_own_history,0.015336878049080063,0.0071174677688645716,323
2000-03-01,3,gold_plus_silver,0.011916922901300031,0.0071174677688645716,323
2000-04-01,3,historical_mean,0.011570439784200522,-0.0036429912785012064,324
2000-04-01,3,ratio_only,0.00837833849452943,-0.0036429912785012064,324
2000-04-01,3,gold_own_history,0.009402590610361554,-0.0036429912785012064,324
2000-04-01,3,gold_plus_silver,0.007575007899276898,-0.0036429912785012064,324
2000-05-01,3,historical_mean,0.011267111117204123,-0.04286370443178189,325
2000-05-01,3,ratio_only,0.007978190162689192,-0.04286370443178189,325
2000-05-01,3,gold_own_history,0.009232454087229225,-0.04286370443178189,325
2000-05-01,3,gold_plus_silver,0.008127759969397907,-0.04286370443178189,325
2000-06-01,3,historical_mean,0.011232549426660552,-0.04348511193973881,326
2000-06-01,3,ratio_only,0.005771756939953493,-0.04348511193973881,326
2000-06-01,3,gold_own_history,0.008330211015281377,-0.04348511193973881,326
2000-06-01,3,gold_plus_silver,0.005502277021465496,-0.04348511193973881,326
2000-07-01,3,historical_mean,0.011219965079083195,-0.029631797606371357,327
2000-07-01,3,ratio_only,0.0065587796028056256,-0.029631797606371357,327
2000-07-01,3,gold_own_history,0.018398295489425513,-0.029631797606371357,327
2000-07-01,3,gold_plus_silver,0.013396038047967712,-0.029631797606371357,327
2000-08-01,3,historical_mean,0.011174651187749095,-0.011009285508369437,328
2000-08-01,3,ratio_only,0.007000772437787434,-0.011009285508369437,328
2000-08-01,3,gold_own_history,0.017759388895585114,-0.011009285508369437,328
2000-08-01,3,gold_plus_silver,0.013943647665060899,-0.011009285508369437,328
2000-09-01,3,historical_mean,0.011010400866717087,-0.018692133012153,329
2000-09-01,3,ratio_only,0.0068416233478306165,-0.018692133012153,329
2000-09-01,3,gold_own_history,0.00941740256714741,-0.018692133012153,329
2000-09-01,3,gold_plus_silver,0.006914189095759804,-0.018692133012153,329
2000-10-01,3,historical_mean,0.010845262949121765,-0.015151805020602538,330
2000-10-01,3,ratio_only,0.0063541199296575646,-0.015151805020602538,330
2000-10-01,3,gold_own_history,-0.005364008587239481,-0.015151805020602538,330
2000-10-01,3,gold_plus_silver,-0.003949742140115814,-0.015151805020602538,330
2000-11-01,3,historical_mean,0.010722975757111213,-0.029964788701936307,331
2000-11-01,3,ratio_only,0.00589713544422979,-0.029964788701936307,331
2000-11-01,3,gold_own_history,-0.0010445873791307802,-0.029964788701936307,331
2000-11-01,3,gold_plus_silver,-0.0008848625224696927,-0.029964788701936307,331
2000-12-01,3,historical_mean,0.010657517138841692,-0.019048194970694432,332
2000-12-01,3,ratio_only,0.0035906629634508136,-0.019048194970694432,332
2000-12-01,3,gold_own_history,-0.0018336287491279297,-0.019048194970694432,332
2000-12-01,3,gold_plus_silver,-0.0028506152826718034,-0.019048194970694432,332
2001-01-01,3,historical_mean,0.010569380051301168,0.03745756253490118,333
2001-01-01,3,ratio_only,0.005974045894908769,0.03745756253490118,333
2001-01-01,3,gold_own_history,0.00280563194691588,0.03745756253490118,333
2001-01-01,3,gold_plus_silver,0.0004299925132383864,0.03745756253490118,333
2001-02-01,3,historical_mean,0.010492370515157744,0.0262679268206103,334
2001-02-01,3,ratio_only,0.005338883515056819,0.0262679268206103,334
2001-02-01,3,gold_own_history,-0.0057172981990536035,0.0262679268206103,334
2001-02-01,3,gold_plus_silver,-0.004704545194934268,0.0262679268206103,334
2001-03-01,3,historical_mean,0.01037160287570373,0.030305349495328926,335
2001-03-01,3,ratio_only,0.00251220413870884,0.030305349495328926,335
2001-03-01,3,gold_own_history,-0.0034336202064571206,0.030305349495328926,335
2001-03-01,3,gold_plus_silver,-0.003895321777060312,0.030305349495328926,335
2001-04-01,3,historical_mean,0.010284043953541832,0.0,336
2001-04-01,3,ratio_only,0.003083058494009916,0.0,336
2001-04-01,3,gold_own_history,0.000178772189877433,0.0,336
2001-04-01,3,gold_plus_silver,-0.002558646697971817,0.0,336
2001-05-01,3,historical_mean,0.010364677539836668,0.04702493864486268,337
2001-05-01,3,ratio_only,0.0006465360178974366,0.04702493864486268,337
2001-05-01,3,gold_own_history,-0.0035448430577605895,0.04702493864486268,337
2001-05-01,3,gold_plus_silver,-0.00690047062357127,0.04702493864486268,337
2001-06-01,3,historical_mean,0.010411728573211737,0.054459917132381186,338
2001-06-01,3,ratio_only,0.0011306227710768668,0.054459917132381186,338
2001-06-01,3,gold_own_history,0.0013397697728787742,0.054459917132381186,338
2001-06-01,3,gold_plus_silver,-0.0030773302078352383,0.054459917132381186,338
2001-07-01,3,historical_mean,0.010470411820769604,0.014598799421151831,339
2001-07-01,3,ratio_only,0.0003531050278107184,0.014598799421151831,339
2001-07-01,3,gold_own_history,0.00212461195089818,0.014598799421151831,339
2001-07-01,3,gold_plus_silver,-0.0021685771103904794,0.014598799421151831,339
2001-08-01,3,historical_mean,0.010439616491884988,-0.02504603192608812,340
2001-08-01,3,ratio_only,-0.0018106969451588961,-0.02504603192608812,340
2001-08-01,3,gold_own_history,0.0024507530178418738,-0.02504603192608812,340
2001-08-01,3,gold_plus_silver,-0.0032858041917346037,-0.02504603192608812,340
2001-09-01,3,historical_mean,0.010546904826644454,-0.003539826705123872,341
2001-09-01,3,ratio_only,-0.001253079342586283,-0.003539826705123872,341
2001-09-01,3,gold_own_history,0.0021849289482494226,-0.003539826705123872,341
2001-09-01,3,gold_plus_silver,-0.005732540577502332,-0.003539826705123872,341
2001-10-01,3,historical_mean,0.010675305447421462,0.06995858860691051,342
2001-10-01,3,ratio_only,-0.0010583628189978211,0.06995858860691051,342
2001-10-01,3,gold_own_history,0.010723966870136877,0.06995858860691051,342
2001-10-01,3,gold_plus_silver,0.0024381599906760643,0.06995858860691051,342
2001-11-01,3,historical_mean,0.010686744205362366,0.06317890162153184,343
2001-11-01,3,ratio_only,-0.003545654568786666,0.06317890162153184,343
2001-11-01,3,gold_own_history,0.014161470692258822,0.06317890162153184,343
2001-11-01,3,gold_plus_silver,0.0059842018183329515,0.06317890162153184,343
2001-12-01,3,historical_mean,0.010582869856143033,0.07182573457125496,344
2001-12-01,3,ratio_only,0.0002997826620631805,0.07182573457125496,344
2001-12-01,3,gold_own_history,0.00787105294089721,0.07182573457125496,344
2001-12-01,3,gold_plus_silver,-0.001601711028851538,0.07182573457125496,344
2002-01-01,3,historical_mean,0.010541934503791536,0.059033531584193,345
2002-01-01,3,ratio_only,0.0003446625553413518,0.059033531584193,345
2002-01-01,3,gold_own_history,0.00835976301064336,0.059033531584193,345
2002-01-01,3,gold_plus_silver,0.0009581179006375729,0.059033531584193,345
2002-02-01,3,historical_mean,0.010713658937615578,0.08786135579133436,346
2002-02-01,3,ratio_only,-0.0033295811460201385,0.08786135579133436,346
2002-02-01,3,gold_own_history,0.009626542824064506,0.08786135579133436,346
2002-02-01,3,gold_plus_silver,0.001294695414407021,0.08786135579133436,346
2002-03-01,3,historical_mean,0.010864855602410727,0.032470385030784144,347
2002-03-01,3,ratio_only,-0.0014328967853373675,0.032470385030784144,347
2002-03-01,3,gold_own_history,0.01849224197412364,0.032470385030784144,347
2002-03-01,3,gold_plus_silver,0.007066253607869305,0.032470385030784144,347
2002-04-01,3,historical_mean,0.011040030541976371,-0.012820688429060922,348
2002-04-01,3,ratio_only,-0.0016156119152708481,-0.012820688429060922,348
2002-04-01,3,gold_own_history,0.01616856525917839,-0.012820688429060922,348
2002-04-01,3,gold_plus_silver,0.005472842820207796,-0.012820688429060922,348
2002-05-01,3,historical_mean,0.011177547736939741,-0.006250020345171414,349
2002-05-01,3,ratio_only,-0.0021715623015082786,-0.006250020345171414,349
2002-05-01,3,gold_own_history,0.014431811385725076,-0.006250020345171414,349
2002-05-01,3,gold_plus_silver,0.0037756058449123775,-0.006250020345171414,349
2002-06-01,3,historical_mean,0.01139664433138087,0.012698583337127367,350
2002-06-01,3,ratio_only,-0.0007317430737136255,0.012698583337127367,350
2002-06-01,3,gold_own_history,0.019991397681492256,0.012698583337127367,350
2002-06-01,3,gold_plus_silver,0.008135312665264516,0.012698583337127367,350
2002-07-01,3,historical_mean,0.011456683478672618,0.028618805305652195,351
2002-07-01,3,ratio_only,0.0007604995141636817,0.028618805305652195,351
2002-07-01,3,gold_own_history,0.026511230858898973,0.028618805305652195,351
2002-07-01,3,gold_plus_silver,0.015423984855283707,0.028618805305652195,351
2002-08-01,3,historical_mean,0.011387713672116556,0.0399438661316438,352
2002-08-01,3,ratio_only,-0.003368563290800042,0.0399438661316438,352
2002-08-01,3,gold_own_history,0.02132872800009904,0.0399438661316438,352
2002-08-01,3,gold_plus_silver,0.012240735660884211,0.0399438661316438,352
2002-09-01,3,historical_mean,0.011337748419942935,0.11883400790235843,353
2002-09-01,3,ratio_only,-0.0037469854154430493,0.11883400790235843,353
2002-09-01,3,gold_own_history,0.01350708283262577,0.11883400790235843,353
2002-09-01,3,gold_plus_silver,0.0019376812644297248,0.11883400790235843,353
2002-10-01,3,historical_mean,0.011341592586375659,0.11813128570343423,354
2002-10-01,3,ratio_only,-0.00575351685273312,0.11813128570343423,354
2002-10-01,3,gold_own_history,0.018979026692125558,0.11813128570343423,354
2002-10-01,3,gold_plus_silver,0.007111066105191993,0.11813128570343423,354
2002-11-01,3,historical_mean,0.011390260791218692,0.02674750836702877,355
2002-11-01,3,ratio_only,-0.004765716976948137,0.02674750836702877,355
2002-11-01,3,gold_own_history,0.019842497097580118,0.02674750836702877,355
2002-11-01,3,gold_plus_silver,0.005858229701025425,0.02674750836702877,355
2002-12-01,3,historical_mean,0.01147046754779292,-0.0847221733954946,356
2002-12-01,3,ratio_only,-0.005534110905982659,-0.0847221733954946,356
2002-12-01,3,gold_own_history,0.017896608593931433,-0.0847221733954946,356
2002-12-01,3,gold_plus_silver,0.004191681183917301,-0.0847221733954946,356
2003-01-01,3,historical_mean,0.011771205756069015,-0.008391657636248162,357
2003-01-01,3,ratio_only,-0.00655496582021034,-0.008391657636248162,357
2003-01-01,3,gold_own_history,0.017620470998086075,-0.008391657636248162,357
2003-01-01,3,gold_plus_silver,0.0029450305580318026,-0.008391657636248162,357
2003-02-01,3,historical_mean,0.012068300951452716,0.043048253568513495,358
2003-02-01,3,ratio_only,-0.0073170063028733245,0.043048253568513495,358
2003-02-01,3,gold_own_history,0.025374010645512302,0.043048253568513495,358
2003-02-01,3,gold_plus_silver,0.010359198498616218,0.043048253568513495,358
2003-03-01,3,historical_mean,0.012109190108599167,0.06777261508172128,359
2003-03-01,3,ratio_only,-0.006749390868100308,0.06777261508172128,359
2003-03-01,3,gold_own_history,0.030997829384759437,0.06777261508172128,359
2003-03-01,3,gold_plus_silver,0.015226766203780828,0.06777261508172128,359
2003-04-01,3,historical_mean,0.011840214098865574,0.01117330059812538,360
2003-04-01,3,ratio_only,-0.005127177718964038,0.01117330059812538,360
2003-04-01,3,gold_own_history,0.021846434872886122,0.01117330059812538,360
2003-04-01,3,gold_plus_silver,0.0073981558979848705,0.01117330059812538,360
2003-05-01,3,historical_mean,0.011784170132840327,0.06260547423039586,361
2003-05-01,3,ratio_only,-0.007155569992175342,0.06260547423039586,361
2003-05-01,3,gold_own_history,0.004675717838514384,0.06260547423039586,361
2003-05-01,3,gold_plus_silver,-0.007557433776516298,0.06260547423039586,361
2003-06-01,3,historical_mean,0.01187053500420959,0.07674998161656088,362
2003-06-01,3,ratio_only,-0.00913959672442527,0.07674998161656088,362
2003-06-01,3,gold_own_history,0.01728615624921985,0.07674998161656088,362
2003-06-01,3,gold_plus_silver,0.0035061653879497057,0.07674998161656088,362
2003-07-01,3,historical_mean,0.012024535224808796,0.08004270767353638,363
2003-07-01,3,ratio_only,-0.004652670669016562,0.08004270767353638,363
2003-07-01,3,gold_own_history,0.021090484139608595,0.08004270767353638,363
2003-07-01,3,gold_plus_silver,0.004807650347975062,0.08004270767353638,363
2003-08-01,3,historical_mean,0.012022196668142084,0.07127698036016827,364
2003-08-01,3,ratio_only,-0.0037785016434008223,0.07127698036016827,364
2003-08-01,3,gold_own_history,0.017300880786543075,0.07127698036016827,364
2003-08-01,3,gold_plus_silver,0.003945427428705572,0.07127698036016827,364
2003-09-01,3,historical_mean,0.01216078099023045,0.08832976874288789,365
2003-09-01,3,ratio_only,-0.004053475148177388,0.08832976874288789,365
2003-09-01,3,gold_own_history,0.015141742026726617,0.08832976874288789,365
2003-09-01,3,gold_plus_silver,0.0026219929216876325,0.08832976874288789,365
2003-10-01,3,historical_mean,0.01233725421598545,0.037740327982846544,366
2003-10-01,3,ratio_only,-0.005565851401336169,0.037740327982846544,366
2003-10-01,3,gold_own_history,0.025060307393998407,0.037740327982846544,366
2003-10-01,3,gold_plus_silver,0.012172444025011414,0.037740327982846544,366
2003-11-01,3,historical_mean,0.012521737740392946,0.0,367
2003-11-01,3,ratio_only,-0.0046125183543740955,0.0,367
2003-11-01,3,gold_own_history,0.022327263710107563,0.0,367
2003-11-01,3,gold_plus_silver,0.00773253871724483,0.0,367
2003-12-01,3,historical_mean,0.012681398725772772,-0.026929411878631626,368
2003-12-01,3,ratio_only,-0.0027053434871686932,-0.026929411878631626,368
2003-12-01,3,gold_own_history,0.020268844077452337,-0.026929411878631626,368
2003-12-01,3,gold_plus_silver,0.006235923915863778,-0.026929411878631626,368
2004-01-01,3,historical_mean,0.012886407858610482,-0.05324451451881185,369
2004-01-01,3,ratio_only,0.002621274013548114,-0.05324451451881185,369
2004-01-01,3,gold_own_history,0.01960867833940981,-0.05324451451881185,369
2004-01-01,3,gold_plus_silver,0.007102206563978253,-0.05324451451881185,369
2004-02-01,3,historical_mean,0.012953580615703012,-0.03755134565213236,370
2004-02-01,3,ratio_only,0.004620889346436313,-0.03755134565213236,370
2004-02-01,3,gold_own_history,0.023786877239203856,-0.03755134565213236,370
2004-02-01,3,gold_plus_silver,0.015284691393422811,-0.03755134565213236,370
2004-03-01,3,historical_mean,0.012918665304070388,-0.012484556662244906,371
2004-03-01,3,ratio_only,0.010080654542658107,-0.012484556662244906,371
2004-03-01,3,gold_own_history,0.024549764660162,-0.012484556662244906,371
2004-03-01,3,gold_plus_silver,0.015792591707442544,-0.012484556662244906,371
2004-04-01,3,historical_mean,0.012811546817020115,0.04331887471884244,372
2004-04-01,3,ratio_only,0.009805632287961191,0.04331887471884244,372
2004-04-01,3,gold_own_history,0.029884845414291848,0.04331887471884244,372
2004-04-01,3,gold_plus_silver,0.025171501047213635,0.04331887471884244,372
2004-05-01,3,historical_mean,0.012634452818800726,0.03262522731607653,373
2004-05-01,3,ratio_only,0.0029830393117716847,0.03262522731607653,373
2004-05-01,3,gold_own_history,0.023694894235060934,0.03262522731607653,373
2004-05-01,3,gold_plus_silver,0.022727835324970247,0.03262522731607653,373
2004-06-01,3,historical_mean,0.012500266191873097,0.05380270599297621,374
2004-06-01,3,ratio_only,0.00183591509174591,0.05380270599297621,374
2004-06-01,3,gold_own_history,0.013323966125039265,0.05380270599297621,374
2004-06-01,3,gold_plus_silver,0.006509138016192545,0.05380270599297621,374
2004-07-01,3,historical_mean,0.012433639997595449,0.09053798576860217,375
2004-07-01,3,ratio_only,0.004232087380118349,0.09053798576860217,375
2004-07-01,3,gold_own_history,0.01704211618672391,0.09053798576860217,375
2004-07-01,3,gold_plus_silver,0.007692380012877281,0.09053798576860217,375
2004-08-01,3,historical_mean,0.012515781579300894,0.08742281497115911,376
2004-08-01,3,ratio_only,0.006965771415827021,0.08742281497115911,376
2004-08-01,3,gold_own_history,0.01669031401368539,0.08742281497115911,376
2004-08-01,3,gold_plus_silver,0.009220710685446554,0.08742281497115911,376
2004-09-01,3,historical_mean,0.012569122284172977,0.009478743954543845,377
2004-09-01,3,ratio_only,0.004346185031468941,0.009478743954543845,377
2004-09-01,3,gold_own_history,0.012227950187942586,0.009478743954543845,377
2004-09-01,3,gold_plus_silver,0.009406834788430019,0.009478743954543845,377
2004-10-01,3,historical_mean,0.012678205838958172,-0.03712723402889395,378
2004-10-01,3,ratio_only,0.007787739776762503,-0.03712723402889395,378
2004-10-01,3,gold_own_history,0.011254280574400713,-0.03712723402889395,378
2004-10-01,3,gold_plus_silver,0.0038295029133159353,-0.03712723402889395,378
2004-11-01,3,historical_mean,0.01288364061449813,-0.018265347977292734,379
2004-11-01,3,ratio_only,0.008552408011183038,-0.018265347977292734,379
2004-11-01,3,gold_own_history,0.011619791359501287,-0.018265347977292734,379
2004-11-01,3,gold_plus_silver,0.007453146354406415,-0.018265347977292734,379
2004-12-01,3,historical_mean,0.013079796336489343,0.011723463696059255,380
2004-12-01,3,ratio_only,0.005824337833459703,0.011723463696059255,380
2004-12-01,3,gold_own_history,0.014852044194695262,0.011723463696059255,380
2004-12-01,3,gold_plus_silver,0.01240621764028732,0.011723463696059255,380
2005-01-01,3,historical_mean,0.013070344755434367,-0.0023668650102655064,381
2005-01-01,3,ratio_only,0.004330662113169709,-0.0023668650102655064,381
2005-01-01,3,gold_own_history,0.017570983303476045,-0.0023668650102655064,381
2005-01-01,3,gold_plus_silver,0.013313380407973363,-0.0023668650102655064,381
2005-02-01,3,historical_mean,0.012938937481129842,-0.006936443996657715,382
2005-02-01,3,ratio_only,0.007134555410639759,-0.006936443996657715,382
2005-02-01,3,gold_own_history,0.01250312601985866,-0.006936443996657715,382
2005-02-01,3,gold_plus_silver,0.005818963695824797,-0.006936443996657715,382
2005-03-01,3,historical_mean,0.012857464150951193,-0.011723463696059255,383
2005-03-01,3,ratio_only,0.0071784733518071575,-0.011723463696059255,383
2005-03-01,3,gold_own_history,0.009481038256636253,-0.011723463696059255,383
2005-03-01,3,gold_plus_silver,0.005625383096323822,-0.011723463696059255,383
2005-04-01,3,historical_mean,0.012854511024766578,0.03721359634043431,384
2005-04-01,3,ratio_only,0.007081266090765315,0.03721359634043431,384
2005-04-01,3,gold_own_history,0.015939093710442942,0.03721359634043431,384
2005-04-01,3,gold_plus_silver,0.011900466849288582,0.03721359634043431,384
2005-05-01,3,historical_mean,0.012814974983117145,0.05638471941063905,385
2005-05-01,3,ratio_only,0.007170510383981504,0.05638471941063905,385
2005-05-01,3,gold_own_history,0.01986083442814745,0.05638471941063905,385
2005-05-01,3,gold_plus_silver,0.015059407568698696,0.05638471941063905,385
2005-06-01,3,historical_mean,0.01276380550389493,0.10299923947214662,386
2005-06-01,3,ratio_only,0.008134111284508555,0.10299923947214662,386
2005-06-01,3,gold_own_history,0.013210329147859797,0.10299923947214662,386
2005-06-01,3,gold_plus_silver,0.008551832297317957,0.10299923947214662,386
2005-07-01,3,historical_mean,0.012700530906479029,0.08529758051189518,387
2005-07-01,3,ratio_only,0.006848550684992516,0.08529758051189518,387
2005-07-01,3,gold_own_history,0.016697275897628393,0.08529758051189518,387
2005-07-01,3,gold_plus_silver,0.013671289239425816,0.08529758051189518,387
2005-08-01,3,historical_mean,0.012763708910174788,0.11191791620398472,388
2005-08-01,3,ratio_only,0.0053731170003060436,0.11191791620398472,388
2005-08-01,3,gold_own_history,0.010527274538439902,0.11191791620398472,388
2005-08-01,3,gold_plus_silver,0.006845889495180724,0.11191791620398472,388
2005-09-01,3,historical_mean,0.012875845183954904,0.15718558352241185,389
2005-09-01,3,ratio_only,0.004936912915993047,0.15718558352241185,389
2005-09-01,3,gold_own_history,0.012192663528266775,0.15718558352241185,389
2005-09-01,3,gold_plus_silver,0.006689524161474586,0.15718558352241185,389
2005-10-01,3,historical_mean,0.013106930810334882,0.15145162285809288,390
2005-10-01,3,ratio_only,0.006973541527523469,0.15145162285809288,390
2005-10-01,3,gold_own_history,0.013648224151493839,0.15145162285809288,390
2005-10-01,3,gold_plus_silver,0.007080038453935594,0.15145162285809288,390
2005-11-01,3,historical_mean,0.013291561627985931,0.08815451420891307,391
2005-11-01,3,ratio_only,0.007714291643660248,0.08815451420891307,391
2005-11-01,3,gold_own_history,0.013652323169817505,0.08815451420891307,391
2005-11-01,3,gold_plus_silver,0.009045349296523592,0.08815451420891307,391
2005-12-01,3,historical_mean,0.01354315947129205,0.10517868094507943,392
2005-12-01,3,ratio_only,0.008874006254723843,0.10517868094507943,392
2005-12-01,3,gold_own_history,0.010665560945996208,0.10517868094507943,392
2005-12-01,3,gold_plus_silver,0.005772041449847082,0.10517868094507943,392
2006-01-01,3,historical_mean,0.013908661822567165,0.19574457712609572,393
2006-01-01,3,ratio_only,0.008420819654557904,0.19574457712609572,393
2006-01-01,3,gold_own_history,0.021373734755967853,0.19574457712609572,393
2006-01-01,3,gold_plus_silver,0.015991157889988616,0.19574457712609572,393
2006-02-01,3,historical_mean,0.014257755632302001,0.06767542713806574,394
2006-02-01,3,ratio_only,0.010404287419653574,0.06767542713806574,394
2006-02-01,3,gold_own_history,0.03425386907647519,0.06767542713806574,394
2006-02-01,3,gold_plus_silver,0.02656710359444378,0.06767542713806574,394
2006-03-01,3,historical_mean,0.014444836033761775,0.03695199526563009,395
2006-03-01,3,ratio_only,0.0146365545777431,0.03695199526563009,395
2006-03-01,3,gold_own_history,0.0331855299315652,0.03695199526563009,395
2006-03-01,3,gold_plus_silver,0.026015011888438994,0.03695199526563009,395
2006-04-01,3,historical_mean,0.014673961904749951,-0.06424226872835437,396
2006-04-01,3,ratio_only,0.01944846509795728,-0.06424226872835437,396
2006-04-01,3,gold_own_history,0.02920493795002111,-0.06424226872835437,396
2006-04-01,3,gold_plus_silver,0.023708109259336516,-0.06424226872835437,396
2006-05-01,3,historical_mean,0.015130059172310016,0.003350086885281378,397
2006-05-01,3,ratio_only,0.0181376543359823,0.003350086885281378,397
2006-05-01,3,gold_own_history,0.041086864796023595,0.003350086885281378,397
2006-05-01,3,gold_plus_silver,0.039235538994454075,0.003350086885281378,397
2006-06-01,3,historical_mean,0.015262082709912419,-0.07872916486021353,398
2006-06-01,3,ratio_only,0.014123258648909232,-0.07872916486021353,398
2006-06-01,3,gold_own_history,0.06098134407739985,-0.07872916486021353,398
2006-06-01,3,gold_plus_silver,0.05907248856722483,-0.07872916486021353,398
2006-07-01,3,historical_mean,0.015316443393009456,-0.007930255675977271,399
2006-07-01,3,ratio_only,0.013019864225471467,-0.007930255675977271,399
2006-07-01,3,gold_own_history,0.040349139287200506,-0.007930255675977271,399
2006-07-01,3,gold_plus_silver,0.03527369249388261,-0.007930255675977271,399
2006-08-01,3,historical_mean,0.015117546612706045,0.05212906543494711,400
2006-08-01,3,ratio_only,0.01676432231924424,0.05212906543494711,400
2006-08-01,3,gold_own_history,0.04625849767354768,0.05212906543494711,400
2006-08-01,3,gold_plus_silver,0.037728860709330916,0.05212906543494711,400
2006-09-01,3,historical_mean,0.015088201326602742,0.07398607296420057,401
2006-09-01,3,ratio_only,0.017407577276705555,0.07398607296420057,401
2006-09-01,3,gold_own_history,0.04543032454314276,0.07398607296420057,401
2006-09-01,3,gold_plus_silver,0.04209093598574168,0.07398607296420057,401
2006-10-01,3,historical_mean,0.014854824793799716,0.05724687418765573,402
2006-10-01,3,ratio_only,0.01770935454902023,0.05724687418765573,402
2006-10-01,3,gold_own_history,0.03306699566163411,0.05724687418765573,402
2006-10-01,3,gold_plus_silver,0.03158371238783972,0.05724687418765573,402
2006-11-01,3,historical_mean,0.014798286132584389,0.03891541624967321,403
2006-11-01,3,ratio_only,0.01933808728801159,0.03891541624967321,403
2006-11-01,3,gold_own_history,0.025533556618444073,0.03891541624967321,403
2006-11-01,3,gold_plus_silver,0.024064391590403703,0.03891541624967321,403
2006-12-01,3,historical_mean,0.014890689051649643,0.07331526501748353,404
2006-12-01,3,ratio_only,0.020670541011059,0.07331526501748353,404
2006-12-01,3,gold_own_history,0.028794378470948796,0.07331526501748353,404
2006-12-01,3,gold_plus_silver,0.028988454409935055,0.07331526501748353,404
2007-01-01,3,historical_mean,0.015036603579828781,0.0030030052597691537,405
2007-01-01,3,ratio_only,0.019004932098729027,0.0030030052597691537,405
2007-01-01,3,gold_own_history,0.02217921979421838,0.0030030052597691537,405
2007-01-01,3,gold_plus_silver,0.025280729551299244,0.0030030052597691537,405
2007-02-01,3,historical_mean,0.015140569763591901,0.0015255533088369688,406
2007-02-01,3,ratio_only,0.020469252368581575,0.0015255533088369688,406
2007-02-01,3,gold_own_history,0.019079604454645408,0.0015255533088369688,406
2007-02-01,3,gold_plus_silver,0.019849654432871025,0.0015255533088369688,406
2007-03-01,3,historical_mean,0.01519898461982306,-0.020834086902842053,407
2007-03-01,3,ratio_only,0.018858321906670694,-0.020834086902842053,407
2007-03-01,3,gold_own_history,0.027027939481725726,-0.020834086902842053,407
2007-03-01,3,gold_plus_silver,0.029234610175179254,-0.020834086902842053,407
2007-04-01,3,historical_mean,0.015341426483542815,-0.0030030052597691537,408
2007-04-01,3,ratio_only,0.019051874461733037,-0.0030030052597691537,408
2007-04-01,3,gold_own_history,0.014453346932239215,-0.0030030052597691537,408
2007-04-01,3,gold_plus_silver,0.01645287637268336,-0.0030030052597691537,408
2007-05-01,3,historical_mean,0.015311259194487135,0.0833206314702073,409
2007-05-01,3,ratio_only,0.017779720954318817,0.0833206314702073,409
2007-05-01,3,gold_own_history,0.010939342321951973,0.0833206314702073,409
2007-05-01,3,gold_plus_silver,0.014649672345522377,0.0833206314702073,409
2007-06-01,3,historical_mean,0.015277635521595305,0.12693070859317057,410
2007-06-01,3,ratio_only,0.01848885726702193,0.12693070859317057,410
2007-06-01,3,gold_own_history,0.021007465959658286,0.12693070859317057,410
2007-06-01,3,gold_plus_silver,0.021735061257873167,0.12693070859317057,410
2007-07-01,3,historical_mean,0.015189772450002999,0.19229670185077374,411
2007-07-01,3,ratio_only,0.017066889217253522,0.19229670185077374,411
2007-07-01,3,gold_own_history,0.011965608851287685,0.19229670185077374,411
2007-07-01,3,gold_plus_silver,0.014706438402987784,0.19229670185077374,411
2007-08-01,3,historical_mean,0.015145615222552096,0.11887329353246567,412
2007-08-01,3,ratio_only,0.014845728061753466,0.11887329353246567,412
2007-08-01,3,gold_own_history,0.014018276881563126,0.11887329353246567,412
2007-08-01,3,gold_plus_silver,0.015957749218343656,0.11887329353246567,412
2007-09-01,3,historical_mean,0.015310687901117847,0.16450371347716075,413
2007-09-01,3,ratio_only,0.013644483812697755,0.16450371347716075,413
2007-09-01,3,gold_own_history,0.01614224966564006,0.16450371347716075,413
2007-09-01,3,gold_plus_silver,0.015154557816178651,0.16450371347716075,413
2007-10-01,3,historical_mean,0.0155803014776687,0.13446148104996603,414
2007-10-01,3,ratio_only,0.014390569468780645,0.13446148104996603,414
2007-10-01,3,gold_own_history,0.025464640560475184,0.13446148104996603,414
2007-10-01,3,gold_plus_silver,0.021784259807446846,0.13446148104996603,414
2007-11-01,3,historical_mean,0.016006124129170157,0.18687737332981502,415
2007-11-01,3,ratio_only,0.01504136176096757,0.18687737332981502,415
2007-11-01,3,gold_own_history,0.024389013604433456,0.18687737332981502,415
2007-11-01,3,gold_plus_silver,0.021179717697402276,0.18687737332981502,415
2007-12-01,3,historical_mean,0.016253400978697312,0.022223136784710107,416
2007-12-01,3,ratio_only,0.014195894652906549,0.022223136784710107,416
2007-12-01,3,gold_own_history,0.03400781088536179,0.022223136784710107,416
2007-12-01,3,gold_plus_silver,0.0308549729905873,0.022223136784710107,416
2008-01-01,3,historical_mean,0.01660891731562408,-0.03644798804268934,417
2008-01-01,3,ratio_only,0.014706489925226468,-0.03644798804268934,417
2008-01-01,3,gold_own_history,0.029234881262226474,-0.03644798804268934,417
2008-01-01,3,gold_plus_silver,0.02441986236579112,-0.03644798804268934,417
2008-02-01,3,historical_mean,0.01689086124800289,-0.08513485176267199,418
2008-02-01,3,ratio_only,0.018019847865971994,-0.08513485176267199,418
2008-02-01,3,gold_own_history,0.03736785465137059,-0.08513485176267199,418
2008-02-01,3,gold_plus_silver,0.03098232857800795,-0.08513485176267199,418
2008-03-01,3,historical_mean,0.017296556980895043,0.03243527575315408,419
2008-03-01,3,ratio_only,0.02041043939852147,0.03243527575315408,419
2008-03-01,3,gold_own_history,0.04253337286618297,0.03243527575315408,419
2008-03-01,3,gold_plus_silver,0.03775094932587732,0.03243527575315408,419
2008-04-01,3,historical_mean,0.01730828693280889,-0.057886529046698776,420
2008-04-01,3,ratio_only,0.018779951353149776,-0.057886529046698776,420
2008-04-01,3,gold_own_history,0.04700370206978105,-0.057886529046698776,420
2008-04-01,3,gold_plus_silver,0.045499300560227246,-0.057886529046698776,420
2008-05-01,3,historical_mean,0.017180599818852834,-0.06867153472326137,421
2008-05-01,3,ratio_only,0.01866841940824107,-0.06867153472326137,421
2008-05-01,3,gold_own_history,0.04157354642644111,-0.06867153472326137,421
2008-05-01,3,gold_plus_silver,0.03875063674388336,-0.06867153472326137,421
2008-06-01,3,historical_mean,0.016938146142119363,-0.15255620699410066,422
2008-06-01,3,ratio_only,0.01815420975721241,-0.15255620699410066,422
2008-06-01,3,gold_own_history,0.03953650243745351,-0.15255620699410066,422
2008-06-01,3,gold_plus_silver,0.036837064594575586,-0.15255620699410066,422
2008-07-01,3,historical_mean,0.016974782382334574,-0.09757734860551981,423
2008-07-01,3,ratio_only,0.018246662354575144,-0.09757734860551981,423
2008-07-01,3,gold_own_history,0.03611465396674006,-0.09757734860551981,423
2008-07-01,3,gold_plus_silver,0.033080048480213425,-0.09757734860551981,423
2008-08-01,3,historical_mean,0.01679822268556799,-0.017011345826536406,424
2008-08-01,3,ratio_only,0.01370692514912153,-0.017011345826536406,424
2008-08-01,3,gold_own_history,0.04606019931108403,-0.017011345826536406,424
2008-08-01,3,gold_plus_silver,0.04521319168214891,-0.017011345826536406,424
2008-09-01,3,historical_mean,0.0165971173740178,0.06244525371430587,425
2008-09-01,3,ratio_only,0.00656660582295307,0.06244525371430587,425
2008-09-01,3,gold_own_history,0.025629458555138453,0.06244525371430587,425
2008-09-01,3,gold_plus_silver,0.025840167684789195,0.06244525371430587,425
2008-10-01,3,historical_mean,0.016200043842637242,0.21443292477177156,426
2008-10-01,3,ratio_only,-0.0005232201442612328,0.21443292477177156,426
2008-10-01,3,gold_own_history,0.019303900721958037,0.21443292477177156,426
2008-10-01,3,gold_plus_silver,0.01586679811635683,0.21443292477177156,426
2008-11-01,3,historical_mean,0.015933586249081838,0.12429771667757716,427
2008-11-01,3,ratio_only,-0.00034179989864202565,0.12429771667757716,427
2008-11-01,3,gold_own_history,0.011814722601624927,0.12429771667757716,427
2008-11-01,3,gold_plus_silver,0.0016381674443908811,0.12429771667757716,427
2008-12-01,3,historical_mean,0.015856612108718245,0.035452540741930605,428
2008-12-01,3,ratio_only,-0.0017955209106949033,0.035452540741930605,428
2008-12-01,3,gold_own_history,0.003915474765876753,0.035452540741930605,428
2008-12-01,3,gold_plus_silver,-0.004905347411752192,0.035452540741930605,428
2009-01-01,3,historical_mean,0.0159652103408991,-0.014957543819619445,429
2009-01-01,3,ratio_only,0.0002984322485279356,-0.014957543819619445,429
2009-01-01,3,gold_own_history,0.0014711996723217168,-0.014957543819619445,429
2009-01-01,3,gold_plus_silver,-0.009210308443461573,-0.014957543819619445,429
2009-02-01,3,historical_mean,0.016426763165156944,0.023530497410193973,430
2009-02-01,3,ratio_only,0.004710027380538717,0.023530497410193973,430
2009-02-01,3,gold_own_history,0.0018180027327382507,0.023530497410193973,430
2009-02-01,3,gold_plus_silver,-0.009770697278659701,0.023530497410193973,430
2009-03-01,3,historical_mean,0.016677043799756527,0.04825497550265734,431
2009-03-01,3,ratio_only,0.005137211932351171,0.04825497550265734,431
2009-03-01,3,gold_own_history,0.009223569123970939,0.04825497550265734,431
2009-03-01,3,gold_plus_silver,0.003071801709563407,0.04825497550265734,431
2009-04-01,3,historical_mean,0.016720505598233782,0.021300059796089954,432
2009-04-01,3,ratio_only,0.004894755958261443,0.021300059796089954,432
2009-04-01,3,gold_own_history,0.01339374331219459,0.021300059796089954,432
2009-04-01,3,gold_plus_silver,0.006946426902341457,0.021300059796089954,432
2009-05-01,3,historical_mean,0.016647346130756063,0.05250820090996022,433
2009-05-01,3,ratio_only,0.00781528769856979,0.05250820090996022,433
2009-05-01,3,gold_own_history,0.009566289399038249,0.05250820090996022,433
2009-05-01,3,gold_plus_silver,-0.000520351861423865,0.05250820090996022,433
2009-06-01,3,historical_mean,0.016663205926330804,0.11038001677192977,434
2009-06-01,3,ratio_only,0.009176867924153231,0.11038001677192977,434
2009-06-01,3,gold_own_history,0.014155276042699137,0.11038001677192977,434
2009-06-01,3,gold_plus_silver,0.007291424427734797,0.11038001677192977,434
2009-07-01,3,historical_mean,0.01673583068397753,0.17190571542984845,435
2009-07-01,3,ratio_only,0.005950767581524186,0.17190571542984845,435
2009-07-01,3,gold_own_history,0.011955519746505444,0.17190571542984845,435
2009-07-01,3,gold_plus_silver,0.011353562796709987,0.17190571542984845,435
2009-08-01,3,historical_mean,0.016746299099372284,0.1296371599536652,436
2009-08-01,3,ratio_only,0.008368526757450617,0.1296371599536652,436
2009-08-01,3,gold_own_history,0.019779494064858148,0.1296371599536652,436
2009-08-01,3,gold_plus_silver,0.009566797595544685,0.1296371599536652,436
2009-09-01,3,historical_mean,0.016828134114957153,0.06944019871427187,437
2009-09-01,3,ratio_only,0.01188713855522755,0.06944019871427187,437
2009-09-01,3,gold_own_history,0.021180505359447446,0.06944019871427187,437
2009-09-01,3,gold_plus_silver,0.011305167185629808,0.06944019871427187,437
2009-10-01,3,historical_mean,0.01704172288814659,-0.028804871789175124,438
2009-10-01,3,ratio_only,0.012263515278878367,-0.028804871789175124,438
2009-10-01,3,gold_own_history,0.028211015198100348,-0.028804871789175124,438
2009-10-01,3,gold_plus_silver,0.02270060849145221,-0.028804871789175124,438
2009-11-01,3,historical_mean,0.01739448824701151,-0.019573578639958455,439
2009-11-01,3,ratio_only,0.010979175088077664,-0.019573578639958455,439
2009-11-01,3,gold_own_history,0.03630659175404253,-0.019573578639958455,439
2009-11-01,3,gold_plus_silver,0.03171182232487722,-0.019573578639958455,439
2009-12-01,3,historical_mean,0.017649585228162998,0.027350624133711143,440
2009-12-01,3,ratio_only,0.010587753051768928,0.027350624133711143,440
2009-12-01,3,gold_own_history,0.0394467300564714,0.027350624133711143,440
2009-12-01,3,gold_plus_silver,0.03247424438478805,0.027350624133711143,440
2010-01-01,3,historical_mean,0.01776702426101132,0.09572520367415382,441
2010-01-01,3,ratio_only,0.011571001835700423,0.09572520367415382,441
2010-01-01,3,gold_own_history,0.036413297691607394,0.09572520367415382,441
2010-01-01,3,gold_plus_silver,0.028036005539313305,0.09572520367415382,441
2010-02-01,3,historical_mean,0.017661657980354788,0.10239115188879921,442
2010-02-01,3,ratio_only,0.00798651205696363,0.10239115188879921,442
2010-02-01,3,gold_own_history,0.0271610138273714,0.10239115188879921,442
2010-02-01,3,gold_plus_silver,0.025178125896897316,0.10239115188879921,442
2010-03-01,3,historical_mean,0.017577605527487262,0.0375791442491602,443
2010-03-01,3,ratio_only,0.010167910236966532,0.0375791442491602,443
2010-03-01,3,gold_own_history,0.025791396121453796,0.0375791442491602,443
2010-03-01,3,gold_plus_silver,0.015824459178941583,0.0375791442491602,443
2010-04-01,3,historical_mean,0.017599616830654433,0.009087216601357362,444
2010-04-01,3,ratio_only,0.011222192736455278,0.009087216601357362,444
2010-04-01,3,gold_own_history,0.02979934057517067,0.009087216601357362,444
2010-04-01,3,gold_plus_silver,0.0217925435139434,0.009087216601357362,444
2010-05-01,3,historical_mean,0.01777517994715668,0.03035376802511003,445
2010-05-01,3,ratio_only,0.01020715961775917,0.03035376802511003,445
2010-05-01,3,gold_own_history,0.028501699307462894,0.03035376802511003,445
2010-05-01,3,gold_plus_silver,0.023585276349361126,0.03035376802511003,445
2010-06-01,3,historical_mean,0.017964901857339736,0.11768989543371156,446
2010-06-01,3,ratio_only,0.009809088872755056,0.11768989543371156,446
2010-06-01,3,gold_own_history,0.03208279333170275,0.11768989543371156,446
2010-06-01,3,gold_plus_silver,0.025625064041092063,0.11768989543371156,446
2010-07-01,3,historical_mean,0.018008781594234188,0.11924395629605833,447
2010-07-01,3,ratio_only,0.01010910724191591,0.11924395629605833,447
2010-07-01,3,gold_own_history,0.0372411714602678,0.11924395629605833,447
2010-07-01,3,gold_plus_silver,0.02888520206436558,0.11924395629605833,447
2010-08-01,3,historical_mean,0.017988867386660803,0.09021892073398874,448
2010-08-01,3,ratio_only,0.010215042453105089,0.09021892073398874,448
2010-08-01,3,gold_own_history,0.03105519088992583,0.09021892073398874,448
2010-08-01,3,gold_plus_silver,0.02368495337171808,0.09021892073398874,448
2010-09-01,3,historical_mean,0.018016406140866702,0.01332366119846995,449
2010-09-01,3,ratio_only,0.012786347594530817,0.01332366119846995,449
2010-09-01,3,gold_own_history,0.02753636410025658,0.01332366119846995,449
2010-09-01,3,gold_plus_silver,0.018172224383265018,0.01332366119846995,449
2010-10-01,3,historical_mean,0.01823790278373969,0.0036429912785003182,450
2010-10-01,3,ratio_only,0.01611804305359793,0.0036429912785003182,450
2010-10-01,3,gold_own_history,0.027389856378806383,0.0036429912785003182,450
2010-10-01,3,gold_plus_silver,0.01911751924137914,0.0036429912785003182,450
2010-11-01,3,historical_mean,0.01846186299108408,0.02274440616640927,451
2010-11-01,3,ratio_only,0.020376831797596806,0.02274440616640927,451
2010-11-01,3,gold_own_history,0.026845150796622624,0.02274440616640927,451
2010-11-01,3,gold_plus_silver,0.01977379114242242,0.02274440616640927,451
2010-12-01,3,historical_mean,0.01862061754361263,0.08523283553770167,452
2010-12-01,3,ratio_only,0.023792033627860865,0.08523283553770167,452
2010-12-01,3,gold_own_history,0.028426933616611555,0.08523283553770167,452
2010-12-01,3,gold_plus_silver,0.024460328114538563,0.08523283553770167,452
2011-01-01,3,historical_mean,0.018608924483248076,0.09564070368768451,453
2011-01-01,3,ratio_only,0.023595016422193887,0.09564070368768451,453
2011-01-01,3,gold_own_history,0.03254536898320428,0.09564070368768451,453
2011-01-01,3,gold_plus_silver,0.03397288726641316,0.09564070368768451,453
2011-02-01,3,historical_mean,0.01857595987266493,0.07184660783920993,454
2011-02-01,3,ratio_only,0.026114444343824206,0.07184660783920993,454
2011-02-01,3,gold_own_history,0.030986016186975385,0.07184660783920993,454
2011-02-01,3,gold_plus_silver,0.02930753892830809,0.07184660783920993,454
2011-03-01,3,historical_mean,0.01858512129309074,0.060267088790478596,455
2011-03-01,3,ratio_only,0.030556568206995788,0.060267088790478596,455
2011-03-01,3,gold_own_history,0.029555851476202773,0.060267088790478596,455
2011-03-01,3,gold_plus_silver,0.02747628220202669,0.060267088790478596,455
2011-04-01,3,historical_mean,0.01873127856117103,0.15065103094920218,456
2011-04-01,3,ratio_only,0.03597307960840629,0.15065103094920218,456
2011-04-01,3,gold_own_history,0.02971483018064837,0.15065103094920218,456
2011-04-01,3,gold_plus_silver,0.029973014546608598,0.15065103094920218,456
2011-05-01,3,historical_mean,0.018899570519872372,0.1474949252359643,457
2011-05-01,3,ratio_only,0.030175866007585567,0.1474949252359643,457
2011-05-01,3,gold_own_history,0.029973580941741823,0.1474949252359643,457
2011-05-01,3,gold_plus_silver,0.04510855547535275,0.1474949252359643,457
2011-06-01,3,historical_mean,0.01901517540484909,0.05744091966850995,458
2011-06-01,3,ratio_only,0.028328926234515023,0.05744091966850995,458
2011-06-01,3,gold_own_history,0.030417110614706033,0.05744091966850995,458
2011-06-01,3,gold_plus_silver,0.03762920985548117,0.05744091966850995,458
2011-07-01,3,historical_mean,0.019105048854490984,-0.011435230383274764,459
2011-07-01,3,ratio_only,0.02954949559247652,-0.011435230383274764,459
2011-07-01,3,gold_own_history,0.03362147092579189,-0.011435230383274764,459
2011-07-01,3,gold_plus_silver,0.03617248928771846,-0.011435230383274764,459
2011-08-01,3,historical_mean,0.019391018380783834,-0.0774126103467827,460
2011-08-01,3,ratio_only,0.028055117913958594,-0.0774126103467827,460
2011-08-01,3,gold_own_history,0.03160969656944414,-0.0774126103467827,460
2011-08-01,3,gold_plus_silver,0.03701380566992962,-0.0774126103467827,460
2011-09-01,3,historical_mean,0.019668901042074898,-0.007228947143151032,461
2011-09-01,3,ratio_only,0.02598085757907409,-0.007228947143151032,461
2011-09-01,3,gold_own_history,0.042172093988286134,-0.007228947143151032,461
2011-09-01,3,gold_plus_silver,0.04639361709683365,-0.007228947143151032,461
2011-10-01,3,historical_mean,0.019750658658149435,0.003444320282244284,462
2011-10-01,3,ratio_only,0.02136402395105419,0.003444320282244284,462
2011-10-01,3,gold_own_history,0.04068022195364193,0.003444320282244284,462
2011-10-01,3,gold_plus_silver,0.04585661048545678,0.003444320282244284,462
2011-11-01,3,historical_mean,0.019683302526310502,0.021713760223784462,463
2011-11-01,3,ratio_only,0.020896826464030127,0.021713760223784462,463
2011-11-01,3,gold_own_history,0.029062746322441803,0.021713760223784462,463
2011-11-01,3,gold_plus_silver,0.02876358271322206,0.021713760223784462,463
2011-12-01,3,historical_mean,0.019474044093394358,-0.003027553024037566,464
2011-12-01,3,ratio_only,0.01946355749610898,-0.003027553024037566,464
2011-12-01,3,gold_own_history,0.03578455025874558,-0.003027553024037566,464
2011-12-01,3,gold_plus_silver,0.035500381057226305,-0.003027553024037566,464
2012-01-01,3,historical_mean,0.019416618305788884,-0.09364966809981112,465
2012-01-01,3,ratio_only,0.01957725188740056,-0.09364966809981112,465
2012-01-01,3,gold_own_history,0.029176828008395078,-0.09364966809981112,465
2012-01-01,3,gold_plus_silver,0.02752061980106235,-0.09364966809981112,465
2012-02-01,3,historical_mean,0.019382342988141787,-0.04703156820807397,466
2012-02-01,3,ratio_only,0.021595152783640353,-0.04703156820807397,466
2012-02-01,3,gold_own_history,0.026806791951162607,-0.04703156820807397,466
2012-02-01,3,gold_plus_silver,0.02399890578732071,-0.04703156820807397,466
2012-03-01,3,historical_mean,0.019387335316269506,-0.03392246320943837,467
2012-03-01,3,ratio_only,0.02189936518754715,-0.03392246320943837,467
2012-03-01,3,gold_own_history,0.03272224880837645,-0.03392246320943837,467
2012-03-01,3,gold_plus_silver,0.03221054409711717,-0.03392246320943837,467
2012-04-01,3,historical_mean,0.019339440255713294,0.025475127264091846,468
2012-04-01,3,ratio_only,0.020642457136022252,0.025475127264091846,468
2012-04-01,3,gold_own_history,0.02438239458651853,0.025475127264091846,468
2012-04-01,3,gold_plus_silver,0.026115468592838448,0.025475127264091846,468
2012-05-01,3,historical_mean,0.019098525312524543,0.08737612180257326,469
2012-05-01,3,ratio_only,0.018164184247970755,0.08737612180257326,469
2012-05-01,3,gold_own_history,0.021679740967248614,0.08737612180257326,469
2012-05-01,3,gold_plus_silver,0.02388873258028454,0.08737612180257326,469
2012-06-01,3,historical_mean,0.01895782298588497,0.09165345078389553,470
2012-06-01,3,ratio_only,0.016786523074326515,0.09165345078389553,470
2012-06-01,3,gold_own_history,0.015532087240184556,0.09165345078389553,470
2012-06-01,3,gold_plus_silver,0.016314617652403135,0.09165345078389553,470
2012-07-01,3,historical_mean,0.01884555061604352,0.05490639118686769,471
2012-07-01,3,ratio_only,0.01593549010992762,0.05490639118686769,471
2012-07-01,3,gold_own_history,0.01389073907885672,0.05490639118686769,471
2012-07-01,3,gold_plus_silver,0.013845701718100775,0.05490639118686769,471
2012-08-01,3,historical_mean,0.01885959632928091,-0.03498899185006543,472
2012-08-01,3,ratio_only,0.017040614411903188,-0.03498899185006543,472
2012-08-01,3,gold_own_history,0.002858070992216426,-0.03498899185006543,472
2012-08-01,3,gold_plus_silver,0.002498369297405545,-0.03498899185006543,472
2012-09-01,3,historical_mean,0.01900445156283967,-0.04387951648940902,473
2012-09-01,3,ratio_only,0.020606758514054885,-0.04387951648940902,473
2012-09-01,3,gold_own_history,0.002192694712804601,-0.04387951648940902,473
2012-09-01,3,gold_plus_silver,0.00043638474584208053,-0.04387951648940902,473
2012-10-01,3,historical_mean,0.01915771949368578,-0.05613413842519055,474
2012-10-01,3,ratio_only,0.02024080838438408,-0.05613413842519055,474
2012-10-01,3,gold_own_history,0.016623293716304895,-0.05613413842519055,474
2012-10-01,3,gold_plus_silver,0.018431992086496513,-0.05613413842519055,474
2012-11-01,3,historical_mean,0.019232979855145108,-0.056146532876413247,475
2012-11-01,3,ratio_only,0.020411478792264542,-0.056146532876413247,475
2012-11-01,3,gold_own_history,0.013795456129135457,-0.056146532876413247,475
2012-11-01,3,gold_plus_silver,0.015313247009832859,-0.056146532876413247,475
2012-12-01,3,historical_mean,0.01911906814988206,-0.11658757825161015,476
2012-12-01,3,ratio_only,0.020060705172033316,-0.11658757825161015,476
2012-12-01,3,gold_own_history,0.017881026484167208,-0.11658757825161015,476
2012-12-01,3,gold_plus_silver,0.019141463675127077,-0.11658757825161015,476
2013-01-01,3,historical_mean,0.018986995645397176,-0.14092970010596773,477
2013-01-01,3,ratio_only,0.019224731251059862,-0.14092970010596773,477
2013-01-01,3,gold_own_history,0.014532711786392535,-0.14092970010596773,477
2013-01-01,3,gold_plus_silver,0.01647687766231258,-0.14092970010596773,477
2013-02-01,3,historical_mean,0.018829838461149082,-0.17071311338681117,478
2013-02-01,3,ratio_only,0.019089122014784826,-0.17071311338681117,478
2013-02-01,3,gold_own_history,0.009914041472755987,-0.17071311338681117,478
2013-02-01,3,gold_plus_silver,0.011552466325286267,-0.17071311338681117,478
2013-03-01,3,historical_mean,0.018673311589880684,-0.14589631059547248,479
2013-03-01,3,ratio_only,0.01778196454277206,-0.14589631059547248,479
2013-03-01,3,gold_own_history,0.010679925060883413,-0.14589631059547248,479
2013-03-01,3,gold_plus_silver,0.013206688078024928,-0.14589631059547248,479
2013-04-01,3,historical_mean,0.018391518069377576,-0.04483758985360797,480
2013-04-01,3,ratio_only,0.01523266350644531,-0.04483758985360797,480
2013-04-01,3,gold_own_history,0.011862834621421644,-0.04483758985360797,480
2013-04-01,3,gold_plus_silver,0.014698434524086604,-0.04483758985360797,480
2013-05-01,3,historical_mean,0.018060288925561892,0.004457659684518056,481
2013-05-01,3,ratio_only,0.012999218466099804,0.004457659684518056,481
2013-05-01,3,gold_own_history,0.00792287752285258,0.004457659684518056,481
2013-05-01,3,gold_plus_silver,0.009382828313438049,0.004457659684518056,481
2013-06-01,3,historical_mean,0.01766864286267315,0.02381979694571612,482
2013-06-01,3,ratio_only,0.011241851872174968,0.02381979694571612,482
2013-06-01,3,gold_own_history,0.002130014243691039,0.02381979694571612,482
2013-06-01,3,gold_plus_silver,0.002708082510488763,0.02381979694571612,482
2013-07-01,3,historical_mean,0.017329999066693556,-0.057854792698174506,483
2013-07-01,3,ratio_only,0.009894707513868894,-0.057854792698174506,483
2013-07-01,3,gold_own_history,-0.0031011237473764913,-0.057854792698174506,483
2013-07-01,3,gold_plus_silver,-0.0031078900578790924,-0.057854792698174506,483
2013-08-01,3,historical_mean,0.01720155363504004,-0.09887471647621471,484
2013-08-01,3,ratio_only,0.011965332709557047,-0.09887471647621471,484
2013-08-01,3,gold_own_history,-0.012275412550434045,-0.09887471647621471,484
2013-08-01,3,gold_plus_silver,-0.014582574443970694,-0.09887471647621471,484
2013-09-01,3,historical_mean,0.01717527756503896,-0.057024428444155895,485
2013-09-01,3,ratio_only,0.013281159759014977,-0.057024428444155895,485
2013-09-01,3,gold_own_history,-0.012234720584034367,-0.057024428444155895,485
2013-09-01,3,gold_plus_silver,-0.012313366067506756,-0.057024428444155895,485
2013-10-01,3,historical_mean,0.017188949415616484,0.018634079544892934,486
2013-10-01,3,ratio_only,0.013017116853409283,0.018634079544892934,486
2013-10-01,3,gold_own_history,-0.011713704950671647,0.018634079544892934,486
2013-10-01,3,gold_plus_silver,-0.009661552506303517,0.018634079544892934,486
2013-11-01,3,historical_mean,0.017034855489304803,0.08919121436504973,487
2013-11-01,3,ratio_only,0.012059815308791577,0.08919121436504973,487
2013-11-01,3,gold_own_history,-0.012678006109466462,0.08919121436504973,487
2013-11-01,3,gold_plus_silver,-0.01029910535040618,0.08919121436504973,487
2013-12-01,3,historical_mean,0.016797335874621358,0.04249262396491016,488
2013-12-01,3,ratio_only,0.011353049009110272,0.04249262396491016,488
2013-12-01,3,gold_own_history,-0.013672834677551517,0.04249262396491016,488
2013-12-01,3,gold_plus_silver,-0.01190282309560367,0.04249262396491016,488
2014-01-01,3,historical_mean,0.016646371121413223,-0.008497540510441048,489
2014-01-01,3,ratio_only,0.010880711929890402,-0.008497540510441048,489
2014-01-01,3,gold_own_history,-0.01940926870930725,-0.008497540510441048,489
2014-01-01,3,gold_plus_silver,-0.01746894607647967,-0.008497540510441048,489
2014-02-01,3,historical_mean,0.016650427669216247,-0.04360155251774778,490
2014-02-01,3,ratio_only,0.010903236911020908,-0.04360155251774778,490
2014-02-01,3,gold_own_history,-0.016040485281481037,-0.04360155251774778,490
2014-02-01,3,gold_plus_silver,-0.015103869030607231,-0.04360155251774778,490
2014-03-01,3,historical_mean,0.016798168578983728,0.009965586499665058,491
2014-03-01,3,ratio_only,0.00980155287210066,0.009965586499665058,491
2014-03-01,3,gold_own_history,-0.008852360377464069,0.009965586499665058,491
2014-03-01,3,gold_plus_silver,-0.0076462577889982175,0.009965586499665058,491
2014-04-01,3,historical_mean,0.016850393081800655,0.004643971194450813,492
2014-04-01,3,ratio_only,0.009053733872035535,0.004643971194450813,492
2014-04-01,3,gold_own_history,0.002168821130785958,0.004643971194450813,492
2014-04-01,3,gold_plus_silver,0.0008455357885363418,0.004643971194450813,492
2014-05-01,3,historical_mean,0.016798977395000973,-0.03338942918635546,493
2014-05-01,3,ratio_only,0.008461053908571603,-0.03338942918635546,493
2014-05-01,3,gold_own_history,0.0033339480506238,-0.03338942918635546,493
2014-05-01,3,gold_plus_silver,0.0010000854144213839,-0.03338942918635546,493
2014-06-01,3,historical_mean,0.016676709115825368,-0.07030134403215893,494
2014-06-01,3,ratio_only,0.00986082588626419,-0.07030134403215893,494
2014-06-01,3,gold_own_history,0.007244148938150178,-0.07030134403215893,494
2014-06-01,3,gold_plus_silver,0.002159650576593411,-0.07030134403215893,494
2014-07-01,3,historical_mean,0.016663151292358375,-0.09724254755537842,495
2014-07-01,3,ratio_only,0.01083788858775278,-0.09724254755537842,495
2014-07-01,3,gold_own_history,0.009194179740882838,-0.09724254755537842,495
2014-07-01,3,gold_plus_silver,0.005126409207283661,-0.09724254755537842,495
2014-08-01,3,historical_mean,0.016638919074419046,-0.02953455031250396,496
2014-08-01,3,ratio_only,0.008945276360361548,-0.02953455031250396,496
2014-08-01,3,gold_own_history,0.008402759988409426,-0.02953455031250396,496
2014-08-01,3,gold_plus_silver,0.007744780684370678,-0.02953455031250396,496
2014-09-01,3,historical_mean,0.016538258413934595,0.02345437073537049,497
2014-09-01,3,ratio_only,0.007924073557665001,0.02345437073537049,497
2014-09-01,3,gold_own_history,0.008725409373642825,0.02345437073537049,497
2014-09-01,3,gold_plus_silver,0.006117616103386236,0.02345437073537049,497
2014-10-01,3,historical_mean,0.016363881702195448,0.043304018132651834,498
2014-10-01,3,ratio_only,0.005465271179615372,0.043304018132651834,498
2014-10-01,3,gold_own_history,0.005232840493199726,0.043304018132651834,498
2014-10-01,3,gold_plus_silver,0.0036549344453907506,0.043304018132651834,498
2014-11-01,3,historical_mean,0.01613621350729049,-0.018487921542612362,499
2014-11-01,3,ratio_only,0.0038153438424511077,-0.018487921542612362,499
2014-11-01,3,gold_own_history,0.007856842138055209,-0.018487921542612362,499
2014-11-01,3,gold_plus_silver,0.0037698626946932323,-0.018487921542612362,499
2014-12-01,3,historical_mean,0.0160448719796509,-0.04245535543939738,500
2014-12-01,3,ratio_only,0.003561830685883227,-0.04245535543939738,500
2014-12-01,3,gold_own_history,0.005642428274239851,-0.04245535543939738,500
2014-12-01,3,gold_plus_silver,-0.0003643540932110473,-0.04245535543939738,500
2015-01-01,3,historical_mean,0.016059661398324994,-0.023084289683397152,501
2015-01-01,3,ratio_only,0.0041448795650861625,-0.023084289683397152,501
2015-01-01,3,gold_own_history,0.005259736186626929,-0.023084289683397152,501
2015-01-01,3,gold_plus_silver,-0.0014403889899272104,-0.023084289683397152,501
2015-02-01,3,historical_mean,0.016113933025285805,0.0025412974286727064,502
2015-02-01,3,ratio_only,0.004108521253126218,0.0025412974286727064,502
2015-02-01,3,gold_own_history,0.007538400250005274,0.0025412974286727064,502
2015-02-01,3,gold_plus_silver,0.0017750140760182248,0.0025412974286727064,502
2015-03-01,3,historical_mean,0.01604514206193014,-0.06104172296950949,503
2015-03-01,3,ratio_only,0.0041708080861034835,-0.06104172296950949,503
2015-03-01,3,gold_own_history,0.00406934805672798,-0.06104172296950949,503
2015-03-01,3,gold_plus_silver,-0.001522889237358424,-0.06104172296950949,503
2015-04-01,3,historical_mean,0.015929069646252902,-0.0699465013124696,504
2015-04-01,3,ratio_only,0.003562493812340195,-0.0699465013124696,504
2015-04-01,3,gold_own_history,0.0006269062739406427,-0.0699465013124696,504
2015-04-01,3,gold_plus_silver,-0.004112441422007812,-0.0699465013124696,504
2015-05-01,3,historical_mean,0.015851815469362505,-0.04942488332752326,505
2015-05-01,3,ratio_only,0.0047121133362773016,-0.04942488332752326,505
2015-05-01,3,gold_own_history,0.003402380523858625,-0.04942488332752326,505
2015-05-01,3,gold_plus_silver,-0.003527757768481257,-0.04942488332752326,505
2015-06-01,3,historical_mean,0.01582551009774059,0.02711141128174699,506
2015-06-01,3,ratio_only,0.0035392375110010477,0.02711141128174699,506
2015-06-01,3,gold_own_history,0.004698624041358442,0.02711141128174699,506
2015-06-01,3,gold_plus_silver,0.0006474822201459479,0.02711141128174699,506
2015-07-01,3,historical_mean,0.015673898198199664,-0.029040153221163933,507
2015-07-01,3,ratio_only,0.0025811605417888905,-0.029040153221163933,507
2015-07-01,3,gold_own_history,0.0022370904783471732,-0.029040153221163933,507
2015-07-01,3,gold_plus_silver,-0.002502552698891908,-0.029040153221163933,507
2015-08-01,3,historical_mean,0.015505354104674724,-0.044532573916790774,508
2015-08-01,3,ratio_only,0.0021199735412112675,-0.044532573916790774,508
2015-08-01,3,gold_own_history,-0.0026561368869073825,-0.044532573916790774,508
2015-08-01,3,gold_plus_silver,-0.007844696515637212,-0.044532573916790774,508
2015-09-01,3,historical_mean,0.015377789787519129,-0.054067221270275745,509
2015-09-01,3,ratio_only,0.0013778391814275037,-0.054067221270275745,509
2015-09-01,3,gold_own_history,-5.1458784347107114e-05,-0.054067221270275745,509
2015-09-01,3,gold_plus_silver,-0.005537680685235177,-0.054067221270275745,509
2015-10-01,3,historical_mean,0.015400796888488203,0.09982033528221113,510
2015-10-01,3,ratio_only,0.00297436824771935,0.09982033528221113,510
2015-10-01,3,gold_own_history,0.0007314768868152428,0.09982033528221113,510
2015-10-01,3,gold_plus_silver,-0.007152377169370422,0.09982033528221113,510
2015-11-01,3,historical_mean,0.015313828297275577,0.14588506817707803,511
2015-11-01,3,ratio_only,0.001976230940744117,0.14588506817707803,511
2015-11-01,3,gold_own_history,0.010844704983065445,0.14588506817707803,511
2015-11-01,3,gold_plus_silver,0.0049326502843020925,0.14588506817707803,511
2015-12-01,3,historical_mean,0.015196940792951228,0.12323264042394833,512
2015-12-01,3,ratio_only,0.0009987711390458953,0.12323264042394833,512
2015-12-01,3,gold_own_history,0.00045168972527426764,0.12323264042394833,512
2015-12-01,3,gold_plus_silver,-0.004786223794443975,0.12323264042394833,512
2016-01-01,3,historical_mean,0.015061922933178856,0.04958350018882829,513
2016-01-01,3,ratio_only,-9.397510100492279e-05,0.04958350018882829,513
2016-01-01,3,gold_own_history,-0.005550337415384712,0.04958350018882829,513
2016-01-01,3,gold_plus_silver,-0.010511524901629044,0.04958350018882829,513
2016-02-01,3,historical_mean,0.015226822568099152,0.02459465500592728,514
2016-02-01,3,ratio_only,-0.00029852875299724024,0.02459465500592728,514
2016-02-01,3,gold_own_history,-0.004127774721932967,0.02459465500592728,514
2016-02-01,3,gold_plus_silver,-0.010200698091976018,0.02459465500592728,514
2016-03-01,3,historical_mean,0.015480527899378723,0.07370531460851915,515
2016-03-01,3,ratio_only,-0.0004292832886336473,0.07370531460851915,515
2016-03-01,3,gold_own_history,0.00974158704690406,0.07370531460851915,515
2016-03-01,3,gold_plus_silver,0.0018309057539311752,0.07370531460851915,515
2016-04-01,3,historical_mean,0.01568934982287595,0.06076455698003702,516
2016-04-01,3,ratio_only,0.0025016474202701755,0.06076455698003702,516
2016-04-01,3,gold_own_history,0.013619366380393814,0.06076455698003702,516
2016-04-01,3,gold_plus_silver,0.0022435088041201368,0.06076455698003702,516
2016-05-01,3,historical_mean,0.015754909107916475,0.03919057042747198,517
2016-05-01,3,ratio_only,0.0032995890036827402,0.03919057042747198,517
2016-05-01,3,gold_own_history,0.012721366912951445,0.03919057042747198,517
2016-05-01,3,gold_plus_silver,0.004655754553536659,0.03919057042747198,517
2016-06-01,3,historical_mean,0.015771974254437732,-0.0537763967808047,518
2016-06-01,3,ratio_only,0.0038618548800103403,-0.0537763967808047,518
2016-06-01,3,gold_own_history,0.01560697898705844,-0.0537763967808047,518
2016-06-01,3,gold_plus_silver,0.007699233352973456,-0.0537763967808047,518
2016-07-01,3,historical_mean,0.015883599187682593,-0.07917243970041543,519
2016-07-01,3,ratio_only,0.008079621420051364,-0.07917243970041543,519
2016-07-01,3,gold_own_history,0.01957794660703413,-0.07917243970041543,519
2016-07-01,3,gold_plus_silver,0.007808484351956871,-0.07917243970041543,519
2016-08-01,3,historical_mean,0.015969908721898657,-0.13709030713853032,520
2016-08-01,3,ratio_only,0.007369667834751292,-0.13709030713853032,520
2016-08-01,3,gold_own_history,0.026502833207990597,-0.13709030713853032,520
2016-08-01,3,gold_plus_silver,0.02132654490174514,-0.13709030713853032,520
2016-09-01,3,historical_mean,0.016014478130162716,-0.061019332695843254,521
2016-09-01,3,ratio_only,0.007460766329873997,-0.061019332695843254,521
2016-09-01,3,gold_own_history,0.026682024367344258,-0.061019332695843254,521
2016-09-01,3,gold_plus_silver,0.020198652188629915,-0.061019332695843254,521
2016-10-01,3,historical_mean,0.0158807791360804,-0.0032362487792081396,522
2016-10-01,3,ratio_only,0.005477539313008567,-0.0032362487792081396,522
2016-10-01,3,gold_own_history,0.024516754430731806,-0.0032362487792081396,522
2016-10-01,3,gold_plus_silver,0.020130526285842276,-0.0032362487792081396,522
2016-11-01,3,historical_mean,0.01569903301975823,0.061996398990777024,523
2016-11-01,3,ratio_only,0.005470611170066864,0.061996398990777024,523
2016-11-01,3,gold_own_history,0.02513344468612419,0.061996398990777024,523
2016-11-01,3,gold_plus_silver,0.017238342270671794,0.061996398990777024,523
2016-12-01,3,historical_mean,0.015407450309532486,0.061019332695843254,524
2016-12-01,3,ratio_only,0.00539213151648768,0.061019332695843254,524
2016-12-01,3,gold_own_history,0.025407591514655888,0.061019332695843254,524
2016-12-01,3,gold_plus_silver,0.017362152933266872,0.061019332695843254,524
2017-01-01,3,historical_mean,0.015261875484760344,0.00967749488206504,525
2017-01-01,3,ratio_only,0.005205933751949082,0.00967749488206504,525
2017-01-01,3,gold_own_history,0.013224225156923657,0.00967749488206504,525
2017-01-01,3,gold_plus_silver,0.007190089705805536,0.00967749488206504,525
2017-02-01,3,historical_mean,0.01522670794813683,0.023284873761070024,526
2017-02-01,3,ratio_only,0.006116144251025579,0.023284873761070024,526
2017-02-01,3,gold_own_history,0.007786647537513415,0.023284873761070024,526
2017-02-01,3,gold_plus_silver,0.0016196441773011355,0.023284873761070024,526
2017-03-01,3,historical_mean,0.015315454989963471,-0.02396280792865113,527
2017-03-01,3,ratio_only,0.005696881579440455,-0.02396280792865113,527
2017-03-01,3,gold_own_history,0.009172508230826132,-0.02396280792865113,527
2017-03-01,3,gold_plus_silver,0.005130700289462761,-0.02396280792865113,527
2017-04-01,3,historical_mean,0.015402015364406423,0.029262665268237953,528
2017-04-01,3,ratio_only,0.005605595773241656,0.029262665268237953,528
2017-04-01,3,gold_own_history,0.007866159510994999,0.029262665268237953,528
2017-04-01,3,gold_plus_silver,0.003260166583802057,0.029262665268237953,528
2017-05-01,3,historical_mean,0.015391193964628843,0.041964199099031596,529
2017-05-01,3,ratio_only,0.0032683194380526692,0.041964199099031596,529
2017-05-01,3,gold_own_history,0.011074020828498943,0.041964199099031596,529
2017-05-01,3,gold_plus_silver,0.0081726534318486,0.041964199099031596,529
2017-06-01,3,historical_mean,0.015406087700093827,0.034170984521175285,530
2017-06-01,3,ratio_only,0.003350130559646447,0.034170984521175285,530
2017-06-01,3,gold_own_history,0.007348591334634205,0.034170984521175285,530
2017-06-01,3,gold_plus_silver,0.001075787716724605,0.034170984521175285,530
2017-07-01,3,historical_mean,0.01533194665371201,-0.0007797271350211687,531
2017-07-01,3,ratio_only,0.002290418140042688,-0.0007797271350211687,531
2017-07-01,3,gold_own_history,0.0054097031059903685,-0.0007797271350211687,531
2017-07-01,3,gold_plus_silver,0.0005484284363131697,-0.0007797271350211687,531
2017-08-01,3,historical_mean,0.01535813221501751,-0.03879462433775238,532
2017-08-01,3,ratio_only,0.0028398566901948197,-0.03879462433775238,532
2017-08-01,3,gold_own_history,0.001249615768615616,-0.03879462433775238,532
2017-08-01,3,gold_plus_silver,-0.0051902051039939,-0.03879462433775238,532
2017-09-01,3,historical_mean,0.015408049788908716,0.039070461481449215,533
2017-09-01,3,ratio_only,0.0029534621969508346,0.039070461481449215,533
2017-09-01,3,gold_own_history,0.005954893183092285,0.039070461481449215,533
2017-09-01,3,gold_plus_silver,-0.0003019528546708977,0.039070461481449215,533
2017-10-01,3,historical_mean,0.015443186370804347,0.03750918091449673,534
2017-10-01,3,ratio_only,0.0029455686532581238,0.03750918091449673,534
2017-10-01,3,gold_own_history,0.014405125551998963,0.03750918091449673,534
2017-10-01,3,gold_plus_silver,0.007199938945357476,0.03750918091449673,534
2017-11-01,3,historical_mean,0.015412863167989718,0.04713116371351944,535
2017-11-01,3,ratio_only,0.0031062193753988443,0.04713116371351944,535
2017-11-01,3,gold_own_history,0.01291672028771223,0.04713116371351944,535
2017-11-01,3,gold_plus_silver,0.005463677433183475,0.04713116371351944,535
2017-12-01,3,historical_mean,0.015311729795777516,0.0030007524392381413,536
2017-12-01,3,ratio_only,0.0015871924732910048,0.0030007524392381413,536
2017-12-01,3,gold_own_history,0.019691095620914548,0.0030007524392381413,536
2017-12-01,3,gold_plus_silver,0.012933933622867835,0.0030007524392381413,536
2018-01-01,3,historical_mean,0.015355973243981743,-0.02126124127026685,537
2018-01-01,3,ratio_only,0.00182066092718014,-0.02126124127026685,537
2018-01-01,3,gold_own_history,0.012950542745489322,-0.02126124127026685,537
2018-01-01,3,gold_plus_silver,0.004716095996297173,-0.02126124127026685,537
2018-02-01,3,historical_mean,0.01539715020991207,-0.03299110093970725,538
2018-02-01,3,ratio_only,0.0007710053769285907,-0.03299110093970725,538
2018-02-01,3,gold_own_history,0.01677160934631956,-0.03299110093970725,538
2018-02-01,3,gold_plus_silver,0.009638662905109008,-0.03299110093970725,538
2018-03-01,3,historical_mean,0.015456025930697984,-0.07543411758980856,539
2018-03-01,3,ratio_only,0.0008820004583047492,-0.07543411758980856,539
2018-03-01,3,gold_own_history,0.017251765605831717,-0.07543411758980856,539
2018-03-01,3,gold_plus_silver,0.008273860970865993,-0.07543411758980856,539
2018-04-01,3,historical_mean,0.015432960609417503,-0.0806824620296922,540
2018-04-01,3,ratio_only,0.0008276903488380893,-0.0806824620296922,540
2018-04-01,3,gold_own_history,0.013728458621581164,-0.0806824620296922,540
2018-04-01,3,gold_plus_silver,0.005179734111638301,-0.0806824620296922,540
2018-05-01,3,historical_mean,0.015365133988567809,-0.06776785880522063,541
2018-05-01,3,ratio_only,0.001454551466681886,-0.06776785880522063,541
2018-05-01,3,gold_own_history,0.017255314621367326,-0.06776785880522063,541
2018-05-01,3,gold_plus_silver,0.007360905117169567,-0.06776785880522063,541
2018-06-01,3,historical_mean,0.015275915842943685,-0.018753097469892843,542
2018-06-01,3,ratio_only,0.001961960214524522,-0.018753097469892843,542
2018-06-01,3,gold_own_history,0.013650954561146489,-0.018753097469892843,542
2018-06-01,3,gold_plus_silver,0.004705948860861592,-0.018753097469892843,542
2018-07-01,3,historical_mean,0.015108862374375082,0.015683359015551623,543
2018-07-01,3,ratio_only,0.00105778246952562,0.015683359015551623,543
2018-07-01,3,gold_own_history,0.014488377038883822,0.015683359015551623,543
2018-07-01,3,gold_plus_silver,0.0069509426883496706,0.015683359015551623,543
2018-08-01,3,historical_mean,0.014932775380985253,0.042490051620951874,544
2018-08-01,3,ratio_only,6.46293229511763e-05,0.042490051620951874,544
2018-08-01,3,gold_own_history,0.007744081719633677,0.042490051620951874,544
2018-08-01,3,gold_plus_silver,0.0007340475934093094,0.042490051620951874,544
2018-09-01,3,historical_mean,0.01478103109807478,0.061447328567898474,545
2018-09-01,3,ratio_only,-0.0020542807880444547,0.061447328567898474,545
2018-09-01,3,gold_own_history,0.0016855146685530887,0.061447328567898474,545
2018-09-01,3,gold_plus_silver,-0.0038516094306146192,0.061447328567898474,545
2018-10-01,3,historical_mean,0.01471961328018473,0.0779615414697119,546
2018-10-01,3,ratio_only,-0.0018617139664282023,0.0779615414697119,546
2018-10-01,3,gold_own_history,0.0029136018714277,0.0779615414697119,546
2018-10-01,3,gold_plus_silver,-0.006232675108763824,0.0779615414697119,546
2018-11-01,3,historical_mean,0.0147213751553865,0.03998964821615836,547
2018-11-01,3,ratio_only,-0.002570467185536579,0.03998964821615836,547
2018-11-01,3,gold_own_history,0.004412765729373894,0.03998964821615836,547
2018-11-01,3,gold_plus_silver,-0.0036668882363675714,0.03998964821615836,547
2018-12-01,3,historical_mean,0.01477204792265943,-0.004654779544982723,548
2018-12-01,3,ratio_only,-0.0022164658730475517,-0.004654779544982723,548
2018-12-01,3,gold_own_history,0.005379316217187134,-0.004654779544982723,548
2018-12-01,3,gold_plus_silver,-0.004274060208181621,-0.004654779544982723,548
2019-01-01,3,historical_mean,0.01485706664878919,-0.027651531330509904,549
2019-01-01,3,ratio_only,-0.001116729410649081,-0.027651531330509904,549
2019-01-01,3,gold_own_history,0.0026275843134689176,-0.027651531330509904,549
2019-01-01,3,gold_plus_silver,-0.0070263902626827995,-0.027651531330509904,549
2019-02-01,3,historical_mean,0.014971802057554504,0.043615935638638526,550
2019-02-01,3,ratio_only,-0.001102395078092011,0.043615935638638526,550
2019-02-01,3,gold_own_history,0.006229749622796706,0.043615935638638526,550
2019-02-01,3,gold_plus_silver,-0.0019561337473034124,0.043615935638638526,550
2019-03-01,3,historical_mean,0.015017206497043802,0.09417847788696321,551
2019-03-01,3,ratio_only,-0.0016067416905801435,0.09417847788696321,551
2019-03-01,3,gold_own_history,0.01009723405414638,0.09417847788696321,551
2019-03-01,3,gold_plus_silver,0.001762532948635681,0.09417847788696321,551
2019-04-01,3,historical_mean,0.014981568841170564,0.15548490284039485,552
2019-04-01,3,ratio_only,-0.001684912190787341,0.15548490284039485,552
2019-04-01,3,gold_own_history,0.008028166575125006,0.15548490284039485,552
2019-04-01,3,gold_plus_silver,-0.0011315869543123136,0.15548490284039485,552
2019-05-01,3,historical_mean,0.014904474627478558,0.1060225481215964,553
2019-05-01,3,ratio_only,-0.00282282518166449,0.1060225481215964,553
2019-05-01,3,gold_own_history,0.00864800698134785,0.1060225481215964,553
2019-05-01,3,gold_plus_silver,0.00032921764440542456,0.1060225481215964,553
2019-06-01,3,historical_mean,0.014956300369375957,0.05641110314025877,554
2019-06-01,3,ratio_only,-0.0040551049590505095,0.05641110314025877,554
2019-06-01,3,gold_own_history,0.007531000035221574,0.05641110314025877,554
2019-06-01,3,gold_plus_silver,-0.0007484215717980802,0.05641110314025877,554
2019-07-01,3,historical_mean,0.015099043031569809,-0.01952266648886347,555
2019-07-01,3,ratio_only,-0.003044010760315047,-0.01952266648886347,555
2019-07-01,3,gold_own_history,0.016426535925246004,-0.01952266648886347,555
2019-07-01,3,gold_plus_silver,0.004001598509739274,-0.01952266648886347,555
2019-08-01,3,historical_mean,0.015351535585182804,-0.021405499561939934,556
2019-08-01,3,ratio_only,-0.0012832132579460864,-0.021405499561939934,556
2019-08-01,3,gold_own_history,0.021640396098141702,-0.021405499561939934,556
2019-08-01,3,gold_plus_silver,0.008711804515584703,-0.021405499561939934,556
2019-09-01,3,historical_mean,0.015514320167833459,0.04320043469064583,557
2019-09-01,3,ratio_only,0.0010916051493336243,0.04320043469064583,557
2019-09-01,3,gold_own_history,0.02961669184707017,0.04320043469064583,557
2019-09-01,3,gold_plus_silver,0.015434320752094013,0.04320043469064583,557
2019-10-01,3,historical_mean,0.015587611893590491,0.08218442761357458,558
2019-10-01,3,ratio_only,0.0005478755691401271,0.08218442761357458,558
2019-10-01,3,gold_own_history,0.02986558576626229,0.08218442761357458,558
2019-10-01,3,gold_plus_silver,0.02053618945460574,0.08218442761357458,558
2019-11-01,3,historical_mean,0.015524802808827606,0.07362490369352859,559
2019-11-01,3,ratio_only,0.00020613549309642099,0.07362490369352859,559
2019-11-01,3,gold_own_history,0.02871299543691349,0.07362490369352859,559
2019-11-01,3,gold_plus_silver,0.018142388553082228,0.07362490369352859,559
2019-12-01,3,historical_mean,0.015458855840308379,0.07525127367537365,560
2019-12-01,3,ratio_only,-0.00031111839377878647,0.07525127367537365,560
2019-12-01,3,gold_own_history,0.024240865746373193,0.07525127367537365,560
2019-12-01,3,gold_plus_silver,0.014244041980082167,0.07525127367537365,560
2020-01-01,3,historical_mean,0.015508306069988122,0.07186913183289523,561
2020-01-01,3,ratio_only,-0.0002149747278990255,0.07186913183289523,561
2020-01-01,3,gold_own_history,0.01965527194702909,0.07186913183289523,561
2020-01-01,3,gold_plus_silver,0.00977437655284405,0.07186913183289523,561
2020-02-01,3,historical_mean,0.015626946855652867,0.08428572271805201,562
2020-02-01,3,ratio_only,-0.000846455445461719,0.08428572271805201,562
2020-02-01,3,gold_own_history,0.024016431362998733,0.08428572271805201,562
2020-02-01,3,gold_plus_silver,0.015103159707898842,0.08428572271805201,562
2020-03-01,3,historical_mean,0.015729962764778754,0.09298478600843385,563
2020-03-01,3,ratio_only,-0.006879258450727177,0.09298478600843385,563
2020-03-01,3,gold_own_history,0.02860216212685414,0.09298478600843385,563
2020-03-01,3,gold_plus_silver,0.026545934338585084,0.09298478600843385,563
2020-04-01,3,historical_mean,0.015835497003981937,0.13752979859121783,564
2020-04-01,3,ratio_only,-0.007880600089536949,0.13752979859121783,564
2020-04-01,3,gold_own_history,0.026641073139265056,0.13752979859121783,564
2020-04-01,3,gold_plus_silver,0.014534755186204368,0.13752979859121783,564
2020-05-01,3,historical_mean,0.01593467157890037,0.10408950040785747,565
2020-05-01,3,ratio_only,-0.0054427633315935475,0.10408950040785747,565
2020-05-01,3,gold_own_history,0.033502359240407134,0.10408950040785747,565
2020-05-01,3,gold_plus_silver,0.014986916484666421,0.10408950040785747,565
2020-06-01,3,historical_mean,0.016055433153351166,0.02829118495529226,566
2020-06-01,3,ratio_only,-0.002424304685245987,0.02829118495529226,566
2020-06-01,3,gold_own_history,0.030855679482639935,0.02829118495529226,566
2020-06-01,3,gold_plus_silver,0.013335261521258579,0.02829118495529226,566
2020-07-01,3,historical_mean,0.016191111024347785,-0.053728697231836264,567
2020-07-01,3,ratio_only,0.0011824119536514022,-0.053728697231836264,567
2020-07-01,3,gold_own_history,0.02586854154476315,-0.053728697231836264,567
2020-07-01,3,gold_plus_silver,0.009587780035085716,-0.053728697231836264,567
2020-08-01,3,historical_mean,0.01640473547428946,-0.033865670156454364,568
2020-08-01,3,ratio_only,0.008602460788159433,-0.033865670156454364,568
2020-08-01,3,gold_own_history,0.0267668318233254,-0.033865670156454364,568
2020-08-01,3,gold_plus_silver,0.004939076782118357,-0.033865670156454364,568
2020-09-01,3,historical_mean,0.016558838751852847,-0.017521021612809662,569
2020-09-01,3,ratio_only,0.008305538610000551,-0.017521021612809662,569
2020-09-01,3,gold_own_history,0.0357888249184034,-0.017521021612809662,569
2020-09-01,3,gold_plus_silver,0.031362977161102534,-0.017521021612809662,569
2020-10-01,3,historical_mean,0.016579421815367656,-0.031575840455167814,570
2020-10-01,3,ratio_only,0.006974621559370536,-0.031575840455167814,570
2020-10-01,3,gold_own_history,0.03403569392994106,-0.031575840455167814,570
2020-10-01,3,gold_plus_silver,0.031019719510820665,-0.031575840455167814,570
2020-11-01,3,historical_mean,0.016456290258367298,-0.07833981682958324,571
2020-11-01,3,ratio_only,0.007159826832198929,-0.07833981682958324,571
2020-11-01,3,gold_own_history,0.03460468749469851,-0.07833981682958324,571
2020-11-01,3,gold_plus_silver,0.026554322883908688,-0.07833981682958324,571
2020-12-01,3,historical_mean,0.01636831480309663,-0.05901905550952513,572
2020-12-01,3,ratio_only,0.008276377596667023,-0.05901905550952513,572
2020-12-01,3,gold_own_history,0.03176604167102062,-0.05901905550952513,572
2020-12-01,3,gold_plus_silver,0.022273071412327025,-0.05901905550952513,572
2021-01-01,3,historical_mean,0.01630917110952611,0.02296437712024879,573
2021-01-01,3,ratio_only,0.009132799868604435,0.02296437712024879,573
2021-01-01,3,gold_own_history,0.02601733430141861,0.02296437712024879,573
2021-01-01,3,gold_plus_silver,0.018466892554542744,0.02296437712024879,573
2021-02-01,3,historical_mean,0.016225747744430828,0.06588365794446993,574
2021-02-01,3,ratio_only,0.011621809193142763,0.06588365794446993,574
2021-02-01,3,gold_own_history,0.025941568312759358,0.06588365794446993,574
2021-02-01,3,gold_plus_silver,0.014961293706066955,0.06588365794446993,574
2021-03-01,3,historical_mean,0.01606128589299776,0.026907452919924246,575
2021-03-01,3,ratio_only,0.010998376839142288,0.026907452919924246,575
2021-03-01,3,gold_own_history,0.0238490137296259,0.026907452919924246,575
2021-03-01,3,gold_plus_silver,0.020747067519961554,0.026907452919924246,575
2021-04-01,3,historical_mean,0.015930938078062822,-0.03576722385863107,576
2021-04-01,3,ratio_only,0.010199431251806085,-0.03576722385863107,576
2021-04-01,3,gold_own_history,0.011324139953013394,-0.03576722385863107,576
2021-04-01,3,gold_plus_silver,0.01033758492954033,-0.03576722385863107,576
2021-05-01,3,historical_mean,0.015943127747113404,-0.0332440585791538,577
2021-05-01,3,ratio_only,0.010793193452410976,-0.0332440585791538,577
2021-05-01,3,gold_own_history,0.010665058321322475,-0.0332440585791538,577
2021-05-01,3,gold_plus_silver,0.006949144570220514,-0.0332440585791538,577
2021-06-01,3,historical_mean,0.016029530048492915,-0.017294712797470524,578
2021-06-01,3,ratio_only,0.01059047687116979,-0.017294712797470524,578
2021-06-01,3,gold_own_history,0.01663201356370364,-0.017294712797470524,578
2021-06-01,3,gold_plus_silver,0.014143604390979947,-0.017294712797470524,578
2021-07-01,3,historical_mean,0.016048317480049788,0.020516383606164368,579
2021-07-01,3,ratio_only,0.009548625701716384,0.020516383606164368,579
2021-07-01,3,gold_own_history,0.010693888576797875,0.020516383606164368,579
2021-07-01,3,gold_plus_silver,0.010277742341729235,0.020516383606164368,579
2021-08-01,3,historical_mean,0.015958980339810684,0.008415196925284363,580
2021-08-01,3,ratio_only,0.007698230075911167,0.008415196925284363,580
2021-08-01,3,gold_own_history,0.0037436062112118917,0.008415196925284363,580
2021-08-01,3,gold_plus_silver,0.004847415191681026,0.008415196925284363,580
2021-09-01,3,historical_mean,0.015874293525836563,0.02170973100658724,581
2021-09-01,3,ratio_only,0.006702408348179173,0.02170973100658724,581
2021-09-01,3,gold_own_history,0.00433238857570156,0.02170973100658724,581
2021-09-01,3,gold_plus_silver,0.0025954075871042204,0.02170973100658724,581
2021-10-01,3,historical_mean,0.01581730210603707,0.018488835526242475,582
2021-10-01,3,ratio_only,0.006867127851129001,0.018488835526242475,582
2021-10-01,3,gold_own_history,0.0044800527288924395,0.018488835526242475,582
2021-10-01,3,gold_plus_silver,-0.00012356117564817082,0.018488835526242475,582
2021-11-01,3,historical_mean,0.015825362280136774,0.08458758536767963,583
2021-11-01,3,ratio_only,0.007168093943154291,0.08458758536767963,583
2021-11-01,3,gold_own_history,0.0050868395405975824,0.08458758536767963,583
2021-11-01,3,gold_plus_silver,0.0006114192959306292,0.08458758536767963,583
2021-12-01,3,historical_mean,0.01581267364083052,0.06450410424575725,584
2021-12-01,3,ratio_only,0.005435757914339506,0.06450410424575725,584
2021-12-01,3,gold_own_history,0.009538012764053005,0.06450410424575725,584
2021-12-01,3,gold_plus_silver,0.008689375482940506,0.06450410424575725,584
2022-01-01,3,historical_mean,0.01582275408077198,-0.0037786819590213128,585
2022-01-01,3,ratio_only,0.005993979474209266,-0.0037786819590213128,585
2022-01-01,3,gold_own_history,0.006193358188201451,-0.0037786819590213128,585
2022-01-01,3,gold_plus_silver,0.00021738553338740418,-0.0037786819590213128,585
2022-02-01,3,historical_mean,0.015827303707812036,-0.05866939898735524,586
2022-02-01,3,ratio_only,0.00574987043279207,-0.05866939898735524,586
2022-02-01,3,gold_own_history,0.009899144174376755,-0.05866939898735524,586
2022-02-01,3,gold_plus_silver,0.005538473087342677,-0.05866939898735524,586
2022-03-01,3,historical_mean,0.015944442177419985,-0.1112863736913896,587
2022-03-01,3,ratio_only,0.0067794561256640795,-0.1112863736913896,587
2022-03-01,3,gold_own_history,0.015166975844216595,-0.1112863736913896,587
2022-03-01,3,gold_plus_silver,0.008065480711686071,-0.1112863736913896,587
2022-04-01,3,historical_mean,0.016027026636719878,-0.04649426201972773,588
2022-04-01,3,ratio_only,0.006158231914142637,-0.04649426201972773,588
2022-04-01,3,gold_own_history,0.01968316142187767,-0.04649426201972773,588
2022-04-01,3,gold_plus_silver,0.01577407006440419,-0.04649426201972773,588
2022-05-01,3,historical_mean,0.015993400645895193,-0.08874495180650932,589
2022-05-01,3,ratio_only,0.00410429592157735,-0.08874495180650932,589
2022-05-01,3,gold_own_history,0.016729249085571902,-0.08874495180650932,589
2022-05-01,3,gold_plus_silver,0.015104296095927866,-0.08874495180650932,589
2022-06-01,3,historical_mean,0.015866853527872735,-0.04062966833445181,590
2022-06-01,3,ratio_only,0.003639717661952896,-0.04062966833445181,590
2022-06-01,3,gold_own_history,0.011560718486716758,-0.04062966833445181,590
2022-06-01,3,gold_plus_silver,0.0055220529656101885,-0.04062966833445181,590
2022-07-01,3,historical_mean,0.01565170424323777,-0.022923639901937243,591
2022-07-01,3,ratio_only,0.0011740075565566666,-0.022923639901937243,591
2022-07-01,3,gold_own_history,0.014655502557088173,-0.022923639901937243,591
2022-07-01,3,gold_plus_silver,0.01149650109066494,-0.022923639901937243,591
2022-08-01,3,historical_mean,0.015546727948874654,0.06728608162294947,592
2022-08-01,3,ratio_only,0.0013676376515019406,0.06728608162294947,592
2022-08-01,3,gold_own_history,0.006886203552671444,0.06728608162294947,592
2022-08-01,3,gold_plus_silver,-0.001541359608305204,0.06728608162294947,592
2022-09-01,3,historical_mean,0.015370856650804865,0.13157635778871946,593
2022-09-01,3,ratio_only,0.0011990100334501042,0.13157635778871946,593
2022-09-01,3,gold_own_history,0.01180564966149521,0.13157635778871946,593
2022-09-01,3,gold_plus_silver,0.0028113457632234634,0.13157635778871946,593
2022-10-01,3,historical_mean,0.015276579672715208,0.07265764557607568,594
2022-10-01,3,ratio_only,0.0021962874010243993,0.07265764557607568,594
2022-10-01,3,gold_own_history,0.005709057021786483,0.07265764557607568,594
2022-10-01,3,gold_plus_silver,-0.0041606629733981215,0.07265764557607568,594
2022-11-01,3,historical_mean,0.015212377623009908,0.06199775440868738,595
2022-11-01,3,ratio_only,0.0035132542430411084,0.06199775440868738,595
2022-11-01,3,gold_own_history,0.000644208147488376,0.06199775440868738,595
2022-11-01,3,gold_plus_silver,-0.008154120627551414,0.06199775440868738,595
2022-12-01,3,historical_mean,0.015299749609586988,0.05234648037220868,596
2022-12-01,3,ratio_only,0.005817396227511651,0.05234648037220868,596
2022-12-01,3,gold_own_history,0.005173198903394888,0.05234648037220868,596
2022-12-01,3,gold_plus_silver,-0.004310821349942914,0.05234648037220868,596
2023-01-01,3,historical_mean,0.015494517797491735,0.07125446310300809,597
2023-01-01,3,ratio_only,0.005125247466110011,0.07125446310300809,597
2023-01-01,3,gold_own_history,0.006940968815567973,0.07125446310300809,597
2023-01-01,3,gold_plus_silver,0.004912032862706944,0.07125446310300809,597
2023-02-01,3,historical_mean,0.015590108312171641,0.015560479937187566,598
2023-02-01,3,ratio_only,0.003639880850969446,0.015560479937187566,598
2023-02-01,3,gold_own_history,0.013407187261266395,0.015560479937187566,598
2023-02-01,3,gold_plus_silver,0.010901285982311382,0.015560479937187566,598
2023-03-01,3,historical_mean,0.015667583514336107,-0.024805118918971303,599
2023-03-01,3,ratio_only,0.0030498871295148444,-0.024805118918971303,599
2023-03-01,3,gold_own_history,0.00502721284031165,-0.024805118918971303,599
2023-03-01,3,gold_plus_silver,0.001026286212408009,-0.024805118918971303,599
2023-04-01,3,historical_mean,0.01572871500909923,-0.03733494213684363,600
2023-04-01,3,ratio_only,0.005760700746782255,-0.03733494213684363,600
2023-04-01,3,gold_own_history,0.007642743622080877,-0.03733494213684363,600
2023-04-01,3,gold_plus_silver,-0.0032634583933468797,-0.03733494213684363,600
2023-05-01,3,historical_mean,0.01582110394103585,-0.013993490846634593,601
2023-05-01,3,ratio_only,0.005240797021670546,-0.013993490846634593,601
2023-05-01,3,gold_own_history,0.01750948215104207,-0.013993490846634593,601
2023-05-01,3,gold_plus_silver,0.013067963791259032,-0.013993490846634593,601
2023-06-01,3,historical_mean,0.0158206710107969,-0.01810238209230519,602
2023-06-01,3,ratio_only,0.004895725079940655,-0.01810238209230519,602
2023-06-01,3,gold_own_history,0.01858701036310128,-0.01810238209230519,602
2023-06-01,3,gold_plus_silver,0.012833104847871452,-0.01810238209230519,602
2023-07-01,3,historical_mean,0.01575329822484372,0.033310791837117826,603
2023-07-01,3,ratio_only,0.0058050912762895035,0.033310791837117826,603
2023-07-01,3,gold_own_history,0.020150687856510443,0.033310791837117826,603
2023-07-01,3,gold_plus_silver,0.011343791580073884,0.033310791837117826,603
2023-08-01,3,historical_mean,0.0156654037871588,0.05582372627782295,604
2023-08-01,3,ratio_only,0.0050138035623861765,0.05582372627782295,604
2023-08-01,3,gold_own_history,0.0197878670880143,0.05582372627782295,604
2023-08-01,3,gold_plus_silver,0.014683114327478528,0.05582372627782295,604
2023-09-01,3,historical_mean,0.015616380820821956,0.059764618077699616,605
2023-09-01,3,ratio_only,0.004598731180081944,0.059764618077699616,605
2023-09-01,3,gold_own_history,0.021800487375504156,0.059764618077699616,605
2023-09-01,3,gold_plus_silver,0.01551654676275864,0.059764618077699616,605
2023-10-01,3,historical_mean,0.015560739297863,0.019466549322928017,606
2023-10-01,3,ratio_only,0.003567862508724373,0.019466549322928017,606
2023-10-01,3,gold_own_history,0.022388058426193937,0.019466549322928017,606
2023-10-01,3,gold_plus_silver,0.016929715722670463,0.019466549322928017,606
2023-11-01,3,historical_mean,0.015589981559047932,0.06311846100945129,607
2023-11-01,3,ratio_only,0.004068771873996568,0.06311846100945129,607
2023-11-01,3,gold_own_history,0.017900678648578337,0.06311846100945129,607
2023-11-01,3,gold_plus_silver,0.010062337926698986,0.06311846100945129,607
2023-12-01,3,historical_mean,0.01565615548128276,0.13629306242725203,608
2023-12-01,3,ratio_only,0.004130669445035845,0.13629306242725203,608
2023-12-01,3,gold_own_history,0.01798907050738365,0.13629306242725203,608
2023-12-01,3,gold_plus_silver,0.011433176831109407,0.13629306242725203,608
2024-01-01,3,historical_mean,0.015728583170275236,0.15025921137232334,609
2024-01-01,3,ratio_only,0.002930328361572948,0.15025921137232334,609
2024-01-01,3,gold_own_history,0.0159838474998092,0.15025921137232334,609
2024-01-01,3,gold_plus_silver,0.012194033448039515,0.15025921137232334,609
2024-02-01,3,historical_mean,0.015734710983640238,0.0749681872605299,610
2024-02-01,3,ratio_only,0.0028940001073595456,0.0749681872605299,610
2024-02-01,3,gold_own_history,0.018652751034960814,0.0749681872605299,610
2024-02-01,3,gold_plus_silver,0.011133419078884918,0.0749681872605299,610
2024-03-01,3,historical_mean,0.015812262129345334,0.028337696551702152,611
2024-03-01,3,ratio_only,0.0034807736648290455,0.028337696551702152,611
2024-03-01,3,gold_own_history,0.012692571382754215,0.028337696551702152,611
2024-03-01,3,gold_plus_silver,0.005429898258475521,0.028337696551702152,611
2024-04-01,3,historical_mean,0.01600912618211969,0.04937738108195333,612
2024-04-01,3,ratio_only,0.005121353479209195,0.04937738108195333,612
2024-04-01,3,gold_own_history,0.014144932778715577,0.04937738108195333,612
2024-04-01,3,gold_plus_silver,0.005775920929145001,0.04937738108195333,612
2024-05-01,3,historical_mean,0.0162281312150564,0.10014487418727924,613
2024-05-01,3,ratio_only,0.00734530318785552,0.10014487418727924,613
2024-05-01,3,gold_own_history,0.024050877466072422,0.10014487418727924,613
2024-05-01,3,gold_plus_silver,0.013812876668183635,0.10014487418727924,613
2024-06-01,3,historical_mean,0.01632379905877867,0.11490613700842545,614
2024-06-01,3,ratio_only,0.008086043426910855,0.11490613700842545,614
2024-06-01,3,gold_own_history,0.02778733535721143,0.11490613700842545,614
2024-06-01,3,gold_plus_silver,0.020738318884155546,0.11490613700842545,614
2024-07-01,3,historical_mean,0.016343333851450093,0.07071877666700299,615
2024-07-01,3,ratio_only,0.0075180812058662505,0.07071877666700299,615
2024-07-01,3,gold_own_history,0.02484891069573538,0.07071877666700299,615
2024-07-01,3,gold_plus_silver,0.021401599258590566,0.07071877666700299,615
2024-08-01,3,historical_mean,0.01639696055149961,0.029509709791009975,616
2024-08-01,3,ratio_only,0.0056557085192659035,0.029509709791009975,616
2024-08-01,3,gold_own_history,0.028959770951880265,0.029509709791009975,616
2024-08-01,3,gold_plus_silver,0.028178344764432733,0.029509709791009975,616
2000-01-01,12,historical_mean,0.038747655042012365,-0.13543797089510434,312
2000-01-01,12,ratio_only,0.029761373005173453,-0.13543797089510434,312
2000-01-01,12,gold_own_history,0.02955955412632875,-0.13543797089510434,312
2000-01-01,12,gold_plus_silver,0.027796662002900097,-0.13543797089510434,312
2000-02-01,12,historical_mean,0.03876539499042951,-0.08383777864208763,313
2000-02-01,12,ratio_only,0.020556585743979672,-0.08383777864208763,313
2000-02-01,12,gold_own_history,0.056374066449339816,-0.08383777864208763,313
2000-02-01,12,gold_plus_silver,0.0418570975252861,-0.08383777864208763,313
2000-03-01,12,historical_mean,0.03864193831848547,-0.07410797215372167,314
2000-03-01,12,ratio_only,0.025235005156972634,-0.07410797215372167,314
2000-03-01,12,gold_own_history,0.010521567267509281,-0.07410797215372167,314
2000-03-01,12,gold_plus_silver,0.0035564253490252273,-0.07410797215372167,314
2000-04-01,12,historical_mean,0.03848543281755699,-0.010969031370573923,315
2000-04-01,12,ratio_only,0.028693576703533563,-0.010969031370573923,315
2000-04-01,12,gold_own_history,0.01964010952598432,-0.010969031370573923,315
2000-04-01,12,gold_plus_silver,0.016990588133497186,-0.010969031370573923,315
2000-05-01,12,historical_mean,0.038352156865442626,-0.057569851821477336,316
2000-05-01,12,ratio_only,0.028292461080558162,-0.057569851821477336,316
2000-05-01,12,gold_own_history,0.021662215283367287,-0.057569851821477336,316
2000-05-01,12,gold_plus_silver,0.01812032295728594,-0.057569851821477336,316
2000-06-01,12,historical_mean,0.03851972546680451,-0.050920090427257314,317
2000-06-01,12,ratio_only,0.021826059837901313,-0.050920090427257314,317
2000-06-01,12,gold_own_history,0.055739930876510614,-0.050920090427257314,317
2000-06-01,12,gold_plus_silver,0.0382153951080032,-0.050920090427257314,317
2000-07-01,12,historical_mean,0.038702775469923206,-0.0073260400920727164,318
2000-07-01,12,ratio_only,0.02439711145493717,-0.0073260400920727164,318
2000-07-01,12,gold_own_history,0.035816331839383334,-0.0073260400920727164,318
2000-07-01,12,gold_plus_silver,0.01991990522469944,-0.0073260400920727164,318
2000-08-01,12,historical_mean,0.03878224019099822,0.032318791255167234,319
2000-08-01,12,ratio_only,0.02589907730516572,0.032318791255167234,319
2000-08-01,12,gold_own_history,0.026459722441258122,0.032318791255167234,319
2000-08-01,12,gold_plus_silver,0.014466784711003489,0.032318791255167234,319
2000-09-01,12,historical_mean,0.03876541531665712,0.04702493864486268,320
2000-09-01,12,ratio_only,0.025848967159472602,0.04702493864486268,320
2000-09-01,12,gold_own_history,0.03404230798011623,0.04702493864486268,320
2000-09-01,12,gold_plus_silver,0.024688482204422324,0.04702493864486268,320
2000-10-01,12,historical_mean,0.03820424282912592,0.03690455693545047,321
2000-10-01,12,ratio_only,0.024283960758224143,0.03690455693545047,321
2000-10-01,12,gold_own_history,0.007075164270500513,0.03690455693545047,321
2000-10-01,12,gold_plus_silver,0.01144260466724567,0.03690455693545047,321
2000-11-01,12,historical_mean,0.03778535915501258,0.018282044837448552,322
2000-11-01,12,ratio_only,0.02286060114628774,0.018282044837448552,322
2000-11-01,12,gold_own_history,0.011932514061172381,0.018282044837448552,322
2000-11-01,12,gold_plus_silver,0.011556191321837828,0.018282044837448552,322
2000-12-01,12,historical_mean,0.03753423396641026,0.06217724495189181,323
2000-12-01,12,ratio_only,0.015839740782112255,0.06217724495189181,323
2000-12-01,12,gold_own_history,0.029892544347146794,0.06217724495189181,323
2000-12-01,12,gold_plus_silver,0.017827757494415564,0.06217724495189181,323
2001-01-01,12,historical_mean,0.03720467024375164,0.12201495056296352,324
2001-01-01,12,ratio_only,0.022968412919040282,0.12201495056296352,324
2001-01-01,12,gold_own_history,0.012152584525885846,0.12201495056296352,324
2001-01-01,12,gold_plus_silver,0.011724968048209217,0.12201495056296352,324
2001-02-01,12,historical_mean,0.03667346211717054,0.1114257351609167,325
2001-02-01,12,ratio_only,0.020730196117703326,0.1114257351609167,325
2001-02-01,12,gold_own_history,0.007301632996330201,0.1114257351609167,325
2001-02-01,12,gold_plus_silver,0.009155704519174912,0.1114257351609167,325
2001-03-01,12,historical_mean,0.03630379573447343,0.1530511744938412,326
2001-03-01,12,ratio_only,0.012186939426698573,0.1530511744938412,326
2001-03-01,12,gold_own_history,0.018423227432049112,0.1530511744938412,326
2001-03-01,12,gold_plus_silver,0.007147623473409581,0.1530511744938412,326
2001-04-01,12,historical_mean,0.03596614506814867,0.14359091961225534,327
2001-04-01,12,ratio_only,0.013819425373233885,0.14359091961225534,327
2001-04-01,12,gold_own_history,0.014109070686353333,0.14359091961225534,327
2001-04-01,12,gold_plus_silver,0.006061620585935734,0.14359091961225534,327
2001-05-01,12,historical_mean,0.035823050018030614,0.17301916413164076,328
2001-05-01,12,ratio_only,0.006017363875354453,0.17301916413164076,328
2001-05-01,12,gold_own_history,0.04139823344877457,0.17301916413164076,328
2001-05-01,12,gold_plus_silver,0.019251872053615005,0.17301916413164076,328
2001-06-01,12,historical_mean,0.03553918101547892,0.15521621002929642,329
2001-06-01,12,ratio_only,0.007002548129626085,0.15521621002929642,329
2001-06-01,12,gold_own_history,0.01720045152476142,0.15521621002929642,329
2001-06-01,12,gold_plus_silver,0.0019092823662134606,0.15521621002929642,329
2001-07-01,12,historical_mean,0.0352771832232282,0.13077023118319442,330
2001-07-01,12,ratio_only,0.004113831644022348,0.13077023118319442,330
2001-07-01,12,gold_own_history,0.017718309157636482,0.13077023118319442,330
2001-07-01,12,gold_plus_silver,-0.0013387733350154196,0.13077023118319442,330
2001-08-01,12,historical_mean,0.03514847257877111,0.11974420514160666,331
2001-08-01,12,ratio_only,-0.002522033931393719,0.11974420514160666,331
2001-08-01,12,gold_own_history,0.03066700179973437,0.11974420514160666,331
2001-08-01,12,gold_plus_silver,0.0013134647577923708,0.11974420514160666,331
2001-09-01,12,historical_mean,0.03513994944225422,0.1134548762340426,332
2001-09-01,12,ratio_only,-0.0013164832654375402,0.1134548762340426,332
2001-09-01,12,gold_own_history,0.04414787345425908,0.1134548762340426,332
2001-09-01,12,gold_plus_silver,0.014323460912157637,0.1134548762340426,332
2001-10-01,12,historical_mean,0.035175640100520315,0.14479023706769478,333
2001-10-01,12,ratio_only,-0.0012346402897664976,0.14479023706769478,333
2001-10-01,12,gold_own_history,0.0323526730708633,0.14479023706769478,333
2001-10-01,12,gold_plus_silver,0.0009656383095242305,0.14479023706769478,333
2001-11-01,12,historical_mean,0.03518081649822968,0.18473410319933858,334
2001-11-01,12,ratio_only,-0.008952597603695711,0.18473410319933858,334
2001-11-01,12,gold_own_history,0.02257550536548163,0.18473410319933858,334
2001-11-01,12,gold_plus_silver,-0.016711959528542875,0.18473410319933858,334
2001-12-01,12,historical_mean,0.03513037240371989,0.2358287108415249,335
2001-12-01,12,ratio_only,0.003078938445210122,0.2358287108415249,335
2001-12-01,12,gold_own_history,0.028935508953313212,0.2358287108415249,335
2001-12-01,12,gold_plus_silver,0.0065162613794764734,0.2358287108415249,335
2002-01-01,12,historical_mean,0.035210869048208505,0.1929629341642185,336
2002-01-01,12,ratio_only,0.0034122881011553474,0.1929629341642185,336
2002-01-01,12,gold_own_history,0.04187634227376666,0.1929629341642185,336
2002-01-01,12,gold_plus_silver,0.013261843209329882,0.1929629341642185,336
2002-02-01,12,historical_mean,0.03546844792510689,0.14830270994483552,337
2002-02-01,12,ratio_only,-0.008326616307338885,0.14830270994483552,337
2002-02-01,12,gold_own_history,0.05876372854439713,0.14830270994483552,337
2002-02-01,12,gold_plus_silver,0.011416755772243548,0.14830270994483552,337
2002-03-01,12,historical_mean,0.03569317362698798,0.07928080287477535,338
2002-03-01,12,ratio_only,-0.003036897588006182,0.07928080287477535,338
2002-03-01,12,gold_own_history,0.03875551682657097,0.07928080287477535,338
2002-03-01,12,gold_plus_silver,0.0007635925863371806,0.07928080287477535,338
2002-04-01,12,historical_mean,0.03603936242010554,0.12553774494377734,339
2002-04-01,12,ratio_only,-0.003910980203096659,0.12553774494377734,339
2002-04-01,12,gold_own_history,0.056861265545307835,0.12553774494377734,339
2002-04-01,12,gold_plus_silver,0.01276899381494645,0.12553774494377734,339
2002-05-01,12,historical_mean,0.03635569052949421,0.10348960772201465,340
2002-05-01,12,ratio_only,-0.00584319423141233,0.10348960772201465,340
2002-05-01,12,gold_own_history,0.05791867018130735,0.10348960772201465,340
2002-05-01,12,gold_plus_silver,0.01235050183230546,0.10348960772201465,340
2002-06-01,12,historical_mean,0.03675646317935388,0.11458303292571248,341
2002-06-01,12,ratio_only,-0.001895274794073809,0.11458303292571248,341
2002-06-01,12,gold_own_history,0.057150027421687004,0.11458303292571248,341
2002-06-01,12,gold_plus_silver,0.013330455626443305,0.11458303292571248,341
2002-07-01,12,historical_mean,0.03710283670815488,0.14953173397096364,342
2002-07-01,12,ratio_only,0.002892449951899856,0.14953173397096364,342
2002-07-01,12,gold_own_history,0.038730345902635355,0.14953173397096364,342
2002-07-01,12,gold_plus_silver,0.0003491835499856988,0.14953173397096364,342
2002-08-01,12,historical_mean,0.03737591949088094,0.17234510229758193,343
2002-08-01,12,ratio_only,-0.00930937952136024,0.17234510229758193,343
2002-08-01,12,gold_own_history,0.041610236872417335,0.17234510229758193,343
2002-08-01,12,gold_plus_silver,-0.00897613757712068,0.17234510229758193,343
2002-09-01,12,historical_mean,0.03761536218172608,0.178634431205146,344
2002-09-01,12,ratio_only,-0.009919499389493103,0.178634431205146,344
2002-09-01,12,gold_own_history,0.054010423599801266,0.178634431205146,344
2002-09-01,12,gold_plus_silver,0.005947705858253216,0.178634431205146,344
2002-10-01,12,historical_mean,0.03783518686013859,0.20095563633884783,345
2002-10-01,12,ratio_only,-0.01581305436544933,0.20095563633884783,345
2002-10-01,12,gold_own_history,0.04109357026677568,0.20095563633884783,345
2002-10-01,12,gold_plus_silver,-0.012999031758825663,0.20095563633884783,345
2002-11-01,12,historical_mean,0.03814430550235696,0.2036782165261064,346
2002-11-01,12,ratio_only,-0.012513734871602455,0.2036782165261064,346
2002-11-01,12,gold_own_history,0.04955977321287894,0.2036782165261064,346
2002-11-01,12,gold_plus_silver,-0.0027756729697495652,0.2036782165261064,346
2002-12-01,12,historical_mean,0.03856675448707449,0.14813019204567546,347
2002-12-01,12,ratio_only,-0.014619329653039248,0.14813019204567546,347
2002-12-01,12,gold_own_history,0.0665206853206458,0.14813019204567546,347
2002-12-01,12,gold_plus_silver,0.008051071502170104,0.14813019204567546,347
2003-01-01,12,historical_mean,0.039133599189242446,0.12056467861826015,348
2003-01-01,12,ratio_only,-0.01860674533881379,0.12056467861826015,348
2003-01-01,12,gold_own_history,0.08447784641256097,0.12056467861826015,348
2003-01-01,12,gold_plus_silver,0.01735538122436764,0.12056467861826015,348
2003-02-01,12,historical_mean,0.0395743709226951,0.17693070815907763,349
2003-02-01,12,ratio_only,-0.022181143694442795,0.17693070815907763,349
2003-02-01,12,gold_own_history,0.056398645232949254,0.17693070815907763,349
2003-02-01,12,gold_plus_silver,-0.010790707203510053,0.17693070815907763,349
2003-03-01,12,historical_mean,0.039885023319901215,0.20592295356253842,350
2003-03-01,12,ratio_only,-0.020156537046452483,0.20592295356253842,350
2003-03-01,12,gold_own_history,0.031079988093912388,0.20592295356253842,350
2003-03-01,12,gold_plus_silver,-0.030044992943323634,0.20592295356253842,350
2003-04-01,12,historical_mean,0.03999726200809174,0.07571182173569646,351
2003-04-01,12,ratio_only,-0.013508304879157107,0.07571182173569646,351
2003-04-01,12,gold_own_history,0.027617152967560808,0.07571182173569646,351
2003-04-01,12,gold_plus_silver,-0.02084253869144903,0.07571182173569646,351
2003-05-01,12,historical_mean,0.040240274743704486,0.09633110893843178,352
2003-05-01,12,ratio_only,-0.01917054951213626,0.09633110893843178,352
2003-05-01,12,gold_own_history,0.07630591655125366,0.09633110893843178,352
2003-05-01,12,gold_plus_silver,0.01735963024504117,0.09633110893843178,352
2003-06-01,12,historical_mean,0.04041945132437959,0.12566578181857224,353
2003-06-01,12,ratio_only,-0.025687468409793635,0.12566578181857224,353
2003-06-01,12,gold_own_history,0.044585882616584235,0.12566578181857224,353
2003-06-01,12,gold_plus_silver,-0.019141924186884762,0.12566578181857224,353
2003-07-01,12,historical_mean,0.040628952967321205,0.10785739585641352,354
2003-07-01,12,ratio_only,-0.012536232191141972,0.10785739585641352,354
2003-07-01,12,gold_own_history,0.04098183620618967,0.10785739585641352,354
2003-07-01,12,gold_plus_silver,-0.008209355038741428,0.10785739585641352,354
2003-08-01,12,historical_mean,0.04093572136451456,0.06635086202411244,355
2003-08-01,12,ratio_only,-0.009467713370649333,0.06635086202411244,355
2003-08-01,12,gold_own_history,0.059535540200623724,0.06635086202411244,355
2003-08-01,12,gold_plus_silver,0.00852430548391081,0.06635086202411244,355
2003-09-01,12,historical_mean,0.04130484883904565,0.10271850619498757,356
2003-09-01,12,ratio_only,-0.010600177836144975,0.10271850619498757,356
2003-09-01,12,gold_own_history,0.07177627259577923,0.10271850619498757,356
2003-09-01,12,gold_plus_silver,0.017104502604255556,0.10271850619498757,356
2003-10-01,12,historical_mean,0.04168952554035125,0.1183526739514793,357
2003-10-01,12,ratio_only,-0.0159345473597432,0.1183526739514793,357
2003-10-01,12,gold_own_history,0.05482970353861841,0.1183526739514793,357
2003-10-01,12,gold_plus_silver,-0.006196103266383535,0.1183526739514793,357
2003-11-01,12,historical_mean,0.042134402944816324,0.08249669663510328,358
2003-11-01,12,ratio_only,-0.013184346719928963,0.08249669663510328,358
2003-11-01,12,gold_own_history,0.06806589763318356,0.08249669663510328,358
2003-11-01,12,gold_plus_silver,0.009213163822925585,0.08249669663510328,358
2003-12-01,12,historical_mean,0.04258438571245223,0.02386748140664352,359
2003-12-01,12,ratio_only,-0.007265808651887085,0.02386748140664352,359
2003-12-01,12,gold_own_history,0.07379798228963219,0.02386748140664352,359
2003-12-01,12,gold_plus_silver,0.020586242429238677,0.02386748140664352,359
2004-01-01,12,historical_mean,0.0428775685078223,0.04348511193973881,360
2004-01-01,12,ratio_only,0.009013644326736237,0.04348511193973881,360
2004-01-01,12,gold_own_history,0.05840551472700212,0.04348511193973881,360
2004-01-01,12,gold_plus_silver,0.025037750143425908,0.04348511193973881,360
2004-02-01,12,historical_mean,0.04309276825882074,0.06423134865781055,361
2004-02-01,12,ratio_only,0.015360426252024051,0.06423134865781055,361
2004-02-01,12,gold_own_history,0.041390406042769196,0.06423134865781055,361
2004-02-01,12,gold_plus_silver,0.013369069271249256,0.06423134865781055,361
2004-03-01,12,historical_mean,0.04346248632484355,0.0625203569813344,362
2004-03-01,12,ratio_only,0.033270064335414684,0.0625203569813344,362
2004-03-01,12,gold_own_history,0.0581494068554414,0.0625203569813344,362
2004-03-01,12,gold_plus_silver,0.04329120109944462,0.0625203569813344,362
2004-04-01,12,historical_mean,0.04391003582136612,0.09436276144828515,363
2004-04-01,12,ratio_only,0.03336002789096382,0.09436276144828515,363
2004-04-01,12,gold_own_history,0.05739450656053505,0.09436276144828515,363
2004-04-01,12,gold_plus_silver,0.037852221241124195,0.09436276144828515,363
2004-05-01,12,historical_mean,0.04399740336508681,0.0948462503132852,364
2004-05-01,12,ratio_only,0.013157272426799982,0.0948462503132852,364
2004-05-01,12,gold_own_history,0.0284904758315756,0.0948462503132852,364
2004-05-01,12,gold_plus_silver,-0.003332131109555325,0.0948462503132852,364
2004-06-01,12,historical_mean,0.04414078338035625,0.06328144994752005,365
2004-06-01,12,ratio_only,0.010543077244720478,0.06328144994752005,365
2004-06-01,12,gold_own_history,0.054347741207546034,0.06328144994752005,365
2004-06-01,12,gold_plus_silver,0.022575467229002277,0.06328144994752005,365
2004-07-01,12,historical_mean,0.04436352927772843,0.08825748306987702,366
2004-07-01,12,ratio_only,0.01862953077793017,0.08825748306987702,366
2004-07-01,12,gold_own_history,0.056362607461516306,0.08825748306987702,366
2004-07-01,12,gold_plus_silver,0.031180194628860014,0.08825748306987702,366
2004-08-01,12,historical_mean,0.044536537088569535,0.11860574240784771,367
2004-08-01,12,ratio_only,0.02699380654301009,0.11860574240784771,367
2004-08-01,12,gold_own_history,0.05173936363926858,0.11860574240784771,367
2004-08-01,12,gold_plus_silver,0.03528848761052095,0.11860574240784771,367
2004-09-01,12,historical_mean,0.04459581514545961,0.11247798342669046,368
2004-09-01,12,ratio_only,0.019065417117159478,0.11247798342669046,368
2004-09-01,12,gold_own_history,0.04739683228093537,0.11247798342669046,368
2004-09-01,12,gold_plus_silver,0.023429710601100884,0.11247798342669046,368
2004-10-01,12,historical_mean,0.044753329213344496,0.08301707781317003,369
2004-10-01,12,ratio_only,0.02929092621570184,0.08301707781317003,369
2004-10-01,12,gold_own_history,0.06092532254729821,0.08301707781317003,369
2004-10-01,12,gold_plus_silver,0.04733383903026955,0.08301707781317003,369
2004-11-01,12,historical_mean,0.044952246361285406,0.14310084364067333,370
2004-11-01,12,ratio_only,0.03125479461182801,0.14310084364067333,370
2004-11-01,12,gold_own_history,0.06567408172927654,0.14310084364067333,370
2004-11-01,12,gold_plus_silver,0.050801773280020446,0.14310084364067333,370
2004-12-01,12,historical_mean,0.04505344434046011,0.2601848229945585,371
2004-12-01,12,ratio_only,0.022663062888941488,0.2601848229945585,371
2004-12-01,12,gold_own_history,0.048642240433467994,0.2601848229945585,371
2004-12-01,12,gold_plus_silver,0.026369379738372056,0.2601848229945585,371
2005-01-01,12,historical_mean,0.044996492827197164,0.27159593470015686,372
2005-01-01,12,ratio_only,0.01821992752063961,0.27159593470015686,372
2005-01-01,12,gold_own_history,0.024974991722688574,0.27159593470015686,372
2005-01-01,12,gold_plus_silver,0.0033343951837110364,0.27159593470015686,372
2005-02-01,12,historical_mean,0.04499244086771336,0.24952070582687913,373
2005-02-01,12,ratio_only,0.027126320204958643,0.24952070582687913,373
2005-02-01,12,gold_own_history,0.040513844991446515,0.24952070582687913,373
2005-02-01,12,gold_plus_silver,0.028369525309713706,0.24952070582687913,373
2005-03-01,12,historical_mean,0.04504388179763341,0.35364004024357865,374
2005-03-01,12,ratio_only,0.027621320039658115,0.35364004024357865,374
2005-03-01,12,gold_own_history,0.052528138004381386,0.35364004024357865,374
2005-03-01,12,gold_plus_silver,0.037795193962798235,0.35364004024357865,374
2005-04-01,12,historical_mean,0.04509048573145662,0.4697073768365181,375
2005-04-01,12,ratio_only,0.027348646142171473,0.4697073768365181,375
2005-04-01,12,gold_own_history,0.039873978001645057,0.4697073768365181,375
2005-04-01,12,gold_plus_silver,0.024570893100214986,0.4697073768365181,375
2005-05-01,12,historical_mean,0.04522152901793754,0.3241325769616026,376
2005-05-01,12,ratio_only,0.027837554793170738,0.3241325769616026,376
2005-05-01,12,gold_own_history,0.04235461777600712,0.3241325769616026,376
2005-05-01,12,gold_plus_silver,0.025491670831459978,0.3241325769616026,376
2005-06-01,12,historical_mean,0.04535315957840265,0.402315499205268,377
2005-06-01,12,ratio_only,0.031072677124232673,0.402315499205268,377
2005-06-01,12,gold_own_history,0.055040469566546006,0.402315499205268,377
2005-06-01,12,gold_plus_silver,0.041466777446116876,0.402315499205268,377
2005-07-01,12,historical_mean,0.04540058891800349,0.3682515117677294,378
2005-07-01,12,ratio_only,0.027562009305253654,0.3682515117677294,378
2005-07-01,12,gold_own_history,0.03876900145197976,0.3682515117677294,378
2005-07-01,12,gold_plus_silver,0.02281124091211395,0.3682515117677294,378
2005-08-01,12,historical_mean,0.045513667794393656,0.2710979444362449,379
2005-08-01,12,ratio_only,0.023124423132663496,0.2710979444362449,379
2005-08-01,12,gold_own_history,0.05807157221318881,0.2710979444362449,379
2005-08-01,12,gold_plus_silver,0.03675969429135162,0.2710979444362449,379
2005-09-01,12,historical_mean,0.045706015359165915,0.22058709487290784,380
2005-09-01,12,ratio_only,0.021663998026782427,0.22058709487290784,380
2005-09-01,12,gold_own_history,0.06462714830363378,0.22058709487290784,380
2005-09-01,12,gold_plus_silver,0.04058215736405557,0.22058709487290784,380
2005-10-01,12,historical_mean,0.045881269868529494,0.27502367557985696,381
2005-10-01,12,ratio_only,0.027207779236251728,0.27502367557985696,381
2005-10-01,12,gold_own_history,0.06073096288376385,0.27502367557985696,381
2005-10-01,12,gold_plus_silver,0.042961177979488174,0.27502367557985696,381
2005-11-01,12,historical_mean,0.04597848402545263,0.2113090936672073,382
2005-11-01,12,ratio_only,0.02890074626070671,0.2113090936672073,382
2005-11-01,12,gold_own_history,0.051996590880686804,0.2113090936672073,382
2005-11-01,12,gold_plus_silver,0.036651850184950485,0.2113090936672073,382
2005-12-01,12,historical_mean,0.046232067209826574,0.13738758431469655,383
2005-12-01,12,ratio_only,0.03176928663687428,0.13738758431469655,383
2005-12-01,12,gold_own_history,0.07713165519042668,0.13738758431469655,383
2005-12-01,12,gold_plus_silver,0.060786104453770695,0.13738758431469655,383
2006-01-01,12,historical_mean,0.04678923584468264,0.1808189269094198,384
2006-01-01,12,ratio_only,0.02977028616759425,0.1808189269094198,384
2006-01-01,12,gold_own_history,0.09530020689806853,0.1808189269094198,384
2006-01-01,12,gold_plus_silver,0.06871839428797544,0.1808189269094198,384
2006-02-01,12,historical_mean,0.04737314934820336,0.16206999570796743,385
2006-02-01,12,ratio_only,0.03530172387310193,0.16206999570796743,385
2006-02-01,12,gold_own_history,0.07532786362197517,0.16206999570796743,385
2006-02-01,12,gold_plus_silver,0.05269264872749152,0.16206999570796743,385
2006-03-01,12,historical_mean,0.04789684768104967,0.10552416838710066,386
2006-03-01,12,ratio_only,0.04807348763111119,0.10552416838710066,386
2006-03-01,12,gold_own_history,0.07131304663219358,0.10552416838710066,386
2006-03-01,12,gold_plus_silver,0.06216763177223328,0.10552416838710066,386
2006-04-01,12,historical_mean,0.04868688177035853,-0.011922644956906758,387
2006-04-01,12,ratio_only,0.06272764719135138,-0.011922644956906758,387
2006-04-01,12,gold_own_history,0.11413383438058886,-0.011922644956906758,387
2006-04-01,12,gold_plus_silver,0.1111956618853096,-0.011922644956906758,387
2006-05-01,12,historical_mean,0.04977198613908574,0.09592012187873866,388
2006-05-01,12,ratio_only,0.05849373973026084,0.09592012187873866,388
2006-05-01,12,gold_own_history,0.13170705132203114,0.09592012187873866,388
2006-05-01,12,gold_plus_silver,0.1137070505132522,0.09592012187873866,388
2006-06-01,12,historical_mean,0.05047728328772975,0.04773808621862852,389
2006-06-01,12,ratio_only,0.04666327244171109,0.04773808621862852,389
2006-06-01,12,gold_own_history,0.043804607659262515,0.04773808621862852,389
2006-06-01,12,gold_plus_silver,0.02157034798556895,0.04773808621862852,389
2006-07-01,12,historical_mean,0.05137943255931317,0.049316618511678456,390
2006-07-01,12,ratio_only,0.044141642512168344,0.049316618511678456,390
2006-07-01,12,gold_own_history,0.11295317558219842,0.049316618511678456,390
2006-07-01,12,gold_plus_silver,0.08608503351986091,0.049316618511678456,390
2006-08-01,12,historical_mean,0.052189847084142885,0.17589066646366458,391
2006-08-01,12,ratio_only,0.056869601456645436,0.17589066646366458,391
2006-08-01,12,gold_own_history,0.089646129555707,0.17589066646366458,391
2006-08-01,12,gold_plus_silver,0.07818326284345822,0.17589066646366458,391
2006-09-01,12,historical_mean,0.05274828610800029,0.2533979596720126,392
2006-09-01,12,ratio_only,0.059485958153541185,0.2533979596720126,392
2006-09-01,12,gold_own_history,0.060209739290473796,0.2533979596720126,392
2006-09-01,12,gold_plus_silver,0.05357795548469585,0.2533979596720126,392
2006-10-01,12,historical_mean,0.05317535686821634,0.24954357603842947,393
2006-10-01,12,ratio_only,0.06150914240914418,0.24954357603842947,393
2006-10-01,12,gold_own_history,0.06548551419222182,0.24954357603842947,393
2006-10-01,12,gold_plus_silver,0.06324740692252345,0.24954357603842947,393
2006-11-01,12,historical_mean,0.05373842366697684,0.24263489456118315,394
2006-11-01,12,ratio_only,0.0670297337843897,0.24263489456118315,394
2006-11-01,12,gold_own_history,0.10188912563846529,0.24263489456118315,394
2006-11-01,12,gold_plus_silver,0.10202514389254974,0.24263489456118315,394
2006-12-01,12,historical_mean,0.054137336755585026,0.3439156001849728,395
2006-12-01,12,ratio_only,0.0710778267550104,0.3439156001849728,395
2006-12-01,12,gold_own_history,0.0726955901804093,0.3439156001849728,395
2006-12-01,12,gold_plus_silver,0.07890244824743575,0.3439156001849728,395
2007-01-01,12,historical_mean,0.054347564653461564,0.32675818290073977,396
2007-01-01,12,ratio_only,0.06597942049150629,0.32675818290073977,396
2007-01-01,12,gold_own_history,0.06281554286279269,0.32675818290073977,396
2007-01-01,12,gold_plus_silver,0.0667223516451721,0.32675818290073977,396
2007-02-01,12,historical_mean,0.05466613231657481,0.39059685164132496,397
2007-02-01,12,ratio_only,0.07029004202037825,0.39059685164132496,397
2007-02-01,12,gold_own_history,0.08555163477418269,0.39059685164132496,397
2007-02-01,12,gold_plus_silver,0.09291736127981759,0.39059685164132496,397
2007-03-01,12,historical_mean,0.054935991269819524,0.2928234719521994,398
2007-03-01,12,ratio_only,0.06571733216505082,0.2928234719521994,398
2007-03-01,12,gold_own_history,0.0609134505069357,0.2928234719521994,398
2007-03-01,12,gold_plus_silver,0.06275011723694429,0.2928234719521994,398
2007-04-01,12,historical_mean,0.055062778681141025,0.2873071895982813,399
2007-04-01,12,ratio_only,0.06600124346970482,0.2873071895982813,399
2007-04-01,12,gold_own_history,0.07064690916412464,0.2873071895982813,399
2007-04-01,12,gold_plus_silver,0.07745881083479955,0.2873071895982813,399
2007-05-01,12,historical_mean,0.05489531512204591,0.303936446569816,400
2007-05-01,12,ratio_only,0.062212624775655145,0.303936446569816,400
2007-05-01,12,gold_own_history,0.0375498065743249,0.303936446569816,400
2007-05-01,12,gold_plus_silver,0.046915351025775265,0.303936446569816,400
2007-06-01,12,historical_mean,0.05499762137330947,0.3460928346081955,401
2007-06-01,12,ratio_only,0.0645004191128099,0.3460928346081955,401
2007-06-01,12,gold_own_history,0.051745104748692955,0.3460928346081955,401
2007-06-01,12,gold_plus_silver,0.058075519266857445,0.3460928346081955,401
2007-07-01,12,historical_mean,0.05497956282814858,0.23242366581135165,402
2007-07-01,12,ratio_only,0.060644209663946014,0.23242366581135165,402
2007-07-01,12,gold_own_history,0.055250740119813145,0.23242366581135165,402
2007-07-01,12,gold_plus_silver,0.06016071522933519,0.23242366581135165,402
2007-08-01,12,historical_mean,0.05496551085713997,0.15194428037634733,403
2007-08-01,12,ratio_only,0.05433171658231828,0.15194428037634733,403
2007-08-01,12,gold_own_history,0.050955990504801395,0.15194428037634733,403
2007-08-01,12,gold_plus_silver,0.05005807385586747,0.15194428037634733,403
2007-09-01,12,historical_mean,0.05526483054923534,0.06660591902092428,404
2007-09-01,12,ratio_only,0.050658437220940544,0.06660591902092428,404
2007-09-01,12,gold_own_history,0.08938227603549612,0.06660591902092428,404
2007-09-01,12,gold_plus_silver,0.07894488408274397,0.06660591902092428,404
2007-10-01,12,historical_mean,0.05575404815200762,-0.0574503846449419,405
2007-10-01,12,ratio_only,0.052547594223056326,-0.0574503846449419,405
2007-10-01,12,gold_own_history,0.09563886303462298,-0.0574503846449419,405
2007-10-01,12,gold_plus_silver,0.08350940173812305,-0.0574503846449419,405
2007-11-01,12,historical_mean,0.05623136226010226,0.01605964101734525,406
2007-11-01,12,ratio_only,0.05367555749033104,0.01605964101734525,406
2007-11-01,12,gold_own_history,0.09788362698802093,0.01605964101734525,406
2007-11-01,12,gold_plus_silver,0.0863353185876719,0.01605964101734525,406
2007-12-01,12,historical_mean,0.056689356196959945,-0.035452540741930605,407
2007-12-01,12,ratio_only,0.05090980235569109,-0.035452540741930605,407
2007-12-01,12,gold_own_history,0.07725904980168699,-0.035452540741930605,407
2007-12-01,12,gold_plus_silver,0.0620532515476207,-0.035452540741930605,407
2008-01-01,12,historical_mean,0.05739334208908743,0.022521059076863637,408
2008-01-01,12,ratio_only,0.05197031491344939,0.022521059076863637,408
2008-01-01,12,gold_own_history,0.12336184221342407,0.022521059076863637,408
2008-01-01,12,gold_plus_silver,0.10433584566552828,0.022521059076863637,408
2008-02-01,12,historical_mean,0.05805193583190321,-0.04652001563489261,409
2008-02-01,12,ratio_only,0.061501007267066976,-0.04652001563489261,409
2008-02-01,12,gold_own_history,0.10203023368047356,-0.04652001563489261,409
2008-02-01,12,gold_plus_silver,0.09361518101437927,-0.04652001563489261,409
2008-03-01,12,historical_mean,0.058863020992413986,-0.022223136784710107,410
2008-03-01,12,ratio_only,0.06818363179798859,-0.022223136784710107,410
2008-03-01,12,gold_own_history,0.11604363936241105,-0.022223136784710107,410
2008-03-01,12,gold_plus_silver,0.10802477031005481,-0.022223136784710107,410
2008-04-01,12,historical_mean,0.0594322678317322,0.04401150329993353,411
2008-04-01,12,ratio_only,0.06384961245961374,0.04401150329993353,411
2008-04-01,12,gold_own_history,0.07054785481870496,0.04401150329993353,411
2008-04-01,12,gold_plus_silver,0.060022906279042665,0.04401150329993353,411
2008-05-01,12,historical_mean,0.05998536230203936,0.06214533353797336,412
2008-05-01,12,ratio_only,0.0644182393458902,0.06214533353797336,412
2008-05-01,12,gold_own_history,0.0814272332814669,0.06214533353797336,412
2008-05-01,12,gold_plus_silver,0.07287380784508896,0.06214533353797336,412
2008-06-01,12,historical_mean,0.06057604289348675,-0.006403437035206849,413
2008-06-01,12,ratio_only,0.06420003701853816,-0.006403437035206849,413
2008-06-01,12,gold_own_history,0.0913188741816229,-0.006403437035206849,413
2008-06-01,12,gold_plus_silver,0.08092648627033028,-0.006403437035206849,413
2008-07-01,12,historical_mean,0.06126569697975416,0.12319809214272226,414
2008-07-01,12,ratio_only,0.06506509681431272,0.12319809214272226,414
2008-07-01,12,gold_own_history,0.11431173999108107,0.12319809214272226,414
2008-07-01,12,gold_plus_silver,0.10213524585451794,0.12319809214272226,414
2008-08-01,12,historical_mean,0.061678125820312235,0.18332506917119495,415
2008-08-01,12,ratio_only,0.0523730728849654,0.18332506917119495,415
2008-08-01,12,gold_own_history,0.04956190199479638,0.18332506917119495,415
2008-08-01,12,gold_plus_silver,0.028790566192249567,0.18332506917119495,415
2008-09-01,12,historical_mean,0.06189511176876424,0.2565327867308236,416
2008-09-01,12,ratio_only,0.031718723040426555,0.2565327867308236,416
2008-09-01,12,gold_own_history,0.0685684001583697,0.2565327867308236,416
2008-09-01,12,gold_plus_silver,0.034111468518232935,0.2565327867308236,416
2008-10-01,12,historical_mean,0.061906408668649514,0.3926811561780905,417
2008-10-01,12,ratio_only,0.01152048186166399,0.3926811561780905,417
2008-10-01,12,gold_own_history,0.051653815113129116,0.3926811561780905,417
2008-10-01,12,gold_plus_silver,0.005731728632101529,0.3926811561780905,417
2008-11-01,12,historical_mean,0.06162086610091366,0.32997357495139656,418
2008-11-01,12,ratio_only,0.012510472205569778,0.32997357495139656,418
2008-11-01,12,gold_own_history,0.02564461798105485,0.32997357495139656,418
2008-11-01,12,gold_plus_silver,-0.006820834536379661,0.32997357495139656,418
2008-12-01,12,historical_mean,0.0615121280935543,0.2635277317307896,419
2008-12-01,12,ratio_only,0.008271004422172323,0.2635277317307896,419
2008-12-01,12,gold_own_history,0.07177642490953091,0.2635277317307896,419
2008-12-01,12,gold_plus_silver,0.031089561191227133,0.2635277317307896,419
2009-01-01,12,historical_mean,0.0612812598344222,0.14944335961714383,420
2009-01-01,12,ratio_only,0.013681414854210039,0.14944335961714383,420
2009-01-01,12,gold_own_history,0.0594965072235813,0.14944335961714383,420
2009-01-01,12,gold_plus_silver,0.028685514635352072,0.14944335961714383,420
2009-02-01,12,historical_mean,0.061189192849249854,0.18610227963386095,421
2009-02-01,12,ratio_only,0.024165516095690176,0.18610227963386095,421
2009-02-01,12,gold_own_history,0.07838495216463737,0.18610227963386095,421
2009-02-01,12,gold_plus_silver,0.054520017587012304,0.18610227963386095,421
2009-03-01,12,historical_mean,0.06093395775805519,0.2554258151225701,422
2009-03-01,12,ratio_only,0.02360394507104313,0.2554258151225701,422
2009-03-01,12,gold_own_history,0.0375877638393497,0.2554258151225701,422
2009-03-01,12,gold_plus_silver,0.013584903402837245,0.2554258151225701,422
2009-04-01,12,historical_mean,0.06073736888206757,0.2601261071109171,423
2009-04-01,12,ratio_only,0.022134822957464495,0.2601261071109171,423
2009-04-01,12,gold_own_history,0.03609021099557484,0.2601261071109171,423
2009-04-01,12,gold_plus_silver,0.009245892142777934,0.2601261071109171,423
2009-05-01,12,historical_mean,0.060697921085883295,0.2649629341124662,424
2009-05-01,12,ratio_only,0.03172735421633632,0.2649629341124662,424
2009-05-01,12,gold_own_history,0.06680933347104422,0.2649629341124662,424
2009-05-01,12,gold_plus_silver,0.046880122584822714,0.2649629341124662,424
2009-06-01,12,historical_mean,0.06070132676224116,0.24474998386907298,425
2009-06-01,12,ratio_only,0.03591540686538797,0.24474998386907298,425
2009-06-01,12,gold_own_history,0.06239676243777184,0.24474998386907298,425
2009-06-01,12,gold_plus_silver,0.04365075007392155,0.24474998386907298,425
2009-07-01,12,historical_mean,0.06054380384252883,0.2479132639161845,426
2009-07-01,12,ratio_only,0.024836779808550702,0.2479132639161845,426
2009-07-01,12,gold_own_history,0.04462165448612941,0.2479132639161845,426
2009-07-01,12,gold_plus_silver,0.017646999270459873,0.2479132639161845,426
2009-08-01,12,historical_mean,0.060690535196861836,0.242808501227616,427
2009-08-01,12,ratio_only,0.03263373689173499,0.242808501227616,427
2009-08-01,12,gold_own_history,0.069668887522162,0.242808501227616,427
2009-08-01,12,gold_plus_silver,0.04547582095187325,0.242808501227616,427
2009-09-01,12,historical_mean,0.0609770644818486,0.2520598625308548,428
2009-09-01,12,ratio_only,0.04400776345892532,0.2520598625308548,428
2009-09-01,12,gold_own_history,0.08666632960293122,0.2520598625308548,428
2009-09-01,12,gold_plus_silver,0.06850818254783653,0.2520598625308548,428
2009-10-01,12,historical_mean,0.061432905326251806,0.1952515047823944,429
2009-10-01,12,ratio_only,0.04500048527989853,0.1952515047823944,429
2009-10-01,12,gold_own_history,0.09582115971566169,0.1952515047823944,429
2009-10-01,12,gold_plus_silver,0.07264070855950527,0.1952515047823944,429
2009-11-01,12,historical_mean,0.06220325009567469,0.20339026200793953,430
2009-11-01,12,ratio_only,0.04049411741831743,0.20339026200793953,430
2009-11-01,12,gold_own_history,0.12272260869428825,0.20339026200793953,430
2009-11-01,12,gold_plus_silver,0.09018332532696244,0.20339026200793953,430
2009-12-01,12,historical_mean,0.06282452695148844,0.19594332501505285,431
2009-12-01,12,ratio_only,0.039196209519881564,0.19594332501505285,431
2009-12-01,12,gold_own_history,0.09764103016759143,0.19594332501505285,431
2009-12-01,12,gold_plus_silver,0.06536073988546515,0.19594332501505285,431
2010-01-01,12,historical_mean,0.06328911770329236,0.22769936785006983,432
2010-01-01,12,ratio_only,0.04279803060233456,0.22769936785006983,432
2010-01-01,12,gold_own_history,0.0834271625453892,0.22769936785006983,432
2010-01-01,12,gold_plus_silver,0.05565433240953177,0.22769936785006983,432
2010-02-01,12,historical_mean,0.06348808823889018,0.24570824681430725,433
2010-02-01,12,ratio_only,0.032202636439181975,0.24570824681430725,433
2010-02-01,12,gold_own_history,0.06677775865794533,0.24570824681430725,433
2010-02-01,12,gold_plus_silver,0.04006455650973806,0.24570824681430725,433
2010-03-01,12,historical_mean,0.0637706094172196,0.2538255364190434,434
2010-03-01,12,ratio_only,0.03992903126504577,0.2538255364190434,434
2010-03-01,12,gold_own_history,0.08102809778984098,0.2538255364190434,434
2010-03-01,12,gold_plus_silver,0.0543612739843129,0.2538255364190434,434
2010-04-01,12,historical_mean,0.06421119609700202,0.22761486786360052,435
2010-04-01,12,ratio_only,0.04381548526280166,0.22761486786360052,435
2010-04-01,12,gold_own_history,0.09442973173468555,0.22761486786360052,435
2010-04-01,12,gold_plus_silver,0.06817627490991096,0.22761486786360052,435
2010-05-01,12,historical_mean,0.06466054222318073,0.21516370276471797,436
2010-05-01,12,ratio_only,0.040676972110727294,0.21516370276471797,436
2010-05-01,12,gold_own_history,0.09918244297375431,0.21516370276471797,436
2010-05-01,12,gold_plus_silver,0.07171585457981589,0.21516370276471797,436
2010-06-01,12,historical_mean,0.06511890009935757,0.27651348096036177,437
2010-06-01,12,ratio_only,0.03920593303818476,0.27651348096036177,437
2010-06-01,12,gold_own_history,0.09417789447695885,0.27651348096036177,437
2010-06-01,12,gold_plus_silver,0.06417792695813801,0.27651348096036177,437
2010-07-01,12,historical_mean,0.0655290167289688,0.36917868221144534,438
2010-07-01,12,ratio_only,0.04049703597872112,0.36917868221144534,438
2010-07-01,12,gold_own_history,0.07766228047890457,0.36917868221144534,438
2010-07-01,12,gold_plus_silver,0.048416580646578944,0.36917868221144534,438
2010-08-01,12,historical_mean,0.0659444705949989,0.33230485997557224,439
2010-08-01,12,ratio_only,0.0415540398613129,0.33230485997557224,439
2010-08-01,12,gold_own_history,0.09170657613964547,0.33230485997557224,439
2010-08-01,12,gold_plus_silver,0.06352622692384946,0.33230485997557224,439
2010-09-01,12,historical_mean,0.06634643430098212,0.21626450519516016,440
2010-09-01,12,ratio_only,0.04988439898428643,0.21626450519516016,440
2010-09-01,12,gold_own_history,0.09786499777684898,0.21626450519516016,440
2010-09-01,12,gold_plus_silver,0.07582397244586192,0.21626450519516016,440
2010-10-01,12,historical_mean,0.06676755318585713,0.23849949553211225,441
2010-10-01,12,ratio_only,0.05978643839773273,0.23849949553211225,441
2010-10-01,12,gold_own_history,0.10229697401228705,0.23849949553211225,441
2010-10-01,12,gold_plus_silver,0.08809034050232434,0.23849949553211225,441
2010-11-01,12,historical_mean,0.06705824085915246,0.1646733288948008,442
2010-11-01,12,ratio_only,0.07258649256740446,0.1646733288948008,442
2010-11-01,12,gold_own_history,0.08648750397814893,0.1646733288948008,442
2010-11-01,12,gold_plus_silver,0.08448580827380825,0.1646733288948008,442
2010-12-01,12,historical_mean,0.06736598808522196,0.19571189685353918,443
2010-12-01,12,ratio_only,0.083108073543885,0.19571189685353918,443
2010-12-01,12,gold_own_history,0.08641804299586103,0.19571189685353918,443
2010-12-01,12,gold_plus_silver,0.09196735628478675,0.19571189685353918,443
2011-01-01,12,historical_mean,0.06765557668191076,0.23830082453585621,444
2011-01-01,12,ratio_only,0.08276362521261998,0.23830082453585621,444
2011-01-01,12,gold_own_history,0.07586941097240033,0.23830082453585621,444
2011-01-01,12,gold_plus_silver,0.08173637094708103,0.23830082453585621,444
2011-02-01,12,historical_mean,0.06801522565082797,0.163642682952176,445
2011-02-01,12,ratio_only,0.09099506425320775,0.163642682952176,445
2011-02-01,12,gold_own_history,0.0893887403040692,0.163642682952176,445
2011-02-01,12,gold_plus_silver,0.09989789006783678,0.163642682952176,445
2011-03-01,12,historical_mean,0.068413640496486,0.10745150829179995,446
2011-03-01,12,ratio_only,0.1049183640077781,0.10745150829179995,446
2011-03-01,12,gold_own_history,0.09820700672474916,0.10745150829179995,446
2011-03-01,12,gold_plus_silver,0.11720705432688622,0.10745150829179995,446
2011-04-01,12,historical_mean,0.06882843220995928,0.04901045274836058,447
2011-04-01,12,ratio_only,0.12107061004005643,0.04901045274836058,447
2011-04-01,12,gold_own_history,0.10122729358833872,0.04901045274836058,447
2011-04-01,12,gold_plus_silver,0.1327638188648858,0.04901045274836058,447
2011-05-01,12,historical_mean,0.06918286621811473,0.04476450690489209,448
2011-05-01,12,ratio_only,0.10301450562923248,0.04476450690489209,448
2011-05-01,12,gold_own_history,0.09342919631399255,0.04476450690489209,448
2011-05-01,12,gold_plus_silver,0.11389349280604016,0.04476450690489209,448
2011-06-01,12,historical_mean,0.06950799057567955,0.013261956291882981,449
2011-06-01,12,ratio_only,0.09724352937747649,0.013261956291882981,449
2011-06-01,12,gold_own_history,0.08932341508171901,0.013261956291882981,449
2011-06-01,12,gold_plus_silver,0.10503615519059889,0.013261956291882981,449
2011-07-01,12,historical_mean,0.0699680027765344,-0.07616545093674976,450
2011-07-01,12,ratio_only,0.10081583773107594,-0.07616545093674976,450
2011-07-01,12,gold_own_history,0.10294493850852743,-0.07616545093674976,450
2011-07-01,12,gold_plus_silver,0.11781455050517015,-0.07616545093674976,450
2011-08-01,12,historical_mean,0.0706314410901373,-0.015354296528498956,451
2011-08-01,12,ratio_only,0.09547609447952221,-0.015354296528498956,451
2011-08-01,12,gold_own_history,0.13704518767688115,-0.015354296528498956,451
2011-08-01,12,gold_plus_silver,0.14484543056276805,-0.015354296528498956,451
2011-09-01,12,historical_mean,0.07121036458324667,0.04747448740726856,452
2011-09-01,12,ratio_only,0.08902422483935335,0.04747448740726856,452
2011-09-01,12,gold_own_history,0.10767845701421927,0.04747448740726856,452
2011-09-01,12,gold_plus_silver,0.11086818435337076,0.04747448740726856,452
2011-10-01,12,historical_mean,0.071530572399167,-0.009823829366607306,453
2011-10-01,12,ratio_only,0.0763928935913194,-0.009823829366607306,453
2011-10-01,12,gold_own_history,0.07465238554880672,-0.009823829366607306,453
2011-10-01,12,gold_plus_silver,0.07204251939202622,-0.009823829366607306,453
2011-11-01,12,historical_mean,0.07189834535760961,0.02706932196821832,454
2011-11-01,12,ratio_only,0.07575041756922846,0.02706932196821832,454
2011-11-01,12,gold_own_history,0.10370371994892408,0.02706932196821832,454
2011-11-01,12,gold_plus_silver,0.10040394595023261,0.02706932196821832,454
2011-12-01,12,historical_mean,0.07210224642032871,0.010823918061010573,455
2011-12-01,12,ratio_only,0.07261543333174003,0.010823918061010573,455
2011-12-01,12,gold_own_history,0.06821350898246185,0.010823918061010573,455
2011-12-01,12,gold_plus_silver,0.06444284669311762,0.010823918061010573,455
2012-01-01,12,historical_mean,0.0723733202151384,-0.06940228807404214,456
2012-01-01,12,ratio_only,0.07337187279964275,-0.06940228807404214,456
2012-01-01,12,gold_own_history,0.08954364873517667,-0.06940228807404214,456
2012-01-01,12,gold_plus_silver,0.08579808844515174,-0.06940228807404214,456
2012-02-01,12,historical_mean,0.07273640009330189,-0.05079097113197939,457
2012-02-01,12,ratio_only,0.07949806793805042,-0.05079097113197939,457
2012-02-01,12,gold_own_history,0.1070853127231416,-0.05079097113197939,457
2012-02-01,12,gold_plus_silver,0.10699258654276905,-0.05079097113197939,457
2012-03-01,12,historical_mean,0.07293488542705488,-0.10273610716656201,458
2012-03-01,12,ratio_only,0.08051614472818691,-0.10273610716656201,458
2012-03-01,12,gold_own_history,0.07379646692189225,-0.10273610716656201,458
2012-03-01,12,gold_plus_silver,0.07599208057628493,-0.10273610716656201,458
2012-04-01,12,historical_mean,0.0730100850411393,-0.11668232008019874,459
2012-04-01,12,ratio_only,0.07709965071357694,-0.11668232008019874,459
2012-04-01,12,gold_own_history,0.0713342386518189,-0.11668232008019874,459
2012-04-01,12,gold_plus_silver,0.07257415063752937,-0.11668232008019874,459
2012-05-01,12,historical_mean,0.07295791192745933,-0.17447251631071659,460
2012-05-01,12,ratio_only,0.0706329392589044,-0.17447251631071659,460
2012-05-01,12,gold_own_history,0.05768649055529073,-0.17447251631071659,460
2012-05-01,12,gold_plus_silver,0.05633400242379322,-0.17447251631071659,460
2012-06-01,12,historical_mean,0.07289675486667285,-0.21470995455259612,461
2012-06-01,12,ratio_only,0.06704726983464887,-0.21470995455259612,461
2012-06-01,12,gold_own_history,0.06731288730722775,-0.21470995455259612,461
2012-06-01,12,gold_plus_silver,0.06392113421292728,-0.21470995455259612,461
2012-07-01,12,historical_mean,0.07276767521607808,-0.18699503719789856,462
2012-07-01,12,ratio_only,0.06481802945941512,-0.18699503719789856,462
2012-07-01,12,gold_own_history,0.060313689626853774,-0.18699503719789856,462
2012-07-01,12,gold_plus_silver,0.05680801332199037,-0.18699503719789856,462
2012-08-01,12,historical_mean,0.07244600539717348,-0.2573909784287718,463
2012-08-01,12,ratio_only,0.06753618954321422,-0.2573909784287718,463
2012-08-01,12,gold_own_history,0.05318333143304144,-0.2573909784287718,463
2012-08-01,12,gold_plus_silver,0.05649974007999309,-0.2573909784287718,463
2012-09-01,12,historical_mean,0.07225678060854059,-0.2825436083907755,464
2012-09-01,12,ratio_only,0.07677233549966123,-0.2825436083907755,464
2012-09-01,12,gold_own_history,0.07192368123874678,-0.2825436083907755,464
2012-09-01,12,gold_plus_silver,0.08152446526238866,-0.2825436083907755,464
2012-10-01,12,historical_mean,0.0722034853543443,-0.29975622108294075,465
2012-10-01,12,ratio_only,0.07523604683628021,-0.29975622108294075,465
2012-10-01,12,gold_own_history,0.06563350652848798,-0.29975622108294075,465
2012-10-01,12,gold_plus_silver,0.06890871798671133,-0.29975622108294075,465
2012-11-01,12,historical_mean,0.07202746107382724,-0.32127670305492106,466
2012-11-01,12,ratio_only,0.07530090224021424,-0.32127670305492106,466
2012-11-01,12,gold_own_history,0.053662265486870475,-0.32127670305492106,466
2012-11-01,12,gold_plus_silver,0.059814717182350596,-0.32127670305492106,466
2012-12-01,12,historical_mean,0.07193119096867602,-0.2956885203455224,467
2012-12-01,12,ratio_only,0.07452724387646048,-0.2956885203455224,467
2012-12-01,12,gold_own_history,0.05708782317118443,-0.2956885203455224,467
2012-12-01,12,gold_plus_silver,0.061032534277836115,-0.2956885203455224,467
2013-01-01,12,historical_mean,0.07180061987271946,-0.22498800311285727,468
2013-01-01,12,ratio_only,0.07245919063166945,-0.22498800311285727,468
2013-01-01,12,gold_own_history,0.0579040230089075,-0.22498800311285727,468
2013-01-01,12,gold_plus_silver,0.06069422823849552,-0.22498800311285727,468
2013-02-01,12,historical_mean,0.07149954757432554,-0.1759389558134581,469
2013-02-01,12,ratio_only,0.07222389181687916,-0.1759389558134581,469
2013-02-01,12,gold_own_history,0.04184122473543104,-0.1759389558134581,469
2013-02-01,12,gold_plus_silver,0.04844685547241928,-0.1759389558134581,469
2013-03-01,12,historical_mean,0.07123935498133338,-0.1366083181290021,470
2013-03-01,12,ratio_only,0.06876676378519625,-0.1366083181290021,470
2013-03-01,12,gold_own_history,0.04550816740669451,-0.1366083181290021,470
2013-03-01,12,gold_plus_silver,0.048175133750038124,-0.1366083181290021,470
2013-04-01,12,historical_mean,0.07086998032709156,-0.0925558435173306,471
2013-04-01,12,ratio_only,0.06210419728991312,-0.0925558435173306,471
2013-04-01,12,gold_own_history,0.026606532704286735,-0.0925558435173306,471
2013-04-01,12,gold_plus_silver,0.025877314378442373,-0.0925558435173306,471
2013-05-01,12,historical_mean,0.07047262375843207,-0.0488273949443947,472
2013-05-01,12,ratio_only,0.05643714114179904,-0.0488273949443947,472
2013-05-01,12,gold_own_history,0.028303960174347508,-0.0488273949443947,472
2013-05-01,12,gold_plus_silver,0.024411551450277402,-0.0488273949443947,472
2013-06-01,12,historical_mean,0.06995476933968123,0.019253578966135443,473
2013-06-01,12,ratio_only,0.05211423497850365,0.019253578966135443,473
2013-06-01,12,gold_own_history,0.01932650342020554,0.019253578966135443,473
2013-06-01,12,gold_plus_silver,0.015150363033128333,0.019253578966135443,473
2013-07-01,12,historical_mean,0.06935421085045701,-0.04307428246927181,474
2013-07-01,12,ratio_only,0.048704675157881516,-0.04307428246927181,474
2013-07-01,12,gold_own_history,0.015174765453366983,-0.04307428246927181,474
2013-07-01,12,gold_plus_silver,0.010788712121284072,-0.04307428246927181,474
2013-08-01,12,historical_mean,0.06881452822298678,-0.08667448381526821,475
2013-08-01,12,ratio_only,0.054257550995632564,-0.08667448381526821,475
2013-08-01,12,gold_own_history,0.04216410886374514,-0.08667448381526821,475
2013-08-01,12,gold_plus_silver,0.044577007093196896,-0.08667448381526821,475
2013-09-01,12,historical_mean,0.0681292225367436,-0.07486756201173961,476
2013-09-01,12,ratio_only,0.05726126789368585,-0.07486756201173961,476
2013-09-01,12,gold_own_history,0.01753960805374142,-0.07486756201173961,476
2013-09-01,12,gold_plus_silver,0.024358542944781236,-0.07486756201173961,476
2013-10-01,12,historical_mean,0.06739405936918066,-0.08246203732647572,477
2013-10-01,12,ratio_only,0.055723959221988806,-0.08246203732647572,477
2013-10-01,12,gold_own_history,0.0073227841247532136,-0.08246203732647572,477
2013-10-01,12,gold_plus_silver,0.012942988464469174,-0.08246203732647572,477
2013-11-01,12,historical_mean,0.06662596254815112,-0.017334317651557463,478
2013-11-01,12,ratio_only,0.05278390865643995,-0.017334317651557463,478
2013-11-01,12,gold_own_history,0.0021656891624283053,-0.017334317651557463,478
2013-11-01,12,gold_plus_silver,0.0064754994692678425,-0.017334317651557463,478
2013-12-01,12,historical_mean,0.06581614487465828,0.005611237167786776,479
2013-12-01,12,ratio_only,0.05077983379311185,0.005611237167786776,479
2013-12-01,12,gold_own_history,-0.004960245184223125,0.005611237167786776,479
2013-12-01,12,gold_plus_silver,-0.0005311750890503175,0.005611237167786776,479
2014-01-01,12,historical_mean,0.06506301015544956,-0.057792098738716824,480
2014-01-01,12,ratio_only,0.04919686144998853,-0.057792098738716824,480
2014-01-01,12,gold_own_history,0.012101432536480168,-0.057792098738716824,480
2014-01-01,12,gold_plus_silver,0.01508343947152141,-0.057792098738716824,480
2014-02-01,12,historical_mean,0.06445999349584809,-0.12501345355921956,481
2014-02-01,12,ratio_only,0.048619290983351604,-0.12501345355921956,481
2014-02-01,12,gold_own_history,0.027963176834519002,-0.12501345355921956,481
2014-02-01,12,gold_plus_silver,0.028457582885128674,-0.12501345355921956,481
2014-03-01,12,historical_mean,0.0639612404889823,-0.07933674223652076,482
2014-03-01,12,ratio_only,0.04460839042373144,-0.07933674223652076,482
2014-03-01,12,gold_own_history,0.030582806910330586,-0.07933674223652076,482
2014-03-01,12,gold_plus_silver,0.025795596390553455,-0.07933674223652076,482
2014-04-01,12,historical_mean,0.06354598260364487,-0.07237884791167293,483
2014-04-01,12,ratio_only,0.04192120714474873,-0.07237884791167293,483
2014-04-01,12,gold_own_history,0.022152297976104282,-0.07237884791167293,483
2014-04-01,12,gold_plus_silver,0.014485464120088831,-0.07237884791167293,483
2014-05-01,12,historical_mean,0.06322345816951062,-0.07887060361279907,484
2014-05-01,12,ratio_only,0.04008445221771939,-0.07887060361279907,484
2014-05-01,12,gold_own_history,0.03371572596621603,-0.07887060361279907,484
2014-05-01,12,gold_plus_silver,0.023537583464187994,-0.07887060361279907,484
2014-06-01,12,historical_mean,0.06299242548267782,-0.15034405170569531,485
2014-06-01,12,ratio_only,0.044053136983854935,-0.15034405170569531,485
2014-06-01,12,gold_own_history,0.03979698423772202,-0.15034405170569531,485
2014-06-01,12,gold_plus_silver,0.032752706459486136,-0.15034405170569531,485
2014-07-01,12,historical_mean,0.06290242785610058,-0.14696932041859334,486
2014-07-01,12,ratio_only,0.046661443747421816,-0.14696932041859334,486
2014-07-01,12,gold_own_history,0.058221610434788074,-0.14696932041859334,486
2014-07-01,12,gold_plus_silver,0.050003808337391986,-0.14696932041859334,486
2014-08-01,12,historical_mean,0.0626848165412641,-0.09490605775396688,487
2014-08-01,12,ratio_only,0.041271029267953285,-0.09490605775396688,487
2014-08-01,12,gold_own_history,0.039367381052131833,-0.09490605775396688,487
2014-08-01,12,gold_plus_silver,0.027412092568512292,-0.09490605775396688,487
2014-09-01,12,historical_mean,0.062378752401189216,-0.052931296391789395,488
2014-09-01,12,ratio_only,0.03844362660378503,-0.052931296391789395,488
2014-09-01,12,gold_own_history,0.02412770120475868,-0.052931296391789395,488
2014-09-01,12,gold_plus_silver,0.012987502225078995,-0.052931296391789395,488
2014-10-01,12,historical_mean,0.062098085091551326,-0.07876692608437885,489
2014-10-01,12,ratio_only,0.032006027001121706,-0.07876692608437885,489
2014-10-01,12,gold_own_history,0.033893193381820494,-0.07876692608437885,489
2014-10-01,12,gold_plus_silver,0.017048357417642157,-0.07876692608437885,489
2014-11-01,12,historical_mean,0.06180306443355536,-0.10990408135825369,490
2014-11-01,12,ratio_only,0.027981133927445112,-0.10990408135825369,490
2014-11-01,12,gold_own_history,0.025752961352541993,-0.10990408135825369,490
2014-11-01,12,gold_plus_silver,0.00729280331056098,-0.10990408135825369,490
2014-12-01,12,historical_mean,0.061641888502628445,-0.13045288839743563,491
2014-12-01,12,ratio_only,0.027431662860112727,-0.13045288839743563,491
2014-12-01,12,gold_own_history,0.0507264886982487,-0.13045288839743563,491
2014-12-01,12,gold_plus_silver,0.030463867291690983,-0.13045288839743563,491
2015-01-01,12,historical_mean,0.06152800506495601,-0.02225060893481956,492
2015-01-01,12,ratio_only,0.028759342830127932,-0.02225060893481956,492
2015-01-01,12,gold_own_history,0.05894475650465613,-0.02225060893481956,492
2015-01-01,12,gold_plus_silver,0.03930839219099641,-0.02225060893481956,492
2015-02-01,12,historical_mean,0.06128597645683497,0.054468908361436696,493
2015-02-01,12,ratio_only,0.028000775584727244,0.054468908361436696,493
2015-02-01,12,gold_own_history,0.034228223456335555,0.054468908361436696,493
2015-02-01,12,gold_plus_silver,0.016124793202422327,0.054468908361436696,493
2015-03-01,12,historical_mean,0.06090885210457576,0.035235107465910076,494
2015-03-01,12,ratio_only,0.027913089596778518,0.035235107465910076,494
2015-03-01,12,gold_own_history,0.018445773360233383,0.035235107465910076,494
2015-03-01,12,gold_plus_silver,0.0033876907793216615,0.035235107465910076,494
2015-04-01,12,historical_mean,0.060625527671563435,0.05041718093740588,495
2015-04-01,12,ratio_only,0.026348383867136616,0.05041718093740588,495
2015-04-01,12,gold_own_history,0.03841453873350506,0.05041718093740588,495
2015-04-01,12,gold_plus_silver,0.020312153436407354,0.05041718093740588,495
2015-05-01,12,historical_mean,0.060357373688532716,0.07652226593869127,496
2015-05-01,12,ratio_only,0.02941251310881121,0.07652226593869127,496
2015-05-01,12,gold_own_history,0.035378341853529546,0.07652226593869127,496
2015-05-01,12,gold_plus_silver,0.020805377861970065,0.07652226593869127,496
2015-06-01,12,historical_mean,0.06007723691327853,0.16998214504393871,497
2015-06-01,12,ratio_only,0.025842855453282965,0.16998214504393871,497
2015-06-01,12,gold_own_history,0.03072331646555839,0.16998214504393871,497
2015-06-01,12,gold_plus_silver,0.01209427536306873,0.16998214504393871,497
2015-07-01,12,historical_mean,0.0596547042052083,0.1811282392299125,498
2015-07-01,12,ratio_only,0.02328942171898657,0.1811282392299125,498
2015-07-01,12,gold_own_history,0.011204584290318668,0.1811282392299125,498
2015-07-01,12,gold_plus_silver,-0.005702075148874941,0.1811282392299125,498
2015-08-01,12,historical_mean,0.05924062800355739,0.1651377196936865,499
2015-08-01,12,ratio_only,0.022232074212699793,0.1651377196936865,499
2015-08-01,12,gold_own_history,0.019978560190191213,0.1651377196936865,499
2015-08-01,12,gold_plus_silver,0.002912038416047702,0.1651377196936865,499
2015-09-01,12,historical_mean,0.05893233463204234,0.08909433698138702,500
2015-09-01,12,ratio_only,0.02031653891193147,0.08909433698138702,500
2015-09-01,12,gold_own_history,0.03148479509521071,0.08909433698138702,500
2015-09-01,12,gold_plus_silver,0.01107759020260285,0.08909433698138702,500
2015-10-01,12,historical_mean,0.05870905393139598,0.130995952750661,501
2015-10-01,12,ratio_only,0.02413469817806385,0.130995952750661,501
2015-10-01,12,gold_own_history,0.04353558653287824,0.130995952750661,501
2015-10-01,12,gold_plus_silver,0.02586227553073156,0.130995952750661,501
2015-11-01,12,historical_mean,0.058435197397500006,0.07257998647194697,502
2015-11-01,12,ratio_only,0.021343928687141522,0.07257998647194697,502
2015-11-01,12,gold_own_history,0.0171666222326273,0.07257998647194697,502
2015-11-01,12,gold_plus_silver,-0.0029731847894523544,0.07257998647194697,502
2015-12-01,12,historical_mean,0.058100526863194335,0.08214222555581951,503
2015-12-01,12,ratio_only,0.018645517965582448,0.08214222555581951,503
2015-12-01,12,gold_own_history,0.024568508882417964,0.08214222555581951,503
2015-12-01,12,gold_plus_silver,0.004045913584532601,0.08214222555581951,503
2016-01-01,12,historical_mean,0.05772641294402642,0.02793936868924174,504
2016-01-01,12,ratio_only,0.0156590258791518,0.02793936868924174,504
2016-01-01,12,gold_own_history,0.02752596350600469,0.02793936868924174,504
2016-01-01,12,gold_plus_silver,0.005907801460886319,0.02793936868924174,504
2016-02-01,12,historical_mean,0.05756804260367227,-0.011308682714354035,505
2016-02-01,12,ratio_only,0.013859860211139163,-0.011308682714354035,505
2016-02-01,12,gold_own_history,0.060692779661110675,-0.011308682714354035,505
2016-02-01,12,gold_plus_silver,0.033837357219722475,-0.011308682714354035,505
2016-03-01,12,historical_mean,0.057561917832442556,0.019928917827714443,506
2016-03-01,12,ratio_only,0.011953021395631258,0.019928917827714443,506
2016-03-01,12,gold_own_history,0.061529509458227716,0.019928917827714443,506
2016-03-01,12,gold_plus_silver,0.030226707844611955,0.019928917827714443,506
2016-04-01,12,historical_mean,0.057517880731127895,-0.011966636617521509,507
2016-04-01,12,ratio_only,0.018929230621715587,-0.011966636617521509,507
2016-04-01,12,gold_own_history,0.049489445564913526,-0.011966636617521509,507
2016-04-01,12,gold_plus_silver,0.02664334725773715,-0.011966636617521509,507
2016-05-01,12,historical_mean,0.05750390297562844,-0.01261846395921129,508
2016-05-01,12,ratio_only,0.02078258656092813,-0.01261846395921129,508
2016-05-01,12,gold_own_history,0.05601671432754238,-0.01261846395921129,508
2016-05-01,12,gold_plus_silver,0.03221878530843625,-0.01261846395921129,508
2016-06-01,12,historical_mean,0.05754126714647926,-0.07773920470945583,509
2016-06-01,12,ratio_only,0.02231913287967857,-0.07773920470945583,509
2016-06-01,12,gold_own_history,0.05963492444862035,-0.07773920470945583,509
2016-06-01,12,gold_plus_silver,0.03574063599788069,-0.07773920470945583,509
2016-07-01,12,historical_mean,0.057761739456082116,-0.04346852832932058,510
2016-07-01,12,ratio_only,0.03430832330658323,-0.04346852832932058,510
2016-07-01,12,gold_own_history,0.08308859719024878,-0.04346852832932058,510
2016-07-01,12,gold_plus_silver,0.06664091680488249,-0.04346852832932058,510
2016-08-01,12,historical_mean,0.05800316117775301,-0.009844835287651676,511
2016-08-01,12,ratio_only,0.03221821763173294,-0.009844835287651676,511
2016-08-01,12,gold_own_history,0.07508321814621557,-0.009844835287651676,511
2016-08-01,12,gold_plus_silver,0.05240899007261718,-0.009844835287651676,511
2016-09-01,12,historical_mean,0.058212408362354445,0.010208176592524154,512
2016-09-01,12,ratio_only,0.032632201631557556,0.010208176592524154,512
2016-09-01,12,gold_own_history,0.06998749628182015,0.010208176592524154,512
2016-09-01,12,gold_plus_silver,0.0489020849978789,0.010208176592524154,512
2016-10-01,12,historical_mean,0.05827260705361962,0.034924184236073685,513
2016-10-01,12,ratio_only,0.027669491945832236,0.034924184236073685,513
2016-10-01,12,gold_own_history,0.049672342257815624,0.034924184236073685,513
2016-10-01,12,gold_plus_silver,0.026620305683946355,0.034924184236073685,513
2016-11-01,12,historical_mean,0.05841409216197962,0.08845084751312626,514
2016-11-01,12,ratio_only,0.02872129640443649,0.08845084751312626,514
2016-11-01,12,gold_own_history,0.06161620076864852,0.08845084751312626,514
2016-11-01,12,gold_plus_silver,0.039361774053231324,0.08845084751312626,514
2016-12-01,12,historical_mean,0.05844159875287277,0.11029797076981662,515
2016-12-01,12,ratio_only,0.02985515335530814,0.11029797076981662,515
2016-12-01,12,gold_own_history,0.042521035450451966,0.11029797076981662,515
2016-12-01,12,gold_plus_silver,0.023526108309223914,0.11029797076981662,515
2017-01-01,12,historical_mean,0.0584875302001653,0.07566961392977856,516
2017-01-01,12,ratio_only,0.03009544876426612,0.07566961392977856,516
2017-01-01,12,gold_own_history,0.06588151885907435,0.07566961392977856,516
2017-01-01,12,gold_plus_silver,0.04617485291204271,0.07566961392977856,516
2017-02-01,12,historical_mean,0.0584284428471461,0.07358561223586868,517
2017-02-01,12,ratio_only,0.03270907990918431,0.07358561223586868,517
2017-02-01,12,gold_own_history,0.05828918795514073,0.07358561223586868,517
2017-02-01,12,gold_plus_silver,0.04330734312703255,0.07358561223586868,517
2017-03-01,12,historical_mean,0.05829381519162197,0.05227939051321151,518
2017-03-01,12,ratio_only,0.03097275628683921,0.05227939051321151,518
2017-03-01,12,gold_own_history,0.043599533727187126,0.05227939051321151,518
2017-03-01,12,gold_plus_silver,0.027721671755338406,0.05227939051321151,518
2017-04-01,12,historical_mean,0.0582198943874526,0.044730877777446665,519
2017-04-01,12,ratio_only,0.030271155895927992,0.044730877777446665,519
2017-04-01,12,gold_own_history,0.05527571351018126,0.044730877777446665,519
2017-04-01,12,gold_plus_silver,0.03806146397178656,0.044730877777446665,519
2017-05-01,12,historical_mean,0.058084920289366106,0.017309637535091404,520
2017-05-01,12,ratio_only,0.023556839933440488,0.017309637535091404,520
2017-05-01,12,gold_own_history,0.04020112062119802,0.017309637535091404,520
2017-05-01,12,gold_plus_silver,0.017840014340087196,0.017309637535091404,520
2017-06-01,12,historical_mean,0.057949213217871706,0.0008080808520540828,521
2017-06-01,12,ratio_only,0.0235080789151787,0.0008080808520540828,521
2017-06-01,12,gold_own_history,0.045968628903589825,0.0008080808520540828,521
2017-06-01,12,gold_plus_silver,0.025769269061901245,0.0008080808520540828,521
2017-07-01,12,historical_mean,0.057689273719926645,-0.06521424952048349,522
2017-07-01,12,ratio_only,0.02041959027101997,-0.06521424952048349,522
2017-07-01,12,gold_own_history,0.028871370128037865,-0.06521424952048349,522
2017-07-01,12,gold_plus_silver,0.008365218071361924,-0.06521424952048349,522
2017-08-01,12,historical_mean,0.05749585536036785,-0.09242242036916082,523
2017-08-01,12,ratio_only,0.021512236302522914,-0.09242242036916082,523
2017-08-01,12,gold_own_history,0.04583062776255993,-0.09242242036916082,523
2017-08-01,12,gold_plus_silver,0.02603693953325187,-0.09242242036916082,523
2017-09-01,12,historical_mean,0.057367342591955604,-0.052116001139014045,524
2017-09-01,12,ratio_only,0.021306405993502586,-0.052116001139014045,524
2017-09-01,12,gold_own_history,0.048464758375698226,-0.052116001139014045,524
2017-09-01,12,gold_plus_silver,0.026802369660268055,-0.052116001139014045,524
2017-10-01,12,historical_mean,0.057277515609099536,-0.0487511633699107,525
2017-10-01,12,ratio_only,0.02089846684578872,-0.0487511633699107,525
2017-10-01,12,gold_own_history,0.0409355735089143,-0.0487511633699107,525
2017-10-01,12,gold_plus_silver,0.017935339328423172,-0.0487511633699107,525
2017-11-01,12,historical_mean,0.05723501878139417,-0.011137744410456563,526
2017-11-01,12,ratio_only,0.02142140285212335,-0.011137744410456563,526
2017-11-01,12,gold_own_history,0.0507823276648772,-0.011137744410456563,526
2017-11-01,12,gold_plus_silver,0.027485742225934473,-0.011137744410456563,526
2017-12-01,12,historical_mean,0.057294251852991376,-0.029739134052564786,527
2017-12-01,12,ratio_only,0.017732076180471568,-0.029739134052564786,527
2017-12-01,12,gold_own_history,0.05605915827335325,-0.029739134052564786,527
2017-12-01,12,gold_plus_silver,0.026966652429116944,-0.029739134052564786,527
2018-01-01,12,historical_mean,0.057394637684273234,-0.008298802814695527,528
2018-01-01,12,ratio_only,0.018287988978881287,-0.008298802814695527,528
2018-01-01,12,gold_own_history,0.07350433390137856,-0.008298802814695527,528
2018-01-01,12,gold_plus_silver,0.04500781369785639,-0.008298802814695527,528
2018-02-01,12,historical_mean,0.05742918395316834,-0.018279259907817647,529
2018-02-01,12,ratio_only,0.015072533592604298,-0.018279259907817647,529
2018-02-01,12,gold_own_history,0.05719985251958515,-0.018279259907817647,529
2018-02-01,12,gold_plus_silver,0.026893499148561928,-0.018279259907817647,529
2018-03-01,12,historical_mean,0.05745966778011683,-0.03739466603678565,530
2018-03-01,12,ratio_only,0.015040227213467317,-0.03739466603678565,530
2018-03-01,12,gold_own_history,0.055949030115685444,-0.03739466603678565,530
2018-03-01,12,gold_plus_silver,0.026499354010463994,-0.03739466603678565,530
2018-04-01,12,historical_mean,0.05744991207904921,-0.01468909287493858,531
2018-04-01,12,ratio_only,0.014948198428517023,-0.01468909287493858,531
2018-04-01,12,gold_own_history,0.05506764559678659,-0.01468909287493858,531
2018-04-01,12,gold_plus_silver,0.026428299679591538,-0.01468909287493858,531
2018-05-01,12,historical_mean,0.05742600411983567,0.05832777667052813,532
2018-05-01,12,ratio_only,0.017065740220591763,0.05832777667052813,532
2018-05-01,12,gold_own_history,0.047197262061668764,0.05832777667052813,532
2018-05-01,12,gold_plus_silver,0.02086257097122579,0.05832777667052813,532
2018-06-01,12,historical_mean,0.05735073889172171,0.13221792943998611,533
2018-06-01,12,ratio_only,0.018884658355557304,0.13221792943998611,533
2018-06-01,12,gold_own_history,0.044422132850175565,0.13221792943998611,533
2018-06-01,12,gold_plus_silver,0.02045106242201622,0.13221792943998611,533
2018-07-01,12,historical_mean,0.0572448537643066,0.22147827199514847,534
2018-07-01,12,ratio_only,0.01712250731202619,0.22147827199514847,534
2018-07-01,12,gold_own_history,0.037791334034023204,0.22147827199514847,534
2018-07-01,12,gold_plus_silver,0.01238006252548668,0.22147827199514847,534
2018-08-01,12,historical_mean,0.05701595824414811,0.23211818359734515,535
2018-08-01,12,ratio_only,0.014947562814571103,0.23211818359734515,535
2018-08-01,12,gold_own_history,0.02805062946397011,0.23211818359734515,535
2018-08-01,12,gold_plus_silver,0.0039189880014258716,0.23211818359734515,535
2018-09-01,12,historical_mean,0.056737155298974024,0.20738213005013773,536
2018-09-01,12,ratio_only,0.00939886294770842,0.20738213005013773,536
2018-09-01,12,gold_own_history,0.02878226671342477,0.20738213005013773,536
2018-09-01,12,gold_plus_silver,0.001293931248742608,0.20738213005013773,536
2018-10-01,12,historical_mean,0.056534449234843694,0.18627224649073337,537
2018-10-01,12,ratio_only,0.009859568151409204,0.18627224649073337,537
2018-10-01,12,gold_own_history,0.0386174574236379,0.18627224649073337,537
2018-10-01,12,gold_plus_silver,0.011461192125232944,0.18627224649073337,537
2018-11-01,12,historical_mean,0.05633875107015084,0.16822263241445334,538
2018-11-01,12,ratio_only,0.0074093258850208565,0.16822263241445334,538
2018-11-01,12,gold_own_history,0.03714120957454928,0.16822263241445334,538
2018-11-01,12,gold_plus_silver,0.0074877502784426175,0.16822263241445334,538
2018-12-01,12,historical_mean,0.0562135627668473,0.18913523617288508,539
2018-12-01,12,ratio_only,0.007728302489378502,0.18913523617288508,539
2018-12-01,12,gold_own_history,0.04693130086472385,0.18913523617288508,539
2018-12-01,12,gold_plus_silver,0.016693843868278935,0.18913523617288508,539
2019-01-01,12,historical_mean,0.05605439110607062,0.19049513263459605,540
2019-01-01,12,ratio_only,0.009793895730995317,0.19049513263459605,540
2019-01-01,12,gold_own_history,0.04577225448309628,0.19049513263459605,540
2019-01-01,12,gold_plus_silver,0.018256549555678514,0.19049513263459605,540
2019-02-01,12,historical_mean,0.055935438806771605,0.20185788789182357,541
2019-02-01,12,ratio_only,0.00867548919586869,0.20185788789182357,541
2019-02-01,12,gold_own_history,0.04665266912755645,0.20185788789182357,541
2019-02-01,12,gold_plus_silver,0.016627190445375195,0.20185788789182357,541
2019-03-01,12,historical_mean,0.0557985113183683,0.26904128939324146,542
2019-03-01,12,ratio_only,0.006477852960288022,0.26904128939324146,542
2019-03-01,12,gold_own_history,0.037587355853828414,0.26904128939324146,542
2019-03-01,12,gold_plus_silver,0.006115247597723361,0.26904128939324146,542
2019-04-01,12,historical_mean,0.0556268848407345,0.2900157957980012,543
2019-04-01,12,ratio_only,0.006061429689841469,0.2900157957980012,543
2019-04-01,12,gold_own_history,0.0348973717190694,0.2900157957980012,543
2019-04-01,12,gold_plus_silver,0.004467989718605736,0.2900157957980012,543
2019-05-01,12,historical_mean,0.055497627528757164,0.24252767497123706,544
2019-05-01,12,ratio_only,0.002979421512535163,0.24252767497123706,544
2019-05-01,12,gold_own_history,0.040509486113678016,0.24252767497123706,544
2019-05-01,12,gold_plus_silver,0.006306757301758781,0.24252767497123706,544
2019-06-01,12,historical_mean,0.055502820462962246,0.2678475975147121,545
2019-06-01,12,ratio_only,-0.0010805757157402729,0.2678475975147121,545
2019-06-01,12,gold_own_history,0.06429370441724441,0.2678475975147121,545
2019-06-01,12,gold_plus_silver,0.02391207336372203,0.2678475975147121,545
2019-07-01,12,historical_mean,0.055643324325557526,0.2720606915488242,546
2019-07-01,12,ratio_only,0.0009683298409917107,0.2720606915488242,546
2019-07-01,12,gold_own_history,0.07278446872084796,0.2720606915488242,546
2019-07-01,12,gold_plus_silver,0.03225989795290857,0.2720606915488242,546
2019-08-01,12,historical_mean,0.055946496076324605,0.24059462725749814,547
2019-08-01,12,ratio_only,0.004825997261069137,0.24059462725749814,547
2019-08-01,12,gold_own_history,0.09153121776376,0.24059462725749814,547
2019-08-01,12,gold_plus_silver,0.05044259937944351,0.24059462725749814,547
2019-09-01,12,historical_mean,0.056267977257932304,0.2397276793297456,548
2019-09-01,12,ratio_only,0.011416871999053835,0.2397276793297456,548
2019-09-01,12,gold_own_history,0.08319471578978369,0.2397276793297456,548
2019-09-01,12,gold_plus_silver,0.04704342610871021,0.2397276793297456,548
2019-10-01,12,historical_mean,0.056543230723856176,0.23785466080585138,549
2019-10-01,12,ratio_only,0.009778651515249204,0.23785466080585138,549
2019-10-01,12,gold_own_history,0.07588678810859978,0.23785466080585138,549
2019-10-01,12,gold_plus_silver,0.03740768856010157,0.23785466080585138,549
2019-11-01,12,historical_mean,0.05677910166161414,0.2281344566629837,550
2019-11-01,12,ratio_only,0.009855198228165107,0.2281344566629837,550
2019-11-01,12,gold_own_history,0.0715329392614852,0.2281344566629837,550
2019-11-01,12,gold_plus_silver,0.034400887274083025,0.2281344566629837,550
2019-12-01,12,historical_mean,0.056981358523234535,0.1790062230262901,551
2019-12-01,12,ratio_only,0.009398939014257146,0.1790062230262901,551
2019-12-01,12,gold_own_history,0.07305455107557708,0.1790062230262901,551
2019-12-01,12,gold_plus_silver,0.036253313385598784,0.1790062230262901,551
2020-01-01,12,historical_mean,0.05722076772187521,0.12409439273710898,552
2020-01-01,12,ratio_only,0.009987759318696998,0.12409439273710898,552
2020-01-01,12,gold_own_history,0.08627938560811804,0.12409439273710898,552
2020-01-01,12,gold_plus_silver,0.0494160777150619,0.12409439273710898,552
2020-02-01,12,historical_mean,0.05746177019007181,0.07616973613987188,553
2020-02-01,12,ratio_only,0.007796674822654226,0.07616973613987188,553
2020-02-01,12,gold_own_history,0.08047965445657482,0.07616973613987188,553
2020-02-01,12,gold_plus_silver,0.041337863538777,0.07616973613987188,553
2020-03-01,12,historical_mean,0.057722413001807825,0.044735893841391317,554
2020-03-01,12,ratio_only,-0.010303098289483947,0.044735893841391317,554
2020-03-01,12,gold_own_history,0.07711423535437631,0.044735893841391317,554
2020-03-01,12,gold_plus_silver,0.021059555248189088,0.044735893841391317,554
2020-04-01,12,historical_mean,0.058103167734044635,0.07518963802446255,555
2020-04-01,12,ratio_only,-0.013036743035154452,0.07518963802446255,555
2020-04-01,12,gold_own_history,0.1000538697352299,0.07518963802446255,555
2020-04-01,12,gold_plus_silver,0.04408030116663436,0.07518963802446255,555
2020-05-01,12,historical_mean,0.058520276777325145,0.0577676713662898,556
2020-05-01,12,ratio_only,-0.005370587695514795,0.0577676713662898,556
2020-05-01,12,gold_own_history,0.0961549447939247,0.0577676713662898,556
2020-05-01,12,gold_plus_silver,0.0476419928042176,0.0577676713662898,556
2020-06-01,12,historical_mean,0.05885063117264634,-0.021341439247118288,557
2020-06-01,12,ratio_only,0.0034510060232575968,-0.021341439247118288,557
2020-06-01,12,gold_own_history,0.08695131931780961,-0.021341439247118288,557
2020-06-01,12,gold_plus_silver,0.04649247871982942,-0.021341439247118288,557
2020-07-01,12,historical_mean,0.05922517770730954,-0.09810738442538636,558
2020-07-01,12,ratio_only,0.013640840143891886,-0.09810738442538636,558
2020-07-01,12,gold_own_history,0.10280358135389378,-0.09810738442538636,558
2020-07-01,12,gold_plus_silver,0.06851063226728205,-0.09810738442538636,558
2020-08-01,12,historical_mean,0.059605921023662876,-0.07956588762072148,559
2020-08-01,12,ratio_only,0.034859390405439394,-0.07956588762072148,559
2020-08-01,12,gold_own_history,0.10402424092565848,-0.07956588762072148,559
2020-08-01,12,gold_plus_silver,0.08657609027854579,-0.07956588762072148,559
2020-09-01,12,historical_mean,0.05992911514193757,-0.06692733699988107,560
2020-09-01,12,ratio_only,0.033315208280509934,-0.06692733699988107,560
2020-09-01,12,gold_own_history,0.0801634807848444,-0.06692733699988107,560
2020-09-01,12,gold_plus_silver,0.057172899929448406,-0.06692733699988107,560
2020-10-01,12,historical_mean,0.060249611691291956,-0.023862303587385725,561
2020-10-01,12,ratio_only,0.029594193897043763,-0.023862303587385725,561
2020-10-01,12,gold_own_history,0.08333713102465262,-0.023862303587385725,561
2020-10-01,12,gold_plus_silver,0.05749733789676886,-0.023862303587385725,561
2020-11-01,12,historical_mean,0.060565634910357005,-0.03728502053898275,562
2020-11-01,12,ratio_only,0.031743639801291024,-0.03728502053898275,562
2020-11-01,12,gold_own_history,0.08217513380627323,-0.03728502053898275,562
2020-11-01,12,gold_plus_silver,0.060015288403643896,-0.03728502053898275,562
2020-12-01,12,historical_mean,0.060863270472972686,-0.027696584380484168,563
2020-12-01,12,ratio_only,0.03624381491316714,-0.027696584380484168,563
2020-12-01,12,gold_own_history,0.08412057329109662,-0.027696584380484168,563
2020-12-01,12,gold_plus_silver,0.06613996535805192,-0.027696584380484168,563
2021-01-01,12,historical_mean,0.061072743793102686,0.026202372394024565,564
2021-01-01,12,ratio_only,0.039537097807908816,0.026202372394024565,564
2021-01-01,12,gold_own_history,0.07853667265395337,0.026202372394024565,564
2021-01-01,12,gold_plus_silver,0.06366336812188056,0.026202372394024565,564
2021-02-01,12,historical_mean,0.061184286534596496,0.12564238165828012,565
2021-02-01,12,ratio_only,0.047345421215593986,0.12564238165828012,565
2021-02-01,12,gold_own_history,0.0620325578700863,0.12564238165828012,565
2021-02-01,12,gold_plus_silver,0.05503327732480137,0.12564238165828012,565
2021-03-01,12,historical_mean,0.061210762593969785,0.09582657537479822,566
2021-03-01,12,ratio_only,0.04635056842735069,0.09582657537479822,566
2021-03-01,12,gold_own_history,0.050392795769137674,0.09582657537479822,566
2021-03-01,12,gold_plus_silver,0.04089395514133437,0.09582657537479822,566
2021-04-01,12,historical_mean,0.06118170638805694,-0.0005406866852455394,567
2021-04-01,12,ratio_only,0.04472539127188252,-0.0005406866852455394,567
2021-04-01,12,gold_own_history,0.06138932983325975,-0.0005406866852455394,567
2021-04-01,12,gold_plus_silver,0.0515776438964608,-0.0005406866852455394,567
2021-05-01,12,historical_mean,0.061206368239529504,0.0010893247264549544,568
2021-05-01,12,ratio_only,0.04654505347492449,0.0010893247264549544,568
2021-05-01,12,gold_own_history,0.07161323200419949,0.0010893247264549544,568
2021-05-01,12,gold_plus_silver,0.06327983856179237,0.0010893247264549544,568
2021-06-01,12,historical_mean,0.06120032483553436,-0.042367251236515635,569
2021-06-01,12,ratio_only,0.045842904880608104,-0.042367251236515635,569
2021-06-01,12,gold_own_history,0.05644198668715258,-0.042367251236515635,569
2021-06-01,12,gold_plus_silver,0.04713911224772818,-0.042367251236515635,569
2021-07-01,12,historical_mean,0.06105551472310864,-0.011267724846342198,570
2021-07-01,12,ratio_only,0.0427506598020454,-0.011267724846342198,570
2021-07-01,12,gold_own_history,0.042401745833060306,-0.011267724846342198,570
2021-07-01,12,gold_plus_silver,0.03257751730697517,-0.011267724846342198,570
2021-08-01,12,historical_mean,0.060776770591500065,-0.054411568500900565,571
2021-08-01,12,ratio_only,0.0375119019384022,-0.054411568500900565,571
2021-08-01,12,gold_own_history,0.030710961397481175,-0.054411568500900565,571
2021-08-01,12,gold_plus_silver,0.019507444066286544,-0.054411568500900565,571
2021-09-01,12,historical_mean,0.060531416293926256,-0.06570220677349692,572
2021-09-01,12,ratio_only,0.03470190365097181,-0.06570220677349692,572
2021-09-01,12,gold_own_history,0.0349597097502117,-0.06570220677349692,572
2021-09-01,12,gold_plus_silver,0.022451656241619128,-0.06570220677349692,572
2021-10-01,12,historical_mean,0.06030897518870146,-0.05470774835444381,573
2021-10-01,12,ratio_only,0.03504089367041091,-0.05470774835444381,573
2021-10-01,12,gold_own_history,0.0381823417811912,-0.05470774835444381,573
2021-10-01,12,gold_plus_silver,0.0255873980943776,-0.05470774835444381,573
2021-11-01,12,historical_mean,0.06016233533020652,0.00445931619676454,574
2021-11-01,12,ratio_only,0.03561891807035955,0.00445931619676454,574
2021-11-01,12,gold_own_history,0.04969075284837405,0.00445931619676454,574
2021-11-01,12,gold_plus_silver,0.036472398554213054,0.00445931619676454,574
2021-12-01,12,historical_mean,0.05999286166782534,0.0441644200086353,575
2021-12-01,12,ratio_only,0.030517088144111637,0.0441644200086353,575
2021-12-01,12,gold_own_history,0.038514047091627326,0.0441644200086353,575
2021-12-01,12,gold_plus_silver,0.022003468408227034,0.0441644200086353,575
2022-01-01,12,historical_mean,0.05984062304621369,-0.0005389383046106033,576
2022-01-01,12,ratio_only,0.03175448736552988,-0.0005389383046106033,576
2022-01-01,12,gold_own_history,0.0467319680762362,-0.0005389383046106033,576
2022-01-01,12,gold_plus_silver,0.030920957555332862,-0.0005389383046106033,576
2022-02-01,12,historical_mean,0.05978232451822029,-0.018130514762227712,577
2022-02-01,12,ratio_only,0.03092208737808072,-0.018130514762227712,577
2022-02-01,12,gold_own_history,0.05639321778628005,-0.018130514762227712,577
2022-02-01,12,gold_plus_silver,0.03863438969020355,-0.018130514762227712,577
2022-03-01,12,historical_mean,0.059896269253756726,0.032006796135086724,578
2022-03-01,12,ratio_only,0.03337603023397051,0.032006796135086724,578
2022-03-01,12,gold_own_history,0.07716259949010539,0.032006796135086724,578
2022-03-01,12,gold_plus_silver,0.05831925356039547,0.032006796135086724,578
2022-04-01,12,historical_mean,0.05995832505016612,0.0744942067574188,579
2022-04-01,12,ratio_only,0.031157754068778187,0.0744942067574188,579
2022-04-01,12,gold_own_history,0.06123323793523111,0.0744942067574188,579
2022-04-01,12,gold_plus_silver,0.041379390854406395,0.0744942067574188,579
2022-05-01,12,historical_mean,0.059854016409243004,0.05609936416231509,580
2022-05-01,12,ratio_only,0.025211557758377412,0.05609936416231509,580
2022-05-01,12,gold_own_history,0.03796580514686815,0.05609936416231509,580
2022-05-01,12,gold_plus_silver,0.016633490984863053,0.05609936416231509,580
2022-06-01,12,historical_mean,0.0597528723615962,0.11848805090750503,581
2022-06-01,12,ratio_only,0.02444278185001325,0.11848805090750503,581
2022-06-01,12,gold_own_history,0.046508939816916325,0.11848805090750503,581
2022-06-01,12,gold_plus_silver,0.02495926055456882,0.11848805090750503,581
2022-07-01,12,historical_mean,0.059577408231702544,0.0836535266403029,582
2022-07-01,12,ratio_only,0.018432228175166765,0.0836535266403029,582
2022-07-01,12,gold_own_history,0.02894570711726671,0.0836535266403029,582
2022-07-01,12,gold_plus_silver,0.004334986610559255,0.0836535266403029,582
2022-08-01,12,historical_mean,0.05945588999314672,0.13085082512218982,583
2022-08-01,12,ratio_only,0.01938864871744661,0.13085082512218982,583
2022-08-01,12,gold_own_history,0.049536340122070456,0.13085082512218982,583
2022-08-01,12,gold_plus_silver,0.025328967627420318,0.13085082512218982,583
2022-09-01,12,historical_mean,0.05926091146832814,0.14101533714965164,584
2022-09-01,12,ratio_only,0.019716199426615733,0.14101533714965164,584
2022-09-01,12,gold_own_history,0.02874574903913829,0.14101533714965164,584
2022-09-01,12,gold_plus_silver,0.0057511779805488605,0.14101533714965164,584
2022-10-01,12,historical_mean,0.0590472993003934,0.13988795837935797,585
2022-10-01,12,ratio_only,0.022610575053137127,0.13988795837935797,585
2022-10-01,12,gold_own_history,0.0348624842065027,0.13988795837935797,585
2022-10-01,12,gold_plus_silver,0.014652760844601265,0.13988795837935797,585
2022-11-01,12,historical_mean,0.058853178058661595,0.1193884697770633,586
2022-11-01,12,ratio_only,0.02621081119484453,0.1193884697770633,586
2022-11-01,12,gold_own_history,0.045963053395796885,0.1193884697770633,586
2022-11-01,12,gold_plus_silver,0.028251019638707908,0.1193884697770633,586
2022-12-01,12,historical_mean,0.05876051389876058,0.0692035974386318,587
2022-12-01,12,ratio_only,0.03177570369717997,0.0692035974386318,587
2022-12-01,12,gold_own_history,0.056046108484670176,0.0692035974386318,587
2022-12-01,12,gold_plus_silver,0.04048052233462113,0.0692035974386318,587
2023-01-01,12,historical_mean,0.058735690609831796,0.0866968621262103,588
2023-01-01,12,ratio_only,0.02846570510970231,0.0866968621262103,588
2023-01-01,12,gold_own_history,0.06478499938142449,0.0866968621262103,588
2023-01-01,12,gold_plus_silver,0.045589184735687016,0.0866968621262103,588
2023-02-01,12,historical_mean,0.058635054567532235,0.12050917637782721,589
2023-02-01,12,ratio_only,0.023275364854032532,0.12050917637782721,589
2023-02-01,12,gold_own_history,0.041860860043173666,0.12050917637782721,589
2023-02-01,12,gold_plus_silver,0.02003497776673424,0.12050917637782721,589
2023-03-01,12,historical_mean,0.05850494343307502,0.15315017949367515,590
2023-03-01,12,ratio_only,0.020713436634252458,0.15315017949367515,590
2023-03-01,12,gold_own_history,0.050084065818104775,0.15315017949367515,590
2023-03-01,12,gold_plus_silver,0.0275675984452452,0.15315017949367515,590
2023-04-01,12,historical_mean,0.05846010731243544,0.16570161039552556,591
2023-04-01,12,ratio_only,0.02829517108498264,0.16570161039552556,591
2023-04-01,12,gold_own_history,0.06048962339759298,0.16570161039552556,591
2023-04-01,12,gold_plus_silver,0.041981360220092856,0.16570161039552556,591
2023-05-01,12,historical_mean,0.058487191939876296,0.17991688370116954,592
2023-05-01,12,ratio_only,0.026235198686829164,0.17991688370116954,592
2023-05-01,12,gold_own_history,0.05716745233682988,0.17991688370116954,592
2023-05-01,12,gold_plus_silver,0.03534086727926139,0.17991688370116954,592
2023-06-01,12,historical_mean,0.05848316524885174,0.2062929949643486,593
2023-06-01,12,ratio_only,0.025199306090756823,0.2062929949643486,593
2023-06-01,12,gold_own_history,0.05012626090098029,0.2062929949643486,593
2023-06-01,12,gold_plus_silver,0.028097443079182605,0.2062929949643486,593
2023-07-01,12,historical_mean,0.0585841835748764,0.2524139336143225,594
2023-07-01,12,ratio_only,0.028602358187854726,0.2524139336143225,594
2023-07-01,12,gold_own_history,0.06575359565845754,0.2524139336143225,594
2023-07-01,12,gold_plus_silver,0.0444317370473179,0.2524139336143225,594
2023-08-01,12,historical_mean,0.0586263169245662,0.2940552487350834,595
2023-08-01,12,ratio_only,0.026975760035558904,0.2940552487350834,595
2023-08-01,12,gold_own_history,0.056352624263091025,0.2940552487350834,595
2023-08-01,12,gold_plus_silver,0.034856305145468724,0.2940552487350834,595
2023-09-01,12,historical_mean,0.058747498985300475,0.33930151406507925,596
2023-09-01,12,ratio_only,0.026434010937644248,0.33930151406507925,596
2023-09-01,12,gold_own_history,0.06672405084621102,0.33930151406507925,596
2023-09-01,12,gold_plus_silver,0.043593573988484735,0.33930151406507925,596
2023-10-01,12,historical_mean,0.058885301059277605,0.2898219184442077,597
2023-10-01,12,ratio_only,0.024234197135904967,0.2898219184442077,597
2023-10-01,12,gold_own_history,0.06880248822956854,0.2898219184442077,597
2023-10-01,12,gold_plus_silver,0.04396498408693694,0.2898219184442077,597
2023-11-01,12,historical_mean,0.0590207570079734,0.2677412322482704,598
2023-11-01,12,ratio_only,0.02585106188570213,0.2677412322482704,598
2023-11-01,12,gold_own_history,0.0756464920124016,0.2677412322482704,598
2023-11-01,12,gold_plus_silver,0.05222519010787696,0.2677412322482704,598
