date,nav,acc_nav,daily_return_pct,subscription_status,redemption_status,cmb_mid,cmb_trade,fund_buy,fund_sell
2020-08-05,1.0,1.0,,封闭期,封闭期,456.0779442231776,False,False,False
2020-08-07,1.0,1.0,,封闭期,封闭期,460.79649294388577,False,False,False
2020-08-11,0.9998,0.9998,,封闭期,封闭期,446.828941683324,False,False,False
2020-08-12,0.9992,0.9992,-0.06,开放申购,开放赎回,431.34201021170725,True,True,True
2020-08-13,0.9993,0.9993,0.01,开放申购,开放赎回,430.62074893254095,True,True,True
2020-08-14,0.9994,0.9994,0.01,开放申购,开放赎回,434.94225141863694,True,True,True
2020-08-17,0.9998,0.9998,0.04,开放申购,开放赎回,435.6518589858099,True,True,True
2020-08-18,1.0008,1.0008,0.1,开放申购,开放赎回,446.8728250549799,True,True,True
2020-08-19,0.9999,0.9999,-0.09,开放申购,开放赎回,443.49360122527713,True,True,True
2020-08-20,0.9983,0.9983,-0.16,开放申购,开放赎回,428.90907460053086,True,True,True
2020-08-21,0.9983,0.9983,0.0,开放申购,开放赎回,429.7034569121805,True,True,True
2020-08-24,0.9979,0.9979,-0.04,开放申购,开放赎回,433.20316431601015,True,True,True
2020-08-25,0.9981,0.9981,0.02,开放申购,开放赎回,428.31211814793096,True,True,True
2020-08-26,0.9979,0.9979,-0.02,开放申购,开放赎回,426.3343393633365,True,True,True
2020-08-27,0.9989,0.9989,0.1,开放申购,开放赎回,429.1624497895623,True,True,True
2020-08-28,0.9989,0.9989,0.0,开放申购,开放赎回,433.2069472003804,True,True,True
2020-08-31,0.9993,0.9993,0.04,开放申购,开放赎回,433.2069472003804,False,True,True
2020-09-01,1.0001,1.0001,0.08,开放申购,开放赎回,437.6644302222489,True,True,True
2020-09-02,0.9995,0.9995,-0.06,开放申购,开放赎回,432.2136500543932,True,True,True
2020-09-03,0.998,0.998,-0.15,开放申购,开放赎回,425.16216673038053,True,True,True
2020-09-04,0.9983,0.9983,0.03,开放申购,开放赎回,426.4610678731125,True,True,True
2020-09-07,0.9982,0.9982,-0.01,开放申购,开放赎回,424.16956501887364,True,True,True
2020-09-08,0.9983,0.9983,0.01,开放申购,开放赎回,421.71292184860806,True,True,True
2020-09-09,0.9983,0.9983,0.0,开放申购,开放赎回,424.3927706914268,True,True,True
2020-09-10,0.9991,0.9991,0.08,开放申购,开放赎回,427.17039944682136,True,True,True
2020-09-11,0.9989,0.9989,-0.02,开放申购,开放赎回,427.19828900436073,True,True,True
2020-09-14,0.9989,0.9989,0.0,开放申购,开放赎回,426.72118180712596,True,True,True
2020-09-15,0.9992,0.9992,0.03,开放申购,开放赎回,429.85575817099044,True,True,True
2020-09-16,0.9989,0.9989,-0.03,开放申购,开放赎回,428.3101147013993,True,True,True
2020-09-17,0.9983,0.9983,-0.06,开放申购,开放赎回,420.39795831153754,True,True,True
2020-09-18,0.9986,0.9986,0.03,开放申购,开放赎回,425.1011777935024,True,True,True
2020-09-21,0.9986,0.9986,0.0,开放申购,开放赎回,420.15661230101983,True,True,True
2020-09-22,0.9961,0.9961,-0.25,开放申购,开放赎回,416.92612779828073,True,True,True
2020-09-23,0.9942,0.9942,-0.19,开放申购,开放赎回,411.4748012621876,True,True,True
2020-09-24,0.9926,0.9926,-0.16,开放申购,开放赎回,407.557953475362,True,True,True
2020-09-25,0.9943,0.9943,0.17,开放申购,开放赎回,410.50525397337645,True,True,True
2020-09-28,0.994,0.994,-0.03,开放申购,开放赎回,406.02091002064503,True,True,True
2020-09-29,0.996,0.996,0.2,开放申购,开放赎回,412.1934709941998,True,True,True
2020-09-30,0.996,0.996,0.0,开放申购,开放赎回,412.6909887058371,True,True,True
2020-10-09,0.9965,0.9965,0.05,开放申购,开放赎回,417.4345471620661,True,True,True
2020-10-12,0.999,0.999,0.25,开放申购,开放赎回,413.1552568604193,True,True,True
2020-10-13,0.9979,0.9979,-0.11,开放申购,开放赎回,416.5014622061329,True,True,True
2020-10-14,0.9942,0.9942,-0.37,开放申购,开放赎回,411.2885425526062,True,True,True
2020-10-15,0.9939,0.9939,-0.03,开放申购,开放赎回,408.31825656855614,True,True,True
2020-10-16,0.9952,0.9952,0.13,开放申购,开放赎回,412.5116224043821,True,True,True
2020-10-19,0.9955,0.9955,0.03,开放申购,开放赎回,411.22431445428805,True,True,True
2020-10-20,0.994,0.994,-0.15,开放申购,开放赎回,409.4639385117105,True,True,True
2020-10-21,0.9955,0.9955,0.15,开放申购,开放赎回,411.83096971921765,True,True,True
2020-10-22,0.9955,0.9955,0.0,开放申购,开放赎回,409.82726030181493,True,True,True
2020-10-23,0.9942,0.9942,-0.13,开放申购,开放赎回,410.5487892874513,True,True,True
2020-10-26,0.9925,0.9925,-0.17,开放申购,开放赎回,408.7493847435844,True,True,True
2020-10-27,0.9958,0.9958,0.33,开放申购,开放赎回,409.7319233768291,True,True,True
2020-10-28,0.9961,0.9961,0.03,开放申购,开放赎回,408.86880075956327,True,True,True
2020-10-29,0.9907,0.9907,-0.54,开放申购,开放赎回,405.97580936614605,True,True,True
2020-10-30,0.988,0.988,-0.27,开放申购,开放赎回,404.9104125292173,True,True,True
2020-11-02,0.9917,0.9917,0.37,开放申购,开放赎回,405.76360988251787,True,True,True
2020-11-03,0.9935,0.9935,0.18,开放申购,开放赎回,408.617559616747,True,True,True
2020-11-04,0.9954,0.9954,0.19,开放申购,开放赎回,405.3917500019506,True,True,True
2020-11-05,0.9951,0.9951,-0.03,开放申购,开放赎回,409.9398143471809,True,True,True
2020-11-06,0.9997,0.9997,0.46,开放申购,开放赎回,413.6707629217526,True,True,True
2020-11-09,0.9991,0.9991,-0.06,开放申购,开放赎回,416.01548130705913,True,True,True
2020-11-10,0.9831,0.9831,-1.6,开放申购,开放赎回,399.5381164893899,True,True,True
2020-11-11,0.9811,0.9811,-0.2,开放申购,开放赎回,399.0128754874685,True,True,True
2020-11-12,0.9801,0.9801,-0.1,开放申购,开放赎回,398.2298844167659,True,True,True
2020-11-13,0.983,0.983,0.3,开放申购,开放赎回,399.18459887318227,True,True,True
2020-11-16,0.983,0.983,0.0,开放申购,开放赎回,400.4421268146797,True,True,True
2020-11-17,0.9806,0.9806,-0.24,开放申购,开放赎回,399.09031058829686,True,True,True
2020-11-18,0.9758,0.9758,-0.49,开放申购,开放赎回,395.62244863529446,True,True,True
2020-11-19,0.9713,0.9713,-0.46,开放申购,开放赎回,391.71234078464397,True,True,True
2020-11-20,0.9714,0.9714,0.01,开放申购,开放赎回,395.1114722597566,True,True,True
2020-11-23,0.9722,0.9722,0.08,开放申购,开放赎回,393.2058643295438,True,True,True
2020-11-24,0.9523,0.9523,-2.05,开放申购,开放赎回,384.88556211096795,True,True,True
2020-11-25,0.9414,0.9414,-1.14,开放申购,开放赎回,383.1952997226607,True,True,True
2020-11-26,0.9419,0.9419,0.05,开放申购,开放赎回,383.789108511862,True,True,True
2020-11-27,0.9417,0.9417,-0.02,开放申购,开放赎回,382.1767242669667,True,True,True
2020-11-30,0.9206,0.9206,-2.24,开放申购,开放赎回,374.63154532387705,True,True,True
2020-12-01,0.926,0.926,0.59,开放申购,开放赎回,379.8624851957312,True,True,True
2020-12-02,0.939,0.939,1.4,开放申购,开放赎回,387.2219051715418,True,True,True
2020-12-03,0.9482,0.9482,0.98,开放申购,开放赎回,387.11721355949015,True,True,True
2020-12-04,0.9493,0.9493,0.12,开放申购,开放赎回,386.8248239891329,True,True,True
2020-12-07,0.9487,0.9487,-0.06,开放申购,开放赎回,384.8214103846852,True,True,True
2020-12-08,0.9605,0.9605,1.24,开放申购,开放赎回,391.36335127363964,True,True,True
2020-12-09,0.956,0.956,-0.47,开放申购,开放赎回,390.55620655659317,True,True,True
2020-12-10,0.9472,0.9472,-0.92,开放申购,开放赎回,385.7994229869663,True,True,True
2020-12-11,0.9466,0.9466,-0.06,开放申购,开放赎回,385.81344239007484,True,True,True
2020-12-14,0.9461,0.9461,-0.05,开放申购,开放赎回,383.07005467373,True,True,True
2020-12-15,0.952,0.952,0.62,开放申购,开放赎回,388.36852188777357,True,True,True
2020-12-16,0.9584,0.9584,0.67,开放申购,开放赎回,391.27666829146153,True,True,True
2020-12-17,0.9633,0.9633,0.51,开放申购,开放赎回,393.0836170092863,True,True,True
2020-12-18,0.9704,0.9704,0.74,开放申购,开放赎回,394.82236845071236,True,True,True
2020-12-21,0.9823,0.9823,1.23,开放申购,开放赎回,392.7990963149577,True,True,True
2020-12-22,0.9689,0.9689,-1.36,开放申购,开放赎回,394.3849552020395,True,True,True
2020-12-23,0.9658,0.9658,-0.32,开放申购,开放赎回,392.71949768780104,True,True,True
2020-12-24,0.9692,0.9692,0.35,开放申购,开放赎回,392.71949768780104,False,True,True
2020-12-25,0.9729,0.9729,0.38,开放申购,开放赎回,392.71949768780104,False,True,True
2020-12-28,0.9738,0.9738,0.09,开放申购,开放赎回,392.71949768780104,False,True,True
2020-12-29,0.9686,0.9686,-0.53,开放申购,开放赎回,393.7521604469104,True,True,True
2020-12-30,0.9685,0.9685,-0.01,开放申购,开放赎回,394.1810741211306,True,True,True
2020-12-31,0.9734,0.9734,0.51,开放申购,开放赎回,396.5306027596024,True,True,True
2021-01-04,0.9862,0.9862,1.31,开放申购,开放赎回,405.4847567784479,True,True,True
2021-01-05,0.9915,0.9915,0.54,开放申购,开放赎回,404.31768755250744,True,True,True
2021-01-06,0.9934,0.9934,0.19,开放申购,开放赎回,406.19632022184817,True,True,True
2021-01-07,0.9864,0.9864,-0.7,开放申购,开放赎回,396.9562914609183,True,True,True
2021-01-08,0.9799,0.9799,-0.66,开放申购,开放赎回,393.8572043869013,True,True,True
2021-01-11,0.9536,0.9536,-2.68,开放申购,开放赎回,384.6261768851223,True,True,True
2021-01-12,0.9611,0.9611,0.79,开放申购,开放赎回,387.8739887296311,True,True,True
2021-01-13,0.9597,0.9597,-0.15,开放申购,开放赎回,384.90475957379266,True,True,True
2021-01-14,0.9535,0.9535,-0.65,开放申购,开放赎回,382.62271580005466,True,True,True
2021-01-15,0.9566,0.9566,0.33,开放申购,开放赎回,385.8139993755682,True,True,True
2021-01-18,0.9543,0.9543,-0.24,开放申购,开放赎回,382.06165997835865,True,True,True
2021-01-19,0.9549,0.9549,0.06,开放申购,开放赎回,384.66114202700635,True,True,True
2021-01-20,0.9584,0.9584,0.37,开放申购,开放赎回,386.2562847749888,True,True,True
2021-01-21,0.9658,0.9658,0.77,开放申购,开放赎回,388.22363160852206,True,True,True
2021-01-22,0.9621,0.9621,-0.38,开放申购,开放赎回,385.06470438686625,True,True,True
2021-01-25,0.958,0.958,-0.43,开放申购,开放赎回,386.6375723541742,True,True,True
2021-01-26,0.9598,0.9598,0.19,开放申购,开放赎回,386.0123810444417,True,True,True
2021-01-27,0.9547,0.9547,-0.53,开放申购,开放赎回,383.70550726736616,True,True,True
2021-01-28,0.9511,0.9511,-0.38,开放申购,开放赎回,383.3910710344138,True,True,True
2021-01-29,0.9547,0.9547,0.38,开放申购,开放赎回,384.1033848075931,True,True,True
2021-02-01,0.964,0.964,0.97,开放申购,开放赎回,383.87054595944335,True,True,True
2021-02-02,0.9579,0.9579,-0.63,开放申购,开放赎回,384.0766649449621,True,True,True
2021-02-03,0.9484,0.9484,-0.99,开放申购,开放赎回,380.84349878292,True,True,True
2021-02-04,0.9417,0.9417,-0.71,开放申购,开放赎回,376.20114509575444,True,True,True
2021-02-05,0.9319,0.9319,-1.04,开放申购,开放赎回,376.24681559817947,True,True,True
2021-02-08,0.9394,0.9394,0.8,开放申购,开放赎回,376.6005244760012,True,True,True
2021-02-09,0.9495,0.9495,1.08,开放申购,开放赎回,382.8046103023328,True,True,True
2021-02-10,0.9496,0.9496,0.01,开放申购,开放赎回,381.34404446374486,True,True,True
2021-02-18,0.9234,0.9234,-2.76,开放申购,开放赎回,370.13898999567067,True,True,True
2021-02-19,0.9198,0.9198,-0.39,开放申购,开放赎回,369.9480508131832,True,True,True
2021-02-22,0.9291,0.9291,1.01,开放申购,开放赎回,375.09172161822,True,True,True
2021-02-23,0.9379,0.9379,0.95,开放申购,开放赎回,376.0023178922969,True,True,True
2021-02-24,0.9364,0.9364,-0.16,开放申购,开放赎回,375.52896420816705,True,True,True
2021-02-25,0.928,0.928,-0.9,开放申购,开放赎回,371.97762191600265,True,True,True
2021-02-26,0.9152,0.9152,-1.38,开放申购,开放赎回,366.24853256017377,True,True,True
2021-03-01,0.9104,0.9104,-0.52,开放申购,开放赎回,363.8360922504404,True,True,True
2021-03-02,0.8955,0.8955,-1.64,开放申购,开放赎回,359.17661010706183,True,True,True
2021-03-03,0.8993,0.8993,0.42,开放申购,开放赎回,359.22511682034656,True,True,True
2021-03-04,0.8917,0.8917,-0.85,开放申购,开放赎回,355.54069325141893,True,True,True
2021-03-05,0.8837,0.8837,-0.9,开放申购,开放赎回,352.7498641914841,True,True,True
2021-03-08,0.8929,0.8929,1.04,开放申购,开放赎回,353.8716503202798,True,True,True
2021-03-09,0.8893,0.8893,-0.4,开放申购,开放赎回,357.2081420610996,True,True,True
2021-03-10,0.8982,0.8982,1.0,开放申购,开放赎回,357.97716216134825,True,True,True
2021-03-11,0.9055,0.9055,0.81,开放申购,开放赎回,363.1357082854339,True,True,True
2021-03-12,0.8948,0.8948,-1.18,开放申购,开放赎回,355.68686334118684,True,True,True
2021-03-15,0.9017,0.9017,0.77,开放申购,开放赎回,361.0129503558225,True,True,True
2021-03-16,0.9035,0.9035,0.2,开放申购,开放赎回,361.9545310865015,True,True,True
2021-03-17,0.9061,0.9061,0.29,开放申购,开放赎回,363.2667827275873,True,True,True
2021-03-18,0.913,0.913,0.76,开放申购,开放赎回,362.5369301068736,True,True,True
2021-03-19,0.9088,0.9088,-0.46,开放申购,开放赎回,363.30788225488817,True,True,True
2021-03-22,0.9053,0.9053,-0.39,开放申购,开放赎回,362.18995059856235,True,True,True
2021-03-23,0.9081,0.9081,0.31,开放申购,开放赎回,363.8204918374293,True,True,True
2021-03-24,0.9067,0.9067,-0.15,开放申购,开放赎回,363.2122150681638,True,True,True
2021-03-25,0.9087,0.9087,0.22,开放申购,开放赎回,362.17963820526893,True,True,True
2021-03-26,0.9067,0.9067,-0.22,开放申购,开放赎回,363.57454233313547,True,True,True
2021-03-29,0.9071,0.9071,0.04,开放申购,开放赎回,362.51559046874587,True,True,True
2021-03-30,0.8967,0.8967,-1.15,开放申购,开放赎回,358.32370395908333,True,True,True
2021-03-31,0.8863,0.8863,-1.16,开放申购,开放赎回,356.05135362734114,True,True,True
2021-04-01,0.9033,0.9033,1.92,开放申购,开放赎回,360.77068950133264,True,True,True
2021-04-02,0.9142,0.9142,1.21,开放申购,开放赎回,360.77068950133264,False,True,True
2021-04-06,0.91,0.91,-0.46,开放申购,开放赎回,365.42220043722267,True,True,True
2021-04-07,0.913,0.913,0.33,开放申购,开放赎回,364.9378422099154,True,True,True
2021-04-08,0.9153,0.9153,0.25,开放申购,开放赎回,366.6966744727734,True,True,True
2021-04-09,0.9199,0.9199,0.5,开放申购,开放赎回,368.0962391122463,True,True,True
2021-04-12,0.9146,0.9146,-0.58,开放申购,开放赎回,366.8604559256807,True,True,True
2021-04-13,0.9067,0.9067,-0.86,开放申购,开放赎回,363.7994044263934,True,True,True
2021-04-14,0.9152,0.9152,0.94,开放申购,开放赎回,366.7022475762763,True,True,True
2021-04-15,0.9144,0.9144,-0.09,开放申购,开放赎回,366.875989375089,True,True,True
2021-04-16,0.9226,0.9226,0.9,开放申购,开放赎回,370.36213587017653,True,True,True
2021-04-19,0.9299,0.9299,0.79,开放申购,开放赎回,374.3777901319797,True,True,True
2021-04-20,0.9216,0.9216,-0.89,开放申购,开放赎回,369.4818310305027,True,True,True
2021-04-21,0.9301,0.9301,0.92,开放申购,开放赎回,372.1176660867166,True,True,True
2021-04-22,0.9311,0.9311,0.11,开放申购,开放赎回,372.59076102055417,True,True,True
2021-04-23,0.9289,0.9289,-0.24,开放申购,开放赎回,372.5349736054504,True,True,True
2021-04-26,0.9248,0.9248,-0.44,开放申购,开放赎回,371.5905806211506,True,True,True
2021-04-27,0.9253,0.9253,0.05,开放申购,开放赎回,371.2847281341648,True,True,True
2021-04-28,0.92,0.92,-0.57,开放申购,开放赎回,367.6565422582345,True,True,True
2021-04-29,0.9228,0.9228,0.3,开放申购,开放赎回,369.6051524727348,True,True,True
2021-04-30,0.9192,0.9192,-0.39,开放申购,开放赎回,368.0057575141303,True,True,True
2021-05-06,0.9313,0.9313,1.32,开放申购,开放赎回,373.1756457183017,True,True,True
2021-05-07,0.9403,0.9403,0.97,开放申购,开放赎回,378.29390726057625,True,True,True
2021-05-10,0.9437,0.9437,0.36,开放申购,开放赎回,379.2609978584775,True,True,True
2021-05-11,0.9439,0.9439,0.02,开放申购,开放赎回,378.9126604781746,True,True,True
2021-05-12,0.9447,0.9447,0.08,开放申购,开放赎回,378.9586218777751,True,True,True
2021-05-13,0.9409,0.9409,-0.4,开放申购,开放赎回,376.53892488171834,True,True,True
2021-05-14,0.9451,0.9451,0.45,开放申购,开放赎回,380.270198368391,True,True,True
2021-05-17,0.9552,0.9552,1.07,开放申购,开放赎回,382.49129294388223,True,True,True
2021-05-18,0.9618,0.9618,0.69,开放申购,开放赎回,386.53860954544956,True,True,True
2021-05-19,0.9626,0.9626,0.08,开放申购,开放赎回,384.1696600249243,True,True,True
2021-05-20,0.9642,0.9642,0.17,开放申购,开放赎回,386.6898226800168,True,True,True
2021-05-21,0.9642,0.9642,0.0,开放申购,开放赎回,388.4006982994179,True,True,True
2021-05-24,0.9678,0.9678,0.37,开放申购,开放赎回,388.4006982994179,False,True,True
2021-05-25,0.9646,0.9646,-0.33,开放申购,开放赎回,388.52169497192733,True,True,True
2021-05-26,0.9734,0.9734,0.91,开放申购,开放赎回,392.4501041448485,True,True,True
2021-05-27,0.9687,0.9687,-0.48,开放申购,开放赎回,389.36791067036904,True,True,True
2021-05-28,0.9621,0.9621,-0.68,开放申购,开放赎回,388.30436609733,True,True,True
2021-05-31,0.9684,0.9684,0.65,开放申购,开放赎回,388.30436609733,False,True,True
2021-06-01,0.9738,0.9738,0.56,开放申购,开放赎回,390.63611113564394,True,True,True
2021-06-02,0.9601,0.9601,-1.41,开放申购,开放赎回,388.9330256861416,True,True,True
2021-06-03,0.9541,0.9541,-0.62,开放申购,开放赎回,388.9330256861416,False,True,True
2021-06-04,0.9432,0.9432,-1.14,开放申购,开放赎回,384.8498276752653,True,True,True
2021-06-07,0.9503,0.9503,0.75,开放申购,开放赎回,386.9146964575454,True,True,True
2021-06-08,0.9548,0.9548,0.47,开放申购,开放赎回,389.0921644623782,True,True,True
2021-06-09,0.955,0.955,0.02,开放申购,开放赎回,388.95762846287835,True,True,True
2021-06-10,0.9525,0.9525,-0.26,开放申购,开放赎回,386.4324510963653,True,True,True
2021-06-11,0.9601,0.9601,0.8,开放申购,开放赎回,388.8283070959423,True,True,True
2021-06-15,0.9442,0.9442,-1.66,开放申购,开放赎回,383.34690032153134,True,True,True
2021-06-16,0.9432,0.9432,-0.11,开放申购,开放赎回,382.63024311947316,True,True,True
2021-06-17,0.9286,0.9286,-1.55,开放申购,开放赎回,371.5738156344417,True,True,True
2021-06-18,0.9176,0.9176,-1.18,开放申购,开放赎回,371.53394879730786,True,True,True
2021-06-21,0.9179,0.9179,0.03,开放申购,开放赎回,369.7511169782095,True,True,True
2021-06-22,0.9203,0.9203,0.26,开放申购,开放赎回,369.8455534370927,True,True,True
2021-06-23,0.9224,0.9224,0.23,开放申购,开放赎回,371.4609416341471,True,True,True
2021-06-24,0.9184,0.9184,-0.43,开放申购,开放赎回,370.48059811377783,True,True,True
2021-06-25,0.9172,0.9172,-0.13,开放申购,开放赎回,371.00068172862603,True,True,True
2021-06-28,0.9189,0.9189,0.19,开放申购,开放赎回,367.71927142859374,True,True,True
2021-06-29,0.9158,0.9158,-0.34,开放申购,开放赎回,367.2562118620648,True,True,True
2021-06-30,0.9077,0.9077,-0.88,开放申购,开放赎回,365.2593945239455,True,True,True
2021-07-01,0.9172,0.9172,1.05,开放申购,开放赎回,368.23211409941763,True,True,True
2021-07-02,0.9193,0.9193,0.23,开放申购,开放赎回,370.85771600810773,True,True,True
2021-07-05,0.9214,0.9214,0.23,开放申购,开放赎回,372.66596198811766,True,True,True
2021-07-06,0.9295,0.9295,0.88,开放申购,开放赎回,375.6316363608015,True,True,True
2021-07-07,0.9298,0.9298,0.03,开放申购,开放赎回,375.781514098907,True,True,True
2021-07-08,0.9284,0.9284,-0.15,开放申购,开放赎回,376.64704834487605,True,True,True
2021-07-09,0.9306,0.9306,0.24,开放申购,开放赎回,376.24227600340504,True,True,True
2021-07-12,0.9293,0.9293,-0.14,开放申购,开放赎回,375.50497877913966,True,True,True
2021-07-13,0.9327,0.9327,0.37,开放申购,开放赎回,376.3278746250201,True,True,True
2021-07-14,0.9347,0.9347,0.21,开放申购,开放赎回,376.9964795508979,True,True,True
2021-07-15,0.9415,0.9415,0.73,开放申购,开放赎回,380.9839469137388,True,True,True
2021-07-16,0.9393,0.9393,-0.23,开放申购,开放赎回,378.42401325813375,True,True,True
2021-07-19,0.9318,0.9318,-0.8,开放申购,开放赎回,375.57904380993153,True,True,True
2021-07-20,0.9374,0.9374,0.6,开放申购,开放赎回,378.7424708923296,True,True,True
2021-07-21,0.9335,0.9335,-0.42,开放申购,开放赎回,376.4619374242078,True,True,True
2021-07-22,0.9276,0.9276,-0.63,开放申购,开放赎回,373.71339186470226,True,True,True
2021-07-23,0.9311,0.9311,0.38,开放申购,开放赎回,375.0446423367786,True,True,True
2021-07-26,0.9329,0.9329,0.19,开放申购,开放赎回,376.72751152067366,True,True,True
2021-07-27,0.9265,0.9265,-0.69,开放申购,开放赎回,374.5107702408809,True,True,True
2021-07-28,0.9349,0.9349,0.91,开放申购,开放赎回,376.57857235995147,True,True,True
2021-07-29,0.9375,0.9375,0.28,开放申购,开放赎回,379.60832295766494,True,True,True
2021-07-30,0.9405,0.9405,0.32,开放申购,开放赎回,379.4399588982536,True,True,True
2021-08-02,0.9312,0.9312,-0.99,开放申购,开放赎回,375.44601275874487,True,True,True
2021-08-03,0.9315,0.9315,0.03,开放申购,开放赎回,375.9216923899929,True,True,True
2021-08-04,0.933,0.933,0.16,开放申购,开放赎回,376.9707759285281,True,True,True
2021-08-05,0.932,0.932,-0.11,开放申购,开放赎回,376.47785229763514,True,True,True
2021-08-06,0.9271,0.9271,-0.53,开放申购,开放赎回,373.75200378602926,True,True,True
2021-08-09,0.9034,0.9034,-2.56,开放申购,开放赎回,362.9585835518525,True,True,True
2021-08-10,0.8987,0.8987,-0.52,开放申购,开放赎回,360.61812665145715,True,True,True
2021-08-11,0.8975,0.8975,-0.13,开放申购,开放赎回,361.53967330851816,True,True,True
2021-08-12,0.9061,0.9061,0.96,开放申购,开放赎回,365.63372322658245,True,True,True
2021-08-13,0.908,0.908,0.21,开放申购,开放赎回,366.0871816517177,True,True,True
2021-08-16,0.9158,0.9158,0.86,开放申购,开放赎回,369.7486037899456,True,True,True
2021-08-17,0.9251,0.9251,1.02,开放申购,开放赎回,373.3975463429886,True,True,True
2021-08-18,0.9254,0.9254,0.03,开放申购,开放赎回,372.82028030172904,True,True,True
2021-08-19,0.922,0.922,-0.37,开放申购,开放赎回,372.73191178973536,True,True,True
2021-08-20,0.9252,0.9252,0.35,开放申购,开放赎回,372.2394939452616,True,True,True
2021-08-23,0.9234,0.9234,-0.19,开放申购,开放赎回,372.94351946655155,True,True,True
2021-08-24,0.9298,0.9298,0.69,开放申购,开放赎回,375.6209027535,True,True,True
2021-08-25,0.9255,0.9255,-0.46,开放申购,开放赎回,373.31935076501026,True,True,True
2021-08-26,0.9216,0.9216,-0.42,开放申购,开放赎回,371.338750388117,True,True,True
2021-08-27,0.9294,0.9294,0.85,开放申购,开放赎回,374.0976683114332,True,True,True
2021-08-30,0.9322,0.9322,0.3,开放申购,开放赎回,374.16182558128656,True,True,True
2021-08-31,0.9324,0.9324,0.02,开放申购,开放赎回,377.11638038170514,True,True,True
2021-09-01,0.9325,0.9325,0.01,开放申购,开放赎回,376.2763662760406,True,True,True
2021-09-02,0.9317,0.9317,-0.09,开放申购,开放赎回,376.9370905442695,True,True,True
2021-09-03,0.931,0.931,-0.08,开放申购,开放赎回,376.08360078985453,True,True,True
2021-09-06,0.9371,0.9371,0.66,开放申购,开放赎回,378.32741016079626,True,True,True
2021-09-07,0.9333,0.9333,-0.41,开放申购,开放赎回,375.8894648743246,True,True,True
2021-09-08,0.9233,0.9233,-1.07,开放申购,开放赎回,373.7410315982322,True,True,True
2021-09-09,0.9194,0.9194,-0.42,开放申购,开放赎回,372.923512139588,True,True,True
2021-09-10,0.9244,0.9244,0.54,开放申购,开放赎回,373.4982591454659,True,True,True
2021-09-13,0.9196,0.9196,-0.52,开放申购,开放赎回,370.37121593510665,True,True,True
2021-09-14,0.9205,0.9205,0.1,开放申购,开放赎回,370.9624936942096,True,True,True
2021-09-15,0.9233,0.9233,0.3,开放申购,开放赎回,372.88287523980244,True,True,True
2021-09-16,0.9163,0.9163,-0.76,开放申购,开放赎回,368.358087007197,True,True,True
2021-09-17,0.9069,0.9069,-1.03,开放申购,开放赎回,366.61501437556285,True,True,True
2021-09-22,0.9175,0.9175,1.17,开放申购,开放赎回,369.0717059071955,True,True,True
2021-09-23,0.9102,0.9102,-0.8,开放申购,开放赎回,367.8817071238055,True,True,True
2021-09-24,0.9045,0.9045,-0.63,开放申购,开放赎回,364.4153141112037,True,True,True
2021-09-27,0.9064,0.9064,0.21,开放申购,开放赎回,363.60820654497144,True,True,True
2021-09-28,0.8994,0.8994,-0.77,开放申购,开放赎回,361.0908263859015,True,True,True
2021-09-29,0.8975,0.8975,-0.21,开放申购,开放赎回,361.6739573844734,True,True,True
2021-09-30,0.8929,0.8929,-0.51,开放申购,开放赎回,360.04188661379624,True,True,True
2021-10-08,0.9051,0.9051,1.37,开放申购,开放赎回,364.18561866375956,True,True,True
2021-10-11,0.9019,0.9019,-0.35,开放申购,开放赎回,362.99647985203876,True,True,True
2021-10-12,0.906,0.906,0.45,开放申购,开放赎回,364.7660298388569,True,True,True
2021-10-13,0.9057,0.9057,-0.03,开放申购,开放赎回,366.4065465212738,True,True,True
2021-10-14,0.917,0.917,1.25,开放申购,开放赎回,371.3271100605657,True,True,True
2021-10-15,0.9163,0.9163,-0.08,开放申购,开放赎回,368.79339421802337,True,True,True
2021-10-18,0.9048,0.9048,-1.26,开放申购,开放赎回,364.6220515405748,True,True,True
2021-10-19,0.9069,0.9069,0.23,开放申购,开放赎回,367.79117381073826,True,True,True
2021-10-20,0.9044,0.9044,-0.28,开放申购,开放赎回,364.8401769883861,True,True,True
2021-10-21,0.9085,0.9085,0.45,开放申购,开放赎回,366.9443266963973,True,True,True
2021-10-22,0.9116,0.9116,0.34,开放申购,开放赎回,368.3196924379858,True,True,True
2021-10-25,0.9104,0.9104,-0.13,开放申购,开放赎回,369.2806836910176,True,True,True
2021-10-26,0.9139,0.9139,0.38,开放申购,开放赎回,369.88117702361495,True,True,True
2021-10-27,0.9071,0.9071,-0.74,开放申购,开放赎回,365.9924719381947,True,True,True
2021-10-28,0.9153,0.9153,0.9,开放申购,开放赎回,369.52059833200923,True,True,True
2021-10-29,0.9116,0.9116,-0.4,开放申购,开放赎回,369.06084400824295,True,True,True
2021-11-01,0.9071,0.9071,-0.49,开放申购,开放赎回,369.06084400824295,False,True,True
2021-11-02,0.9122,0.9122,0.56,开放申购,开放赎回,368.40873759059065,True,True,True
2021-11-03,0.9059,0.9059,-0.69,开放申购,开放赎回,366.5789549963313,True,True,True
2021-11-04,0.9018,0.9018,-0.45,开放申购,开放赎回,366.2247848531244,True,True,True
2021-11-05,0.9134,0.9134,1.29,开放申购,开放赎回,368.76984874091636,True,True,True
2021-11-08,0.9228,0.9228,1.03,开放申购,开放赎回,373.9576274644087,True,True,True
2021-11-09,0.926,0.926,0.35,开放申购,开放赎回,374.9045598915124,True,True,True
2021-11-10,0.9265,0.9265,0.05,开放申购,开放赎回,375.0234293261575,True,True,True
2021-11-11,0.9398,0.9398,1.44,开放申购,开放赎回,381.85683469217724,True,True,True
2021-11-12,0.9412,0.9412,0.15,开放申购,开放赎回,380.0403195155349,True,True,True
2021-11-15,0.9378,0.9378,-0.36,开放申购,开放赎回,382.22205771769916,True,True,True
2021-11-16,0.9419,0.9419,0.44,开放申购,开放赎回,384.165635210307,True,True,True
2021-11-17,0.9386,0.9386,-0.35,开放申购,开放赎回,381.87176761392146,True,True,True
2021-11-18,0.9418,0.9418,0.34,开放申购,开放赎回,381.44362095231605,True,True,True
2021-11-19,0.94,0.94,-0.19,开放申购,开放赎回,382.1128905447847,True,True,True
2021-11-22,0.9325,0.9325,-0.8,开放申购,开放赎回,378.0166701525322,True,True,True
2021-11-23,0.9154,0.9154,-1.83,开放申购,开放赎回,368.9138317441813,True,True,True
2021-11-24,0.9107,0.9107,-0.51,开放申购,开放赎回,367.95386934472,True,True,True
2021-11-25,0.9099,0.9099,-0.09,开放申购,开放赎回,367.9806155577076,True,True,True
2021-11-26,0.9141,0.9141,0.46,开放申购,开放赎回,371.5784944999269,True,True,True
2021-11-29,0.9108,0.9108,-0.36,开放申购,开放赎回,368.8861033073911,True,True,True
2021-11-30,0.9081,0.9081,-0.3,开放申购,开放赎回,369.13144548716804,True,True,True
2021-12-01,0.9052,0.9052,-0.32,开放申购,开放赎回,365.54646827624657,True,True,True
2021-12-02,0.9014,0.9014,-0.42,开放申购,开放赎回,363.5096726424189,True,True,True
2021-12-03,0.8993,0.8993,-0.23,开放申购,开放赎回,363.53255381857156,True,True,True
2021-12-06,0.9055,0.9055,0.69,开放申购,开放赎回,365.10397452841295,True,True,True
2021-12-07,0.904,0.904,-0.17,开放申购,开放赎回,364.7474286616999,True,True,True
2021-12-08,0.9051,0.9051,0.12,开放申购,开放赎回,366.3385930477636,True,True,True
2021-12-09,0.9015,0.9015,-0.4,开放申购,开放赎回,363.73279204928843,True,True,True
2021-12-10,0.8994,0.8994,-0.23,开放申购,开放赎回,363.25587176205687,True,True,True
2021-12-13,0.9042,0.9042,0.53,开放申购,开放赎回,364.88210984341725,True,True,True
2021-12-14,0.9055,0.9055,0.14,开放申购,开放赎回,364.76786663946586,True,True,True
2021-12-15,0.8965,0.8965,-0.99,开放申购,开放赎回,362.17446033258705,True,True,True
2021-12-16,0.9039,0.9039,0.83,开放申购,开放赎回,365.3982919988232,True,True,True
2021-12-17,0.9146,0.9146,1.18,开放申购,开放赎回,370.0137412037567,True,True,True
2021-12-20,0.9139,0.9139,-0.08,开放申购,开放赎回,368.33913468716145,True,True,True
2021-12-21,0.9085,0.9085,-0.59,开放申购,开放赎回,368.0561296864131,True,True,True
2021-12-22,0.9064,0.9064,-0.23,开放申购,开放赎回,366.6065184107168,True,True,True
2021-12-23,0.9146,0.9146,0.9,开放申购,开放赎回,369.7248622197637,True,True,True
2021-12-24,0.9164,0.9164,0.2,开放申购,开放赎回,365.71459855596186,True,True,True
2021-12-27,0.9161,0.9161,-0.03,开放申购,开放赎回,365.71459855596186,False,True,True
2021-12-28,0.9182,0.9182,0.23,开放申购,开放赎回,365.71459855596186,False,True,True
2021-12-29,0.9144,0.9144,-0.41,开放申购,开放赎回,367.73122213630336,True,True,True
2021-12-30,0.9101,0.9101,-0.47,开放申购,开放赎回,368.3306743829882,True,True,True
2021-12-31,0.9198,0.9198,1.07,开放申购,开放赎回,372.87982496678865,True,True,True
2022-01-04,0.9132,0.9132,-0.72,开放申购,开放赎回,369.6272930870452,True,True,True
2022-01-05,0.9165,0.9165,0.36,开放申购,开放赎回,371.51134789647557,True,True,True
2022-01-06,0.9111,0.9111,-0.59,开放申购,开放赎回,368.72573889386246,True,True,True
2022-01-07,0.9065,0.9065,-0.5,开放申购,开放赎回,367.72869333758405,True,True,True
2022-01-10,0.9071,0.9071,0.07,开放申购,开放赎回,369.11202378952294,True,True,True
2022-01-11,0.9142,0.9142,0.78,开放申购,开放赎回,369.9317680680496,True,True,True
2022-01-12,0.9189,0.9189,0.51,开放申购,开放赎回,372.1685408696702,True,True,True
2022-01-13,0.9207,0.9207,0.2,开放申购,开放赎回,372.5014634545898,True,True,True
2022-01-14,0.9206,0.9206,-0.01,开放申购,开放赎回,372.5000804732593,True,True,True
2022-01-17,0.9162,0.9162,-0.48,开放申购,开放赎回,371.6641619140937,True,True,True
2022-01-18,0.9148,0.9148,-0.15,开放申购,开放赎回,369.49582134059756,True,True,True
2022-01-19,0.9142,0.9142,-0.07,开放申购,开放赎回,371.1843415798565,True,True,True
2022-01-20,0.9252,0.9252,1.2,开放申购,开放赎回,374.59177882751555,True,True,True
2022-01-21,0.9256,0.9256,0.04,开放申购,开放赎回,373.8562045268711,True,True,True
2022-01-24,0.9231,0.9231,-0.27,开放申购,开放赎回,374.5650975920423,True,True,True
2022-01-25,0.9246,0.9246,0.16,开放申购,开放赎回,373.56909265792365,True,True,True
2022-01-26,0.9262,0.9262,0.17,开放申购,开放赎回,375.31680983580367,True,True,True
2022-01-27,0.9123,0.9123,-1.5,开放申购,开放赎回,368.873038371906,True,True,True
2022-01-28,0.9061,0.9061,-0.68,开放申购,开放赎回,366.4549913362094,True,True,True
2022-02-07,0.9114,0.9114,0.58,开放申购,开放赎回,370.3125658491722,True,True,True
2022-02-08,0.9163,0.9163,0.54,开放申购,开放赎回,371.90500208836755,True,True,True
2022-02-09,0.9203,0.9203,0.44,开放申购,开放赎回,374.1426021544382,True,True,True
2022-02-10,0.9225,0.9225,0.24,开放申购,开放赎回,374.7488915276176,True,True,True
2022-02-11,0.9183,0.9183,-0.46,开放申购,开放赎回,372.9948263643866,True,True,True
2022-02-14,0.9318,0.9318,1.47,开放申购,开放赎回,379.0599593521897,True,True,True
2022-02-15,0.9417,0.9417,1.06,开放申购,开放赎回,379.08397877237996,True,True,True
2022-02-16,0.9292,0.9292,-1.33,开放申购,开放赎回,377.8737323514648,True,True,True
2022-02-17,0.9379,0.9379,0.94,开放申购,开放赎回,384.27941888507166,True,True,True
2022-02-18,0.945,0.945,0.76,开放申购,开放赎回,384.373046439516,True,True,True
2022-02-21,0.9447,0.9447,-0.03,开放申购,开放赎回,385.39759582982794,True,True,True
2022-02-22,0.9547,0.9547,1.06,开放申购,开放赎回,385.9153398800898,True,True,True
2022-02-23,0.9483,0.9483,-0.67,开放申购,开放赎回,385.51547461570044,True,True,True
2022-02-24,0.9665,0.9665,1.92,开放申购,开放赎回,399.46711388116825,True,True,True
2022-02-25,0.9565,0.9565,-1.03,开放申购,开放赎回,388.95299224348616,True,True,True
2022-02-28,0.9502,0.9502,-0.66,开放申购,开放赎回,386.4919297690201,True,True,True
2022-03-01,0.9499,0.9499,-0.03,开放申购,开放赎回,389.5052361467123,True,True,True
2022-03-02,0.9628,0.9628,1.36,开放申购,开放赎回,390.8228400882512,True,True,True
2022-03-03,0.9602,0.9602,-0.27,开放申购,开放赎回,393.23430375377967,True,True,True
2022-03-04,0.9636,0.9636,0.35,开放申购,开放赎回,394.91601259294225,True,True,True
2022-03-07,0.9831,0.9831,2.02,开放申购,开放赎回,406.02092555751324,True,True,True
2022-03-08,0.9986,0.9986,1.58,开放申购,开放赎回,407.7626283454351,True,True,True
2022-03-09,1.0127,1.0127,1.41,开放申购,开放赎回,409.7145301430706,True,True,True
2022-03-10,0.9865,0.9865,-2.59,开放申购,开放赎回,405.68955564911727,True,True,True
2022-03-11,0.9886,0.9886,0.21,开放申购,开放赎回,404.69934912953516,True,True,True
2022-03-14,0.9837,0.9837,-0.5,开放申购,开放赎回,399.76217585800225,True,True,True
2022-03-15,0.9661,0.9661,-1.79,开放申购,开放赎回,394.6674367700002,True,True,True
2022-03-16,0.9585,0.9585,-0.79,开放申购,开放赎回,392.90497598192877,True,True,True
2022-03-17,0.967,0.967,0.89,开放申购,开放赎回,396.4257745436102,True,True,True
2022-03-18,0.9689,0.9689,0.2,开放申购,开放赎回,394.3358812945678,True,True,True
2022-03-21,0.9661,0.9661,-0.29,开放申购,开放赎回,393.6441880974065,True,True,True
2022-03-22,0.9718,0.9718,0.59,开放申购,开放赎回,394.1698962003329,True,True,True
2022-03-23,0.9659,0.9659,-0.61,开放申购,开放赎回,395.41286072374237,True,True,True
2022-03-24,0.9762,0.9762,1.07,开放申购,开放赎回,398.60216202744647,True,True,True
2022-03-25,0.9826,0.9826,0.66,开放申购,开放赎回,400.4896681678996,True,True,True
2022-03-28,0.9739,0.9739,-0.89,开放申购,开放赎回,394.35271372396295,True,True,True
2022-03-29,0.9681,0.9681,-0.6,开放申购,开放赎回,391.4265305049634,True,True,True
2022-03-30,0.9657,0.9657,-0.25,开放申购,开放赎回,392.34048842717283,True,True,True
2022-03-31,0.9656,0.9656,-0.01,开放申购,开放赎回,392.58387343528085,True,True,True
2022-04-01,0.9696,0.9696,0.41,开放申购,开放赎回,394.0174459074746,True,True,True
2022-04-06,0.9655,0.9655,-0.42,开放申购,开放赎回,394.6317666993516,True,True,True
2022-04-07,0.9667,0.9667,0.12,开放申购,开放赎回,393.8149579261388,True,True,True
2022-04-08,0.9688,0.9688,0.22,开放申购,开放赎回,394.8707442224397,True,True,True
2022-04-11,0.9758,0.9758,0.72,开放申购,开放赎回,400.38588528288244,True,True,True
2022-04-12,0.9819,0.9819,0.63,开放申购,开放赎回,399.5656599263785,True,True,True
2022-04-13,0.9857,0.9857,0.39,开放申购,开放赎回,404.21416161106316,True,True,True
2022-04-14,0.9871,0.9871,0.14,开放申购,开放赎回,403.4019797599573,True,True,True
2022-04-15,0.9903,0.9903,0.32,开放申购,开放赎回,403.4019797599573,False,True,True
2022-04-18,0.9956,0.9956,0.54,开放申购,开放赎回,403.4019797599573,False,True,True
2022-04-19,0.9904,0.9904,-0.52,开放申购,开放赎回,404.4336558286732,True,True,True
2022-04-20,0.9798,0.9798,-1.07,开放申购,开放赎回,400.26130477253145,True,True,True
2022-04-21,0.9884,0.9884,0.88,开放申购,开放赎回,401.5153364702735,True,True,True
2022-04-22,0.9923,0.9923,0.39,开放申购,开放赎回,402.67331900076874,True,True,True
2022-04-25,0.9879,0.9879,-0.44,开放申购,开放赎回,400.98814537638685,True,True,True
2022-04-26,0.9812,0.9812,-0.68,开放申购,开放赎回,401.3154815063224,True,True,True
2022-04-27,0.981,0.981,-0.02,开放申购,开放赎回,399.6893541683609,True,True,True
2022-04-28,0.9795,0.9795,-0.15,开放申购,开放赎回,398.587447013555,True,True,True
2022-04-29,0.9909,0.9909,1.16,开放申购,开放赎回,408.00682295476093,True,True,True
2022-05-05,0.9883,0.9883,-0.26,开放申购,开放赎回,402.6088216797772,True,True,True
2022-05-06,0.9862,0.9862,-0.21,开放申购,开放赎回,403.14666848659436,True,True,True
2022-05-09,0.9905,0.9905,0.44,开放申购,开放赎回,399.7627014424496,True,True,True
2022-05-10,0.9837,0.9837,-0.69,开放申购,开放赎回,402.93149696083157,True,True,True
2022-05-11,0.9782,0.9782,-0.56,开放申购,开放赎回,400.88586040443823,True,True,True
2022-05-12,0.9873,0.9873,0.93,开放申购,开放赎回,399.90176053402354,True,True,True
2022-05-13,0.9785,0.9785,-0.89,开放申购,开放赎回,397.9889152310661,True,True,True
2022-05-16,0.9693,0.9693,-0.94,开放申购,开放赎回,394.0964758280736,True,True,True
2022-05-17,0.9741,0.9741,0.5,开放申购,开放赎回,398.7818501472732,True,True,True
2022-05-18,0.964,0.964,-1.04,开放申购,开放赎回,393.83955422566714,True,True,True
2022-05-19,0.9676,0.9676,0.37,开放申购,开放赎回,396.3759155770246,True,True,True
2022-05-20,0.9737,0.9737,0.63,开放申购,开放赎回,398.42974350466744,True,True,True
2022-05-23,0.9736,0.9736,-0.01,开放申购,开放赎回,401.1093523933626,True,True,True
2022-05-24,0.9758,0.9758,0.23,开放申购,开放赎回,397.36129925006225,True,True,True
2022-05-25,0.9772,0.9772,0.14,开放申购,开放赎回,397.6487742060137,True,True,True
2022-05-26,0.9811,0.9811,0.4,开放申购,开放赎回,396.9713836369025,True,True,True
2022-05-27,0.9852,0.9852,0.42,开放申购,开放赎回,402.69560911288033,True,True,True
2022-05-30,0.977,0.977,-0.83,开放申购,开放赎回,399.92691079813665,True,True,True
2022-05-31,0.9742,0.9742,-0.29,开放申购,开放赎回,397.08936681621003,True,True,True
2022-06-01,0.9686,0.9686,-0.57,开放申购,开放赎回,392.4708986680213,True,True,True
2022-06-02,0.9754,0.9754,0.7,开放申购,开放赎回,392.4708986680213,False,True,True
2022-06-06,0.9728,0.9728,-0.27,开放申购,开放赎回,396.4088565537423,True,True,True
2022-06-07,0.9686,0.9686,-0.43,开放申购,开放赎回,395.02259517116164,True,True,True
2022-06-08,0.9729,0.9729,0.44,开放申购,开放赎回,396.3524831521155,True,True,True
2022-06-09,0.9748,0.9748,0.2,开放申购,开放赎回,397.31838807288426,True,True,True
2022-06-10,0.972,0.972,-0.29,开放申购,开放赎回,396.53079973955664,True,True,True
2022-06-13,0.9871,0.9871,1.55,开放申购,开放赎回,400.2615904595786,True,True,True
2022-06-14,0.9691,0.9691,-1.82,开放申购,开放赎回,395.96924570096,True,True,True
2022-06-15,0.9639,0.9639,-0.54,开放申购,开放赎回,395.04006537485174,True,True,True
2022-06-16,0.9669,0.9669,0.31,开放申购,开放赎回,395.25847291160176,True,True,True
2022-06-17,0.973,0.973,0.63,开放申购,开放赎回,398.6784120482719,True,True,True
2022-06-20,0.9698,0.9698,-0.33,开放申购,开放赎回,397.5422810393315,True,True,True
2022-06-21,0.9678,0.9678,-0.21,开放申购,开放赎回,395.09268603297323,True,True,True
2022-06-22,0.9676,0.9676,-0.02,开放申购,开放赎回,392.9371953493457,True,True,True
2022-06-23,0.969,0.969,0.14,开放申购,开放赎回,394.56663914368886,True,True,True
2022-06-24,0.9622,0.9622,-0.7,开放申购,开放赎回,393.28781314774113,True,True,True
2022-06-27,0.9676,0.9676,0.56,开放申购,开放赎回,395.27248539521213,True,True,True
2022-06-28,0.9625,0.9625,-0.53,开放申购,开放赎回,393.0078003037338,True,True,True
2022-06-29,0.961,0.961,-0.16,开放申购,开放赎回,390.7158649958056,True,True,True
2022-06-30,0.9592,0.9592,-0.19,开放申购,开放赎回,390.655918771424,True,True,True
2022-07-01,0.9512,0.9512,-0.83,开放申购,开放赎回,386.6970664678806,True,True,True
2022-07-04,0.9549,0.9549,0.39,开放申购,开放赎回,389.28569379999493,True,True,True
2022-07-05,0.9543,0.9543,-0.06,开放申购,开放赎回,388.6045789855621,True,True,True
2022-07-06,0.936,0.936,-1.92,开放申购,开放赎回,381.6219072961767,True,True,True
2022-07-07,0.9235,0.9235,-1.34,开放申购,开放赎回,375.9209169217467,True,True,True
2022-07-08,0.9222,0.9222,-0.14,开放申购,开放赎回,374.20586835742296,True,True,True
2022-07-11,0.922,0.922,-0.02,开放申购,开放赎回,373.9349526206858,True,True,True
2022-07-12,0.922,0.922,0.0,开放申购,开放赎回,374.55540910108647,True,True,True
2022-07-13,0.9164,0.9164,-0.61,开放申购,开放赎回,373.7174917919403,True,True,True
2022-07-14,0.9151,0.9151,-0.14,开放申购,开放赎回,370.6469565742313,True,True,True
2022-07-15,0.9118,0.9118,-0.36,开放申购,开放赎回,369.76784554920994,True,True,True
2022-07-18,0.9141,0.9141,0.25,开放申购,开放赎回,374.4224769081964,True,True,True
2022-07-19,0.9119,0.9119,-0.24,开放申购,开放赎回,371.3161366739102,True,True,True
2022-07-20,0.9119,0.9119,0.0,开放申购,开放赎回,371.3161366739102,False,True,True
2022-07-21,0.9048,0.9048,-0.78,开放申购,开放赎回,366.2766266365246,True,True,True
2022-07-22,0.9177,0.9177,1.43,开放申购,开放赎回,375.2204432884143,True,True,True
2022-07-25,0.9211,0.9211,0.37,开放申购,开放赎回,375.8913802576515,True,True,True
2022-07-26,0.9213,0.9213,0.02,开放申购,开放赎回,373.20995662075063,True,True,True
2022-07-27,0.9194,0.9194,-0.21,开放申购,开放赎回,374.80913098403585,True,True,True
2022-07-28,0.9274,0.9274,0.87,开放申购,开放赎回,379.4583794770446,True,True,True
2022-07-29,0.9398,0.9398,1.34,开放申购,开放赎回,381.4746411953027,True,True,True
2022-08-01,0.9401,0.9401,0.03,开放申购,开放赎回,383.0294718475193,True,True,True
2022-08-02,0.9464,0.9464,0.67,开放申购,开放赎回,385.7593076626576,True,True,True
2022-08-03,0.9427,0.9427,-0.39,开放申购,开放赎回,383.4854239342432,True,True,True
2022-08-04,0.9445,0.9445,0.19,开放申购,开放赎回,386.23560713131593,True,True,True
2022-08-05,0.9522,0.9522,0.82,开放申购,开放赎回,387.6297013751137,True,True,True
2022-08-08,0.9475,0.9475,-0.49,开放申购,开放赎回,385.980327658363,True,True,True
2022-08-09,0.9512,0.9512,0.39,开放申购,开放赎回,388.585841208297,True,True,True
2022-08-10,0.9537,0.9537,0.26,开放申购,开放赎回,389.31897846658546,True,True,True
2022-08-11,0.9498,0.9498,-0.41,开放申购,开放赎回,386.83118417999736,True,True,True
2022-08-12,0.9526,0.9526,0.29,开放申购,开放赎回,387.75701198278813,True,True,True
2022-08-15,0.9548,0.9548,0.23,开放申购,开放赎回,386.13623122770616,True,True,True
2022-08-16,0.9535,0.9535,-0.14,开放申购,开放赎回,386.7119931960338,True,True,True
2022-08-17,0.9499,0.9499,-0.38,开放申购,开放赎回,387.0458494847165,True,True,True
2022-08-18,0.9449,0.9449,-0.53,开放申购,开放赎回,384.863455864955,True,True,True
2022-08-19,0.9441,0.9441,-0.08,开放申购,开放赎回,382.35998607649765,True,True,True
2022-08-22,0.9418,0.9418,-0.24,开放申购,开放赎回,379.70819564015835,True,True,True
2022-08-23,0.9446,0.9446,0.3,开放申购,开放赎回,382.9661738985483,True,True,True
2022-08-24,0.9488,0.9488,0.44,开放申购,开放赎回,384.92376124095733,True,True,True
2022-08-25,0.9519,0.9519,0.33,开放申购,开放赎回,388.6195901650141,True,True,True
2022-08-26,0.9536,0.9536,0.18,开放申购,开放赎回,385.7737986141986,True,True,True
2022-08-29,0.9461,0.9461,-0.79,开放申购,开放赎回,385.7737986141986,False,True,True
2022-08-30,0.9497,0.9497,0.38,开放申购,开放赎回,385.06107177219644,True,True,True
2022-08-31,0.944,0.944,-0.6,开放申购,开放赎回,380.4736673693053,True,True,True
2022-09-01,0.9375,0.9375,-0.69,开放申购,开放赎回,377.8504615340535,True,True,True
2022-09-02,0.9359,0.9359,-0.17,开放申购,开放赎回,378.9607803365502,True,True,True
2022-09-05,0.9445,0.9445,0.92,开放申购,开放赎回,379.72421582609456,True,True,True
2022-09-06,0.9491,0.9491,0.49,开放申购,开放赎回,381.72369633012886,True,True,True
2022-09-07,0.9434,0.9434,-0.6,开放申购,开放赎回,381.1594304990295,True,True,True
2022-09-08,0.9507,0.9507,0.77,开放申购,开放赎回,385.23209302622655,True,True,True
2022-09-09,0.9513,0.9513,0.06,开放申购,开放赎回,386.24388663935736,True,True,True
2022-09-13,0.9509,0.9509,-0.04,开放申购,开放赎回,384.51719260557536,True,True,True
2022-09-14,0.9446,0.9446,-0.66,开放申购,开放赎回,379.2914060144744,True,True,True
2022-09-15,0.94,0.94,-0.49,开放申购,开放赎回,378.00047298933436,True,True,True
2022-09-16,0.9366,0.9366,-0.36,开放申购,开放赎回,374.18485481952314,True,True,True
2022-09-19,0.9391,0.9391,0.27,开放申购,开放赎回,374.18485481952314,False,True,True
2022-09-20,0.9413,0.9413,0.23,开放申购,开放赎回,375.6699057926471,True,True,True
2022-09-21,0.9423,0.9423,0.11,开放申购,开放赎回,377.76968163579915,True,True,True
2022-09-22,0.9414,0.9414,-0.1,开放申购,开放赎回,378.8332740083361,True,True,True
2022-09-23,0.9458,0.9458,0.47,开放申购,开放赎回,378.0097405131057,True,True,True
2022-09-26,0.9384,0.9384,-0.78,开放申购,开放赎回,376.57567146515964,True,True,True
2022-09-27,0.9402,0.9402,0.19,开放申购,开放赎回,375.1935672307786,True,True,True
2022-09-28,0.9441,0.9441,0.41,开放申购,开放赎回,373.3826115079768,True,True,True
2022-09-29,0.9497,0.9497,0.59,开放申购,开放赎回,381.11087327961684,True,True,True
2022-09-30,0.9506,0.9506,0.09,开放申购,开放赎回,383.12448784101275,True,True,True
2022-10-10,0.9583,0.9583,0.81,开放申购,开放赎回,384.315729149195,True,True,True
2022-10-11,0.9565,0.9565,-0.19,开放申购,开放赎回,382.74382879632714,True,True,True
2022-10-12,0.957,0.957,0.05,开放申购,开放赎回,385.1989398308681,True,True,True
2022-10-13,0.9576,0.9576,0.06,开放申购,开放赎回,386.66613339968626,True,True,True
2022-10-14,0.9563,0.9563,-0.14,开放申购,开放赎回,381.519975819598,True,True,True
2022-10-17,0.9523,0.9523,-0.42,开放申购,开放赎回,383.2696959097358,True,True,True
2022-10-18,0.9538,0.9538,0.16,开放申购,开放赎回,382.2326610388294,True,True,True
2022-10-19,0.9518,0.9518,-0.21,开放申购,开放赎回,379.82971285025826,True,True,True
2022-10-20,0.9476,0.9476,-0.44,开放申购,开放赎回,379.49540846446996,True,True,True
2022-10-21,0.9467,0.9467,-0.09,开放申购,开放赎回,376.88479825838135,True,True,True
2022-10-24,0.9576,0.9576,1.15,开放申购,开放赎回,383.3714232270072,True,True,True
2022-10-25,0.9599,0.9599,0.24,开放申购,开放赎回,383.56523312432824,True,True,True
2022-10-26,0.9602,0.9602,0.03,开放申购,开放赎回,392.34164385075997,True,True,True
2022-10-27,0.958,0.958,-0.23,开放申购,开放赎回,383.5269287293552,True,True,True
2022-10-28,0.9576,0.9576,-0.04,开放申购,开放赎回,383.2566435645639,True,True,True
2022-10-31,0.9545,0.9545,-0.32,开放申购,开放赎回,382.07808588129456,True,True,True
2022-11-01,0.9551,0.9551,0.06,开放申购,开放赎回,387.94985185722084,True,True,True
2022-11-02,0.9567,0.9567,0.17,开放申购,开放赎回,387.5233613081738,True,True,True
2022-11-03,0.9545,0.9545,-0.23,开放申购,开放赎回,379.77850190555756,True,True,True
2022-11-04,0.9544,0.9544,-0.01,开放申购,开放赎回,387.01650187078604,True,True,True
2022-11-07,0.9606,0.9606,0.65,开放申购,开放赎回,387.52742386383596,True,True,True
2022-11-08,0.9633,0.9633,0.28,开放申购,开放赎回,388.31281842955445,True,True,True
2022-11-09,0.9819,0.9819,1.93,开放申购,开放赎回,397.3596973321912,True,True,True
2022-11-10,0.9831,0.9831,0.12,开放申购,开放赎回,397.07041227092765,True,True,True
2022-11-11,0.9914,0.9914,0.84,开放申购,开放赎回,407.71382181789016,True,True,True
2022-11-14,0.9828,0.9828,-0.87,开放申购,开放赎回,401.5519641980915,True,True,True
2022-11-15,0.9854,0.9854,0.26,开放申购,开放赎回,403.6559818829665,True,True,True
2022-11-16,0.9896,0.9896,0.43,开放申购,开放赎回,403.78373373800304,True,True,True
2022-11-17,0.9913,0.9913,0.17,开放申购,开放赎回,402.0682038603761,True,True,True
2022-11-18,0.9904,0.9904,-0.09,开放申购,开放赎回,406.0286864833912,True,True,True
2022-11-21,0.9851,0.9851,-0.54,开放申购,开放赎回,398.16751533549797,True,True,True
2022-11-22,0.9849,0.9849,-0.02,开放申购,开放赎回,402.39414975757404,True,True,True
2022-11-23,0.9839,0.9839,-0.1,开放申购,开放赎回,398.41332942397815,True,True,True
2022-11-24,0.9877,0.9877,0.39,开放申购,开放赎回,404.38471547510517,True,True,True
2022-11-25,0.9906,0.9906,0.29,开放申购,开放赎回,403.1191976096699,True,True,True
2022-11-28,0.9924,0.9924,0.18,开放申购,开放赎回,406.4135396047959,True,True,True
2022-11-29,0.9897,0.9897,-0.27,开放申购,开放赎回,406.7385429723636,True,True,True
2022-11-30,0.9881,0.9881,-0.16,开放申购,开放赎回,405.0363329746752,True,True,True
2022-12-01,0.9904,0.9904,0.23,开放申购,开放赎回,404.8680993417108,True,True,True
2022-12-02,0.9966,0.9966,0.63,开放申购,开放赎回,407.7982422828332,True,True,True
2022-12-05,0.9876,0.9876,-0.9,开放申购,开放赎回,405.20663022781997,True,True,True
2022-12-06,0.9778,0.9778,-0.99,开放申购,开放赎回,396.8724073088258,True,True,True
2022-12-07,0.9779,0.9779,0.01,开放申购,开放赎回,398.4735869299614,True,True,True
2022-12-08,0.981,0.981,0.32,开放申购,开放赎回,399.57947209561377,True,True,True
2022-12-09,0.9838,0.9838,0.29,开放申购,开放赎回,401.58134087284117,True,True,True
2022-12-12,0.9836,0.9836,-0.02,开放申购,开放赎回,400.4853984297218,True,True,True
2022-12-13,0.983,0.983,-0.06,开放申购,开放赎回,400.4085818562979,True,True,True
2022-12-14,0.9934,0.9934,1.06,开放申购,开放赎回,403.65441429736575,True,True,True
2022-12-15,0.9857,0.9857,-0.78,开放申购,开放赎回,396.82622143141367,True,True,True
2022-12-16,0.9811,0.9811,-0.47,开放申购,开放赎回,399.0409741576548,True,True,True
2022-12-19,0.9877,0.9877,0.67,开放申购,开放赎回,402.70022985442745,True,True,True
2022-12-20,0.988,0.988,0.03,开放申购,开放赎回,405.28569318908035,True,True,True
2022-12-21,0.9962,0.9962,0.83,开放申购,开放赎回,405.85209142677957,True,True,True
2022-12-22,0.9978,0.9978,0.16,开放申购,开放赎回,407.3880545268377,True,True,True
2022-12-23,0.99,0.99,-0.78,开放申购,开放赎回,403.53185993213737,True,True,True
2022-12-26,0.9909,0.9909,0.09,开放申购,开放赎回,403.53185993213737,False,True,True
2022-12-27,0.9921,0.9921,0.12,开放申购,开放赎回,403.53185993213737,False,True,True
2022-12-28,0.9943,0.9943,0.22,开放申购,开放赎回,403.31959124969455,True,True,True
2022-12-29,0.9932,0.9932,-0.11,开放申购,开放赎回,405.0145035975076,True,True,True
2022-12-30,0.9987,0.9987,0.55,开放申购,开放赎回,405.7287321070595,True,True,True
2022-12-31,0.9987,0.9987,0.0,开放申购,开放赎回,405.7287321070595,False,True,True
2023-01-03,0.9993,0.9993,0.06,开放申购,开放赎回,406.91667316107936,True,True,True
2023-01-04,1.0036,1.0036,0.43,开放申购,开放赎回,412.92125808376494,True,True,True
2023-01-05,1.0037,1.0037,0.01,开放申购,开放赎回,409.73401246585263,True,True,True
2023-01-06,0.9964,0.9964,-0.73,开放申购,开放赎回,405.87460380372045,True,True,True
2023-01-09,1.0064,1.0064,1.0,开放申购,开放赎回,411.9127943996092,True,True,True
2023-01-10,1.0057,1.0057,-0.07,开放申购,开放赎回,408.21735492671075,True,True,True
2023-01-11,1.0085,1.0085,0.28,开放申购,开放赎回,410.5751927265736,True,True,True
2023-01-12,1.0073,1.0073,-0.12,开放申购,开放赎回,409.8160499075907,True,True,True
2023-01-13,1.0082,1.0082,0.09,开放申购,开放赎回,412.4654103291534,True,True,True
2023-01-16,1.0134,1.0134,0.52,开放申购,开放赎回,412.6425162267064,True,True,True
2023-01-17,1.0176,1.0176,0.41,开放申购,开放赎回,412.33576885321554,True,True,True
2023-01-18,1.0154,1.0154,-0.22,开放申购,开放赎回,416.2165251353892,True,True,True
2023-01-19,1.0193,1.0193,0.38,开放申购,开放赎回,413.78309881550814,True,True,True
2023-01-20,1.0262,1.0262,0.68,开放申购,开放赎回,422.3509409168531,True,True,True
2023-01-30,1.0256,1.0256,-0.06,开放申购,开放赎回,420.1456170597268,True,True,True
2023-01-31,1.0193,1.0193,-0.61,开放申购,开放赎回,413.327050264372,True,True,True
2023-02-01,1.0234,1.0234,0.4,开放申购,开放赎回,418.1118553318888,True,True,True
2023-02-02,1.0313,1.0313,0.77,开放申购,开放赎回,423.6693478612892,True,True,True
2023-02-03,1.0192,1.0192,-1.17,开放申购,开放赎回,413.367462641887,True,True,True
2023-02-06,1.0063,1.0063,-1.27,开放申购,开放赎回,408.0400307518359,True,True,True
2023-02-07,1.004,1.004,-0.23,开放申购,开放赎回,409.2982132071875,True,True,True
2023-02-08,1.0038,1.0038,-0.02,开放申购,开放赎回,410.6470085287558,True,True,True
2023-02-09,1.0058,1.0058,0.2,开放申购,开放赎回,410.76022198152594,True,True,True
2023-02-10,1.0016,1.0016,-0.42,开放申购,开放赎回,406.3223697760818,True,True,True
2023-02-13,1.0057,1.0057,0.41,开放申购,开放赎回,406.81064902783316,True,True,True
2023-02-14,1.0051,1.0051,-0.06,开放申购,开放赎回,408.0619291737448,True,True,True
2023-02-15,1.0028,1.0028,-0.23,开放申购,开放赎回,402.8037887338176,True,True,True
2023-02-16,1.0017,1.0017,-0.11,开放申购,开放赎回,404.7456217187534,True,True,True
2023-02-17,1.0004,1.0004,-0.13,开放申购,开放赎回,402.3834087984494,True,True,True
2023-02-20,1.0043,1.0043,0.39,开放申购,开放赎回,406.6036215973642,True,True,True
2023-02-21,1.003,1.003,-0.13,开放申购,开放赎回,403.9720902451954,True,True,True
2023-02-22,1.0056,1.0056,0.26,开放申购,开放赎回,405.11178544802266,True,True,True
2023-02-23,1.0036,1.0036,-0.2,开放申购,开放赎回,404.77985737520476,True,True,True
2023-02-24,1.0055,1.0055,0.19,开放申购,开放赎回,405.06914707016347,True,True,True
2023-02-27,1.0041,1.0041,-0.14,开放申购,开放赎回,404.5188482588042,True,True,True
2023-02-28,1.0045,1.0045,0.04,开放申购,开放赎回,404.12999668617,True,True,True
2023-03-01,1.0079,1.0079,0.34,开放申购,开放赎回,408.6479559244351,True,True,True
2023-03-02,1.0068,1.0068,-0.11,开放申购,开放赎回,404.4711508232602,True,True,True
2023-03-03,1.011,1.011,0.42,开放申购,开放赎回,410.23591137884165,True,True,True
2023-03-06,1.0173,1.0173,0.62,开放申购,开放赎回,411.18622395129853,True,True,True
2023-03-07,1.0182,1.0182,0.09,开放申购,开放赎回,410.6045986967017,True,True,True
2023-03-08,1.0083,1.0083,-0.97,开放申购,开放赎回,405.85349442689966,True,True,True
2023-03-09,1.0086,1.0086,0.03,开放申购,开放赎回,406.1337169806836,True,True,True
2023-03-10,1.0141,1.0141,0.55,开放申购,开放赎回,410.81767782278274,True,True,True
2023-03-13,1.023,1.023,0.88,开放申购,开放赎回,417.840005867626,True,True,True
2023-03-14,1.0357,1.0357,1.24,开放申购,开放赎回,418.4311977473783,True,True,True
2023-03-15,1.0365,1.0365,0.08,开放申购,开放赎回,421.0195937718673,True,True,True
2023-03-16,1.0458,1.0458,0.9,开放申购,开放赎回,426.1640763880382,True,True,True
2023-03-17,1.0505,1.0505,0.45,开放申购,开放赎回,428.195950867396,True,True,True
2023-03-20,1.0815,1.0815,2.95,开放申购,开放赎回,438.790351857703,True,True,True
2023-03-21,1.0721,1.0721,-0.87,开放申购,开放赎回,434.7171253864212,True,True,True
2023-03-22,1.0565,1.0565,-1.46,开放申购,开放赎回,429.71894865449934,True,True,True
2023-03-23,1.0631,1.0631,0.62,开放申购,开放赎回,437.37753214103634,True,True,True
2023-03-24,1.0668,1.0668,0.35,开放申购,开放赎回,437.5893106804763,True,True,True
2023-03-27,1.0627,1.0627,-0.38,开放申购,开放赎回,432.78238759145825,True,True,True
2023-03-28,1.0561,1.0561,-0.62,开放申购,开放赎回,431.5770617409144,True,True,True
2023-03-29,1.0604,1.0604,0.41,开放申购,开放赎回,434.4169315979051,True,True,True
2023-03-30,1.0618,1.0618,0.13,开放申购,开放赎回,435.6924347821416,True,True,True
2023-03-31,1.067,1.067,0.49,开放申购,开放赎回,437.094139420729,True,True,True
2023-04-03,1.0555,1.0555,-1.08,开放申购,开放赎回,433.4747188105047,True,True,True
2023-04-04,1.0668,1.0668,1.07,开放申购,开放赎回,438.29593674342476,True,True,True
2023-04-06,1.083,1.083,1.52,开放申购,开放赎回,446.112638257187,True,True,True
2023-04-07,1.0825,1.0825,-0.05,开放申购,开放赎回,446.112638257187,False,True,True
2023-04-10,1.0726,1.0726,-0.91,开放申购,开放赎回,446.112638257187,False,True,True
2023-04-11,1.076,1.076,0.32,开放申购,开放赎回,442.796864619213,True,True,True
2023-04-12,1.0849,1.0849,0.83,开放申购,开放赎回,444.7181563329234,True,True,True
2023-04-13,1.0856,1.0856,0.06,开放申购,开放赎回,447.9781359252786,True,True,True
2023-04-14,1.0907,1.0907,0.47,开放申购,开放赎回,449.48150458539766,True,True,True
2023-04-17,1.0796,1.0796,-1.02,开放申购,开放赎回,443.9416825388019,True,True,True
2023-04-18,1.0753,1.0753,-0.4,开放申购,开放赎回,442.16229456016066,True,True,True
2023-04-19,1.0752,1.0752,-0.01,开放申购,开放赎回,436.7836338360492,True,True,True
2023-04-20,1.0765,1.0765,0.12,开放申购,开放赎回,441.4051046332899,True,True,True
2023-04-21,1.0726,1.0726,-0.36,开放申购,开放赎回,438.8151733739813,True,True,True
2023-04-24,1.0692,1.0692,-0.32,开放申购,开放赎回,440.1288901396638,True,True,True
2023-04-25,1.0775,1.0775,0.78,开放申购,开放赎回,441.17992853340354,True,True,True
2023-04-26,1.0806,1.0806,0.29,开放申购,开放赎回,445.5005225523198,True,True,True
2023-04-27,1.0821,1.0821,0.14,开放申购,开放赎回,444.81599766553154,True,True,True
2023-04-28,1.0746,1.0746,-0.69,开放申购,开放赎回,441.26397908689455,True,True,True
2023-05-04,1.098,1.098,2.18,开放申购,开放赎回,452.37153383032853,True,True,True
2023-05-05,1.1034,1.1034,0.49,开放申购,开放赎回,452.6835453828112,True,True,True
2023-05-08,1.0906,1.0906,-1.16,开放申购,开放赎回,452.6835453828112,False,True,True
2023-05-09,1.0925,1.0925,0.17,开放申购,开放赎回,450.1083413812341,True,True,True
2023-05-10,1.0969,1.0969,0.4,开放申购,开放赎回,451.5126963769613,True,True,True
2023-05-11,1.097,1.097,0.01,开放申购,开放赎回,451.4898494824877,True,True,True
2023-05-12,1.0902,1.0902,-0.62,开放申购,开放赎回,448.23292077943927,True,True,True
2023-05-15,1.0943,1.0943,0.38,开放申购,开放赎回,450.7871308188498,True,True,True
2023-05-16,1.0916,1.0916,-0.25,开放申购,开放赎回,449.2109059099251,True,True,True
2023-05-17,1.0872,1.0872,-0.4,开放申购,开放赎回,445.40949157962194,True,True,True
2023-05-18,1.085,1.085,-0.2,开放申购,开放赎回,445.40949157962194,False,True,True
2023-05-19,1.0812,1.0812,-0.35,开放申购,开放赎回,444.5754042521991,True,True,True
2023-05-22,1.0853,1.0853,0.38,开放申购,开放赎回,446.3189128260166,True,True,True
2023-05-23,1.0815,1.0815,-0.35,开放申购,开放赎回,442.9763037934778,True,True,True
2023-05-24,1.0867,1.0867,0.48,开放申购,开放赎回,448.473695024164,True,True,True
2023-05-25,1.0825,1.0825,-0.39,开放申购,开放赎回,445.3986259967092,True,True,True
2023-05-26,1.0768,1.0768,-0.53,开放申购,开放赎回,444.5066188031238,True,True,True
2023-05-29,1.0766,1.0766,-0.02,开放申购,开放赎回,444.5066188031238,False,True,True
2023-05-30,1.0751,1.0751,-0.14,开放申购,开放赎回,443.2767711263833,True,True,True
2023-05-31,1.0867,1.0867,1.08,开放申购,开放赎回,445.85886914504067,True,True,True
2023-06-01,1.0877,1.0877,0.09,开放申购,开放赎回,447.80457108073165,True,True,True
2023-06-02,1.0907,1.0907,0.28,开放申购,开放赎回,451.7576270294143,True,True,True
2023-06-05,1.0785,1.0785,-1.12,开放申购,开放赎回,442.4033131658103,True,True,True
2023-06-06,1.0856,1.0856,0.66,开放申购,开放赎回,448.1588867717924,True,True,True
2023-06-07,1.0876,1.0876,0.18,开放申购,开放赎回,449.29255820382417,True,True,True
2023-06-08,1.0828,1.0828,-0.44,开放申购,开放赎回,446.3023772022375,True,True,True
2023-06-09,1.0905,1.0905,0.71,开放申购,开放赎回,448.9271912156397,True,True,True
2023-06-12,1.0915,1.0915,0.09,开放申购,开放赎回,450.1000325187911,True,True,True
2023-06-13,1.0941,1.0941,0.24,开放申购,开放赎回,451.1390904111959,True,True,True
2023-06-14,1.088,1.088,-0.56,开放申购,开放赎回,449.7340158673767,True,True,True
2023-06-15,1.0793,1.0793,-0.8,开放申购,开放赎回,445.5168873027437,True,True,True
2023-06-16,1.0876,1.0876,0.77,开放申购,开放赎回,449.60234268894806,True,True,True
2023-06-19,1.0887,1.0887,0.1,开放申购,开放赎回,447.72859890148254,True,True,True
2023-06-20,1.0902,1.0902,0.14,开放申购,开放赎回,449.8001127499153,True,True,True
2023-06-21,1.0858,1.0858,-0.4,开放申购,开放赎回,446.78745125688306,True,True,True
2023-06-26,1.0841,1.0841,-0.16,开放申购,开放赎回,445.55962675418124,True,True,True
2023-06-27,1.084,1.084,-0.01,开放申购,开放赎回,447.6240342365822,True,True,True
2023-06-28,1.0796,1.0796,-0.41,开放申购,开放赎回,443.25057786845576,True,True,True
2023-06-29,1.0815,1.0815,0.18,开放申购,开放赎回,443.4165364590272,True,True,True
2023-06-30,1.0839,1.0839,0.22,开放申购,开放赎回,443.8141785078888,True,True,True
2023-07-03,1.086,1.086,0.19,开放申购,开放赎回,445.61395541918114,True,True,True
2023-07-04,1.0875,1.0875,0.14,开放申购,开放赎回,449.1782090534408,True,True,True
2023-07-05,1.0882,1.0882,0.06,开放申购,开放赎回,447.2102004408486,True,True,True
2023-07-06,1.0883,1.0883,0.01,开放申购,开放赎回,447.1181282427292,True,True,True
2023-07-07,1.0858,1.0858,-0.23,开放申购,开放赎回,446.4751582271554,True,True,True
2023-07-10,1.0892,1.0892,0.31,开放申购,开放赎回,446.3202925679763,True,True,True
2023-07-11,1.0891,1.0891,-0.01,开放申购,开放赎回,450.106834618536,True,True,True
2023-07-12,1.0891,1.0891,0.0,开放申购,开放赎回,448.6703787683747,True,True,True
2023-07-13,1.0984,1.0984,0.85,开放申购,开放赎回,451.43254432562605,True,True,True
2023-07-14,1.0937,1.0937,-0.43,开放申购,开放赎回,449.755995978764,True,True,True
2023-07-17,1.0971,1.0971,0.31,开放申购,开放赎回,448.81294808297605,True,True,True
2023-07-18,1.1002,1.1002,0.28,开放申购,开放赎回,452.30823028949544,True,True,True
2023-07-19,1.1128,1.1128,1.15,开放申购,开放赎回,456.5962851286414,True,True,True
2023-07-20,1.1125,1.1125,-0.03,开放申购,开放赎回,460.3382858205276,True,True,True
2023-07-21,1.1062,1.1062,-0.57,开放申购,开放赎回,453.10723567908644,True,True,True
2023-07-24,1.1052,1.1052,-0.09,开放申购,开放赎回,453.4148640809227,True,True,True
2023-07-25,1.1007,1.1007,-0.41,开放申购,开放赎回,453.50113982683155,True,True,True
2023-07-26,1.1039,1.1039,0.29,开放申购,开放赎回,452.39342638135713,True,True,True
2023-07-27,1.1065,1.1065,0.24,开放申购,开放赎回,454.0547116060592,True,True,True
2023-07-28,1.0987,1.0987,-0.7,开放申购,开放赎回,449.7446071554636,True,True,True
2023-07-31,1.0987,1.0987,0.0,开放申购,开放赎回,446.5700223465937,True,True,True
2023-08-01,1.102,1.102,0.3,开放申购,开放赎回,446.3973801953222,True,True,True
2023-08-02,1.101,1.101,-0.09,开放申购,开放赎回,449.8539451082162,True,True,True
2023-08-03,1.0968,1.0968,-0.38,开放申购,开放赎回,447.7662124059862,True,True,True
2023-08-04,1.0953,1.0953,-0.14,开放申购,开放赎回,445.3796265402272,True,True,True
2023-08-07,1.0979,1.0979,0.24,开放申购,开放赎回,444.07964590518674,True,True,True
2023-08-08,1.0982,1.0982,0.03,开放申购,开放赎回,447.39891380619343,True,True,True
2023-08-09,1.0972,1.0972,-0.09,开放申购,开放赎回,447.36979913337143,True,True,True
2023-08-10,1.094,1.094,-0.29,开放申购,开放赎回,445.0059726109257,True,True,True
2023-08-11,1.0979,1.0979,0.36,开放申购,开放赎回,444.90703884385687,True,True,True
2023-08-14,1.0996,1.0996,0.15,开放申购,开放赎回,442.4735484640021,True,True,True
2023-08-15,1.0996,1.0996,0.0,开放申购,开放赎回,444.2791019328937,True,True,True
2023-08-16,1.1023,1.1023,0.25,开放申购,开放赎回,446.39266624176463,True,True,True
2023-08-17,1.1025,1.1025,0.02,开放申购,开放赎回,444.3282372841603,True,True,True
2023-08-18,1.0995,1.0995,-0.27,开放申购,开放赎回,442.8024689643231,True,True,True
2023-08-21,1.1036,1.1036,0.37,开放申购,开放赎回,442.43450818304126,True,True,True
2023-08-22,1.1028,1.1028,-0.07,开放申购,开放赎回,440.1281664093648,True,True,True
2023-08-23,1.1057,1.1057,0.26,开放申购,开放赎回,446.5333662532023,True,True,True
2023-08-24,1.1091,1.1091,0.31,开放申购,开放赎回,442.7922658794779,True,True,True
2023-08-25,1.1064,1.1064,-0.24,开放申购,开放赎回,448.6712545474984,True,True,True
2023-08-28,1.1067,1.1067,0.03,开放申购,开放赎回,448.6712545474984,False,True,True
2023-08-29,1.1102,1.1102,0.32,开放申购,开放赎回,450.77224862706123,True,True,True
2023-08-30,1.1134,1.1134,0.29,开放申购,开放赎回,453.64782954278155,True,True,True
2023-08-31,1.117,1.117,0.32,开放申购,开放赎回,455.2794829420831,True,True,True
2023-09-01,1.1158,1.1158,-0.11,开放申购,开放赎回,453.63386342141877,True,True,True
2023-09-04,1.121,1.121,0.47,开放申购,开放赎回,445.8161156261798,True,True,True
2023-09-05,1.122,1.122,0.09,开放申购,开放赎回,451.64908258527464,True,True,True
2023-09-06,1.1198,1.1198,-0.2,开放申购,开放赎回,451.6448401134611,True,True,True
2023-09-07,1.1194,1.1194,-0.04,开放申购,开放赎回,451.57107082586975,True,True,True
2023-09-08,1.1263,1.1263,0.62,开放申购,开放赎回,453.64847762695246,True,True,True
2023-09-11,1.1275,1.1275,0.11,开放申购,开放赎回,447.98662911374026,True,True,True
2023-09-12,1.1291,1.1291,0.14,开放申购,开放赎回,449.6263711894946,True,True,True
2023-09-13,1.1322,1.1322,0.27,开放申购,开放赎回,448.2230383830953,True,True,True
2023-09-14,1.1425,1.1425,0.91,开放申购,开放赎回,445.5322931618792,True,True,True
2023-09-15,1.1343,1.1343,-0.72,开放申购,开放赎回,448.833074293158,True,True,True
2023-09-18,1.1274,1.1274,-0.61,开放申购,开放赎回,450.5104400974401,True,True,True
2023-09-19,1.1341,1.1341,0.59,开放申购,开放赎回,453.56056971422635,True,True,True
2023-09-20,1.1408,1.1408,0.59,开放申购,开放赎回,452.734024231266,True,True,True
2023-09-21,1.1387,1.1387,-0.18,开放申购,开放赎回,450.55708907455215,True,True,True
2023-09-22,1.1358,1.1358,-0.25,开放申购,开放赎回,452.4825410892146,True,True,True
2023-09-25,1.1413,1.1413,0.48,开放申购,开放赎回,451.0688297614406,True,True,True
2023-09-26,1.1415,1.1415,0.02,开放申购,开放赎回,449.4263291131753,True,True,True
2023-09-27,1.1239,1.1239,-1.54,开放申购,开放赎回,445.53852805133994,True,True,True
2023-09-28,1.0867,1.0867,-3.31,开放申购,开放赎回,440.3401818068993,True,True,True
2023-10-09,1.095,1.095,0.76,开放申购,开放赎回,434.7654148602704,True,True,True
2023-10-10,1.0821,1.0821,-1.18,开放申购,开放赎回,435.89843732508467,True,True,True
2023-10-11,1.0865,1.0865,0.41,开放申购,开放赎回,438.58923651486054,True,True,True
2023-10-12,1.0925,1.0925,0.55,开放申购,开放赎回,441.4281182143126,True,True,True
2023-10-13,1.0963,1.0963,0.35,开放申购,开放赎回,442.9707422569659,True,True,True
2023-10-16,1.1134,1.1134,1.56,开放申购,开放赎回,441.2497845147769,True,True,True
2023-10-17,1.1158,1.1158,0.22,开放申购,开放赎回,452.00969239584214,True,True,True
2023-10-18,1.1234,1.1234,0.68,开放申购,开放赎回,456.9536672167487,True,True,True
2023-10-19,1.1307,1.1307,0.65,开放申购,开放赎回,458.1948097121835,True,True,True
2023-10-20,1.1427,1.1427,1.06,开放申购,开放赎回,466.40712917249664,True,True,True
2023-10-23,1.1406,1.1406,-0.18,开放申购,开放赎回,465.9106751319157,True,True,True
2023-10-24,1.1386,1.1386,-0.18,开放申购,开放赎回,462.64152450703006,True,True,True
2023-10-25,1.1371,1.1371,-0.13,开放申购,开放赎回,462.9651685776204,True,True,True
2023-10-26,1.1432,1.1432,0.54,开放申购,开放赎回,468.3994322099149,True,True,True
2023-10-27,1.1438,1.1438,0.05,开放申购,开放赎回,467.4427613767249,True,True,True
2023-10-30,1.1496,1.1496,0.51,开放申购,开放赎回,459.42899167075814,True,True,True
2023-10-31,1.1504,1.1504,0.07,开放申购,开放赎回,469.6147289684296,True,True,True
2023-11-01,1.1455,1.1455,-0.43,开放申购,开放赎回,466.2815804222142,True,True,True
2023-11-02,1.1471,1.1471,0.14,开放申购,开放赎回,467.29496909120786,True,True,True
2023-11-03,1.1471,1.1471,0.0,开放申购,开放赎回,467.60326902624234,True,True,True
2023-11-06,1.1426,1.1426,-0.39,开放申购,开放赎回,466.2774378741787,True,True,True
2023-11-07,1.1377,1.1377,-0.43,开放申购,开放赎回,459.8569846853164,True,True,True
2023-11-08,1.1326,1.1326,-0.45,开放申购,开放赎回,458.6562437585073,True,True,True
2023-11-09,1.1263,1.1263,-0.56,开放申购,开放赎回,455.60751232111176,True,True,True
2023-11-10,1.1322,1.1322,0.52,开放申购,开放赎回,457.3639473660969,True,True,True
2023-11-13,1.1283,1.1283,-0.34,开放申购,开放赎回,447.35764698141634,True,True,True
2023-11-14,1.1323,1.1323,0.35,开放申购,开放赎回,456.1677496076416,True,True,True
2023-11-15,1.1362,1.1362,0.34,开放申购,开放赎回,460.1187903833627,True,True,True
2023-11-16,1.1331,1.1331,-0.27,开放申购,开放赎回,458.11167116879005,True,True,True
2023-11-17,1.1357,1.1357,0.23,开放申购,开放赎回,463.7796151321148,True,True,True
2023-11-20,1.1256,1.1256,-0.89,开放申购,开放赎回,458.0429380670561,True,True,True
2023-11-21,1.1226,1.1226,-0.27,开放申购,开放赎回,458.24240983016347,True,True,True
2023-11-22,1.1192,1.1192,-0.3,开放申购,开放赎回,455.6754818619314,True,True,True
2023-11-23,1.1179,1.1179,-0.12,开放申购,开放赎回,458.3236518929469,True,True,True
2023-11-24,1.1188,1.1188,0.08,开放申购,开放赎回,454.53402498644664,True,True,True
2023-11-27,1.1289,1.1289,0.9,开放申购,开放赎回,458.04070594977446,True,True,True
2023-11-28,1.1348,1.1348,0.52,开放申购,开放赎回,461.69836198688387,True,True,True
2023-11-29,1.1411,1.1411,0.56,开放申购,开放赎回,462.75208020637837,True,True,True
2023-11-30,1.1415,1.1415,0.04,开放申购,开放赎回,463.798184789413,True,True,True
2023-12-01,1.1418,1.1418,0.03,开放申购,开放赎回,465.0929832944444,True,True,True
2023-12-04,1.1563,1.1563,1.27,开放申购,开放赎回,469.2847558542983,True,True,True
2023-12-05,1.139,1.139,-1.5,开放申购,开放赎回,464.183492433774,True,True,True
2023-12-06,1.137,1.137,-0.18,开放申购,开放赎回,464.38909751605,True,True,True
2023-12-07,1.1387,1.1387,0.15,开放申购,开放赎回,467.05759293945243,True,True,True
2023-12-08,1.1402,1.1402,0.13,开放申购,开放赎回,466.5736850797232,True,True,True
2023-12-11,1.1329,1.1329,-0.64,开放申购,开放赎回,456.4065470980654,True,True,True
2023-12-12,1.1275,1.1275,-0.48,开放申购,开放赎回,458.29018366227194,True,True,True
2023-12-13,1.1275,1.1275,0.0,开放申购,开放赎回,457.1708534632184,True,True,True
2023-12-14,1.1418,1.1418,1.27,开放申购,开放赎回,469.0136432449216,True,True,True
2023-12-15,1.1412,1.1412,-0.05,开放申购,开放赎回,464.33633331609286,True,True,True
2023-12-18,1.1398,1.1398,-0.12,开放申购,开放赎回,459.40609336794677,True,True,True
2023-12-19,1.1409,1.1409,0.1,开放申购,开放赎回,464.56002430478725,True,True,True
2023-12-20,1.1457,1.1457,0.42,开放申购,开放赎回,462.7169782696868,True,True,True
2023-12-21,1.1446,1.1446,-0.1,开放申购,开放赎回,466.6005553852911,True,True,True
2023-12-22,1.1509,1.1509,0.55,开放申购,开放赎回,471.7768734819876,True,True,True
2023-12-25,1.1514,1.1514,0.04,开放申购,开放赎回,471.7768734819876,False,True,True
2023-12-26,1.1561,1.1561,0.41,开放申购,开放赎回,471.7768734819876,False,True,True
2023-12-27,1.1576,1.1576,0.13,开放申购,开放赎回,473.43535699903714,True,True,True
2023-12-28,1.1592,1.1592,0.14,开放申购,开放赎回,476.9855133020899,True,True,True
2023-12-29,1.1551,1.1551,-0.35,开放申购,开放赎回,471.24881358519883,True,True,True
2023-12-31,1.155,1.155,-0.01,开放申购,开放赎回,471.24881358519883,False,True,True
2024-01-02,1.1583,1.1583,0.29,开放申购,开放赎回,471.54337771153536,True,True,True
2024-01-03,1.1585,1.1585,0.02,开放申购,开放赎回,468.1918086110581,True,True,True
2024-01-04,1.1549,1.1549,-0.31,开放申购,开放赎回,467.66478273044305,True,True,True
2024-01-05,1.156,1.156,0.1,开放申购,开放赎回,465.80153611837704,True,True,True
2024-01-08,1.1573,1.1573,0.11,开放申购,开放赎回,462.44317051691576,True,True,True
2024-01-09,1.1519,1.1519,-0.47,开放申购,开放赎回,464.5938428014263,True,True,True
2024-01-10,1.1504,1.1504,-0.13,开放申购,开放赎回,464.920157943192,True,True,True
2024-01-11,1.1507,1.1507,0.03,开放申购,开放赎回,468.4099344766301,True,True,True
2024-01-12,1.1527,1.1527,0.17,开放申购,开放赎回,465.7719565291706,True,True,True
2024-01-15,1.159,1.159,0.55,开放申购,开放赎回,468.8725611839734,True,True,True
2024-01-16,1.1603,1.1603,0.11,开放申购,开放赎回,465.41761527421653,True,True,True
2024-01-17,1.1528,1.1528,-0.65,开放申购,开放赎回,463.9050311540501,True,True,True
2024-01-18,1.1486,1.1486,-0.36,开放申购,开放赎回,460.26356102129415,True,True,True
2024-01-19,1.1529,1.1529,0.37,开放申购,开放赎回,464.25330931120584,True,True,True
2024-01-22,1.1502,1.1502,-0.23,开放申购,开放赎回,462.4582583665847,True,True,True
2024-01-23,1.15,1.15,-0.02,开放申购,开放赎回,468.7104243916135,True,True,True
2024-01-24,1.15,1.15,0.0,开放申购,开放赎回,462.04052675704236,True,True,True
2024-01-25,1.1444,1.1444,-0.49,开放申购,开放赎回,459.5157623497379,True,True,True
2024-01-26,1.1494,1.1494,0.44,开放申购,开放赎回,460.12898415865817,True,True,True
2024-01-29,1.1521,1.1521,0.23,开放申购,开放赎回,461.91035977331046,True,True,True
2024-01-30,1.1547,1.1547,0.23,开放申购,开放赎回,463.9259256669228,True,True,True
2024-01-31,1.1554,1.1554,0.06,开放申购,开放赎回,464.8054775307439,True,True,True
2024-02-01,1.157,1.157,0.14,开放申购,开放赎回,465.1580007436976,True,True,True
2024-02-02,1.1609,1.1609,0.34,开放申购,开放赎回,468.1533463492707,True,True,True
2024-02-05,1.1543,1.1543,-0.57,开放申购,开放赎回,462.953337606281,True,True,True
2024-02-06,1.1514,1.1514,-0.25,开放申购,开放赎回,462.81218094322344,True,True,True
2024-02-07,1.1542,1.1542,0.24,开放申购,开放赎回,464.12571478870973,True,True,True
2024-02-08,1.157,1.157,0.24,开放申购,开放赎回,465.0700557606433,True,True,True
2024-02-19,1.152,1.152,-0.43,开放申购,开放赎回,462.3940720067838,True,True,True
2024-02-20,1.1517,1.1517,-0.03,开放申购,开放赎回,468.99209023988567,True,True,True
2024-02-21,1.1515,1.1515,-0.02,开放申购,开放赎回,468.9656950808586,True,True,True
2024-02-22,1.1509,1.1509,-0.05,开放申购,开放赎回,469.34662969894805,True,True,True
2024-02-23,1.148,1.148,-0.25,开放申购,开放赎回,467.00342600536237,True,True,True
2024-02-26,1.1538,1.1538,0.51,开放申购,开放赎回,470.7410337326733,True,True,True
2024-02-27,1.1531,1.1531,-0.06,开放申购,开放赎回,471.06202804248704,True,True,True
2024-02-28,1.1528,1.1528,-0.03,开放申购,开放赎回,468.646467796406,True,True,True
2024-02-29,1.1541,1.1541,0.11,开放申购,开放赎回,470.3020532295422,True,True,True
2024-03-01,1.1587,1.1587,0.4,开放申购,开放赎回,473.7707104932779,True,True,True
2024-03-04,1.1731,1.1731,1.24,开放申购,开放赎回,481.93745371945965,True,True,True
2024-03-05,1.1898,1.1898,1.42,开放申购,开放赎回,492.120597870988,True,True,True
2024-03-06,1.1972,1.1972,0.62,开放申购,开放赎回,492.17683635274824,True,True,True
2024-03-07,1.2104,1.2104,1.1,开放申购,开放赎回,498.99491737894056,True,True,True
2024-03-08,1.2108,1.2108,0.03,开放申购,开放赎回,501.4738755560272,True,True,True
2024-03-11,1.2165,1.2165,0.47,开放申购,开放赎回,503.24275667565087,True,True,True
2024-03-12,1.212,1.212,-0.37,开放申购,开放赎回,502.6712254841347,True,True,True
2024-03-13,1.2096,1.2096,-0.2,开放申购,开放赎回,498.88520349668124,True,True,True
2024-03-14,1.2117,1.2117,0.17,开放申购,开放赎回,501.3421885983919,True,True,True
2024-03-15,1.2144,1.2144,0.22,开放申购,开放赎回,501.8600257916761,True,True,True
2024-03-18,1.2062,1.2062,-0.68,开放申购,开放赎回,498.5739687462132,True,True,True
2024-03-19,1.2081,1.2081,0.16,开放申购,开放赎回,498.4949970415363,True,True,True
2024-03-20,1.2095,1.2095,0.12,开放申购,开放赎回,498.3421371537851,True,True,True
2024-03-21,1.2315,1.2315,1.82,开放申购,开放赎回,511.5625592078813,True,True,True
2024-03-22,1.2253,1.2253,-0.5,开放申购,开放赎回,501.3298461606198,True,True,True
2024-03-25,1.2265,1.2265,0.1,开放申购,开放赎回,503.90026658363206,True,True,True
2024-03-26,1.2286,1.2286,0.17,开放申购,开放赎回,508.34395726802074,True,True,True
2024-03-27,1.2346,1.2346,0.49,开放申购,开放赎回,508.6749432151717,True,True,True
2024-03-28,1.242,1.242,0.6,开放申购,开放赎回,512.7189087268392,True,True,True
2024-03-29,1.267,1.267,2.01,开放申购,开放赎回,512.7189087268392,False,True,True
2024-04-01,1.2746,1.2746,0.6,开放申购,开放赎回,512.7189087268392,False,True,True
2024-04-02,1.2754,1.2754,0.06,开放申购,开放赎回,526.372580168108,True,True,True
2024-04-03,1.2908,1.2908,1.21,开放申购,开放赎回,528.0108159763448,True,True,True
2024-04-08,1.3222,1.3222,2.43,开放申购,开放赎回,543.3173532005118,True,True,True
2024-04-09,1.3263,1.3263,0.31,开放申购,开放赎回,549.5352516100068,True,True,True
2024-04-10,1.3309,1.3309,0.35,开放申购,开放赎回,545.5778606911429,True,True,True
2024-04-11,1.3229,1.3229,-0.6,开放申购,开放赎回,542.1275113495317,True,True,True
2024-04-12,1.3539,1.3539,2.34,开放申购,开放赎回,557.1252774206077,True,True,True
2024-04-15,1.3388,1.3388,-1.12,开放申购,开放赎回,546.0173676617679,True,True,True
2024-04-16,1.3469,1.3469,0.61,开放申购,开放赎回,551.2069625891131,True,True,True
2024-04-17,1.3491,1.3491,0.16,开放申购,开放赎回,556.9040887683619,True,True,True
2024-04-18,1.344,1.344,-0.38,开放申购,开放赎回,553.7620964846304,True,True,True
2024-04-19,1.3496,1.3496,0.42,开放申购,开放赎回,554.1622343038146,True,True,True
2024-04-22,1.3277,1.3277,-1.62,开放申购,开放赎回,549.6324744443386,True,True,True
2024-04-23,1.2978,1.2978,-2.25,开放申购,开放赎回,535.1283101732347,True,True,True
2024-04-24,1.3115,1.3115,1.06,开放申购,开放赎回,538.5718718259313,True,True,True
2024-04-25,1.3105,1.3105,-0.08,开放申购,开放赎回,541.6588753857052,True,True,True
2024-04-26,1.3195,1.3195,0.69,开放申购,开放赎回,546.860464053186,True,True,True
2024-04-29,1.3128,1.3128,-0.51,开放申购,开放赎回,544.4721387971327,True,True,True
2024-04-30,1.3091,1.3091,-0.28,开放申购,开放赎回,538.6480757175356,True,True,True
2024-05-06,1.3016,1.3016,-0.57,开放申购,开放赎回,538.6480757175356,False,True,True
2024-05-07,1.3049,1.3049,0.25,开放申购,开放赎回,536.4840892606951,True,True,True
2024-05-08,1.3029,1.3029,-0.15,开放申购,开放赎回,535.7612407987319,True,True,True
2024-05-09,1.3008,1.3008,-0.16,开放申购,开放赎回,536.1968884769241,True,True,True
2024-05-10,1.3296,1.3296,2.21,开放申购,开放赎回,550.2889141320011,True,True,True
2024-05-13,1.3237,1.3237,-0.44,开放申购,开放赎回,543.6864803323163,True,True,True
2024-05-14,1.32,1.32,-0.28,开放申购,开放赎回,545.8264576236519,True,True,True
2024-05-15,1.3282,1.3282,0.62,开放申购,开放赎回,551.5000392739958,True,True,True
2024-05-16,1.3403,1.3403,0.91,开放申购,开放赎回,553.136574619577,True,True,True
2024-05-17,1.3412,1.3412,0.07,开放申购,开放赎回,657.0564410858576,True,True,True
2024-05-20,1.3728,1.3728,2.36,开放申购,开放赎回,567.6152267299907,True,True,True
2024-05-21,1.3584,1.3584,-1.05,开放申购,开放赎回,561.9751277625451,True,True,True
2024-05-22,1.3597,1.3597,0.1,开放申购,开放赎回,561.7820653779922,True,True,True
2024-05-23,1.3304,1.3304,-2.15,开放申购,开放赎回,549.7822983457281,True,True,True
2024-05-24,1.3167,1.3167,-1.03,开放申购,开放赎回,544.7397248187577,True,True,True
2024-05-27,1.3211,1.3211,0.33,开放申购,开放赎回,544.7397248187577,False,True,True
2024-05-28,1.322,1.322,0.07,开放申购,开放赎回,545.8921819777929,True,True,True
2024-05-29,1.3291,1.3291,0.54,开放申购,开放赎回,545.2708821319055,True,True,True
2024-05-30,1.319,1.319,-0.76,开放申购,开放赎回,545.2708821319055,False,True,True
2024-05-31,1.323,1.323,0.3,开放申购,开放赎回,544.8705065324868,True,True,True
2024-06-03,1.3134,1.3134,-0.73,开放申购,开放赎回,541.1984395239451,True,True,True
2024-06-04,1.3232,1.3232,0.75,开放申购,开放赎回,542.6236220651095,True,True,True
2024-06-05,1.3168,1.3168,-0.48,开放申购,开放赎回,543.031084557542,True,True,True
2024-06-06,1.3356,1.3356,1.43,开放申购,开放赎回,550.0469081483773,True,True,True
2024-06-07,1.3372,1.3372,0.12,开放申购,开放赎回,544.5277429371353,True,True,True
2024-06-11,1.2976,1.2976,-2.96,开放申购,开放赎回,536.4595406027588,True,True,True
2024-06-12,1.3046,1.3046,0.54,开放申购,开放赎回,539.3411642724776,True,True,True
2024-06-13,1.3048,1.3048,0.02,开放申购,开放赎回,539.0385506732792,True,True,True
2024-06-14,1.3054,1.3054,0.05,开放申购,开放赎回,540.1721376164522,True,True,True
2024-06-17,1.3076,1.3076,0.17,开放申购,开放赎回,541.2595637110657,True,True,True
2024-06-18,1.3087,1.3087,0.08,开放申购,开放赎回,539.2941478038598,True,True,True
2024-06-19,1.3129,1.3129,0.32,开放申购,开放赎回,542.9822840687483,True,True,True
2024-06-20,1.323,1.323,0.77,开放申购,开放赎回,544.2666467731868,True,True,True
2024-06-21,1.3302,1.3302,0.54,开放申购,开放赎回,551.723282144888,True,True,True
2024-06-24,1.3109,1.3109,-1.45,开放申购,开放赎回,543.1421886480099,True,True,True
2024-06-25,1.3124,1.3124,0.11,开放申购,开放赎回,544.2433175735158,True,True,True
2024-06-26,1.3048,1.3048,-0.58,开放申购,开放赎回,540.7154050371909,True,True,True
2024-06-27,1.2972,1.2972,-0.58,开放申购,开放赎回,539.5757048802574,True,True,True
2024-06-28,1.3119,1.3119,1.13,开放申购,开放赎回,543.8342090430751,True,True,True
2024-06-30,1.3119,1.3119,0.0,开放申购,开放赎回,543.8342090430751,False,True,True
2024-07-01,1.3121,1.3121,0.02,开放申购,开放赎回,543.7761619699066,True,True,True
2024-07-02,1.3143,1.3143,0.17,开放申购,开放赎回,544.1388547824548,True,True,True
2024-07-03,1.3212,1.3212,0.52,开放申购,开放赎回,547.4929172739345,True,True,True
2024-07-04,1.3285,1.3285,0.55,开放申购,开放赎回,550.8562274114379,True,True,True
2024-07-05,1.3317,1.3317,0.24,开放申购,开放赎回,552.547875554394,True,True,True
2024-07-08,1.336,1.336,0.32,开放申购,开放赎回,554.1720507721426,True,True,True
2024-07-09,1.3295,1.3295,-0.49,开放申购,开放赎回,551.9574809385025,True,True,True
2024-07-10,1.3353,1.3353,0.44,开放申购,开放赎回,554.7616691363907,True,True,True
2024-07-11,1.3403,1.3403,0.37,开放申购,开放赎回,557.4661100398074,True,True,True
2024-07-12,1.3476,1.3476,0.54,开放申购,开放赎回,560.7613307767092,True,True,True
2024-07-15,1.3473,1.3473,-0.02,开放申购,开放赎回,561.3578297597978,True,True,True
2024-07-16,1.3605,1.3605,0.98,开放申购,开放赎回,569.2932090104334,True,True,True
2024-07-17,1.3778,1.3778,1.27,开放申购,开放赎回,576.6629739733097,True,True,True
2024-07-18,1.377,1.377,-0.06,开放申购,开放赎回,575.7741064129176,True,True,True
2024-07-19,1.3435,1.3435,-2.43,开放申购,开放赎回,563.7971321570933,True,True,True
2024-07-22,1.343,1.343,-0.04,开放申购,开放赎回,561.2162537484747,True,True,True
2024-07-23,1.3364,1.3364,-0.49,开放申购,开放赎回,562.215061219635,True,True,True
2024-07-24,1.351,1.351,1.09,开放申购,开放赎回,563.9408076501014,True,True,True
2024-07-25,1.3199,1.3199,-2.3,开放申购,开放赎回,553.5754248610659,True,True,True
2024-07-26,1.3238,1.3238,0.3,开放申购,开放赎回,551.9715507419573,True,True,True
2024-07-29,1.3332,1.3332,0.71,开放申购,开放赎回,557.5892575088226,True,True,True
2024-07-30,1.3336,1.3336,0.03,开放申购,开放赎回,557.5314664839157,True,True,True
2024-07-31,1.3456,1.3456,0.9,开放申购,开放赎回,564.0460655066049,True,True,True
2024-08-01,1.3562,1.3562,0.79,开放申购,开放赎回,564.7813725775632,True,True,True
2024-08-02,1.3621,1.3621,0.44,开放申购,开放赎回,573.2466371847329,True,True,True
2024-08-05,1.3319,1.3319,-2.22,开放申购,开放赎回,557.2672428708245,True,True,True
2024-08-06,1.3197,1.3197,-0.92,开放申购,开放赎回,552.6466163236504,True,True,True
2024-08-07,1.3234,1.3234,0.28,开放申购,开放赎回,550.547860857741,True,True,True
2024-08-08,1.3236,1.3236,0.02,开放申购,开放赎回,553.1906791501724,True,True,True
2024-08-09,1.3347,1.3347,0.84,开放申购,开放赎回,558.9440379073402,True,True,True
2024-08-12,1.3442,1.3442,0.71,开放申购,开放赎回,562.6644539716162,True,True,True
2024-08-13,1.355,1.355,0.8,开放申购,开放赎回,567.5245017743423,True,True,True
2024-08-14,1.3514,1.3514,-0.27,开放申购,开放赎回,568.4885151256813,True,True,True
2024-08-15,1.3491,1.3491,-0.17,开放申购,开放赎回,563.6345182029756,True,True,True
2024-08-16,1.3509,1.3509,0.13,开放申购,开放赎回,567.8460559081229,True,True,True
2024-08-19,1.3644,1.3644,1.0,开放申购,开放赎回,575.831390201124,True,True,True
2024-08-20,1.3657,1.3657,0.1,开放申购,开放赎回,578.8783055964052,True,True,True
2024-08-21,1.3705,1.3705,0.35,开放申购,开放赎回,575.0019471608588,True,True,True
2024-08-22,1.3666,1.3666,-0.28,开放申购,开放赎回,574.4011427582229,True,True,True
2024-08-23,1.3623,1.3623,-0.31,开放申购,开放赎回,574.3134034292164,True,True,True
2024-08-26,1.3696,1.3696,0.54,开放申购,开放赎回,574.3134034292164,False,True,True
2024-08-27,1.3701,1.3701,0.04,开放申购,开放赎回,574.487764259046,True,True,True
2024-08-28,1.3684,1.3684,-0.12,开放申购,开放赎回,574.7195153738852,True,True,True
2024-08-29,1.3692,1.3692,0.06,开放申购,开放赎回,576.5342388565842,True,True,True
2024-08-30,1.3678,1.3678,-0.1,开放申购,开放赎回,575.8232888531055,True,True,True
2024-09-02,1.359,1.359,-0.64,开放申购,开放赎回,570.4968185057822,True,True,True
2024-09-03,1.3613,1.3613,0.17,开放申购,开放赎回,572.7536235329085,True,True,True
2024-09-04,1.3532,1.3532,-0.6,开放申购,开放赎回,566.4663720508925,True,True,True
2024-09-05,1.3608,1.3608,0.56,开放申购,开放赎回,575.4850256612019,True,True,True
2024-09-06,1.3649,1.3649,0.3,开放申购,开放赎回,574.0119071476902,True,True,True
2024-09-09,1.3559,1.3559,-0.66,开放申购,开放赎回,568.9398022158111,True,True,True
2024-09-10,1.3644,1.3644,0.63,开放申购,开放赎回,572.3063217977827,True,True,True
2024-09-11,1.3708,1.3708,0.47,开放申购,开放赎回,577.3613567913851,True,True,True
2024-09-12,1.3691,1.3691,-0.12,开放申购,开放赎回,576.0475279638661,True,True,True
2024-09-13,1.389,1.389,1.45,开放申购,开放赎回,588.3351762194524,True,True,True
2024-09-18,1.3881,1.3881,-0.06,开放申购,开放赎回,585.658736191874,True,True,True
2024-09-19,1.3861,1.3861,-0.14,开放申购,开放赎回,589.774523682451,True,True,True
2024-09-20,1.3981,1.3981,0.87,开放申购,开放赎回,592.2097404016001,True,True,True
2024-09-23,1.4105,1.4105,0.89,开放申购,开放赎回,593.3088476807687,True,True,True
2024-09-24,1.4097,1.4097,-0.06,开放申购,开放赎回,595.9042734202361,True,True,True
2024-09-25,1.4186,1.4186,0.63,开放申购,开放赎回,599.8282729649096,True,True,True
2024-09-26,1.4214,1.4214,0.2,开放申购,开放赎回,603.4214624450842,True,True,True
2024-09-27,1.4215,1.4215,0.01,开放申购,开放赎回,599.540514491201,True,True,True
2024-09-30,1.4145,1.4145,-0.49,开放申购,开放赎回,597.3077250186363,True,True,True
2024-10-08,1.4132,1.4132,-0.09,开放申购,开放赎回,595.6541472372347,True,True,True
2024-10-09,1.3962,1.3962,-1.2,开放申购,开放赎回,593.9575188814664,True,True,True
2024-10-10,1.4009,1.4009,0.34,开放申购,开放赎回,595.765933175376,True,True,True
2024-10-11,1.4169,1.4169,1.14,开放申购,开放赎回,600.2730171287135,True,True,True
2024-10-14,1.4304,1.4304,0.95,开放申购,开放赎回,603.9957052788625,True,True,True
2024-10-15,1.4313,1.4313,0.06,开放申购,开放赎回,604.5662984288023,True,True,True
2024-10-16,1.45,1.45,1.31,开放申购,开放赎回,613.1608396802756,True,True,True
2024-10-17,1.4565,1.4565,0.45,开放申购,开放赎回,612.9950957612522,True,True,True
2024-10-18,1.4665,1.4665,0.69,开放申购,开放赎回,620.9828990265635,True,True,True
2024-10-21,1.4815,1.4815,1.02,开放申购,开放赎回,624.2298141479529,True,True,True
2024-10-22,1.4832,1.4832,0.11,开放申购,开放赎回,625.5702251081244,True,True,True
2024-10-23,1.4907,1.4907,0.51,开放申购,开放赎回,629.8908737233916,True,True,True
2024-10-24,1.4793,1.4793,-0.76,开放申购,开放赎回,627.6893716836402,True,True,True
2024-10-25,1.479,1.479,-0.02,开放申购,开放赎回,622.3588820683362,True,True,True
2024-10-28,1.4847,1.4847,0.39,开放申购,开放赎回,625.0336971437109,True,True,True
2024-10-29,1.4954,1.4954,0.72,开放申购,开放赎回,630.0601547968314,True,True,True
2024-10-30,1.5113,1.5113,1.06,开放申购,开放赎回,638.1872159120285,True,True,True
2024-10-31,1.5059,1.5059,-0.36,开放申购,开放赎回,635.7769962959276,True,True,True
2024-11-01,1.492,1.492,-0.92,开放申购,开放赎回,628.7725240510354,True,True,True
2024-11-04,1.4817,1.4817,-0.69,开放申购,开放赎回,627.6813328540965,True,True,True
2024-11-05,1.4812,1.4812,-0.03,开放申购,开放赎回,624.9815500354409,True,True,True
2024-11-06,1.4815,1.4815,0.02,开放申购,开放赎回,622.503324942662,True,True,True
2024-11-07,1.4494,1.4494,-2.17,开放申购,开放赎回,615.4022917751072,True,True,True
2024-11-08,1.4607,1.4607,0.78,开放申购,开放赎回,616.5082617446635,True,True,True
2024-11-11,1.4617,1.4617,0.07,开放申购,开放赎回,616.321497235632,True,True,True
2024-11-12,1.4386,1.4386,-1.58,开放申购,开放赎回,600.6453139632885,True,True,True
2024-11-13,1.4355,1.4355,-0.22,开放申购,开放赎回,606.7703530252132,True,True,True
2024-11-14,1.4084,1.4084,-1.89,开放申购,开放赎回,591.8543486247057,True,True,True
2024-11-15,1.4096,1.4096,0.09,开放申购,开放赎回,596.5631259661213,True,True,True
2024-11-18,1.4262,1.4262,1.18,开放申购,开放赎回,602.1517492113209,True,True,True
2024-11-19,1.4478,1.4478,1.51,开放申购,开放赎回,613.183962665563,True,True,True
2024-11-20,1.4512,1.4512,0.23,开放申购,开放赎回,610.7016938424189,True,True,True
2024-11-21,1.4663,1.4663,1.04,开放申购,开放赎回,621.7731481380541,True,True,True
2024-11-22,1.4837,1.4837,1.19,开放申购,开放赎回,629.3894475461955,True,True,True
2024-11-25,1.4672,1.4672,-1.11,开放申购,开放赎回,621.7644798809991,True,True,True
2024-11-26,1.4481,1.4481,-1.3,开放申购,开放赎回,612.2163478008857,True,True,True
2024-11-27,1.4616,1.4616,0.93,开放申购,开放赎回,617.4002906372802,True,True,True
2024-11-28,1.4536,1.4536,-0.55,开放申购,开放赎回,616.533772974016,True,True,True
2024-11-29,1.4652,1.4652,0.8,开放申购,开放赎回,620.4212575195921,True,True,True
2024-12-02,1.4557,1.4557,-0.65,开放申购,开放赎回,613.9357212738715,True,True,True
2024-12-03,1.4684,1.4684,0.87,开放申购,开放赎回,618.3898615978493,True,True,True
2024-12-04,1.4666,1.4666,-0.12,开放申购,开放赎回,618.7142435658116,True,True,True
2024-12-05,1.4671,1.4671,0.03,开放申购,开放赎回,618.6053284022935,True,True,True
2024-12-06,1.4612,1.4612,-0.4,开放申购,开放赎回,615.3293143565135,True,True,True
2024-12-09,1.4686,1.4686,0.51,开放申购,开放赎回,620.7077905338444,True,True,True
2024-12-10,1.4742,1.4742,0.38,开放申购,开放赎回,623.2786119366793,True,True,True
2024-12-11,1.4867,1.4867,0.85,开放申购,开放赎回,628.6437469198405,True,True,True
2024-12-12,1.4966,1.4966,0.67,开放申购,开放赎回,633.4893229358969,True,True,True
2024-12-13,1.4846,1.4846,-0.8,开放申购,开放赎回,623.76376324794,True,True,True
2024-12-16,1.4701,1.4701,-0.98,开放申购,开放赎回,622.3959489999379,True,True,True
2024-12-17,1.4695,1.4695,-0.04,开放申购,开放赎回,618.4899620818438,True,True,True
2024-12-18,1.4678,1.4678,-0.12,开放申购,开放赎回,620.2576629667229,True,True,True
2024-12-19,1.4564,1.4564,-0.78,开放申购,开放赎回,613.9898416119214,True,True,True
2024-12-20,1.4572,1.4572,0.05,开放申购,开放赎回,611.2791571204215,True,True,True
2024-12-23,1.4711,1.4711,0.95,开放申购,开放赎回,614.6567140003148,True,True,True
2024-12-24,1.4664,1.4664,-0.32,开放申购,开放赎回,613.1961932476961,True,True,True
2024-12-25,1.4686,1.4686,0.15,开放申购,开放赎回,613.1961932476961,False,True,True
2024-12-26,1.4708,1.4708,0.15,开放申购,开放赎回,613.1961932476961,False,True,True
2024-12-27,1.4718,1.4718,0.07,开放申购,开放赎回,615.9898385518253,True,True,True
2024-12-30,1.4668,1.4668,-0.34,开放申购,开放赎回,612.4539590791366,True,True,True
2024-12-31,1.4664,1.4664,-0.03,开放申购,开放赎回,612.6081818305456,True,True,True
2025-01-02,1.4794,1.4794,0.89,开放申购,开放赎回,620.5272603439727,True,True,True
2025-01-03,1.4913,1.4913,0.8,开放申购,开放赎回,622.8459482853734,True,True,True
2025-01-06,1.4853,1.4853,-0.4,开放申购,开放赎回,619.3430940521338,True,True,True
2025-01-07,1.4863,1.4863,0.07,开放申购,开放赎回,622.5377996012023,True,True,True
2025-01-08,1.4921,1.4921,0.39,开放申购,开放赎回,625.0180866500173,True,True,True
2025-01-09,1.4995,1.4995,0.5,开放申购,开放赎回,628.4938913130912,True,True,True
2025-01-10,1.5098,1.5098,0.69,开放申购,开放赎回,631.6334100644044,True,True,True
2025-01-13,1.5145,1.5145,0.31,开放申购,开放赎回,631.6814476875298,True,True,True
2025-01-14,1.5046,1.5046,-0.65,开放申购,开放赎回,628.3599479720222,True,True,True
2025-01-15,1.5101,1.5101,0.37,开放申购,开放赎回,633.2152698931621,True,True,True
2025-01-16,1.5157,1.5157,0.37,开放申购,开放赎回,638.0598392176656,True,True,True
2025-01-17,1.5199,1.5199,0.28,开放申购,开放赎回,637.5842747442831,True,True,True
2025-01-20,1.5175,1.5175,-0.16,开放申购,开放赎回,637.5406134603872,True,True,True
2025-01-21,1.5176,1.5176,0.01,开放申购,开放赎回,639.8775001664713,True,True,True
2025-01-22,1.5304,1.5304,0.84,开放申购,开放赎回,645.2527254758623,True,True,True
2025-01-23,1.5319,1.5319,0.1,开放申购,开放赎回,642.2253455164714,True,True,True
2025-01-24,1.5378,1.5378,0.39,开放申购,开放赎回,649.1372256802734,True,True,True
2025-01-27,1.5327,1.5327,-0.33,开放申购,开放赎回,644.3775594317574,True,True,True
2025-02-05,1.5857,1.5857,3.46,开放申购,开放赎回,663.5703276156296,True,True,True
2025-02-06,1.5849,1.5849,-0.05,开放申购,开放赎回,668.8112476191525,True,True,True
2025-02-07,1.5859,1.5859,0.06,开放申购,开放赎回,671.6327557832246,True,True,True
2025-02-10,1.6072,1.6072,1.34,开放申购,开放赎回,678.3580372177349,True,True,True
2025-02-11,1.6235,1.6235,1.01,开放申购,开放赎回,682.6595708553175,True,True,True
2025-02-12,1.614,1.614,-0.59,开放申购,开放赎回,677.3909915501965,True,True,True
2025-02-13,1.6203,1.6203,0.39,开放申购,开放赎回,685.5522725120909,True,True,True
2025-02-14,1.6288,1.6288,0.52,开放申购,开放赎回,688.5036769547456,True,True,True
2025-02-17,1.604,1.604,-1.52,开放申购,开放赎回,675.8293969831028,True,True,True
2025-02-18,1.6174,1.6174,0.84,开放申购,开放赎回,678.312863644434,True,True,True
2025-02-19,1.6282,1.6282,0.67,开放申购,开放赎回,689.0262015894923,True,True,True
2025-02-20,1.6331,1.6331,0.3,开放申购,开放赎回,691.6019858722833,True,True,True
2025-02-21,1.6215,1.6215,-0.71,开放申购,开放赎回,683.4103472513214,True,True,True
2025-02-24,1.6252,1.6252,0.23,开放申购,开放赎回,685.4330188578789,True,True,True
2025-02-25,1.6248,1.6248,-0.02,开放申购,开放赎回,685.5439971647936,True,True,True
2025-02-26,1.6115,1.6115,-0.82,开放申购,开放赎回,678.903048194111,True,True,True
2025-02-27,1.6051,1.6051,-0.4,开放申购,开放赎回,674.7668608600446,True,True,True
2025-02-28,1.5942,1.5942,-0.68,开放申购,开放赎回,670.2195037155843,True,True,True
2025-03-03,1.5945,1.5945,0.02,开放申购,开放赎回,671.5934620778467,True,True,True
2025-03-04,1.6048,1.6048,0.65,开放申购,开放赎回,681.8841372939567,True,True,True
2025-03-05,1.617,1.617,0.76,开放申购,开放赎回,681.5116654958034,True,True,True
2025-03-06,1.6145,1.6145,-0.15,开放申购,开放赎回,676.4100110856882,True,True,True
2025-03-07,1.612,1.612,-0.15,开放申购,开放赎回,680.3379516322027,True,True,True
2025-03-10,1.616,1.616,0.25,开放申购,开放赎回,674.9660860362137,True,True,True
2025-03-11,1.6074,1.6074,-0.53,开放申购,开放赎回,679.9569358566091,True,True,True
2025-03-12,1.6124,1.6124,0.31,开放申购,开放赎回,679.9919436790802,True,True,True
2025-03-13,1.624,1.624,0.72,开放申购,开放赎回,685.1557791505197,True,True,True
2025-03-14,1.6479,1.6479,1.47,开放申购,开放赎回,697.999614244371,True,True,True
2025-03-17,1.6507,1.6507,0.17,开放申购,开放赎回,697.1387050080076,True,True,True
2025-03-18,1.6611,1.6611,0.63,开放申购,开放赎回,702.6561480866914,True,True,True
2025-03-19,1.6784,1.6784,1.04,开放申购,开放赎回,704.9896334075446,True,True,True
2025-03-20,1.682,1.682,0.21,开放申购,开放赎回,703.4398822487968,True,True,True
2025-03-21,1.6747,1.6747,-0.43,开放申购,开放赎回,706.3504122429247,True,True,True
2025-03-24,1.6746,1.6746,-0.01,开放申购,开放赎回,706.1836486388385,True,True,True
2025-03-25,1.6726,1.6726,-0.12,开放申购,开放赎回,704.5466664049748,True,True,True
2025-03-26,1.6778,1.6778,0.31,开放申购,开放赎回,705.0421695108853,True,True,True
2025-03-27,1.6812,1.6812,0.2,开放申购,开放赎回,712.0066147215674,True,True,True
2025-03-28,1.7093,1.7093,1.67,开放申购,开放赎回,717.0013913675327,True,True,True
2025-03-31,1.726,1.726,0.98,开放申购,开放赎回,728.5805822218796,True,True,True
2025-04-01,1.7417,1.7417,0.91,开放申购,开放赎回,730.6050162162704,True,True,True
2025-04-02,1.7357,1.7357,-0.34,开放申购,开放赎回,730.8737762223254,True,True,True
2025-04-03,1.7472,1.7472,0.66,开放申购,开放赎回,731.049796538994,True,True,True
2025-04-07,1.6975,1.6975,-2.84,开放申购,开放赎回,708.1735902723634,True,True,True
2025-04-08,1.7021,1.7021,0.27,开放申购,开放赎回,705.5170289267256,True,True,True
2025-04-09,1.7202,1.7202,1.06,开放申购,开放赎回,718.390563279465,True,True,True
2025-04-10,1.7586,1.7586,2.23,开放申购,开放赎回,734.1261991561911,True,True,True
2025-04-11,1.7911,1.7911,1.85,开放申购,开放赎回,755.7151268961171,True,True,True
2025-04-14,1.8041,1.8041,0.73,开放申购,开放赎回,755.0182387402415,True,True,True
2025-04-15,1.8047,1.8047,0.03,开放申购,开放赎回,758.6952759292049,True,True,True
2025-04-16,1.8441,1.8441,2.18,开放申购,开放赎回,776.8084248006769,True,True,True
2025-04-17,1.8645,1.8645,1.11,开放申购,开放赎回,781.4983316142508,True,True,True
2025-04-18,1.8685,1.8685,0.21,开放申购,开放赎回,781.4983316142508,False,True,True
2025-04-21,1.899,1.899,1.63,开放申购,开放赎回,781.4983316142508,False,True,True
2025-04-22,1.9567,1.9567,3.04,开放申购,开放赎回,810.7085495341298,True,True,True
2025-04-23,1.8648,1.8648,-4.7,开放申购,开放赎回,783.4858076114195,True,True,True
2025-04-24,1.8784,1.8784,0.73,开放申购,开放赎回,780.2995692844895,True,True,True
2025-04-25,1.8629,1.8629,-0.83,开放申购,开放赎回,772.873833751754,True,True,True
2025-04-28,1.8456,1.8456,-0.93,开放申购,开放赎回,768.0670232887412,True,True,True
2025-04-29,1.8559,1.8559,0.56,开放申购,开放赎回,777.380803716956,True,True,True
2025-04-30,1.8473,1.8473,-0.46,开放申购,开放赎回,767.5533198076604,True,True,True
2025-05-06,1.8796,1.8796,1.75,开放申购,开放赎回,789.4080328531684,True,True,True
2025-05-07,1.8941,1.8941,0.77,开放申购,开放赎回,783.2058427968702,True,True,True
2025-05-08,1.868,1.868,-1.38,开放申购,开放赎回,776.1227615824662,True,True,True
2025-05-09,1.8623,1.8623,-0.31,开放申购,开放赎回,772.2550401792313,True,True,True
2025-05-12,1.8185,1.8185,-2.35,开放申购,开放赎回,749.7457761041964,True,True,True
2025-05-13,1.8111,1.8111,-0.41,开放申购,开放赎回,753.4648652353072,True,True,True
2025-05-14,1.7997,1.7997,-0.63,开放申购,开放赎回,748.5097665556797,True,True,True
2025-05-15,1.745,1.745,-3.04,开放申购,开放赎回,734.7370663833666,True,True,True
2025-05-16,1.7769,1.7769,1.83,开放申购,开放赎回,743.7388855329671,True,True,True
2025-05-19,1.7862,1.7862,0.52,开放申购,开放赎回,750.7299572478619,True,True,True
2025-05-20,1.7842,1.7842,-0.11,开放申购,开放赎回,750.5793036697413,True,True,True
2025-05-21,1.8381,1.8381,3.02,开放申购,开放赎回,768.3391399872895,True,True,True
2025-05-22,1.8436,1.8436,0.3,开放申购,开放赎回,765.4694483433251,True,True,True
2025-05-23,1.8421,1.8421,-0.08,开放申购,开放赎回,771.2655965360491,True,True,True
2025-05-26,1.8381,1.8381,-0.22,开放申购,开放赎回,771.2655965360491,False,True,True
2025-05-27,1.8238,1.8238,-0.78,开放申购,开放赎回,763.3099876230996,True,True,True
2025-05-28,1.8238,1.8238,0.0,开放申购,开放赎回,769.308539903897,True,True,True
2025-05-29,1.8066,1.8066,-0.94,开放申购,开放赎回,759.4074545755536,True,True,True
2025-05-30,1.8224,1.8224,0.87,开放申购,开放赎回,762.8004580857346,True,True,True
2025-06-03,1.85,1.85,1.51,开放申购,开放赎回,777.7736783542115,True,True,True
2025-06-04,1.8496,1.8496,-0.02,开放申购,开放赎回,778.9085395965246,True,True,True
2025-06-05,1.8516,1.8516,0.11,开放申购,开放赎回,784.119637137758,True,True,True
2025-06-06,1.8504,1.8504,-0.06,开放申购,开放赎回,774.1790265104942,True,True,True
2025-06-09,1.8297,1.8297,-1.12,开放申购,开放赎回,766.8061497901831,True,True,True
2025-06-10,1.8326,1.8326,0.16,开放申购,开放赎回,768.1839884402315,True,True,True
2025-06-11,1.838,1.838,0.29,开放申购,开放赎回,770.5963583346615,True,True,True
2025-06-12,1.8541,1.8541,0.88,开放申购,开放赎回,777.117139241018,True,True,True
2025-06-13,1.8761,1.8761,1.19,开放申购,开放赎回,790.934559250139,True,True,True
2025-06-16,1.8724,1.8724,-0.2,开放申购,开放赎回,788.9674923799472,True,True,True
2025-06-17,1.855,1.855,-0.93,开放申购,开放赎回,780.2654433381498,True,True,True
2025-06-18,1.8561,1.8561,0.06,开放申购,开放赎回,781.0480470219688,True,True,True
2025-06-19,1.8476,1.8476,-0.46,开放申购,开放赎回,778.9962079644561,True,True,True
2025-06-20,1.8401,1.8401,-0.41,开放申购,开放赎回,775.3737317990355,True,True,True
2025-06-23,1.846,1.846,0.32,开放申购,开放赎回,777.1878634457942,True,True,True
2025-06-24,1.8262,1.8262,-1.07,开放申购,开放赎回,766.174480235757,True,True,True
2025-06-25,1.8292,1.8292,0.16,开放申购,开放赎回,766.0213375891167,True,True,True
2025-06-26,1.8313,1.8313,0.11,开放申购,开放赎回,770.6730681859215,True,True,True
2025-06-27,1.8123,1.8123,-1.04,开放申购,开放赎回,757.2850163709109,True,True,True
2025-06-30,1.8095,1.8095,-0.15,开放申购,开放赎回,755.6957409028373,True,True,True
2025-07-01,1.8288,1.8288,1.07,开放申购,开放赎回,769.9778834009296,True,True,True
2025-07-02,1.8301,1.8301,0.07,开放申购,开放赎回,769.0035488120333,True,True,True
2025-07-03,1.8425,1.8425,0.68,开放申购,开放赎回,771.6955429647288,True,True,True
2025-07-04,1.8327,1.8327,-0.53,开放申购,开放赎回,767.9407258452287,True,True,True
2025-07-07,1.8199,1.8199,-0.7,开放申购,开放赎回,761.5598403108637,True,True,True
2025-07-08,1.8313,1.8313,0.63,开放申购,开放赎回,766.3178642076313,True,True,True
2025-07-09,1.8103,1.8103,-1.15,开放申购,开放赎回,758.3657998775748,True,True,True
2025-07-10,1.8243,1.8243,0.77,开放申购,开放赎回,767.7932143279133,True,True,True
2025-07-11,1.826,1.826,0.09,开放申购,开放赎回,769.5439138240764,True,True,True
2025-07-14,1.8415,1.8415,0.85,开放申购,开放赎回,775.1629345857874,True,True,True
2025-07-15,1.8398,1.8398,-0.09,开放申购,开放赎回,774.110754231089,True,True,True
2025-07-16,1.8317,1.8317,-0.44,开放申购,开放赎回,770.1127138144609,True,True,True
2025-07-17,1.8308,1.8308,-0.05,开放申购,开放赎回,768.3829299177414,True,True,True
2025-07-18,1.8321,1.8321,0.07,开放申购,开放赎回,774.0360629462346,True,True,True
2025-07-21,1.8434,1.8434,0.62,开放申购,开放赎回,775.9818723437944,True,True,True
2025-07-22,1.8513,1.8513,0.43,开放申购,开放赎回,781.0500630549811,True,True,True
2025-07-23,1.8692,1.8692,0.97,开放申购,开放赎回,791.1953370343853,True,True,True
2025-07-24,1.8376,1.8376,-1.69,开放申购,开放赎回,773.7725846566922,True,True,True
2025-07-25,1.8332,1.8332,-0.24,开放申购,开放赎回,769.6857660649558,True,True,True
2025-07-28,1.8281,1.8281,-0.28,开放申购,开放赎回,767.7538469724602,True,True,True
2025-07-29,1.8203,1.8203,-0.43,开放申购,开放赎回,767.3156845798359,True,True,True
2025-07-30,1.8248,1.8248,0.25,开放申购,开放赎回,768.7118918852268,True,True,True
2025-07-31,1.8174,1.8174,-0.41,开放申购,开放赎回,762.9667989573096,True,True,True
2025-08-01,1.8184,1.8184,0.06,开放申购,开放赎回,762.7423583225839,True,True,True
2025-08-04,1.842,1.842,1.3,开放申购,开放赎回,778.8236843752255,True,True,True
2025-08-05,1.8463,1.8463,0.23,开放申购,开放赎回,776.1643036058122,True,True,True
2025-08-06,1.8489,1.8489,0.14,开放申购,开放赎回,776.6212071262197,True,True,True
2025-08-07,1.8518,1.8518,0.16,开放申购,开放赎回,779.6161565857309,True,True,True
2025-08-08,1.8579,1.8579,0.33,开放申购,开放赎回,784.3038271044154,True,True,True
2025-08-11,1.8401,1.8401,-0.96,开放申购,开放赎回,775.2997208793787,True,True,True
2025-08-12,1.8316,1.8316,-0.46,开放申购,开放赎回,773.5850433280157,True,True,True
2025-08-13,1.8345,1.8345,0.16,开放申购,开放赎回,776.0452953619096,True,True,True
2025-08-14,1.8378,1.8378,0.18,开放申购,开放赎回,774.2534256004316,True,True,True
2025-08-15,1.8309,1.8309,-0.38,开放申购,开放赎回,771.9638972790796,True,True,True
2025-08-18,1.8346,1.8346,0.2,开放申购,开放赎回,773.1471400635843,True,True,True
2025-08-19,1.8291,1.8291,-0.3,开放申购,开放赎回,771.0223548850422,True,True,True
2025-08-20,1.8234,1.8234,-0.31,开放申购,开放赎回,768.2734959145047,True,True,True
2025-08-21,1.829,1.829,0.31,开放申购,开放赎回,770.4825435079742,True,True,True
2025-08-22,1.826,1.826,-0.16,开放申购,开放赎回,768.3250293015354,True,True,True
2025-08-25,1.8383,1.8383,0.67,开放申购,开放赎回,768.3250293015354,False,True,True
2025-08-26,1.8429,1.8429,0.25,开放申购,开放赎回,775.4634034096007,True,True,True
2025-08-27,1.8441,1.8441,0.07,开放申购,开放赎回,777.6413160437414,True,True,True
2025-08-28,1.8487,1.8487,0.25,开放申购,开放赎回,781.4181286390268,True,True,True
2025-08-29,1.8529,1.8529,0.23,开放申购,开放赎回,783.6373805016361,True,True,True
2025-09-01,1.8828,1.8828,1.61,开放申购,开放赎回,795.2143841108078,True,True,True
2025-09-02,1.8955,1.8955,0.67,开放申购,开放赎回,797.323462850954,True,True,True
2025-09-03,1.9205,1.9205,1.32,开放申购,开放赎回,811.8040644293746,True,True,True
2025-09-04,1.9173,1.9173,-0.17,开放申购,开放赎回,812.6624524442024,True,True,True
2025-09-05,1.9239,1.9239,0.34,开放申购,开放赎回,814.7633046782682,True,True,True
2025-09-08,1.9414,1.9414,0.91,开放申购,开放赎回,827.9425491681175,True,True,True
2025-09-09,1.9684,1.9684,1.39,开放申购,开放赎回,837.5647432228536,True,True,True
2025-09-10,1.9658,1.9658,-0.13,开放申购,开放赎回,834.815042990964,True,True,True
2025-09-11,1.9613,1.9613,-0.23,开放申购,开放赎回,828.2783402502891,True,True,True
2025-09-12,1.9683,1.9683,0.36,开放申购,开放赎回,834.2816451056697,True,True,True
2025-09-15,1.9628,1.9628,-0.28,开放申购,开放赎回,833.32368672764,True,True,True
2025-09-16,1.9851,1.9851,1.14,开放申购,开放赎回,845.7480791956599,True,True,True
2025-09-17,1.9725,1.9725,-0.63,开放申购,开放赎回,839.3589028852103,True,True,True
2025-09-18,1.9494,1.9494,-1.17,开放申购,开放赎回,838.7009143759217,True,True,True
2025-09-19,1.9559,1.9559,0.33,开放申购,开放赎回,836.4955669931148,True,True,True
2025-09-22,1.9905,1.9905,1.77,开放申购,开放赎回,850.9941984152244,True,True,True
2025-09-23,2.0128,2.0128,1.12,开放申购,开放赎回,866.4843863205813,True,True,True
2025-09-24,2.0255,2.0255,0.63,开放申购,开放赎回,861.5391860877435,True,True,True
2025-09-25,2.0148,2.0148,-0.53,开放申购,开放赎回,860.3616855730266,True,True,True
2025-09-26,2.0187,2.0187,0.19,开放申购,开放赎回,859.8020418586357,True,True,True
2025-09-29,2.041,2.041,1.1,开放申购,开放赎回,874.3812482661898,True,True,True
2025-09-30,2.0646,2.0646,1.16,开放申购,开放赎回,871.2965543110394,True,True,True
2025-10-09,2.1555,2.1555,4.4,开放申购,开放赎回,924.7523106559461,True,True,True
2025-10-10,2.1277,2.1277,-1.29,开放申购,开放赎回,916.1709408566909,True,True,True
2025-10-13,2.1857,2.1857,2.73,开放申购,开放赎回,929.2655543822909,True,True,True
2025-10-14,2.2141,2.2141,1.3,开放申购,开放赎回,945.9064590752259,True,True,True
2025-10-15,2.2611,2.2611,2.12,开放申购,开放赎回,961.9123777880143,True,True,True
2025-10-16,2.2835,2.2835,0.99,开放申购,开放赎回,968.1269860937839,True,True,True
2025-10-17,2.3524,2.3524,3.02,开放申购,开放赎回,993.5016454130362,True,True,True
2025-10-20,2.2954,2.2954,-2.42,开放申购,开放赎回,974.3861681097746,True,True,True
2025-10-21,2.3395,2.3395,1.92,开放申购,开放赎回,978.5586135806182,True,True,True
2025-10-22,2.2456,2.2456,-4.01,开放申购,开放赎回,934.5458922749899,True,True,True
2025-10-23,2.2235,2.2235,-0.98,开放申购,开放赎回,945.1837383468771,True,True,True
2025-10-24,2.215,2.215,-0.38,开放申购,开放赎回,932.3428753334873,True,True,True
2025-10-27,2.2042,2.2042,-0.49,开放申购,开放赎回,922.5944947741036,True,True,True
2025-10-28,2.1267,2.1267,-3.52,开放申购,开放赎回,893.8648221981052,True,True,True
2025-10-29,2.1464,2.1464,0.93,开放申购,开放赎回,918.5185796925928,True,True,True
2025-10-30,2.148,2.148,0.07,开放申购,开放赎回,909.8485577907659,True,True,True
2025-10-31,2.1748,2.1748,1.25,开放申购,开放赎回,917.3588209858591,True,True,True
2025-11-03,2.1725,2.1725,-0.11,开放申购,开放赎回,913.9160289619562,True,True,True
2025-11-04,2.1595,2.1595,-0.6,开放申购,开放赎回,920.6316898073503,True,True,True
2025-11-05,2.1516,2.1516,-0.37,开放申购,开放赎回,908.8156482921781,True,True,True
2025-11-06,2.1656,2.1656,0.65,开放申购,开放赎回,917.4100276073107,True,True,True
2025-11-07,2.1725,2.1725,0.32,开放申购,开放赎回,916.9379612878851,True,True,True
2025-11-10,2.2059,2.2059,1.54,开放申购,开放赎回,933.2333843219549,True,True,True
2025-11-11,2.2369,2.2369,1.41,开放申购,开放赎回,947.0357117480626,True,True,True
2025-11-12,2.2297,2.2297,-0.32,开放申购,开放赎回,943.0530117155754,True,True,True
2025-11-13,2.2641,2.2641,1.54,开放申购,开放赎回,969.1923418138541,True,True,True
2025-11-14,2.2477,2.2477,-0.72,开放申购,开放赎回,951.4838017201616,True,True,True
2025-11-17,2.1941,2.1941,-2.38,开放申购,开放赎回,931.9682392723672,True,True,True
2025-11-18,2.1691,2.1691,-1.14,开放申购,开放赎回,923.4261291106739,True,True,True
2025-11-19,2.211,2.211,1.93,开放申购,开放赎回,939.3305248954582,True,True,True
2025-11-20,2.2002,2.2002,-0.49,开放申购,开放赎回,928.3391249349967,True,True,True
2025-11-21,2.1817,2.1817,-0.84,开放申购,开放赎回,921.8836769332702,True,True,True
2025-11-24,2.189,2.189,0.33,开放申购,开放赎回,929.4553426867351,True,True,True
2025-11-25,2.2262,2.2262,1.7,开放申购,开放赎回,943.0827186237016,True,True,True
2025-11-26,2.2263,2.2263,0.0,开放申购,开放赎回,946.6088721403416,True,True,True
2025-11-27,2.2265,2.2265,0.01,开放申购,开放赎回,945.0028094330909,True,True,True
2025-11-28,2.2403,2.2403,0.62,开放申购,开放赎回,946.2312675869038,True,True,True
2025-12-01,2.2628,2.2628,1.0,开放申购,开放赎回,967.6790434024826,True,True,True
2025-12-02,2.2534,2.2534,-0.42,开放申购,开放赎回,951.6625836624443,True,True,True
2025-12-03,2.2481,2.2481,-0.24,开放申购,开放赎回,954.8888669941965,True,True,True
2025-12-04,2.2414,2.2414,-0.3,开放申购,开放赎回,953.7065150841604,True,True,True
2025-12-05,2.2574,2.2574,0.71,开放申购,开放赎回,960.3411239647874,True,True,True
2025-12-08,2.2519,2.2519,-0.24,开放申购,开放赎回,955.5735351951599,True,True,True
2025-12-09,2.2372,2.2372,-0.65,开放申购,开放赎回,955.9219041083528,True,True,True
2025-12-10,2.2472,2.2472,0.45,开放申购,开放赎回,951.8265873226908,True,True,True
2025-12-11,2.2509,2.2509,0.16,开放申购,开放赎回,956.9514668050294,True,True,True
2025-12-12,2.2788,2.2788,1.24,开放申购,开放赎回,980.1669131208647,True,True,True
2025-12-15,2.3088,2.3088,1.32,开放申购,开放赎回,983.7075374736729,True,True,True
2025-12-16,2.2831,2.2831,-1.11,开放申购,开放赎回,968.8541782690099,True,True,True
2025-12-17,2.2998,2.2998,0.73,开放申购,开放赎回,976.8643856077395,True,True,True
2025-12-18,2.3019,2.3019,0.09,开放申购,开放赎回,978.5732299922353,True,True,True
2025-12-19,2.3013,2.3013,-0.03,开放申购,开放赎回,979.5726915280612,True,True,True
2025-12-22,2.3443,2.3443,1.87,开放申购,开放赎回,997.4097334738937,True,True,True
2025-12-23,2.3777,2.3777,1.42,开放申购,开放赎回,1014.5572760422982,True,True,True
2025-12-24,2.3816,2.3816,0.16,开放申购,开放赎回,1012.4611488136704,True,True,True
2025-12-25,2.3671,2.3671,-0.61,开放申购,开放赎回,1012.4611488136704,False,True,True
2025-12-26,2.3839,2.3839,0.71,开放申购,开放赎回,1012.4611488136704,False,True,True
2025-12-29,2.3657,2.3657,-0.76,开放申购,开放赎回,1007.2528758534501,True,True,True
2025-12-30,2.3166,2.3166,-2.08,开放申购,开放赎回,988.6589531635799,True,True,True
2025-12-31,2.2994,2.2994,-0.74,开放申购,开放赎回,988.6589531635799,False,True,True
2026-01-05,2.3434,2.3434,1.91,开放申购,开放赎回,997.5183066323793,True,True,True
2026-01-06,2.3666,2.3666,0.99,开放申购,开放赎回,1000.3967346284049,True,True,True
2026-01-07,2.3544,2.3544,-0.52,开放申购,开放赎回,1001.2649415897638,True,True,True
2026-01-08,2.3509,2.3509,-0.15,开放申购,开放赎回,996.9685356084848,True,True,True
2026-01-09,2.3684,2.3684,0.74,开放申购,开放赎回,1003.8950120539668,True,True,True
2026-01-12,2.4138,2.4138,1.92,开放申购,开放赎回,1029.1229108993252,True,True,True
2026-01-13,2.4186,2.4186,0.2,开放申购,开放赎回,1027.4196590660547,True,True,True
2026-01-14,2.4474,2.4474,1.19,开放申购,开放赎回,1039.3293820858341,True,True,True
2026-01-15,2.4367,2.4367,-0.44,开放申购,开放赎回,1033.7494015675238,True,True,True
2026-01-16,2.436,2.436,-0.03,开放申购,开放赎回,1031.8493998420313,True,True,True
2026-01-19,2.4683,2.4683,1.33,开放申购,开放赎回,1045.0869732348997,True,True,True
2026-01-20,2.4876,2.4876,0.78,开放申购,开放赎回,1058.3047207822171,True,True,True
2026-01-21,2.565,2.565,3.11,开放申购,开放赎回,1087.670477093332,True,True,True
2026-01-22,2.5534,2.5534,-0.45,开放申购,开放赎回,1080.3834526658773,True,True,True
2026-01-23,2.6161,2.6161,2.46,开放申购,开放赎回,1104.3274119540026,True,True,True
2026-01-26,2.6885,2.6885,2.77,开放申购,开放赎回,1141.8429802197052,True,True,True
2026-01-27,2.6934,2.6934,0.18,开放申购,开放赎回,1137.6112125303,True,True,True
2026-01-28,2.7771,2.7771,3.11,开放申购,开放赎回,1180.0758282728984,True,True,True
2026-01-29,2.9311,2.9311,5.55,开放申购,开放赎回,1230.138160674714,True,True,True
2026-01-30,2.7363,2.7363,-6.65,开放申购,开放赎回,1131.0906042572594,True,True,True
2026-02-02,2.3924,2.3924,-12.57,开放申购,开放赎回,1047.1036456901854,True,True,True
2026-02-03,2.5756,2.5756,7.66,开放申购,开放赎回,1099.5925105550073,True,True,True
2026-02-04,2.6879,2.6879,4.36,开放申购,开放赎回,1126.804092146565,True,True,True
2026-02-05,2.6081,2.6081,-2.97,开放申购,开放赎回,1083.833080447246,True,True,True
2026-02-06,2.5688,2.5688,-1.51,开放申购,开放赎回,1086.3023339526205,True,True,True
2026-02-09,2.6574,2.6574,3.45,开放申购,开放赎回,1113.7648216719813,True,True,True
2026-02-10,2.6453,2.6453,-0.46,开放申购,开放赎回,1123.4084786747949,True,True,True
2026-02-11,2.6624,2.6624,0.65,开放申购,开放赎回,1126.5240971390265,True,True,True
2026-02-12,2.6575,2.6575,-0.18,开放申购,开放赎回,1125.2669715088202,True,True,True
2026-02-13,2.6138,2.6138,-1.64,开放申购,开放赎回,1102.406277575899,True,True,True
2026-02-24,2.7107,2.7107,3.71,开放申购,开放赎回,1147.6325682207016,True,True,True
2026-02-25,2.7119,2.7119,0.04,开放申购,开放赎回,1144.4917500241156,True,True,True
2026-02-26,2.7027,2.7027,-0.34,开放申购,开放赎回,1142.8431013331058,True,True,True
2026-02-27,2.7063,2.7063,0.13,开放申购,开放赎回,1137.991763089028,True,True,True
2026-03-02,2.8178,2.8178,4.12,开放申购,开放赎回,1188.5220440710914,True,True,True
2026-03-03,2.7916,2.7916,-0.93,开放申购,开放赎回,1165.5167450362208,True,True,True
2026-03-04,2.7215,2.7215,-2.51,开放申购,开放赎回,1149.9028219329948,True,True,True
2026-03-05,2.7158,2.7158,-0.21,开放申购,开放赎回,1142.8115619736818,True,True,True
2026-03-06,2.6953,2.6953,-0.75,开放申购,开放赎回,1128.1764781822167,True,True,True
2026-03-09,2.6906,2.6906,-0.17,开放申购,开放赎回,1129.6024834944114,True,True,True
2026-03-10,2.7134,2.7134,0.85,开放申购,开放赎回,1149.619623408592,True,True,True
2026-03-11,2.7188,2.7188,0.2,开放申购,开放赎回,1146.0141996830207,True,True,True
2026-03-12,2.7097,2.7097,-0.33,开放申购,开放赎回,1143.7505255565195,True,True,True
2026-03-13,2.6766,2.6766,-1.22,开放申购,开放赎回,1122.4979022746331,True,True,True
2026-03-16,2.6418,2.6418,-1.3,开放申购,开放赎回,1105.669360753675,True,True,True
2026-03-17,2.6362,2.6362,-0.21,开放申购,开放赎回,1119.4308124795064,True,True,True
2026-03-18,2.6301,2.6301,-0.23,开放申购,开放赎回,1103.2899996703472,True,True,True
2026-03-19,2.5136,2.5136,-4.43,开放申购,开放赎回,1034.7188992708138,True,True,True
2026-03-20,2.457,2.457,-2.25,开放申购,开放赎回,1031.6820607130717,True,True,True
2026-03-23,2.2285,2.2285,-9.3,开放申购,开放赎回,943.8664168192872,True,True,True
2026-03-24,2.3122,2.3122,3.76,开放申购,开放赎回,977.5586408320819,True,True,True
2026-03-25,2.3986,2.3986,3.74,开放申购,开放赎回,1009.4471984021704,True,True,True
2026-03-26,2.35,2.35,-2.03,开放申购,开放赎回,985.7342669063809,True,True,True
2026-03-27,2.3547,2.3547,0.2,开放申购,开放赎回,984.2424981100411,True,True,True
2026-03-30,2.3915,2.3915,1.56,开放申购,开放赎回,1006.1920438195175,True,True,True
2026-03-31,2.4061,2.4061,0.61,开放申购,开放赎回,1011.9473632031207,True,True,True
2026-04-01,2.478,2.478,2.99,开放申购,开放赎回,1046.138836267712,True,True,True
2026-04-02,2.4182,2.4182,-2.41,开放申购,开放赎回,1021.7677250424123,True,True,True
2026-04-03,2.4411,2.4411,0.95,开放申购,开放赎回,1021.7677250424123,False,True,True
2026-04-07,2.4385,2.4385,-0.11,开放申购,开放赎回,1036.1018316128318,True,True,True
2026-04-08,2.5033,2.5033,2.66,开放申购,开放赎回,1057.7206328301536,True,True,True
2026-04-09,2.4568,2.4568,-1.86,开放申购,开放赎回,1038.252548193782,True,True,True
2026-04-10,2.4731,2.4731,0.66,开放申购,开放赎回,1042.9019883316716,True,True,True
2026-04-13,2.463,2.463,-0.41,开放申购,开放赎回,1035.4155871337773,True,True,True
2026-04-14,2.4831,2.4831,0.82,开放申购,开放赎回,1047.89463149789,True,True,True
2026-04-15,2.4958,2.4958,0.51,开放申购,开放赎回,1051.417866407448,True,True,True
2026-04-16,2.5028,2.5028,0.28,开放申购,开放赎回,1055.016856793393,True,True,True
2026-04-17,2.4857,2.4857,-0.68,开放申购,开放赎回,1051.7465224966265,True,True,True
2026-04-20,2.4887,2.4887,0.12,开放申购,开放赎回,1049.1965412686354,True,True,True
2026-04-21,2.4814,2.4814,-0.29,开放申购,开放赎回,1048.337540124332,True,True,True
2026-04-22,2.4793,2.4793,-0.08,开放申购,开放赎回,1042.9942385066124,True,True,True
2026-04-23,2.4559,2.4559,-0.94,开放申购,开放赎回,1031.3921722373786,True,True,True
2026-04-24,2.4377,2.4377,-0.74,开放申购,开放赎回,1027.0336015847956,True,True,True
2026-04-27,2.4533,2.4533,0.64,开放申购,开放赎回,1033.314276945751,True,True,True
2026-04-28,2.4167,2.4167,-1.49,开放申购,开放赎回,1011.4054463263132,True,True,True
2026-04-29,2.3898,2.3898,-1.11,开放申购,开放赎回,1003.5785464150582,True,True,True
2026-04-30,2.395,2.395,0.22,开放申购,开放赎回,1016.8930034584001,True,True,True
2026-05-06,2.4257,2.4257,1.28,开放申购,开放赎回,1031.932520471536,True,True,True
2026-05-07,2.4549,2.4549,1.2,开放申购,开放赎回,1036.6781579859307,True,True,True
2026-05-08,2.4493,2.4493,-0.23,开放申购,开放赎回,1029.9580080909834,True,True,True
2026-05-11,2.4245,2.4245,-1.01,开放申购,开放赎回,1017.0421023355818,True,True,True
2026-05-12,2.4332,2.4332,0.36,开放申购,开放赎回,1026.4571484270505,True,True,True
2026-05-13,2.433,2.433,-0.01,开放申购,开放赎回,1023.4355903848808,True,True,True
2026-05-14,2.4286,2.4286,-0.18,开放申购,开放赎回,1023.4355903848808,False,True,True
2026-05-15,2.3724,2.3724,-2.31,开放申购,开放赎回,993.2952257148801,True,True,True
2026-05-18,2.3602,2.3602,-0.51,开放申购,开放赎回,994.2071819206238,True,True,True
2026-05-19,2.3596,2.3596,-0.03,开放申购,开放赎回,992.7765009899798,True,True,True
2026-05-20,2.3258,2.3258,-1.43,开放申购,开放赎回,980.2800149149951,True,True,True
2026-05-21,2.3469,2.3469,0.91,开放申购,开放赎回,992.1279433680886,True,True,True
2026-05-22,2.3458,2.3458,-0.05,开放申购,开放赎回,987.4769600218979,True,True,True
2026-05-25,2.3584,2.3584,0.54,开放申购,开放赎回,987.4769600218979,False,True,True
2026-05-26,2.3452,2.3452,-0.56,开放申购,开放赎回,986.6979487128042,True,True,True
2026-05-27,2.32,2.32,-1.07,开放申购,开放赎回,979.0492196686664,True,True,True
2026-05-28,2.2675,2.2675,-2.26,开放申购,开放赎回,957.1859750068376,True,True,True
2026-05-29,2.3294,2.3294,2.73,开放申购,开放赎回,986.4595638880066,True,True,True
2026-06-01,2.3202,2.3202,-0.39,开放申购,开放赎回,976.8343574576744,True,True,True
2026-06-02,2.3318,2.3318,0.5,开放申购,开放赎回,983.9255782494239,True,True,True
2026-06-03,2.3046,2.3046,-1.17,开放申购,开放赎回,965.5711612035485,True,True,True
2026-06-04,2.304,2.304,-0.03,开放申购,开放赎回,971.7286288106924,True,True,True
2026-06-05,2.2953,2.2953,-0.38,开放申购,开放赎回,971.9430368238326,True,True,True
2026-06-08,2.2228,2.2228,-3.16,开放申购,开放赎回,931.0984678704948,True,True,True
2026-06-09,2.2353,2.2353,0.56,开放申购,开放赎回,941.1368256456251,True,True,True
2026-06-10,2.1684,2.1684,-2.99,开放申购,开放赎回,907.1958205950643,True,True,True
2026-06-11,2.1113,2.1113,-2.63,开放申购,开放赎回,888.3503428990912,True,True,True
2026-06-12,2.1479,2.1479,1.73,开放申购,开放赎回,920.0361643417764,True,True,True
2026-06-15,2.2123,2.2123,3.0,开放申购,开放赎回,943.5556865620963,True,True,True
2026-06-16,2.2227,2.2227,0.47,开放申购,开放赎回,943.5497567092887,True,True,True
2026-06-17,2.2226,2.2226,0.0,开放申购,开放赎回,941.0901548721322,True,True,True
2026-06-18,2.2121,2.2121,-0.47,开放申购,开放赎回,926.5453331750073,True,True,True
2026-06-22,2.1639,2.1639,-2.18,开放申购,开放赎回,915.6718002479262,True,True,True
2026-06-23,2.1223,2.1223,-1.92,开放申购,开放赎回,895.7784563721477,True,True,True
2026-06-24,2.1145,2.1145,-0.37,开放申购,开放赎回,888.39728505075,True,True,True
2026-06-25,2.0579,2.0579,-2.68,开放申购,开放赎回,872.0136022742614,True,True,True
2026-06-26,2.081,2.081,1.12,开放申购,开放赎回,883.6819279825,True,True,True
2026-06-29,2.0964,2.0964,0.74,开放申购,开放赎回,883.6084115643558,True,True,True
2026-06-30,2.0759,2.0759,-0.98,开放申购,开放赎回,877.3248607038645,True,True,True
2026-07-01,2.0506,2.0506,-1.22,开放申购,开放赎回,868.9921638542487,True,True,True
2026-07-02,2.0998,2.0998,2.4,开放申购,开放赎回,887.7781602391585,True,True,True
2026-07-03,2.1497,2.1497,2.38,开放申购,开放赎回,910.4110064100207,True,True,True
2026-07-06,2.1432,2.1432,-0.3,开放申购,开放赎回,903.0556930348891,True,True,True
2026-07-07,2.1332,2.1332,-0.47,开放申购,开放赎回,901.0857407469838,True,True,True
2026-07-08,2.1297,2.1297,-0.16,开放申购,开放赎回,885.7515759357773,True,True,True
2026-07-09,2.1197,2.1197,-0.47,开放申购,开放赎回,898.2342027104461,True,True,True
2026-07-10,2.1205,2.1205,0.04,开放申购,开放赎回,895.8018618020454,True,True,True
2026-07-13,2.0917,2.0917,-1.36,开放申购,开放赎回,886.9490531651744,True,True,True
2026-07-14,2.0767,2.0767,-0.72,开放申购,开放赎回,875.3296056162727,True,True,True
2026-07-15,2.0777,2.0777,0.05,开放申购,开放赎回,876.5952307680406,True,True,True
2026-07-16,2.0753,2.0753,-0.12,开放申购,开放赎回,877.1455244566562,True,True,True
2026-07-17,2.0612,2.0612,-0.68,开放申购,开放赎回,870.7024403311117,True,True,True
2026-07-20,2.0637,2.0637,0.12,开放申购,开放赎回,874.1862952489115,True,True,True
2026-07-21,2.0989,2.0989,1.71,开放申购,开放赎回,884.7249563752557,True,True,True
2026-07-22,2.1209,2.1209,1.05,开放申购,开放赎回,895.8850311593202,True,True,True
2026-07-23,2.1192,2.1192,-0.08,开放申购,开放赎回,890.5821874558067,True,True,True
2026-07-24,2.0817,2.0817,-1.77,开放申购,开放赎回,882.2535967929415,True,True,True
2026-07-27,2.1097,2.1097,1.35,开放申购,开放赎回,890.7078564460719,True,True,True
2026-07-28,2.0849,2.0849,-1.18,开放申购,开放赎回,878.2897974475576,True,True,True
2026-07-29,2.0816,2.0816,-0.16,开放申购,开放赎回,877.6498976762622,True,True,True
2026-07-30,2.0773,2.0773,-0.21,开放申购,开放赎回,883.5190689975074,True,True,True
2026-07-31,2.0918,2.0918,0.7,开放申购,开放赎回,880.0498940921449,True,True,True
2026-08-03,2.0882,2.0882,-0.17,开放申购,开放赎回,878.094044533376,True,True,True
2026-08-04,2.0875,2.0875,-0.03,开放申购,开放赎回,879.0468174255125,True,True,True
2026-08-05,2.1398,2.1398,2.51,开放申购,开放赎回,902.4501841269879,True,True,True
2026-08-06,2.1809,2.1809,1.92,开放申购,开放赎回,929.0325050486327,True,True,True
2026-08-07,2.2014,2.2014,0.94,开放申购,开放赎回,933.410904834429,True,True,True
2026-08-10,2.2309,2.2309,1.34,开放申购,开放赎回,941.6017717408592,True,True,True
2026-08-11,2.237,2.237,0.27,开放申购,开放赎回,948.4785776766236,True,True,True
2026-08-12,2.2563,2.2563,0.86,开放申购,开放赎回,957.0323499959767,True,True,True
2026-08-13,2.2442,2.2442,-0.54,开放申购,开放赎回,949.6908819710173,True,True,True
2026-08-14,2.2192,2.2192,-1.11,开放申购,开放赎回,942.9976891034088,True,True,True
2026-08-17,2.2493,2.2493,1.36,开放申购,开放赎回,952.4712399928131,True,True,True
2026-08-18,2.2518,2.2518,0.11,开放申购,开放赎回,951.0106155466043,True,True,True
2026-08-19,2.2269,2.2269,-1.11,开放申购,开放赎回,944.2378414046254,True,True,True
2026-08-20,2.2885,2.2885,2.77,开放申购,开放赎回,970.9301494647023,True,True,True
2026-08-21,2.3227,2.3227,1.49,开放申购,开放赎回,990.312381278543,True,True,True
2026-08-24,2.369,2.369,1.99,开放申购,开放赎回,1001.3819130850854,True,True,True
2026-08-25,2.3653,2.3653,-0.16,开放申购,开放赎回,999.6682001632809,True,True,True
2026-08-26,2.36,2.36,-0.22,开放申购,开放赎回,998.4363943559382,True,True,True
2026-08-27,2.3445,2.3445,-0.66,开放申购,开放赎回,993.1221153342661,True,True,True
2026-08-28,2.3474,2.3474,0.12,开放申购,开放赎回,994.6458557260238,True,True,True
2026-08-31,2.267,2.267,-3.43,开放申购,开放赎回,994.6458557260238,False,True,True
2026-09-01,2.2617,2.2617,-0.23,开放申购,开放赎回,944.3999767566688,True,True,True
2026-09-02,2.2075,2.2075,-2.4,开放申购,开放赎回,930.9353482395721,True,True,True
2026-09-03,2.2563,2.2563,2.21,开放申购,开放赎回,957.8905063452081,True,True,True
2026-09-04,2.2737,2.2737,0.77,开放申购,开放赎回,964.8031739221482,True,True,True
2026-09-07,2.2395,2.2395,-1.5,开放申购,开放赎回,948.5541931179126,True,True,True
